[vo/wlshm/wayland] K230_PRESENT_CLOCK clock_id=1
VO: [wlshm] 640x360 yuv420p
[vo/wlshm] K230_SUBMIT serial=1 frame=23 pts=0.000000000 mono_ns=6193298366273
[vo/wlshm] K230_SUBMIT serial=2 frame=24 pts=0.033333333 mono_ns=6193665654394
[vo/wlshm] K230_PRESENT serial=1 frame=23 pts=0.000000000 submit_mono_ns=6193298366273 presented_ns=6193720853000 receive_mono_ns=6193746771671 refresh_ns=19160758 sequence=165173 flags=7
[vo/wlshm] K230_PRESENT serial=2 frame=24 pts=0.033333333 submit_mono_ns=6193665654394 presented_ns=6193759174000 receive_mono_ns=6193759837675 refresh_ns=19160758 sequence=165175 flags=7
[vo/wlshm] K230_SUBMIT serial=3 frame=24 pts=0.033333333 mono_ns=6193912510931
[vo/wlshm] K230_PRESENT serial=3 frame=24 pts=0.033333333 submit_mono_ns=6193912510931 presented_ns=6193931619000 receive_mono_ns=6193932049921 refresh_ns=19160758 sequence=165184 flags=7
[vo/wlshm] K230_SUBMIT serial=4 frame=36 pts=45.000000000 mono_ns=6201008444690
[vo/wlshm] K230_PRESENT serial=4 frame=36 pts=45.000000000 submit_mono_ns=6201008444690 presented_ns=6201021057000 receive_mono_ns=6201021802089 refresh_ns=19160758 sequence=165449 flags=7
[vo/wlshm] K230_SUBMIT serial=5 frame=37 pts=45.033333333 mono_ns=6201060172341
[vo/wlshm] K230_SUBMIT serial=6 frame=38 pts=45.066666667 mono_ns=6201089770754
[vo/wlshm] K230_PRESENT serial=5 frame=37 pts=45.033333333 submit_mono_ns=6201060172341 presented_ns=6201078539000 receive_mono_ns=6201090000673 refresh_ns=19160758 sequence=165452 flags=7
[vo/wlshm] K230_SUBMIT serial=7 frame=39 pts=45.100000000 mono_ns=6201124158610
[vo/wlshm] K230_PRESENT serial=6 frame=38 pts=45.066666667 submit_mono_ns=6201089770754 presented_ns=6201097698000 receive_mono_ns=6201127747424 refresh_ns=19160758 sequence=165453 flags=7
[vo/wlshm] K230_PRESENT serial=7 frame=39 pts=45.100000000 submit_mono_ns=6201124158610 presented_ns=6201136070000 receive_mono_ns=6201136582112 refresh_ns=19160758 sequence=165455 flags=7
[vo/wlshm] K230_SUBMIT serial=8 frame=40 pts=45.133333333 mono_ns=6201160139490
[vo/wlshm] K230_SUBMIT serial=9 frame=41 pts=45.166666667 mono_ns=6201191869318
[vo/wlshm] K230_PRESENT serial=8 frame=40 pts=45.133333333 submit_mono_ns=6201160139490 presented_ns=6201174341000 receive_mono_ns=6201196451990 refresh_ns=19160758 sequence=165457 flags=7
[vo/wlshm] K230_SUBMIT serial=10 frame=42 pts=45.200000000 mono_ns=6201224115092
[vo/wlshm] K230_PRESENT serial=9 frame=41 pts=45.166666667 submit_mono_ns=6201191869318 presented_ns=6201212663000 receive_mono_ns=6201227726906 refresh_ns=19160758 sequence=165459 flags=7
[vo/wlshm] K230_SUBMIT serial=11 frame=43 pts=45.233333333 mono_ns=6201256452308
[vo/wlshm] K230_PRESENT serial=10 frame=42 pts=45.200000000 submit_mono_ns=6201224115092 presented_ns=6201250984000 receive_mono_ns=6201260112639 refresh_ns=19160758 sequence=165461 flags=7
[vo/wlshm] K230_SUBMIT serial=12 frame=44 pts=45.266666667 mono_ns=6201291627140
[vo/wlshm] K230_PRESENT serial=11 frame=43 pts=45.233333333 submit_mono_ns=6201256452308 presented_ns=6201270144000 receive_mono_ns=6201295235805 refresh_ns=19160758 sequence=165462 flags=7
[vo/wlshm] K230_SUBMIT serial=13 frame=45 pts=45.300000000 mono_ns=6201323101457
[vo/wlshm] K230_PRESENT serial=12 frame=44 pts=45.266666667 submit_mono_ns=6201291627140 presented_ns=6201308464000 receive_mono_ns=6201326749232 refresh_ns=19160758 sequence=165464 flags=7
[vo/wlshm] K230_SUBMIT serial=14 frame=46 pts=45.333333333 mono_ns=6201357609161
[vo/wlshm] K230_PRESENT serial=13 frame=45 pts=45.300000000 submit_mono_ns=6201323101457 presented_ns=6201327627000 receive_mono_ns=6201359511287 refresh_ns=19160758 sequence=165465 flags=7
[vo/wlshm] K230_PRESENT serial=14 frame=46 pts=45.333333333 submit_mono_ns=6201357609161 presented_ns=6201365947000 receive_mono_ns=6201368589115 refresh_ns=19160758 sequence=165467 flags=7
[vo/wlshm] K230_SUBMIT serial=15 frame=47 pts=45.366666667 mono_ns=6201389743012
[vo/wlshm] K230_SUBMIT serial=16 frame=48 pts=45.400000000 mono_ns=6201427508208
[vo/wlshm] K230_PRESENT serial=15 frame=47 pts=45.366666667 submit_mono_ns=6201389743012 presented_ns=6201404282000 receive_mono_ns=6201437589376 refresh_ns=19160758 sequence=165469 flags=7
[vo/wlshm] K230_SUBMIT serial=17 frame=49 pts=45.433333333 mono_ns=6201475709449
[vo/wlshm] K230_PRESENT serial=16 frame=48 pts=45.400000000 submit_mono_ns=6201427508208 presented_ns=6201442590000 receive_mono_ns=6201491239669 refresh_ns=19160758 sequence=165471 flags=7
[vo/wlshm] K230_SUBMIT serial=18 frame=50 pts=45.466666667 mono_ns=6201537376456
[vo/wlshm] K230_PRESENT serial=17 frame=49 pts=45.433333333 submit_mono_ns=6201475709449 presented_ns=6201500076000 receive_mono_ns=6201548470999 refresh_ns=19160758 sequence=165474 flags=7
[vo/wlshm] K230_SUBMIT serial=19 frame=51 pts=45.500000000 mono_ns=6201592586886
[vo/wlshm] K230_PRESENT serial=18 frame=50 pts=45.466666667 submit_mono_ns=6201537376456 presented_ns=6201557555000 receive_mono_ns=6201596223884 refresh_ns=19160758 sequence=165477 flags=7
[vo/wlshm] K230_SUBMIT serial=20 frame=53 pts=45.566666667 mono_ns=6201623801063
[vo/wlshm] K230_PRESENT serial=19 frame=51 pts=45.500000000 submit_mono_ns=6201592586886 presented_ns=6201615037000 receive_mono_ns=6201636354931 refresh_ns=19160758 sequence=165480 flags=7
[vo/wlshm] K230_PRESENT serial=20 frame=53 pts=45.566666667 submit_mono_ns=6201623801063 presented_ns=6201634198000 receive_mono_ns=6201636472928 refresh_ns=19160758 sequence=165481 flags=7
[vo/wlshm] K230_SUBMIT serial=21 frame=54 pts=45.600000000 mono_ns=6201657139766
[vo/wlshm] K230_SUBMIT serial=22 frame=55 pts=45.633333333 mono_ns=6201684998640
[vo/wlshm] K230_PRESENT serial=21 frame=54 pts=45.600000000 submit_mono_ns=6201657139766 presented_ns=6201672518000 receive_mono_ns=6201686526259 refresh_ns=19160758 sequence=165483 flags=7
[vo/wlshm] K230_SUBMIT serial=23 frame=56 pts=45.666666667 mono_ns=6201700606043
[vo/wlshm] K230_PRESENT serial=22 frame=55 pts=45.633333333 submit_mono_ns=6201684998640 presented_ns=6201691681000 receive_mono_ns=6201704217412 refresh_ns=19160758 sequence=165484 flags=7
[vo/wlshm] K230_PRESENT serial=23 frame=56 pts=45.666666667 submit_mono_ns=6201700606043 presented_ns=6201710839000 receive_mono_ns=6201711322673 refresh_ns=19160758 sequence=165485 flags=7
[vo/wlshm] K230_SUBMIT serial=24 frame=57 pts=45.700000000 mono_ns=6201727515650
[vo/wlshm] K230_SUBMIT serial=25 frame=58 pts=45.733333333 mono_ns=6201760119599
[vo/wlshm] K230_PRESENT serial=24 frame=57 pts=45.700000000 submit_mono_ns=6201727515650 presented_ns=6201749161000 receive_mono_ns=6201763736375 refresh_ns=19160758 sequence=165487 flags=7
[vo/wlshm] K230_PRESENT serial=25 frame=58 pts=45.733333333 submit_mono_ns=6201760119599 presented_ns=6201768320000 receive_mono_ns=6201768670444 refresh_ns=19160758 sequence=165488 flags=7
[vo/wlshm] K230_SUBMIT serial=26 frame=59 pts=45.766666667 mono_ns=6201792124973
[vo/wlshm] K230_SUBMIT serial=27 frame=60 pts=45.800000000 mono_ns=6201828404400
[vo/wlshm] K230_PRESENT serial=26 frame=59 pts=45.766666667 submit_mono_ns=6201792124973 presented_ns=6201806644000 receive_mono_ns=6201831985585 refresh_ns=19160758 sequence=165490 flags=7
[vo/wlshm] K230_SUBMIT serial=28 frame=61 pts=45.833333333 mono_ns=6201857399498
[vo/wlshm] K230_PRESENT serial=27 frame=60 pts=45.800000000 submit_mono_ns=6201828404400 presented_ns=6201844963000 receive_mono_ns=6201860304444 refresh_ns=19160758 sequence=165492 flags=7
[vo/wlshm] K230_SUBMIT serial=29 frame=62 pts=45.866666667 mono_ns=6201889746899
[vo/wlshm] K230_PRESENT serial=28 frame=61 pts=45.833333333 submit_mono_ns=6201857399498 presented_ns=6201883283000 receive_mono_ns=6201892273931 refresh_ns=19160758 sequence=165494 flags=7
[vo/wlshm] K230_SUBMIT serial=30 frame=63 pts=45.900000000 mono_ns=6201924261899
[vo/wlshm] K230_PRESENT serial=29 frame=62 pts=45.866666667 submit_mono_ns=6201889746899 presented_ns=6201902451000 receive_mono_ns=6201926766265 refresh_ns=19160758 sequence=165495 flags=7
[vo/wlshm] K230_SUBMIT serial=31 frame=64 pts=45.933333333 mono_ns=6201956421787
[vo/wlshm] K230_PRESENT serial=30 frame=63 pts=45.900000000 submit_mono_ns=6201924261899 presented_ns=6201940766000 receive_mono_ns=6201960073933 refresh_ns=19160758 sequence=165497 flags=7
[vo/wlshm] K230_SUBMIT serial=32 frame=65 pts=45.966666667 mono_ns=6201990065888
[vo/wlshm] K230_PRESENT serial=31 frame=64 pts=45.933333333 submit_mono_ns=6201956421787 presented_ns=6201979087000 receive_mono_ns=6201996741829 refresh_ns=19160758 sequence=165499 flags=7
[vo/wlshm] K230_PRESENT serial=32 frame=65 pts=45.966666667 submit_mono_ns=6201990065888 presented_ns=6201998268000 receive_mono_ns=6201999585074 refresh_ns=19160758 sequence=165500 flags=7
[vo/wlshm] K230_SUBMIT serial=33 frame=66 pts=46.000000000 mono_ns=6202024199715
[vo/wlshm] K230_PRESENT serial=33 frame=66 pts=46.000000000 submit_mono_ns=6202024199715 presented_ns=6202036570000 receive_mono_ns=6202039233099 refresh_ns=19160758 sequence=165502 flags=7
[vo/wlshm] K230_SUBMIT serial=34 frame=67 pts=46.033333333 mono_ns=6202069284682
[vo/wlshm] K230_SUBMIT serial=35 frame=68 pts=46.066666667 mono_ns=6202118849990
[vo/wlshm] K230_PRESENT serial=34 frame=67 pts=46.033333333 submit_mono_ns=6202069284682 presented_ns=6202094051000 receive_mono_ns=6202120833003 refresh_ns=19160758 sequence=165505 flags=7
[vo/wlshm] K230_PRESENT serial=35 frame=68 pts=46.066666667 submit_mono_ns=6202118849990 presented_ns=6202132373000 receive_mono_ns=6202134437283 refresh_ns=19160758 sequence=165507 flags=7
[vo/wlshm] K230_SUBMIT serial=36 frame=69 pts=46.100000000 mono_ns=6202157254942
[vo/wlshm] K230_SUBMIT serial=37 frame=70 pts=46.133333333 mono_ns=6202179170778
[vo/wlshm] K230_PRESENT serial=36 frame=69 pts=46.100000000 submit_mono_ns=6202157254942 presented_ns=6202170693000 receive_mono_ns=6202188164757 refresh_ns=19160758 sequence=165509 flags=7
[vo/wlshm] K230_SUBMIT serial=38 frame=71 pts=46.166666667 mono_ns=6202203478391
[vo/wlshm] K230_PRESENT serial=37 frame=70 pts=46.133333333 submit_mono_ns=6202179170778 presented_ns=6202189855000 receive_mono_ns=6202207301124 refresh_ns=19160758 sequence=165510 flags=7
[vo/wlshm] K230_SUBMIT serial=39 frame=72 pts=46.200000000 mono_ns=6202223045078
[vo/wlshm] K230_PRESENT serial=38 frame=71 pts=46.166666667 submit_mono_ns=6202203478391 presented_ns=6202209015000 receive_mono_ns=6202224284521 refresh_ns=19160758 sequence=165511 flags=7
[vo/wlshm] K230_SUBMIT serial=40 frame=73 pts=46.233333333 mono_ns=6202256435556
[vo/wlshm] K230_PRESENT serial=39 frame=72 pts=46.200000000 submit_mono_ns=6202223045078 presented_ns=6202228183000 receive_mono_ns=6202256662623 refresh_ns=19160758 sequence=165512 flags=7
[vo/wlshm] K230_SUBMIT serial=41 frame=74 pts=46.266666667 mono_ns=6202291533389
[vo/wlshm] K230_PRESENT serial=40 frame=73 pts=46.233333333 submit_mono_ns=6202256435556 presented_ns=6202266498000 receive_mono_ns=6202295240014 refresh_ns=19160758 sequence=165514 flags=7
[vo/wlshm] K230_SUBMIT serial=42 frame=75 pts=46.300000000 mono_ns=6202324327034
[vo/wlshm] K230_PRESENT serial=41 frame=74 pts=46.266666667 submit_mono_ns=6202291533389 presented_ns=6202304819000 receive_mono_ns=6202327939440 refresh_ns=19160758 sequence=165516 flags=7
[vo/wlshm] K230_SUBMIT serial=43 frame=76 pts=46.333333333 mono_ns=6202356413405
[vo/wlshm] K230_PRESENT serial=42 frame=75 pts=46.300000000 submit_mono_ns=6202324327034 presented_ns=6202343140000 receive_mono_ns=6202360100475 refresh_ns=19160758 sequence=165518 flags=7
[vo/wlshm] K230_SUBMIT serial=44 frame=77 pts=46.366666667 mono_ns=6202391319873
[vo/wlshm] K230_PRESENT serial=43 frame=76 pts=46.333333333 submit_mono_ns=6202356413405 presented_ns=6202362304000 receive_mono_ns=6202391550051 refresh_ns=19160758 sequence=165519 flags=7
[vo/wlshm] K230_SUBMIT serial=45 frame=78 pts=46.400000000 mono_ns=6202423069662
[vo/wlshm] K230_PRESENT serial=44 frame=77 pts=46.366666667 submit_mono_ns=6202391319873 presented_ns=6202400621000 receive_mono_ns=6202424193701 refresh_ns=19160758 sequence=165521 flags=7
[vo/wlshm] K230_SUBMIT serial=46 frame=79 pts=46.433333333 mono_ns=6202456380513
[vo/wlshm] K230_PRESENT serial=45 frame=78 pts=46.400000000 submit_mono_ns=6202423069662 presented_ns=6202438942000 receive_mono_ns=6202456612802 refresh_ns=19160758 sequence=165523 flags=7
[vo/wlshm] K230_SUBMIT serial=47 frame=80 pts=46.466666667 mono_ns=6202492092437
[vo/wlshm] K230_PRESENT serial=46 frame=79 pts=46.433333333 submit_mono_ns=6202456380513 presented_ns=6202477265000 receive_mono_ns=6202492325949 refresh_ns=19160758 sequence=165525 flags=7
[vo/wlshm] K230_SUBMIT serial=48 frame=81 pts=46.500000000 mono_ns=6202523073398
[vo/wlshm] K230_PRESENT serial=47 frame=80 pts=46.466666667 submit_mono_ns=6202492092437 presented_ns=6202496425000 receive_mono_ns=6202526796208 refresh_ns=19160758 sequence=165526 flags=7
[vo/wlshm] K230_PRESENT serial=48 frame=81 pts=46.500000000 submit_mono_ns=6202523073398 presented_ns=6202534745000 receive_mono_ns=6202535189947 refresh_ns=19160758 sequence=165528 flags=7
[vo/wlshm] K230_SUBMIT serial=49 frame=82 pts=46.533333333 mono_ns=6202568099736
[vo/wlshm] K230_SUBMIT serial=50 frame=83 pts=46.566666667 mono_ns=6202630341279
[vo/wlshm] K230_PRESENT serial=49 frame=82 pts=46.533333333 submit_mono_ns=6202568099736 presented_ns=6202592228000 receive_mono_ns=6202634081681 refresh_ns=19160758 sequence=165531 flags=7
[vo/wlshm] K230_SUBMIT serial=51 frame=84 pts=46.600000000 mono_ns=6202657114889
[vo/wlshm] K230_PRESENT serial=50 frame=83 pts=46.566666667 submit_mono_ns=6202630341279 presented_ns=6202649710000 receive_mono_ns=6202660248125 refresh_ns=19160758 sequence=165534 flags=7
[vo/wlshm] K230_SUBMIT serial=52 frame=85 pts=46.633333333 mono_ns=6202689535139
[vo/wlshm] K230_PRESENT serial=51 frame=84 pts=46.600000000 submit_mono_ns=6202657114889 presented_ns=6202668872000 receive_mono_ns=6202692257869 refresh_ns=19160758 sequence=165535 flags=7
[vo/wlshm] K230_SUBMIT serial=53 frame=86 pts=46.666666667 mono_ns=6202711703152
[vo/wlshm] K230_PRESENT serial=52 frame=85 pts=46.633333333 submit_mono_ns=6202689535139 presented_ns=6202707193000 receive_mono_ns=6202716368969 refresh_ns=19160758 sequence=165537 flags=7
[vo/wlshm] K230_SUBMIT serial=54 frame=87 pts=46.700000000 mono_ns=6202732922565
[vo/wlshm] K230_PRESENT serial=53 frame=86 pts=46.666666667 submit_mono_ns=6202711703152 presented_ns=6202726352000 receive_mono_ns=6202736220092 refresh_ns=19160758 sequence=165538 flags=7
[vo/wlshm] K230_SUBMIT serial=55 frame=88 pts=46.733333333 mono_ns=6202760170383
[vo/wlshm] K230_PRESENT serial=54 frame=87 pts=46.700000000 submit_mono_ns=6202732922565 presented_ns=6202745512000 receive_mono_ns=6202763772456 refresh_ns=19160758 sequence=165539 flags=7
[vo/wlshm] K230_SUBMIT serial=56 frame=89 pts=46.766666667 mono_ns=6202796196520
[vo/wlshm] K230_PRESENT serial=55 frame=88 pts=46.733333333 submit_mono_ns=6202760170383 presented_ns=6202783836000 receive_mono_ns=6202799865998 refresh_ns=19160758 sequence=165541 flags=7
[vo/wlshm] K230_SUBMIT serial=57 frame=90 pts=46.800000000 mono_ns=6202828124562
[vo/wlshm] K230_PRESENT serial=56 frame=89 pts=46.766666667 submit_mono_ns=6202796196520 presented_ns=6202802995000 receive_mono_ns=6202831721487 refresh_ns=19160758 sequence=165542 flags=7
[vo/wlshm] K230_SUBMIT serial=58 frame=91 pts=46.833333333 mono_ns=6202860113751
[vo/wlshm] K230_PRESENT serial=57 frame=90 pts=46.800000000 submit_mono_ns=6202828124562 presented_ns=6202841316000 receive_mono_ns=6202868415418 refresh_ns=19160758 sequence=165544 flags=7
[vo/wlshm] K230_SUBMIT serial=59 frame=92 pts=46.866666667 mono_ns=6202890728575
[vo/wlshm] K230_PRESENT serial=58 frame=91 pts=46.833333333 submit_mono_ns=6202860113751 presented_ns=6202879637000 receive_mono_ns=6202894419275 refresh_ns=19160758 sequence=165546 flags=7
[vo/wlshm] K230_SUBMIT serial=60 frame=93 pts=46.900000000 mono_ns=6202923038420
[vo/wlshm] K230_PRESENT serial=59 frame=92 pts=46.866666667 submit_mono_ns=6202890728575 presented_ns=6202898798000 receive_mono_ns=6202926716972 refresh_ns=19160758 sequence=165547 flags=7
[vo/wlshm] K230_SUBMIT serial=61 frame=94 pts=46.933333333 mono_ns=6202956368752
[vo/wlshm] K230_PRESENT serial=60 frame=93 pts=46.900000000 submit_mono_ns=6202923038420 presented_ns=6202937119000 receive_mono_ns=6202959975418 refresh_ns=19160758 sequence=165549 flags=7
[vo/wlshm] K230_SUBMIT serial=62 frame=95 pts=46.966666667 mono_ns=6202989703010
[vo/wlshm] K230_PRESENT serial=61 frame=94 pts=46.933333333 submit_mono_ns=6202956368752 presented_ns=6202975441000 receive_mono_ns=6202992212636 refresh_ns=19160758 sequence=165551 flags=7
[vo/wlshm] K230_SUBMIT serial=63 frame=96 pts=47.000000000 mono_ns=6203023055156
[vo/wlshm] K230_PRESENT serial=62 frame=95 pts=46.966666667 submit_mono_ns=6202989703010 presented_ns=6202994601000 receive_mono_ns=6203023294927 refresh_ns=19160758 sequence=165552 flags=7
[vo/wlshm] K230_SUBMIT serial=64 frame=97 pts=47.033333333 mono_ns=6203056362749
[vo/wlshm] K230_PRESENT serial=63 frame=96 pts=47.000000000 submit_mono_ns=6203023055156 presented_ns=6203032922000 receive_mono_ns=6203056595186 refresh_ns=19160758 sequence=165554 flags=7
[vo/wlshm] K230_SUBMIT serial=65 frame=98 pts=47.066666667 mono_ns=6203089709487
[vo/wlshm] K230_PRESENT serial=64 frame=97 pts=47.033333333 submit_mono_ns=6203056362749 presented_ns=6203071244000 receive_mono_ns=6203089943665 refresh_ns=19160758 sequence=165556 flags=7
[vo/wlshm] K230_SUBMIT serial=66 frame=99 pts=47.100000000 mono_ns=6203123531025
[vo/wlshm] K230_PRESENT serial=65 frame=98 pts=47.066666667 submit_mono_ns=6203089709487 presented_ns=6203109564000 receive_mono_ns=6203126139573 refresh_ns=19160758 sequence=165558 flags=7
[vo/wlshm] K230_SUBMIT serial=67 frame=100 pts=47.133333333 mono_ns=6203158262349
[vo/wlshm] K230_PRESENT serial=66 frame=99 pts=47.100000000 submit_mono_ns=6203123531025 presented_ns=6203147885000 receive_mono_ns=6203158476972 refresh_ns=19160758 sequence=165560 flags=7
[vo/wlshm] K230_PRESENT serial=67 frame=100 pts=47.133333333 submit_mono_ns=6203158262349 presented_ns=6203167047000 receive_mono_ns=6203170504041 refresh_ns=19160758 sequence=165561 flags=7
[vo/wlshm] K230_SUBMIT serial=68 frame=101 pts=47.166666667 mono_ns=6203194513478
[vo/wlshm] K230_PRESENT serial=68 frame=101 pts=47.166666667 submit_mono_ns=6203194513478 presented_ns=6203205370000 receive_mono_ns=6203211650128 refresh_ns=19160758 sequence=165563 flags=7
[vo/wlshm] K230_SUBMIT serial=69 frame=102 pts=47.200000000 mono_ns=6203237449583
[vo/wlshm] K230_SUBMIT serial=70 frame=103 pts=47.233333333 mono_ns=6203271142162
[vo/wlshm] K230_PRESENT serial=69 frame=102 pts=47.200000000 submit_mono_ns=6203237449583 presented_ns=6203243695000 receive_mono_ns=6203271393339 refresh_ns=19160758 sequence=165565 flags=7
[vo/wlshm] K230_SUBMIT serial=71 frame=104 pts=47.266666667 mono_ns=6203321129936
[vo/wlshm] K230_PRESENT serial=70 frame=103 pts=47.233333333 submit_mono_ns=6203271142162 presented_ns=6203282010000 receive_mono_ns=6203327389112 refresh_ns=19160758 sequence=165567 flags=7
[vo/wlshm] K230_SUBMIT serial=72 frame=105 pts=47.300000000 mono_ns=6203343912448
[vo/wlshm] K230_PRESENT serial=71 frame=104 pts=47.266666667 submit_mono_ns=6203321129936 presented_ns=6203339493000 receive_mono_ns=6203356284321 refresh_ns=19160758 sequence=165570 flags=7
[vo/wlshm] K230_PRESENT serial=72 frame=105 pts=47.300000000 submit_mono_ns=6203343912448 presented_ns=6203358653000 receive_mono_ns=6203363835123 refresh_ns=19160758 sequence=165571 flags=7
[vo/wlshm] K230_SUBMIT serial=73 frame=106 pts=47.333333333 mono_ns=6203395675723
[vo/wlshm] K230_SUBMIT serial=74 frame=107 pts=47.366666667 mono_ns=6203422762730
[vo/wlshm] K230_PRESENT serial=73 frame=106 pts=47.333333333 submit_mono_ns=6203395675723 presented_ns=6203416135000 receive_mono_ns=6203430713000 refresh_ns=19160758 sequence=165574 flags=7
[vo/wlshm] K230_SUBMIT serial=75 frame=108 pts=47.400000000 mono_ns=6203452817348
[vo/wlshm] K230_PRESENT serial=74 frame=107 pts=47.366666667 submit_mono_ns=6203422762730 presented_ns=6203435296000 receive_mono_ns=6203456224908 refresh_ns=19160758 sequence=165575 flags=7
[vo/wlshm] K230_SUBMIT serial=76 frame=109 pts=47.433333333 mono_ns=6203473557553
[vo/wlshm] K230_PRESENT serial=75 frame=108 pts=47.400000000 submit_mono_ns=6203452817348 presented_ns=6203473622000 receive_mono_ns=6203476587236 refresh_ns=19160758 sequence=165577 flags=7
[vo/wlshm] K230_SUBMIT serial=77 frame=110 pts=47.466666667 mono_ns=6203494115727
[vo/wlshm] K230_PRESENT serial=76 frame=109 pts=47.433333333 submit_mono_ns=6203473557553 presented_ns=6203492778000 receive_mono_ns=6203496205106 refresh_ns=19160758 sequence=165578 flags=7
[vo/wlshm] K230_SUBMIT serial=78 frame=111 pts=47.500000000 mono_ns=6203526700970
[vo/wlshm] K230_PRESENT serial=77 frame=110 pts=47.466666667 submit_mono_ns=6203494115727 presented_ns=6203511938000 receive_mono_ns=6203526961665 refresh_ns=19160758 sequence=165579 flags=7
[vo/wlshm] K230_SUBMIT serial=79 frame=112 pts=47.533333333 mono_ns=6203560132038
[vo/wlshm] K230_PRESENT serial=78 frame=111 pts=47.500000000 submit_mono_ns=6203526700970 presented_ns=6203550259000 receive_mono_ns=6203563765777 refresh_ns=19160758 sequence=165581 flags=7
[vo/wlshm] K230_SUBMIT serial=80 frame=113 pts=47.566666667 mono_ns=6203589721449
[vo/wlshm] K230_PRESENT serial=79 frame=112 pts=47.533333333 submit_mono_ns=6203560132038 presented_ns=6203569420000 receive_mono_ns=6203592204186 refresh_ns=19160758 sequence=165582 flags=7
[vo/wlshm] K230_SUBMIT serial=81 frame=114 pts=47.600000000 mono_ns=6203628165991
[vo/wlshm] K230_PRESENT serial=80 frame=113 pts=47.566666667 submit_mono_ns=6203589721449 presented_ns=6203607741000 receive_mono_ns=6203631867320 refresh_ns=19160758 sequence=165584 flags=7
[vo/wlshm] K230_SUBMIT serial=82 frame=115 pts=47.633333333 mono_ns=6203660094587
[vo/wlshm] K230_PRESENT serial=81 frame=114 pts=47.600000000 submit_mono_ns=6203628165991 presented_ns=6203646063000 receive_mono_ns=6203663700142 refresh_ns=19160758 sequence=165586 flags=7
[vo/wlshm] K230_SUBMIT serial=83 frame=116 pts=47.666666667 mono_ns=6203689691257
[vo/wlshm] K230_PRESENT serial=82 frame=115 pts=47.633333333 submit_mono_ns=6203660094587 presented_ns=6203684384000 receive_mono_ns=6203693338662 refresh_ns=19160758 sequence=165588 flags=7
[vo/wlshm] K230_SUBMIT serial=84 frame=117 pts=47.700000000 mono_ns=6203724389101
[vo/wlshm] K230_PRESENT serial=83 frame=116 pts=47.666666667 submit_mono_ns=6203689691257 presented_ns=6203703547000 receive_mono_ns=6203728330645 refresh_ns=19160758 sequence=165589 flags=7
[vo/wlshm] K230_SUBMIT serial=85 frame=118 pts=47.733333333 mono_ns=6203756359474
[vo/wlshm] K230_PRESENT serial=84 frame=117 pts=47.700000000 submit_mono_ns=6203724389101 presented_ns=6203741865000 receive_mono_ns=6203759944622 refresh_ns=19160758 sequence=165591 flags=7
[vo/wlshm] K230_SUBMIT serial=86 frame=119 pts=47.766666667 mono_ns=6203789682102
[vo/wlshm] K230_PRESENT serial=85 frame=118 pts=47.733333333 submit_mono_ns=6203756359474 presented_ns=6203761028000 receive_mono_ns=6203792276761 refresh_ns=19160758 sequence=165592 flags=7
[vo/wlshm] K230_SUBMIT serial=87 frame=120 pts=47.800000000 mono_ns=6203823021358
[vo/wlshm] K230_PRESENT serial=86 frame=119 pts=47.766666667 submit_mono_ns=6203789682102 presented_ns=6203799351000 receive_mono_ns=6203823256536 refresh_ns=19160758 sequence=165594 flags=7
[vo/wlshm] K230_SUBMIT serial=88 frame=121 pts=47.833333333 mono_ns=6203859960243
[vo/wlshm] K230_PRESENT serial=87 frame=120 pts=47.800000000 submit_mono_ns=6203823021358 presented_ns=6203837670000 receive_mono_ns=6203860271419 refresh_ns=19160758 sequence=165596 flags=7
[vo/wlshm] K230_SUBMIT serial=89 frame=122 pts=47.866666667 mono_ns=6203890084341
[vo/wlshm] K230_PRESENT serial=88 frame=121 pts=47.833333333 submit_mono_ns=6203859960243 presented_ns=6203875993000 receive_mono_ns=6203890313852 refresh_ns=19160758 sequence=165598 flags=7
[vo/wlshm] K230_SUBMIT serial=90 frame=123 pts=47.900000000 mono_ns=6203927425436
[vo/wlshm] K230_PRESENT serial=89 frame=122 pts=47.866666667 submit_mono_ns=6203890084341 presented_ns=6203895155000 receive_mono_ns=6203945006813 refresh_ns=19160758 sequence=165599 flags=7
[vo/wlshm] K230_SUBMIT serial=91 frame=124 pts=47.933333333 mono_ns=6203969899296
[vo/wlshm] K230_PRESENT serial=90 frame=123 pts=47.900000000 submit_mono_ns=6203927425436 presented_ns=6203952636000 receive_mono_ns=6203972204669 refresh_ns=19160758 sequence=165602 flags=7
[vo/wlshm] K230_SUBMIT serial=92 frame=125 pts=47.966666667 mono_ns=6204017137823
[vo/wlshm] K230_PRESENT serial=91 frame=124 pts=47.933333333 submit_mono_ns=6203969899296 presented_ns=6203990954000 receive_mono_ns=6204020199653 refresh_ns=19160758 sequence=165604 flags=7
[vo/wlshm] K230_SUBMIT serial=93 frame=126 pts=48.000000000 mono_ns=6204041857311
[vo/wlshm] K230_PRESENT serial=92 frame=125 pts=47.966666667 submit_mono_ns=6204017137823 presented_ns=6204029274000 receive_mono_ns=6204050026871 refresh_ns=19160758 sequence=165606 flags=7
[vo/wlshm] K230_SUBMIT serial=94 frame=127 pts=48.033333333 mono_ns=6204069504597
[vo/wlshm] K230_PRESENT serial=93 frame=126 pts=48.000000000 submit_mono_ns=6204041857311 presented_ns=6204067597000 receive_mono_ns=6204072210809 refresh_ns=19160758 sequence=165608 flags=7
[vo/wlshm] K230_SUBMIT serial=95 frame=128 pts=48.066666667 mono_ns=6204089648894
[vo/wlshm] K230_PRESENT serial=94 frame=127 pts=48.033333333 submit_mono_ns=6204069504597 presented_ns=6204086757000 receive_mono_ns=6204092348588 refresh_ns=19160758 sequence=165609 flags=7
[vo/wlshm] K230_SUBMIT serial=96 frame=129 pts=48.100000000 mono_ns=6204124179001
[vo/wlshm] K230_PRESENT serial=95 frame=128 pts=48.066666667 submit_mono_ns=6204089648894 presented_ns=6204105925000 receive_mono_ns=6204127806666 refresh_ns=19160758 sequence=165610 flags=7
[vo/wlshm] K230_SUBMIT serial=97 frame=130 pts=48.133333333 mono_ns=6204159287498
[vo/wlshm] K230_PRESENT serial=96 frame=129 pts=48.100000000 submit_mono_ns=6204124179001 presented_ns=6204144239000 receive_mono_ns=6204163053232 refresh_ns=19160758 sequence=165612 flags=7
[vo/wlshm] K230_PRESENT serial=97 frame=130 pts=48.133333333 submit_mono_ns=6204159287498 presented_ns=6204163400000 receive_mono_ns=6204168545801 refresh_ns=19160758 sequence=165613 flags=7
[vo/wlshm] K230_SUBMIT serial=98 frame=131 pts=48.166666667 mono_ns=6204194477029
[vo/wlshm] K230_PRESENT serial=98 frame=131 pts=48.166666667 submit_mono_ns=6204194477029 presented_ns=6204201723000 receive_mono_ns=6204202110531 refresh_ns=19160758 sequence=165615 flags=7
[vo/wlshm] K230_SUBMIT serial=99 frame=132 pts=48.200000000 mono_ns=6204226799131
[vo/wlshm] K230_SUBMIT serial=100 frame=133 pts=48.233333333 mono_ns=6204268686379
[vo/wlshm] K230_PRESENT serial=99 frame=132 pts=48.200000000 submit_mono_ns=6204226799131 presented_ns=6204240050000 receive_mono_ns=6204274520789 refresh_ns=19160758 sequence=165617 flags=7
[vo/wlshm] K230_SUBMIT serial=101 frame=134 pts=48.266666667 mono_ns=6204292667111
[vo/wlshm] K230_PRESENT serial=100 frame=133 pts=48.233333333 submit_mono_ns=6204268686379 presented_ns=6204278364000 receive_mono_ns=6204300552347 refresh_ns=19160758 sequence=165619 flags=7
[vo/wlshm] K230_SUBMIT serial=102 frame=135 pts=48.300000000 mono_ns=6204328107820
[vo/wlshm] K230_PRESENT serial=101 frame=134 pts=48.266666667 submit_mono_ns=6204292667111 presented_ns=6204316685000 receive_mono_ns=6204331686301 refresh_ns=19160758 sequence=165621 flags=7
[vo/wlshm] K230_SUBMIT serial=103 frame=136 pts=48.333333333 mono_ns=6204356777591
[vo/wlshm] K230_PRESENT serial=102 frame=135 pts=48.300000000 submit_mono_ns=6204328107820 presented_ns=6204355006000 receive_mono_ns=6204360223743 refresh_ns=19160758 sequence=165623 flags=7
[vo/wlshm] K230_SUBMIT serial=104 frame=137 pts=48.366666667 mono_ns=6204389669898
[vo/wlshm] K230_PRESENT serial=103 frame=136 pts=48.333333333 submit_mono_ns=6204356777591 presented_ns=6204374166000 receive_mono_ns=6204389902557 refresh_ns=19160758 sequence=165624 flags=7
[vo/wlshm] K230_SUBMIT serial=105 frame=138 pts=48.400000000 mono_ns=6204423014079
[vo/wlshm] K230_PRESENT serial=104 frame=137 pts=48.366666667 submit_mono_ns=6204389669898 presented_ns=6204412487000 receive_mono_ns=6204424186746 refresh_ns=19160758 sequence=165626 flags=7
[vo/wlshm] K230_SUBMIT serial=106 frame=139 pts=48.433333333 mono_ns=6204456334742
[vo/wlshm] K230_PRESENT serial=105 frame=138 pts=48.400000000 submit_mono_ns=6204423014079 presented_ns=6204431649000 receive_mono_ns=6204457353970 refresh_ns=19160758 sequence=165627 flags=7
[vo/wlshm] K230_PRESENT serial=106 frame=139 pts=48.433333333 submit_mono_ns=6204456334742 presented_ns=6204469970000 receive_mono_ns=6204470378230 refresh_ns=19160758 sequence=165629 flags=7
[vo/wlshm] K230_SUBMIT serial=107 frame=140 pts=48.466666667 mono_ns=6204489836104
[vo/wlshm] K230_SUBMIT serial=108 frame=141 pts=48.500000000 mono_ns=6204524755791
[vo/wlshm] K230_PRESENT serial=107 frame=140 pts=48.466666667 submit_mono_ns=6204489836104 presented_ns=6204508292000 receive_mono_ns=6204528278718 refresh_ns=19160758 sequence=165631 flags=7
[vo/wlshm] K230_SUBMIT serial=109 frame=142 pts=48.533333333 mono_ns=6204564870650
[vo/wlshm] K230_PRESENT serial=108 frame=141 pts=48.500000000 submit_mono_ns=6204524755791 presented_ns=6204546612000 receive_mono_ns=6204568216027 refresh_ns=19160758 sequence=165633 flags=7
[vo/wlshm] K230_SUBMIT serial=110 frame=143 pts=48.566666667 mono_ns=6204610762328
[vo/wlshm] K230_PRESENT serial=109 frame=142 pts=48.533333333 submit_mono_ns=6204564870650 presented_ns=6204584936000 receive_mono_ns=6204612944853 refresh_ns=19160758 sequence=165635 flags=7
[vo/wlshm] K230_SUBMIT serial=111 frame=144 pts=48.600000000 mono_ns=6204633263700
[vo/wlshm] K230_PRESENT serial=110 frame=143 pts=48.566666667 submit_mono_ns=6204610762328 presented_ns=6204623256000 receive_mono_ns=6204636222348 refresh_ns=19160758 sequence=165637 flags=7
[vo/wlshm] K230_SUBMIT serial=112 frame=145 pts=48.633333333 mono_ns=6204672489882
[vo/wlshm] K230_PRESENT serial=111 frame=144 pts=48.600000000 submit_mono_ns=6204633263700 presented_ns=6204642423000 receive_mono_ns=6204675869481 refresh_ns=19160758 sequence=165638 flags=7
[vo/wlshm] K230_PRESENT serial=112 frame=145 pts=48.633333333 submit_mono_ns=6204672489882 presented_ns=6204680736000 receive_mono_ns=6204681126983 refresh_ns=19160758 sequence=165640 flags=7
[vo/wlshm] K230_SUBMIT serial=113 frame=146 pts=48.666666667 mono_ns=6204699519483
[vo/wlshm] K230_SUBMIT serial=114 frame=147 pts=48.700000000 mono_ns=6204724166269
[vo/wlshm] K230_PRESENT serial=113 frame=146 pts=48.666666667 submit_mono_ns=6204699519483 presented_ns=6204719059000 receive_mono_ns=6204727791341 refresh_ns=19160758 sequence=165642 flags=7
[vo/wlshm] K230_SUBMIT serial=115 frame=148 pts=48.733333333 mono_ns=6204756508259
[vo/wlshm] K230_PRESENT serial=114 frame=147 pts=48.700000000 submit_mono_ns=6204724166269 presented_ns=6204738220000 receive_mono_ns=6204760168663 refresh_ns=19160758 sequence=165643 flags=7
[vo/wlshm] K230_SUBMIT serial=116 frame=149 pts=48.766666667 mono_ns=6204790013213
[vo/wlshm] K230_PRESENT serial=115 frame=148 pts=48.733333333 submit_mono_ns=6204756508259 presented_ns=6204776541000 receive_mono_ns=6204792339363 refresh_ns=19160758 sequence=165645 flags=7
[vo/wlshm] K230_SUBMIT serial=117 frame=150 pts=48.800000000 mono_ns=6204828127838
[vo/wlshm] K230_PRESENT serial=116 frame=149 pts=48.766666667 submit_mono_ns=6204790013213 presented_ns=6204814862000 receive_mono_ns=6204830793607 refresh_ns=19160758 sequence=165647 flags=7
[vo/wlshm] K230_SUBMIT serial=118 frame=151 pts=48.833333333 mono_ns=6204860116876
[vo/wlshm] K230_PRESENT serial=117 frame=150 pts=48.800000000 submit_mono_ns=6204828127838 presented_ns=6204834020000 receive_mono_ns=6204860356684 refresh_ns=19160758 sequence=165648 flags=7
[vo/wlshm] K230_SUBMIT serial=119 frame=152 pts=48.866666667 mono_ns=6204889660028
[vo/wlshm] K230_PRESENT serial=118 frame=151 pts=48.833333333 submit_mono_ns=6204860116876 presented_ns=6204872342000 receive_mono_ns=6204897582373 refresh_ns=19160758 sequence=165650 flags=7
[vo/wlshm] K230_SUBMIT serial=120 frame=153 pts=48.900000000 mono_ns=6204924106804
[vo/wlshm] K230_PRESENT serial=119 frame=152 pts=48.866666667 submit_mono_ns=6204889660028 presented_ns=6204910665000 receive_mono_ns=6204926380141 refresh_ns=19160758 sequence=165652 flags=7
[vo/wlshm] K230_SUBMIT serial=121 frame=154 pts=48.933333333 mono_ns=6204956323095
[vo/wlshm] K230_PRESENT serial=120 frame=153 pts=48.900000000 submit_mono_ns=6204924106804 presented_ns=6204948986000 receive_mono_ns=6204959985314 refresh_ns=19160758 sequence=165654 flags=7
[vo/wlshm] K230_SUBMIT serial=122 frame=155 pts=48.966666667 mono_ns=6204989651239
[vo/wlshm] K230_PRESENT serial=121 frame=154 pts=48.933333333 submit_mono_ns=6204956323095 presented_ns=6204968148000 receive_mono_ns=6204989888269 refresh_ns=19160758 sequence=165655 flags=7
[vo/wlshm] K230_SUBMIT serial=123 frame=156 pts=49.000000000 mono_ns=6205022986273
[vo/wlshm] K230_PRESENT serial=122 frame=155 pts=48.966666667 submit_mono_ns=6204989651239 presented_ns=6205006467000 receive_mono_ns=6205023216525 refresh_ns=19160758 sequence=165657 flags=7
[vo/wlshm] K230_SUBMIT serial=124 frame=157 pts=49.033333333 mono_ns=6205056468931
[vo/wlshm] K230_PRESENT serial=123 frame=156 pts=49.000000000 submit_mono_ns=6205022986273 presented_ns=6205044788000 receive_mono_ns=6205056701072 refresh_ns=19160758 sequence=165659 flags=7
[vo/wlshm] K230_SUBMIT serial=125 frame=158 pts=49.066666667 mono_ns=6205089620784
[vo/wlshm] K230_PRESENT serial=124 frame=157 pts=49.033333333 submit_mono_ns=6205056468931 presented_ns=6205083110000 receive_mono_ns=6205089887369 refresh_ns=19160758 sequence=165661 flags=7
[vo/wlshm] K230_SUBMIT serial=126 frame=159 pts=49.100000000 mono_ns=6205122981075
[vo/wlshm] K230_PRESENT serial=125 frame=158 pts=49.066666667 submit_mono_ns=6205089620784 presented_ns=6205102271000 receive_mono_ns=6205124196778 refresh_ns=19160758 sequence=165662 flags=7
[vo/wlshm] K230_SUBMIT serial=127 frame=160 pts=49.133333333 mono_ns=6205166565787
[vo/wlshm] K230_PRESENT serial=126 frame=159 pts=49.100000000 submit_mono_ns=6205122981075 presented_ns=6205140591000 receive_mono_ns=6205176823651 refresh_ns=19160758 sequence=165664 flags=7
[vo/wlshm] K230_SUBMIT serial=128 frame=161 pts=49.166666667 mono_ns=6205205972925
[vo/wlshm] K230_PRESENT serial=127 frame=160 pts=49.133333333 submit_mono_ns=6205166565787 presented_ns=6205178914000 receive_mono_ns=6205218956149 refresh_ns=19160758 sequence=165666 flags=7
[vo/wlshm] K230_PRESENT serial=128 frame=161 pts=49.166666667 submit_mono_ns=6205205972925 presented_ns=6205217235000 receive_mono_ns=6205220971938 refresh_ns=19160758 sequence=165668 flags=7
[vo/wlshm] K230_SUBMIT serial=129 frame=162 pts=49.200000000 mono_ns=6205250022475
[vo/wlshm] K230_PRESENT serial=129 frame=162 pts=49.200000000 submit_mono_ns=6205250022475 presented_ns=6205255558000 receive_mono_ns=6205256175208 refresh_ns=19160758 sequence=165670 flags=7
[vo/wlshm] K230_SUBMIT serial=130 frame=163 pts=49.233333333 mono_ns=6205271583986
[vo/wlshm] K230_SUBMIT serial=131 frame=164 pts=49.266666667 mono_ns=6205297582692
[vo/wlshm] K230_PRESENT serial=130 frame=163 pts=49.233333333 submit_mono_ns=6205271583986 presented_ns=6205293877000 receive_mono_ns=6205303539468 refresh_ns=19160758 sequence=165672 flags=7
[vo/wlshm] K230_SUBMIT serial=132 frame=165 pts=49.300000000 mono_ns=6205325256864
[vo/wlshm] K230_PRESENT serial=131 frame=164 pts=49.266666667 submit_mono_ns=6205297582692 presented_ns=6205313037000 receive_mono_ns=6205328580871 refresh_ns=19160758 sequence=165673 flags=7
[vo/wlshm] K230_SUBMIT serial=133 frame=166 pts=49.333333333 mono_ns=6205356312486
[vo/wlshm] K230_PRESENT serial=132 frame=165 pts=49.300000000 submit_mono_ns=6205325256864 presented_ns=6205351358000 receive_mono_ns=6205359398204 refresh_ns=19160758 sequence=165675 flags=7
[vo/wlshm] K230_SUBMIT serial=134 frame=167 pts=49.366666667 mono_ns=6205392125737
[vo/wlshm] K230_PRESENT serial=133 frame=166 pts=49.333333333 submit_mono_ns=6205356312486 presented_ns=6205370519000 receive_mono_ns=6205395996949 refresh_ns=19160758 sequence=165676 flags=7
[vo/wlshm] K230_SUBMIT serial=135 frame=168 pts=49.400000000 mono_ns=6205423032993
[vo/wlshm] K230_PRESENT serial=134 frame=167 pts=49.366666667 submit_mono_ns=6205392125737 presented_ns=6205408840000 receive_mono_ns=6205426770839 refresh_ns=19160758 sequence=165678 flags=7
[vo/wlshm] K230_PRESENT serial=135 frame=168 pts=49.400000000 submit_mono_ns=6205423032993 presented_ns=6205428002000 receive_mono_ns=6205428961622 refresh_ns=19160758 sequence=165679 flags=7
[vo/wlshm] K230_SUBMIT serial=136 frame=169 pts=49.433333333 mono_ns=6205456316249
[vo/wlshm] K230_SUBMIT serial=137 frame=170 pts=49.466666667 mono_ns=6205492104464
[vo/wlshm] K230_PRESENT serial=136 frame=169 pts=49.433333333 submit_mono_ns=6205456316249 presented_ns=6205466324000 receive_mono_ns=6205495714351 refresh_ns=19160758 sequence=165681 flags=7
[vo/wlshm] K230_SUBMIT serial=138 frame=171 pts=49.500000000 mono_ns=6205522986535
[vo/wlshm] K230_PRESENT serial=137 frame=170 pts=49.466666667 submit_mono_ns=6205492104464 presented_ns=6205504644000 receive_mono_ns=6205528443143 refresh_ns=19160758 sequence=165683 flags=7
[vo/wlshm] K230_SUBMIT serial=139 frame=172 pts=49.533333333 mono_ns=6205556305457
[vo/wlshm] K230_PRESENT serial=138 frame=171 pts=49.500000000 submit_mono_ns=6205522986535 presented_ns=6205542965000 receive_mono_ns=6205556535190 refresh_ns=19160758 sequence=165685 flags=7
[vo/wlshm] K230_SUBMIT serial=140 frame=173 pts=49.566666667 mono_ns=6205589631600
[vo/wlshm] K230_PRESENT serial=139 frame=172 pts=49.533333333 submit_mono_ns=6205556305457 presented_ns=6205562126000 receive_mono_ns=6205590376540 refresh_ns=19160758 sequence=165686 flags=7
[vo/wlshm] K230_SUBMIT serial=141 frame=174 pts=49.600000000 mono_ns=6205622983410
[vo/wlshm] K230_PRESENT serial=140 frame=173 pts=49.566666667 submit_mono_ns=6205589631600 presented_ns=6205600448000 receive_mono_ns=6205623215328 refresh_ns=19160758 sequence=165688 flags=7
[vo/wlshm] K230_SUBMIT serial=142 frame=175 pts=49.633333333 mono_ns=6205656276777
[vo/wlshm] K230_PRESENT serial=141 frame=174 pts=49.600000000 submit_mono_ns=6205622983410 presented_ns=6205638769000 receive_mono_ns=6205658034462 refresh_ns=19160758 sequence=165690 flags=7
[vo/wlshm] K230_SUBMIT serial=143 frame=176 pts=49.666666667 mono_ns=6205689609846
[vo/wlshm] K230_PRESENT serial=142 frame=175 pts=49.633333333 submit_mono_ns=6205656276777 presented_ns=6205677090000 receive_mono_ns=6205691303052 refresh_ns=19160758 sequence=165692 flags=7
[vo/wlshm] K230_SUBMIT serial=144 frame=177 pts=49.700000000 mono_ns=6205733483771
[vo/wlshm] K230_PRESENT serial=143 frame=176 pts=49.666666667 submit_mono_ns=6205689609846 presented_ns=6205696252000 receive_mono_ns=6205733731726 refresh_ns=19160758 sequence=165693 flags=7
[vo/wlshm] K230_SUBMIT serial=145 frame=178 pts=49.733333333 mono_ns=6205775782227
[vo/wlshm] K230_PRESENT serial=144 frame=177 pts=49.700000000 submit_mono_ns=6205733483771 presented_ns=6205753736000 receive_mono_ns=6205794835520 refresh_ns=19160758 sequence=165696 flags=7
[vo/wlshm] K230_PRESENT serial=145 frame=178 pts=49.733333333 submit_mono_ns=6205775782227 presented_ns=6205792058000 receive_mono_ns=6205795492536 refresh_ns=19160758 sequence=165698 flags=7
[vo/wlshm] K230_SUBMIT serial=146 frame=179 pts=49.766666667 mono_ns=6205818081423
[vo/wlshm] K230_SUBMIT serial=147 frame=180 pts=49.800000000 mono_ns=6205848528805
[vo/wlshm] K230_PRESENT serial=146 frame=179 pts=49.766666667 submit_mono_ns=6205818081423 presented_ns=6205830376000 receive_mono_ns=6205852174691 refresh_ns=19160758 sequence=165700 flags=7
[vo/wlshm] K230_SUBMIT serial=148 frame=181 pts=49.833333333 mono_ns=6205872301987
[vo/wlshm] K230_PRESENT serial=147 frame=180 pts=49.800000000 submit_mono_ns=6205848528805 presented_ns=6205868695000 receive_mono_ns=6205875743324 refresh_ns=19160758 sequence=165702 flags=7
[vo/wlshm] K230_SUBMIT serial=149 frame=182 pts=49.866666667 mono_ns=6205901936876
[vo/wlshm] K230_PRESENT serial=148 frame=181 pts=49.833333333 submit_mono_ns=6205872301987 presented_ns=6205887857000 receive_mono_ns=6205904314839 refresh_ns=19160758 sequence=165703 flags=7
[vo/wlshm] K230_SUBMIT serial=150 frame=183 pts=49.900000000 mono_ns=6205922940627
[vo/wlshm] K230_PRESENT serial=149 frame=182 pts=49.866666667 submit_mono_ns=6205901936876 presented_ns=6205907020000 receive_mono_ns=6205923203396 refresh_ns=19160758 sequence=165704 flags=7
[vo/wlshm] K230_SUBMIT serial=151 frame=184 pts=49.933333333 mono_ns=6205957267480
[vo/wlshm] K230_PRESENT serial=150 frame=183 pts=49.900000000 submit_mono_ns=6205922940627 presented_ns=6205945340000 receive_mono_ns=6205957512509 refresh_ns=19160758 sequence=165706 flags=7
[vo/wlshm] K230_SUBMIT serial=152 frame=185 pts=49.966666667 mono_ns=6205992169722
[vo/wlshm] K230_PRESENT serial=151 frame=184 pts=49.933333333 submit_mono_ns=6205957267480 presented_ns=6205983662000 receive_mono_ns=6205995760610 refresh_ns=19160758 sequence=165708 flags=7
[vo/wlshm] K230_PRESENT serial=152 frame=185 pts=49.966666667 submit_mono_ns=6205992169722 presented_ns=6206002821000 receive_mono_ns=6206003368669 refresh_ns=19160758 sequence=165709 flags=7
[vo/wlshm] K230_SUBMIT serial=153 frame=186 pts=50.000000000 mono_ns=6206025624899
[vo/wlshm] K230_SUBMIT serial=154 frame=187 pts=50.033333333 mono_ns=6206059294847
[vo/wlshm] K230_PRESENT serial=153 frame=186 pts=50.000000000 submit_mono_ns=6206025624899 presented_ns=6206041143000 receive_mono_ns=6206062500598 refresh_ns=19160758 sequence=165711 flags=7
[vo/wlshm] K230_SUBMIT serial=155 frame=188 pts=50.066666667 mono_ns=6206089614824
[vo/wlshm] K230_PRESENT serial=154 frame=187 pts=50.033333333 submit_mono_ns=6206059294847 presented_ns=6206079463000 receive_mono_ns=6206093310338 refresh_ns=19160758 sequence=165713 flags=7
[vo/wlshm] K230_SUBMIT serial=156 frame=189 pts=50.100000000 mono_ns=6206122959855
[vo/wlshm] K230_PRESENT serial=155 frame=188 pts=50.066666667 submit_mono_ns=6206089614824 presented_ns=6206098624000 receive_mono_ns=6206126059239 refresh_ns=19160758 sequence=165714 flags=7
[vo/wlshm] K230_SUBMIT serial=157 frame=190 pts=50.133333333 mono_ns=6206156258665
[vo/wlshm] K230_PRESENT serial=156 frame=189 pts=50.100000000 submit_mono_ns=6206122959855 presented_ns=6206136956000 receive_mono_ns=6206157876725 refresh_ns=19160758 sequence=165716 flags=7
[vo/wlshm] K230_SUBMIT serial=158 frame=191 pts=50.166666667 mono_ns=6206189607621
[vo/wlshm] K230_PRESENT serial=157 frame=190 pts=50.133333333 submit_mono_ns=6206156258665 presented_ns=6206175265000 receive_mono_ns=6206189945166 refresh_ns=19160758 sequence=165718 flags=7
[vo/wlshm] K230_SUBMIT serial=159 frame=192 pts=50.200000000 mono_ns=6206223093240
[vo/wlshm] K230_PRESENT serial=158 frame=191 pts=50.166666667 submit_mono_ns=6206189607621 presented_ns=6206213588000 receive_mono_ns=6206224192095 refresh_ns=19160758 sequence=165720 flags=7
[vo/wlshm] K230_SUBMIT serial=160 frame=193 pts=50.233333333 mono_ns=6206256268498
[vo/wlshm] K230_PRESENT serial=159 frame=192 pts=50.200000000 submit_mono_ns=6206223093240 presented_ns=6206232762000 receive_mono_ns=6206259888978 refresh_ns=19160758 sequence=165721 flags=7
[vo/wlshm] K230_SUBMIT serial=161 frame=194 pts=50.266666667 mono_ns=6206292121488
[vo/wlshm] K230_PRESENT serial=160 frame=193 pts=50.233333333 submit_mono_ns=6206256268498 presented_ns=6206271069000 receive_mono_ns=6206294757627 refresh_ns=19160758 sequence=165723 flags=7
[vo/wlshm] K230_SUBMIT serial=162 frame=195 pts=50.300000000 mono_ns=6206327180576
[vo/wlshm] K230_PRESENT serial=161 frame=194 pts=50.266666667 submit_mono_ns=6206292121488 presented_ns=6206309390000 receive_mono_ns=6206341221099 refresh_ns=19160758 sequence=165725 flags=7
[vo/wlshm] K230_SUBMIT serial=163 frame=196 pts=50.333333333 mono_ns=6206379709821
[vo/wlshm] K230_PRESENT serial=162 frame=195 pts=50.300000000 submit_mono_ns=6206327180576 presented_ns=6206347711000 receive_mono_ns=6206388222629 refresh_ns=19160758 sequence=165727 flags=7
[vo/wlshm] K230_SUBMIT serial=164 frame=197 pts=50.366666667 mono_ns=6206414082079
[vo/wlshm] K230_PRESENT serial=163 frame=196 pts=50.333333333 submit_mono_ns=6206379709821 presented_ns=6206405193000 receive_mono_ns=6206421833392 refresh_ns=19160758 sequence=165730 flags=7
[vo/wlshm] K230_SUBMIT serial=165 frame=198 pts=50.400000000 mono_ns=6206440481956
[vo/wlshm] K230_PRESENT serial=164 frame=197 pts=50.366666667 submit_mono_ns=6206414082079 presented_ns=6206424357000 receive_mono_ns=6206444174656 refresh_ns=19160758 sequence=165731 flags=7
[vo/wlshm] K230_SUBMIT serial=166 frame=199 pts=50.433333333 mono_ns=6206467657995
[vo/wlshm] K230_PRESENT serial=165 frame=198 pts=50.400000000 submit_mono_ns=6206440481956 presented_ns=6206462676000 receive_mono_ns=6206472314479 refresh_ns=19160758 sequence=165733 flags=7
[vo/wlshm] K230_SUBMIT serial=167 frame=200 pts=50.466666667 mono_ns=6206489590790
[vo/wlshm] K230_PRESENT serial=166 frame=199 pts=50.433333333 submit_mono_ns=6206467657995 presented_ns=6206481836000 receive_mono_ns=6206492152154 refresh_ns=19160758 sequence=165734 flags=7
[vo/wlshm] K230_SUBMIT serial=168 frame=201 pts=50.500000000 mono_ns=6206522973783
[vo/wlshm] K230_PRESENT serial=167 frame=200 pts=50.466666667 submit_mono_ns=6206489590790 presented_ns=6206500997000 receive_mono_ns=6206523219886 refresh_ns=19160758 sequence=165735 flags=7
[vo/wlshm] K230_SUBMIT serial=169 frame=202 pts=50.533333333 mono_ns=6206560149138
[vo/wlshm] K230_PRESENT serial=168 frame=201 pts=50.500000000 submit_mono_ns=6206522973783 presented_ns=6206539320000 receive_mono_ns=6206563730878 refresh_ns=19160758 sequence=165737 flags=7
[vo/wlshm] K230_SUBMIT serial=170 frame=203 pts=50.566666667 mono_ns=6206591224721
[vo/wlshm] K230_PRESENT serial=169 frame=202 pts=50.533333333 submit_mono_ns=6206560149138 presented_ns=6206577641000 receive_mono_ns=6206595241262 refresh_ns=19160758 sequence=165739 flags=7
[vo/wlshm] K230_SUBMIT serial=171 frame=204 pts=50.600000000 mono_ns=6206622967431
[vo/wlshm] K230_PRESENT serial=170 frame=203 pts=50.566666667 submit_mono_ns=6206591224721 presented_ns=6206596800000 receive_mono_ns=6206623205054 refresh_ns=19160758 sequence=165740 flags=7
[vo/wlshm] K230_SUBMIT serial=172 frame=205 pts=50.633333333 mono_ns=6206656268427
[vo/wlshm] K230_PRESENT serial=171 frame=204 pts=50.600000000 submit_mono_ns=6206622967431 presented_ns=6206635122000 receive_mono_ns=6206659974311 refresh_ns=19160758 sequence=165742 flags=7
[vo/wlshm] K230_SUBMIT serial=173 frame=206 pts=50.666666667 mono_ns=6206689598347
[vo/wlshm] K230_PRESENT serial=172 frame=205 pts=50.633333333 submit_mono_ns=6206656268427 presented_ns=6206673442000 receive_mono_ns=6206692203117 refresh_ns=19160758 sequence=165744 flags=7
[vo/wlshm] K230_SUBMIT serial=174 frame=207 pts=50.700000000 mono_ns=6206722931896
[vo/wlshm] K230_PRESENT serial=173 frame=206 pts=50.666666667 submit_mono_ns=6206689598347 presented_ns=6206711764000 receive_mono_ns=6206724193375 refresh_ns=19160758 sequence=165746 flags=7
[vo/wlshm] K230_SUBMIT serial=175 frame=208 pts=50.733333333 mono_ns=6206756265186
[vo/wlshm] K230_PRESENT serial=174 frame=207 pts=50.700000000 submit_mono_ns=6206722931896 presented_ns=6206730924000 receive_mono_ns=6206759841408 refresh_ns=19160758 sequence=165747 flags=7
[vo/wlshm] K230_SUBMIT serial=176 frame=209 pts=50.766666667 mono_ns=6206789602032
[vo/wlshm] K230_PRESENT serial=175 frame=208 pts=50.733333333 submit_mono_ns=6206756265186 presented_ns=6206769249000 receive_mono_ns=6206792213099 refresh_ns=19160758 sequence=165749 flags=7
[vo/wlshm] K230_SUBMIT serial=177 frame=210 pts=50.800000000 mono_ns=6206822931286
[vo/wlshm] K230_PRESENT serial=176 frame=209 pts=50.766666667 submit_mono_ns=6206789602032 presented_ns=6206807567000 receive_mono_ns=6206823162427 refresh_ns=19160758 sequence=165751 flags=7
[vo/wlshm] K230_SUBMIT serial=178 frame=211 pts=50.833333333 mono_ns=6206862705115
[vo/wlshm] K230_PRESENT serial=177 frame=210 pts=50.800000000 submit_mono_ns=6206822931286 presented_ns=6206845889000 receive_mono_ns=6206862946404 refresh_ns=19160758 sequence=165753 flags=7
[vo/wlshm] K230_SUBMIT serial=179 frame=212 pts=50.866666667 mono_ns=6206911538254
[vo/wlshm] K230_PRESENT serial=178 frame=211 pts=50.833333333 submit_mono_ns=6206862705115 presented_ns=6206884210000 receive_mono_ns=6206916206997 refresh_ns=19160758 sequence=165755 flags=7
[vo/wlshm] K230_SUBMIT serial=180 frame=213 pts=50.900000000 mono_ns=6206937769840
[vo/wlshm] K230_PRESENT serial=179 frame=212 pts=50.866666667 submit_mono_ns=6206911538254 presented_ns=6206922531000 receive_mono_ns=6206945948214 refresh_ns=19160758 sequence=165757 flags=7
[vo/wlshm] K230_SUBMIT serial=181 frame=214 pts=50.933333333 mono_ns=6206966093695
[vo/wlshm] K230_PRESENT serial=180 frame=213 pts=50.900000000 submit_mono_ns=6206937769840 presented_ns=6206960853000 receive_mono_ns=6206968230554 refresh_ns=19160758 sequence=165759 flags=7
[vo/wlshm] K230_SUBMIT serial=182 frame=215 pts=50.966666667 mono_ns=6206990917251
[vo/wlshm] K230_PRESENT serial=181 frame=214 pts=50.933333333 submit_mono_ns=6206966093695 presented_ns=6206980063000 receive_mono_ns=6206992302949 refresh_ns=19160758 sequence=165760 flags=7
[vo/wlshm] K230_SUBMIT serial=183 frame=216 pts=51.000000000 mono_ns=6207024113287
[vo/wlshm] K230_PRESENT serial=182 frame=215 pts=50.966666667 submit_mono_ns=6206990917251 presented_ns=6206999174000 receive_mono_ns=6207027714433 refresh_ns=19160758 sequence=165761 flags=7
[vo/wlshm] K230_SUBMIT serial=184 frame=217 pts=51.033333333 mono_ns=6207060138011
[vo/wlshm] K230_PRESENT serial=183 frame=216 pts=51.000000000 submit_mono_ns=6207024113287 presented_ns=6207037496000 receive_mono_ns=6207063776009 refresh_ns=19160758 sequence=165763 flags=7
[vo/wlshm] K230_SUBMIT serial=185 frame=218 pts=51.066666667 mono_ns=6207089606866
[vo/wlshm] K230_PRESENT serial=184 frame=217 pts=51.033333333 submit_mono_ns=6207060138011 presented_ns=6207075816000 receive_mono_ns=6207093330083 refresh_ns=19160758 sequence=165765 flags=7
[vo/wlshm] K230_SUBMIT serial=186 frame=219 pts=51.100000000 mono_ns=6207122953340
[vo/wlshm] K230_PRESENT serial=185 frame=218 pts=51.066666667 submit_mono_ns=6207089606866 presented_ns=6207094982000 receive_mono_ns=6207124191968 refresh_ns=19160758 sequence=165766 flags=7
[vo/wlshm] K230_SUBMIT serial=187 frame=220 pts=51.133333333 mono_ns=6207160106806
[vo/wlshm] K230_PRESENT serial=186 frame=219 pts=51.100000000 submit_mono_ns=6207122953340 presented_ns=6207133297000 receive_mono_ns=6207163698805 refresh_ns=19160758 sequence=165768 flags=7
[vo/wlshm] K230_SUBMIT serial=188 frame=221 pts=51.166666667 mono_ns=6207189565217
[vo/wlshm] K230_PRESENT serial=187 frame=220 pts=51.133333333 submit_mono_ns=6207160106806 presented_ns=6207171620000 receive_mono_ns=6207192202986 refresh_ns=19160758 sequence=165770 flags=7
[vo/wlshm] K230_SUBMIT serial=189 frame=222 pts=51.200000000 mono_ns=6207222916320
[vo/wlshm] K230_PRESENT serial=188 frame=221 pts=51.166666667 submit_mono_ns=6207189565217 presented_ns=6207209950000 receive_mono_ns=6207223151165 refresh_ns=19160758 sequence=165772 flags=7
[vo/wlshm] K230_SUBMIT serial=190 frame=223 pts=51.233333333 mono_ns=6207256252683
[vo/wlshm] K230_PRESENT serial=189 frame=222 pts=51.200000000 submit_mono_ns=6207222916320 presented_ns=6207229102000 receive_mono_ns=6207259886162 refresh_ns=19160758 sequence=165773 flags=7
[vo/wlshm] K230_SUBMIT serial=191 frame=224 pts=51.266666667 mono_ns=6207289587787
[vo/wlshm] K230_PRESENT serial=190 frame=223 pts=51.233333333 submit_mono_ns=6207256252683 presented_ns=6207267422000 receive_mono_ns=6207292215668 refresh_ns=19160758 sequence=165775 flags=7
[vo/wlshm] K230_SUBMIT serial=192 frame=225 pts=51.300000000 mono_ns=6207322917114
[vo/wlshm] K230_PRESENT serial=191 frame=224 pts=51.266666667 submit_mono_ns=6207289587787 presented_ns=6207305743000 receive_mono_ns=6207324192925 refresh_ns=19160758 sequence=165777 flags=7
[vo/wlshm] K230_SUBMIT serial=193 frame=226 pts=51.333333333 mono_ns=6207358457074
[vo/wlshm] K230_PRESENT serial=192 frame=225 pts=51.300000000 submit_mono_ns=6207322917114 presented_ns=6207344065000 receive_mono_ns=6207360200872 refresh_ns=19160758 sequence=165779 flags=7
[vo/wlshm] K230_PRESENT serial=193 frame=226 pts=51.333333333 submit_mono_ns=6207358457074 presented_ns=6207363226000 receive_mono_ns=6207365806918 refresh_ns=19160758 sequence=165780 flags=7
[vo/wlshm] K230_SUBMIT serial=194 frame=227 pts=51.366666667 mono_ns=6207391010277
[vo/wlshm] K230_SUBMIT serial=195 frame=228 pts=51.400000000 mono_ns=6207434834904
[vo/wlshm] K230_PRESENT serial=194 frame=227 pts=51.366666667 submit_mono_ns=6207391010277 presented_ns=6207401548000 receive_mono_ns=6207435082378 refresh_ns=19160758 sequence=165782 flags=7
[vo/wlshm] K230_SUBMIT serial=196 frame=229 pts=51.433333333 mono_ns=6207469374859
[vo/wlshm] K230_PRESENT serial=195 frame=228 pts=51.400000000 submit_mono_ns=6207434834904 presented_ns=6207459028000 receive_mono_ns=6207472216289 refresh_ns=19160758 sequence=165785 flags=7
[vo/wlshm] K230_SUBMIT serial=197 frame=230 pts=51.466666667 mono_ns=6207491325394
[vo/wlshm] K230_PRESENT serial=196 frame=229 pts=51.433333333 submit_mono_ns=6207469374859 presented_ns=6207478189000 receive_mono_ns=6207499617504 refresh_ns=19160758 sequence=165786 flags=7
[vo/wlshm] K230_PRESENT serial=197 frame=230 pts=51.466666667 submit_mono_ns=6207491325394 presented_ns=6207497350000 receive_mono_ns=6207499726945 refresh_ns=19160758 sequence=165787 flags=7
[vo/wlshm] K230_SUBMIT serial=198 frame=231 pts=51.500000000 mono_ns=6207522946885
[vo/wlshm] K230_SUBMIT serial=199 frame=232 pts=51.533333333 mono_ns=6207560365194
[vo/wlshm] K230_PRESENT serial=198 frame=231 pts=51.500000000 submit_mono_ns=6207522946885 presented_ns=6207535672000 receive_mono_ns=6207560581780 refresh_ns=19160758 sequence=165789 flags=7
[vo/wlshm] K230_SUBMIT serial=200 frame=233 pts=51.566666667 mono_ns=6207592142162
[vo/wlshm] K230_PRESENT serial=199 frame=232 pts=51.533333333 submit_mono_ns=6207560365194 presented_ns=6207573992000 receive_mono_ns=6207595782677 refresh_ns=19160758 sequence=165791 flags=7
[vo/wlshm] K230_SUBMIT serial=201 frame=234 pts=51.600000000 mono_ns=6207622939345
[vo/wlshm] K230_PRESENT serial=200 frame=233 pts=51.566666667 submit_mono_ns=6207592142162 presented_ns=6207612314000 receive_mono_ns=6207625752405 refresh_ns=19160758 sequence=165793 flags=7
[vo/wlshm] K230_SUBMIT serial=202 frame=235 pts=51.633333333 mono_ns=6207660113292
[vo/wlshm] K230_PRESENT serial=201 frame=234 pts=51.600000000 submit_mono_ns=6207622939345 presented_ns=6207631475000 receive_mono_ns=6207663709142 refresh_ns=19160758 sequence=165794 flags=7
[vo/wlshm] K230_SUBMIT serial=203 frame=236 pts=51.666666667 mono_ns=6207689584998
[vo/wlshm] K230_PRESENT serial=202 frame=235 pts=51.633333333 submit_mono_ns=6207660113292 presented_ns=6207669795000 receive_mono_ns=6207692206657 refresh_ns=19160758 sequence=165796 flags=7
[vo/wlshm] K230_SUBMIT serial=204 frame=237 pts=51.700000000 mono_ns=6207722904362
[vo/wlshm] K230_PRESENT serial=203 frame=236 pts=51.666666667 submit_mono_ns=6207689584998 presented_ns=6207708116000 receive_mono_ns=6207723145687 refresh_ns=19160758 sequence=165798 flags=7
[vo/wlshm] K230_PRESENT serial=204 frame=237 pts=51.700000000 submit_mono_ns=6207722904362 presented_ns=6207727278000 receive_mono_ns=6207729879699 refresh_ns=19160758 sequence=165799 flags=7
[vo/wlshm] K230_SUBMIT serial=205 frame=238 pts=51.733333333 mono_ns=6207756219614
[vo/wlshm] K230_SUBMIT serial=206 frame=239 pts=51.766666667 mono_ns=6207789561792
[vo/wlshm] K230_PRESENT serial=205 frame=238 pts=51.733333333 submit_mono_ns=6207756219614 presented_ns=6207765599000 receive_mono_ns=6207792469108 refresh_ns=19160758 sequence=165801 flags=7
[vo/wlshm] K230_SUBMIT serial=207 frame=240 pts=51.800000000 mono_ns=6207822899303
[vo/wlshm] K230_PRESENT serial=206 frame=239 pts=51.766666667 submit_mono_ns=6207789561792 presented_ns=6207803921000 receive_mono_ns=6207824191485 refresh_ns=19160758 sequence=165803 flags=7
[vo/wlshm] K230_SUBMIT serial=208 frame=241 pts=51.833333333 mono_ns=6207856229445
[vo/wlshm] K230_PRESENT serial=207 frame=240 pts=51.800000000 submit_mono_ns=6207822899303 presented_ns=6207842241000 receive_mono_ns=6207856453252 refresh_ns=19160758 sequence=165805 flags=7
[vo/wlshm] K230_SUBMIT serial=209 frame=242 pts=51.866666667 mono_ns=6207899505311
[vo/wlshm] K230_PRESENT serial=208 frame=241 pts=51.833333333 submit_mono_ns=6207856229445 presented_ns=6207861403000 receive_mono_ns=6207903497853 refresh_ns=19160758 sequence=165806 flags=7
[vo/wlshm] K230_SUBMIT serial=210 frame=243 pts=51.900000000 mono_ns=6207954329964
[vo/wlshm] K230_PRESENT serial=209 frame=242 pts=51.866666667 submit_mono_ns=6207899505311 presented_ns=6207918884000 receive_mono_ns=6207961265414 refresh_ns=19160758 sequence=165809 flags=7
[vo/wlshm] K230_SUBMIT serial=211 frame=244 pts=51.933333333 mono_ns=6208008775296
[vo/wlshm] K230_PRESENT serial=210 frame=243 pts=51.900000000 submit_mono_ns=6207954329964 presented_ns=6207976366000 receive_mono_ns=6208012267779 refresh_ns=19160758 sequence=165812 flags=7
[vo/wlshm] K230_SUBMIT serial=212 frame=245 pts=51.966666667 mono_ns=6208040974176
[vo/wlshm] K230_PRESENT serial=211 frame=244 pts=51.933333333 submit_mono_ns=6208008775296 presented_ns=6208033847000 receive_mono_ns=6208044209778 refresh_ns=19160758 sequence=165815 flags=7
[vo/wlshm] K230_SUBMIT serial=213 frame=246 pts=52.000000000 mono_ns=6208059939767
[vo/wlshm] K230_PRESENT serial=212 frame=245 pts=51.966666667 submit_mono_ns=6208040974176 presented_ns=6208053008000 receive_mono_ns=6208067223539 refresh_ns=19160758 sequence=165816 flags=7
[vo/wlshm] K230_PRESENT serial=213 frame=246 pts=52.000000000 submit_mono_ns=6208059939767 presented_ns=6208072171000 receive_mono_ns=6208072642517 refresh_ns=19160758 sequence=165817 flags=7
[vo/wlshm] K230_SUBMIT serial=214 frame=247 pts=52.033333333 mono_ns=6208091546850
[vo/wlshm] K230_SUBMIT serial=215 frame=248 pts=52.066666667 mono_ns=6208110261226
[vo/wlshm] K230_PRESENT serial=214 frame=247 pts=52.033333333 submit_mono_ns=6208091546850 presented_ns=6208110491000 receive_mono_ns=6208115383436 refresh_ns=19160758 sequence=165819 flags=7
[vo/wlshm] K230_SUBMIT serial=216 frame=249 pts=52.100000000 mono_ns=6208126924000
[vo/wlshm] K230_PRESENT serial=215 frame=248 pts=52.066666667 submit_mono_ns=6208110261226 presented_ns=6208129650000 receive_mono_ns=6208134609426 refresh_ns=19160758 sequence=165820 flags=7
[vo/wlshm] K230_SUBMIT serial=217 frame=250 pts=52.133333333 mono_ns=6208160163958
[vo/wlshm] K230_PRESENT serial=216 frame=249 pts=52.100000000 submit_mono_ns=6208126924000 presented_ns=6208148813000 receive_mono_ns=6208163773770 refresh_ns=19160758 sequence=165821 flags=7
[vo/wlshm] K230_SUBMIT serial=218 frame=251 pts=52.166666667 mono_ns=6208196154459
[vo/wlshm] K230_PRESENT serial=217 frame=250 pts=52.133333333 submit_mono_ns=6208160163958 presented_ns=6208187134000 receive_mono_ns=6208199796382 refresh_ns=19160758 sequence=165823 flags=7
[vo/wlshm] K230_SUBMIT serial=219 frame=252 pts=52.200000000 mono_ns=6208228114419
[vo/wlshm] K230_PRESENT serial=218 frame=251 pts=52.166666667 submit_mono_ns=6208196154459 presented_ns=6208206293000 receive_mono_ns=6208231864783 refresh_ns=19160758 sequence=165824 flags=7
[vo/wlshm] K230_SUBMIT serial=220 frame=253 pts=52.233333333 mono_ns=6208260118416
[vo/wlshm] K230_PRESENT serial=219 frame=252 pts=52.200000000 submit_mono_ns=6208228114419 presented_ns=6208244615000 receive_mono_ns=6208263759931 refresh_ns=19160758 sequence=165826 flags=7
[vo/wlshm] K230_PRESENT serial=220 frame=253 pts=52.233333333 submit_mono_ns=6208260118416 presented_ns=6208263774000 receive_mono_ns=6208268594113 refresh_ns=19160758 sequence=165827 flags=7
[vo/wlshm] K230_SUBMIT serial=221 frame=254 pts=52.266666667 mono_ns=6208289557159
[vo/wlshm] K230_SUBMIT serial=222 frame=255 pts=52.300000000 mono_ns=6208322867670
[vo/wlshm] K230_PRESENT serial=221 frame=254 pts=52.266666667 submit_mono_ns=6208289557159 presented_ns=6208302097000 receive_mono_ns=6208326592739 refresh_ns=19160758 sequence=165829 flags=7
[vo/wlshm] K230_SUBMIT serial=223 frame=256 pts=52.333333333 mono_ns=6208356218291
[vo/wlshm] K230_PRESENT serial=222 frame=255 pts=52.300000000 submit_mono_ns=6208322867670 presented_ns=6208340417000 receive_mono_ns=6208360107910 refresh_ns=19160758 sequence=165831 flags=7
[vo/wlshm] K230_SUBMIT serial=224 frame=257 pts=52.366666667 mono_ns=6208389528358
[vo/wlshm] K230_PRESENT serial=223 frame=256 pts=52.333333333 submit_mono_ns=6208356218291 presented_ns=6208378738000 receive_mono_ns=6208392214866 refresh_ns=19160758 sequence=165833 flags=7
[vo/wlshm] K230_SUBMIT serial=225 frame=258 pts=52.400000000 mono_ns=6208422878978
[vo/wlshm] K230_PRESENT serial=224 frame=257 pts=52.366666667 submit_mono_ns=6208389528358 presented_ns=6208397901000 receive_mono_ns=6208423115230 refresh_ns=19160758 sequence=165834 flags=7
[vo/wlshm] K230_SUBMIT serial=226 frame=259 pts=52.433333333 mono_ns=6208457323195
[vo/wlshm] K230_PRESENT serial=225 frame=258 pts=52.400000000 submit_mono_ns=6208422878978 presented_ns=6208436222000 receive_mono_ns=6208460221252 refresh_ns=19160758 sequence=165836 flags=7
[vo/wlshm] K230_SUBMIT serial=227 frame=260 pts=52.466666667 mono_ns=6208491863371
[vo/wlshm] K230_PRESENT serial=226 frame=259 pts=52.433333333 submit_mono_ns=6208457323195 presented_ns=6208474542000 receive_mono_ns=6208499605054 refresh_ns=19160758 sequence=165838 flags=7
[vo/wlshm] K230_SUBMIT serial=228 frame=261 pts=52.500000000 mono_ns=6208523352531
[vo/wlshm] K230_PRESENT serial=227 frame=260 pts=52.466666667 submit_mono_ns=6208491863371 presented_ns=6208512862000 receive_mono_ns=6208532811864 refresh_ns=19160758 sequence=165840 flags=7
[vo/wlshm] K230_PRESENT serial=228 frame=261 pts=52.500000000 submit_mono_ns=6208523352531 presented_ns=6208532058000 receive_mono_ns=6208534413777 refresh_ns=19160758 sequence=165841 flags=7
[vo/wlshm] K230_SUBMIT serial=229 frame=262 pts=52.533333333 mono_ns=6208567594403
[vo/wlshm] K230_SUBMIT serial=230 frame=263 pts=52.566666667 mono_ns=6208608104577
[vo/wlshm] K230_PRESENT serial=229 frame=262 pts=52.533333333 submit_mono_ns=6208567594403 presented_ns=6208589507000 receive_mono_ns=6208611775870 refresh_ns=19160758 sequence=165844 flags=7
[vo/wlshm] K230_SUBMIT serial=231 frame=264 pts=52.600000000 mono_ns=6208637814534
[vo/wlshm] K230_PRESENT serial=230 frame=263 pts=52.566666667 submit_mono_ns=6208608104577 presented_ns=6208627827000 receive_mono_ns=6208646058350 refresh_ns=19160758 sequence=165846 flags=7
[vo/wlshm] K230_SUBMIT serial=232 frame=265 pts=52.633333333 mono_ns=6208659258677
[vo/wlshm] K230_PRESENT serial=231 frame=264 pts=52.600000000 submit_mono_ns=6208637814534 presented_ns=6208646987000 receive_mono_ns=6208662710124 refresh_ns=19160758 sequence=165847 flags=7
[vo/wlshm] K230_SUBMIT serial=233 frame=266 pts=52.666666667 mono_ns=6208689536801
[vo/wlshm] K230_PRESENT serial=232 frame=265 pts=52.633333333 submit_mono_ns=6208659258677 presented_ns=6208685308000 receive_mono_ns=6208689763757 refresh_ns=19160758 sequence=165849 flags=7
[vo/wlshm] K230_SUBMIT serial=234 frame=267 pts=52.700000000 mono_ns=6208722902311
[vo/wlshm] K230_PRESENT serial=233 frame=266 pts=52.666666667 submit_mono_ns=6208689536801 presented_ns=6208704469000 receive_mono_ns=6208723145488 refresh_ns=19160758 sequence=165850 flags=7
[vo/wlshm] K230_SUBMIT serial=235 frame=268 pts=52.733333333 mono_ns=6208756182415
[vo/wlshm] K230_PRESENT serial=234 frame=267 pts=52.700000000 submit_mono_ns=6208722902311 presented_ns=6208742791000 receive_mono_ns=6208763367412 refresh_ns=19160758 sequence=165852 flags=7
[vo/wlshm] K230_SUBMIT serial=236 frame=269 pts=52.766666667 mono_ns=6208792123029
[vo/wlshm] K230_PRESENT serial=235 frame=268 pts=52.733333333 submit_mono_ns=6208756182415 presented_ns=6208781113000 receive_mono_ns=6208796118385 refresh_ns=19160758 sequence=165854 flags=7
[vo/wlshm] K230_PRESENT serial=236 frame=269 pts=52.766666667 submit_mono_ns=6208792123029 presented_ns=6208800274000 receive_mono_ns=6208804213650 refresh_ns=19160758 sequence=165855 flags=7
[vo/wlshm] K230_SUBMIT serial=237 frame=270 pts=52.800000000 mono_ns=6208824102767
[vo/wlshm] K230_SUBMIT serial=238 frame=271 pts=52.833333333 mono_ns=6208856757854
[vo/wlshm] K230_PRESENT serial=237 frame=270 pts=52.800000000 submit_mono_ns=6208824102767 presented_ns=6208838595000 receive_mono_ns=6208860458367 refresh_ns=19160758 sequence=165857 flags=7
[vo/wlshm] K230_SUBMIT serial=239 frame=272 pts=52.866666667 mono_ns=6208889528419
[vo/wlshm] K230_PRESENT serial=238 frame=271 pts=52.833333333 submit_mono_ns=6208856757854 presented_ns=6208876915000 receive_mono_ns=6208889763559 refresh_ns=19160758 sequence=165859 flags=7
[vo/wlshm] K230_SUBMIT serial=240 frame=273 pts=52.900000000 mono_ns=6208922866114
[vo/wlshm] K230_PRESENT serial=239 frame=272 pts=52.866666667 submit_mono_ns=6208889528419 presented_ns=6208896075000 receive_mono_ns=6208923104069 refresh_ns=19160758 sequence=165860 flags=7
[vo/wlshm] K230_SUBMIT serial=241 frame=274 pts=52.933333333 mono_ns=6208956239623
[vo/wlshm] K230_PRESENT serial=240 frame=273 pts=52.900000000 submit_mono_ns=6208922866114 presented_ns=6208934398000 receive_mono_ns=6208956470690 refresh_ns=19160758 sequence=165862 flags=7
[vo/wlshm] K230_SUBMIT serial=242 frame=275 pts=52.966666667 mono_ns=6208989513653
[vo/wlshm] K230_PRESENT serial=241 frame=274 pts=52.933333333 submit_mono_ns=6208956239623 presented_ns=6208972718000 receive_mono_ns=6208989750424 refresh_ns=19160758 sequence=165864 flags=7
[vo/wlshm] K230_SUBMIT serial=243 frame=276 pts=53.000000000 mono_ns=6209025173535
[vo/wlshm] K230_PRESENT serial=242 frame=275 pts=52.966666667 submit_mono_ns=6208989513653 presented_ns=6209011042000 receive_mono_ns=6209028201144 refresh_ns=19160758 sequence=165866 flags=7
[vo/wlshm] K230_SUBMIT serial=244 frame=277 pts=53.033333333 mono_ns=6209065213465
[vo/wlshm] K230_PRESENT serial=243 frame=276 pts=53.000000000 submit_mono_ns=6209025173535 presented_ns=6209030202000 receive_mono_ns=6209065462531 refresh_ns=19160758 sequence=165867 flags=7
[vo/wlshm] K230_SUBMIT serial=245 frame=278 pts=53.066666667 mono_ns=6209122213416
[vo/wlshm] K230_PRESENT serial=244 frame=277 pts=53.033333333 submit_mono_ns=6209065213465 presented_ns=6209087684000 receive_mono_ns=6209124415236 refresh_ns=19160758 sequence=165870 flags=7
[vo/wlshm] K230_SUBMIT serial=246 frame=279 pts=53.100000000 mono_ns=6209166472323
[vo/wlshm] K230_PRESENT serial=245 frame=278 pts=53.066666667 submit_mono_ns=6209122213416 presented_ns=6209145166000 receive_mono_ns=6209166725426 refresh_ns=19160758 sequence=165873 flags=7
[vo/wlshm] K230_SUBMIT serial=247 frame=280 pts=53.133333333 mono_ns=6209208516114
[vo/wlshm] K230_PRESENT serial=246 frame=279 pts=53.100000000 submit_mono_ns=6209166472323 presented_ns=6209183485000 receive_mono_ns=6209212172074 refresh_ns=19160758 sequence=165875 flags=7
[vo/wlshm] K230_SUBMIT serial=248 frame=281 pts=53.166666667 mono_ns=6209231783495
[vo/wlshm] K230_PRESENT serial=247 frame=280 pts=53.133333333 submit_mono_ns=6209208516114 presented_ns=6209221807000 receive_mono_ns=6209243367317 refresh_ns=19160758 sequence=165877 flags=7
[vo/wlshm] K230_PRESENT serial=248 frame=281 pts=53.166666667 submit_mono_ns=6209231783495 presented_ns=6209240968000 receive_mono_ns=6209243485683 refresh_ns=19160758 sequence=165878 flags=7
[vo/wlshm] K230_SUBMIT serial=249 frame=282 pts=53.200000000 mono_ns=6209263832341
[vo/wlshm] K230_SUBMIT serial=250 frame=283 pts=53.233333333 mono_ns=6209296327987
[vo/wlshm] K230_PRESENT serial=249 frame=282 pts=53.200000000 submit_mono_ns=6209263832341 presented_ns=6209279289000 receive_mono_ns=6209299945726 refresh_ns=19160758 sequence=165880 flags=7
[vo/wlshm] K230_SUBMIT serial=251 frame=284 pts=53.266666667 mono_ns=6209325259042
[vo/wlshm] K230_PRESENT serial=250 frame=283 pts=53.233333333 submit_mono_ns=6209296327987 presented_ns=6209317610000 receive_mono_ns=6209328992591 refresh_ns=19160758 sequence=165882 flags=7
[vo/wlshm] K230_SUBMIT serial=252 frame=285 pts=53.300000000 mono_ns=6209343341622
[vo/wlshm] K230_PRESENT serial=251 frame=284 pts=53.266666667 submit_mono_ns=6209325259042 presented_ns=6209336772000 receive_mono_ns=6209352450670 refresh_ns=19160758 sequence=165883 flags=7
[vo/wlshm] K230_SUBMIT serial=253 frame=286 pts=53.333333333 mono_ns=6209370665246
[vo/wlshm] K230_PRESENT serial=252 frame=285 pts=53.300000000 submit_mono_ns=6209343341622 presented_ns=6209355933000 receive_mono_ns=6209376476878 refresh_ns=19160758 sequence=165884 flags=7
[vo/wlshm] K230_SUBMIT serial=254 frame=287 pts=53.366666667 mono_ns=6209394187508
[vo/wlshm] K230_PRESENT serial=253 frame=286 pts=53.333333333 submit_mono_ns=6209370665246 presented_ns=6209394256000 receive_mono_ns=6209396206778 refresh_ns=19160758 sequence=165886 flags=7
[vo/wlshm] K230_SUBMIT serial=255 frame=288 pts=53.400000000 mono_ns=6209428123146
[vo/wlshm] K230_PRESENT serial=254 frame=287 pts=53.366666667 submit_mono_ns=6209394187508 presented_ns=6209413414000 receive_mono_ns=6209431722144 refresh_ns=19160758 sequence=165887 flags=7
[vo/wlshm] K230_SUBMIT serial=256 frame=289 pts=53.433333333 mono_ns=6209456183969
[vo/wlshm] K230_PRESENT serial=255 frame=288 pts=53.400000000 submit_mono_ns=6209428123146 presented_ns=6209451735000 receive_mono_ns=6209460342023 refresh_ns=19160758 sequence=165889 flags=7
[vo/wlshm] K230_SUBMIT serial=257 frame=290 pts=53.466666667 mono_ns=6209489508145
[vo/wlshm] K230_PRESENT serial=256 frame=289 pts=53.433333333 submit_mono_ns=6209456183969 presented_ns=6209470895000 receive_mono_ns=6209492451571 refresh_ns=19160758 sequence=165890 flags=7
[vo/wlshm] K230_SUBMIT serial=258 frame=291 pts=53.500000000 mono_ns=6209522845691
[vo/wlshm] K230_PRESENT serial=257 frame=290 pts=53.466666667 submit_mono_ns=6209489508145 presented_ns=6209509216000 receive_mono_ns=6209524202611 refresh_ns=19160758 sequence=165892 flags=7
[vo/wlshm] K230_SUBMIT serial=259 frame=292 pts=53.533333333 mono_ns=6209560157705
[vo/wlshm] K230_PRESENT serial=258 frame=291 pts=53.500000000 submit_mono_ns=6209522845691 presented_ns=6209528376000 receive_mono_ns=6209560385179 refresh_ns=19160758 sequence=165893 flags=7
[vo/wlshm] K230_SUBMIT serial=260 frame=293 pts=53.566666667 mono_ns=6209601691660
[vo/wlshm] K230_PRESENT serial=259 frame=292 pts=53.533333333 submit_mono_ns=6209560157705 presented_ns=6209585859000 receive_mono_ns=6209610172209 refresh_ns=19160758 sequence=165896 flags=7
[vo/wlshm] K230_SUBMIT serial=261 frame=294 pts=53.600000000 mono_ns=6209633710803
[vo/wlshm] K230_PRESENT serial=260 frame=293 pts=53.566666667 submit_mono_ns=6209601691660 presented_ns=6209624180000 receive_mono_ns=6209656725488 refresh_ns=19160758 sequence=165898 flags=7
[vo/wlshm] K230_SUBMIT serial=262 frame=295 pts=53.633333333 mono_ns=6209675998401
[vo/wlshm] K230_PRESENT serial=261 frame=294 pts=53.600000000 submit_mono_ns=6209633710803 presented_ns=6209662502000 receive_mono_ns=6209688387938 refresh_ns=19160758 sequence=165900 flags=7
[vo/wlshm] K230_SUBMIT serial=263 frame=296 pts=53.666666667 mono_ns=6209719062420
[vo/wlshm] K230_PRESENT serial=262 frame=295 pts=53.633333333 submit_mono_ns=6209675998401 presented_ns=6209700823000 receive_mono_ns=6209727057317 refresh_ns=19160758 sequence=165902 flags=7
[vo/wlshm] K230_SUBMIT serial=264 frame=297 pts=53.700000000 mono_ns=6209751113265
[vo/wlshm] K230_PRESENT serial=263 frame=296 pts=53.666666667 submit_mono_ns=6209719062420 presented_ns=6209739143000 receive_mono_ns=6209751371924 refresh_ns=19160758 sequence=165904 flags=7
[vo/wlshm] K230_PRESENT serial=264 frame=297 pts=53.700000000 submit_mono_ns=6209751113265 presented_ns=6209758303000 receive_mono_ns=6209764213076 refresh_ns=19160758 sequence=165905 flags=7
[vo/wlshm] K230_SUBMIT serial=265 frame=298 pts=53.733333333 mono_ns=6209778989575
[vo/wlshm] K230_SUBMIT serial=266 frame=299 pts=53.766666667 mono_ns=6209803838425
[vo/wlshm] K230_PRESENT serial=265 frame=298 pts=53.733333333 submit_mono_ns=6209778989575 presented_ns=6209796626000 receive_mono_ns=6209812486228 refresh_ns=19160758 sequence=165907 flags=7
[vo/wlshm] K230_SUBMIT serial=267 frame=300 pts=53.800000000 mono_ns=6209823095265
[vo/wlshm] K230_PRESENT serial=266 frame=299 pts=53.766666667 submit_mono_ns=6209803838425 presented_ns=6209815786000 receive_mono_ns=6209827685676 refresh_ns=19160758 sequence=165908 flags=7
[vo/wlshm] K230_SUBMIT serial=268 frame=301 pts=53.833333333 mono_ns=6209860116843
[vo/wlshm] K230_PRESENT serial=267 frame=300 pts=53.800000000 submit_mono_ns=6209823095265 presented_ns=6209834947000 receive_mono_ns=6209863741026 refresh_ns=19160758 sequence=165909 flags=7
[vo/wlshm] K230_SUBMIT serial=269 frame=302 pts=53.866666667 mono_ns=6209892112320
[vo/wlshm] K230_PRESENT serial=268 frame=301 pts=53.833333333 submit_mono_ns=6209860116843 presented_ns=6209873268000 receive_mono_ns=6209895743836 refresh_ns=19160758 sequence=165911 flags=7
[vo/wlshm] K230_SUBMIT serial=270 frame=303 pts=53.900000000 mono_ns=6209924224090
[vo/wlshm] K230_PRESENT serial=269 frame=302 pts=53.866666667 submit_mono_ns=6209892112320 presented_ns=6209911589000 receive_mono_ns=6209927823681 refresh_ns=19160758 sequence=165913 flags=7
[vo/wlshm] K230_SUBMIT serial=271 frame=304 pts=53.933333333 mono_ns=6209956167161
[vo/wlshm] K230_PRESENT serial=270 frame=303 pts=53.900000000 submit_mono_ns=6209924224090 presented_ns=6209949914000 receive_mono_ns=6209959796159 refresh_ns=19160758 sequence=165915 flags=7
[vo/wlshm] K230_SUBMIT serial=272 frame=305 pts=53.966666667 mono_ns=6209989497078
[vo/wlshm] K230_PRESENT serial=271 frame=304 pts=53.933333333 submit_mono_ns=6209956167161 presented_ns=6209969071000 receive_mono_ns=6209993166185 refresh_ns=19160758 sequence=165916 flags=7
[vo/wlshm] K230_SUBMIT serial=273 frame=306 pts=54.000000000 mono_ns=6210022828958
[vo/wlshm] K230_PRESENT serial=272 frame=305 pts=53.966666667 submit_mono_ns=6209989497078 presented_ns=6210007393000 receive_mono_ns=6210026483472 refresh_ns=19160758 sequence=165918 flags=7
[vo/wlshm] K230_SUBMIT serial=274 frame=307 pts=54.033333333 mono_ns=6210056974071
[vo/wlshm] K230_PRESENT serial=273 frame=306 pts=54.000000000 submit_mono_ns=6210022828958 presented_ns=6210045713000 receive_mono_ns=6210057208804 refresh_ns=19160758 sequence=165920 flags=7
[vo/wlshm] K230_SUBMIT serial=275 frame=308 pts=54.066666667 mono_ns=6210089489605
[vo/wlshm] K230_PRESENT serial=274 frame=307 pts=54.033333333 submit_mono_ns=6210056974071 presented_ns=6210084035000 receive_mono_ns=6210092212779 refresh_ns=19160758 sequence=165922 flags=7
[vo/wlshm] K230_SUBMIT serial=276 frame=309 pts=54.100000000 mono_ns=6210122812187
[vo/wlshm] K230_PRESENT serial=275 frame=308 pts=54.066666667 submit_mono_ns=6210089489605 presented_ns=6210103195000 receive_mono_ns=6210124195403 refresh_ns=19160758 sequence=165923 flags=7
[vo/wlshm] K230_SUBMIT serial=277 frame=310 pts=54.133333333 mono_ns=6210156159362
[vo/wlshm] K230_PRESENT serial=276 frame=309 pts=54.100000000 submit_mono_ns=6210122812187 presented_ns=6210141519000 receive_mono_ns=6210156382095 refresh_ns=19160758 sequence=165925 flags=7
[vo/wlshm] K230_SUBMIT serial=278 frame=311 pts=54.166666667 mono_ns=6210190003002
[vo/wlshm] K230_PRESENT serial=277 frame=310 pts=54.133333333 submit_mono_ns=6210156159362 presented_ns=6210160677000 receive_mono_ns=6210190238698 refresh_ns=19160758 sequence=165926 flags=7
[vo/wlshm] K230_SUBMIT serial=279 frame=312 pts=54.200000000 mono_ns=6210223000668
[vo/wlshm] K230_PRESENT serial=278 frame=311 pts=54.166666667 submit_mono_ns=6210190003002 presented_ns=6210218159000 receive_mono_ns=6210224188779 refresh_ns=19160758 sequence=165929 flags=7
[vo/wlshm] K230_SUBMIT serial=280 frame=313 pts=54.233333333 mono_ns=6210266552225
[vo/wlshm] K230_PRESENT serial=279 frame=312 pts=54.200000000 submit_mono_ns=6210223000668 presented_ns=6210237321000 receive_mono_ns=6210268202433 refresh_ns=19160758 sequence=165930 flags=7
[vo/wlshm] K230_PRESENT serial=280 frame=313 pts=54.233333333 submit_mono_ns=6210266552225 presented_ns=6210275647000 receive_mono_ns=6210277568953 refresh_ns=19160758 sequence=165932 flags=7
[vo/wlshm] K230_SUBMIT serial=281 frame=314 pts=54.266666667 mono_ns=6210316516211
[vo/wlshm] K230_SUBMIT serial=282 frame=315 pts=54.300000000 mono_ns=6210343455809
[vo/wlshm] K230_PRESENT serial=281 frame=314 pts=54.266666667 submit_mono_ns=6210316516211 presented_ns=6210333123000 receive_mono_ns=6210349742981 refresh_ns=19160758 sequence=165935 flags=7
[vo/wlshm] K230_SUBMIT serial=283 frame=316 pts=54.333333333 mono_ns=6210371002943
[vo/wlshm] K230_PRESENT serial=282 frame=315 pts=54.300000000 submit_mono_ns=6210343455809 presented_ns=6210352284000 receive_mono_ns=6210372193313 refresh_ns=19160758 sequence=165936 flags=7
[vo/wlshm] K230_SUBMIT serial=284 frame=317 pts=54.366666667 mono_ns=6210390070603
[vo/wlshm] K230_PRESENT serial=283 frame=316 pts=54.333333333 submit_mono_ns=6210371002943 presented_ns=6210390606000 receive_mono_ns=6210398001168 refresh_ns=19160758 sequence=165938 flags=7
[vo/wlshm] K230_SUBMIT serial=285 frame=318 pts=54.400000000 mono_ns=6210422818314
[vo/wlshm] K230_PRESENT serial=284 frame=317 pts=54.366666667 submit_mono_ns=6210390070603 presented_ns=6210409765000 receive_mono_ns=6210428275921 refresh_ns=19160758 sequence=165939 flags=7
[vo/wlshm] K230_SUBMIT serial=286 frame=319 pts=54.433333333 mono_ns=6210460122957
[vo/wlshm] K230_PRESENT serial=285 frame=318 pts=54.400000000 submit_mono_ns=6210422818314 presented_ns=6210428939000 receive_mono_ns=6210462687210 refresh_ns=19160758 sequence=165940 flags=7
[vo/wlshm] K230_SUBMIT serial=287 frame=320 pts=54.466666667 mono_ns=6210492119840
[vo/wlshm] K230_PRESENT serial=286 frame=319 pts=54.433333333 submit_mono_ns=6210460122957 presented_ns=6210486409000 receive_mono_ns=6210495747763 refresh_ns=19160758 sequence=165943 flags=7
[vo/wlshm] K230_SUBMIT serial=288 frame=321 pts=54.500000000 mono_ns=6210524116983
[vo/wlshm] K230_PRESENT serial=287 frame=320 pts=54.466666667 submit_mono_ns=6210492119840 presented_ns=6210505570000 receive_mono_ns=6210527746535 refresh_ns=19160758 sequence=165944 flags=7
[vo/wlshm] K230_SUBMIT serial=289 frame=322 pts=54.533333333 mono_ns=6210560173998
[vo/wlshm] K230_PRESENT serial=288 frame=321 pts=54.500000000 submit_mono_ns=6210524116983 presented_ns=6210543892000 receive_mono_ns=6210563862808 refresh_ns=19160758 sequence=165946 flags=7
[vo/wlshm] K230_SUBMIT serial=290 frame=323 pts=54.566666667 mono_ns=6210592108920
[vo/wlshm] K230_PRESENT serial=289 frame=322 pts=54.533333333 submit_mono_ns=6210560173998 presented_ns=6210582212000 receive_mono_ns=6210595753953 refresh_ns=19160758 sequence=165948 flags=7
[vo/wlshm] K230_SUBMIT serial=291 frame=324 pts=54.600000000 mono_ns=6210622806288
[vo/wlshm] K230_PRESENT serial=290 frame=323 pts=54.566666667 submit_mono_ns=6210592108920 presented_ns=6210601375000 receive_mono_ns=6210626771534 refresh_ns=19160758 sequence=165949 flags=7
[vo/wlshm] K230_SUBMIT serial=292 frame=325 pts=54.633333333 mono_ns=6210656125464
[vo/wlshm] K230_PRESENT serial=291 frame=324 pts=54.600000000 submit_mono_ns=6210622806288 presented_ns=6210639693000 receive_mono_ns=6210656355456 refresh_ns=19160758 sequence=165951 flags=7
[vo/wlshm] K230_SUBMIT serial=293 frame=326 pts=54.666666667 mono_ns=6210689474527
[vo/wlshm] K230_PRESENT serial=292 frame=325 pts=54.633333333 submit_mono_ns=6210656125464 presented_ns=6210678014000 receive_mono_ns=6210689710112 refresh_ns=19160758 sequence=165953 flags=7
[vo/wlshm] K230_SUBMIT serial=294 frame=327 pts=54.700000000 mono_ns=6210722960326
[vo/wlshm] K230_PRESENT serial=293 frame=326 pts=54.666666667 submit_mono_ns=6210689474527 presented_ns=6210697179000 receive_mono_ns=6210724192287 refresh_ns=19160758 sequence=165954 flags=7
[vo/wlshm] K230_SUBMIT serial=295 frame=328 pts=54.733333333 mono_ns=6210756144802
[vo/wlshm] K230_PRESENT serial=294 frame=327 pts=54.700000000 submit_mono_ns=6210722960326 presented_ns=6210735497000 receive_mono_ns=6210759749577 refresh_ns=19160758 sequence=165956 flags=7
[vo/wlshm] K230_SUBMIT serial=296 frame=329 pts=54.766666667 mono_ns=6210793939725
[vo/wlshm] K230_PRESENT serial=295 frame=328 pts=54.733333333 submit_mono_ns=6210756144802 presented_ns=6210773818000 receive_mono_ns=6210801568115 refresh_ns=19160758 sequence=165958 flags=7
[vo/wlshm] K230_SUBMIT serial=297 frame=330 pts=54.800000000 mono_ns=6210822804929
[vo/wlshm] K230_PRESENT serial=296 frame=329 pts=54.766666667 submit_mono_ns=6210793939725 presented_ns=6210812139000 receive_mono_ns=6210824226477 refresh_ns=19160758 sequence=165960 flags=7
[vo/wlshm] K230_SUBMIT serial=298 frame=331 pts=54.833333333 mono_ns=6210857946343
[vo/wlshm] K230_PRESENT serial=297 frame=330 pts=54.800000000 submit_mono_ns=6210822804929 presented_ns=6210831299000 receive_mono_ns=6210863285027 refresh_ns=19160758 sequence=165961 flags=7
[vo/wlshm] K230_SUBMIT serial=299 frame=332 pts=54.866666667 mono_ns=6210890366509
[vo/wlshm] K230_PRESENT serial=298 frame=331 pts=54.833333333 submit_mono_ns=6210857946343 presented_ns=6210869623000 receive_mono_ns=6210895366241 refresh_ns=19160758 sequence=165963 flags=7
[vo/wlshm] K230_SUBMIT serial=300 frame=333 pts=54.900000000 mono_ns=6210928647640
[vo/wlshm] K230_PRESENT serial=299 frame=332 pts=54.866666667 submit_mono_ns=6210890366509 presented_ns=6210907942000 receive_mono_ns=6210932196084 refresh_ns=19160758 sequence=165965 flags=7
[vo/wlshm] K230_SUBMIT serial=301 frame=334 pts=54.933333333 mono_ns=6210960135391
[vo/wlshm] K230_PRESENT serial=300 frame=333 pts=54.900000000 submit_mono_ns=6210928647640 presented_ns=6210946263000 receive_mono_ns=6210963727648 refresh_ns=19160758 sequence=165967 flags=7
[vo/wlshm] K230_SUBMIT serial=302 frame=335 pts=54.966666667 mono_ns=6210989467765
[vo/wlshm] K230_PRESENT serial=301 frame=334 pts=54.933333333 submit_mono_ns=6210960135391 presented_ns=6210984585000 receive_mono_ns=6210989692610 refresh_ns=19160758 sequence=165969 flags=7
[vo/wlshm] K230_SUBMIT serial=303 frame=336 pts=55.000000000 mono_ns=6211024111750
[vo/wlshm] K230_PRESENT serial=302 frame=335 pts=54.966666667 submit_mono_ns=6210989467765 presented_ns=6211003746000 receive_mono_ns=6211026742520 refresh_ns=19160758 sequence=165970 flags=7
[vo/wlshm] K230_SUBMIT serial=304 frame=337 pts=55.033333333 mono_ns=6211056317294
[vo/wlshm] K230_PRESENT serial=303 frame=336 pts=55.000000000 submit_mono_ns=6211024111750 presented_ns=6211042068000 receive_mono_ns=6211059952180 refresh_ns=19160758 sequence=165972 flags=7
[vo/wlshm] K230_PRESENT serial=304 frame=337 pts=55.033333333 submit_mono_ns=6211056317294 presented_ns=6211061228000 receive_mono_ns=6211064573627 refresh_ns=19160758 sequence=165973 flags=7
[vo/wlshm] K230_SUBMIT serial=305 frame=338 pts=55.066666667 mono_ns=6211089485399
[vo/wlshm] K230_SUBMIT serial=306 frame=339 pts=55.100000000 mono_ns=6211128125702
[vo/wlshm] K230_PRESENT serial=305 frame=338 pts=55.066666667 submit_mono_ns=6211089485399 presented_ns=6211099549000 receive_mono_ns=6211130782174 refresh_ns=19160758 sequence=165975 flags=7
[vo/wlshm] K230_SUBMIT serial=307 frame=340 pts=55.133333333 mono_ns=6211156282927
[vo/wlshm] K230_PRESENT serial=306 frame=339 pts=55.100000000 submit_mono_ns=6211128125702 presented_ns=6211137869000 receive_mono_ns=6211159892110 refresh_ns=19160758 sequence=165977 flags=7
[vo/wlshm] K230_SUBMIT serial=308 frame=341 pts=55.166666667 mono_ns=6211192307386
[vo/wlshm] K230_PRESENT serial=307 frame=340 pts=55.133333333 submit_mono_ns=6211156282927 presented_ns=6211176192000 receive_mono_ns=6211196185005 refresh_ns=19160758 sequence=165979 flags=7
[vo/wlshm] K230_SUBMIT serial=309 frame=342 pts=55.200000000 mono_ns=6211224263936
[vo/wlshm] K230_PRESENT serial=308 frame=341 pts=55.166666667 submit_mono_ns=6211192307386 presented_ns=6211214512000 receive_mono_ns=6211227059219 refresh_ns=19160758 sequence=165981 flags=7
[vo/wlshm] K230_PRESENT serial=309 frame=342 pts=55.200000000 submit_mono_ns=6211224263936 presented_ns=6211233672000 receive_mono_ns=6211234150811 refresh_ns=19160758 sequence=165982 flags=7
[vo/wlshm] K230_SUBMIT serial=310 frame=343 pts=55.233333333 mono_ns=6211256106416
[vo/wlshm] K230_SUBMIT serial=311 frame=344 pts=55.266666667 mono_ns=6211289462589
[vo/wlshm] K230_PRESENT serial=310 frame=343 pts=55.233333333 submit_mono_ns=6211256106416 presented_ns=6211272000000 receive_mono_ns=6211297247899 refresh_ns=19160758 sequence=165984 flags=7
[vo/wlshm] K230_SUBMIT serial=312 frame=345 pts=55.300000000 mono_ns=6211324417859
[vo/wlshm] K230_PRESENT serial=311 frame=344 pts=55.266666667 submit_mono_ns=6211289462589 presented_ns=6211310316000 receive_mono_ns=6211326152249 refresh_ns=19160758 sequence=165986 flags=7
[vo/wlshm] K230_SUBMIT serial=313 frame=346 pts=55.333333333 mono_ns=6211356103603
[vo/wlshm] K230_PRESENT serial=312 frame=345 pts=55.300000000 submit_mono_ns=6211324417859 presented_ns=6211348638000 receive_mono_ns=6211357621482 refresh_ns=19160758 sequence=165988 flags=7
[vo/wlshm] K230_SUBMIT serial=314 frame=347 pts=55.366666667 mono_ns=6211399910003
[vo/wlshm] K230_PRESENT serial=313 frame=346 pts=55.333333333 submit_mono_ns=6211356103603 presented_ns=6211367802000 receive_mono_ns=6211405661303 refresh_ns=19160758 sequence=165989 flags=7
[vo/wlshm] K230_SUBMIT serial=315 frame=348 pts=55.400000000 mono_ns=6211440508096
[vo/wlshm] K230_PRESENT serial=314 frame=347 pts=55.366666667 submit_mono_ns=6211399910003 presented_ns=6211425278000 receive_mono_ns=6211447828273 refresh_ns=19160758 sequence=165992 flags=7
[vo/wlshm] K230_SUBMIT serial=316 frame=349 pts=55.433333333 mono_ns=6211478174763
[vo/wlshm] K230_PRESENT serial=315 frame=348 pts=55.400000000 submit_mono_ns=6211440508096 presented_ns=6211463601000 receive_mono_ns=6211480201403 refresh_ns=19160758 sequence=165994 flags=7
[vo/wlshm] K230_SUBMIT serial=317 frame=350 pts=55.466666667 mono_ns=6211503568371
[vo/wlshm] K230_PRESENT serial=316 frame=349 pts=55.433333333 submit_mono_ns=6211478174763 presented_ns=6211501922000 receive_mono_ns=6211508275075 refresh_ns=19160758 sequence=165996 flags=7
[vo/wlshm] K230_SUBMIT serial=318 frame=351 pts=55.500000000 mono_ns=6211524869034
[vo/wlshm] K230_PRESENT serial=317 frame=350 pts=55.466666667 submit_mono_ns=6211503568371 presented_ns=6211521083000 receive_mono_ns=6211528210633 refresh_ns=19160758 sequence=165997 flags=7
[vo/wlshm] K230_SUBMIT serial=319 frame=352 pts=55.533333333 mono_ns=6211560119555
[vo/wlshm] K230_PRESENT serial=318 frame=351 pts=55.500000000 submit_mono_ns=6211524869034 presented_ns=6211540242000 receive_mono_ns=6211563741367 refresh_ns=19160758 sequence=165998 flags=7
[vo/wlshm] K230_SUBMIT serial=320 frame=353 pts=55.566666667 mono_ns=6211589474150
[vo/wlshm] K230_PRESENT serial=319 frame=352 pts=55.533333333 submit_mono_ns=6211560119555 presented_ns=6211578565000 receive_mono_ns=6211592213286 refresh_ns=19160758 sequence=166000 flags=7
[vo/wlshm] K230_SUBMIT serial=321 frame=354 pts=55.600000000 mono_ns=6211622814731
[vo/wlshm] K230_PRESENT serial=320 frame=353 pts=55.566666667 submit_mono_ns=6211589474150 presented_ns=6211597725000 receive_mono_ns=6211626466282 refresh_ns=19160758 sequence=166001 flags=7
[vo/wlshm] K230_SUBMIT serial=322 frame=355 pts=55.633333333 mono_ns=6211660125038
[vo/wlshm] K230_PRESENT serial=321 frame=354 pts=55.600000000 submit_mono_ns=6211622814731 presented_ns=6211636055000 receive_mono_ns=6211663724036 refresh_ns=19160758 sequence=166003 flags=7
[vo/wlshm] K230_SUBMIT serial=323 frame=356 pts=55.666666667 mono_ns=6211690769963
[vo/wlshm] K230_PRESENT serial=322 frame=355 pts=55.633333333 submit_mono_ns=6211660125038 presented_ns=6211674368000 receive_mono_ns=6211690997808 refresh_ns=19160758 sequence=166005 flags=7
[vo/wlshm] K230_SUBMIT serial=324 frame=357 pts=55.700000000 mono_ns=6211722790104
[vo/wlshm] K230_PRESENT serial=323 frame=356 pts=55.666666667 submit_mono_ns=6211690769963 presented_ns=6211712690000 receive_mono_ns=6211724194615 refresh_ns=19160758 sequence=166007 flags=7
[vo/wlshm] K230_SUBMIT serial=325 frame=358 pts=55.733333333 mono_ns=6211756114722
[vo/wlshm] K230_PRESENT serial=324 frame=357 pts=55.700000000 submit_mono_ns=6211722790104 presented_ns=6211731850000 receive_mono_ns=6211756338419 refresh_ns=19160758 sequence=166008 flags=7
[vo/wlshm] K230_SUBMIT serial=326 frame=359 pts=55.766666667 mono_ns=6211789441414
[vo/wlshm] K230_PRESENT serial=325 frame=358 pts=55.733333333 submit_mono_ns=6211756114722 presented_ns=6211770170000 receive_mono_ns=6211789669111 refresh_ns=19160758 sequence=166010 flags=7
[vo/wlshm] K230_SUBMIT serial=327 frame=360 pts=55.800000000 mono_ns=6211822775291
[vo/wlshm] K230_PRESENT serial=326 frame=359 pts=55.766666667 submit_mono_ns=6211789441414 presented_ns=6211808491000 receive_mono_ns=6211826429769 refresh_ns=19160758 sequence=166012 flags=7
[vo/wlshm] K230_SUBMIT serial=328 frame=361 pts=55.833333333 mono_ns=6211856111428
[vo/wlshm] K230_PRESENT serial=327 frame=360 pts=55.800000000 submit_mono_ns=6211822775291 presented_ns=6211827653000 receive_mono_ns=6211856336087 refresh_ns=19160758 sequence=166013 flags=7
[vo/wlshm] K230_SUBMIT serial=329 frame=362 pts=55.866666667 mono_ns=6211890501161
[vo/wlshm] K230_PRESENT serial=328 frame=361 pts=55.833333333 submit_mono_ns=6211856111428 presented_ns=6211865974000 receive_mono_ns=6211894902911 refresh_ns=19160758 sequence=166015 flags=7
[vo/wlshm] K230_SUBMIT serial=330 frame=363 pts=55.900000000 mono_ns=6211924612606
[vo/wlshm] K230_PRESENT serial=329 frame=362 pts=55.866666667 submit_mono_ns=6211890501161 presented_ns=6211904299000 receive_mono_ns=6211924851450 refresh_ns=19160758 sequence=166017 flags=7
[vo/wlshm] K230_PRESENT serial=330 frame=363 pts=55.900000000 submit_mono_ns=6211924612606 presented_ns=6211942616000 receive_mono_ns=6211944766639 refresh_ns=19160758 sequence=166019 flags=7
[vo/wlshm] K230_SUBMIT serial=331 frame=364 pts=55.933333333 mono_ns=6211975577706
[vo/wlshm] K230_SUBMIT serial=332 frame=365 pts=55.966666667 mono_ns=6212006678617
[vo/wlshm] K230_PRESENT serial=331 frame=364 pts=55.933333333 submit_mono_ns=6211975577706 presented_ns=6212000101000 receive_mono_ns=6212021762661 refresh_ns=19160758 sequence=166022 flags=7
[vo/wlshm] K230_PRESENT serial=332 frame=365 pts=55.966666667 submit_mono_ns=6212006678617 presented_ns=6212019259000 receive_mono_ns=6212021879509 refresh_ns=19160758 sequence=166023 flags=7
[vo/wlshm] K230_SUBMIT serial=333 frame=366 pts=56.000000000 mono_ns=6212061567371
[vo/wlshm] K230_SUBMIT serial=334 frame=367 pts=56.033333333 mono_ns=6212086104673
[vo/wlshm] K230_PRESENT serial=333 frame=366 pts=56.000000000 submit_mono_ns=6212061567371 presented_ns=6212076741000 receive_mono_ns=6212094003239 refresh_ns=19160758 sequence=166026 flags=7
[vo/wlshm] K230_SUBMIT serial=335 frame=368 pts=56.066666667 mono_ns=6212110398352
[vo/wlshm] K230_PRESENT serial=334 frame=367 pts=56.033333333 submit_mono_ns=6212086104673 presented_ns=6212095901000 receive_mono_ns=6212117773527 refresh_ns=19160758 sequence=166027 flags=7
[vo/wlshm] K230_SUBMIT serial=336 frame=369 pts=56.100000000 mono_ns=6212133389924
[vo/wlshm] K230_PRESENT serial=335 frame=368 pts=56.066666667 submit_mono_ns=6212110398352 presented_ns=6212134222000 receive_mono_ns=6212142306458 refresh_ns=19160758 sequence=166029 flags=7
[vo/wlshm] K230_SUBMIT serial=337 frame=370 pts=56.133333333 mono_ns=6212159020747
[vo/wlshm] K230_PRESENT serial=336 frame=369 pts=56.100000000 submit_mono_ns=6212133389924 presented_ns=6212153384000 receive_mono_ns=6212159271294 refresh_ns=19160758 sequence=166030 flags=7
[vo/wlshm] K230_SUBMIT serial=338 frame=371 pts=56.166666667 mono_ns=6212192118964
[vo/wlshm] K230_PRESENT serial=337 frame=370 pts=56.133333333 submit_mono_ns=6212159020747 presented_ns=6212172544000 receive_mono_ns=6212195753590 refresh_ns=19160758 sequence=166031 flags=7
[vo/wlshm] K230_SUBMIT serial=339 frame=372 pts=56.200000000 mono_ns=6212222815441
[vo/wlshm] K230_PRESENT serial=338 frame=371 pts=56.166666667 submit_mono_ns=6212192118964 presented_ns=6212210865000 receive_mono_ns=6212226637173 refresh_ns=19160758 sequence=166033 flags=7
[vo/wlshm] K230_PRESENT serial=339 frame=372 pts=56.200000000 submit_mono_ns=6212222815441 presented_ns=6212230026000 receive_mono_ns=6212230885928 refresh_ns=19160758 sequence=166034 flags=7
[vo/wlshm] K230_SUBMIT serial=340 frame=373 pts=56.233333333 mono_ns=6212256169502
[vo/wlshm] K230_SUBMIT serial=341 frame=374 pts=56.266666667 mono_ns=6212292114814
[vo/wlshm] K230_PRESENT serial=340 frame=373 pts=56.233333333 submit_mono_ns=6212256169502 presented_ns=6212268346000 receive_mono_ns=6212295767403 refresh_ns=19160758 sequence=166036 flags=7
[vo/wlshm] K230_SUBMIT serial=342 frame=375 pts=56.300000000 mono_ns=6212322773886
[vo/wlshm] K230_PRESENT serial=341 frame=374 pts=56.266666667 submit_mono_ns=6212292114814 presented_ns=6212306668000 receive_mono_ns=6212329858885 refresh_ns=19160758 sequence=166038 flags=7
[vo/wlshm] K230_SUBMIT serial=343 frame=376 pts=56.333333333 mono_ns=6212356076763
[vo/wlshm] K230_PRESENT serial=342 frame=375 pts=56.300000000 submit_mono_ns=6212322773886 presented_ns=6212344989000 receive_mono_ns=6212359648206 refresh_ns=19160758 sequence=166040 flags=7
[vo/wlshm] K230_SUBMIT serial=344 frame=377 pts=56.366666667 mono_ns=6212389410824
[vo/wlshm] K230_PRESENT serial=343 frame=376 pts=56.333333333 submit_mono_ns=6212356076763 presented_ns=6212364157000 receive_mono_ns=6212390399200 refresh_ns=19160758 sequence=166041 flags=7
[vo/wlshm] K230_SUBMIT serial=345 frame=378 pts=56.400000000 mono_ns=6212422745737
[vo/wlshm] K230_PRESENT serial=344 frame=377 pts=56.366666667 submit_mono_ns=6212389410824 presented_ns=6212402471000 receive_mono_ns=6212424195988 refresh_ns=19160758 sequence=166043 flags=7
[vo/wlshm] K230_SUBMIT serial=346 frame=379 pts=56.433333333 mono_ns=6212456095242
[vo/wlshm] K230_PRESENT serial=345 frame=378 pts=56.400000000 submit_mono_ns=6212422745737 presented_ns=6212440794000 receive_mono_ns=6212456959437 refresh_ns=19160758 sequence=166045 flags=7
[vo/wlshm] K230_SUBMIT serial=347 frame=380 pts=56.466666667 mono_ns=6212489444599
[vo/wlshm] K230_PRESENT serial=346 frame=379 pts=56.433333333 submit_mono_ns=6212456095242 presented_ns=6212479113000 receive_mono_ns=6212489750886 refresh_ns=19160758 sequence=166047 flags=7
[vo/wlshm] K230_SUBMIT serial=348 frame=381 pts=56.500000000 mono_ns=6212522946433
[vo/wlshm] K230_PRESENT serial=347 frame=380 pts=56.466666667 submit_mono_ns=6212489444599 presented_ns=6212517435000 receive_mono_ns=6212527147078 refresh_ns=19160758 sequence=166049 flags=7
[vo/wlshm] K230_PRESENT serial=348 frame=381 pts=56.500000000 submit_mono_ns=6212522946433 presented_ns=6212536595000 receive_mono_ns=6212537909665 refresh_ns=19160758 sequence=166050 flags=7
[vo/wlshm] K230_SUBMIT serial=349 frame=382 pts=56.533333333 mono_ns=6212567504696
[vo/wlshm] K230_PRESENT serial=349 frame=382 pts=56.533333333 submit_mono_ns=6212567504696 presented_ns=6212574919000 receive_mono_ns=6212577174725 refresh_ns=19160758 sequence=166052 flags=7
[vo/wlshm] K230_SUBMIT serial=350 frame=383 pts=56.566666667 mono_ns=6212617815149
[vo/wlshm] K230_SUBMIT serial=351 frame=384 pts=56.600000000 mono_ns=6212644791595
[vo/wlshm] K230_PRESENT serial=350 frame=383 pts=56.566666667 submit_mono_ns=6212617815149 presented_ns=6212632400000 receive_mono_ns=6212648222413 refresh_ns=19160758 sequence=166055 flags=7
[vo/wlshm] K230_SUBMIT serial=352 frame=385 pts=56.633333333 mono_ns=6212679013629
[vo/wlshm] K230_PRESENT serial=351 frame=384 pts=56.600000000 submit_mono_ns=6212644791595 presented_ns=6212670720000 receive_mono_ns=6212680204776 refresh_ns=19160758 sequence=166057 flags=7
[vo/wlshm] K230_SUBMIT serial=353 frame=386 pts=56.666666667 mono_ns=6212699383061
[vo/wlshm] K230_PRESENT serial=352 frame=385 pts=56.633333333 submit_mono_ns=6212679013629 presented_ns=6212689881000 receive_mono_ns=6212700237812 refresh_ns=19160758 sequence=166058 flags=7
[vo/wlshm] K230_SUBMIT serial=354 frame=387 pts=56.700000000 mono_ns=6212722840804
[vo/wlshm] K230_PRESENT serial=353 frame=386 pts=56.666666667 submit_mono_ns=6212699383061 presented_ns=6212709042000 receive_mono_ns=6212724190687 refresh_ns=19160758 sequence=166059 flags=7
[vo/wlshm] K230_SUBMIT serial=355 frame=388 pts=56.733333333 mono_ns=6212764182205
[vo/wlshm] K230_PRESENT serial=354 frame=387 pts=56.700000000 submit_mono_ns=6212722840804 presented_ns=6212747363000 receive_mono_ns=6212767771315 refresh_ns=19160758 sequence=166061 flags=7
[vo/wlshm] K230_SUBMIT serial=356 frame=389 pts=56.766666667 mono_ns=6212796768587
[vo/wlshm] K230_PRESENT serial=355 frame=388 pts=56.733333333 submit_mono_ns=6212764182205 presented_ns=6212785686000 receive_mono_ns=6212800248477 refresh_ns=19160758 sequence=166063 flags=7
[vo/wlshm] K230_SUBMIT serial=357 frame=390 pts=56.800000000 mono_ns=6212825224579
[vo/wlshm] K230_PRESENT serial=356 frame=389 pts=56.766666667 submit_mono_ns=6212796768587 presented_ns=6212804844000 receive_mono_ns=6212833288029 refresh_ns=19160758 sequence=166064 flags=7
[vo/wlshm] K230_SUBMIT serial=358 frame=391 pts=56.833333333 mono_ns=6212857302421
[vo/wlshm] K230_PRESENT serial=357 frame=390 pts=56.800000000 submit_mono_ns=6212825224579 presented_ns=6212843165000 receive_mono_ns=6212860401027 refresh_ns=19160758 sequence=166066 flags=7
[vo/wlshm] K230_SUBMIT serial=359 frame=392 pts=56.866666667 mono_ns=6212889419891
[vo/wlshm] K230_PRESENT serial=358 frame=391 pts=56.833333333 submit_mono_ns=6212857302421 presented_ns=6212881487000 receive_mono_ns=6212892236172 refresh_ns=19160758 sequence=166068 flags=7
[vo/wlshm] K230_SUBMIT serial=360 frame=393 pts=56.900000000 mono_ns=6212922756952
[vo/wlshm] K230_PRESENT serial=359 frame=392 pts=56.866666667 submit_mono_ns=6212889419891 presented_ns=6212900648000 receive_mono_ns=6212926474427 refresh_ns=19160758 sequence=166069 flags=7
[vo/wlshm] K230_SUBMIT serial=361 frame=394 pts=56.933333333 mono_ns=6212956600256
[vo/wlshm] K230_PRESENT serial=360 frame=393 pts=56.900000000 submit_mono_ns=6212922756952 presented_ns=6212938968000 receive_mono_ns=6212958016360 refresh_ns=19160758 sequence=166071 flags=7
[vo/wlshm] K230_SUBMIT serial=362 frame=395 pts=56.966666667 mono_ns=6212989401297
[vo/wlshm] K230_PRESENT serial=361 frame=394 pts=56.933333333 submit_mono_ns=6212956600256 presented_ns=6212977290000 receive_mono_ns=6212989629734 refresh_ns=19160758 sequence=166073 flags=7
[vo/wlshm] K230_SUBMIT serial=363 frame=396 pts=57.000000000 mono_ns=6213022737877
[vo/wlshm] K230_PRESENT serial=362 frame=395 pts=56.966666667 submit_mono_ns=6212989401297 presented_ns=6212996451000 receive_mono_ns=6213024203127 refresh_ns=19160758 sequence=166074 flags=7
[vo/wlshm] K230_SUBMIT serial=364 frame=397 pts=57.033333333 mono_ns=6213056077234
[vo/wlshm] K230_PRESENT serial=363 frame=396 pts=57.000000000 submit_mono_ns=6213022737877 presented_ns=6213034773000 receive_mono_ns=6213056300561 refresh_ns=19160758 sequence=166076 flags=7
[vo/wlshm] K230_SUBMIT serial=365 frame=398 pts=57.066666667 mono_ns=6213089591104
[vo/wlshm] K230_PRESENT serial=364 frame=397 pts=57.033333333 submit_mono_ns=6213056077234 presented_ns=6213073096000 receive_mono_ns=6213089823578 refresh_ns=19160758 sequence=166078 flags=7
[vo/wlshm] K230_SUBMIT serial=366 frame=399 pts=57.100000000 mono_ns=6213152099985
[vo/wlshm] K230_PRESENT serial=365 frame=398 pts=57.066666667 submit_mono_ns=6213089591104 presented_ns=6213111420000 receive_mono_ns=6213155799165 refresh_ns=19160758 sequence=166080 flags=7
[vo/wlshm] K230_SUBMIT serial=367 frame=400 pts=57.133333333 mono_ns=6213207483239
[vo/wlshm] K230_PRESENT serial=366 frame=399 pts=57.100000000 submit_mono_ns=6213152099985 presented_ns=6213168897000 receive_mono_ns=6213211657404 refresh_ns=19160758 sequence=166083 flags=7
[vo/wlshm] K230_SUBMIT serial=368 frame=401 pts=57.166666667 mono_ns=6213245815364
[vo/wlshm] K230_PRESENT serial=367 frame=400 pts=57.133333333 submit_mono_ns=6213207483239 presented_ns=6213226379000 receive_mono_ns=6213246060689 refresh_ns=19160758 sequence=166086 flags=7
[vo/wlshm] K230_SUBMIT serial=369 frame=403 pts=57.233333333 mono_ns=6213280606785
[vo/wlshm] K230_PRESENT serial=368 frame=401 pts=57.166666667 submit_mono_ns=6213245815364 presented_ns=6213264700000 receive_mono_ns=6213280851407 refresh_ns=19160758 sequence=166088 flags=7
[vo/wlshm] K230_SUBMIT serial=370 frame=404 pts=57.266666667 mono_ns=6213304313741
[vo/wlshm] K230_PRESENT serial=369 frame=403 pts=57.233333333 submit_mono_ns=6213280606785 presented_ns=6213303022000 receive_mono_ns=6213307908961 refresh_ns=19160758 sequence=166090 flags=7
[vo/wlshm] K230_SUBMIT serial=371 frame=405 pts=57.300000000 mono_ns=6213328640382
[vo/wlshm] K230_PRESENT serial=370 frame=404 pts=57.266666667 submit_mono_ns=6213304313741 presented_ns=6213322184000 receive_mono_ns=6213332204047 refresh_ns=19160758 sequence=166091 flags=7
[vo/wlshm] K230_SUBMIT serial=372 frame=406 pts=57.333333333 mono_ns=6213360158499
[vo/wlshm] K230_PRESENT serial=371 frame=405 pts=57.300000000 submit_mono_ns=6213328640382 presented_ns=6213341342000 receive_mono_ns=6213363769645 refresh_ns=19160758 sequence=166092 flags=7
[vo/wlshm] K230_SUBMIT serial=373 frame=407 pts=57.366666667 mono_ns=6213389412540
[vo/wlshm] K230_PRESENT serial=372 frame=406 pts=57.333333333 submit_mono_ns=6213360158499 presented_ns=6213379663000 receive_mono_ns=6213396394172 refresh_ns=19160758 sequence=166094 flags=7
[vo/wlshm] K230_SUBMIT serial=374 frame=408 pts=57.400000000 mono_ns=6213424137186
[vo/wlshm] K230_PRESENT serial=373 frame=407 pts=57.366666667 submit_mono_ns=6213389412540 presented_ns=6213398824000 receive_mono_ns=6213427634298 refresh_ns=19160758 sequence=166095 flags=7
[vo/wlshm] K230_SUBMIT serial=375 frame=409 pts=57.433333333 mono_ns=6213460118348
[vo/wlshm] K230_PRESENT serial=374 frame=408 pts=57.400000000 submit_mono_ns=6213424137186 presented_ns=6213437145000 receive_mono_ns=6213463870229 refresh_ns=19160758 sequence=166097 flags=7
[vo/wlshm] K230_SUBMIT serial=376 frame=410 pts=57.466666667 mono_ns=6213489392536
[vo/wlshm] K230_PRESENT serial=375 frame=409 pts=57.433333333 submit_mono_ns=6213460118348 presented_ns=6213475467000 receive_mono_ns=6213492215299 refresh_ns=19160758 sequence=166099 flags=7
[vo/wlshm] K230_PRESENT serial=376 frame=410 pts=57.466666667 submit_mono_ns=6213489392536 presented_ns=6213494627000 receive_mono_ns=6213495251351 refresh_ns=19160758 sequence=166100 flags=7
[vo/wlshm] K230_SUBMIT serial=377 frame=411 pts=57.500000000 mono_ns=6213522716892
[vo/wlshm] K230_SUBMIT serial=378 frame=412 pts=57.533333333 mono_ns=6213556878593
[vo/wlshm] K230_PRESENT serial=377 frame=411 pts=57.500000000 submit_mono_ns=6213522716892 presented_ns=6213532948000 receive_mono_ns=6213557153918 refresh_ns=19160758 sequence=166102 flags=7
[vo/wlshm] K230_SUBMIT serial=379 frame=413 pts=57.566666667 mono_ns=6213589377939
[vo/wlshm] K230_PRESENT serial=378 frame=412 pts=57.533333333 submit_mono_ns=6213556878593 presented_ns=6213571270000 receive_mono_ns=6213592210183 refresh_ns=19160758 sequence=166104 flags=7
[vo/wlshm] K230_SUBMIT serial=380 frame=414 pts=57.600000000 mono_ns=6213622719776
[vo/wlshm] K230_PRESENT serial=379 frame=413 pts=57.566666667 submit_mono_ns=6213589377939 presented_ns=6213609590000 receive_mono_ns=6213622951399 refresh_ns=19160758 sequence=166106 flags=7
[vo/wlshm] K230_SUBMIT serial=381 frame=415 pts=57.633333333 mono_ns=6213656111501
[vo/wlshm] K230_PRESENT serial=380 frame=414 pts=57.600000000 submit_mono_ns=6213622719776 presented_ns=6213628751000 receive_mono_ns=6213656343531 refresh_ns=19160758 sequence=166107 flags=7
[vo/wlshm] K230_SUBMIT serial=382 frame=416 pts=57.666666667 mono_ns=6213689375342
[vo/wlshm] K230_PRESENT serial=381 frame=415 pts=57.633333333 submit_mono_ns=6213656111501 presented_ns=6213667073000 receive_mono_ns=6213692212178 refresh_ns=19160758 sequence=166109 flags=7
[vo/wlshm] K230_SUBMIT serial=383 frame=417 pts=57.700000000 mono_ns=6213722709254
[vo/wlshm] K230_PRESENT serial=382 frame=416 pts=57.666666667 submit_mono_ns=6213689375342 presented_ns=6213705394000 receive_mono_ns=6213724201984 refresh_ns=19160758 sequence=166111 flags=7
[vo/wlshm] K230_SUBMIT serial=384 frame=418 pts=57.733333333 mono_ns=6213764476307
[vo/wlshm] K230_PRESENT serial=383 frame=417 pts=57.700000000 submit_mono_ns=6213722709254 presented_ns=6213743716000 receive_mono_ns=6213764719892 refresh_ns=19160758 sequence=166113 flags=7
[vo/wlshm] K230_SUBMIT serial=385 frame=419 pts=57.766666667 mono_ns=6213789373300
[vo/wlshm] K230_PRESENT serial=384 frame=418 pts=57.733333333 submit_mono_ns=6213764476307 presented_ns=6213782038000 receive_mono_ns=6213789605848 refresh_ns=19160758 sequence=166115 flags=7
[vo/wlshm] K230_SUBMIT serial=386 frame=420 pts=57.800000000 mono_ns=6213825590269
[vo/wlshm] K230_PRESENT serial=385 frame=419 pts=57.766666667 submit_mono_ns=6213789373300 presented_ns=6213801196000 receive_mono_ns=6213831201055 refresh_ns=19160758 sequence=166116 flags=7
[vo/wlshm] K230_SUBMIT serial=387 frame=421 pts=57.833333333 mono_ns=6213858634635
[vo/wlshm] K230_PRESENT serial=386 frame=420 pts=57.800000000 submit_mono_ns=6213825590269 presented_ns=6213839520000 receive_mono_ns=6213860212955 refresh_ns=19160758 sequence=166118 flags=7
[vo/wlshm] K230_SUBMIT serial=388 frame=422 pts=57.866666667 mono_ns=6213895652467
[vo/wlshm] K230_PRESENT serial=387 frame=421 pts=57.833333333 submit_mono_ns=6213858634635 presented_ns=6213877839000 receive_mono_ns=6213912197427 refresh_ns=19160758 sequence=166120 flags=7
[vo/wlshm] K230_SUBMIT serial=389 frame=423 pts=57.900000000 mono_ns=6213924896286
[vo/wlshm] K230_PRESENT serial=388 frame=422 pts=57.866666667 submit_mono_ns=6213895652467 presented_ns=6213916162000 receive_mono_ns=6213929793761 refresh_ns=19160758 sequence=166122 flags=7
[vo/wlshm] K230_SUBMIT serial=390 frame=424 pts=57.933333333 mono_ns=6213956543140
[vo/wlshm] K230_PRESENT serial=389 frame=423 pts=57.900000000 submit_mono_ns=6213924896286 presented_ns=6213935322000 receive_mono_ns=6213956805947 refresh_ns=19160758 sequence=166123 flags=7
[vo/wlshm] K230_SUBMIT serial=391 frame=425 pts=57.966666667 mono_ns=6213992123722
[vo/wlshm] K230_PRESENT serial=390 frame=424 pts=57.933333333 submit_mono_ns=6213956543140 presented_ns=6213973642000 receive_mono_ns=6213992360048 refresh_ns=19160758 sequence=166125 flags=7
[vo/wlshm] K230_SUBMIT serial=392 frame=426 pts=58.000000000 mono_ns=6214022733720
[vo/wlshm] K230_PRESENT serial=391 frame=425 pts=57.966666667 submit_mono_ns=6213992123722 presented_ns=6214011965000 receive_mono_ns=6214026458380 refresh_ns=19160758 sequence=166127 flags=7
[vo/wlshm] K230_PRESENT serial=392 frame=426 pts=58.000000000 submit_mono_ns=6214022733720 presented_ns=6214031126000 receive_mono_ns=6214031595329 refresh_ns=19160758 sequence=166128 flags=7
[vo/wlshm] K230_SUBMIT serial=393 frame=427 pts=58.033333333 mono_ns=6214060120689
[vo/wlshm] K230_SUBMIT serial=394 frame=428 pts=58.066666667 mono_ns=6214092122791
[vo/wlshm] K230_PRESENT serial=393 frame=427 pts=58.033333333 submit_mono_ns=6214060120689 presented_ns=6214069447000 receive_mono_ns=6214095481055 refresh_ns=19160758 sequence=166130 flags=7
[vo/wlshm] K230_SUBMIT serial=395 frame=429 pts=58.100000000 mono_ns=6214122723343
[vo/wlshm] K230_PRESENT serial=394 frame=428 pts=58.066666667 submit_mono_ns=6214092122791 presented_ns=6214107769000 receive_mono_ns=6214126720365 refresh_ns=19160758 sequence=166132 flags=7
[vo/wlshm] K230_SUBMIT serial=396 frame=430 pts=58.133333333 mono_ns=6214156381726
[vo/wlshm] K230_PRESENT serial=395 frame=429 pts=58.100000000 submit_mono_ns=6214122723343 presented_ns=6214126928000 receive_mono_ns=6214156590089 refresh_ns=19160758 sequence=166133 flags=7
[vo/wlshm] K230_PRESENT serial=396 frame=430 pts=58.133333333 submit_mono_ns=6214156381726 presented_ns=6214165250000 receive_mono_ns=6214165688728 refresh_ns=19160758 sequence=166135 flags=7
[vo/wlshm] K230_SUBMIT serial=397 frame=431 pts=58.166666667 mono_ns=6214192111857
[vo/wlshm] K230_PRESENT serial=397 frame=431 pts=58.166666667 submit_mono_ns=6214192111857 presented_ns=6214203570000 receive_mono_ns=6214204091775 refresh_ns=19160758 sequence=166137 flags=7
[vo/wlshm] K230_SUBMIT serial=398 frame=432 pts=58.200000000 mono_ns=6214224533426
[vo/wlshm] K230_SUBMIT serial=399 frame=433 pts=58.233333333 mono_ns=6214256050283
[vo/wlshm] K230_PRESENT serial=398 frame=432 pts=58.200000000 submit_mono_ns=6214224533426 presented_ns=6214241892000 receive_mono_ns=6214259629615 refresh_ns=19160758 sequence=166139 flags=7
[vo/wlshm] K230_SUBMIT serial=400 frame=434 pts=58.266666667 mono_ns=6214289335825
[vo/wlshm] K230_PRESENT serial=399 frame=433 pts=58.233333333 submit_mono_ns=6214256050283 presented_ns=6214261052000 receive_mono_ns=6214289569226 refresh_ns=19160758 sequence=166140 flags=7
[vo/wlshm] K230_PRESENT serial=400 frame=434 pts=58.266666667 submit_mono_ns=6214289335825 presented_ns=6214299375000 receive_mono_ns=6214300899942 refresh_ns=19160758 sequence=166142 flags=7
[vo/wlshm] K230_SUBMIT serial=401 frame=435 pts=58.300000000 mono_ns=6214322712698
[vo/wlshm] K230_SUBMIT serial=402 frame=436 pts=58.333333333 mono_ns=6214374345402
[vo/wlshm] K230_PRESENT serial=401 frame=435 pts=58.300000000 submit_mono_ns=6214322712698 presented_ns=6214337695000 receive_mono_ns=6214391588154 refresh_ns=19160758 sequence=166144 flags=7
[vo/wlshm] K230_SUBMIT serial=403 frame=437 pts=58.366666667 mono_ns=6214437939394
[vo/wlshm] K230_PRESENT serial=402 frame=436 pts=58.333333333 submit_mono_ns=6214374345402 presented_ns=6214395178000 receive_mono_ns=6214456288852 refresh_ns=19160758 sequence=166147 flags=7
[vo/wlshm] K230_PRESENT serial=403 frame=437 pts=58.366666667 submit_mono_ns=6214437939394 presented_ns=6214452658000 receive_mono_ns=6214457051050 refresh_ns=19160758 sequence=166150 flags=7
[vo/wlshm] K230_SUBMIT serial=404 frame=439 pts=58.433333333 mono_ns=6214487668603
[vo/wlshm] K230_SUBMIT serial=405 frame=440 pts=58.466666667 mono_ns=6214513727039
[vo/wlshm] K230_PRESENT serial=404 frame=439 pts=58.433333333 submit_mono_ns=6214487668603 presented_ns=6214510141000 receive_mono_ns=6214518616292 refresh_ns=19160758 sequence=166153 flags=7
[vo/wlshm] K230_SUBMIT serial=406 frame=441 pts=58.500000000 mono_ns=6214538559811
[vo/wlshm] K230_PRESENT serial=405 frame=440 pts=58.466666667 submit_mono_ns=6214513727039 presented_ns=6214529301000 receive_mono_ns=6214548198322 refresh_ns=19160758 sequence=166154 flags=7
[vo/wlshm] K230_SUBMIT serial=407 frame=442 pts=58.533333333 mono_ns=6214559613517
[vo/wlshm] K230_PRESENT serial=406 frame=441 pts=58.500000000 submit_mono_ns=6214538559811 presented_ns=6214548463000 receive_mono_ns=6214566370230 refresh_ns=19160758 sequence=166155 flags=7
[vo/wlshm] K230_SUBMIT serial=408 frame=443 pts=58.566666667 mono_ns=6214592174304
[vo/wlshm] K230_PRESENT serial=407 frame=442 pts=58.533333333 submit_mono_ns=6214559613517 presented_ns=6214567625000 receive_mono_ns=6214592405445 refresh_ns=19160758 sequence=166156 flags=7
[vo/wlshm] K230_SUBMIT serial=409 frame=444 pts=58.600000000 mono_ns=6214622686193
[vo/wlshm] K230_PRESENT serial=408 frame=443 pts=58.566666667 submit_mono_ns=6214592174304 presented_ns=6214605943000 receive_mono_ns=6214624422916 refresh_ns=19160758 sequence=166158 flags=7
[vo/wlshm] K230_SUBMIT serial=410 frame=445 pts=58.633333333 mono_ns=6214660116419
[vo/wlshm] K230_PRESENT serial=409 frame=444 pts=58.600000000 submit_mono_ns=6214622686193 presented_ns=6214644266000 receive_mono_ns=6214663771192 refresh_ns=19160758 sequence=166160 flags=7
[vo/wlshm] K230_SUBMIT serial=411 frame=446 pts=58.666666667 mono_ns=6214692309033
[vo/wlshm] K230_PRESENT serial=410 frame=445 pts=58.633333333 submit_mono_ns=6214660116419 presented_ns=6214682586000 receive_mono_ns=6214695912993 refresh_ns=19160758 sequence=166162 flags=7
[vo/wlshm] K230_SUBMIT serial=412 frame=447 pts=58.700000000 mono_ns=6214722963213
[vo/wlshm] K230_PRESENT serial=411 frame=446 pts=58.666666667 submit_mono_ns=6214692309033 presented_ns=6214701746000 receive_mono_ns=6214726685762 refresh_ns=19160758 sequence=166163 flags=7
[vo/wlshm] K230_SUBMIT serial=413 frame=448 pts=58.733333333 mono_ns=6214756074279
[vo/wlshm] K230_PRESENT serial=412 frame=447 pts=58.700000000 submit_mono_ns=6214722963213 presented_ns=6214740075000 receive_mono_ns=6214759985896 refresh_ns=19160758 sequence=166165 flags=7
[vo/wlshm] K230_SUBMIT serial=414 frame=449 pts=58.766666667 mono_ns=6214789354710
[vo/wlshm] K230_PRESENT serial=413 frame=448 pts=58.733333333 submit_mono_ns=6214756074279 presented_ns=6214778389000 receive_mono_ns=6214792219953 refresh_ns=19160758 sequence=166167 flags=7
[vo/wlshm] K230_SUBMIT serial=415 frame=450 pts=58.800000000 mono_ns=6214822672918
[vo/wlshm] K230_PRESENT serial=414 frame=449 pts=58.766666667 submit_mono_ns=6214789354710 presented_ns=6214797549000 receive_mono_ns=6214824183463 refresh_ns=19160758 sequence=166168 flags=7
[vo/wlshm] K230_SUBMIT serial=416 frame=451 pts=58.833333333 mono_ns=6214855994162
[vo/wlshm] K230_PRESENT serial=415 frame=450 pts=58.800000000 submit_mono_ns=6214822672918 presented_ns=6214835871000 receive_mono_ns=6214858343162 refresh_ns=19160758 sequence=166170 flags=7
[vo/wlshm] K230_SUBMIT serial=417 frame=452 pts=58.866666667 mono_ns=6214889361998
[vo/wlshm] K230_PRESENT serial=416 frame=451 pts=58.833333333 submit_mono_ns=6214855994162 presented_ns=6214874192000 receive_mono_ns=6214889600546 refresh_ns=19160758 sequence=166172 flags=7
[vo/wlshm] K230_SUBMIT serial=418 frame=453 pts=58.900000000 mono_ns=6214923617843
[vo/wlshm] K230_PRESENT serial=417 frame=452 pts=58.866666667 submit_mono_ns=6214889361998 presented_ns=6214912513000 receive_mono_ns=6214928453764 refresh_ns=19160758 sequence=166174 flags=7
[vo/wlshm] K230_SUBMIT serial=419 frame=454 pts=58.933333333 mono_ns=6214957471441
[vo/wlshm] K230_PRESENT serial=418 frame=453 pts=58.900000000 submit_mono_ns=6214923617843 presented_ns=6214931675000 receive_mono_ns=6214962975267 refresh_ns=19160758 sequence=166175 flags=7
[vo/wlshm] K230_SUBMIT serial=420 frame=455 pts=58.966666667 mono_ns=6214989359731
[vo/wlshm] K230_PRESENT serial=419 frame=454 pts=58.933333333 submit_mono_ns=6214957471441 presented_ns=6214969997000 receive_mono_ns=6214989592057 refresh_ns=19160758 sequence=166177 flags=7
[vo/wlshm] K230_SUBMIT serial=421 frame=456 pts=59.000000000 mono_ns=6215027752519
[vo/wlshm] K230_PRESENT serial=420 frame=455 pts=58.966666667 submit_mono_ns=6214989359731 presented_ns=6215008319000 receive_mono_ns=6215027976253 refresh_ns=19160758 sequence=166179 flags=7
[vo/wlshm] K230_SUBMIT serial=422 frame=457 pts=59.033333333 mono_ns=6215056420059
[vo/wlshm] K230_PRESENT serial=421 frame=456 pts=59.000000000 submit_mono_ns=6215027752519 presented_ns=6215046638000 receive_mono_ns=6215056652163 refresh_ns=19160758 sequence=166181 flags=7
[vo/wlshm] K230_PRESENT serial=422 frame=457 pts=59.033333333 submit_mono_ns=6215056420059 presented_ns=6215065802000 receive_mono_ns=6215072985314 refresh_ns=19160758 sequence=166182 flags=7
[vo/wlshm] K230_SUBMIT serial=423 frame=458 pts=59.066666667 mono_ns=6215102627710
[vo/wlshm] K230_SUBMIT serial=424 frame=459 pts=59.100000000 mono_ns=6215129290720
[vo/wlshm] K230_PRESENT serial=423 frame=458 pts=59.066666667 submit_mono_ns=6215102627710 presented_ns=6215123281000 receive_mono_ns=6215132657725 refresh_ns=19160758 sequence=166185 flags=7
[vo/wlshm] K230_PRESENT serial=424 frame=459 pts=59.100000000 submit_mono_ns=6215129290720 presented_ns=6215142443000 receive_mono_ns=6215144074956 refresh_ns=19160758 sequence=166186 flags=7
[vo/wlshm] K230_SUBMIT serial=425 frame=460 pts=59.133333333 mono_ns=6215159180516
[vo/wlshm] K230_SUBMIT serial=426 frame=461 pts=59.166666667 mono_ns=6215189981136
[vo/wlshm] K230_PRESENT serial=425 frame=460 pts=59.133333333 submit_mono_ns=6215159180516 presented_ns=6215180762000 receive_mono_ns=6215192088106 refresh_ns=19160758 sequence=166188 flags=7
[vo/wlshm] K230_SUBMIT serial=427 frame=462 pts=59.200000000 mono_ns=6215224126057
[vo/wlshm] K230_PRESENT serial=426 frame=461 pts=59.166666667 submit_mono_ns=6215189981136 presented_ns=6215199923000 receive_mono_ns=6215227708721 refresh_ns=19160758 sequence=166189 flags=7
[vo/wlshm] K230_SUBMIT serial=428 frame=463 pts=59.233333333 mono_ns=6215260109809
[vo/wlshm] K230_PRESENT serial=427 frame=462 pts=59.200000000 submit_mono_ns=6215224126057 presented_ns=6215238245000 receive_mono_ns=6215260350801 refresh_ns=19160758 sequence=166191 flags=7
[vo/wlshm] K230_SUBMIT serial=429 frame=464 pts=59.266666667 mono_ns=6215289354070
[vo/wlshm] K230_PRESENT serial=428 frame=463 pts=59.233333333 submit_mono_ns=6215260109809 presented_ns=6215276565000 receive_mono_ns=6215292252312 refresh_ns=19160758 sequence=166193 flags=7
[vo/wlshm] K230_SUBMIT serial=430 frame=465 pts=59.300000000 mono_ns=6215324120045
[vo/wlshm] K230_PRESENT serial=429 frame=464 pts=59.266666667 submit_mono_ns=6215289354070 presented_ns=6215314887000 receive_mono_ns=6215327730524 refresh_ns=19160758 sequence=166195 flags=7
[vo/wlshm] K230_SUBMIT serial=431 frame=466 pts=59.333333333 mono_ns=6215356048000
[vo/wlshm] K230_PRESENT serial=430 frame=465 pts=59.300000000 submit_mono_ns=6215324120045 presented_ns=6215334048000 receive_mono_ns=6215359669589 refresh_ns=19160758 sequence=166196 flags=7
[vo/wlshm] K230_SUBMIT serial=432 frame=467 pts=59.366666667 mono_ns=6215389320763
[vo/wlshm] K230_PRESENT serial=431 frame=466 pts=59.333333333 submit_mono_ns=6215356048000 presented_ns=6215372368000 receive_mono_ns=6215392213412 refresh_ns=19160758 sequence=166198 flags=7
[vo/wlshm] K230_SUBMIT serial=433 frame=468 pts=59.400000000 mono_ns=6215422881925
[vo/wlshm] K230_PRESENT serial=432 frame=467 pts=59.366666667 submit_mono_ns=6215389320763 presented_ns=6215410689000 receive_mono_ns=6215426543883 refresh_ns=19160758 sequence=166200 flags=7
[vo/wlshm] K230_SUBMIT serial=434 frame=469 pts=59.433333333 mono_ns=6215456025470
[vo/wlshm] K230_PRESENT serial=433 frame=468 pts=59.400000000 submit_mono_ns=6215422881925 presented_ns=6215429851000 receive_mono_ns=6215459666096 refresh_ns=19160758 sequence=166201 flags=7
[vo/wlshm] K230_SUBMIT serial=435 frame=470 pts=59.466666667 mono_ns=6215489305456
[vo/wlshm] K230_PRESENT serial=434 frame=469 pts=59.433333333 submit_mono_ns=6215456025470 presented_ns=6215468172000 receive_mono_ns=6215492191846 refresh_ns=19160758 sequence=166203 flags=7
[vo/wlshm] K230_SUBMIT serial=436 frame=471 pts=59.500000000 mono_ns=6215523333455
[vo/wlshm] K230_PRESENT serial=435 frame=470 pts=59.466666667 submit_mono_ns=6215489305456 presented_ns=6215506493000 receive_mono_ns=6215528467811 refresh_ns=19160758 sequence=166205 flags=7
[vo/wlshm] K230_SUBMIT serial=437 frame=472 pts=59.533333333 mono_ns=6215556091901
[vo/wlshm] K230_PRESENT serial=436 frame=471 pts=59.500000000 submit_mono_ns=6215523333455 presented_ns=6215544814000 receive_mono_ns=6215556328709 refresh_ns=19160758 sequence=166207 flags=7
[vo/wlshm] K230_PRESENT serial=437 frame=472 pts=59.533333333 submit_mono_ns=6215556091901 presented_ns=6215563974000 receive_mono_ns=6215569650769 refresh_ns=19160758 sequence=166208 flags=7
[vo/wlshm] K230_SUBMIT serial=438 frame=473 pts=59.566666667 mono_ns=6215601190476
[vo/wlshm] K230_SUBMIT serial=439 frame=474 pts=59.600000000 mono_ns=6215644786580
[vo/wlshm] K230_PRESENT serial=438 frame=473 pts=59.566666667 submit_mono_ns=6215601190476 presented_ns=6215621457000 receive_mono_ns=6215648287396 refresh_ns=19160758 sequence=166211 flags=7
[vo/wlshm] K230_SUBMIT serial=440 frame=475 pts=59.633333333 mono_ns=6215688083509
[vo/wlshm] K230_PRESENT serial=439 frame=474 pts=59.600000000 submit_mono_ns=6215644786580 presented_ns=6215659777000 receive_mono_ns=6215690160739 refresh_ns=19160758 sequence=166213 flags=7
[vo/wlshm] K230_PRESENT serial=440 frame=475 pts=59.633333333 submit_mono_ns=6215688083509 presented_ns=6215698102000 receive_mono_ns=6215699708882 refresh_ns=19160758 sequence=166215 flags=7
[vo/wlshm] K230_SUBMIT serial=441 frame=476 pts=59.666666667 mono_ns=6215717682722
[vo/wlshm] K230_SUBMIT serial=442 frame=477 pts=59.700000000 mono_ns=6215744500726
[vo/wlshm] K230_PRESENT serial=441 frame=476 pts=59.666666667 submit_mono_ns=6215717682722 presented_ns=6215736420000 receive_mono_ns=6215748186832 refresh_ns=19160758 sequence=166217 flags=7
[vo/wlshm] K230_SUBMIT serial=443 frame=478 pts=59.733333333 mono_ns=6215768656555
[vo/wlshm] K230_PRESENT serial=442 frame=477 pts=59.700000000 submit_mono_ns=6215744500726 presented_ns=6215755581000 receive_mono_ns=6215768905288 refresh_ns=19160758 sequence=166218 flags=7
[vo/wlshm] K230_SUBMIT serial=444 frame=479 pts=59.766666667 mono_ns=6215792122999
[vo/wlshm] K230_PRESENT serial=443 frame=478 pts=59.733333333 submit_mono_ns=6215768656555 presented_ns=6215774741000 receive_mono_ns=6215800447403 refresh_ns=19160758 sequence=166219 flags=7
[vo/wlshm] K230_SUBMIT serial=445 frame=480 pts=59.800000000 mono_ns=6215822681515
[vo/wlshm] K230_PRESENT serial=444 frame=479 pts=59.766666667 submit_mono_ns=6215792122999 presented_ns=6215813063000 receive_mono_ns=6215828426519 refresh_ns=19160758 sequence=166221 flags=7
[vo/wlshm] K230_SUBMIT serial=446 frame=481 pts=59.833333333 mono_ns=6215860137961
[vo/wlshm] K230_PRESENT serial=445 frame=480 pts=59.800000000 submit_mono_ns=6215822681515 presented_ns=6215832229000 receive_mono_ns=6215860374695 refresh_ns=19160758 sequence=166222 flags=7
[vo/wlshm] K230_SUBMIT serial=447 frame=482 pts=59.866666667 mono_ns=6215892121765
[vo/wlshm] K230_PRESENT serial=446 frame=481 pts=59.833333333 submit_mono_ns=6215860137961 presented_ns=6215870545000 receive_mono_ns=6215895715800 refresh_ns=19160758 sequence=166224 flags=7
[vo/wlshm] K230_SUBMIT serial=448 frame=483 pts=59.900000000 mono_ns=6215922888053
[vo/wlshm] K230_PRESENT serial=447 frame=482 pts=59.866666667 submit_mono_ns=6215892121765 presented_ns=6215908866000 receive_mono_ns=6215927129141 refresh_ns=19160758 sequence=166226 flags=7
[vo/wlshm] K230_SUBMIT serial=449 frame=484 pts=59.933333333 mono_ns=6215955973341
[vo/wlshm] K230_PRESENT serial=448 frame=483 pts=59.900000000 submit_mono_ns=6215922888053 presented_ns=6215928040000 receive_mono_ns=6215956231925 refresh_ns=19160758 sequence=166227 flags=7
[vo/wlshm] K230_SUBMIT serial=450 frame=485 pts=59.966666667 mono_ns=6215989304176
[vo/wlshm] K230_PRESENT serial=449 frame=484 pts=59.933333333 submit_mono_ns=6215955973341 presented_ns=6215966350000 receive_mono_ns=6215989539169 refresh_ns=19160758 sequence=166229 flags=7
[vo/wlshm] K230_SUBMIT serial=451 frame=486 pts=60.000000000 mono_ns=6216023961304
[vo/wlshm] K230_PRESENT serial=450 frame=485 pts=59.966666667 submit_mono_ns=6215989304176 presented_ns=6216004671000 receive_mono_ns=6216027323086 refresh_ns=19160758 sequence=166231 flags=7
[vo/wlshm] K230_SUBMIT serial=452 frame=487 pts=60.033333333 mono_ns=6216055986995
[vo/wlshm] K230_PRESENT serial=451 frame=486 pts=60.000000000 submit_mono_ns=6216023961304 presented_ns=6216042990000 receive_mono_ns=6216059741469 refresh_ns=19160758 sequence=166233 flags=7
[vo/wlshm] K230_SUBMIT serial=453 frame=488 pts=60.066666667 mono_ns=6216090199358
[vo/wlshm] K230_PRESENT serial=452 frame=487 pts=60.033333333 submit_mono_ns=6216055986995 presented_ns=6216062154000 receive_mono_ns=6216091363062 refresh_ns=19160758 sequence=166234 flags=7
[vo/wlshm] K230_SUBMIT serial=454 frame=489 pts=60.100000000 mono_ns=6216124882780
[vo/wlshm] K230_PRESENT serial=453 frame=488 pts=60.066666667 submit_mono_ns=6216090199358 presented_ns=6216100472000 receive_mono_ns=6216132734420 refresh_ns=19160758 sequence=166236 flags=7
[vo/wlshm] K230_SUBMIT serial=455 frame=490 pts=60.133333333 mono_ns=6216160193218
[vo/wlshm] K230_PRESENT serial=454 frame=489 pts=60.100000000 submit_mono_ns=6216124882780 presented_ns=6216138798000 receive_mono_ns=6216165679601 refresh_ns=19160758 sequence=166238 flags=7
[vo/wlshm] K230_SUBMIT serial=456 frame=491 pts=60.166666667 mono_ns=6216212116465
[vo/wlshm] K230_PRESENT serial=455 frame=490 pts=60.133333333 submit_mono_ns=6216160193218 presented_ns=6216196276000 receive_mono_ns=6216215713722 refresh_ns=19160758 sequence=166241 flags=7
[vo/wlshm] K230_SUBMIT serial=457 frame=492 pts=60.200000000 mono_ns=6216234439796
[vo/wlshm] K230_PRESENT serial=456 frame=491 pts=60.166666667 submit_mono_ns=6216212116465 presented_ns=6216234597000 receive_mono_ns=6216238738438 refresh_ns=19160758 sequence=166243 flags=7
[vo/wlshm] K230_SUBMIT serial=458 frame=493 pts=60.233333333 mono_ns=6216264878018
[vo/wlshm] K230_PRESENT serial=457 frame=492 pts=60.200000000 submit_mono_ns=6216234439796 presented_ns=6216253757000 receive_mono_ns=6216268267467 refresh_ns=19160758 sequence=166244 flags=7
[vo/wlshm] K230_SUBMIT serial=459 frame=494 pts=60.266666667 mono_ns=6216292129749
[vo/wlshm] K230_PRESENT serial=458 frame=493 pts=60.233333333 submit_mono_ns=6216264878018 presented_ns=6216272918000 receive_mono_ns=6216295700747 refresh_ns=19160758 sequence=166245 flags=7
[vo/wlshm] K230_SUBMIT serial=460 frame=495 pts=60.300000000 mono_ns=6216322647006
[vo/wlshm] K230_PRESENT serial=459 frame=494 pts=60.266666667 submit_mono_ns=6216292129749 presented_ns=6216311239000 receive_mono_ns=6216326392073 refresh_ns=19160758 sequence=166247 flags=7
[vo/wlshm] K230_SUBMIT serial=461 frame=496 pts=60.333333333 mono_ns=6216355994211
[vo/wlshm] K230_PRESENT serial=460 frame=495 pts=60.300000000 submit_mono_ns=6216322647006 presented_ns=6216330400000 receive_mono_ns=6216358611165 refresh_ns=19160758 sequence=166248 flags=7
[vo/wlshm] K230_SUBMIT serial=462 frame=497 pts=60.366666667 mono_ns=6216389339341
[vo/wlshm] K230_PRESENT serial=461 frame=496 pts=60.333333333 submit_mono_ns=6216355994211 presented_ns=6216368720000 receive_mono_ns=6216392221472 refresh_ns=19160758 sequence=166250 flags=7
[vo/wlshm] K230_SUBMIT serial=463 frame=498 pts=60.400000000 mono_ns=6216422649880
[vo/wlshm] K230_PRESENT serial=462 frame=497 pts=60.366666667 submit_mono_ns=6216389339341 presented_ns=6216407043000 receive_mono_ns=6216426982299 refresh_ns=19160758 sequence=166252 flags=7
[vo/wlshm] K230_SUBMIT serial=464 frame=499 pts=60.433333333 mono_ns=6216457083347
[vo/wlshm] K230_PRESENT serial=463 frame=498 pts=60.400000000 submit_mono_ns=6216422649880 presented_ns=6216445364000 receive_mono_ns=6216460216581 refresh_ns=19160758 sequence=166254 flags=7
[vo/wlshm] K230_SUBMIT serial=465 frame=500 pts=60.466666667 mono_ns=6216489288402
[vo/wlshm] K230_PRESENT serial=464 frame=499 pts=60.433333333 submit_mono_ns=6216457083347 presented_ns=6216464524000 receive_mono_ns=6216489527172 refresh_ns=19160758 sequence=166255 flags=7
[vo/wlshm] K230_SUBMIT serial=466 frame=501 pts=60.500000000 mono_ns=6216522619792
[vo/wlshm] K230_PRESENT serial=465 frame=500 pts=60.466666667 submit_mono_ns=6216489288402 presented_ns=6216502845000 receive_mono_ns=6216524214186 refresh_ns=19160758 sequence=166257 flags=7
[vo/wlshm] K230_SUBMIT serial=467 frame=502 pts=60.533333333 mono_ns=6216555955664
[vo/wlshm] K230_PRESENT serial=466 frame=501 pts=60.500000000 submit_mono_ns=6216522619792 presented_ns=6216541167000 receive_mono_ns=6216556249654 refresh_ns=19160758 sequence=166259 flags=7
[vo/wlshm] K230_PRESENT serial=467 frame=502 pts=60.533333333 submit_mono_ns=6216555955664 presented_ns=6216560328000 receive_mono_ns=6216560789103 refresh_ns=19160758 sequence=166260 flags=7
[vo/wlshm] K230_SUBMIT serial=468 frame=503 pts=60.566666667 mono_ns=6216589409050
[vo/wlshm] K230_SUBMIT serial=469 frame=504 pts=60.600000000 mono_ns=6216625514945
[vo/wlshm] K230_PRESENT serial=468 frame=503 pts=60.566666667 submit_mono_ns=6216589409050 presented_ns=6216617810000 receive_mono_ns=6216627889796 refresh_ns=19160758 sequence=166263 flags=7
[vo/wlshm] K230_SUBMIT serial=470 frame=505 pts=60.633333333 mono_ns=6216656973839
[vo/wlshm] K230_PRESENT serial=469 frame=504 pts=60.600000000 submit_mono_ns=6216625514945 presented_ns=6216636969000 receive_mono_ns=6216660216588 refresh_ns=19160758 sequence=166264 flags=7
[vo/wlshm] K230_SUBMIT serial=471 frame=506 pts=60.666666667 mono_ns=6216690048237
[vo/wlshm] K230_PRESENT serial=470 frame=505 pts=60.633333333 submit_mono_ns=6216656973839 presented_ns=6216675290000 receive_mono_ns=6216696108601 refresh_ns=19160758 sequence=166266 flags=7
[vo/wlshm] K230_SUBMIT serial=472 frame=507 pts=60.700000000 mono_ns=6216734452351
[vo/wlshm] K230_PRESENT serial=471 frame=506 pts=60.666666667 submit_mono_ns=6216690048237 presented_ns=6216713613000 receive_mono_ns=6216734711751 refresh_ns=19160758 sequence=166268 flags=7
[vo/wlshm] K230_SUBMIT serial=473 frame=508 pts=60.733333333 mono_ns=6216785276781
[vo/wlshm] K230_PRESENT serial=472 frame=507 pts=60.700000000 submit_mono_ns=6216734452351 presented_ns=6216751934000 receive_mono_ns=6216785531291 refresh_ns=19160758 sequence=166270 flags=7
[vo/wlshm] K230_SUBMIT serial=474 frame=509 pts=60.766666667 mono_ns=6216816325762
[vo/wlshm] K230_PRESENT serial=473 frame=508 pts=60.733333333 submit_mono_ns=6216785276781 presented_ns=6216809417000 receive_mono_ns=6216824620351 refresh_ns=19160758 sequence=166273 flags=7
[vo/wlshm] K230_SUBMIT serial=475 frame=510 pts=60.800000000 mono_ns=6216837933597
[vo/wlshm] K230_PRESENT serial=474 frame=509 pts=60.766666667 submit_mono_ns=6216816325762 presented_ns=6216828576000 receive_mono_ns=6216844416799 refresh_ns=19160758 sequence=166274 flags=7
[vo/wlshm] K230_SUBMIT serial=476 frame=511 pts=60.833333333 mono_ns=6216864416426
[vo/wlshm] K230_PRESENT serial=475 frame=510 pts=60.800000000 submit_mono_ns=6216837933597 presented_ns=6216847737000 receive_mono_ns=6216868508630 refresh_ns=19160758 sequence=166275 flags=7
[vo/wlshm] K230_SUBMIT serial=477 frame=512 pts=60.866666667 mono_ns=6216889318823
[vo/wlshm] K230_PRESENT serial=476 frame=511 pts=60.833333333 submit_mono_ns=6216864416426 presented_ns=6216886057000 receive_mono_ns=6216889533483 refresh_ns=19160758 sequence=166277 flags=7
[vo/wlshm] K230_SUBMIT serial=478 frame=513 pts=60.900000000 mono_ns=6216922643362
[vo/wlshm] K230_PRESENT serial=477 frame=512 pts=60.866666667 submit_mono_ns=6216889318823 presented_ns=6216905220000 receive_mono_ns=6216922892465 refresh_ns=19160758 sequence=166278 flags=7
[vo/wlshm] K230_SUBMIT serial=479 frame=514 pts=60.933333333 mono_ns=6216955977826
[vo/wlshm] K230_PRESENT serial=478 frame=513 pts=60.900000000 submit_mono_ns=6216922643362 presented_ns=6216943540000 receive_mono_ns=6216959712671 refresh_ns=19160758 sequence=166280 flags=7
[vo/wlshm] K230_SUBMIT serial=480 frame=515 pts=60.966666667 mono_ns=6216992120127
[vo/wlshm] K230_PRESENT serial=479 frame=514 pts=60.933333333 submit_mono_ns=6216955977826 presented_ns=6216981863000 receive_mono_ns=6216995813011 refresh_ns=19160758 sequence=166282 flags=7
[vo/wlshm] K230_PRESENT serial=480 frame=515 pts=60.966666667 submit_mono_ns=6216992120127 presented_ns=6217001023000 receive_mono_ns=6217001467498 refresh_ns=19160758 sequence=166283 flags=7
[vo/wlshm] K230_SUBMIT serial=481 frame=516 pts=61.000000000 mono_ns=6217024116967
[vo/wlshm] K230_SUBMIT serial=482 frame=517 pts=61.033333333 mono_ns=6217060149679
[vo/wlshm] K230_PRESENT serial=481 frame=516 pts=61.000000000 submit_mono_ns=6217024116967 presented_ns=6217039344000 receive_mono_ns=6217063779379 refresh_ns=19160758 sequence=166285 flags=7
[vo/wlshm] K230_SUBMIT serial=483 frame=518 pts=61.066666667 mono_ns=6217089269091
[vo/wlshm] K230_PRESENT serial=482 frame=517 pts=61.033333333 submit_mono_ns=6217060149679 presented_ns=6217077664000 receive_mono_ns=6217092202776 refresh_ns=19160758 sequence=166287 flags=7
[vo/wlshm] K230_SUBMIT serial=484 frame=519 pts=61.100000000 mono_ns=6217122603369
[vo/wlshm] K230_PRESENT serial=483 frame=518 pts=61.066666667 submit_mono_ns=6217089269091 presented_ns=6217096824000 receive_mono_ns=6217124194837 refresh_ns=19160758 sequence=166288 flags=7
[vo/wlshm] K230_SUBMIT serial=485 frame=520 pts=61.133333333 mono_ns=6217155944943
[vo/wlshm] K230_PRESENT serial=484 frame=519 pts=61.100000000 submit_mono_ns=6217122603369 presented_ns=6217135146000 receive_mono_ns=6217157601891 refresh_ns=19160758 sequence=166290 flags=7
[vo/wlshm] K230_SUBMIT serial=486 frame=521 pts=61.166666667 mono_ns=6217189326664
[vo/wlshm] K230_PRESENT serial=485 frame=520 pts=61.133333333 submit_mono_ns=6217155944943 presented_ns=6217173468000 receive_mono_ns=6217189578063 refresh_ns=19160758 sequence=166292 flags=7
[vo/wlshm] K230_SUBMIT serial=487 frame=522 pts=61.200000000 mono_ns=6217223232146
[vo/wlshm] K230_PRESENT serial=486 frame=521 pts=61.166666667 submit_mono_ns=6217189326664 presented_ns=6217211788000 receive_mono_ns=6217224617435 refresh_ns=19160758 sequence=166294 flags=7
[vo/wlshm] K230_SUBMIT serial=488 frame=523 pts=61.233333333 mono_ns=6217263271248
[vo/wlshm] K230_PRESENT serial=487 frame=522 pts=61.200000000 submit_mono_ns=6217223232146 presented_ns=6217230949000 receive_mono_ns=6217270369764 refresh_ns=19160758 sequence=166295 flags=7
[vo/wlshm] K230_SUBMIT serial=489 frame=524 pts=61.266666667 mono_ns=6217301832102
[vo/wlshm] K230_PRESENT serial=488 frame=523 pts=61.233333333 submit_mono_ns=6217263271248 presented_ns=6217288431000 receive_mono_ns=6217316678520 refresh_ns=19160758 sequence=166298 flags=7
[vo/wlshm] K230_SUBMIT serial=490 frame=525 pts=61.300000000 mono_ns=6217344121392
[vo/wlshm] K230_PRESENT serial=489 frame=524 pts=61.266666667 submit_mono_ns=6217301832102 presented_ns=6217326757000 receive_mono_ns=6217348179486 refresh_ns=19160758 sequence=166300 flags=7
[vo/wlshm] K230_SUBMIT serial=491 frame=526 pts=61.333333333 mono_ns=6217373448723
[vo/wlshm] K230_PRESENT serial=490 frame=525 pts=61.300000000 submit_mono_ns=6217344121392 presented_ns=6217365073000 receive_mono_ns=6217376216191 refresh_ns=19160758 sequence=166302 flags=7
[vo/wlshm] K230_SUBMIT serial=492 frame=527 pts=61.366666667 mono_ns=6217394862304
[vo/wlshm] K230_PRESENT serial=491 frame=526 pts=61.333333333 submit_mono_ns=6217373448723 presented_ns=6217384234000 receive_mono_ns=6217402841940 refresh_ns=19160758 sequence=166303 flags=7
[vo/wlshm] K230_SUBMIT serial=493 frame=528 pts=61.400000000 mono_ns=6217422578204
[vo/wlshm] K230_PRESENT serial=492 frame=527 pts=61.366666667 submit_mono_ns=6217394862304 presented_ns=6217403405000 receive_mono_ns=6217424338852 refresh_ns=19160758 sequence=166304 flags=7
[vo/wlshm] K230_SUBMIT serial=494 frame=529 pts=61.433333333 mono_ns=6217456234472
[vo/wlshm] K230_PRESENT serial=493 frame=528 pts=61.400000000 submit_mono_ns=6217422578204 presented_ns=6217441717000 receive_mono_ns=6217459834506 refresh_ns=19160758 sequence=166306 flags=7
[vo/wlshm] K230_SUBMIT serial=495 frame=530 pts=61.466666667 mono_ns=6217492105336
[vo/wlshm] K230_PRESENT serial=494 frame=529 pts=61.433333333 submit_mono_ns=6217456234472 presented_ns=6217480060000 receive_mono_ns=6217495726185 refresh_ns=19160758 sequence=166308 flags=7
[vo/wlshm] K230_PRESENT serial=495 frame=530 pts=61.466666667 submit_mono_ns=6217492105336 presented_ns=6217499199000 receive_mono_ns=6217499773723 refresh_ns=19160758 sequence=166309 flags=7
[vo/wlshm] K230_SUBMIT serial=496 frame=531 pts=61.500000000 mono_ns=6217522628333
[vo/wlshm] K230_SUBMIT serial=497 frame=532 pts=61.533333333 mono_ns=6217560315732
[vo/wlshm] K230_PRESENT serial=496 frame=531 pts=61.500000000 submit_mono_ns=6217522628333 presented_ns=6217537519000 receive_mono_ns=6217563901137 refresh_ns=19160758 sequence=166311 flags=7
[vo/wlshm] K230_SUBMIT serial=498 frame=533 pts=61.566666667 mono_ns=6217597317561
[vo/wlshm] K230_PRESENT serial=497 frame=532 pts=61.533333333 submit_mono_ns=6217560315732 presented_ns=6217575841000 receive_mono_ns=6217600341169 refresh_ns=19160758 sequence=166313 flags=7
[vo/wlshm] K230_SUBMIT serial=499 frame=534 pts=61.600000000 mono_ns=6217629045075
[vo/wlshm] K230_PRESENT serial=498 frame=533 pts=61.566666667 submit_mono_ns=6217597317561 presented_ns=6217614162000 receive_mono_ns=6217636894048 refresh_ns=19160758 sequence=166315 flags=7
[vo/wlshm] K230_SUBMIT serial=500 frame=535 pts=61.633333333 mono_ns=6217655929372
[vo/wlshm] K230_PRESENT serial=499 frame=534 pts=61.600000000 submit_mono_ns=6217629045075 presented_ns=6217652482000 receive_mono_ns=6217659545850 refresh_ns=19160758 sequence=166317 flags=7
[vo/wlshm] K230_SUBMIT serial=501 frame=536 pts=61.666666667 mono_ns=6217689245909
[vo/wlshm] K230_PRESENT serial=500 frame=535 pts=61.633333333 submit_mono_ns=6217655929372 presented_ns=6217671644000 receive_mono_ns=6217690819711 refresh_ns=19160758 sequence=166318 flags=7
[vo/wlshm] K230_SUBMIT serial=502 frame=537 pts=61.700000000 mono_ns=6217722591557
[vo/wlshm] K230_PRESENT serial=501 frame=536 pts=61.666666667 submit_mono_ns=6217689245909 presented_ns=6217709969000 receive_mono_ns=6217724214135 refresh_ns=19160758 sequence=166320 flags=7
[vo/wlshm] K230_SUBMIT serial=503 frame=538 pts=61.733333333 mono_ns=6217755922835
[vo/wlshm] K230_PRESENT serial=502 frame=537 pts=61.700000000 submit_mono_ns=6217722591557 presented_ns=6217729126000 receive_mono_ns=6217757702668 refresh_ns=19160758 sequence=166321 flags=7
[vo/wlshm] K230_SUBMIT serial=504 frame=539 pts=61.766666667 mono_ns=6217789221818
[vo/wlshm] K230_PRESENT serial=503 frame=538 pts=61.733333333 submit_mono_ns=6217755922835 presented_ns=6217767447000 receive_mono_ns=6217792215167 refresh_ns=19160758 sequence=166323 flags=7
[vo/wlshm] K230_SUBMIT serial=505 frame=540 pts=61.800000000 mono_ns=6217825246566
[vo/wlshm] K230_PRESENT serial=504 frame=539 pts=61.766666667 submit_mono_ns=6217789221818 presented_ns=6217805767000 receive_mono_ns=6217826026356 refresh_ns=19160758 sequence=166325 flags=7
[vo/wlshm] K230_SUBMIT serial=506 frame=541 pts=61.833333333 mono_ns=6217858476921
[vo/wlshm] K230_PRESENT serial=505 frame=540 pts=61.800000000 submit_mono_ns=6217825246566 presented_ns=6217844089000 receive_mono_ns=6217867617447 refresh_ns=19160758 sequence=166327 flags=7
[vo/wlshm] K230_SUBMIT serial=507 frame=542 pts=61.866666667 mono_ns=6217901947026
[vo/wlshm] K230_PRESENT serial=506 frame=541 pts=61.833333333 submit_mono_ns=6217858476921 presented_ns=6217882413000 receive_mono_ns=6217907612736 refresh_ns=19160758 sequence=166329 flags=7
[vo/wlshm] K230_SUBMIT serial=508 frame=543 pts=61.900000000 mono_ns=6217942704106
[vo/wlshm] K230_PRESENT serial=507 frame=542 pts=61.866666667 submit_mono_ns=6217901947026 presented_ns=6217920732000 receive_mono_ns=6217953967083 refresh_ns=19160758 sequence=166331 flags=7
[vo/wlshm] K230_SUBMIT serial=509 frame=544 pts=61.933333333 mono_ns=6217977646370
[vo/wlshm] K230_PRESENT serial=508 frame=543 pts=61.900000000 submit_mono_ns=6217942704106 presented_ns=6217959063000 receive_mono_ns=6217977897955 refresh_ns=19160758 sequence=166333 flags=7
[vo/wlshm] K230_SUBMIT serial=510 frame=545 pts=61.966666667 mono_ns=6218002844721
[vo/wlshm] K230_PRESENT serial=509 frame=544 pts=61.933333333 submit_mono_ns=6217977646370 presented_ns=6217997374000 receive_mono_ns=6218008443284 refresh_ns=19160758 sequence=166335 flags=7
[vo/wlshm] K230_SUBMIT serial=511 frame=546 pts=62.000000000 mono_ns=6218031117233
[vo/wlshm] K230_PRESENT serial=510 frame=545 pts=61.966666667 submit_mono_ns=6218002844721 presented_ns=6218016536000 receive_mono_ns=6218034896187 refresh_ns=19160758 sequence=166336 flags=7
[vo/wlshm] K230_SUBMIT serial=512 frame=547 pts=62.033333333 mono_ns=6218055891078
[vo/wlshm] K230_PRESENT serial=511 frame=546 pts=62.000000000 submit_mono_ns=6218031117233 presented_ns=6218035708000 receive_mono_ns=6218059616812 refresh_ns=19160758 sequence=166337 flags=7
[vo/wlshm] K230_SUBMIT serial=513 frame=548 pts=62.066666667 mono_ns=6218089242355
[vo/wlshm] K230_PRESENT serial=512 frame=547 pts=62.033333333 submit_mono_ns=6218055891078 presented_ns=6218074017000 receive_mono_ns=6218092216113 refresh_ns=19160758 sequence=166339 flags=7
[vo/wlshm] K230_SUBMIT serial=514 frame=549 pts=62.100000000 mono_ns=6218122574150
[vo/wlshm] K230_PRESENT serial=513 frame=548 pts=62.066666667 submit_mono_ns=6218089242355 presented_ns=6218093176000 receive_mono_ns=6218122811846 refresh_ns=19160758 sequence=166340 flags=7
[vo/wlshm] K230_SUBMIT serial=515 frame=550 pts=62.133333333 mono_ns=6218160123219
[vo/wlshm] K230_PRESENT serial=514 frame=549 pts=62.100000000 submit_mono_ns=6218122574150 presented_ns=6218131500000 receive_mono_ns=6218163728290 refresh_ns=19160758 sequence=166342 flags=7
[vo/wlshm] K230_SUBMIT serial=516 frame=551 pts=62.166666667 mono_ns=6218192157093
[vo/wlshm] K230_PRESENT serial=515 frame=550 pts=62.133333333 submit_mono_ns=6218160123219 presented_ns=6218169820000 receive_mono_ns=6218195758683 refresh_ns=19160758 sequence=166344 flags=7
[vo/wlshm] K230_SUBMIT serial=517 frame=552 pts=62.200000000 mono_ns=6218222604980
[vo/wlshm] K230_PRESENT serial=516 frame=551 pts=62.166666667 submit_mono_ns=6218192157093 presented_ns=6218208148000 receive_mono_ns=6218226365675 refresh_ns=19160758 sequence=166346 flags=7
[vo/wlshm] K230_PRESENT serial=517 frame=552 pts=62.200000000 submit_mono_ns=6218222604980 presented_ns=6218227302000 receive_mono_ns=6218232559627 refresh_ns=19160758 sequence=166347 flags=7
[vo/wlshm] K230_SUBMIT serial=518 frame=553 pts=62.233333333 mono_ns=6218260359265
[vo/wlshm] K230_SUBMIT serial=519 frame=554 pts=62.266666667 mono_ns=6218289241127
[vo/wlshm] K230_PRESENT serial=518 frame=553 pts=62.233333333 submit_mono_ns=6218260359265 presented_ns=6218265624000 receive_mono_ns=6218292205033 refresh_ns=19160758 sequence=166349 flags=7
[vo/wlshm] K230_SUBMIT serial=520 frame=555 pts=62.300000000 mono_ns=6218324730891
[vo/wlshm] K230_PRESENT serial=519 frame=554 pts=62.266666667 submit_mono_ns=6218289241127 presented_ns=6218303944000 receive_mono_ns=6218328216262 refresh_ns=19160758 sequence=166351 flags=7
[vo/wlshm] K230_SUBMIT serial=521 frame=556 pts=62.333333333 mono_ns=6218355905051
[vo/wlshm] K230_PRESENT serial=520 frame=555 pts=62.300000000 submit_mono_ns=6218324730891 presented_ns=6218342266000 receive_mono_ns=6218359532269 refresh_ns=19160758 sequence=166353 flags=7
[vo/wlshm] K230_SUBMIT serial=522 frame=557 pts=62.366666667 mono_ns=6218389212477
[vo/wlshm] K230_PRESENT serial=521 frame=556 pts=62.333333333 submit_mono_ns=6218355905051 presented_ns=6218361426000 receive_mono_ns=6218389453951 refresh_ns=19160758 sequence=166354 flags=7
[vo/wlshm] K230_SUBMIT serial=523 frame=558 pts=62.400000000 mono_ns=6218424530876
[vo/wlshm] K230_PRESENT serial=522 frame=557 pts=62.366666667 submit_mono_ns=6218389212477 presented_ns=6218399748000 receive_mono_ns=6218428633116 refresh_ns=19160758 sequence=166356 flags=7
[vo/wlshm] K230_SUBMIT serial=524 frame=559 pts=62.433333333 mono_ns=6218456590489
[vo/wlshm] K230_PRESENT serial=523 frame=558 pts=62.400000000 submit_mono_ns=6218424530876 presented_ns=6218438071000 receive_mono_ns=6218460221374 refresh_ns=19160758 sequence=166358 flags=7
[vo/wlshm] K230_SUBMIT serial=525 frame=560 pts=62.466666667 mono_ns=6218489534075
[vo/wlshm] K230_PRESENT serial=524 frame=559 pts=62.433333333 submit_mono_ns=6218456590489 presented_ns=6218476395000 receive_mono_ns=6218489753475 refresh_ns=19160758 sequence=166360 flags=7
[vo/wlshm] K230_PRESENT serial=525 frame=560 pts=62.466666667 submit_mono_ns=6218489534075 presented_ns=6218495551000 receive_mono_ns=6218500783348 refresh_ns=19160758 sequence=166361 flags=7
[vo/wlshm] K230_SUBMIT serial=526 frame=561 pts=62.500000000 mono_ns=6218543902426
[vo/wlshm] K230_SUBMIT serial=527 frame=562 pts=62.533333333 mono_ns=6218598620728
[vo/wlshm] K230_PRESENT serial=526 frame=561 pts=62.500000000 submit_mono_ns=6218543902426 presented_ns=6218572195000 receive_mono_ns=6218609490495 refresh_ns=19160758 sequence=166365 flags=7
[vo/wlshm] K230_PRESENT serial=527 frame=562 pts=62.533333333 submit_mono_ns=6218598620728 presented_ns=6218610515000 receive_mono_ns=6218613690584 refresh_ns=19160758 sequence=166367 flags=7
[vo/wlshm] K230_SUBMIT serial=528 frame=563 pts=62.566666667 mono_ns=6218638395875
[vo/wlshm] K230_SUBMIT serial=529 frame=564 pts=62.600000000 mono_ns=6218662309821
[vo/wlshm] K230_PRESENT serial=528 frame=563 pts=62.566666667 submit_mono_ns=6218638395875 presented_ns=6218648835000 receive_mono_ns=6218664216612 refresh_ns=19160758 sequence=166369 flags=7
[vo/wlshm] K230_SUBMIT serial=530 frame=565 pts=62.633333333 mono_ns=6218689741877
[vo/wlshm] K230_PRESENT serial=529 frame=564 pts=62.600000000 submit_mono_ns=6218662309821 presented_ns=6218687157000 receive_mono_ns=6218692201281 refresh_ns=19160758 sequence=166371 flags=7
[vo/wlshm] K230_SUBMIT serial=531 frame=566 pts=62.666666667 mono_ns=6218720360648
[vo/wlshm] K230_PRESENT serial=530 frame=565 pts=62.633333333 submit_mono_ns=6218689741877 presented_ns=6218706318000 receive_mono_ns=6218724325300 refresh_ns=19160758 sequence=166372 flags=7
[vo/wlshm] K230_SUBMIT serial=532 frame=567 pts=62.700000000 mono_ns=6218734597085
[vo/wlshm] K230_PRESENT serial=531 frame=566 pts=62.666666667 submit_mono_ns=6218720360648 presented_ns=6218725479000 receive_mono_ns=6218736205997 refresh_ns=19160758 sequence=166373 flags=7
[vo/wlshm] K230_SUBMIT serial=533 frame=568 pts=62.733333333 mono_ns=6218755914076
[vo/wlshm] K230_PRESENT serial=532 frame=567 pts=62.700000000 submit_mono_ns=6218734597085 presented_ns=6218744638000 receive_mono_ns=6218759572442 refresh_ns=19160758 sequence=166374 flags=7
[vo/wlshm] K230_PRESENT serial=533 frame=568 pts=62.733333333 submit_mono_ns=6218755914076 presented_ns=6218763801000 receive_mono_ns=6218768218242 refresh_ns=19160758 sequence=166375 flags=7
[vo/wlshm] K230_SUBMIT serial=534 frame=569 pts=62.766666667 mono_ns=6218796139801
[vo/wlshm] K230_SUBMIT serial=535 frame=570 pts=62.800000000 mono_ns=6218824114952
[vo/wlshm] K230_PRESENT serial=534 frame=569 pts=62.766666667 submit_mono_ns=6218796139801 presented_ns=6218821282000 receive_mono_ns=6218827737133 refresh_ns=19160758 sequence=166378 flags=7
[vo/wlshm] K230_SUBMIT serial=536 frame=571 pts=62.833333333 mono_ns=6218860118662
[vo/wlshm] K230_PRESENT serial=535 frame=570 pts=62.800000000 submit_mono_ns=6218824114952 presented_ns=6218840441000 receive_mono_ns=6218863768473 refresh_ns=19160758 sequence=166379 flags=7
[vo/wlshm] K230_SUBMIT serial=537 frame=572 pts=62.866666667 mono_ns=6218889220370
[vo/wlshm] K230_PRESENT serial=536 frame=571 pts=62.833333333 submit_mono_ns=6218860118662 presented_ns=6218878763000 receive_mono_ns=6218893824557 refresh_ns=19160758 sequence=166381 flags=7
[vo/wlshm] K230_SUBMIT serial=538 frame=573 pts=62.900000000 mono_ns=6218922548091
[vo/wlshm] K230_PRESENT serial=537 frame=572 pts=62.866666667 submit_mono_ns=6218889220370 presented_ns=6218897926000 receive_mono_ns=6218924203113 refresh_ns=19160758 sequence=166382 flags=7
[vo/wlshm] K230_SUBMIT serial=539 frame=574 pts=62.933333333 mono_ns=6218955884368
[vo/wlshm] K230_PRESENT serial=538 frame=573 pts=62.900000000 submit_mono_ns=6218922548091 presented_ns=6218936245000 receive_mono_ns=6218956176803 refresh_ns=19160758 sequence=166384 flags=7
[vo/wlshm] K230_SUBMIT serial=540 frame=575 pts=62.966666667 mono_ns=6218989209534
[vo/wlshm] K230_PRESENT serial=539 frame=574 pts=62.933333333 submit_mono_ns=6218955884368 presented_ns=6218974566000 receive_mono_ns=6218989448822 refresh_ns=19160758 sequence=166386 flags=7
[vo/wlshm] K230_SUBMIT serial=541 frame=576 pts=63.000000000 mono_ns=6219023266417
[vo/wlshm] K230_PRESENT serial=540 frame=575 pts=62.966666667 submit_mono_ns=6218989209534 presented_ns=6218993729000 receive_mono_ns=6219023514706 refresh_ns=19160758 sequence=166387 flags=7
[vo/wlshm] K230_PRESENT serial=541 frame=576 pts=63.000000000 submit_mono_ns=6219023266417 presented_ns=6219032049000 receive_mono_ns=6219037786698 refresh_ns=19160758 sequence=166389 flags=7
[vo/wlshm] K230_SUBMIT serial=542 frame=577 pts=63.033333333 mono_ns=6219055853533
[vo/wlshm] K230_SUBMIT serial=543 frame=578 pts=63.066666667 mono_ns=6219091771319
[vo/wlshm] K230_PRESENT serial=542 frame=577 pts=63.033333333 submit_mono_ns=6219055853533 presented_ns=6219070370000 receive_mono_ns=6219094689523 refresh_ns=19160758 sequence=166391 flags=7
[vo/wlshm] K230_SUBMIT serial=544 frame=579 pts=63.100000000 mono_ns=6219133575326
[vo/wlshm] K230_PRESENT serial=543 frame=578 pts=63.066666667 submit_mono_ns=6219091771319 presented_ns=6219108691000 receive_mono_ns=6219144137065 refresh_ns=19160758 sequence=166393 flags=7
[vo/wlshm] K230_SUBMIT serial=545 frame=580 pts=63.133333333 mono_ns=6219185324758
[vo/wlshm] K230_PRESENT serial=544 frame=579 pts=63.100000000 submit_mono_ns=6219133575326 presented_ns=6219147012000 receive_mono_ns=6219202726355 refresh_ns=19160758 sequence=166395 flags=7
[vo/wlshm] K230_PRESENT serial=545 frame=580 pts=63.133333333 submit_mono_ns=6219185324758 presented_ns=6219204498000 receive_mono_ns=6219205292384 refresh_ns=19160758 sequence=166398 flags=7
[vo/wlshm] K230_SUBMIT serial=546 frame=581 pts=63.166666667 mono_ns=6219242909598
[vo/wlshm] K230_PRESENT serial=546 frame=581 pts=63.166666667 submit_mono_ns=6219242909598 presented_ns=6219261977000 receive_mono_ns=6219262447571 refresh_ns=19160758 sequence=166401 flags=7
[vo/wlshm] K230_SUBMIT serial=547 frame=583 pts=63.233333333 mono_ns=6219303016172
[vo/wlshm] K230_SUBMIT serial=548 frame=584 pts=63.266666667 mono_ns=6219331752853
[vo/wlshm] K230_PRESENT serial=547 frame=583 pts=63.233333333 submit_mono_ns=6219303016172 presented_ns=6219319458000 receive_mono_ns=6219341349623 refresh_ns=19160758 sequence=166404 flags=7
[vo/wlshm] K230_PRESENT serial=548 frame=584 pts=63.266666667 submit_mono_ns=6219331752853 presented_ns=6219338618000 receive_mono_ns=6219341462804 refresh_ns=19160758 sequence=166405 flags=7
[vo/wlshm] K230_SUBMIT serial=549 frame=585 pts=63.300000000 mono_ns=6219372253050
[vo/wlshm] K230_SUBMIT serial=550 frame=586 pts=63.333333333 mono_ns=6219394394644
[vo/wlshm] K230_PRESENT serial=549 frame=585 pts=63.300000000 submit_mono_ns=6219372253050 presented_ns=6219396101000 receive_mono_ns=6219399691438 refresh_ns=19160758 sequence=166408 flags=7
[vo/wlshm] K230_SUBMIT serial=551 frame=587 pts=63.366666667 mono_ns=6219413229416
[vo/wlshm] K230_PRESENT serial=550 frame=586 pts=63.333333333 submit_mono_ns=6219394394644 presented_ns=6219415260000 receive_mono_ns=6219418899718 refresh_ns=19160758 sequence=166409 flags=7
[vo/wlshm] K230_SUBMIT serial=552 frame=588 pts=63.400000000 mono_ns=6219427924654
[vo/wlshm] K230_PRESENT serial=551 frame=587 pts=63.366666667 submit_mono_ns=6219413229416 presented_ns=6219434422000 receive_mono_ns=6219444178768 refresh_ns=19160758 sequence=166410 flags=7
[vo/wlshm] K230_SUBMIT serial=553 frame=589 pts=63.433333333 mono_ns=6219459333657
[vo/wlshm] K230_PRESENT serial=552 frame=588 pts=63.400000000 submit_mono_ns=6219427924654 presented_ns=6219453583000 receive_mono_ns=6219468968018 refresh_ns=19160758 sequence=166411 flags=7
[vo/wlshm] K230_SUBMIT serial=554 frame=590 pts=63.466666667 mono_ns=6219489239042
[vo/wlshm] K230_PRESENT serial=553 frame=589 pts=63.433333333 submit_mono_ns=6219459333657 presented_ns=6219472743000 receive_mono_ns=6219493004552 refresh_ns=19160758 sequence=166412 flags=7
[vo/wlshm] K230_SUBMIT serial=555 frame=591 pts=63.500000000 mono_ns=6219522562318
[vo/wlshm] K230_PRESENT serial=554 frame=590 pts=63.466666667 submit_mono_ns=6219489239042 presented_ns=6219511071000 receive_mono_ns=6219524191859 refresh_ns=19160758 sequence=166414 flags=7
[vo/wlshm] K230_PRESENT serial=555 frame=591 pts=63.500000000 submit_mono_ns=6219522562318 presented_ns=6219530223000 receive_mono_ns=6219530703171 refresh_ns=19160758 sequence=166415 flags=7
[vo/wlshm] K230_SUBMIT serial=556 frame=592 pts=63.533333333 mono_ns=6219560116904
[vo/wlshm] K230_PRESENT serial=556 frame=592 pts=63.533333333 submit_mono_ns=6219560116904 presented_ns=6219568546000 receive_mono_ns=6219569277058 refresh_ns=19160758 sequence=166417 flags=7
[vo/wlshm] K230_SUBMIT serial=557 frame=593 pts=63.566666667 mono_ns=6219592110407
[vo/wlshm] K230_SUBMIT serial=558 frame=594 pts=63.600000000 mono_ns=6219622528924
[vo/wlshm] K230_PRESENT serial=557 frame=593 pts=63.566666667 submit_mono_ns=6219592110407 presented_ns=6219606867000 receive_mono_ns=6219625276874 refresh_ns=19160758 sequence=166419 flags=7
[vo/wlshm] K230_SUBMIT serial=559 frame=595 pts=63.633333333 mono_ns=6219655862422
[vo/wlshm] K230_PRESENT serial=558 frame=594 pts=63.600000000 submit_mono_ns=6219622528924 presented_ns=6219645187000 receive_mono_ns=6219659468307 refresh_ns=19160758 sequence=166421 flags=7
[vo/wlshm] K230_SUBMIT serial=560 frame=596 pts=63.666666667 mono_ns=6219689189105
[vo/wlshm] K230_PRESENT serial=559 frame=595 pts=63.633333333 submit_mono_ns=6219655862422 presented_ns=6219664350000 receive_mono_ns=6219692241416 refresh_ns=19160758 sequence=166422 flags=7
[vo/wlshm] K230_SUBMIT serial=561 frame=597 pts=63.700000000 mono_ns=6219722519936
[vo/wlshm] K230_PRESENT serial=560 frame=596 pts=63.666666667 submit_mono_ns=6219689189105 presented_ns=6219702675000 receive_mono_ns=6219724065813 refresh_ns=19160758 sequence=166424 flags=7
[vo/wlshm] K230_SUBMIT serial=562 frame=598 pts=63.733333333 mono_ns=6219755831657
[vo/wlshm] K230_PRESENT serial=561 frame=597 pts=63.700000000 submit_mono_ns=6219722519936 presented_ns=6219740991000 receive_mono_ns=6219759493430 refresh_ns=19160758 sequence=166426 flags=7
[vo/wlshm] K230_SUBMIT serial=563 frame=599 pts=63.766666667 mono_ns=6219789587364
[vo/wlshm] K230_PRESENT serial=562 frame=598 pts=63.733333333 submit_mono_ns=6219755831657 presented_ns=6219760152000 receive_mono_ns=6219792839816 refresh_ns=19160758 sequence=166427 flags=7
[vo/wlshm] K230_SUBMIT serial=564 frame=600 pts=63.800000000 mono_ns=6219822525652
[vo/wlshm] K230_PRESENT serial=563 frame=599 pts=63.766666667 submit_mono_ns=6219789587364 presented_ns=6219817633000 receive_mono_ns=6219826110576 refresh_ns=19160758 sequence=166430 flags=7
[vo/wlshm] K230_SUBMIT serial=565 frame=601 pts=63.833333333 mono_ns=6219857033372
[vo/wlshm] K230_PRESENT serial=564 frame=600 pts=63.800000000 submit_mono_ns=6219822525652 presented_ns=6219836794000 receive_mono_ns=6219857702610 refresh_ns=19160758 sequence=166431 flags=7
[vo/wlshm] K230_SUBMIT serial=566 frame=602 pts=63.866666667 mono_ns=6219889545193
[vo/wlshm] K230_PRESENT serial=565 frame=601 pts=63.833333333 submit_mono_ns=6219857033372 presented_ns=6219875116000 receive_mono_ns=6219892203849 refresh_ns=19160758 sequence=166433 flags=7
[vo/wlshm] K230_SUBMIT serial=567 frame=603 pts=63.900000000 mono_ns=6219922513035
[vo/wlshm] K230_PRESENT serial=566 frame=602 pts=63.866666667 submit_mono_ns=6219889545193 presented_ns=6219894277000 receive_mono_ns=6219922749991 refresh_ns=19160758 sequence=166434 flags=7
[vo/wlshm] K230_SUBMIT serial=568 frame=604 pts=63.933333333 mono_ns=6219955875681
[vo/wlshm] K230_PRESENT serial=567 frame=603 pts=63.900000000 submit_mono_ns=6219922513035 presented_ns=6219932611000 receive_mono_ns=6219956149968 refresh_ns=19160758 sequence=166436 flags=7
[vo/wlshm] K230_SUBMIT serial=569 frame=605 pts=63.966666667 mono_ns=6219989172624
[vo/wlshm] K230_PRESENT serial=568 frame=604 pts=63.933333333 submit_mono_ns=6219955875681 presented_ns=6219970919000 receive_mono_ns=6219989411098 refresh_ns=19160758 sequence=166438 flags=7
[vo/wlshm] K230_SUBMIT serial=570 frame=606 pts=64.000000000 mono_ns=6220024133811
[vo/wlshm] K230_PRESENT serial=569 frame=605 pts=63.966666667 submit_mono_ns=6219989172624 presented_ns=6220009239000 receive_mono_ns=6220024347545 refresh_ns=19160758 sequence=166440 flags=7
[vo/wlshm] K230_SUBMIT serial=571 frame=607 pts=64.033333333 mono_ns=6220055880619
[vo/wlshm] K230_PRESENT serial=570 frame=606 pts=64.000000000 submit_mono_ns=6220024133811 presented_ns=6220047561000 receive_mono_ns=6220059526910 refresh_ns=19160758 sequence=166442 flags=7
[vo/wlshm] K230_SUBMIT serial=572 frame=608 pts=64.066666667 mono_ns=6220092404385
[vo/wlshm] K230_PRESENT serial=571 frame=607 pts=64.033333333 submit_mono_ns=6220055880619 presented_ns=6220066721000 receive_mono_ns=6220096104156 refresh_ns=19160758 sequence=166443 flags=7
[vo/wlshm] K230_SUBMIT serial=573 frame=609 pts=64.100000000 mono_ns=6220124120007
[vo/wlshm] K230_PRESENT serial=572 frame=608 pts=64.066666667 submit_mono_ns=6220092404385 presented_ns=6220105043000 receive_mono_ns=6220127762410 refresh_ns=19160758 sequence=166445 flags=7
[vo/wlshm] K230_SUBMIT serial=574 frame=610 pts=64.133333333 mono_ns=6220160115346
[vo/wlshm] K230_PRESENT serial=573 frame=609 pts=64.100000000 submit_mono_ns=6220124120007 presented_ns=6220143365000 receive_mono_ns=6220163991297 refresh_ns=19160758 sequence=166447 flags=7
[vo/wlshm] K230_SUBMIT serial=575 frame=611 pts=64.166666667 mono_ns=6220192159513
[vo/wlshm] K230_PRESENT serial=574 frame=610 pts=64.133333333 submit_mono_ns=6220160115346 presented_ns=6220181687000 receive_mono_ns=6220195821063 refresh_ns=19160758 sequence=166449 flags=7
[vo/wlshm] K230_SUBMIT serial=576 frame=612 pts=64.200000000 mono_ns=6220222485735
[vo/wlshm] K230_PRESENT serial=575 frame=611 pts=64.166666667 submit_mono_ns=6220192159513 presented_ns=6220200846000 receive_mono_ns=6220224199681 refresh_ns=19160758 sequence=166450 flags=7
[vo/wlshm] K230_SUBMIT serial=577 frame=613 pts=64.233333333 mono_ns=6220255841379
[vo/wlshm] K230_PRESENT serial=576 frame=612 pts=64.200000000 submit_mono_ns=6220222485735 presented_ns=6220239167000 receive_mono_ns=6220259550817 refresh_ns=19160758 sequence=166452 flags=7
[vo/wlshm] K230_SUBMIT serial=578 frame=614 pts=64.266666667 mono_ns=6220289166765
[vo/wlshm] K230_PRESENT serial=577 frame=613 pts=64.233333333 submit_mono_ns=6220255841379 presented_ns=6220277488000 receive_mono_ns=6220292197447 refresh_ns=19160758 sequence=166454 flags=7
[vo/wlshm] K230_SUBMIT serial=579 frame=615 pts=64.300000000 mono_ns=6220322501484
[vo/wlshm] K230_PRESENT serial=578 frame=614 pts=64.266666667 submit_mono_ns=6220289166765 presented_ns=6220296665000 receive_mono_ns=6220324196838 refresh_ns=19160758 sequence=166455 flags=7
[vo/wlshm] K230_SUBMIT serial=580 frame=616 pts=64.333333333 mono_ns=6220355838500
[vo/wlshm] K230_PRESENT serial=579 frame=615 pts=64.300000000 submit_mono_ns=6220322501484 presented_ns=6220334971000 receive_mono_ns=6220356114972 refresh_ns=19160758 sequence=166457 flags=7
[vo/wlshm] K230_SUBMIT serial=581 frame=617 pts=64.366666667 mono_ns=6220389158664
[vo/wlshm] K230_PRESENT serial=580 frame=616 pts=64.333333333 submit_mono_ns=6220355838500 presented_ns=6220373292000 receive_mono_ns=6220389420100 refresh_ns=19160758 sequence=166459 flags=7
[vo/wlshm] K230_SUBMIT serial=582 frame=618 pts=64.400000000 mono_ns=6220422749671
[vo/wlshm] K230_PRESENT serial=581 frame=617 pts=64.366666667 submit_mono_ns=6220389158664 presented_ns=6220411613000 receive_mono_ns=6220422980737 refresh_ns=19160758 sequence=166461 flags=7
[vo/wlshm] K230_SUBMIT serial=583 frame=619 pts=64.433333333 mono_ns=6220455832102
[vo/wlshm] K230_PRESENT serial=582 frame=618 pts=64.400000000 submit_mono_ns=6220422749671 presented_ns=6220430775000 receive_mono_ns=6220459436506 refresh_ns=19160758 sequence=166462 flags=7
[vo/wlshm] K230_SUBMIT serial=584 frame=620 pts=64.466666667 mono_ns=6220496397961
[vo/wlshm] K230_PRESENT serial=583 frame=619 pts=64.433333333 submit_mono_ns=6220455832102 presented_ns=6220469095000 receive_mono_ns=6220500251580 refresh_ns=19160758 sequence=166464 flags=7
[vo/wlshm] K230_SUBMIT serial=585 frame=621 pts=64.500000000 mono_ns=6220523859571
[vo/wlshm] K230_PRESENT serial=584 frame=620 pts=64.466666667 submit_mono_ns=6220496397961 presented_ns=6220507416000 receive_mono_ns=6220529230585 refresh_ns=19160758 sequence=166466 flags=7
[vo/wlshm] K230_SUBMIT serial=586 frame=622 pts=64.533333333 mono_ns=6220556633307
[vo/wlshm] K230_PRESENT serial=585 frame=621 pts=64.500000000 submit_mono_ns=6220523859571 presented_ns=6220545738000 receive_mono_ns=6220560381670 refresh_ns=19160758 sequence=166468 flags=7
[vo/wlshm] K230_PRESENT serial=586 frame=622 pts=64.533333333 submit_mono_ns=6220556633307 presented_ns=6220564906000 receive_mono_ns=6220567635365 refresh_ns=19160758 sequence=166469 flags=7
[vo/wlshm] K230_SUBMIT serial=587 frame=623 pts=64.566666667 mono_ns=6220599790455
[vo/wlshm] K230_SUBMIT serial=588 frame=624 pts=64.600000000 mono_ns=6220623619735
[vo/wlshm] K230_PRESENT serial=587 frame=623 pts=64.566666667 submit_mono_ns=6220599790455 presented_ns=6220622381000 receive_mono_ns=6220628190961 refresh_ns=19160758 sequence=166472 flags=7
[vo/wlshm] K230_SUBMIT serial=589 frame=625 pts=64.633333333 mono_ns=6220655811305
[vo/wlshm] K230_PRESENT serial=588 frame=624 pts=64.600000000 submit_mono_ns=6220623619735 presented_ns=6220641543000 receive_mono_ns=6220659437005 refresh_ns=19160758 sequence=166473 flags=7
[vo/wlshm] K230_SUBMIT serial=590 frame=626 pts=64.666666667 mono_ns=6220690888969
[vo/wlshm] K230_PRESENT serial=589 frame=625 pts=64.633333333 submit_mono_ns=6220655811305 presented_ns=6220660701000 receive_mono_ns=6220692203113 refresh_ns=19160758 sequence=166474 flags=7
[vo/wlshm] K230_PRESENT serial=590 frame=626 pts=64.666666667 submit_mono_ns=6220690888969 presented_ns=6220699030000 receive_mono_ns=6220699461956 refresh_ns=19160758 sequence=166476 flags=7
[vo/wlshm] K230_SUBMIT serial=591 frame=627 pts=64.700000000 mono_ns=6220722517409
[vo/wlshm] K230_SUBMIT serial=592 frame=628 pts=64.733333333 mono_ns=6220755859535
[vo/wlshm] K230_PRESENT serial=591 frame=627 pts=64.700000000 submit_mono_ns=6220722517409 presented_ns=6220737345000 receive_mono_ns=6220756140600 refresh_ns=19160758 sequence=166478 flags=7
[vo/wlshm] K230_SUBMIT serial=593 frame=629 pts=64.766666667 mono_ns=6220789174810
[vo/wlshm] K230_PRESENT serial=592 frame=628 pts=64.733333333 submit_mono_ns=6220755859535 presented_ns=6220775665000 receive_mono_ns=6220792434522 refresh_ns=19160758 sequence=166480 flags=7
[vo/wlshm] K230_PRESENT serial=593 frame=629 pts=64.766666667 submit_mono_ns=6220789174810 presented_ns=6220794825000 receive_mono_ns=6220795402057 refresh_ns=19160758 sequence=166481 flags=7
[vo/wlshm] K230_SUBMIT serial=594 frame=630 pts=64.800000000 mono_ns=6220824275399
[vo/wlshm] K230_SUBMIT serial=595 frame=631 pts=64.833333333 mono_ns=6220858884967
[vo/wlshm] K230_PRESENT serial=594 frame=630 pts=64.800000000 submit_mono_ns=6220824275399 presented_ns=6220833148000 receive_mono_ns=6220867346217 refresh_ns=19160758 sequence=166483 flags=7
[vo/wlshm] K230_SUBMIT serial=596 frame=632 pts=64.866666667 mono_ns=6220889127117
[vo/wlshm] K230_PRESENT serial=595 frame=631 pts=64.833333333 submit_mono_ns=6220858884967 presented_ns=6220871468000 receive_mono_ns=6220892239944 refresh_ns=19160758 sequence=166485 flags=7
[vo/wlshm] K230_SUBMIT serial=597 frame=633 pts=64.900000000 mono_ns=6220924115636
[vo/wlshm] K230_PRESENT serial=596 frame=632 pts=64.866666667 submit_mono_ns=6220889127117 presented_ns=6220909789000 receive_mono_ns=6220924381405 refresh_ns=19160758 sequence=166487 flags=7
[vo/wlshm] K230_SUBMIT serial=598 frame=634 pts=64.933333333 mono_ns=6220955823073
[vo/wlshm] K230_PRESENT serial=597 frame=633 pts=64.900000000 submit_mono_ns=6220924115636 presented_ns=6220948110000 receive_mono_ns=6220959449588 refresh_ns=19160758 sequence=166489 flags=7
[vo/wlshm] K230_SUBMIT serial=599 frame=635 pts=64.966666667 mono_ns=6220989127645
[vo/wlshm] K230_PRESENT serial=598 frame=634 pts=64.933333333 submit_mono_ns=6220955823073 presented_ns=6220967271000 receive_mono_ns=6220992214473 refresh_ns=19160758 sequence=166490 flags=7
[vo/wlshm] K230_SUBMIT serial=600 frame=636 pts=65.000000000 mono_ns=6221022480660
[vo/wlshm] K230_PRESENT serial=599 frame=635 pts=64.966666667 submit_mono_ns=6220989127645 presented_ns=6221005592000 receive_mono_ns=6221025347865 refresh_ns=19160758 sequence=166492 flags=7
[vo/wlshm] K230_SUBMIT serial=601 frame=637 pts=65.033333333 mono_ns=6221055815231
[vo/wlshm] K230_PRESENT serial=600 frame=636 pts=65.000000000 submit_mono_ns=6221022480660 presented_ns=6221043914000 receive_mono_ns=6221056085889 refresh_ns=19160758 sequence=166494 flags=7
[vo/wlshm] K230_SUBMIT serial=602 frame=638 pts=65.066666667 mono_ns=6221089136505
[vo/wlshm] K230_PRESENT serial=601 frame=637 pts=65.033333333 submit_mono_ns=6221055815231 presented_ns=6221063074000 receive_mono_ns=6221089368016 refresh_ns=19160758 sequence=166495 flags=7
[vo/wlshm] K230_SUBMIT serial=603 frame=639 pts=65.100000000 mono_ns=6221122907357
[vo/wlshm] K230_PRESENT serial=602 frame=638 pts=65.066666667 submit_mono_ns=6221089136505 presented_ns=6221101399000 receive_mono_ns=6221130841994 refresh_ns=19160758 sequence=166497 flags=7
[vo/wlshm] K230_SUBMIT serial=604 frame=640 pts=65.133333333 mono_ns=6221156491475
[vo/wlshm] K230_PRESENT serial=603 frame=639 pts=65.100000000 submit_mono_ns=6221122907357 presented_ns=6221139717000 receive_mono_ns=6221160123767 refresh_ns=19160758 sequence=166499 flags=7
[vo/wlshm] K230_SUBMIT serial=605 frame=641 pts=65.166666667 mono_ns=6221201277014
[vo/wlshm] K230_PRESENT serial=604 frame=640 pts=65.133333333 submit_mono_ns=6221156491475 presented_ns=6221178038000 receive_mono_ns=6221204213069 refresh_ns=19160758 sequence=166501 flags=7
[vo/wlshm] K230_SUBMIT serial=606 frame=642 pts=65.200000000 mono_ns=6221239228437
[vo/wlshm] K230_PRESENT serial=605 frame=641 pts=65.166666667 submit_mono_ns=6221201277014 presented_ns=6221216359000 receive_mono_ns=6221243665888 refresh_ns=19160758 sequence=166503 flags=7
[vo/wlshm] K230_PRESENT serial=606 frame=642 pts=65.200000000 submit_mono_ns=6221239228437 presented_ns=6221254680000 receive_mono_ns=6221260312952 refresh_ns=19160758 sequence=166505 flags=7
[vo/wlshm] K230_SUBMIT serial=607 frame=643 pts=65.233333333 mono_ns=6221280154839
[vo/wlshm] K230_SUBMIT serial=608 frame=644 pts=65.266666667 mono_ns=6221301996700
[vo/wlshm] K230_PRESENT serial=607 frame=643 pts=65.233333333 submit_mono_ns=6221280154839 presented_ns=6221293002000 receive_mono_ns=6221309588903 refresh_ns=19160758 sequence=166507 flags=7
[vo/wlshm] K230_SUBMIT serial=609 frame=645 pts=65.300000000 mono_ns=6221327067644
[vo/wlshm] K230_PRESENT serial=608 frame=644 pts=65.266666667 submit_mono_ns=6221301996700 presented_ns=6221312165000 receive_mono_ns=6221330773378 refresh_ns=19160758 sequence=166508 flags=7
[vo/wlshm] K230_SUBMIT serial=610 frame=646 pts=65.333333333 mono_ns=6221355809730
[vo/wlshm] K230_PRESENT serial=609 frame=645 pts=65.300000000 submit_mono_ns=6221327067644 presented_ns=6221331322000 receive_mono_ns=6221359411801 refresh_ns=19160758 sequence=166509 flags=7
[vo/wlshm] K230_SUBMIT serial=611 frame=647 pts=65.366666667 mono_ns=6221389180225
[vo/wlshm] K230_PRESENT serial=610 frame=646 pts=65.333333333 submit_mono_ns=6221355809730 presented_ns=6221369646000 receive_mono_ns=6221392220350 refresh_ns=19160758 sequence=166511 flags=7
[vo/wlshm] K230_SUBMIT serial=612 frame=648 pts=65.400000000 mono_ns=6221422501091
[vo/wlshm] K230_PRESENT serial=611 frame=647 pts=65.366666667 submit_mono_ns=6221389180225 presented_ns=6221407966000 receive_mono_ns=6221424247147 refresh_ns=19160758 sequence=166513 flags=7
[vo/wlshm] K230_SUBMIT serial=613 frame=649 pts=65.433333333 mono_ns=6221455831958
[vo/wlshm] K230_PRESENT serial=612 frame=648 pts=65.400000000 submit_mono_ns=6221422501091 presented_ns=6221446288000 receive_mono_ns=6221459521285 refresh_ns=19160758 sequence=166515 flags=7
[vo/wlshm] K230_SUBMIT serial=614 frame=650 pts=65.466666667 mono_ns=6221489153046
[vo/wlshm] K230_PRESENT serial=613 frame=649 pts=65.433333333 submit_mono_ns=6221455831958 presented_ns=6221465448000 receive_mono_ns=6221492212468 refresh_ns=19160758 sequence=166516 flags=7
[vo/wlshm] K230_SUBMIT serial=615 frame=651 pts=65.500000000 mono_ns=6221522484283
[vo/wlshm] K230_PRESENT serial=614 frame=650 pts=65.466666667 submit_mono_ns=6221489153046 presented_ns=6221503769000 receive_mono_ns=6221526215498 refresh_ns=19160758 sequence=166518 flags=7
[vo/wlshm] K230_SUBMIT serial=616 frame=652 pts=65.533333333 mono_ns=6221555838000
[vo/wlshm] K230_PRESENT serial=615 frame=651 pts=65.500000000 submit_mono_ns=6221522484283 presented_ns=6221542089000 receive_mono_ns=6221556109214 refresh_ns=19160758 sequence=166520 flags=7
[vo/wlshm] K230_SUBMIT serial=617 frame=653 pts=65.566666667 mono_ns=6221589123609
[vo/wlshm] K230_PRESENT serial=616 frame=652 pts=65.533333333 submit_mono_ns=6221555838000 presented_ns=6221561251000 receive_mono_ns=6221589356305 refresh_ns=19160758 sequence=166521 flags=7
[vo/wlshm] K230_SUBMIT serial=618 frame=654 pts=65.600000000 mono_ns=6221622767761
[vo/wlshm] K230_PRESENT serial=617 frame=653 pts=65.566666667 submit_mono_ns=6221589123609 presented_ns=6221599572000 receive_mono_ns=6221624220826 refresh_ns=19160758 sequence=166523 flags=7
[vo/wlshm] K230_SUBMIT serial=619 frame=655 pts=65.633333333 mono_ns=6221655796933
[vo/wlshm] K230_PRESENT serial=618 frame=654 pts=65.600000000 submit_mono_ns=6221622767761 presented_ns=6221637892000 receive_mono_ns=6221659463298 refresh_ns=19160758 sequence=166525 flags=7
[vo/wlshm] K230_SUBMIT serial=620 frame=656 pts=65.666666667 mono_ns=6221690299466
[vo/wlshm] K230_PRESENT serial=619 frame=655 pts=65.633333333 submit_mono_ns=6221655796933 presented_ns=6221676213000 receive_mono_ns=6221690509311 refresh_ns=19160758 sequence=166527 flags=7
[vo/wlshm] K230_SUBMIT serial=621 frame=657 pts=65.700000000 mono_ns=6221724518378
[vo/wlshm] K230_PRESENT serial=620 frame=656 pts=65.666666667 submit_mono_ns=6221690299466 presented_ns=6221714534000 receive_mono_ns=6221725211986 refresh_ns=19160758 sequence=166529 flags=7
[vo/wlshm] K230_SUBMIT serial=622 frame=658 pts=65.733333333 mono_ns=6221756186445
[vo/wlshm] K230_PRESENT serial=621 frame=657 pts=65.700000000 submit_mono_ns=6221724518378 presented_ns=6221752858000 receive_mono_ns=6221759312642 refresh_ns=19160758 sequence=166531 flags=7
[vo/wlshm] K230_PRESENT serial=622 frame=658 pts=65.733333333 submit_mono_ns=6221756186445 presented_ns=6221772038000 receive_mono_ns=6221776800938 refresh_ns=19160758 sequence=166532 flags=7
[vo/wlshm] K230_SUBMIT serial=623 frame=659 pts=65.766666667 mono_ns=6221809023321
[vo/wlshm] K230_SUBMIT serial=624 frame=660 pts=65.800000000 mono_ns=6221840545874
[vo/wlshm] K230_PRESENT serial=623 frame=659 pts=65.766666667 submit_mono_ns=6221809023321 presented_ns=6221829500000 receive_mono_ns=6221847774052 refresh_ns=19160758 sequence=166535 flags=7
[vo/wlshm] K230_SUBMIT serial=625 frame=661 pts=65.833333333 mono_ns=6221891292890
[vo/wlshm] K230_PRESENT serial=624 frame=660 pts=65.800000000 submit_mono_ns=6221840545874 presented_ns=6221867822000 receive_mono_ns=6221896300176 refresh_ns=19160758 sequence=166537 flags=7
[vo/wlshm] K230_SUBMIT serial=626 frame=662 pts=65.866666667 mono_ns=6221924114402
[vo/wlshm] K230_PRESENT serial=625 frame=661 pts=65.833333333 submit_mono_ns=6221891292890 presented_ns=6221906142000 receive_mono_ns=6221927749065 refresh_ns=19160758 sequence=166539 flags=7
[vo/wlshm] K230_SUBMIT serial=627 frame=663 pts=65.900000000 mono_ns=6221943178241
[vo/wlshm] K230_PRESENT serial=626 frame=662 pts=65.866666667 submit_mono_ns=6221924114402 presented_ns=6221944463000 receive_mono_ns=6221952505685 refresh_ns=19160758 sequence=166541 flags=7
[vo/wlshm] K230_SUBMIT serial=628 frame=664 pts=65.933333333 mono_ns=6221972444162
[vo/wlshm] K230_PRESENT serial=627 frame=663 pts=65.900000000 submit_mono_ns=6221943178241 presented_ns=6221963624000 receive_mono_ns=6221976575883 refresh_ns=19160758 sequence=166542 flags=7
[vo/wlshm] K230_SUBMIT serial=629 frame=665 pts=65.966666667 mono_ns=6221989250813
[vo/wlshm] K230_PRESENT serial=628 frame=664 pts=65.933333333 submit_mono_ns=6221972444162 presented_ns=6221982784000 receive_mono_ns=6221992267828 refresh_ns=19160758 sequence=166543 flags=7
[vo/wlshm] K230_SUBMIT serial=630 frame=666 pts=66.000000000 mono_ns=6222024123075
[vo/wlshm] K230_PRESENT serial=629 frame=665 pts=65.966666667 submit_mono_ns=6221989250813 presented_ns=6222001945000 receive_mono_ns=6222024365993 refresh_ns=19160758 sequence=166544 flags=7
[vo/wlshm] K230_SUBMIT serial=631 frame=667 pts=66.033333333 mono_ns=6222056165760
[vo/wlshm] K230_PRESENT serial=630 frame=666 pts=66.000000000 submit_mono_ns=6222024123075 presented_ns=6222040266000 receive_mono_ns=6222059836421 refresh_ns=19160758 sequence=166546 flags=7
[vo/wlshm] K230_SUBMIT serial=632 frame=668 pts=66.066666667 mono_ns=6222089134822
[vo/wlshm] K230_PRESENT serial=631 frame=667 pts=66.033333333 submit_mono_ns=6222056165760 presented_ns=6222078587000 receive_mono_ns=6222092230946 refresh_ns=19160758 sequence=166548 flags=7
[vo/wlshm] K230_SUBMIT serial=633 frame=669 pts=66.100000000 mono_ns=6222124359997
[vo/wlshm] K230_PRESENT serial=632 frame=668 pts=66.066666667 submit_mono_ns=6222089134822 presented_ns=6222097748000 receive_mono_ns=6222132456702 refresh_ns=19160758 sequence=166549 flags=7
[vo/wlshm] K230_SUBMIT serial=634 frame=670 pts=66.133333333 mono_ns=6222155807626
[vo/wlshm] K230_PRESENT serial=633 frame=669 pts=66.100000000 submit_mono_ns=6222124359997 presented_ns=6222136076000 receive_mono_ns=6222159804091 refresh_ns=19160758 sequence=166551 flags=7
[vo/wlshm] K230_SUBMIT serial=635 frame=671 pts=66.166666667 mono_ns=6222189107270
[vo/wlshm] K230_PRESENT serial=634 frame=670 pts=66.133333333 submit_mono_ns=6222155807626 presented_ns=6222174391000 receive_mono_ns=6222191262683 refresh_ns=19160758 sequence=166553 flags=7
[vo/wlshm] K230_SUBMIT serial=636 frame=672 pts=66.200000000 mono_ns=6222222447098
[vo/wlshm] K230_PRESENT serial=635 frame=671 pts=66.166666667 submit_mono_ns=6222189107270 presented_ns=6222193550000 receive_mono_ns=6222222682979 refresh_ns=19160758 sequence=166554 flags=7
[vo/wlshm] K230_SUBMIT serial=637 frame=673 pts=66.233333333 mono_ns=6222255778629
[vo/wlshm] K230_PRESENT serial=636 frame=672 pts=66.200000000 submit_mono_ns=6222222447098 presented_ns=6222251032000 receive_mono_ns=6222259386626 refresh_ns=19160758 sequence=166557 flags=7
[vo/wlshm] K230_SUBMIT serial=638 frame=674 pts=66.266666667 mono_ns=6222289087977
[vo/wlshm] K230_PRESENT serial=637 frame=673 pts=66.233333333 submit_mono_ns=6222255778629 presented_ns=6222270194000 receive_mono_ns=6222290921326 refresh_ns=19160758 sequence=166558 flags=7
[vo/wlshm] K230_SUBMIT serial=639 frame=675 pts=66.300000000 mono_ns=6222322442137
[vo/wlshm] K230_PRESENT serial=638 frame=674 pts=66.266666667 submit_mono_ns=6222289087977 presented_ns=6222308515000 receive_mono_ns=6222322674130 refresh_ns=19160758 sequence=166560 flags=7
[vo/wlshm] K230_SUBMIT serial=640 frame=676 pts=66.333333333 mono_ns=6222355779521
[vo/wlshm] K230_PRESENT serial=639 frame=675 pts=66.300000000 submit_mono_ns=6222322442137 presented_ns=6222327675000 receive_mono_ns=6222358173296 refresh_ns=19160758 sequence=166561 flags=7
[vo/wlshm] K230_SUBMIT serial=641 frame=677 pts=66.366666667 mono_ns=6222391226170
[vo/wlshm] K230_PRESENT serial=640 frame=676 pts=66.333333333 submit_mono_ns=6222355779521 presented_ns=6222365997000 receive_mono_ns=6222391454941 refresh_ns=19160758 sequence=166563 flags=7
[vo/wlshm] K230_SUBMIT serial=642 frame=678 pts=66.400000000 mono_ns=6222435347359
[vo/wlshm] K230_PRESENT serial=641 frame=677 pts=66.366666667 submit_mono_ns=6222391226170 presented_ns=6222404320000 receive_mono_ns=6222440742595 refresh_ns=19160758 sequence=166565 flags=7
[vo/wlshm] K230_SUBMIT serial=643 frame=679 pts=66.433333333 mono_ns=6222474241491
[vo/wlshm] K230_PRESENT serial=642 frame=678 pts=66.400000000 submit_mono_ns=6222435347359 presented_ns=6222461803000 receive_mono_ns=6222476231687 refresh_ns=19160758 sequence=166568 flags=7
[vo/wlshm] K230_SUBMIT serial=644 frame=680 pts=66.466666667 mono_ns=6222494656990
[vo/wlshm] K230_PRESENT serial=643 frame=679 pts=66.433333333 submit_mono_ns=6222474241491 presented_ns=6222480960000 receive_mono_ns=6222503267382 refresh_ns=19160758 sequence=166569 flags=7
[vo/wlshm] K230_SUBMIT serial=645 frame=681 pts=66.500000000 mono_ns=6222536359774
[vo/wlshm] K230_PRESENT serial=644 frame=680 pts=66.466666667 submit_mono_ns=6222494656990 presented_ns=6222519282000 receive_mono_ns=6222539966881 refresh_ns=19160758 sequence=166571 flags=7
[vo/wlshm] K230_SUBMIT serial=646 frame=682 pts=66.533333333 mono_ns=6222558868835
[vo/wlshm] K230_PRESENT serial=645 frame=681 pts=66.500000000 submit_mono_ns=6222536359774 presented_ns=6222557604000 receive_mono_ns=6222566150566 refresh_ns=19160758 sequence=166573 flags=7
[vo/wlshm] K230_SUBMIT serial=647 frame=683 pts=66.566666667 mono_ns=6222592354806
[vo/wlshm] K230_PRESENT serial=646 frame=682 pts=66.533333333 submit_mono_ns=6222558868835 presented_ns=6222576764000 receive_mono_ns=6222596111613 refresh_ns=19160758 sequence=166574 flags=7
[vo/wlshm] K230_SUBMIT serial=648 frame=684 pts=66.600000000 mono_ns=6222624288234
[vo/wlshm] K230_PRESENT serial=647 frame=683 pts=66.566666667 submit_mono_ns=6222592354806 presented_ns=6222615084000 receive_mono_ns=6222631290382 refresh_ns=19160758 sequence=166576 flags=7
[vo/wlshm] K230_SUBMIT serial=649 frame=685 pts=66.633333333 mono_ns=6222656150702
[vo/wlshm] K230_PRESENT serial=648 frame=684 pts=66.600000000 submit_mono_ns=6222624288234 presented_ns=6222634245000 receive_mono_ns=6222661792893 refresh_ns=19160758 sequence=166577 flags=7
[vo/wlshm] K230_SUBMIT serial=650 frame=686 pts=66.666666667 mono_ns=6222689080506
[vo/wlshm] K230_PRESENT serial=649 frame=685 pts=66.633333333 submit_mono_ns=6222656150702 presented_ns=6222672566000 receive_mono_ns=6222692217924 refresh_ns=19160758 sequence=166579 flags=7
[vo/wlshm] K230_SUBMIT serial=651 frame=687 pts=66.700000000 mono_ns=6222722454036
[vo/wlshm] K230_PRESENT serial=650 frame=686 pts=66.666666667 submit_mono_ns=6222689080506 presented_ns=6222710888000 receive_mono_ns=6222724208165 refresh_ns=19160758 sequence=166581 flags=7
[vo/wlshm] K230_SUBMIT serial=652 frame=688 pts=66.733333333 mono_ns=6222760154651
[vo/wlshm] K230_PRESENT serial=651 frame=687 pts=66.700000000 submit_mono_ns=6222722454036 presented_ns=6222749209000 receive_mono_ns=6222763741759 refresh_ns=19160758 sequence=166583 flags=7
[vo/wlshm] K230_PRESENT serial=652 frame=688 pts=66.733333333 submit_mono_ns=6222760154651 presented_ns=6222768377000 receive_mono_ns=6222768758674 refresh_ns=19160758 sequence=166584 flags=7
[vo/wlshm] K230_SUBMIT serial=653 frame=689 pts=66.766666667 mono_ns=6222796119099
[vo/wlshm] K230_SUBMIT serial=654 frame=690 pts=66.800000000 mono_ns=6222824116986
[vo/wlshm] K230_PRESENT serial=653 frame=689 pts=66.766666667 submit_mono_ns=6222796119099 presented_ns=6222806691000 receive_mono_ns=6222827735982 refresh_ns=19160758 sequence=166586 flags=7
[vo/wlshm] K230_SUBMIT serial=655 frame=691 pts=66.833333333 mono_ns=6222857816172
[vo/wlshm] K230_PRESENT serial=654 frame=690 pts=66.800000000 submit_mono_ns=6222824116986 presented_ns=6222845011000 receive_mono_ns=6222861524647 refresh_ns=19160758 sequence=166588 flags=7
[vo/wlshm] K230_PRESENT serial=655 frame=691 pts=66.833333333 submit_mono_ns=6222857816172 presented_ns=6222864174000 receive_mono_ns=6222864629845 refresh_ns=19160758 sequence=166589 flags=7
[vo/wlshm] K230_SUBMIT serial=656 frame=692 pts=66.866666667 mono_ns=6222889062363
[vo/wlshm] K230_SUBMIT serial=657 frame=693 pts=66.900000000 mono_ns=6222922417042
[vo/wlshm] K230_PRESENT serial=656 frame=692 pts=66.866666667 submit_mono_ns=6222889062363 presented_ns=6222902495000 receive_mono_ns=6222924198689 refresh_ns=19160758 sequence=166591 flags=7
[vo/wlshm] K230_SUBMIT serial=658 frame=694 pts=66.933333333 mono_ns=6222955789091
[vo/wlshm] K230_PRESENT serial=657 frame=693 pts=66.900000000 submit_mono_ns=6222922417042 presented_ns=6222940815000 receive_mono_ns=6222959418383 refresh_ns=19160758 sequence=166593 flags=7
[vo/wlshm] K230_SUBMIT serial=659 frame=695 pts=66.966666667 mono_ns=6222989065699
[vo/wlshm] K230_PRESENT serial=658 frame=694 pts=66.933333333 submit_mono_ns=6222955789091 presented_ns=6222959976000 receive_mono_ns=6222989303062 refresh_ns=19160758 sequence=166594 flags=7
[vo/wlshm] K230_SUBMIT serial=660 frame=696 pts=67.000000000 mono_ns=6223022414823
[vo/wlshm] K230_PRESENT serial=659 frame=695 pts=66.966666667 submit_mono_ns=6222989065699 presented_ns=6222998297000 receive_mono_ns=6223024202803 refresh_ns=19160758 sequence=166596 flags=7
[vo/wlshm] K230_SUBMIT serial=661 frame=697 pts=67.033333333 mono_ns=6223055733281
[vo/wlshm] K230_PRESENT serial=660 frame=696 pts=67.000000000 submit_mono_ns=6223022414823 presented_ns=6223036632000 receive_mono_ns=6223055974533 refresh_ns=19160758 sequence=166598 flags=7
[vo/wlshm] K230_SUBMIT serial=662 frame=698 pts=67.066666667 mono_ns=6223089338766
[vo/wlshm] K230_PRESENT serial=661 frame=697 pts=67.033333333 submit_mono_ns=6223055733281 presented_ns=6223074939000 receive_mono_ns=6223089579277 refresh_ns=19160758 sequence=166600 flags=7
[vo/wlshm] K230_SUBMIT serial=663 frame=699 pts=67.100000000 mono_ns=6223122415379
[vo/wlshm] K230_PRESENT serial=662 frame=698 pts=67.066666667 submit_mono_ns=6223089338766 presented_ns=6223113260000 receive_mono_ns=6223122649631 refresh_ns=19160758 sequence=166602 flags=7
[vo/wlshm] K230_SUBMIT serial=664 frame=700 pts=67.133333333 mono_ns=6223155745021
[vo/wlshm] K230_PRESENT serial=663 frame=699 pts=67.100000000 submit_mono_ns=6223122415379 presented_ns=6223132422000 receive_mono_ns=6223155968940 refresh_ns=19160758 sequence=166603 flags=7
[vo/wlshm] K230_SUBMIT serial=665 frame=701 pts=67.166666667 mono_ns=6223189103810
[vo/wlshm] K230_PRESENT serial=664 frame=700 pts=67.133333333 submit_mono_ns=6223155745021 presented_ns=6223170744000 receive_mono_ns=6223197495765 refresh_ns=19160758 sequence=166605 flags=7
[vo/wlshm] K230_SUBMIT serial=666 frame=702 pts=67.200000000 mono_ns=6223222406083
[vo/wlshm] K230_PRESENT serial=665 frame=701 pts=67.166666667 submit_mono_ns=6223189103810 presented_ns=6223209064000 receive_mono_ns=6223224201581 refresh_ns=19160758 sequence=166607 flags=7
[vo/wlshm] K230_SUBMIT serial=667 frame=703 pts=67.233333333 mono_ns=6223255825129
[vo/wlshm] K230_PRESENT serial=666 frame=702 pts=67.200000000 submit_mono_ns=6223222406083 presented_ns=6223228227000 receive_mono_ns=6223256096565 refresh_ns=19160758 sequence=166608 flags=7
[vo/wlshm] K230_PRESENT serial=667 frame=703 pts=67.233333333 submit_mono_ns=6223255825129 presented_ns=6223266548000 receive_mono_ns=6223272720591 refresh_ns=19160758 sequence=166610 flags=7
[vo/wlshm] K230_SUBMIT serial=668 frame=704 pts=67.266666667 mono_ns=6223295337574
[vo/wlshm] K230_PRESENT serial=668 frame=704 pts=67.266666667 submit_mono_ns=6223295337574 presented_ns=6223304866000 receive_mono_ns=6223308140536 refresh_ns=19160758 sequence=166612 flags=7
[vo/wlshm] K230_SUBMIT serial=669 frame=705 pts=67.300000000 mono_ns=6223326200702
[vo/wlshm] K230_SUBMIT serial=670 frame=706 pts=67.333333333 mono_ns=6223355729020
[vo/wlshm] K230_PRESENT serial=669 frame=705 pts=67.300000000 submit_mono_ns=6223326200702 presented_ns=6223343190000 receive_mono_ns=6223355952902 refresh_ns=19160758 sequence=166614 flags=7
[vo/wlshm] K230_SUBMIT serial=671 frame=707 pts=67.366666667 mono_ns=6223392115269
[vo/wlshm] K230_PRESENT serial=670 frame=706 pts=67.333333333 submit_mono_ns=6223355729020 presented_ns=6223362349000 receive_mono_ns=6223392346965 refresh_ns=19160758 sequence=166615 flags=7
[vo/wlshm] K230_PRESENT serial=671 frame=707 pts=67.366666667 submit_mono_ns=6223392115269 presented_ns=6223400671000 receive_mono_ns=6223404545058 refresh_ns=19160758 sequence=166617 flags=7
[vo/wlshm] K230_SUBMIT serial=672 frame=708 pts=67.400000000 mono_ns=6223422439895
[vo/wlshm] K230_SUBMIT serial=673 frame=709 pts=67.433333333 mono_ns=6223458558374
[vo/wlshm] K230_PRESENT serial=672 frame=708 pts=67.400000000 submit_mono_ns=6223422439895 presented_ns=6223438991000 receive_mono_ns=6223460195803 refresh_ns=19160758 sequence=166619 flags=7
[vo/wlshm] K230_SUBMIT serial=674 frame=710 pts=67.466666667 mono_ns=6223489160362
[vo/wlshm] K230_PRESENT serial=673 frame=709 pts=67.433333333 submit_mono_ns=6223458558374 presented_ns=6223477312000 receive_mono_ns=6223492198932 refresh_ns=19160758 sequence=166621 flags=7
[vo/wlshm] K230_SUBMIT serial=675 frame=711 pts=67.500000000 mono_ns=6223528113788
[vo/wlshm] K230_PRESENT serial=674 frame=710 pts=67.466666667 submit_mono_ns=6223489160362 presented_ns=6223515634000 receive_mono_ns=6223531739154 refresh_ns=19160758 sequence=166623 flags=7
[vo/wlshm] K230_PRESENT serial=675 frame=711 pts=67.500000000 submit_mono_ns=6223528113788 presented_ns=6223534814000 receive_mono_ns=6223535190007 refresh_ns=19160758 sequence=166624 flags=7
[vo/wlshm] K230_SUBMIT serial=676 frame=712 pts=67.533333333 mono_ns=6223555737537
[vo/wlshm] K230_SUBMIT serial=677 frame=713 pts=67.566666667 mono_ns=6223589064550
[vo/wlshm] K230_PRESENT serial=676 frame=712 pts=67.533333333 submit_mono_ns=6223555737537 presented_ns=6223573115000 receive_mono_ns=6223589294690 refresh_ns=19160758 sequence=166626 flags=7
[vo/wlshm] K230_SUBMIT serial=678 frame=714 pts=67.600000000 mono_ns=6223622400895
[vo/wlshm] K230_PRESENT serial=677 frame=713 pts=67.566666667 submit_mono_ns=6223589064550 presented_ns=6223611437000 receive_mono_ns=6223622634369 refresh_ns=19160758 sequence=166628 flags=7
[vo/wlshm] K230_SUBMIT serial=679 frame=715 pts=67.633333333 mono_ns=6223655740462
[vo/wlshm] K230_PRESENT serial=678 frame=714 pts=67.600000000 submit_mono_ns=6223622400895 presented_ns=6223630598000 receive_mono_ns=6223659377421 refresh_ns=19160758 sequence=166629 flags=7
[vo/wlshm] K230_SUBMIT serial=680 frame=716 pts=67.666666667 mono_ns=6223689752527
[vo/wlshm] K230_PRESENT serial=679 frame=715 pts=67.633333333 submit_mono_ns=6223655740462 presented_ns=6223668918000 receive_mono_ns=6223689988075 refresh_ns=19160758 sequence=166631 flags=7
[vo/wlshm] K230_SUBMIT serial=681 frame=717 pts=67.700000000 mono_ns=6223722372117
[vo/wlshm] K230_PRESENT serial=680 frame=716 pts=67.666666667 submit_mono_ns=6223689752527 presented_ns=6223707241000 receive_mono_ns=6223724204096 refresh_ns=19160758 sequence=166633 flags=7
[vo/wlshm] K230_SUBMIT serial=682 frame=718 pts=67.733333333 mono_ns=6223755728499
[vo/wlshm] K230_PRESENT serial=681 frame=717 pts=67.700000000 submit_mono_ns=6223722372117 presented_ns=6223745562000 receive_mono_ns=6223759380827 refresh_ns=19160758 sequence=166635 flags=7
[vo/wlshm] K230_SUBMIT serial=683 frame=719 pts=67.766666667 mono_ns=6223789893411
[vo/wlshm] K230_PRESENT serial=682 frame=718 pts=67.733333333 submit_mono_ns=6223755728499 presented_ns=6223764725000 receive_mono_ns=6223799767837 refresh_ns=19160758 sequence=166636 flags=7
[vo/wlshm] K230_SUBMIT serial=684 frame=720 pts=67.800000000 mono_ns=6223829629367
[vo/wlshm] K230_PRESENT serial=683 frame=719 pts=67.766666667 submit_mono_ns=6223789893411 presented_ns=6223803044000 receive_mono_ns=6223839272541 refresh_ns=19160758 sequence=166638 flags=7
[vo/wlshm] K230_SUBMIT serial=685 frame=721 pts=67.833333333 mono_ns=6223876405692
[vo/wlshm] K230_PRESENT serial=684 frame=720 pts=67.800000000 submit_mono_ns=6223829629367 presented_ns=6223841364000 receive_mono_ns=6223879999947 refresh_ns=19160758 sequence=166640 flags=7
[vo/wlshm] K230_SUBMIT serial=686 frame=722 pts=67.866666667 mono_ns=6223906305369
[vo/wlshm] K230_PRESENT serial=685 frame=721 pts=67.833333333 submit_mono_ns=6223876405692 presented_ns=6223898848000 receive_mono_ns=6223914308114 refresh_ns=19160758 sequence=166643 flags=7
[vo/wlshm] K230_SUBMIT serial=687 frame=723 pts=67.900000000 mono_ns=6223933127033
[vo/wlshm] K230_PRESENT serial=686 frame=722 pts=67.866666667 submit_mono_ns=6223906305369 presented_ns=6223918007000 receive_mono_ns=6223936206638 refresh_ns=19160758 sequence=166644 flags=7
[vo/wlshm] K230_SUBMIT serial=688 frame=724 pts=67.933333333 mono_ns=6223958726254
[vo/wlshm] K230_PRESENT serial=687 frame=723 pts=67.900000000 submit_mono_ns=6223933127033 presented_ns=6223956330000 receive_mono_ns=6223958952877 refresh_ns=19160758 sequence=166646 flags=7
[vo/wlshm] K230_SUBMIT serial=689 frame=725 pts=67.966666667 mono_ns=6223989063917
[vo/wlshm] K230_PRESENT serial=688 frame=724 pts=67.933333333 submit_mono_ns=6223958726254 presented_ns=6223975489000 receive_mono_ns=6223992305332 refresh_ns=19160758 sequence=166647 flags=7
[vo/wlshm] K230_SUBMIT serial=690 frame=726 pts=68.000000000 mono_ns=6224025119843
[vo/wlshm] K230_PRESENT serial=689 frame=725 pts=67.966666667 submit_mono_ns=6223989063917 presented_ns=6224013811000 receive_mono_ns=6224030117128 refresh_ns=19160758 sequence=166649 flags=7
[vo/wlshm] K230_SUBMIT serial=691 frame=727 pts=68.033333333 mono_ns=6224058612739
[vo/wlshm] K230_PRESENT serial=690 frame=726 pts=68.000000000 submit_mono_ns=6224025119843 presented_ns=6224032971000 receive_mono_ns=6224060198910 refresh_ns=19160758 sequence=166650 flags=7
[vo/wlshm] K230_SUBMIT serial=692 frame=728 pts=68.066666667 mono_ns=6224089071805
[vo/wlshm] K230_PRESENT serial=691 frame=727 pts=68.033333333 submit_mono_ns=6224058612739 presented_ns=6224071293000 receive_mono_ns=6224092221001 refresh_ns=19160758 sequence=166652 flags=7
[vo/wlshm] K230_SUBMIT serial=693 frame=729 pts=68.100000000 mono_ns=6224122414926
[vo/wlshm] K230_PRESENT serial=692 frame=728 pts=68.066666667 submit_mono_ns=6224089071805 presented_ns=6224109613000 receive_mono_ns=6224124202758 refresh_ns=19160758 sequence=166654 flags=7
[vo/wlshm] K230_PRESENT serial=693 frame=729 pts=68.100000000 submit_mono_ns=6224122414926 presented_ns=6224128777000 receive_mono_ns=6224129188970 refresh_ns=19160758 sequence=166655 flags=7
[vo/wlshm] K230_SUBMIT serial=694 frame=730 pts=68.133333333 mono_ns=6224162480464
[vo/wlshm] K230_SUBMIT serial=695 frame=731 pts=68.166666667 mono_ns=6224190897483
[vo/wlshm] K230_PRESENT serial=694 frame=730 pts=68.133333333 submit_mono_ns=6224162480464 presented_ns=6224186256000 receive_mono_ns=6224204185171 refresh_ns=19160758 sequence=166658 flags=7
[vo/wlshm] K230_SUBMIT serial=696 frame=732 pts=68.200000000 mono_ns=6224227660015
[vo/wlshm] K230_PRESENT serial=695 frame=731 pts=68.166666667 submit_mono_ns=6224190897483 presented_ns=6224205418000 receive_mono_ns=6224231325416 refresh_ns=19160758 sequence=166659 flags=7
[vo/wlshm] K230_SUBMIT serial=697 frame=733 pts=68.233333333 mono_ns=6224255880411
[vo/wlshm] K230_PRESENT serial=696 frame=732 pts=68.200000000 submit_mono_ns=6224227660015 presented_ns=6224243737000 receive_mono_ns=6224262221320 refresh_ns=19160758 sequence=166661 flags=7
[vo/wlshm] K230_SUBMIT serial=698 frame=734 pts=68.266666667 mono_ns=6224289041279
[vo/wlshm] K230_PRESENT serial=697 frame=733 pts=68.233333333 submit_mono_ns=6224255880411 presented_ns=6224262899000 receive_mono_ns=6224292199142 refresh_ns=19160758 sequence=166662 flags=7
[vo/wlshm] K230_SUBMIT serial=699 frame=735 pts=68.300000000 mono_ns=6224322382586
[vo/wlshm] K230_PRESENT serial=698 frame=734 pts=68.266666667 submit_mono_ns=6224289041279 presented_ns=6224301220000 receive_mono_ns=6224324194862 refresh_ns=19160758 sequence=166664 flags=7
[vo/wlshm] K230_SUBMIT serial=700 frame=736 pts=68.333333333 mono_ns=6224355714153
[vo/wlshm] K230_PRESENT serial=699 frame=735 pts=68.300000000 submit_mono_ns=6224322382586 presented_ns=6224339540000 receive_mono_ns=6224355937368 refresh_ns=19160758 sequence=166666 flags=7
[vo/wlshm] K230_SUBMIT serial=701 frame=737 pts=68.366666667 mono_ns=6224389036461
[vo/wlshm] K230_PRESENT serial=700 frame=736 pts=68.333333333 submit_mono_ns=6224355714153 presented_ns=6224377862000 receive_mono_ns=6224389266342 refresh_ns=19160758 sequence=166668 flags=7
[vo/wlshm] K230_SUBMIT serial=702 frame=738 pts=68.400000000 mono_ns=6224422376027
[vo/wlshm] K230_PRESENT serial=701 frame=737 pts=68.366666667 submit_mono_ns=6224389036461 presented_ns=6224397022000 receive_mono_ns=6224422607575 refresh_ns=19160758 sequence=166669 flags=7
[vo/wlshm] K230_SUBMIT serial=703 frame=739 pts=68.433333333 mono_ns=6224457222508
[vo/wlshm] K230_PRESENT serial=702 frame=738 pts=68.400000000 submit_mono_ns=6224422376027 presented_ns=6224435347000 receive_mono_ns=6224457456723 refresh_ns=19160758 sequence=166671 flags=7
[vo/wlshm] K230_PRESENT serial=703 frame=739 pts=68.433333333 submit_mono_ns=6224457222508 presented_ns=6224473666000 receive_mono_ns=6224474588288 refresh_ns=19160758 sequence=166673 flags=7
[vo/wlshm] K230_SUBMIT serial=704 frame=740 pts=68.466666667 mono_ns=6224498588041
[vo/wlshm] K230_SUBMIT serial=705 frame=741 pts=68.500000000 mono_ns=6224543266209
[vo/wlshm] K230_PRESENT serial=704 frame=740 pts=68.466666667 submit_mono_ns=6224498588041 presented_ns=6224531147000 receive_mono_ns=6224547077421 refresh_ns=19160758 sequence=166676 flags=7
[vo/wlshm] K230_SUBMIT serial=706 frame=742 pts=68.533333333 mono_ns=6224567603285
[vo/wlshm] K230_PRESENT serial=705 frame=741 pts=68.500000000 submit_mono_ns=6224543266209 presented_ns=6224550307000 receive_mono_ns=6224571714191 refresh_ns=19160758 sequence=166677 flags=7
[vo/wlshm] K230_SUBMIT serial=707 frame=743 pts=68.566666667 mono_ns=6224599557710
[vo/wlshm] K230_PRESENT serial=706 frame=742 pts=68.533333333 submit_mono_ns=6224567603285 presented_ns=6224588629000 receive_mono_ns=6224608390095 refresh_ns=19160758 sequence=166679 flags=7
[vo/wlshm] K230_PRESENT serial=707 frame=743 pts=68.566666667 submit_mono_ns=6224599557710 presented_ns=6224607789000 receive_mono_ns=6224608508869 refresh_ns=19160758 sequence=166680 flags=7
[vo/wlshm] K230_SUBMIT serial=708 frame=744 pts=68.600000000 mono_ns=6224628790889
[vo/wlshm] K230_SUBMIT serial=709 frame=745 pts=68.633333333 mono_ns=6224655725030
[vo/wlshm] K230_PRESENT serial=708 frame=744 pts=68.600000000 submit_mono_ns=6224628790889 presented_ns=6224646111000 receive_mono_ns=6224659597388 refresh_ns=19160758 sequence=166682 flags=7
[vo/wlshm] K230_SUBMIT serial=710 frame=746 pts=68.666666667 mono_ns=6224689003858
[vo/wlshm] K230_PRESENT serial=709 frame=745 pts=68.633333333 submit_mono_ns=6224655725030 presented_ns=6224665273000 receive_mono_ns=6224692221273 refresh_ns=19160758 sequence=166683 flags=7
[vo/wlshm] K230_SUBMIT serial=711 frame=747 pts=68.700000000 mono_ns=6224728124054
[vo/wlshm] K230_PRESENT serial=710 frame=746 pts=68.666666667 submit_mono_ns=6224689003858 presented_ns=6224703593000 receive_mono_ns=6224728363936 refresh_ns=19160758 sequence=166685 flags=7
[vo/wlshm] K230_SUBMIT serial=712 frame=748 pts=68.733333333 mono_ns=6224760198994
[vo/wlshm] K230_PRESENT serial=711 frame=747 pts=68.700000000 submit_mono_ns=6224728124054 presented_ns=6224741915000 receive_mono_ns=6224763847323 refresh_ns=19160758 sequence=166687 flags=7
[vo/wlshm] K230_SUBMIT serial=713 frame=749 pts=68.766666667 mono_ns=6224792121717
[vo/wlshm] K230_PRESENT serial=712 frame=748 pts=68.733333333 submit_mono_ns=6224760198994 presented_ns=6224780236000 receive_mono_ns=6224795771712 refresh_ns=19160758 sequence=166689 flags=7
[vo/wlshm] K230_SUBMIT serial=714 frame=750 pts=68.800000000 mono_ns=6224822375086
[vo/wlshm] K230_PRESENT serial=713 frame=749 pts=68.766666667 submit_mono_ns=6224792121717 presented_ns=6224799396000 receive_mono_ns=6224825847419 refresh_ns=19160758 sequence=166690 flags=7
[vo/wlshm] K230_SUBMIT serial=715 frame=751 pts=68.833333333 mono_ns=6224855714763
[vo/wlshm] K230_PRESENT serial=714 frame=750 pts=68.800000000 submit_mono_ns=6224822375086 presented_ns=6224837718000 receive_mono_ns=6224859390942 refresh_ns=19160758 sequence=166692 flags=7
[vo/wlshm] K230_SUBMIT serial=716 frame=752 pts=68.866666667 mono_ns=6224889001183
[vo/wlshm] K230_PRESENT serial=715 frame=751 pts=68.833333333 submit_mono_ns=6224855714763 presented_ns=6224876054000 receive_mono_ns=6224892216155 refresh_ns=19160758 sequence=166694 flags=7
[vo/wlshm] K230_SUBMIT serial=717 frame=753 pts=68.900000000 mono_ns=6224922353490
[vo/wlshm] K230_PRESENT serial=716 frame=752 pts=68.866666667 submit_mono_ns=6224889001183 presented_ns=6224895198000 receive_mono_ns=6224926574355 refresh_ns=19160758 sequence=166695 flags=7
[vo/wlshm] K230_SUBMIT serial=718 frame=754 pts=68.933333333 mono_ns=6224955692908
[vo/wlshm] K230_PRESENT serial=717 frame=753 pts=68.900000000 submit_mono_ns=6224922353490 presented_ns=6224933520000 receive_mono_ns=6224959342236 refresh_ns=19160758 sequence=166697 flags=7
[vo/wlshm] K230_SUBMIT serial=719 frame=755 pts=68.966666667 mono_ns=6224989002920
[vo/wlshm] K230_PRESENT serial=718 frame=754 pts=68.933333333 submit_mono_ns=6224955692908 presented_ns=6224971841000 receive_mono_ns=6224989249060 refresh_ns=19160758 sequence=166699 flags=7
[vo/wlshm] K230_SUBMIT serial=720 frame=756 pts=69.000000000 mono_ns=6225022336672
[vo/wlshm] K230_PRESENT serial=719 frame=755 pts=68.966666667 submit_mono_ns=6224989002920 presented_ns=6225010163000 receive_mono_ns=6225024243315 refresh_ns=19160758 sequence=166701 flags=7
[vo/wlshm] K230_SUBMIT serial=721 frame=757 pts=69.033333333 mono_ns=6225055705867
[vo/wlshm] K230_PRESENT serial=720 frame=756 pts=69.000000000 submit_mono_ns=6225022336672 presented_ns=6225029323000 receive_mono_ns=6225063125778 refresh_ns=19160758 sequence=166702 flags=7
[vo/wlshm] K230_SUBMIT serial=722 frame=758 pts=69.066666667 mono_ns=6225089012915
[vo/wlshm] K230_PRESENT serial=721 frame=757 pts=69.033333333 submit_mono_ns=6225055705867 presented_ns=6225086805000 receive_mono_ns=6225092207998 refresh_ns=19160758 sequence=166705 flags=7
[vo/wlshm] K230_SUBMIT serial=723 frame=759 pts=69.100000000 mono_ns=6225123705400
[vo/wlshm] K230_PRESENT serial=722 frame=758 pts=69.066666667 submit_mono_ns=6225089012915 presented_ns=6225105966000 receive_mono_ns=6225128466730 refresh_ns=19160758 sequence=166706 flags=7
[vo/wlshm] K230_SUBMIT serial=724 frame=760 pts=69.133333333 mono_ns=6225163287840
[vo/wlshm] K230_PRESENT serial=723 frame=759 pts=69.100000000 submit_mono_ns=6225123705400 presented_ns=6225144286000 receive_mono_ns=6225166986722 refresh_ns=19160758 sequence=166708 flags=7
[vo/wlshm] K230_SUBMIT serial=725 frame=761 pts=69.166666667 mono_ns=6225199446686
[vo/wlshm] K230_PRESENT serial=724 frame=760 pts=69.133333333 submit_mono_ns=6225163287840 presented_ns=6225182608000 receive_mono_ns=6225212719855 refresh_ns=19160758 sequence=166710 flags=7
[vo/wlshm] K230_SUBMIT serial=726 frame=762 pts=69.200000000 mono_ns=6225231927945
[vo/wlshm] K230_PRESENT serial=725 frame=761 pts=69.166666667 submit_mono_ns=6225199446686 presented_ns=6225220928000 receive_mono_ns=6225236185735 refresh_ns=19160758 sequence=166712 flags=7
[vo/wlshm] K230_PRESENT serial=726 frame=762 pts=69.200000000 submit_mono_ns=6225231927945 presented_ns=6225240090000 receive_mono_ns=6225244719870 refresh_ns=19160758 sequence=166713 flags=7
[vo/wlshm] K230_SUBMIT serial=727 frame=763 pts=69.233333333 mono_ns=6225259739835
[vo/wlshm] K230_SUBMIT serial=728 frame=764 pts=69.266666667 mono_ns=6225288990753
[vo/wlshm] K230_PRESENT serial=727 frame=763 pts=69.233333333 submit_mono_ns=6225259739835 presented_ns=6225278411000 receive_mono_ns=6225289220265 refresh_ns=19160758 sequence=166715 flags=7
[vo/wlshm] K230_SUBMIT serial=729 frame=765 pts=69.300000000 mono_ns=6225324121076
[vo/wlshm] K230_PRESENT serial=728 frame=764 pts=69.266666667 submit_mono_ns=6225288990753 presented_ns=6225297572000 receive_mono_ns=6225324363995 refresh_ns=19160758 sequence=166716 flags=7
[vo/wlshm] K230_SUBMIT serial=730 frame=766 pts=69.333333333 mono_ns=6225356245755
[vo/wlshm] K230_PRESENT serial=729 frame=765 pts=69.300000000 submit_mono_ns=6225324121076 presented_ns=6225335893000 receive_mono_ns=6225359886046 refresh_ns=19160758 sequence=166718 flags=7
[vo/wlshm] K230_SUBMIT serial=731 frame=767 pts=69.366666667 mono_ns=6225390951202
[vo/wlshm] K230_PRESENT serial=730 frame=766 pts=69.333333333 submit_mono_ns=6225356245755 presented_ns=6225374214000 receive_mono_ns=6225394658899 refresh_ns=19160758 sequence=166720 flags=7
[vo/wlshm] K230_SUBMIT serial=732 frame=768 pts=69.400000000 mono_ns=6225424122477
[vo/wlshm] K230_PRESENT serial=731 frame=767 pts=69.366666667 submit_mono_ns=6225390951202 presented_ns=6225412535000 receive_mono_ns=6225427773619 refresh_ns=19160758 sequence=166722 flags=7
[vo/wlshm] K230_PRESENT serial=732 frame=768 pts=69.400000000 submit_mono_ns=6225424122477 presented_ns=6225431697000 receive_mono_ns=6225432334844 refresh_ns=19160758 sequence=166723 flags=7
[vo/wlshm] K230_SUBMIT serial=733 frame=769 pts=69.433333333 mono_ns=6225460112994
[vo/wlshm] K230_SUBMIT serial=734 frame=770 pts=69.466666667 mono_ns=6225489386393
[vo/wlshm] K230_PRESENT serial=733 frame=769 pts=69.433333333 submit_mono_ns=6225460112994 presented_ns=6225470017000 receive_mono_ns=6225493226345 refresh_ns=19160758 sequence=166725 flags=7
[vo/wlshm] K230_SUBMIT serial=735 frame=771 pts=69.500000000 mono_ns=6225522341489
[vo/wlshm] K230_PRESENT serial=734 frame=770 pts=69.466666667 submit_mono_ns=6225489386393 presented_ns=6225508338000 receive_mono_ns=6225524209171 refresh_ns=19160758 sequence=166727 flags=7
[vo/wlshm] K230_SUBMIT serial=736 frame=772 pts=69.533333333 mono_ns=6225555708906
[vo/wlshm] K230_PRESENT serial=735 frame=771 pts=69.500000000 submit_mono_ns=6225522341489 presented_ns=6225527498000 receive_mono_ns=6225555935936 refresh_ns=19160758 sequence=166728 flags=7
[vo/wlshm] K230_PRESENT serial=736 frame=772 pts=69.533333333 submit_mono_ns=6225555708906 presented_ns=6225565821000 receive_mono_ns=6225566242051 refresh_ns=19160758 sequence=166730 flags=7
[vo/wlshm] K230_SUBMIT serial=737 frame=773 pts=69.566666667 mono_ns=6225588979844
[vo/wlshm] K230_SUBMIT serial=738 frame=774 pts=69.600000000 mono_ns=6225622319187
[vo/wlshm] K230_PRESENT serial=737 frame=773 pts=69.566666667 submit_mono_ns=6225588979844 presented_ns=6225604144000 receive_mono_ns=6225622557698 refresh_ns=19160758 sequence=166732 flags=7
[vo/wlshm] K230_SUBMIT serial=739 frame=775 pts=69.633333333 mono_ns=6225655668641
[vo/wlshm] K230_PRESENT serial=738 frame=774 pts=69.600000000 submit_mono_ns=6225622319187 presented_ns=6225642462000 receive_mono_ns=6225655892930 refresh_ns=19160758 sequence=166734 flags=7
[vo/wlshm] K230_SUBMIT serial=740 frame=776 pts=69.666666667 mono_ns=6225690187391
[vo/wlshm] K230_PRESENT serial=739 frame=775 pts=69.633333333 submit_mono_ns=6225655668641 presented_ns=6225661626000 receive_mono_ns=6225691276763 refresh_ns=19160758 sequence=166735 flags=7
[vo/wlshm] K230_SUBMIT serial=741 frame=777 pts=69.700000000 mono_ns=6225722332253
[vo/wlshm] K230_PRESENT serial=740 frame=776 pts=69.666666667 submit_mono_ns=6225690187391 presented_ns=6225719105000 receive_mono_ns=6225722566320 refresh_ns=19160758 sequence=166738 flags=7
[vo/wlshm] K230_SUBMIT serial=742 frame=778 pts=69.733333333 mono_ns=6225758791163
[vo/wlshm] K230_PRESENT serial=741 frame=777 pts=69.700000000 submit_mono_ns=6225722332253 presented_ns=6225738267000 receive_mono_ns=6225759093598 refresh_ns=19160758 sequence=166739 flags=7
[vo/wlshm] K230_SUBMIT serial=743 frame=779 pts=69.766666667 mono_ns=6225790642221
[vo/wlshm] K230_PRESENT serial=742 frame=778 pts=69.733333333 submit_mono_ns=6225758791163 presented_ns=6225776586000 receive_mono_ns=6225793108920 refresh_ns=19160758 sequence=166741 flags=7
[vo/wlshm] K230_SUBMIT serial=744 frame=780 pts=69.800000000 mono_ns=6225823624390
[vo/wlshm] K230_PRESENT serial=743 frame=779 pts=69.766666667 submit_mono_ns=6225790642221 presented_ns=6225814910000 receive_mono_ns=6225827497118 refresh_ns=19160758 sequence=166743 flags=7
[vo/wlshm] K230_SUBMIT serial=745 frame=781 pts=69.833333333 mono_ns=6225855942099
[vo/wlshm] K230_PRESENT serial=744 frame=780 pts=69.800000000 submit_mono_ns=6225823624390 presented_ns=6225834069000 receive_mono_ns=6225856218164 refresh_ns=19160758 sequence=166744 flags=7
[vo/wlshm] K230_SUBMIT serial=746 frame=782 pts=69.866666667 mono_ns=6225893481864
[vo/wlshm] K230_PRESENT serial=745 frame=781 pts=69.833333333 submit_mono_ns=6225855942099 presented_ns=6225872412000 receive_mono_ns=6225896215554 refresh_ns=19160758 sequence=166746 flags=7
[vo/wlshm] K230_SUBMIT serial=747 frame=783 pts=69.900000000 mono_ns=6225924433468
[vo/wlshm] K230_PRESENT serial=746 frame=782 pts=69.866666667 submit_mono_ns=6225893481864 presented_ns=6225910712000 receive_mono_ns=6225926157339 refresh_ns=19160758 sequence=166748 flags=7
[vo/wlshm] K230_SUBMIT serial=748 frame=784 pts=69.933333333 mono_ns=6225955667286
[vo/wlshm] K230_PRESENT serial=747 frame=783 pts=69.900000000 submit_mono_ns=6225924433468 presented_ns=6225949032000 receive_mono_ns=6225957165757 refresh_ns=19160758 sequence=166750 flags=7
[vo/wlshm] K230_SUBMIT serial=749 frame=785 pts=69.966666667 mono_ns=6225992121456
[vo/wlshm] K230_PRESENT serial=748 frame=784 pts=69.933333333 submit_mono_ns=6225955667286 presented_ns=6225968195000 receive_mono_ns=6225995704971 refresh_ns=19160758 sequence=166751 flags=7
[vo/wlshm] K230_SUBMIT serial=750 frame=786 pts=70.000000000 mono_ns=6226024155174
[vo/wlshm] K230_PRESENT serial=749 frame=785 pts=69.966666667 submit_mono_ns=6225992121456 presented_ns=6226006516000 receive_mono_ns=6226027792650 refresh_ns=19160758 sequence=166753 flags=7
[vo/wlshm] K230_SUBMIT serial=751 frame=787 pts=70.033333333 mono_ns=6226057004866
[vo/wlshm] K230_PRESENT serial=750 frame=786 pts=70.000000000 submit_mono_ns=6226024155174 presented_ns=6226044837000 receive_mono_ns=6226060266799 refresh_ns=19160758 sequence=166755 flags=7
[vo/wlshm] K230_SUBMIT serial=752 frame=788 pts=70.066666667 mono_ns=6226089004844
[vo/wlshm] K230_PRESENT serial=751 frame=787 pts=70.033333333 submit_mono_ns=6226057004866 presented_ns=6226083162000 receive_mono_ns=6226092207853 refresh_ns=19160758 sequence=166757 flags=7
[vo/wlshm] K230_SUBMIT serial=753 frame=789 pts=70.100000000 mono_ns=6226122337556
[vo/wlshm] K230_PRESENT serial=752 frame=788 pts=70.066666667 submit_mono_ns=6226089004844 presented_ns=6226102319000 receive_mono_ns=6226126047327 refresh_ns=19160758 sequence=166758 flags=7
[vo/wlshm] K230_SUBMIT serial=754 frame=790 pts=70.133333333 mono_ns=6226155649936
[vo/wlshm] K230_PRESENT serial=753 frame=789 pts=70.100000000 submit_mono_ns=6226122337556 presented_ns=6226140646000 receive_mono_ns=6226159297190 refresh_ns=19160758 sequence=166760 flags=7
[vo/wlshm] K230_SUBMIT serial=755 frame=791 pts=70.166666667 mono_ns=6226191043435
[vo/wlshm] K230_PRESENT serial=754 frame=790 pts=70.133333333 submit_mono_ns=6226155649936 presented_ns=6226159799000 receive_mono_ns=6226192192213 refresh_ns=19160758 sequence=166761 flags=7
[vo/wlshm] K230_SUBMIT serial=756 frame=792 pts=70.200000000 mono_ns=6226222311880
[vo/wlshm] K230_PRESENT serial=755 frame=791 pts=70.166666667 submit_mono_ns=6226191043435 presented_ns=6226217281000 receive_mono_ns=6226224210486 refresh_ns=19160758 sequence=166764 flags=7
[vo/wlshm] K230_SUBMIT serial=757 frame=793 pts=70.233333333 mono_ns=6226255661518
[vo/wlshm] K230_PRESENT serial=756 frame=792 pts=70.200000000 submit_mono_ns=6226222311880 presented_ns=6226236442000 receive_mono_ns=6226259304439 refresh_ns=19160758 sequence=166765 flags=7
[vo/wlshm] K230_SUBMIT serial=758 frame=794 pts=70.266666667 mono_ns=6226288976009
[vo/wlshm] K230_PRESENT serial=757 frame=793 pts=70.233333333 submit_mono_ns=6226255661518 presented_ns=6226274764000 receive_mono_ns=6226292209758 refresh_ns=19160758 sequence=166767 flags=7
[vo/wlshm] K230_SUBMIT serial=759 frame=795 pts=70.300000000 mono_ns=6226324238031
[vo/wlshm] K230_PRESENT serial=758 frame=794 pts=70.266666667 submit_mono_ns=6226288976009 presented_ns=6226313084000 receive_mono_ns=6226324502763 refresh_ns=19160758 sequence=166769 flags=7
[vo/wlshm] K230_PRESENT serial=759 frame=795 pts=70.300000000 submit_mono_ns=6226324238031 presented_ns=6226332246000 receive_mono_ns=6226340357960 refresh_ns=19160758 sequence=166770 flags=7
[vo/wlshm] K230_SUBMIT serial=760 frame=796 pts=70.333333333 mono_ns=6226357645741
[vo/wlshm] K230_SUBMIT serial=761 frame=797 pts=70.366666667 mono_ns=6226389693272
[vo/wlshm] K230_PRESENT serial=760 frame=796 pts=70.333333333 submit_mono_ns=6226357645741 presented_ns=6226370567000 receive_mono_ns=6226391092228 refresh_ns=19160758 sequence=166772 flags=7
[vo/wlshm] K230_SUBMIT serial=762 frame=798 pts=70.400000000 mono_ns=6226427101188
[vo/wlshm] K230_PRESENT serial=761 frame=797 pts=70.366666667 submit_mono_ns=6226389693272 presented_ns=6226408887000 receive_mono_ns=6226434827200 refresh_ns=19160758 sequence=166774 flags=7
[vo/wlshm] K230_SUBMIT serial=763 frame=799 pts=70.433333333 mono_ns=6226456554284
[vo/wlshm] K230_PRESENT serial=762 frame=798 pts=70.400000000 submit_mono_ns=6226427101188 presented_ns=6226447210000 receive_mono_ns=6226458920579 refresh_ns=19160758 sequence=166776 flags=7
[vo/wlshm] K230_PRESENT serial=763 frame=799 pts=70.433333333 submit_mono_ns=6226456554284 presented_ns=6226466377000 receive_mono_ns=6226467610671 refresh_ns=19160758 sequence=166777 flags=7
[vo/wlshm] K230_SUBMIT serial=764 frame=800 pts=70.466666667 mono_ns=6226493232667
[vo/wlshm] K230_SUBMIT serial=765 frame=801 pts=70.500000000 mono_ns=6226522342071
[vo/wlshm] K230_PRESENT serial=764 frame=800 pts=70.466666667 submit_mono_ns=6226493232667 presented_ns=6226504691000 receive_mono_ns=6226528252437 refresh_ns=19160758 sequence=166779 flags=7
[vo/wlshm] K230_SUBMIT serial=766 frame=802 pts=70.533333333 mono_ns=6226555615304
[vo/wlshm] K230_PRESENT serial=765 frame=801 pts=70.500000000 submit_mono_ns=6226522342071 presented_ns=6226543012000 receive_mono_ns=6226559296075 refresh_ns=19160758 sequence=166781 flags=7
[vo/wlshm] K230_SUBMIT serial=767 frame=803 pts=70.566666667 mono_ns=6226591450381
[vo/wlshm] K230_PRESENT serial=766 frame=802 pts=70.533333333 submit_mono_ns=6226555615304 presented_ns=6226562175000 receive_mono_ns=6226595158188 refresh_ns=19160758 sequence=166782 flags=7
[vo/wlshm] K230_PRESENT serial=767 frame=803 pts=70.566666667 submit_mono_ns=6226591450381 presented_ns=6226600495000 receive_mono_ns=6226600898042 refresh_ns=19160758 sequence=166784 flags=7
[vo/wlshm] K230_SUBMIT serial=768 frame=804 pts=70.600000000 mono_ns=6226622351986
[vo/wlshm] K230_SUBMIT serial=769 frame=805 pts=70.633333333 mono_ns=6226660116224
[vo/wlshm] K230_PRESENT serial=768 frame=804 pts=70.600000000 submit_mono_ns=6226622351986 presented_ns=6226638833000 receive_mono_ns=6226663556780 refresh_ns=19160758 sequence=166786 flags=7
[vo/wlshm] K230_SUBMIT serial=770 frame=806 pts=70.666666667 mono_ns=6226692121312
[vo/wlshm] K230_PRESENT serial=769 frame=805 pts=70.633333333 submit_mono_ns=6226660116224 presented_ns=6226677136000 receive_mono_ns=6226695727937 refresh_ns=19160758 sequence=166788 flags=7
[vo/wlshm] K230_SUBMIT serial=771 frame=807 pts=70.700000000 mono_ns=6226722316717
[vo/wlshm] K230_PRESENT serial=770 frame=806 pts=70.666666667 submit_mono_ns=6226692121312 presented_ns=6226715459000 receive_mono_ns=6226726096634 refresh_ns=19160758 sequence=166790 flags=7
[vo/wlshm] K230_SUBMIT serial=772 frame=808 pts=70.733333333 mono_ns=6226755629134
[vo/wlshm] K230_PRESENT serial=771 frame=807 pts=70.700000000 submit_mono_ns=6226722316717 presented_ns=6226734619000 receive_mono_ns=6226759263092 refresh_ns=19160758 sequence=166791 flags=7
[vo/wlshm] K230_SUBMIT serial=773 frame=809 pts=70.766666667 mono_ns=6226788961329
[vo/wlshm] K230_PRESENT serial=772 frame=808 pts=70.733333333 submit_mono_ns=6226755629134 presented_ns=6226772938000 receive_mono_ns=6226792216706 refresh_ns=19160758 sequence=166793 flags=7
[vo/wlshm] K230_SUBMIT serial=774 frame=810 pts=70.800000000 mono_ns=6226822305115
[vo/wlshm] K230_PRESENT serial=773 frame=809 pts=70.766666667 submit_mono_ns=6226788961329 presented_ns=6226811260000 receive_mono_ns=6226822541811 refresh_ns=19160758 sequence=166795 flags=7
[vo/wlshm] K230_SUBMIT serial=775 frame=811 pts=70.833333333 mono_ns=6226856415951
[vo/wlshm] K230_PRESENT serial=774 frame=810 pts=70.800000000 submit_mono_ns=6226822305115 presented_ns=6226830421000 receive_mono_ns=6226860199719 refresh_ns=19160758 sequence=166796 flags=7
[vo/wlshm] K230_PRESENT serial=775 frame=811 pts=70.833333333 submit_mono_ns=6226856415951 presented_ns=6226868741000 receive_mono_ns=6226871308253 refresh_ns=19160758 sequence=166798 flags=7
[vo/wlshm] K230_SUBMIT serial=776 frame=812 pts=70.866666667 mono_ns=6226889148794
[vo/wlshm] K230_SUBMIT serial=777 frame=813 pts=70.900000000 mono_ns=6226922853494
[vo/wlshm] K230_PRESENT serial=776 frame=812 pts=70.866666667 submit_mono_ns=6226889148794 presented_ns=6226907063000 receive_mono_ns=6226927784855 refresh_ns=19160758 sequence=166800 flags=7
[vo/wlshm] K230_SUBMIT serial=778 frame=814 pts=70.933333333 mono_ns=6226955621670
[vo/wlshm] K230_PRESENT serial=777 frame=813 pts=70.900000000 submit_mono_ns=6226922853494 presented_ns=6226945385000 receive_mono_ns=6226959248406 refresh_ns=19160758 sequence=166802 flags=7
[vo/wlshm] K230_SUBMIT serial=779 frame=815 pts=70.966666667 mono_ns=6226998697108
[vo/wlshm] K230_PRESENT serial=778 frame=814 pts=70.933333333 submit_mono_ns=6226955621670 presented_ns=6226964546000 receive_mono_ns=6227003378551 refresh_ns=19160758 sequence=166803 flags=7
[vo/wlshm] K230_SUBMIT serial=780 frame=816 pts=71.000000000 mono_ns=6227036450346
[vo/wlshm] K230_PRESENT serial=779 frame=815 pts=70.966666667 submit_mono_ns=6226998697108 presented_ns=6227022028000 receive_mono_ns=6227041675957 refresh_ns=19160758 sequence=166806 flags=7
[vo/wlshm] K230_SUBMIT serial=781 frame=817 pts=71.033333333 mono_ns=6227077924872
[vo/wlshm] K230_PRESENT serial=780 frame=816 pts=71.000000000 submit_mono_ns=6227036450346 presented_ns=6227060351000 receive_mono_ns=6227082028889 refresh_ns=19160758 sequence=166808 flags=7
[vo/wlshm] K230_SUBMIT serial=782 frame=818 pts=71.066666667 mono_ns=6227114404965
[vo/wlshm] K230_PRESENT serial=781 frame=817 pts=71.033333333 submit_mono_ns=6227077924872 presented_ns=6227098669000 receive_mono_ns=6227119945713 refresh_ns=19160758 sequence=166810 flags=7
[vo/wlshm] K230_SUBMIT serial=783 frame=819 pts=71.100000000 mono_ns=6227146320055
[vo/wlshm] K230_PRESENT serial=782 frame=818 pts=71.066666667 submit_mono_ns=6227114404965 presented_ns=6227136993000 receive_mono_ns=6227156682983 refresh_ns=19160758 sequence=166812 flags=7
[vo/wlshm] K230_PRESENT serial=783 frame=819 pts=71.100000000 submit_mono_ns=6227146320055 presented_ns=6227156158000 receive_mono_ns=6227156800905 refresh_ns=19160758 sequence=166813 flags=7
[vo/wlshm] K230_SUBMIT serial=784 frame=820 pts=71.133333333 mono_ns=6227181438524
[vo/wlshm] K230_SUBMIT serial=785 frame=821 pts=71.166666667 mono_ns=6227196464377
[vo/wlshm] K230_PRESENT serial=784 frame=820 pts=71.133333333 submit_mono_ns=6227181438524 presented_ns=6227194474000 receive_mono_ns=6227200150111 refresh_ns=19160758 sequence=166815 flags=7
[vo/wlshm] K230_SUBMIT serial=786 frame=822 pts=71.200000000 mono_ns=6227228120327
[vo/wlshm] K230_PRESENT serial=785 frame=821 pts=71.166666667 submit_mono_ns=6227196464377 presented_ns=6227213634000 receive_mono_ns=6227231691843 refresh_ns=19160758 sequence=166816 flags=7
[vo/wlshm] K230_SUBMIT serial=787 frame=823 pts=71.233333333 mono_ns=6227260159525
[vo/wlshm] K230_PRESENT serial=786 frame=822 pts=71.200000000 submit_mono_ns=6227228120327 presented_ns=6227251957000 receive_mono_ns=6227263825630 refresh_ns=19160758 sequence=166818 flags=7
[vo/wlshm] K230_SUBMIT serial=788 frame=824 pts=71.266666667 mono_ns=6227290724177
[vo/wlshm] K230_PRESENT serial=787 frame=823 pts=71.233333333 submit_mono_ns=6227260159525 presented_ns=6227271115000 receive_mono_ns=6227294677050 refresh_ns=19160758 sequence=166819 flags=7
[vo/wlshm] K230_SUBMIT serial=789 frame=825 pts=71.300000000 mono_ns=6227324124923
[vo/wlshm] K230_PRESENT serial=788 frame=824 pts=71.266666667 submit_mono_ns=6227290724177 presented_ns=6227309437000 receive_mono_ns=6227327721919 refresh_ns=19160758 sequence=166821 flags=7
[vo/wlshm] K230_SUBMIT serial=790 frame=826 pts=71.333333333 mono_ns=6227356333522
[vo/wlshm] K230_PRESENT serial=789 frame=825 pts=71.300000000 submit_mono_ns=6227324124923 presented_ns=6227347759000 receive_mono_ns=6227359975813 refresh_ns=19160758 sequence=166823 flags=7
[vo/wlshm] K230_SUBMIT serial=791 frame=827 pts=71.366666667 mono_ns=6227388936480
[vo/wlshm] K230_PRESENT serial=790 frame=826 pts=71.333333333 submit_mono_ns=6227356333522 presented_ns=6227366919000 receive_mono_ns=6227392257966 refresh_ns=19160758 sequence=166824 flags=7
[vo/wlshm] K230_SUBMIT serial=792 frame=828 pts=71.400000000 mono_ns=6227422276932
[vo/wlshm] K230_PRESENT serial=791 frame=827 pts=71.366666667 submit_mono_ns=6227388936480 presented_ns=6227405239000 receive_mono_ns=6227424200315 refresh_ns=19160758 sequence=166826 flags=7
[vo/wlshm] K230_SUBMIT serial=793 frame=829 pts=71.433333333 mono_ns=6227455610014
[vo/wlshm] K230_PRESENT serial=792 frame=828 pts=71.400000000 submit_mono_ns=6227422276932 presented_ns=6227443561000 receive_mono_ns=6227455839858 refresh_ns=19160758 sequence=166828 flags=7
[vo/wlshm] K230_SUBMIT serial=794 frame=830 pts=71.466666667 mono_ns=6227488935466
[vo/wlshm] K230_PRESENT serial=793 frame=829 pts=71.433333333 submit_mono_ns=6227455610014 presented_ns=6227462723000 receive_mono_ns=6227489186088 refresh_ns=19160758 sequence=166829 flags=7
[vo/wlshm] K230_PRESENT serial=794 frame=830 pts=71.466666667 submit_mono_ns=6227488935466 presented_ns=6227501043000 receive_mono_ns=6227503662995 refresh_ns=19160758 sequence=166831 flags=7
[vo/wlshm] K230_SUBMIT serial=795 frame=831 pts=71.500000000 mono_ns=6227522256215
[vo/wlshm] K230_SUBMIT serial=796 frame=832 pts=71.533333333 mono_ns=6227555614555
[vo/wlshm] K230_PRESENT serial=795 frame=831 pts=71.500000000 submit_mono_ns=6227522256215 presented_ns=6227539364000 receive_mono_ns=6227555841696 refresh_ns=19160758 sequence=166833 flags=7
[vo/wlshm] K230_SUBMIT serial=797 frame=833 pts=71.566666667 mono_ns=6227591282341
[vo/wlshm] K230_PRESENT serial=796 frame=832 pts=71.533333333 submit_mono_ns=6227555614555 presented_ns=6227577688000 receive_mono_ns=6227594916372 refresh_ns=19160758 sequence=166835 flags=7
[vo/wlshm] K230_SUBMIT serial=798 frame=834 pts=71.600000000 mono_ns=6227622264683
[vo/wlshm] K230_PRESENT serial=797 frame=833 pts=71.566666667 submit_mono_ns=6227591282341 presented_ns=6227596846000 receive_mono_ns=6227622504823 refresh_ns=19160758 sequence=166836 flags=7
[vo/wlshm] K230_SUBMIT serial=799 frame=835 pts=71.633333333 mono_ns=6227656155340
[vo/wlshm] K230_PRESENT serial=798 frame=834 pts=71.600000000 submit_mono_ns=6227622264683 presented_ns=6227635167000 receive_mono_ns=6227660620086 refresh_ns=19160758 sequence=166838 flags=7
[vo/wlshm] K230_SUBMIT serial=800 frame=836 pts=71.666666667 mono_ns=6227689011733
[vo/wlshm] K230_PRESENT serial=799 frame=835 pts=71.633333333 submit_mono_ns=6227656155340 presented_ns=6227673489000 receive_mono_ns=6227689250170 refresh_ns=19160758 sequence=166840 flags=7
[vo/wlshm] K230_SUBMIT serial=801 frame=837 pts=71.700000000 mono_ns=6227723457150
[vo/wlshm] K230_PRESENT serial=800 frame=836 pts=71.666666667 submit_mono_ns=6227689011733 presented_ns=6227711810000 receive_mono_ns=6227728165851 refresh_ns=19160758 sequence=166842 flags=7
[vo/wlshm] K230_SUBMIT serial=802 frame=838 pts=71.733333333 mono_ns=6227768179830
[vo/wlshm] K230_PRESENT serial=801 frame=837 pts=71.700000000 submit_mono_ns=6227723457150 presented_ns=6227750131000 receive_mono_ns=6227768415897 refresh_ns=19160758 sequence=166844 flags=7
[vo/wlshm] K230_SUBMIT serial=803 frame=839 pts=71.766666667 mono_ns=6227797048536
[vo/wlshm] K230_PRESENT serial=802 frame=838 pts=71.733333333 submit_mono_ns=6227768179830 presented_ns=6227788453000 receive_mono_ns=6227800206584 refresh_ns=19160758 sequence=166846 flags=7
[vo/wlshm] K230_SUBMIT serial=804 frame=840 pts=71.800000000 mono_ns=6227822237509
[vo/wlshm] K230_PRESENT serial=803 frame=839 pts=71.766666667 submit_mono_ns=6227797048536 presented_ns=6227807612000 receive_mono_ns=6227824309702 refresh_ns=19160758 sequence=166847 flags=7
[vo/wlshm] K230_SUBMIT serial=805 frame=841 pts=71.833333333 mono_ns=6227858436610
[vo/wlshm] K230_PRESENT serial=804 frame=840 pts=71.800000000 submit_mono_ns=6227822237509 presented_ns=6227826774000 receive_mono_ns=6227858665417 refresh_ns=19160758 sequence=166848 flags=7
[vo/wlshm] K230_SUBMIT serial=806 frame=842 pts=71.866666667 mono_ns=6227892439707
[vo/wlshm] K230_PRESENT serial=805 frame=841 pts=71.833333333 submit_mono_ns=6227858436610 presented_ns=6227884256000 receive_mono_ns=6227893635669 refresh_ns=19160758 sequence=166851 flags=7
[vo/wlshm] K230_SUBMIT serial=807 frame=843 pts=71.900000000 mono_ns=6227924120805
[vo/wlshm] K230_PRESENT serial=806 frame=842 pts=71.866666667 submit_mono_ns=6227892439707 presented_ns=6227903416000 receive_mono_ns=6227927391515 refresh_ns=19160758 sequence=166852 flags=7
[vo/wlshm] K230_SUBMIT serial=808 frame=844 pts=71.933333333 mono_ns=6227960122283
[vo/wlshm] K230_PRESENT serial=807 frame=843 pts=71.900000000 submit_mono_ns=6227924120805 presented_ns=6227941737000 receive_mono_ns=6227963851868 refresh_ns=19160758 sequence=166854 flags=7
[vo/wlshm] K230_SUBMIT serial=809 frame=845 pts=71.966666667 mono_ns=6227988923658
[vo/wlshm] K230_PRESENT serial=808 frame=844 pts=71.933333333 submit_mono_ns=6227960122283 presented_ns=6227980071000 receive_mono_ns=6227992221701 refresh_ns=19160758 sequence=166856 flags=7
[vo/wlshm] K230_SUBMIT serial=810 frame=846 pts=72.000000000 mono_ns=6228022263481
[vo/wlshm] K230_PRESENT serial=809 frame=845 pts=71.966666667 submit_mono_ns=6227988923658 presented_ns=6227999220000 receive_mono_ns=6228024202196 refresh_ns=19160758 sequence=166857 flags=7
[vo/wlshm] K230_SUBMIT serial=811 frame=847 pts=72.033333333 mono_ns=6228055594896
[vo/wlshm] K230_PRESENT serial=810 frame=846 pts=72.000000000 submit_mono_ns=6228022263481 presented_ns=6228037540000 receive_mono_ns=6228058651095 refresh_ns=19160758 sequence=166859 flags=7
[vo/wlshm] K230_SUBMIT serial=812 frame=848 pts=72.066666667 mono_ns=6228088919385
[vo/wlshm] K230_PRESENT serial=811 frame=847 pts=72.033333333 submit_mono_ns=6228055594896 presented_ns=6228075863000 receive_mono_ns=6228092245242 refresh_ns=19160758 sequence=166861 flags=7
[vo/wlshm] K230_SUBMIT serial=813 frame=849 pts=72.100000000 mono_ns=6228122252318
[vo/wlshm] K230_PRESENT serial=812 frame=848 pts=72.066666667 submit_mono_ns=6228088919385 presented_ns=6228095022000 receive_mono_ns=6228124210959 refresh_ns=19160758 sequence=166862 flags=7
[vo/wlshm] K230_SUBMIT serial=814 frame=850 pts=72.133333333 mono_ns=6228155581658
[vo/wlshm] K230_PRESENT serial=813 frame=849 pts=72.100000000 submit_mono_ns=6228122252318 presented_ns=6228133343000 receive_mono_ns=6228159210653 refresh_ns=19160758 sequence=166864 flags=7
[vo/wlshm] K230_SUBMIT serial=815 frame=851 pts=72.166666667 mono_ns=6228194513634
[vo/wlshm] K230_PRESENT serial=814 frame=850 pts=72.133333333 submit_mono_ns=6228155581658 presented_ns=6228171664000 receive_mono_ns=6228199637285 refresh_ns=19160758 sequence=166866 flags=7
[vo/wlshm] K230_SUBMIT serial=816 frame=852 pts=72.200000000 mono_ns=6228222255227
[vo/wlshm] K230_PRESENT serial=815 frame=851 pts=72.166666667 submit_mono_ns=6228194513634 presented_ns=6228209987000 receive_mono_ns=6228224211016 refresh_ns=19160758 sequence=166868 flags=7
[vo/wlshm] K230_SUBMIT serial=817 frame=853 pts=72.233333333 mono_ns=6228255607122
[vo/wlshm] K230_PRESENT serial=816 frame=852 pts=72.200000000 submit_mono_ns=6228222255227 presented_ns=6228229147000 receive_mono_ns=6228258176781 refresh_ns=19160758 sequence=166869 flags=7
[vo/wlshm] K230_SUBMIT serial=818 frame=854 pts=72.266666667 mono_ns=6228288970313
[vo/wlshm] K230_PRESENT serial=817 frame=853 pts=72.233333333 submit_mono_ns=6228255607122 presented_ns=6228267468000 receive_mono_ns=6228292727526 refresh_ns=19160758 sequence=166871 flags=7
[vo/wlshm] K230_SUBMIT serial=819 frame=855 pts=72.300000000 mono_ns=6228328184317
[vo/wlshm] K230_PRESENT serial=818 frame=854 pts=72.266666667 submit_mono_ns=6228288970313 presented_ns=6228305795000 receive_mono_ns=6228332207744 refresh_ns=19160758 sequence=166873 flags=7
[vo/wlshm] K230_SUBMIT serial=820 frame=856 pts=72.333333333 mono_ns=6228373631639
[vo/wlshm] K230_PRESENT serial=819 frame=855 pts=72.300000000 submit_mono_ns=6228328184317 presented_ns=6228344110000 receive_mono_ns=6228381891042 refresh_ns=19160758 sequence=166875 flags=7
[vo/wlshm] K230_SUBMIT serial=821 frame=857 pts=72.366666667 mono_ns=6228406339222
[vo/wlshm] K230_PRESENT serial=820 frame=856 pts=72.333333333 submit_mono_ns=6228373631639 presented_ns=6228382431000 receive_mono_ns=6228408209569 refresh_ns=19160758 sequence=166877 flags=7
[vo/wlshm] K230_SUBMIT serial=822 frame=858 pts=72.400000000 mono_ns=6228434172145
[vo/wlshm] K230_PRESENT serial=821 frame=857 pts=72.366666667 submit_mono_ns=6228406339222 presented_ns=6228420753000 receive_mono_ns=6228436212599 refresh_ns=19160758 sequence=166879 flags=7
[vo/wlshm] K230_SUBMIT serial=823 frame=859 pts=72.433333333 mono_ns=6228462374057
[vo/wlshm] K230_PRESENT serial=822 frame=858 pts=72.400000000 submit_mono_ns=6228434172145 presented_ns=6228459075000 receive_mono_ns=6228466828507 refresh_ns=19160758 sequence=166881 flags=7
[vo/wlshm] K230_SUBMIT serial=824 frame=860 pts=72.466666667 mono_ns=6228488906837
[vo/wlshm] K230_PRESENT serial=823 frame=859 pts=72.433333333 submit_mono_ns=6228462374057 presented_ns=6228478234000 receive_mono_ns=6228492225213 refresh_ns=19160758 sequence=166882 flags=7
[vo/wlshm] K230_SUBMIT serial=825 frame=861 pts=72.500000000 mono_ns=6228524122117
[vo/wlshm] K230_PRESENT serial=824 frame=860 pts=72.466666667 submit_mono_ns=6228488906837 presented_ns=6228497394000 receive_mono_ns=6228529277248 refresh_ns=19160758 sequence=166883 flags=7
[vo/wlshm] K230_SUBMIT serial=826 frame=862 pts=72.533333333 mono_ns=6228555606183
[vo/wlshm] K230_PRESENT serial=825 frame=861 pts=72.500000000 submit_mono_ns=6228524122117 presented_ns=6228535717000 receive_mono_ns=6228559327990 refresh_ns=19160758 sequence=166885 flags=7
[vo/wlshm] K230_SUBMIT serial=827 frame=863 pts=72.566666667 mono_ns=6228588925190
[vo/wlshm] K230_PRESENT serial=826 frame=862 pts=72.533333333 submit_mono_ns=6228555606183 presented_ns=6228574040000 receive_mono_ns=6228592453448 refresh_ns=19160758 sequence=166887 flags=7
[vo/wlshm] K230_SUBMIT serial=828 frame=864 pts=72.600000000 mono_ns=6228622273752
[vo/wlshm] K230_PRESENT serial=827 frame=863 pts=72.566666667 submit_mono_ns=6228588925190 presented_ns=6228612359000 receive_mono_ns=6228626016670 refresh_ns=19160758 sequence=166889 flags=7
[vo/wlshm] K230_SUBMIT serial=829 frame=865 pts=72.633333333 mono_ns=6228660106541
[vo/wlshm] K230_PRESENT serial=828 frame=864 pts=72.600000000 submit_mono_ns=6228622273752 presented_ns=6228631521000 receive_mono_ns=6228663703241 refresh_ns=19160758 sequence=166890 flags=7
[vo/wlshm] K230_SUBMIT serial=830 frame=866 pts=72.666666667 mono_ns=6228689342679
[vo/wlshm] K230_PRESENT serial=829 frame=865 pts=72.633333333 submit_mono_ns=6228660106541 presented_ns=6228669841000 receive_mono_ns=6228697356533 refresh_ns=19160758 sequence=166892 flags=7
[vo/wlshm] K230_SUBMIT serial=831 frame=867 pts=72.700000000 mono_ns=6228725603259
[vo/wlshm] K230_PRESENT serial=830 frame=866 pts=72.666666667 submit_mono_ns=6228689342679 presented_ns=6228708162000 receive_mono_ns=6228729671536 refresh_ns=19160758 sequence=166894 flags=7
[vo/wlshm] K230_SUBMIT serial=832 frame=868 pts=72.733333333 mono_ns=6228755555226
[vo/wlshm] K230_PRESENT serial=831 frame=867 pts=72.700000000 submit_mono_ns=6228725603259 presented_ns=6228746484000 receive_mono_ns=6228759277440 refresh_ns=19160758 sequence=166896 flags=7
[vo/wlshm] K230_SUBMIT serial=833 frame=869 pts=72.766666667 mono_ns=6228788898751
[vo/wlshm] K230_PRESENT serial=832 frame=868 pts=72.733333333 submit_mono_ns=6228755555226 presented_ns=6228765644000 receive_mono_ns=6228792215718 refresh_ns=19160758 sequence=166897 flags=7
[vo/wlshm] K230_SUBMIT serial=834 frame=870 pts=72.800000000 mono_ns=6228822221091
[vo/wlshm] K230_PRESENT serial=833 frame=869 pts=72.766666667 submit_mono_ns=6228788898751 presented_ns=6228803965000 receive_mono_ns=6228824211138 refresh_ns=19160758 sequence=166899 flags=7
[vo/wlshm] K230_SUBMIT serial=835 frame=871 pts=72.833333333 mono_ns=6228855565616
[vo/wlshm] K230_PRESENT serial=834 frame=870 pts=72.800000000 submit_mono_ns=6228822221091 presented_ns=6228842286000 receive_mono_ns=6228855786201 refresh_ns=19160758 sequence=166901 flags=7
[vo/wlshm] K230_SUBMIT serial=836 frame=872 pts=72.866666667 mono_ns=6228890216803
[vo/wlshm] K230_PRESENT serial=835 frame=871 pts=72.833333333 submit_mono_ns=6228855565616 presented_ns=6228861448000 receive_mono_ns=6228890448240 refresh_ns=19160758 sequence=166902 flags=7
[vo/wlshm] K230_PRESENT serial=836 frame=872 pts=72.866666667 submit_mono_ns=6228890216803 presented_ns=6228899768000 receive_mono_ns=6228900594026 refresh_ns=19160758 sequence=166904 flags=7
[vo/wlshm] K230_SUBMIT serial=837 frame=873 pts=72.900000000 mono_ns=6228922221667
[vo/wlshm] K230_SUBMIT serial=838 frame=874 pts=72.933333333 mono_ns=6228957789973
[vo/wlshm] K230_PRESENT serial=837 frame=873 pts=72.900000000 submit_mono_ns=6228922221667 presented_ns=6228938089000 receive_mono_ns=6228966389845 refresh_ns=19160758 sequence=166906 flags=7
[vo/wlshm] K230_SUBMIT serial=839 frame=875 pts=72.966666667 mono_ns=6228992595710
[vo/wlshm] K230_PRESENT serial=838 frame=874 pts=72.933333333 submit_mono_ns=6228957789973 presented_ns=6228976412000 receive_mono_ns=6228993206542 refresh_ns=19160758 sequence=166908 flags=7
[vo/wlshm] K230_SUBMIT serial=840 frame=876 pts=73.000000000 mono_ns=6229028872697
[vo/wlshm] K230_PRESENT serial=839 frame=875 pts=72.966666667 submit_mono_ns=6228992595710 presented_ns=6229014731000 receive_mono_ns=6229029140021 refresh_ns=19160758 sequence=166910 flags=7
[vo/wlshm] K230_SUBMIT serial=841 frame=877 pts=73.033333333 mono_ns=6229073294793
[vo/wlshm] K230_PRESENT serial=840 frame=876 pts=73.000000000 submit_mono_ns=6229028872697 presented_ns=6229053053000 receive_mono_ns=6229076208662 refresh_ns=19160758 sequence=166912 flags=7
[vo/wlshm] K230_SUBMIT serial=842 frame=878 pts=73.066666667 mono_ns=6229095989732
[vo/wlshm] K230_PRESENT serial=841 frame=877 pts=73.033333333 submit_mono_ns=6229073294793 presented_ns=6229091376000 receive_mono_ns=6229106100741 refresh_ns=19160758 sequence=166914 flags=7
[vo/wlshm] K230_PRESENT serial=842 frame=878 pts=73.066666667 submit_mono_ns=6229095989732 presented_ns=6229110535000 receive_mono_ns=6229112558423 refresh_ns=19160758 sequence=166915 flags=7
[vo/wlshm] K230_SUBMIT serial=843 frame=879 pts=73.100000000 mono_ns=6229129370958
[vo/wlshm] K230_SUBMIT serial=844 frame=880 pts=73.133333333 mono_ns=6229156146878
[vo/wlshm] K230_PRESENT serial=843 frame=879 pts=73.100000000 submit_mono_ns=6229129370958 presented_ns=6229148856000 receive_mono_ns=6229156891817 refresh_ns=19160758 sequence=166917 flags=7
[vo/wlshm] K230_SUBMIT serial=845 frame=881 pts=73.166666667 mono_ns=6229190936911
[vo/wlshm] K230_PRESENT serial=844 frame=880 pts=73.133333333 submit_mono_ns=6229156146878 presented_ns=6229187193000 receive_mono_ns=6229204180561 refresh_ns=19160758 sequence=166919 flags=7
[vo/wlshm] K230_SUBMIT serial=846 frame=882 pts=73.200000000 mono_ns=6229232994637
[vo/wlshm] K230_PRESENT serial=845 frame=881 pts=73.166666667 submit_mono_ns=6229190936911 presented_ns=6229206338000 receive_mono_ns=6229236241496 refresh_ns=19160758 sequence=166920 flags=7
[vo/wlshm] K230_SUBMIT serial=847 frame=883 pts=73.233333333 mono_ns=6229266464194
[vo/wlshm] K230_PRESENT serial=846 frame=882 pts=73.200000000 submit_mono_ns=6229232994637 presented_ns=6229244661000 receive_mono_ns=6229268212471 refresh_ns=19160758 sequence=166922 flags=7
[vo/wlshm] K230_SUBMIT serial=848 frame=884 pts=73.266666667 mono_ns=6229291430542
[vo/wlshm] K230_PRESENT serial=847 frame=883 pts=73.233333333 submit_mono_ns=6229266464194 presented_ns=6229282982000 receive_mono_ns=6229300442661 refresh_ns=19160758 sequence=166924 flags=7
[vo/wlshm] K230_SUBMIT serial=849 frame=885 pts=73.300000000 mono_ns=6229322251554
[vo/wlshm] K230_PRESENT serial=848 frame=884 pts=73.266666667 submit_mono_ns=6229291430542 presented_ns=6229302142000 receive_mono_ns=6229325952880 refresh_ns=19160758 sequence=166925 flags=7
[vo/wlshm] K230_SUBMIT serial=850 frame=886 pts=73.333333333 mono_ns=6229355586856
[vo/wlshm] K230_PRESENT serial=849 frame=885 pts=73.300000000 submit_mono_ns=6229322251554 presented_ns=6229340463000 receive_mono_ns=6229359270072 refresh_ns=19160758 sequence=166927 flags=7
[vo/wlshm] K230_SUBMIT serial=851 frame=887 pts=73.366666667 mono_ns=6229390823986
[vo/wlshm] K230_PRESENT serial=850 frame=886 pts=73.333333333 submit_mono_ns=6229355586856 presented_ns=6229378785000 receive_mono_ns=6229392206831 refresh_ns=19160758 sequence=166929 flags=7
[vo/wlshm] K230_SUBMIT serial=852 frame=888 pts=73.400000000 mono_ns=6229422949031
[vo/wlshm] K230_PRESENT serial=851 frame=887 pts=73.366666667 submit_mono_ns=6229390823986 presented_ns=6229397944000 receive_mono_ns=6229424199546 refresh_ns=19160758 sequence=166930 flags=7
[vo/wlshm] K230_SUBMIT serial=853 frame=889 pts=73.433333333 mono_ns=6229455522098
[vo/wlshm] K230_PRESENT serial=852 frame=888 pts=73.400000000 submit_mono_ns=6229422949031 presented_ns=6229436266000 receive_mono_ns=6229459216276 refresh_ns=19160758 sequence=166932 flags=7
[vo/wlshm] K230_SUBMIT serial=854 frame=890 pts=73.466666667 mono_ns=6229488922361
[vo/wlshm] K230_PRESENT serial=853 frame=889 pts=73.433333333 submit_mono_ns=6229455522098 presented_ns=6229474586000 receive_mono_ns=6229489147539 refresh_ns=19160758 sequence=166934 flags=7
[vo/wlshm] K230_PRESENT serial=854 frame=890 pts=73.466666667 submit_mono_ns=6229488922361 presented_ns=6229493748000 receive_mono_ns=6229494554884 refresh_ns=19160758 sequence=166935 flags=7
[vo/wlshm] K230_SUBMIT serial=855 frame=891 pts=73.500000000 mono_ns=6229522469730
[vo/wlshm] K230_SUBMIT serial=856 frame=892 pts=73.533333333 mono_ns=6229555544855
[vo/wlshm] K230_PRESENT serial=855 frame=891 pts=73.500000000 submit_mono_ns=6229522469730 presented_ns=6229532069000 receive_mono_ns=6229558931228 refresh_ns=19160758 sequence=166937 flags=7
[vo/wlshm] K230_SUBMIT serial=857 frame=893 pts=73.566666667 mono_ns=6229588857565
[vo/wlshm] K230_PRESENT serial=856 frame=892 pts=73.533333333 submit_mono_ns=6229555544855 presented_ns=6229570392000 receive_mono_ns=6229592218309 refresh_ns=19160758 sequence=166939 flags=7
[vo/wlshm] K230_SUBMIT serial=858 frame=894 pts=73.600000000 mono_ns=6229622208681
[vo/wlshm] K230_PRESENT serial=857 frame=893 pts=73.566666667 submit_mono_ns=6229588857565 presented_ns=6229608711000 receive_mono_ns=6229624207543 refresh_ns=19160758 sequence=166941 flags=7
[vo/wlshm] K230_SUBMIT serial=859 frame=895 pts=73.633333333 mono_ns=6229655554427
[vo/wlshm] K230_PRESENT serial=858 frame=894 pts=73.600000000 submit_mono_ns=6229622208681 presented_ns=6229627870000 receive_mono_ns=6229656722131 refresh_ns=19160758 sequence=166942 flags=7
[vo/wlshm] K230_PRESENT serial=859 frame=895 pts=73.633333333 submit_mono_ns=6229655554427 presented_ns=6229666194000 receive_mono_ns=6229671553878 refresh_ns=19160758 sequence=166944 flags=7
[vo/wlshm] K230_SUBMIT serial=860 frame=896 pts=73.666666667 mono_ns=6229690820260
[vo/wlshm] K230_SUBMIT serial=861 frame=897 pts=73.700000000 mono_ns=6229725350561
[vo/wlshm] K230_PRESENT serial=860 frame=896 pts=73.666666667 submit_mono_ns=6229690820260 presented_ns=6229704514000 receive_mono_ns=6229725994799 refresh_ns=19160758 sequence=166946 flags=7
[vo/wlshm] K230_SUBMIT serial=862 frame=898 pts=73.733333333 mono_ns=6229756175499
[vo/wlshm] K230_PRESENT serial=861 frame=897 pts=73.700000000 submit_mono_ns=6229725350561 presented_ns=6229742838000 receive_mono_ns=6229760866237 refresh_ns=19160758 sequence=166948 flags=7
[vo/wlshm] K230_SUBMIT serial=863 frame=899 pts=73.766666667 mono_ns=6229790954680
[vo/wlshm] K230_PRESENT serial=862 frame=898 pts=73.733333333 submit_mono_ns=6229756175499 presented_ns=6229781157000 receive_mono_ns=6229800227346 refresh_ns=19160758 sequence=166950 flags=7
[vo/wlshm] K230_PRESENT serial=863 frame=899 pts=73.766666667 submit_mono_ns=6229790954680 presented_ns=6229800316000 receive_mono_ns=6229801641671 refresh_ns=19160758 sequence=166951 flags=7
[vo/wlshm] K230_SUBMIT serial=864 frame=900 pts=73.800000000 mono_ns=6229822186161
[vo/wlshm] K230_SUBMIT serial=865 frame=901 pts=73.833333333 mono_ns=6229856621465
[vo/wlshm] K230_PRESENT serial=864 frame=900 pts=73.800000000 submit_mono_ns=6229822186161 presented_ns=6229838638000 receive_mono_ns=6229856871383 refresh_ns=19160758 sequence=166953 flags=7
[vo/wlshm] K230_SUBMIT serial=866 frame=902 pts=73.866666667 mono_ns=6229888853469
[vo/wlshm] K230_PRESENT serial=865 frame=901 pts=73.833333333 submit_mono_ns=6229856621465 presented_ns=6229876960000 receive_mono_ns=6229892211880 refresh_ns=19160758 sequence=166955 flags=7
[vo/wlshm] K230_SUBMIT serial=867 frame=903 pts=73.900000000 mono_ns=6229924137708
[vo/wlshm] K230_PRESENT serial=866 frame=902 pts=73.866666667 submit_mono_ns=6229888853469 presented_ns=6229896122000 receive_mono_ns=6229927725630 refresh_ns=19160758 sequence=166956 flags=7
[vo/wlshm] K230_SUBMIT serial=868 frame=904 pts=73.933333333 mono_ns=6229960120888
[vo/wlshm] K230_PRESENT serial=867 frame=903 pts=73.900000000 submit_mono_ns=6229924137708 presented_ns=6229934442000 receive_mono_ns=6229963767586 refresh_ns=19160758 sequence=166958 flags=7
[vo/wlshm] K230_SUBMIT serial=869 frame=905 pts=73.966666667 mono_ns=6229992168009
[vo/wlshm] K230_PRESENT serial=868 frame=904 pts=73.933333333 submit_mono_ns=6229960120888 presented_ns=6229972763000 receive_mono_ns=6229995787004 refresh_ns=19160758 sequence=166960 flags=7
[vo/wlshm] K230_SUBMIT serial=870 frame=906 pts=74.000000000 mono_ns=6230028123079
[vo/wlshm] K230_PRESENT serial=869 frame=905 pts=73.966666667 submit_mono_ns=6229992168009 presented_ns=6230011084000 receive_mono_ns=6230031625671 refresh_ns=19160758 sequence=166962 flags=7
[vo/wlshm] K230_SUBMIT serial=871 frame=907 pts=74.033333333 mono_ns=6230055570755
[vo/wlshm] K230_PRESENT serial=870 frame=906 pts=74.000000000 submit_mono_ns=6230028123079 presented_ns=6230049406000 receive_mono_ns=6230059764250 refresh_ns=19160758 sequence=166964 flags=7
[vo/wlshm] K230_SUBMIT serial=872 frame=908 pts=74.066666667 mono_ns=6230092106287
[vo/wlshm] K230_PRESENT serial=871 frame=907 pts=74.033333333 submit_mono_ns=6230055570755 presented_ns=6230068567000 receive_mono_ns=6230095922091 refresh_ns=19160758 sequence=166965 flags=7
[vo/wlshm] K230_SUBMIT serial=873 frame=909 pts=74.100000000 mono_ns=6230122179211
[vo/wlshm] K230_PRESENT serial=872 frame=908 pts=74.066666667 submit_mono_ns=6230092106287 presented_ns=6230106887000 receive_mono_ns=6230122414870 refresh_ns=19160758 sequence=166967 flags=7
[vo/wlshm] K230_SUBMIT serial=874 frame=910 pts=74.133333333 mono_ns=6230155524734
[vo/wlshm] K230_PRESENT serial=873 frame=909 pts=74.100000000 submit_mono_ns=6230122179211 presented_ns=6230145209000 receive_mono_ns=6230155752986 refresh_ns=19160758 sequence=166969 flags=7
[vo/wlshm] K230_SUBMIT serial=875 frame=911 pts=74.166666667 mono_ns=6230188851480
[vo/wlshm] K230_PRESENT serial=874 frame=910 pts=74.133333333 submit_mono_ns=6230155524734 presented_ns=6230164370000 receive_mono_ns=6230189091398 refresh_ns=19160758 sequence=166970 flags=7
[vo/wlshm] K230_SUBMIT serial=876 frame=912 pts=74.200000000 mono_ns=6230222180744
[vo/wlshm] K230_PRESENT serial=875 frame=911 pts=74.166666667 submit_mono_ns=6230188851480 presented_ns=6230202690000 receive_mono_ns=6230224212827 refresh_ns=19160758 sequence=166972 flags=7
[vo/wlshm] K230_SUBMIT serial=877 frame=913 pts=74.233333333 mono_ns=6230255967289
[vo/wlshm] K230_PRESENT serial=876 frame=912 pts=74.200000000 submit_mono_ns=6230222180744 presented_ns=6230241011000 receive_mono_ns=6230256294464 refresh_ns=19160758 sequence=166974 flags=7
[vo/wlshm] K230_SUBMIT serial=878 frame=914 pts=74.266666667 mono_ns=6230312672841
[vo/wlshm] K230_PRESENT serial=877 frame=913 pts=74.233333333 submit_mono_ns=6230255967289 presented_ns=6230279334000 receive_mono_ns=6230316213949 refresh_ns=19160758 sequence=166976 flags=7
[vo/wlshm] K230_SUBMIT serial=879 frame=915 pts=74.300000000 mono_ns=6230357494662
[vo/wlshm] K230_PRESENT serial=878 frame=914 pts=74.266666667 submit_mono_ns=6230312672841 presented_ns=6230336814000 receive_mono_ns=6230366625110 refresh_ns=19160758 sequence=166979 flags=7
[vo/wlshm] K230_SUBMIT serial=880 frame=916 pts=74.333333333 mono_ns=6230397493305
[vo/wlshm] K230_PRESENT serial=879 frame=915 pts=74.300000000 submit_mono_ns=6230357494662 presented_ns=6230375137000 receive_mono_ns=6230400225106 refresh_ns=19160758 sequence=166981 flags=7
[vo/wlshm] K230_SUBMIT serial=881 frame=917 pts=74.366666667 mono_ns=6230445022113
[vo/wlshm] K230_PRESENT serial=880 frame=916 pts=74.333333333 submit_mono_ns=6230397493305 presented_ns=6230413457000 receive_mono_ns=6230445250328 refresh_ns=19160758 sequence=166983 flags=7
[vo/wlshm] K230_PRESENT serial=881 frame=917 pts=74.366666667 submit_mono_ns=6230445022113 presented_ns=6230451776000 receive_mono_ns=6230456931324 refresh_ns=19160758 sequence=166985 flags=7
[vo/wlshm] K230_SUBMIT serial=882 frame=919 pts=74.433333333 mono_ns=6230481366947
[vo/wlshm] K230_SUBMIT serial=883 frame=920 pts=74.466666667 mono_ns=6230509700409
[vo/wlshm] K230_PRESENT serial=882 frame=919 pts=74.433333333 submit_mono_ns=6230481366947 presented_ns=6230490099000 receive_mono_ns=6230512215772 refresh_ns=19160758 sequence=166987 flags=7
[vo/wlshm] K230_SUBMIT serial=884 frame=921 pts=74.500000000 mono_ns=6230530872174
[vo/wlshm] K230_PRESENT serial=883 frame=920 pts=74.466666667 submit_mono_ns=6230509700409 presented_ns=6230528420000 receive_mono_ns=6230532246241 refresh_ns=19160758 sequence=166989 flags=7
[vo/wlshm] K230_SUBMIT serial=885 frame=922 pts=74.533333333 mono_ns=6230555510717
[vo/wlshm] K230_PRESENT serial=884 frame=921 pts=74.500000000 submit_mono_ns=6230530872174 presented_ns=6230547584000 receive_mono_ns=6230555736487 refresh_ns=19160758 sequence=166990 flags=7
[vo/wlshm] K230_SUBMIT serial=886 frame=923 pts=74.566666667 mono_ns=6230592337906
[vo/wlshm] K230_PRESENT serial=885 frame=922 pts=74.533333333 submit_mono_ns=6230555510717 presented_ns=6230566743000 receive_mono_ns=6230592580898 refresh_ns=19160758 sequence=166991 flags=7
[vo/wlshm] K230_SUBMIT serial=887 frame=924 pts=74.600000000 mono_ns=6230622740449
[vo/wlshm] K230_PRESENT serial=886 frame=923 pts=74.566666667 submit_mono_ns=6230592337906 presented_ns=6230605071000 receive_mono_ns=6230624239734 refresh_ns=19160758 sequence=166993 flags=7
[vo/wlshm] K230_SUBMIT serial=888 frame=925 pts=74.633333333 mono_ns=6230655541470
[vo/wlshm] K230_PRESENT serial=887 frame=924 pts=74.600000000 submit_mono_ns=6230622740449 presented_ns=6230643385000 receive_mono_ns=6230659678893 refresh_ns=19160758 sequence=166995 flags=7
[vo/wlshm] K230_PRESENT serial=888 frame=925 pts=74.633333333 submit_mono_ns=6230655541470 presented_ns=6230662545000 receive_mono_ns=6230663116301 refresh_ns=19160758 sequence=166996 flags=7
[vo/wlshm] K230_SUBMIT serial=889 frame=926 pts=74.666666667 mono_ns=6230692163629
[vo/wlshm] K230_SUBMIT serial=890 frame=927 pts=74.700000000 mono_ns=6230722207591
[vo/wlshm] K230_PRESENT serial=889 frame=926 pts=74.666666667 submit_mono_ns=6230692163629 presented_ns=6230700866000 receive_mono_ns=6230724459259 refresh_ns=19160758 sequence=166998 flags=7
[vo/wlshm] K230_SUBMIT serial=891 frame=928 pts=74.733333333 mono_ns=6230756676855
[vo/wlshm] K230_PRESENT serial=890 frame=927 pts=74.700000000 submit_mono_ns=6230722207591 presented_ns=6230739189000 receive_mono_ns=6230759603687 refresh_ns=19160758 sequence=167000 flags=7
[vo/wlshm] K230_SUBMIT serial=892 frame=929 pts=74.766666667 mono_ns=6230788818158
[vo/wlshm] K230_PRESENT serial=891 frame=928 pts=74.733333333 submit_mono_ns=6230756676855 presented_ns=6230777508000 receive_mono_ns=6230792192901 refresh_ns=19160758 sequence=167002 flags=7
[vo/wlshm] K230_SUBMIT serial=893 frame=930 pts=74.800000000 mono_ns=6230822778290
[vo/wlshm] K230_PRESENT serial=892 frame=929 pts=74.766666667 submit_mono_ns=6230788818158 presented_ns=6230796669000 receive_mono_ns=6230824195986 refresh_ns=19160758 sequence=167003 flags=7
[vo/wlshm] K230_SUBMIT serial=894 frame=931 pts=74.833333333 mono_ns=6230856485987
[vo/wlshm] K230_PRESENT serial=893 frame=930 pts=74.800000000 submit_mono_ns=6230822778290 presented_ns=6230834992000 receive_mono_ns=6230860216200 refresh_ns=19160758 sequence=167005 flags=7
[vo/wlshm] K230_SUBMIT serial=895 frame=932 pts=74.866666667 mono_ns=6230888817283
[vo/wlshm] K230_PRESENT serial=894 frame=931 pts=74.833333333 submit_mono_ns=6230856485987 presented_ns=6230873315000 receive_mono_ns=6230892208396 refresh_ns=19160758 sequence=167007 flags=7
[vo/wlshm] K230_SUBMIT serial=896 frame=933 pts=74.900000000 mono_ns=6230922168361
[vo/wlshm] K230_PRESENT serial=895 frame=932 pts=74.866666667 submit_mono_ns=6230888817283 presented_ns=6230911633000 receive_mono_ns=6230924230962 refresh_ns=19160758 sequence=167009 flags=7
[vo/wlshm] K230_SUBMIT serial=897 frame=934 pts=74.933333333 mono_ns=6230956877136
[vo/wlshm] K230_PRESENT serial=896 frame=933 pts=74.900000000 submit_mono_ns=6230922168361 presented_ns=6230930794000 receive_mono_ns=6230957127721 refresh_ns=19160758 sequence=167010 flags=7
[vo/wlshm] K230_SUBMIT serial=898 frame=935 pts=74.966666667 mono_ns=6230989376094
[vo/wlshm] K230_PRESENT serial=897 frame=934 pts=74.933333333 submit_mono_ns=6230956877136 presented_ns=6230969115000 receive_mono_ns=6230990228844 refresh_ns=19160758 sequence=167012 flags=7
[vo/wlshm] K230_SUBMIT serial=899 frame=936 pts=75.000000000 mono_ns=6231028914344
[vo/wlshm] K230_PRESENT serial=898 frame=935 pts=74.966666667 submit_mono_ns=6230989376094 presented_ns=6231007437000 receive_mono_ns=6231036260293 refresh_ns=19160758 sequence=167014 flags=7
[vo/wlshm] K230_PRESENT serial=899 frame=936 pts=75.000000000 submit_mono_ns=6231028914344 presented_ns=6231045757000 receive_mono_ns=6231046144643 refresh_ns=19160758 sequence=167016 flags=7
[vo/wlshm] K230_SUBMIT serial=900 frame=937 pts=75.033333333 mono_ns=6231069693702
[vo/wlshm] K230_SUBMIT serial=901 frame=938 pts=75.066666667 mono_ns=6231099170052
[vo/wlshm] K230_PRESENT serial=900 frame=937 pts=75.033333333 submit_mono_ns=6231069693702 presented_ns=6231084079000 receive_mono_ns=6231099425710 refresh_ns=19160758 sequence=167018 flags=7
[vo/wlshm] K230_SUBMIT serial=902 frame=939 pts=75.100000000 mono_ns=6231125273473
[vo/wlshm] K230_PRESENT serial=901 frame=938 pts=75.066666667 submit_mono_ns=6231099170052 presented_ns=6231122400000 receive_mono_ns=6231128246489 refresh_ns=19160758 sequence=167020 flags=7
[vo/wlshm] K230_SUBMIT serial=903 frame=940 pts=75.133333333 mono_ns=6231155496021
[vo/wlshm] K230_PRESENT serial=902 frame=939 pts=75.100000000 submit_mono_ns=6231125273473 presented_ns=6231141560000 receive_mono_ns=6231159141385 refresh_ns=19160758 sequence=167021 flags=7
[vo/wlshm] K230_SUBMIT serial=904 frame=941 pts=75.166666667 mono_ns=6231188821136
[vo/wlshm] K230_PRESENT serial=903 frame=940 pts=75.133333333 submit_mono_ns=6231155496021 presented_ns=6231160727000 receive_mono_ns=6231189056277 refresh_ns=19160758 sequence=167022 flags=7
[vo/wlshm] K230_SUBMIT serial=905 frame=942 pts=75.200000000 mono_ns=6231222138881
[vo/wlshm] K230_PRESENT serial=904 frame=941 pts=75.166666667 submit_mono_ns=6231188821136 presented_ns=6231199049000 receive_mono_ns=6231224225814 refresh_ns=19160758 sequence=167024 flags=7
[vo/wlshm] K230_SUBMIT serial=906 frame=943 pts=75.233333333 mono_ns=6231255467996
[vo/wlshm] K230_PRESENT serial=905 frame=942 pts=75.200000000 submit_mono_ns=6231222138881 presented_ns=6231237363000 receive_mono_ns=6231255705099 refresh_ns=19160758 sequence=167026 flags=7
[vo/wlshm] K230_SUBMIT serial=907 frame=944 pts=75.266666667 mono_ns=6231288839035
[vo/wlshm] K230_PRESENT serial=906 frame=943 pts=75.233333333 submit_mono_ns=6231255467996 presented_ns=6231275686000 receive_mono_ns=6231289086212 refresh_ns=19160758 sequence=167028 flags=7
[vo/wlshm] K230_SUBMIT serial=908 frame=945 pts=75.300000000 mono_ns=6231322205297
[vo/wlshm] K230_PRESENT serial=907 frame=944 pts=75.266666667 submit_mono_ns=6231288839035 presented_ns=6231314008000 receive_mono_ns=6231326418865 refresh_ns=19160758 sequence=167030 flags=7
[vo/wlshm] K230_SUBMIT serial=909 frame=946 pts=75.333333333 mono_ns=6231360125450
[vo/wlshm] K230_PRESENT serial=908 frame=945 pts=75.300000000 submit_mono_ns=6231322205297 presented_ns=6231333167000 receive_mono_ns=6231363955660 refresh_ns=19160758 sequence=167031 flags=7
[vo/wlshm] K230_SUBMIT serial=910 frame=947 pts=75.366666667 mono_ns=6231388830046
[vo/wlshm] K230_PRESENT serial=909 frame=946 pts=75.333333333 submit_mono_ns=6231360125450 presented_ns=6231371488000 receive_mono_ns=6231392208160 refresh_ns=19160758 sequence=167033 flags=7
[vo/wlshm] K230_SUBMIT serial=911 frame=948 pts=75.400000000 mono_ns=6231424144320
[vo/wlshm] K230_PRESENT serial=910 frame=947 pts=75.366666667 submit_mono_ns=6231388830046 presented_ns=6231409810000 receive_mono_ns=6231427824165 refresh_ns=19160758 sequence=167035 flags=7
[vo/wlshm] K230_SUBMIT serial=912 frame=949 pts=75.433333333 mono_ns=6231455485313
[vo/wlshm] K230_PRESENT serial=911 frame=948 pts=75.400000000 submit_mono_ns=6231424144320 presented_ns=6231448130000 receive_mono_ns=6231459229563 refresh_ns=19160758 sequence=167037 flags=7
[vo/wlshm] K230_SUBMIT serial=913 frame=950 pts=75.466666667 mono_ns=6231488834279
[vo/wlshm] K230_PRESENT serial=912 frame=949 pts=75.433333333 submit_mono_ns=6231455485313 presented_ns=6231467299000 receive_mono_ns=6231492201394 refresh_ns=19160758 sequence=167038 flags=7
[vo/wlshm] K230_SUBMIT serial=914 frame=951 pts=75.500000000 mono_ns=6231522149432
[vo/wlshm] K230_PRESENT serial=913 frame=950 pts=75.466666667 submit_mono_ns=6231488834279 presented_ns=6231505611000 receive_mono_ns=6231524447358 refresh_ns=19160758 sequence=167040 flags=7
[vo/wlshm] K230_SUBMIT serial=915 frame=952 pts=75.533333333 mono_ns=6231555485695
[vo/wlshm] K230_PRESENT serial=914 frame=951 pts=75.500000000 submit_mono_ns=6231522149432 presented_ns=6231543933000 receive_mono_ns=6231555707799 refresh_ns=19160758 sequence=167042 flags=7
[vo/wlshm] K230_SUBMIT serial=916 frame=953 pts=75.566666667 mono_ns=6231588798551
[vo/wlshm] K230_PRESENT serial=915 frame=952 pts=75.533333333 submit_mono_ns=6231555485695 presented_ns=6231563094000 receive_mono_ns=6231592209108 refresh_ns=19160758 sequence=167043 flags=7
[vo/wlshm] K230_SUBMIT serial=917 frame=954 pts=75.600000000 mono_ns=6231624358705
[vo/wlshm] K230_PRESENT serial=916 frame=953 pts=75.566666667 submit_mono_ns=6231588798551 presented_ns=6231601415000 receive_mono_ns=6231627994218 refresh_ns=19160758 sequence=167045 flags=7
[vo/wlshm] K230_SUBMIT serial=918 frame=955 pts=75.633333333 mono_ns=6231655458855
[vo/wlshm] K230_PRESENT serial=917 frame=954 pts=75.600000000 submit_mono_ns=6231624358705 presented_ns=6231639736000 receive_mono_ns=6231659142588 refresh_ns=19160758 sequence=167047 flags=7
[vo/wlshm] K230_SUBMIT serial=919 frame=956 pts=75.666666667 mono_ns=6231689701348
[vo/wlshm] K230_PRESENT serial=918 frame=955 pts=75.633333333 submit_mono_ns=6231655458855 presented_ns=6231678059000 receive_mono_ns=6231689935451 refresh_ns=19160758 sequence=167049 flags=7
[vo/wlshm] K230_SUBMIT serial=920 frame=957 pts=75.700000000 mono_ns=6231722135454
[vo/wlshm] K230_PRESENT serial=919 frame=956 pts=75.666666667 submit_mono_ns=6231689701348 presented_ns=6231716379000 receive_mono_ns=6231724278978 refresh_ns=19160758 sequence=167051 flags=7
[vo/wlshm] K230_SUBMIT serial=921 frame=958 pts=75.733333333 mono_ns=6231760319858
[vo/wlshm] K230_PRESENT serial=920 frame=957 pts=75.700000000 submit_mono_ns=6231722135454 presented_ns=6231735540000 receive_mono_ns=6231764149512 refresh_ns=19160758 sequence=167052 flags=7
[vo/wlshm] K230_SUBMIT serial=922 frame=959 pts=75.766666667 mono_ns=6231812200525
[vo/wlshm] K230_PRESENT serial=921 frame=958 pts=75.733333333 submit_mono_ns=6231760319858 presented_ns=6231793022000 receive_mono_ns=6231815789484 refresh_ns=19160758 sequence=167055 flags=7
[vo/wlshm] K230_SUBMIT serial=923 frame=960 pts=75.800000000 mono_ns=6231842255671
[vo/wlshm] K230_PRESENT serial=922 frame=959 pts=75.766666667 submit_mono_ns=6231812200525 presented_ns=6231831344000 receive_mono_ns=6231850263414 refresh_ns=19160758 sequence=167057 flags=7
[vo/wlshm] K230_PRESENT serial=923 frame=960 pts=75.800000000 submit_mono_ns=6231842255671 presented_ns=6231850504000 receive_mono_ns=6231850914504 refresh_ns=19160758 sequence=167058 flags=7
[vo/wlshm] K230_SUBMIT serial=924 frame=961 pts=75.833333333 mono_ns=6231867221202
[vo/wlshm] K230_SUBMIT serial=925 frame=962 pts=75.866666667 mono_ns=6231893976973
[vo/wlshm] K230_PRESENT serial=924 frame=961 pts=75.833333333 submit_mono_ns=6231867221202 presented_ns=6231888826000 receive_mono_ns=6231900593094 refresh_ns=19160758 sequence=167060 flags=7
[vo/wlshm] K230_SUBMIT serial=926 frame=963 pts=75.900000000 mono_ns=6231926986283
[vo/wlshm] K230_PRESENT serial=925 frame=962 pts=75.866666667 submit_mono_ns=6231893976973 presented_ns=6231907986000 receive_mono_ns=6231935009655 refresh_ns=19160758 sequence=167061 flags=7
[vo/wlshm] K230_SUBMIT serial=927 frame=964 pts=75.933333333 mono_ns=6231956531520
[vo/wlshm] K230_PRESENT serial=926 frame=963 pts=75.900000000 submit_mono_ns=6231926986283 presented_ns=6231946307000 receive_mono_ns=6231960192735 refresh_ns=19160758 sequence=167063 flags=7
[vo/wlshm] K230_SUBMIT serial=928 frame=965 pts=75.966666667 mono_ns=6231990779679
[vo/wlshm] K230_PRESENT serial=927 frame=964 pts=75.933333333 submit_mono_ns=6231956531520 presented_ns=6231965467000 receive_mono_ns=6231992212892 refresh_ns=19160758 sequence=167064 flags=7
[vo/wlshm] K230_SUBMIT serial=929 frame=966 pts=76.000000000 mono_ns=6232022161856
[vo/wlshm] K230_PRESENT serial=928 frame=965 pts=75.966666667 submit_mono_ns=6231990779679 presented_ns=6232003790000 receive_mono_ns=6232024251197 refresh_ns=19160758 sequence=167066 flags=7
[vo/wlshm] K230_SUBMIT serial=930 frame=967 pts=76.033333333 mono_ns=6232055497564
[vo/wlshm] K230_PRESENT serial=929 frame=966 pts=76.000000000 submit_mono_ns=6232022161856 presented_ns=6232042110000 receive_mono_ns=6232059147298 refresh_ns=19160758 sequence=167068 flags=7
[vo/wlshm] K230_SUBMIT serial=931 frame=968 pts=76.066666667 mono_ns=6232088808975
[vo/wlshm] K230_PRESENT serial=930 frame=967 pts=76.033333333 submit_mono_ns=6232055497564 presented_ns=6232061270000 receive_mono_ns=6232089056560 refresh_ns=19160758 sequence=167069 flags=7
[vo/wlshm] K230_PRESENT serial=931 frame=968 pts=76.066666667 submit_mono_ns=6232088808975 presented_ns=6232099591000 receive_mono_ns=6232100199090 refresh_ns=19160758 sequence=167071 flags=7
[vo/wlshm] K230_SUBMIT serial=932 frame=969 pts=76.100000000 mono_ns=6232122130200
[vo/wlshm] K230_SUBMIT serial=933 frame=970 pts=76.133333333 mono_ns=6232155433018
[vo/wlshm] K230_PRESENT serial=932 frame=969 pts=76.100000000 submit_mono_ns=6232122130200 presented_ns=6232137913000 receive_mono_ns=6232159413557 refresh_ns=19160758 sequence=167073 flags=7
[vo/wlshm] K230_SUBMIT serial=934 frame=971 pts=76.166666667 mono_ns=6232190847213
[vo/wlshm] K230_PRESENT serial=933 frame=970 pts=76.133333333 submit_mono_ns=6232155433018 presented_ns=6232176233000 receive_mono_ns=6232192219947 refresh_ns=19160758 sequence=167075 flags=7
[vo/wlshm] K230_PRESENT serial=934 frame=971 pts=76.166666667 submit_mono_ns=6232190847213 presented_ns=6232195393000 receive_mono_ns=6232196165154 refresh_ns=19160758 sequence=167076 flags=7
[vo/wlshm] K230_SUBMIT serial=935 frame=972 pts=76.200000000 mono_ns=6232222108023
[vo/wlshm] K230_SUBMIT serial=936 frame=973 pts=76.233333333 mono_ns=6232255459359
[vo/wlshm] K230_PRESENT serial=935 frame=972 pts=76.200000000 submit_mono_ns=6232222108023 presented_ns=6232233716000 receive_mono_ns=6232259277310 refresh_ns=19160758 sequence=167078 flags=7
[vo/wlshm] K230_SUBMIT serial=937 frame=974 pts=76.266666667 mono_ns=6232288778028
[vo/wlshm] K230_PRESENT serial=936 frame=973 pts=76.233333333 submit_mono_ns=6232255459359 presented_ns=6232272042000 receive_mono_ns=6232292453688 refresh_ns=19160758 sequence=167080 flags=7
[vo/wlshm] K230_SUBMIT serial=938 frame=975 pts=76.300000000 mono_ns=6232322121697
[vo/wlshm] K230_PRESENT serial=937 frame=974 pts=76.266666667 submit_mono_ns=6232288778028 presented_ns=6232310358000 receive_mono_ns=6232324212075 refresh_ns=19160758 sequence=167082 flags=7
[vo/wlshm] K230_SUBMIT serial=939 frame=976 pts=76.333333333 mono_ns=6232355459144
[vo/wlshm] K230_PRESENT serial=938 frame=975 pts=76.300000000 submit_mono_ns=6232322121697 presented_ns=6232329519000 receive_mono_ns=6232355703359 refresh_ns=19160758 sequence=167083 flags=7
[vo/wlshm] K230_SUBMIT serial=940 frame=977 pts=76.366666667 mono_ns=6232388771851
[vo/wlshm] K230_PRESENT serial=939 frame=976 pts=76.333333333 submit_mono_ns=6232355459144 presented_ns=6232367840000 receive_mono_ns=6232392226629 refresh_ns=19160758 sequence=167085 flags=7
[vo/wlshm] K230_SUBMIT serial=941 frame=978 pts=76.400000000 mono_ns=6232422122298
[vo/wlshm] K230_PRESENT serial=940 frame=977 pts=76.366666667 submit_mono_ns=6232388771851 presented_ns=6232406161000 receive_mono_ns=6232424214045 refresh_ns=19160758 sequence=167087 flags=7
[vo/wlshm] K230_SUBMIT serial=942 frame=979 pts=76.433333333 mono_ns=6232455454930
[vo/wlshm] K230_PRESENT serial=941 frame=978 pts=76.400000000 submit_mono_ns=6232422122298 presented_ns=6232444482000 receive_mono_ns=6232455684886 refresh_ns=19160758 sequence=167089 flags=7
[vo/wlshm] K230_SUBMIT serial=943 frame=980 pts=76.466666667 mono_ns=6232488763785
[vo/wlshm] K230_PRESENT serial=942 frame=979 pts=76.433333333 submit_mono_ns=6232455454930 presented_ns=6232463644000 receive_mono_ns=6232489004703 refresh_ns=19160758 sequence=167090 flags=7
[vo/wlshm] K230_SUBMIT serial=944 frame=981 pts=76.500000000 mono_ns=6232522116380
[vo/wlshm] K230_PRESENT serial=943 frame=980 pts=76.466666667 submit_mono_ns=6232488763785 presented_ns=6232501964000 receive_mono_ns=6232524217757 refresh_ns=19160758 sequence=167092 flags=7
[vo/wlshm] K230_SUBMIT serial=945 frame=982 pts=76.533333333 mono_ns=6232555447197
[vo/wlshm] K230_PRESENT serial=944 frame=981 pts=76.500000000 submit_mono_ns=6232522116380 presented_ns=6232540285000 receive_mono_ns=6232559298185 refresh_ns=19160758 sequence=167094 flags=7
[vo/wlshm] K230_SUBMIT serial=946 frame=983 pts=76.566666667 mono_ns=6232588772459
[vo/wlshm] K230_PRESENT serial=945 frame=982 pts=76.533333333 submit_mono_ns=6232555447197 presented_ns=6232559446000 receive_mono_ns=6232589008230 refresh_ns=19160758 sequence=167095 flags=7
[vo/wlshm] K230_SUBMIT serial=947 frame=984 pts=76.600000000 mono_ns=6232622107980
[vo/wlshm] K230_PRESENT serial=946 frame=983 pts=76.566666667 submit_mono_ns=6232588772459 presented_ns=6232597767000 receive_mono_ns=6232622347491 refresh_ns=19160758 sequence=167097 flags=7
[vo/wlshm] K230_SUBMIT serial=948 frame=985 pts=76.633333333 mono_ns=6232655445983
[vo/wlshm] K230_PRESENT serial=947 frame=984 pts=76.600000000 submit_mono_ns=6232622107980 presented_ns=6232636088000 receive_mono_ns=6232655673716 refresh_ns=19160758 sequence=167099 flags=7
[vo/wlshm] K230_SUBMIT serial=949 frame=986 pts=76.666666667 mono_ns=6232688770541
[vo/wlshm] K230_PRESENT serial=948 frame=985 pts=76.633333333 submit_mono_ns=6232655445983 presented_ns=6232674411000 receive_mono_ns=6232689004904 refresh_ns=19160758 sequence=167101 flags=7
[vo/wlshm] K230_SUBMIT serial=950 frame=987 pts=76.700000000 mono_ns=6232722156542
[vo/wlshm] K230_PRESENT serial=949 frame=986 pts=76.666666667 submit_mono_ns=6232688770541 presented_ns=6232693571000 receive_mono_ns=6232722395238 refresh_ns=19160758 sequence=167102 flags=7
[vo/wlshm] K230_SUBMIT serial=951 frame=988 pts=76.733333333 mono_ns=6232755439991
[vo/wlshm] K230_PRESENT serial=950 frame=987 pts=76.700000000 submit_mono_ns=6232722156542 presented_ns=6232731896000 receive_mono_ns=6232755668576 refresh_ns=19160758 sequence=167104 flags=7
[vo/wlshm] K230_SUBMIT serial=952 frame=989 pts=76.766666667 mono_ns=6232788765068
[vo/wlshm] K230_PRESENT serial=951 frame=988 pts=76.733333333 submit_mono_ns=6232755439991 presented_ns=6232770214000 receive_mono_ns=6232790879518 refresh_ns=19160758 sequence=167106 flags=7
[vo/wlshm] K230_SUBMIT serial=953 frame=990 pts=76.800000000 mono_ns=6232830961749
[vo/wlshm] K230_PRESENT serial=952 frame=989 pts=76.766666667 submit_mono_ns=6232788765068 presented_ns=6232808534000 receive_mono_ns=6232839893461 refresh_ns=19160758 sequence=167108 flags=7
[vo/wlshm] K230_PRESENT serial=953 frame=990 pts=76.800000000 submit_mono_ns=6232830961749 presented_ns=6232846855000 receive_mono_ns=6232848434039 refresh_ns=19160758 sequence=167110 flags=7
[vo/wlshm] K230_SUBMIT serial=954 frame=991 pts=76.833333333 mono_ns=6232885712507
[vo/wlshm] K230_SUBMIT serial=955 frame=992 pts=76.866666667 mono_ns=6232906733757
[vo/wlshm] K230_PRESENT serial=954 frame=991 pts=76.833333333 submit_mono_ns=6232885712507 presented_ns=6232904338000 receive_mono_ns=6232916183305 refresh_ns=19160758 sequence=167113 flags=7
[vo/wlshm] K230_SUBMIT serial=956 frame=993 pts=76.900000000 mono_ns=6232937654208
[vo/wlshm] K230_PRESENT serial=955 frame=992 pts=76.866666667 submit_mono_ns=6232906733757 presented_ns=6232923498000 receive_mono_ns=6232945602249 refresh_ns=19160758 sequence=167114 flags=7
[vo/wlshm] K230_SUBMIT serial=957 frame=994 pts=76.933333333 mono_ns=6232958960782
[vo/wlshm] K230_PRESENT serial=956 frame=993 pts=76.900000000 submit_mono_ns=6232937654208 presented_ns=6232961819000 receive_mono_ns=6232967633244 refresh_ns=19160758 sequence=167116 flags=7
[vo/wlshm] K230_SUBMIT serial=958 frame=995 pts=76.966666667 mono_ns=6232988736158
[vo/wlshm] K230_PRESENT serial=957 frame=994 pts=76.933333333 submit_mono_ns=6232958960782 presented_ns=6232980979000 receive_mono_ns=6232992208936 refresh_ns=19160758 sequence=167117 flags=7
[vo/wlshm] K230_SUBMIT serial=959 frame=996 pts=77.000000000 mono_ns=6233024121021
[vo/wlshm] K230_PRESENT serial=958 frame=995 pts=76.966666667 submit_mono_ns=6232988736158 presented_ns=6233000141000 receive_mono_ns=6233025450089 refresh_ns=19160758 sequence=167118 flags=7
[vo/wlshm] K230_SUBMIT serial=960 frame=997 pts=77.033333333 mono_ns=6233056337541
[vo/wlshm] K230_PRESENT serial=959 frame=996 pts=77.000000000 submit_mono_ns=6233024121021 presented_ns=6233038462000 receive_mono_ns=6233060058051 refresh_ns=19160758 sequence=167120 flags=7
[vo/wlshm] K230_SUBMIT serial=961 frame=998 pts=77.066666667 mono_ns=6233092118983
[vo/wlshm] K230_PRESENT serial=960 frame=997 pts=77.033333333 submit_mono_ns=6233056337541 presented_ns=6233076784000 receive_mono_ns=6233095746348 refresh_ns=19160758 sequence=167122 flags=7
[vo/wlshm] K230_PRESENT serial=961 frame=998 pts=77.066666667 submit_mono_ns=6233092118983 presented_ns=6233095943000 receive_mono_ns=6233100560378 refresh_ns=19160758 sequence=167123 flags=7
[vo/wlshm] K230_SUBMIT serial=962 frame=999 pts=77.100000000 mono_ns=6233122131906
[vo/wlshm] K230_SUBMIT serial=963 frame=1000 pts=77.133333333 mono_ns=6233155450686
[vo/wlshm] K230_PRESENT serial=962 frame=999 pts=77.100000000 submit_mono_ns=6233122131906 presented_ns=6233134267000 receive_mono_ns=6233159101013 refresh_ns=19160758 sequence=167125 flags=7
[vo/wlshm] K230_SUBMIT serial=964 frame=1001 pts=77.166666667 mono_ns=6233188756392
[vo/wlshm] K230_PRESENT serial=963 frame=1000 pts=77.133333333 submit_mono_ns=6233155450686 presented_ns=6233172585000 receive_mono_ns=6233192248020 refresh_ns=19160758 sequence=167127 flags=7
[vo/wlshm] K230_SUBMIT serial=965 frame=1002 pts=77.200000000 mono_ns=6233222093801
[vo/wlshm] K230_PRESENT serial=964 frame=1001 pts=77.166666667 submit_mono_ns=6233188756392 presented_ns=6233210907000 receive_mono_ns=6233224213547 refresh_ns=19160758 sequence=167129 flags=7
[vo/wlshm] K230_SUBMIT serial=966 frame=1003 pts=77.233333333 mono_ns=6233255425617
[vo/wlshm] K230_PRESENT serial=965 frame=1002 pts=77.200000000 submit_mono_ns=6233222093801 presented_ns=6233230068000 receive_mono_ns=6233259068944 refresh_ns=19160758 sequence=167130 flags=7
[vo/wlshm] K230_SUBMIT serial=967 frame=1004 pts=77.266666667 mono_ns=6233288756397
[vo/wlshm] K230_PRESENT serial=966 frame=1003 pts=77.233333333 submit_mono_ns=6233255425617 presented_ns=6233268388000 receive_mono_ns=6233292213915 refresh_ns=19160758 sequence=167132 flags=7
[vo/wlshm] K230_SUBMIT serial=968 frame=1005 pts=77.300000000 mono_ns=6233322088546
[vo/wlshm] K230_PRESENT serial=967 frame=1004 pts=77.266666667 submit_mono_ns=6233288756397 presented_ns=6233306710000 receive_mono_ns=6233322350019 refresh_ns=19160758 sequence=167134 flags=7
[vo/wlshm] K230_PRESENT serial=968 frame=1005 pts=77.300000000 submit_mono_ns=6233322088546 presented_ns=6233325873000 receive_mono_ns=6233326698435 refresh_ns=19160758 sequence=167135 flags=7
[vo/wlshm] K230_SUBMIT serial=969 frame=1006 pts=77.333333333 mono_ns=6233355394253
[vo/wlshm] K230_SUBMIT serial=970 frame=1007 pts=77.366666667 mono_ns=6233388745624
[vo/wlshm] K230_PRESENT serial=969 frame=1006 pts=77.333333333 submit_mono_ns=6233355394253 presented_ns=6233364193000 receive_mono_ns=6233388982357 refresh_ns=19160758 sequence=167137 flags=7
[vo/wlshm] K230_SUBMIT serial=971 frame=1008 pts=77.400000000 mono_ns=6233422885970
[vo/wlshm] K230_PRESENT serial=970 frame=1007 pts=77.366666667 submit_mono_ns=6233388745624 presented_ns=6233402513000 receive_mono_ns=6233428218095 refresh_ns=19160758 sequence=167139 flags=7
[vo/wlshm] K230_SUBMIT serial=972 frame=1009 pts=77.433333333 mono_ns=6233457542447
[vo/wlshm] K230_PRESENT serial=971 frame=1008 pts=77.400000000 submit_mono_ns=6233422885970 presented_ns=6233440835000 receive_mono_ns=6233460196806 refresh_ns=19160758 sequence=167141 flags=7
[vo/wlshm] K230_SUBMIT serial=973 frame=1010 pts=77.466666667 mono_ns=6233509756508
[vo/wlshm] K230_PRESENT serial=972 frame=1009 pts=77.433333333 submit_mono_ns=6233457542447 presented_ns=6233479156000 receive_mono_ns=6233512469310 refresh_ns=19160758 sequence=167143 flags=7
[vo/wlshm] K230_SUBMIT serial=974 frame=1011 pts=77.500000000 mono_ns=6233578537147
[vo/wlshm] K230_PRESENT serial=973 frame=1010 pts=77.466666667 submit_mono_ns=6233509756508 presented_ns=6233536637000 receive_mono_ns=6233587913512 refresh_ns=19160758 sequence=167146 flags=7
[vo/wlshm] K230_PRESENT serial=974 frame=1011 pts=77.500000000 submit_mono_ns=6233578537147 presented_ns=6233594123000 receive_mono_ns=6233600409443 refresh_ns=19160758 sequence=167149 flags=7
[vo/wlshm] K230_SUBMIT serial=975 frame=1013 pts=77.566666667 mono_ns=6233628099108
[vo/wlshm] K230_SUBMIT serial=976 frame=1014 pts=77.600000000 mono_ns=6233656116688
[vo/wlshm] K230_PRESENT serial=975 frame=1013 pts=77.566666667 submit_mono_ns=6233628099108 presented_ns=6233651604000 receive_mono_ns=6233659743090 refresh_ns=19160758 sequence=167152 flags=7
[vo/wlshm] K230_SUBMIT serial=977 frame=1015 pts=77.633333333 mono_ns=6233685578147
[vo/wlshm] K230_PRESENT serial=976 frame=1014 pts=77.600000000 submit_mono_ns=6233656116688 presented_ns=6233670771000 receive_mono_ns=6233689301509 refresh_ns=19160758 sequence=167153 flags=7
[vo/wlshm] K230_SUBMIT serial=978 frame=1016 pts=77.666666667 mono_ns=6233702738336
[vo/wlshm] K230_PRESENT serial=977 frame=1015 pts=77.633333333 submit_mono_ns=6233685578147 presented_ns=6233689923000 receive_mono_ns=6233709658817 refresh_ns=19160758 sequence=167154 flags=7
[vo/wlshm] K230_PRESENT serial=978 frame=1016 pts=77.666666667 submit_mono_ns=6233702738336 presented_ns=6233709086000 receive_mono_ns=6233709817627 refresh_ns=19160758 sequence=167155 flags=7
[vo/wlshm] K230_SUBMIT serial=979 frame=1017 pts=77.700000000 mono_ns=6233726981334
[vo/wlshm] K230_SUBMIT serial=980 frame=1018 pts=77.733333333 mono_ns=6233760124378
[vo/wlshm] K230_PRESENT serial=979 frame=1017 pts=77.700000000 submit_mono_ns=6233726981334 presented_ns=6233747408000 receive_mono_ns=6233763770779 refresh_ns=19160758 sequence=167157 flags=7
[vo/wlshm] K230_SUBMIT serial=981 frame=1019 pts=77.766666667 mono_ns=6233792136126
[vo/wlshm] K230_PRESENT serial=980 frame=1018 pts=77.733333333 submit_mono_ns=6233760124378 presented_ns=6233785727000 receive_mono_ns=6233798531957 refresh_ns=19160758 sequence=167159 flags=7
[vo/wlshm] K230_SUBMIT serial=982 frame=1020 pts=77.800000000 mono_ns=6233828155263
[vo/wlshm] K230_PRESENT serial=981 frame=1019 pts=77.766666667 submit_mono_ns=6233792136126 presented_ns=6233804887000 receive_mono_ns=6233831753555 refresh_ns=19160758 sequence=167160 flags=7
[vo/wlshm] K230_SUBMIT serial=983 frame=1021 pts=77.833333333 mono_ns=6233857292289
[vo/wlshm] K230_PRESENT serial=982 frame=1020 pts=77.800000000 submit_mono_ns=6233828155263 presented_ns=6233843208000 receive_mono_ns=6233860206158 refresh_ns=19160758 sequence=167162 flags=7
[vo/wlshm] K230_SUBMIT serial=984 frame=1022 pts=77.866666667 mono_ns=6233888739388
[vo/wlshm] K230_PRESENT serial=983 frame=1021 pts=77.833333333 submit_mono_ns=6233857292289 presented_ns=6233881528000 receive_mono_ns=6233892209091 refresh_ns=19160758 sequence=167164 flags=7
[vo/wlshm] K230_SUBMIT serial=985 frame=1023 pts=77.900000000 mono_ns=6233922058057
[vo/wlshm] K230_PRESENT serial=984 frame=1022 pts=77.866666667 submit_mono_ns=6233888739388 presented_ns=6233900696000 receive_mono_ns=6233925805233 refresh_ns=19160758 sequence=167165 flags=7
[vo/wlshm] K230_SUBMIT serial=986 frame=1024 pts=77.933333333 mono_ns=6233956104517
[vo/wlshm] K230_PRESENT serial=985 frame=1023 pts=77.900000000 submit_mono_ns=6233922058057 presented_ns=6233939010000 receive_mono_ns=6233956341102 refresh_ns=19160758 sequence=167167 flags=7
[vo/wlshm] K230_SUBMIT serial=987 frame=1025 pts=77.966666667 mono_ns=6233988733615
[vo/wlshm] K230_PRESENT serial=986 frame=1024 pts=77.933333333 submit_mono_ns=6233956104517 presented_ns=6233977333000 receive_mono_ns=6233988970385 refresh_ns=19160758 sequence=167169 flags=7
[vo/wlshm] K230_SUBMIT serial=988 frame=1026 pts=78.000000000 mono_ns=6234022062210
[vo/wlshm] K230_PRESENT serial=987 frame=1025 pts=77.966666667 submit_mono_ns=6233988733615 presented_ns=6233996493000 receive_mono_ns=6234024247102 refresh_ns=19160758 sequence=167170 flags=7
[vo/wlshm] K230_SUBMIT serial=989 frame=1027 pts=78.033333333 mono_ns=6234055368731
[vo/wlshm] K230_PRESENT serial=988 frame=1026 pts=78.000000000 submit_mono_ns=6234022062210 presented_ns=6234034814000 receive_mono_ns=6234059224125 refresh_ns=19160758 sequence=167172 flags=7
[vo/wlshm] K230_SUBMIT serial=990 frame=1028 pts=78.066666667 mono_ns=6234088732953
[vo/wlshm] K230_PRESENT serial=989 frame=1027 pts=78.033333333 submit_mono_ns=6234055368731 presented_ns=6234073134000 receive_mono_ns=6234088965353 refresh_ns=19160758 sequence=167174 flags=7
[vo/wlshm] K230_SUBMIT serial=991 frame=1029 pts=78.100000000 mono_ns=6234122046991
[vo/wlshm] K230_PRESENT serial=990 frame=1028 pts=78.066666667 submit_mono_ns=6234088732953 presented_ns=6234111455000 receive_mono_ns=6234122278465 refresh_ns=19160758 sequence=167176 flags=7
[vo/wlshm] K230_SUBMIT serial=992 frame=1030 pts=78.133333333 mono_ns=6234156149893
[vo/wlshm] K230_PRESENT serial=991 frame=1029 pts=78.100000000 submit_mono_ns=6234122046991 presented_ns=6234130617000 receive_mono_ns=6234156402477 refresh_ns=19160758 sequence=167177 flags=7
[vo/wlshm] K230_SUBMIT serial=993 frame=1031 pts=78.166666667 mono_ns=6234192098994
[vo/wlshm] K230_PRESENT serial=992 frame=1030 pts=78.133333333 submit_mono_ns=6234156149893 presented_ns=6234168937000 receive_mono_ns=6234195702693 refresh_ns=19160758 sequence=167179 flags=7
[vo/wlshm] K230_SUBMIT serial=994 frame=1032 pts=78.200000000 mono_ns=6234222200580
[vo/wlshm] K230_PRESENT serial=993 frame=1031 pts=78.166666667 submit_mono_ns=6234192098994 presented_ns=6234207263000 receive_mono_ns=6234224211515 refresh_ns=19160758 sequence=167181 flags=7
[vo/wlshm] K230_PRESENT serial=994 frame=1032 pts=78.200000000 submit_mono_ns=6234222200580 presented_ns=6234226420000 receive_mono_ns=6234227162272 refresh_ns=19160758 sequence=167182 flags=7
[vo/wlshm] K230_SUBMIT serial=995 frame=1033 pts=78.233333333 mono_ns=6234255394919
[vo/wlshm] K230_SUBMIT serial=996 frame=1034 pts=78.266666667 mono_ns=6234288711216
[vo/wlshm] K230_PRESENT serial=995 frame=1033 pts=78.233333333 submit_mono_ns=6234255394919 presented_ns=6234264742000 receive_mono_ns=6234292208029 refresh_ns=19160758 sequence=167184 flags=7
[vo/wlshm] K230_SUBMIT serial=997 frame=1035 pts=78.300000000 mono_ns=6234322054624
[vo/wlshm] K230_PRESENT serial=996 frame=1034 pts=78.266666667 submit_mono_ns=6234288711216 presented_ns=6234303062000 receive_mono_ns=6234324248738 refresh_ns=19160758 sequence=167186 flags=7
[vo/wlshm] K230_SUBMIT serial=998 frame=1036 pts=78.333333333 mono_ns=6234355390809
[vo/wlshm] K230_PRESENT serial=997 frame=1035 pts=78.300000000 submit_mono_ns=6234322054624 presented_ns=6234341385000 receive_mono_ns=6234359094097 refresh_ns=19160758 sequence=167188 flags=7
[vo/wlshm] K230_PRESENT serial=998 frame=1036 pts=78.333333333 submit_mono_ns=6234355390809 presented_ns=6234360545000 receive_mono_ns=6234362588170 refresh_ns=19160758 sequence=167189 flags=7
[vo/wlshm] K230_SUBMIT serial=999 frame=1037 pts=78.366666667 mono_ns=6234388702921
[vo/wlshm] K230_SUBMIT serial=1000 frame=1038 pts=78.400000000 mono_ns=6234423173367
[vo/wlshm] K230_PRESENT serial=999 frame=1037 pts=78.366666667 submit_mono_ns=6234388702921 presented_ns=6234398865000 receive_mono_ns=6234423392508 refresh_ns=19160758 sequence=167191 flags=7
[vo/wlshm] K230_SUBMIT serial=1001 frame=1039 pts=78.433333333 mono_ns=6234455385033
[vo/wlshm] K230_PRESENT serial=1000 frame=1038 pts=78.400000000 submit_mono_ns=6234423173367 presented_ns=6234437187000 receive_mono_ns=6234459026064 refresh_ns=19160758 sequence=167193 flags=7
[vo/wlshm] K230_SUBMIT serial=1002 frame=1040 pts=78.466666667 mono_ns=6234490058398
[vo/wlshm] K230_PRESENT serial=1001 frame=1039 pts=78.433333333 submit_mono_ns=6234455385033 presented_ns=6234475507000 receive_mono_ns=6234492204588 refresh_ns=19160758 sequence=167195 flags=7
[vo/wlshm] K230_SUBMIT serial=1003 frame=1041 pts=78.500000000 mono_ns=6234524108746
[vo/wlshm] K230_PRESENT serial=1002 frame=1040 pts=78.466666667 submit_mono_ns=6234490058398 presented_ns=6234494669000 receive_mono_ns=6234524346220 refresh_ns=19160758 sequence=167196 flags=7
[vo/wlshm] K230_SUBMIT serial=1004 frame=1042 pts=78.533333333 mono_ns=6234555348073
[vo/wlshm] K230_PRESENT serial=1003 frame=1041 pts=78.500000000 submit_mono_ns=6234524108746 presented_ns=6234532992000 receive_mono_ns=6234559028510 refresh_ns=19160758 sequence=167198 flags=7
[vo/wlshm] K230_SUBMIT serial=1005 frame=1043 pts=78.566666667 mono_ns=6234598397723
[vo/wlshm] K230_PRESENT serial=1004 frame=1042 pts=78.533333333 submit_mono_ns=6234555348073 presented_ns=6234571311000 receive_mono_ns=6234600282848 refresh_ns=19160758 sequence=167200 flags=7
[vo/wlshm] K230_SUBMIT serial=1006 frame=1044 pts=78.600000000 mono_ns=6234635902923
[vo/wlshm] K230_PRESENT serial=1005 frame=1043 pts=78.566666667 submit_mono_ns=6234598397723 presented_ns=6234628793000 receive_mono_ns=6234638357955 refresh_ns=19160758 sequence=167203 flags=7
[vo/wlshm] K230_SUBMIT serial=1007 frame=1045 pts=78.633333333 mono_ns=6234676786347
[vo/wlshm] K230_PRESENT serial=1006 frame=1044 pts=78.600000000 submit_mono_ns=6234635902923 presented_ns=6234647955000 receive_mono_ns=6234677064005 refresh_ns=19160758 sequence=167204 flags=7
[vo/wlshm] K230_PRESENT serial=1007 frame=1045 pts=78.633333333 submit_mono_ns=6234676786347 presented_ns=6234686275000 receive_mono_ns=6234686762137 refresh_ns=19160758 sequence=167206 flags=7
[vo/wlshm] K230_SUBMIT serial=1008 frame=1046 pts=78.666666667 mono_ns=6234699115332
[vo/wlshm] K230_PRESENT serial=1008 frame=1046 pts=78.666666667 submit_mono_ns=6234699115332 presented_ns=6234705443000 receive_mono_ns=6234708626136 refresh_ns=19160758 sequence=167207 flags=7
[vo/wlshm] K230_SUBMIT serial=1009 frame=1047 pts=78.700000000 mono_ns=6234726897770
[vo/wlshm] K230_SUBMIT serial=1010 frame=1048 pts=78.733333333 mono_ns=6234760112886
[vo/wlshm] K230_PRESENT serial=1009 frame=1047 pts=78.700000000 submit_mono_ns=6234726897770 presented_ns=6234743756000 receive_mono_ns=6234763711362 refresh_ns=19160758 sequence=167209 flags=7
[vo/wlshm] K230_SUBMIT serial=1011 frame=1049 pts=78.766666667 mono_ns=6234788803443
[vo/wlshm] K230_PRESENT serial=1010 frame=1048 pts=78.733333333 submit_mono_ns=6234760112886 presented_ns=6234782078000 receive_mono_ns=6234792210444 refresh_ns=19160758 sequence=167211 flags=7
[vo/wlshm] K230_SUBMIT serial=1012 frame=1050 pts=78.800000000 mono_ns=6234822075594
[vo/wlshm] K230_PRESENT serial=1011 frame=1049 pts=78.766666667 submit_mono_ns=6234788803443 presented_ns=6234801238000 receive_mono_ns=6234825816066 refresh_ns=19160758 sequence=167212 flags=7
[vo/wlshm] K230_SUBMIT serial=1013 frame=1051 pts=78.833333333 mono_ns=6234855408113
[vo/wlshm] K230_PRESENT serial=1012 frame=1050 pts=78.800000000 submit_mono_ns=6234822075594 presented_ns=6234839561000 receive_mono_ns=6234861185149 refresh_ns=19160758 sequence=167214 flags=7
[vo/wlshm] K230_SUBMIT serial=1014 frame=1052 pts=78.866666667 mono_ns=6234888709188
[vo/wlshm] K230_PRESENT serial=1013 frame=1051 pts=78.833333333 submit_mono_ns=6234855408113 presented_ns=6234877880000 receive_mono_ns=6234892205891 refresh_ns=19160758 sequence=167216 flags=7
[vo/wlshm] K230_PRESENT serial=1014 frame=1052 pts=78.866666667 submit_mono_ns=6234888709188 presented_ns=6234897046000 receive_mono_ns=6234897539941 refresh_ns=19160758 sequence=167217 flags=7
[vo/wlshm] K230_SUBMIT serial=1015 frame=1053 pts=78.900000000 mono_ns=6234922032226
[vo/wlshm] K230_SUBMIT serial=1016 frame=1054 pts=78.933333333 mono_ns=6234958374871
[vo/wlshm] K230_PRESENT serial=1015 frame=1053 pts=78.900000000 submit_mono_ns=6234922032226 presented_ns=6234935363000 receive_mono_ns=6234958596641 refresh_ns=19160758 sequence=167219 flags=7
[vo/wlshm] K230_SUBMIT serial=1017 frame=1055 pts=78.966666667 mono_ns=6234988698968
[vo/wlshm] K230_PRESENT serial=1016 frame=1054 pts=78.933333333 submit_mono_ns=6234958374871 presented_ns=6234973684000 receive_mono_ns=6234992196818 refresh_ns=19160758 sequence=167221 flags=7
[vo/wlshm] K230_SUBMIT serial=1018 frame=1056 pts=79.000000000 mono_ns=6235022024932
[vo/wlshm] K230_PRESENT serial=1017 frame=1055 pts=78.966666667 submit_mono_ns=6234988698968 presented_ns=6234992845000 receive_mono_ns=6235022258998 refresh_ns=19160758 sequence=167222 flags=7
[vo/wlshm] K230_SUBMIT serial=1019 frame=1057 pts=79.033333333 mono_ns=6235055348933
[vo/wlshm] K230_PRESENT serial=1018 frame=1056 pts=79.000000000 submit_mono_ns=6235022024932 presented_ns=6235031166000 receive_mono_ns=6235058587125 refresh_ns=19160758 sequence=167224 flags=7
[vo/wlshm] K230_SUBMIT serial=1020 frame=1058 pts=79.066666667 mono_ns=6235088702784
[vo/wlshm] K230_PRESENT serial=1019 frame=1057 pts=79.033333333 submit_mono_ns=6235055348933 presented_ns=6235069488000 receive_mono_ns=6235092202671 refresh_ns=19160758 sequence=167226 flags=7
[vo/wlshm] K230_SUBMIT serial=1021 frame=1059 pts=79.100000000 mono_ns=6235122034672
[vo/wlshm] K230_PRESENT serial=1020 frame=1058 pts=79.066666667 submit_mono_ns=6235088702784 presented_ns=6235107807000 receive_mono_ns=6235124210824 refresh_ns=19160758 sequence=167228 flags=7
[vo/wlshm] K230_SUBMIT serial=1022 frame=1060 pts=79.133333333 mono_ns=6235155403041
[vo/wlshm] K230_PRESENT serial=1021 frame=1059 pts=79.100000000 submit_mono_ns=6235122034672 presented_ns=6235146130000 receive_mono_ns=6235156299345 refresh_ns=19160758 sequence=167230 flags=7
[vo/wlshm] K230_SUBMIT serial=1023 frame=1061 pts=79.166666667 mono_ns=6235188744003
[vo/wlshm] K230_PRESENT serial=1022 frame=1060 pts=79.133333333 submit_mono_ns=6235155403041 presented_ns=6235165290000 receive_mono_ns=6235192493179 refresh_ns=19160758 sequence=167231 flags=7
[vo/wlshm] K230_SUBMIT serial=1024 frame=1062 pts=79.200000000 mono_ns=6235222010783
[vo/wlshm] K230_PRESENT serial=1023 frame=1061 pts=79.166666667 submit_mono_ns=6235188744003 presented_ns=6235203610000 receive_mono_ns=6235224209453 refresh_ns=19160758 sequence=167233 flags=7
[vo/wlshm] K230_SUBMIT serial=1025 frame=1063 pts=79.233333333 mono_ns=6235255363670
[vo/wlshm] K230_PRESENT serial=1024 frame=1062 pts=79.200000000 submit_mono_ns=6235222010783 presented_ns=6235241932000 receive_mono_ns=6235258993072 refresh_ns=19160758 sequence=167235 flags=7
[vo/wlshm] K230_SUBMIT serial=1026 frame=1064 pts=79.266666667 mono_ns=6235288687744
[vo/wlshm] K230_PRESENT serial=1025 frame=1063 pts=79.233333333 submit_mono_ns=6235255363670 presented_ns=6235261092000 receive_mono_ns=6235288928144 refresh_ns=19160758 sequence=167236 flags=7
[vo/wlshm] K230_SUBMIT serial=1027 frame=1065 pts=79.300000000 mono_ns=6235322009152
[vo/wlshm] K230_PRESENT serial=1026 frame=1064 pts=79.266666667 submit_mono_ns=6235288687744 presented_ns=6235299415000 receive_mono_ns=6235324215080 refresh_ns=19160758 sequence=167238 flags=7
[vo/wlshm] K230_SUBMIT serial=1028 frame=1066 pts=79.333333333 mono_ns=6235355342151
[vo/wlshm] K230_PRESENT serial=1027 frame=1065 pts=79.300000000 submit_mono_ns=6235322009152 presented_ns=6235337735000 receive_mono_ns=6235356541964 refresh_ns=19160758 sequence=167240 flags=7
[vo/wlshm] K230_SUBMIT serial=1029 frame=1067 pts=79.366666667 mono_ns=6235388683780
[vo/wlshm] K230_PRESENT serial=1028 frame=1066 pts=79.333333333 submit_mono_ns=6235355342151 presented_ns=6235376060000 receive_mono_ns=6235392192556 refresh_ns=19160758 sequence=167242 flags=7
[vo/wlshm] K230_SUBMIT serial=1030 frame=1068 pts=79.400000000 mono_ns=6235422882455
[vo/wlshm] K230_PRESENT serial=1029 frame=1067 pts=79.366666667 submit_mono_ns=6235388683780 presented_ns=6235395219000 receive_mono_ns=6235424196487 refresh_ns=19160758 sequence=167243 flags=7
[vo/wlshm] K230_SUBMIT serial=1031 frame=1069 pts=79.433333333 mono_ns=6235455355482
[vo/wlshm] K230_PRESENT serial=1030 frame=1068 pts=79.400000000 submit_mono_ns=6235422882455 presented_ns=6235433538000 receive_mono_ns=6235456542889 refresh_ns=19160758 sequence=167245 flags=7
[vo/wlshm] K230_SUBMIT serial=1032 frame=1070 pts=79.466666667 mono_ns=6235488668816
[vo/wlshm] K230_PRESENT serial=1031 frame=1069 pts=79.433333333 submit_mono_ns=6235455355482 presented_ns=6235471859000 receive_mono_ns=6235492200035 refresh_ns=19160758 sequence=167247 flags=7
[vo/wlshm] K230_SUBMIT serial=1033 frame=1071 pts=79.500000000 mono_ns=6235523337032
[vo/wlshm] K230_PRESENT serial=1032 frame=1070 pts=79.466666667 submit_mono_ns=6235488668816 presented_ns=6235510181000 receive_mono_ns=6235531762834 refresh_ns=19160758 sequence=167249 flags=7
[vo/wlshm] K230_SUBMIT serial=1034 frame=1072 pts=79.533333333 mono_ns=6235555513550
[vo/wlshm] K230_PRESENT serial=1033 frame=1071 pts=79.500000000 submit_mono_ns=6235523337032 presented_ns=6235548501000 receive_mono_ns=6235566952477 refresh_ns=19160758 sequence=167251 flags=7
[vo/wlshm] K230_PRESENT serial=1034 frame=1072 pts=79.533333333 submit_mono_ns=6235555513550 presented_ns=6235567662000 receive_mono_ns=6235568110588 refresh_ns=19160758 sequence=167252 flags=7
[vo/wlshm] K230_SUBMIT serial=1035 frame=1073 pts=79.566666667 mono_ns=6235602658845
[vo/wlshm] K230_SUBMIT serial=1036 frame=1074 pts=79.600000000 mono_ns=6235634078499
[vo/wlshm] K230_PRESENT serial=1035 frame=1073 pts=79.566666667 submit_mono_ns=6235602658845 presented_ns=6235625145000 receive_mono_ns=6235637802230 refresh_ns=19160758 sequence=167255 flags=7
[vo/wlshm] K230_SUBMIT serial=1037 frame=1075 pts=79.633333333 mono_ns=6235657028722
[vo/wlshm] K230_PRESENT serial=1036 frame=1074 pts=79.600000000 submit_mono_ns=6235634078499 presented_ns=6235644312000 receive_mono_ns=6235661903342 refresh_ns=19160758 sequence=167256 flags=7
[vo/wlshm] K230_SUBMIT serial=1038 frame=1076 pts=79.666666667 mono_ns=6235689870478
[vo/wlshm] K230_PRESENT serial=1037 frame=1075 pts=79.633333333 submit_mono_ns=6235657028722 presented_ns=6235682626000 receive_mono_ns=6235692245105 refresh_ns=19160758 sequence=167258 flags=7
[vo/wlshm] K230_SUBMIT serial=1039 frame=1077 pts=79.700000000 mono_ns=6235722010331
[vo/wlshm] K230_PRESENT serial=1038 frame=1076 pts=79.666666667 submit_mono_ns=6235689870478 presented_ns=6235701787000 receive_mono_ns=6235724241444 refresh_ns=19160758 sequence=167259 flags=7
[vo/wlshm] K230_SUBMIT serial=1040 frame=1078 pts=79.733333333 mono_ns=6235760121880
[vo/wlshm] K230_PRESENT serial=1039 frame=1077 pts=79.700000000 submit_mono_ns=6235722010331 presented_ns=6235740109000 receive_mono_ns=6235763775021 refresh_ns=19160758 sequence=167261 flags=7
[vo/wlshm] K230_SUBMIT serial=1041 frame=1079 pts=79.766666667 mono_ns=6235792181735
[vo/wlshm] K230_PRESENT serial=1040 frame=1078 pts=79.733333333 submit_mono_ns=6235760121880 presented_ns=6235778430000 receive_mono_ns=6235795889801 refresh_ns=19160758 sequence=167263 flags=7
[vo/wlshm] K230_PRESENT serial=1041 frame=1079 pts=79.766666667 submit_mono_ns=6235792181735 presented_ns=6235797592000 receive_mono_ns=6235798166246 refresh_ns=19160758 sequence=167264 flags=7
[vo/wlshm] K230_SUBMIT serial=1042 frame=1080 pts=79.800000000 mono_ns=6235822035439
[vo/wlshm] K230_SUBMIT serial=1043 frame=1081 pts=79.833333333 mono_ns=6235860115878
[vo/wlshm] K230_PRESENT serial=1042 frame=1080 pts=79.800000000 submit_mono_ns=6235822035439 presented_ns=6235835912000 receive_mono_ns=6235863745280 refresh_ns=19160758 sequence=167266 flags=7
[vo/wlshm] K230_SUBMIT serial=1044 frame=1082 pts=79.866666667 mono_ns=6235888670921
[vo/wlshm] K230_PRESENT serial=1043 frame=1081 pts=79.833333333 submit_mono_ns=6235860115878 presented_ns=6235874241000 receive_mono_ns=6235896610591 refresh_ns=19160758 sequence=167268 flags=7
[vo/wlshm] K230_SUBMIT serial=1045 frame=1083 pts=79.900000000 mono_ns=6235922007439
[vo/wlshm] K230_PRESENT serial=1044 frame=1082 pts=79.866666667 submit_mono_ns=6235888670921 presented_ns=6235912553000 receive_mono_ns=6235922240394 refresh_ns=19160758 sequence=167270 flags=7
[vo/wlshm] K230_SUBMIT serial=1046 frame=1084 pts=79.933333333 mono_ns=6235955342327
[vo/wlshm] K230_PRESENT serial=1045 frame=1083 pts=79.900000000 submit_mono_ns=6235922007439 presented_ns=6235931714000 receive_mono_ns=6235955569098 refresh_ns=19160758 sequence=167271 flags=7
[vo/wlshm] K230_SUBMIT serial=1047 frame=1085 pts=79.966666667 mono_ns=6235988672956
[vo/wlshm] K230_PRESENT serial=1046 frame=1084 pts=79.933333333 submit_mono_ns=6235955342327 presented_ns=6235970035000 receive_mono_ns=6235988912023 refresh_ns=19160758 sequence=167273 flags=7
[vo/wlshm] K230_SUBMIT serial=1048 frame=1086 pts=80.000000000 mono_ns=6236021999289
[vo/wlshm] K230_PRESENT serial=1047 frame=1085 pts=79.966666667 submit_mono_ns=6235988672956 presented_ns=6236008356000 receive_mono_ns=6236022227875 refresh_ns=19160758 sequence=167275 flags=7
[vo/wlshm] K230_SUBMIT serial=1049 frame=1087 pts=80.033333333 mono_ns=6236055337659
[vo/wlshm] K230_PRESENT serial=1048 frame=1086 pts=80.000000000 submit_mono_ns=6236021999289 presented_ns=6236027519000 receive_mono_ns=6236059009541 refresh_ns=19160758 sequence=167276 flags=7
[vo/wlshm] K230_SUBMIT serial=1050 frame=1088 pts=80.066666667 mono_ns=6236088656362
[vo/wlshm] K230_PRESENT serial=1049 frame=1087 pts=80.033333333 submit_mono_ns=6236055337659 presented_ns=6236065838000 receive_mono_ns=6236091022804 refresh_ns=19160758 sequence=167278 flags=7
[vo/wlshm] K230_SUBMIT serial=1051 frame=1089 pts=80.100000000 mono_ns=6236121982102
[vo/wlshm] K230_PRESENT serial=1050 frame=1088 pts=80.066666667 submit_mono_ns=6236088656362 presented_ns=6236104161000 receive_mono_ns=6236124238844 refresh_ns=19160758 sequence=167280 flags=7
[vo/wlshm] K230_SUBMIT serial=1052 frame=1090 pts=80.133333333 mono_ns=6236155330285
[vo/wlshm] K230_PRESENT serial=1051 frame=1089 pts=80.100000000 submit_mono_ns=6236121982102 presented_ns=6236142493000 receive_mono_ns=6236159033758 refresh_ns=19160758 sequence=167282 flags=7
[vo/wlshm] K230_SUBMIT serial=1053 frame=1091 pts=80.166666667 mono_ns=6236192061322
[vo/wlshm] K230_PRESENT serial=1052 frame=1090 pts=80.133333333 submit_mono_ns=6236155330285 presented_ns=6236161642000 receive_mono_ns=6236196407885 refresh_ns=19160758 sequence=167283 flags=7
[vo/wlshm] K230_SUBMIT serial=1054 frame=1092 pts=80.200000000 mono_ns=6236221882063
[vo/wlshm] K230_PRESENT serial=1053 frame=1091 pts=80.166666667 submit_mono_ns=6236192061322 presented_ns=6236219124000 receive_mono_ns=6236230899921 refresh_ns=19160758 sequence=167286 flags=7
[vo/wlshm] K230_SUBMIT serial=1055 frame=1093 pts=80.233333333 mono_ns=6236256089182
[vo/wlshm] K230_PRESENT serial=1054 frame=1092 pts=80.200000000 submit_mono_ns=6236221882063 presented_ns=6236238285000 receive_mono_ns=6236263676418 refresh_ns=19160758 sequence=167287 flags=7
[vo/wlshm] K230_SUBMIT serial=1056 frame=1094 pts=80.266666667 mono_ns=6236297704802
[vo/wlshm] K230_PRESENT serial=1055 frame=1093 pts=80.233333333 submit_mono_ns=6236256089182 presented_ns=6236276609000 receive_mono_ns=6236308627190 refresh_ns=19160758 sequence=167289 flags=7
[vo/wlshm] K230_SUBMIT serial=1057 frame=1095 pts=80.300000000 mono_ns=6236328355442
[vo/wlshm] K230_PRESENT serial=1056 frame=1094 pts=80.266666667 submit_mono_ns=6236297704802 presented_ns=6236314928000 receive_mono_ns=6236336486810 refresh_ns=19160758 sequence=167291 flags=7
[vo/wlshm] K230_SUBMIT serial=1058 frame=1096 pts=80.333333333 mono_ns=6236355732744
[vo/wlshm] K230_PRESENT serial=1057 frame=1095 pts=80.300000000 submit_mono_ns=6236328355442 presented_ns=6236353248000 receive_mono_ns=6236358669279 refresh_ns=19160758 sequence=167293 flags=7
[vo/wlshm] K230_SUBMIT serial=1059 frame=1097 pts=80.366666667 mono_ns=6236388655200
[vo/wlshm] K230_PRESENT serial=1058 frame=1096 pts=80.333333333 submit_mono_ns=6236355732744 presented_ns=6236372408000 receive_mono_ns=6236388892008 refresh_ns=19160758 sequence=167294 flags=7
[vo/wlshm] K230_SUBMIT serial=1060 frame=1098 pts=80.400000000 mono_ns=6236422022309
[vo/wlshm] K230_PRESENT serial=1059 frame=1097 pts=80.366666667 submit_mono_ns=6236388655200 presented_ns=6236410730000 receive_mono_ns=6236424217683 refresh_ns=19160758 sequence=167296 flags=7
[vo/wlshm] K230_PRESENT serial=1060 frame=1098 pts=80.400000000 submit_mono_ns=6236422022309 presented_ns=6236429890000 receive_mono_ns=6236430243636 refresh_ns=19160758 sequence=167297 flags=7
[vo/wlshm] K230_SUBMIT serial=1061 frame=1099 pts=80.433333333 mono_ns=6236455347085
[vo/wlshm] K230_SUBMIT serial=1062 frame=1100 pts=80.466666667 mono_ns=6236488664307
[vo/wlshm] K230_PRESENT serial=1061 frame=1099 pts=80.433333333 submit_mono_ns=6236455347085 presented_ns=6236468211000 receive_mono_ns=6236492214303 refresh_ns=19160758 sequence=167299 flags=7
[vo/wlshm] K230_SUBMIT serial=1063 frame=1101 pts=80.500000000 mono_ns=6236524370525
[vo/wlshm] K230_PRESENT serial=1062 frame=1100 pts=80.466666667 submit_mono_ns=6236488664307 presented_ns=6236506533000 receive_mono_ns=6236528049110 refresh_ns=19160758 sequence=167301 flags=7
[vo/wlshm] K230_SUBMIT serial=1064 frame=1102 pts=80.533333333 mono_ns=6236560111335
[vo/wlshm] K230_PRESENT serial=1063 frame=1101 pts=80.500000000 submit_mono_ns=6236524370525 presented_ns=6236544854000 receive_mono_ns=6236563758698 refresh_ns=19160758 sequence=167303 flags=7
[vo/wlshm] K230_PRESENT serial=1064 frame=1102 pts=80.533333333 submit_mono_ns=6236560111335 presented_ns=6236564043000 receive_mono_ns=6236568088262 refresh_ns=19160758 sequence=167304 flags=7
[vo/wlshm] K230_SUBMIT serial=1065 frame=1103 pts=80.566666667 mono_ns=6236588637118
[vo/wlshm] K230_SUBMIT serial=1066 frame=1104 pts=80.600000000 mono_ns=6236621980894
[vo/wlshm] K230_PRESENT serial=1065 frame=1103 pts=80.566666667 submit_mono_ns=6236588637118 presented_ns=6236602335000 receive_mono_ns=6236624247302 refresh_ns=19160758 sequence=167306 flags=7
[vo/wlshm] K230_SUBMIT serial=1067 frame=1105 pts=80.633333333 mono_ns=6236655321633
[vo/wlshm] K230_PRESENT serial=1066 frame=1104 pts=80.600000000 submit_mono_ns=6236621980894 presented_ns=6236640657000 receive_mono_ns=6236655543922 refresh_ns=19160758 sequence=167308 flags=7
[vo/wlshm] K230_SUBMIT serial=1068 frame=1106 pts=80.666666667 mono_ns=6236688663112
[vo/wlshm] K230_PRESENT serial=1067 frame=1105 pts=80.633333333 submit_mono_ns=6236655321633 presented_ns=6236678978000 receive_mono_ns=6236692260552 refresh_ns=19160758 sequence=167310 flags=7
[vo/wlshm] K230_PRESENT serial=1068 frame=1106 pts=80.666666667 submit_mono_ns=6236688663112 presented_ns=6236698139000 receive_mono_ns=6236698590755 refresh_ns=19160758 sequence=167311 flags=7
[vo/wlshm] K230_SUBMIT serial=1069 frame=1107 pts=80.700000000 mono_ns=6236723531987
[vo/wlshm] K230_SUBMIT serial=1070 frame=1108 pts=80.733333333 mono_ns=6236755288111
[vo/wlshm] K230_PRESENT serial=1069 frame=1107 pts=80.700000000 submit_mono_ns=6236723531987 presented_ns=6236736461000 receive_mono_ns=6236758940993 refresh_ns=19160758 sequence=167313 flags=7
[vo/wlshm] K230_SUBMIT serial=1071 frame=1109 pts=80.766666667 mono_ns=6236788638812
[vo/wlshm] K230_PRESENT serial=1070 frame=1108 pts=80.733333333 submit_mono_ns=6236755288111 presented_ns=6236774783000 receive_mono_ns=6236792202808 refresh_ns=19160758 sequence=167315 flags=7
[vo/wlshm] K230_SUBMIT serial=1072 frame=1110 pts=80.800000000 mono_ns=6236821950330
[vo/wlshm] K230_PRESENT serial=1071 frame=1109 pts=80.766666667 submit_mono_ns=6236788638812 presented_ns=6236793943000 receive_mono_ns=6236824215146 refresh_ns=19160758 sequence=167316 flags=7
[vo/wlshm] K230_SUBMIT serial=1073 frame=1111 pts=80.833333333 mono_ns=6236855287773
[vo/wlshm] K230_PRESENT serial=1072 frame=1110 pts=80.800000000 submit_mono_ns=6236821950330 presented_ns=6236832264000 receive_mono_ns=6236858954136 refresh_ns=19160758 sequence=167318 flags=7
[vo/wlshm] K230_SUBMIT serial=1074 frame=1112 pts=80.866666667 mono_ns=6236888636363
[vo/wlshm] K230_PRESENT serial=1073 frame=1111 pts=80.833333333 submit_mono_ns=6236855287773 presented_ns=6236870585000 receive_mono_ns=6236892208026 refresh_ns=19160758 sequence=167320 flags=7
[vo/wlshm] K230_SUBMIT serial=1075 frame=1113 pts=80.900000000 mono_ns=6236921974621
[vo/wlshm] K230_PRESENT serial=1074 frame=1112 pts=80.866666667 submit_mono_ns=6236888636363 presented_ns=6236908905000 receive_mono_ns=6236922205836 refresh_ns=19160758 sequence=167322 flags=7
[vo/wlshm] K230_SUBMIT serial=1076 frame=1114 pts=80.933333333 mono_ns=6236955284287
[vo/wlshm] K230_PRESENT serial=1075 frame=1113 pts=80.900000000 submit_mono_ns=6236921974621 presented_ns=6236928066000 receive_mono_ns=6236955522242 refresh_ns=19160758 sequence=167323 flags=7
[vo/wlshm] K230_SUBMIT serial=1077 frame=1115 pts=80.966666667 mono_ns=6236988830575
[vo/wlshm] K230_PRESENT serial=1076 frame=1114 pts=80.933333333 submit_mono_ns=6236955284287 presented_ns=6236966388000 receive_mono_ns=6236989063641 refresh_ns=19160758 sequence=167325 flags=7
[vo/wlshm] K230_SUBMIT serial=1078 frame=1116 pts=81.000000000 mono_ns=6237021949210
[vo/wlshm] K230_PRESENT serial=1077 frame=1115 pts=80.966666667 submit_mono_ns=6236988830575 presented_ns=6237004708000 receive_mono_ns=6237024207729 refresh_ns=19160758 sequence=167327 flags=7
[vo/wlshm] K230_SUBMIT serial=1079 frame=1117 pts=81.033333333 mono_ns=6237055479980
[vo/wlshm] K230_PRESENT serial=1078 frame=1116 pts=81.000000000 submit_mono_ns=6237021949210 presented_ns=6237043031000 receive_mono_ns=6237055734712 refresh_ns=19160758 sequence=167329 flags=7
[vo/wlshm] K230_SUBMIT serial=1080 frame=1118 pts=81.066666667 mono_ns=6237088626724
[vo/wlshm] K230_PRESENT serial=1079 frame=1117 pts=81.033333333 submit_mono_ns=6237055479980 presented_ns=6237062190000 receive_mono_ns=6237092229608 refresh_ns=19160758 sequence=167330 flags=7
[vo/wlshm] K230_SUBMIT serial=1081 frame=1119 pts=81.100000000 mono_ns=6237122225232
[vo/wlshm] K230_PRESENT serial=1080 frame=1118 pts=81.066666667 submit_mono_ns=6237088626724 presented_ns=6237100513000 receive_mono_ns=6237122458743 refresh_ns=19160758 sequence=167332 flags=7
[vo/wlshm] K230_SUBMIT serial=1082 frame=1120 pts=81.133333333 mono_ns=6237156122248
[vo/wlshm] K230_PRESENT serial=1081 frame=1119 pts=81.100000000 submit_mono_ns=6237122225232 presented_ns=6237138834000 receive_mono_ns=6237157974670 refresh_ns=19160758 sequence=167334 flags=7
[vo/wlshm] K230_SUBMIT serial=1083 frame=1121 pts=81.166666667 mono_ns=6237202909552
[vo/wlshm] K230_PRESENT serial=1082 frame=1120 pts=81.133333333 submit_mono_ns=6237156122248 presented_ns=6237177154000 receive_mono_ns=6237211307206 refresh_ns=19160758 sequence=167336 flags=7
[vo/wlshm] K230_PRESENT serial=1083 frame=1121 pts=81.166666667 submit_mono_ns=6237202909552 presented_ns=6237215474000 receive_mono_ns=6237216074164 refresh_ns=19160758 sequence=167338 flags=7
[vo/wlshm] K230_SUBMIT serial=1084 frame=1122 pts=81.200000000 mono_ns=6237239207898
[vo/wlshm] K230_SUBMIT serial=1085 frame=1123 pts=81.233333333 mono_ns=6237274422279
[vo/wlshm] K230_PRESENT serial=1084 frame=1122 pts=81.200000000 submit_mono_ns=6237239207898 presented_ns=6237253797000 receive_mono_ns=6237284918496 refresh_ns=19160758 sequence=167340 flags=7
[vo/wlshm] K230_SUBMIT serial=1086 frame=1124 pts=81.266666667 mono_ns=6237304621600
[vo/wlshm] K230_PRESENT serial=1085 frame=1123 pts=81.233333333 submit_mono_ns=6237274422279 presented_ns=6237292120000 receive_mono_ns=6237308213780 refresh_ns=19160758 sequence=167342 flags=7
[vo/wlshm] K230_SUBMIT serial=1087 frame=1125 pts=81.300000000 mono_ns=6237332334260
[vo/wlshm] K230_PRESENT serial=1086 frame=1124 pts=81.266666667 submit_mono_ns=6237304621600 presented_ns=6237330439000 receive_mono_ns=6237332581104 refresh_ns=19160758 sequence=167344 flags=7
[vo/wlshm] K230_SUBMIT serial=1088 frame=1126 pts=81.333333333 mono_ns=6237360121770
[vo/wlshm] K230_PRESENT serial=1087 frame=1125 pts=81.300000000 submit_mono_ns=6237332334260 presented_ns=6237349600000 receive_mono_ns=6237360365873 refresh_ns=19160758 sequence=167345 flags=7
[vo/wlshm] K230_PRESENT serial=1088 frame=1126 pts=81.333333333 submit_mono_ns=6237360121770 presented_ns=6237368762000 receive_mono_ns=6237369153108 refresh_ns=19160758 sequence=167346 flags=7
[vo/wlshm] K230_SUBMIT serial=1089 frame=1127 pts=81.366666667 mono_ns=6237392123070
[vo/wlshm] K230_SUBMIT serial=1090 frame=1128 pts=81.400000000 mono_ns=6237424138036
[vo/wlshm] K230_PRESENT serial=1089 frame=1127 pts=81.366666667 submit_mono_ns=6237392123070 presented_ns=6237407082000 receive_mono_ns=6237427796399 refresh_ns=19160758 sequence=167348 flags=7
[vo/wlshm] K230_SUBMIT serial=1091 frame=1129 pts=81.433333333 mono_ns=6237455315622
[vo/wlshm] K230_PRESENT serial=1090 frame=1128 pts=81.400000000 submit_mono_ns=6237424138036 presented_ns=6237445404000 receive_mono_ns=6237459231458 refresh_ns=19160758 sequence=167350 flags=7
[vo/wlshm] K230_SUBMIT serial=1092 frame=1130 pts=81.466666667 mono_ns=6237488867908
[vo/wlshm] K230_PRESENT serial=1091 frame=1129 pts=81.433333333 submit_mono_ns=6237455315622 presented_ns=6237464564000 receive_mono_ns=6237492457866 refresh_ns=19160758 sequence=167351 flags=7
[vo/wlshm] K230_SUBMIT serial=1093 frame=1131 pts=81.500000000 mono_ns=6237522021208
[vo/wlshm] K230_PRESENT serial=1092 frame=1130 pts=81.466666667 submit_mono_ns=6237488867908 presented_ns=6237502887000 receive_mono_ns=6237524211544 refresh_ns=19160758 sequence=167353 flags=7
[vo/wlshm] K230_SUBMIT serial=1094 frame=1132 pts=81.533333333 mono_ns=6237555291170
[vo/wlshm] K230_PRESENT serial=1093 frame=1131 pts=81.500000000 submit_mono_ns=6237522021208 presented_ns=6237541206000 receive_mono_ns=6237555517867 refresh_ns=19160758 sequence=167355 flags=7
[vo/wlshm] K230_SUBMIT serial=1095 frame=1133 pts=81.566666667 mono_ns=6237588609650
[vo/wlshm] K230_PRESENT serial=1094 frame=1132 pts=81.533333333 submit_mono_ns=6237555291170 presented_ns=6237560371000 receive_mono_ns=6237588875493 refresh_ns=19160758 sequence=167356 flags=7
[vo/wlshm] K230_SUBMIT serial=1096 frame=1134 pts=81.600000000 mono_ns=6237621948980
[vo/wlshm] K230_PRESENT serial=1095 frame=1133 pts=81.566666667 submit_mono_ns=6237588609650 presented_ns=6237598688000 receive_mono_ns=6237622186861 refresh_ns=19160758 sequence=167358 flags=7
[vo/wlshm] K230_SUBMIT serial=1097 frame=1135 pts=81.633333333 mono_ns=6237655285496
[vo/wlshm] K230_PRESENT serial=1096 frame=1134 pts=81.600000000 submit_mono_ns=6237621948980 presented_ns=6237637010000 receive_mono_ns=6237655519526 refresh_ns=19160758 sequence=167360 flags=7
[vo/wlshm] K230_SUBMIT serial=1098 frame=1136 pts=81.666666667 mono_ns=6237688610790
[vo/wlshm] K230_PRESENT serial=1097 frame=1135 pts=81.633333333 submit_mono_ns=6237655285496 presented_ns=6237675330000 receive_mono_ns=6237688842820 refresh_ns=19160758 sequence=167362 flags=7
[vo/wlshm] K230_SUBMIT serial=1099 frame=1137 pts=81.700000000 mono_ns=6237721933010
[vo/wlshm] K230_PRESENT serial=1098 frame=1136 pts=81.666666667 submit_mono_ns=6237688610790 presented_ns=6237694491000 receive_mono_ns=6237723336187 refresh_ns=19160758 sequence=167363 flags=7
[vo/wlshm] K230_SUBMIT serial=1100 frame=1138 pts=81.733333333 mono_ns=6237755284600
[vo/wlshm] K230_PRESENT serial=1099 frame=1137 pts=81.700000000 submit_mono_ns=6237721933010 presented_ns=6237732812000 receive_mono_ns=6237758940444 refresh_ns=19160758 sequence=167365 flags=7
[vo/wlshm] K230_SUBMIT serial=1101 frame=1139 pts=81.766666667 mono_ns=6237788589228
[vo/wlshm] K230_PRESENT serial=1100 frame=1138 pts=81.733333333 submit_mono_ns=6237755284600 presented_ns=6237771133000 receive_mono_ns=6237792224851 refresh_ns=19160758 sequence=167367 flags=7
[vo/wlshm] K230_SUBMIT serial=1102 frame=1140 pts=81.800000000 mono_ns=6237822025555
[vo/wlshm] K230_PRESENT serial=1101 frame=1139 pts=81.766666667 submit_mono_ns=6237788589228 presented_ns=6237809454000 receive_mono_ns=6237824289815 refresh_ns=19160758 sequence=167369 flags=7
[vo/wlshm] K230_SUBMIT serial=1103 frame=1141 pts=81.833333333 mono_ns=6237855276111
[vo/wlshm] K230_PRESENT serial=1102 frame=1140 pts=81.800000000 submit_mono_ns=6237822025555 presented_ns=6237828613000 receive_mono_ns=6237858956399 refresh_ns=19160758 sequence=167370 flags=7
[vo/wlshm] K230_SUBMIT serial=1104 frame=1142 pts=81.866666667 mono_ns=6237888581591
[vo/wlshm] K230_PRESENT serial=1103 frame=1141 pts=81.833333333 submit_mono_ns=6237855276111 presented_ns=6237866937000 receive_mono_ns=6237892211955 refresh_ns=19160758 sequence=167372 flags=7
[vo/wlshm] K230_SUBMIT serial=1105 frame=1143 pts=81.900000000 mono_ns=6237921934698
[vo/wlshm] K230_PRESENT serial=1104 frame=1142 pts=81.866666667 submit_mono_ns=6237888581591 presented_ns=6237905259000 receive_mono_ns=6237924129813 refresh_ns=19160758 sequence=167374 flags=7
[vo/wlshm] K230_SUBMIT serial=1106 frame=1144 pts=81.933333333 mono_ns=6237955281177
[vo/wlshm] K230_PRESENT serial=1105 frame=1143 pts=81.900000000 submit_mono_ns=6237921934698 presented_ns=6237943578000 receive_mono_ns=6237955503318 refresh_ns=19160758 sequence=167376 flags=7
[vo/wlshm] K230_SUBMIT serial=1107 frame=1145 pts=81.966666667 mono_ns=6237988789317
[vo/wlshm] K230_PRESENT serial=1106 frame=1144 pts=81.933333333 submit_mono_ns=6237955281177 presented_ns=6237962739000 receive_mono_ns=6237992291537 refresh_ns=19160758 sequence=167377 flags=7
[vo/wlshm] K230_SUBMIT serial=1108 frame=1146 pts=82.000000000 mono_ns=6238021934765
[vo/wlshm] K230_PRESENT serial=1107 frame=1145 pts=81.966666667 submit_mono_ns=6237988789317 presented_ns=6238001061000 receive_mono_ns=6238022167906 refresh_ns=19160758 sequence=167379 flags=7
[vo/wlshm] K230_SUBMIT serial=1109 frame=1147 pts=82.033333333 mono_ns=6238055276466
[vo/wlshm] K230_PRESENT serial=1108 frame=1146 pts=82.000000000 submit_mono_ns=6238021934765 presented_ns=6238039382000 receive_mono_ns=6238055506681 refresh_ns=19160758 sequence=167381 flags=7
[vo/wlshm] K230_SUBMIT serial=1110 frame=1148 pts=82.066666667 mono_ns=6238088596130
[vo/wlshm] K230_PRESENT serial=1109 frame=1147 pts=82.033333333 submit_mono_ns=6238055276466 presented_ns=6238077703000 receive_mono_ns=6238088834382 refresh_ns=19160758 sequence=167383 flags=7
[vo/wlshm] K230_SUBMIT serial=1111 frame=1149 pts=82.100000000 mono_ns=6238123086533
[vo/wlshm] K230_PRESENT serial=1110 frame=1148 pts=82.066666667 submit_mono_ns=6238088596130 presented_ns=6238096865000 receive_mono_ns=6238123319859 refresh_ns=19160758 sequence=167384 flags=7
[vo/wlshm] K230_SUBMIT serial=1112 frame=1150 pts=82.133333333 mono_ns=6238157158432
[vo/wlshm] K230_PRESENT serial=1111 frame=1149 pts=82.100000000 submit_mono_ns=6238123086533 presented_ns=6238135186000 receive_mono_ns=6238160211222 refresh_ns=19160758 sequence=167386 flags=7
[vo/wlshm] K230_SUBMIT serial=1113 frame=1151 pts=82.166666667 mono_ns=6238189016624
[vo/wlshm] K230_PRESENT serial=1112 frame=1150 pts=82.133333333 submit_mono_ns=6238157158432 presented_ns=6238173506000 receive_mono_ns=6238192802094 refresh_ns=19160758 sequence=167388 flags=7
[vo/wlshm] K230_SUBMIT serial=1114 frame=1152 pts=82.200000000 mono_ns=6238236858559
[vo/wlshm] K230_PRESENT serial=1113 frame=1151 pts=82.166666667 submit_mono_ns=6238189016624 presented_ns=6238211827000 receive_mono_ns=6238243625266 refresh_ns=19160758 sequence=167390 flags=7
[vo/wlshm] K230_PRESENT serial=1114 frame=1152 pts=82.200000000 submit_mono_ns=6238236858559 presented_ns=6238250148000 receive_mono_ns=6238260498054 refresh_ns=19160758 sequence=167392 flags=7
[vo/wlshm] K230_SUBMIT serial=1115 frame=1153 pts=82.233333333 mono_ns=6238310083006
[vo/wlshm] K230_PRESENT serial=1115 frame=1153 pts=82.233333333 submit_mono_ns=6238310083006 presented_ns=6238326791000 receive_mono_ns=6238327236489 refresh_ns=19160758 sequence=167396 flags=7
[vo/wlshm] K230_SUBMIT serial=1116 frame=1155 pts=82.300000000 mono_ns=6238347515833
[vo/wlshm] K230_SUBMIT serial=1117 frame=1156 pts=82.333333333 mono_ns=6238381218781
[vo/wlshm] K230_PRESENT serial=1116 frame=1155 pts=82.300000000 submit_mono_ns=6238347515833 presented_ns=6238365115000 receive_mono_ns=6238384209017 refresh_ns=19160758 sequence=167398 flags=7
[vo/wlshm] K230_SUBMIT serial=1118 frame=1157 pts=82.366666667 mono_ns=6238408429346
[vo/wlshm] K230_PRESENT serial=1117 frame=1156 pts=82.333333333 submit_mono_ns=6238381218781 presented_ns=6238403434000 receive_mono_ns=6238413067233 refresh_ns=19160758 sequence=167400 flags=7
[vo/wlshm] K230_SUBMIT serial=1119 frame=1158 pts=82.400000000 mono_ns=6238428994125
[vo/wlshm] K230_PRESENT serial=1118 frame=1157 pts=82.366666667 submit_mono_ns=6238408429346 presented_ns=6238422594000 receive_mono_ns=6238432355350 refresh_ns=19160758 sequence=167401 flags=7
[vo/wlshm] K230_SUBMIT serial=1120 frame=1159 pts=82.433333333 mono_ns=6238456113397
[vo/wlshm] K230_PRESENT serial=1119 frame=1158 pts=82.400000000 submit_mono_ns=6238428994125 presented_ns=6238441754000 receive_mono_ns=6238459727724 refresh_ns=19160758 sequence=167402 flags=7
[vo/wlshm] K230_PRESENT serial=1120 frame=1159 pts=82.433333333 submit_mono_ns=6238456113397 presented_ns=6238460918000 receive_mono_ns=6238463762483 refresh_ns=19160758 sequence=167403 flags=7
[vo/wlshm] K230_SUBMIT serial=1121 frame=1160 pts=82.466666667 mono_ns=6238488613272
[vo/wlshm] K230_SUBMIT serial=1122 frame=1161 pts=82.500000000 mono_ns=6238521954009
[vo/wlshm] K230_PRESENT serial=1121 frame=1160 pts=82.466666667 submit_mono_ns=6238488613272 presented_ns=6238499237000 receive_mono_ns=6238524219454 refresh_ns=19160758 sequence=167405 flags=7
[vo/wlshm] K230_SUBMIT serial=1123 frame=1162 pts=82.533333333 mono_ns=6238560125182
[vo/wlshm] K230_PRESENT serial=1122 frame=1161 pts=82.500000000 submit_mono_ns=6238521954009 presented_ns=6238537559000 receive_mono_ns=6238563807359 refresh_ns=19160758 sequence=167407 flags=7
[vo/wlshm] K230_SUBMIT serial=1124 frame=1163 pts=82.566666667 mono_ns=6238589093690
[vo/wlshm] K230_PRESENT serial=1123 frame=1162 pts=82.533333333 submit_mono_ns=6238560125182 presented_ns=6238575879000 receive_mono_ns=6238592324956 refresh_ns=19160758 sequence=167409 flags=7
[vo/wlshm] K230_SUBMIT serial=1125 frame=1164 pts=82.600000000 mono_ns=6238621940702
[vo/wlshm] K230_PRESENT serial=1124 frame=1163 pts=82.566666667 submit_mono_ns=6238589093690 presented_ns=6238614201000 receive_mono_ns=6238624206962 refresh_ns=19160758 sequence=167411 flags=7
[vo/wlshm] K230_SUBMIT serial=1126 frame=1165 pts=82.633333333 mono_ns=6238655247440
[vo/wlshm] K230_PRESENT serial=1125 frame=1164 pts=82.600000000 submit_mono_ns=6238621940702 presented_ns=6238633361000 receive_mono_ns=6238658926988 refresh_ns=19160758 sequence=167412 flags=7
[vo/wlshm] K230_SUBMIT serial=1127 frame=1166 pts=82.666666667 mono_ns=6238688574178
[vo/wlshm] K230_PRESENT serial=1126 frame=1165 pts=82.633333333 submit_mono_ns=6238655247440 presented_ns=6238671681000 receive_mono_ns=6238692193024 refresh_ns=19160758 sequence=167414 flags=7
[vo/wlshm] K230_SUBMIT serial=1128 frame=1167 pts=82.700000000 mono_ns=6238721915285
[vo/wlshm] K230_PRESENT serial=1127 frame=1166 pts=82.666666667 submit_mono_ns=6238688574178 presented_ns=6238710002000 receive_mono_ns=6238724226321 refresh_ns=19160758 sequence=167416 flags=7
[vo/wlshm] K230_SUBMIT serial=1129 frame=1168 pts=82.733333333 mono_ns=6238755254207
[vo/wlshm] K230_PRESENT serial=1128 frame=1167 pts=82.700000000 submit_mono_ns=6238721915285 presented_ns=6238729164000 receive_mono_ns=6238758909348 refresh_ns=19160758 sequence=167417 flags=7
[vo/wlshm] K230_SUBMIT serial=1130 frame=1169 pts=82.766666667 mono_ns=6238788566204
[vo/wlshm] K230_PRESENT serial=1129 frame=1168 pts=82.733333333 submit_mono_ns=6238755254207 presented_ns=6238767486000 receive_mono_ns=6238792241345 refresh_ns=19160758 sequence=167419 flags=7
[vo/wlshm] K230_SUBMIT serial=1131 frame=1170 pts=82.800000000 mono_ns=6238821917496
[vo/wlshm] K230_PRESENT serial=1130 frame=1169 pts=82.766666667 submit_mono_ns=6238788566204 presented_ns=6238805806000 receive_mono_ns=6238822157563 refresh_ns=19160758 sequence=167421 flags=7
[vo/wlshm] K230_SUBMIT serial=1132 frame=1171 pts=82.833333333 mono_ns=6238855245345
[vo/wlshm] K230_PRESENT serial=1131 frame=1170 pts=82.800000000 submit_mono_ns=6238821917496 presented_ns=6238844127000 receive_mono_ns=6238855469337 refresh_ns=19160758 sequence=167423 flags=7
[vo/wlshm] K230_SUBMIT serial=1133 frame=1172 pts=82.866666667 mono_ns=6238888816482
[vo/wlshm] K230_PRESENT serial=1132 frame=1171 pts=82.833333333 submit_mono_ns=6238855245345 presented_ns=6238863289000 receive_mono_ns=6238892206816 refresh_ns=19160758 sequence=167424 flags=7
[vo/wlshm] K230_SUBMIT serial=1134 frame=1173 pts=82.900000000 mono_ns=6238922698905
[vo/wlshm] K230_PRESENT serial=1133 frame=1172 pts=82.866666667 submit_mono_ns=6238888816482 presented_ns=6238901610000 receive_mono_ns=6238932393110 refresh_ns=19160758 sequence=167426 flags=7
[vo/wlshm] K230_SUBMIT serial=1135 frame=1174 pts=82.933333333 mono_ns=6238959617304
[vo/wlshm] K230_PRESENT serial=1134 frame=1173 pts=82.900000000 submit_mono_ns=6238922698905 presented_ns=6238939930000 receive_mono_ns=6238968450648 refresh_ns=19160758 sequence=167428 flags=7
[vo/wlshm] K230_SUBMIT serial=1136 frame=1175 pts=82.966666667 mono_ns=6239005069390
[vo/wlshm] K230_PRESENT serial=1135 frame=1174 pts=82.933333333 submit_mono_ns=6238959617304 presented_ns=6238978251000 receive_mono_ns=6239008209251 refresh_ns=19160758 sequence=167430 flags=7
[vo/wlshm] K230_SUBMIT serial=1137 frame=1176 pts=83.000000000 mono_ns=6239046050732
[vo/wlshm] K230_PRESENT serial=1136 frame=1175 pts=82.966666667 submit_mono_ns=6239005069390 presented_ns=6239016573000 receive_mono_ns=6239053961661 refresh_ns=19160758 sequence=167432 flags=7
[vo/wlshm] K230_SUBMIT serial=1138 frame=1177 pts=83.033333333 mono_ns=6239072824199
[vo/wlshm] K230_PRESENT serial=1137 frame=1176 pts=83.000000000 submit_mono_ns=6239046050732 presented_ns=6239054894000 receive_mono_ns=6239076208534 refresh_ns=19160758 sequence=167434 flags=7
[vo/wlshm] K230_SUBMIT serial=1139 frame=1178 pts=83.066666667 mono_ns=6239101131024
[vo/wlshm] K230_PRESENT serial=1138 frame=1177 pts=83.033333333 submit_mono_ns=6239072824199 presented_ns=6239093215000 receive_mono_ns=6239101384868 refresh_ns=19160758 sequence=167436 flags=7
[vo/wlshm] K230_SUBMIT serial=1140 frame=1179 pts=83.100000000 mono_ns=6239121873983
[vo/wlshm] K230_PRESENT serial=1139 frame=1178 pts=83.066666667 submit_mono_ns=6239101131024 presented_ns=6239112376000 receive_mono_ns=6239124327348 refresh_ns=19160758 sequence=167437 flags=7
[vo/wlshm] K230_SUBMIT serial=1141 frame=1180 pts=83.133333333 mono_ns=6239157984333
[vo/wlshm] K230_PRESENT serial=1140 frame=1179 pts=83.100000000 submit_mono_ns=6239121873983 presented_ns=6239131541000 receive_mono_ns=6239160267629 refresh_ns=19160758 sequence=167438 flags=7
[vo/wlshm] K230_SUBMIT serial=1142 frame=1181 pts=83.166666667 mono_ns=6239193524331
[vo/wlshm] K230_PRESENT serial=1141 frame=1180 pts=83.133333333 submit_mono_ns=6239157984333 presented_ns=6239169859000 receive_mono_ns=6239196260687 refresh_ns=19160758 sequence=167440 flags=7
[vo/wlshm] K230_SUBMIT serial=1143 frame=1182 pts=83.200000000 mono_ns=6239232160043
[vo/wlshm] K230_PRESENT serial=1142 frame=1181 pts=83.166666667 submit_mono_ns=6239193524331 presented_ns=6239208186000 receive_mono_ns=6239235853220 refresh_ns=19160758 sequence=167442 flags=7
[vo/wlshm] K230_SUBMIT serial=1144 frame=1183 pts=83.233333333 mono_ns=6239263778057
[vo/wlshm] K230_PRESENT serial=1143 frame=1182 pts=83.200000000 submit_mono_ns=6239232160043 presented_ns=6239246501000 receive_mono_ns=6239274423343 refresh_ns=19160758 sequence=167444 flags=7
[vo/wlshm] K230_SUBMIT serial=1145 frame=1184 pts=83.266666667 mono_ns=6239299991960
[vo/wlshm] K230_PRESENT serial=1144 frame=1183 pts=83.233333333 submit_mono_ns=6239263778057 presented_ns=6239284824000 receive_mono_ns=6239311711840 refresh_ns=19160758 sequence=167446 flags=7
[vo/wlshm] K230_SUBMIT serial=1146 frame=1185 pts=83.300000000 mono_ns=6239334162224
[vo/wlshm] K230_PRESENT serial=1145 frame=1184 pts=83.266666667 submit_mono_ns=6239299991960 presented_ns=6239323143000 receive_mono_ns=6239340833934 refresh_ns=19160758 sequence=167448 flags=7
[vo/wlshm] K230_SUBMIT serial=1147 frame=1186 pts=83.333333333 mono_ns=6239369003689
[vo/wlshm] K230_PRESENT serial=1146 frame=1185 pts=83.300000000 submit_mono_ns=6239334162224 presented_ns=6239342303000 receive_mono_ns=6239369376233 refresh_ns=19160758 sequence=167449 flags=7
[vo/wlshm] K230_SUBMIT serial=1148 frame=1187 pts=83.366666667 mono_ns=6239406281927
[vo/wlshm] K230_PRESENT serial=1147 frame=1186 pts=83.333333333 submit_mono_ns=6239369003689 presented_ns=6239380625000 receive_mono_ns=6239414319371 refresh_ns=19160758 sequence=167451 flags=7
[vo/wlshm] K230_SUBMIT serial=1149 frame=1188 pts=83.400000000 mono_ns=6239434992924
[vo/wlshm] K230_PRESENT serial=1148 frame=1187 pts=83.366666667 submit_mono_ns=6239406281927 presented_ns=6239418946000 receive_mono_ns=6239448315567 refresh_ns=19160758 sequence=167453 flags=7
[vo/wlshm] K230_SUBMIT serial=1150 frame=1189 pts=83.433333333 mono_ns=6239472732740
[vo/wlshm] K230_PRESENT serial=1149 frame=1188 pts=83.400000000 submit_mono_ns=6239434992924 presented_ns=6239457267000 receive_mono_ns=6239480638484 refresh_ns=19160758 sequence=167455 flags=7
[vo/wlshm] K230_SUBMIT serial=1151 frame=1190 pts=83.466666667 mono_ns=6239494791508
[vo/wlshm] K230_PRESENT serial=1150 frame=1189 pts=83.433333333 submit_mono_ns=6239472732740 presented_ns=6239495590000 receive_mono_ns=6239501385702 refresh_ns=19160758 sequence=167457 flags=7
[vo/wlshm] K230_SUBMIT serial=1152 frame=1191 pts=83.500000000 mono_ns=6239523311289
[vo/wlshm] K230_PRESENT serial=1151 frame=1190 pts=83.466666667 submit_mono_ns=6239494791508 presented_ns=6239514749000 receive_mono_ns=6239523559762 refresh_ns=19160758 sequence=167458 flags=7
[vo/wlshm] K230_PRESENT serial=1152 frame=1191 pts=83.500000000 submit_mono_ns=6239523311289 presented_ns=6239533909000 receive_mono_ns=6239540238074 refresh_ns=19160758 sequence=167459 flags=7
[vo/wlshm] K230_SUBMIT serial=1153 frame=1192 pts=83.533333333 mono_ns=6239558134977
[vo/wlshm] K230_SUBMIT serial=1154 frame=1193 pts=83.566666667 mono_ns=6239588565140
[vo/wlshm] K230_PRESENT serial=1153 frame=1192 pts=83.533333333 submit_mono_ns=6239558134977 presented_ns=6239572230000 receive_mono_ns=6239592193541 refresh_ns=19160758 sequence=167461 flags=7
[vo/wlshm] K230_SUBMIT serial=1155 frame=1194 pts=83.600000000 mono_ns=6239624144063
[vo/wlshm] K230_PRESENT serial=1154 frame=1193 pts=83.566666667 submit_mono_ns=6239588565140 presented_ns=6239610552000 receive_mono_ns=6239627773797 refresh_ns=19160758 sequence=167463 flags=7
[vo/wlshm] K230_PRESENT serial=1155 frame=1194 pts=83.600000000 submit_mono_ns=6239624144063 presented_ns=6239629716000 receive_mono_ns=6239632575197 refresh_ns=19160758 sequence=167464 flags=7
[vo/wlshm] K230_SUBMIT serial=1156 frame=1195 pts=83.633333333 mono_ns=6239656166545
[vo/wlshm] K230_SUBMIT serial=1157 frame=1196 pts=83.666666667 mono_ns=6239688556238
[vo/wlshm] K230_PRESENT serial=1156 frame=1195 pts=83.633333333 submit_mono_ns=6239656166545 presented_ns=6239668056000 receive_mono_ns=6239692509369 refresh_ns=19160758 sequence=167466 flags=7
[vo/wlshm] K230_SUBMIT serial=1158 frame=1197 pts=83.700000000 mono_ns=6239728121439
[vo/wlshm] K230_PRESENT serial=1157 frame=1196 pts=83.666666667 submit_mono_ns=6239688556238 presented_ns=6239706355000 receive_mono_ns=6239731772876 refresh_ns=19160758 sequence=167468 flags=7
[vo/wlshm] K230_SUBMIT serial=1159 frame=1198 pts=83.733333333 mono_ns=6239755244820
[vo/wlshm] K230_PRESENT serial=1158 frame=1197 pts=83.700000000 submit_mono_ns=6239728121439 presented_ns=6239744678000 receive_mono_ns=6239759259320 refresh_ns=19160758 sequence=167470 flags=7
[vo/wlshm] K230_SUBMIT serial=1160 frame=1199 pts=83.766666667 mono_ns=6239788564853
[vo/wlshm] K230_PRESENT serial=1159 frame=1198 pts=83.733333333 submit_mono_ns=6239755244820 presented_ns=6239763837000 receive_mono_ns=6239792256697 refresh_ns=19160758 sequence=167471 flags=7
[vo/wlshm] K230_SUBMIT serial=1161 frame=1200 pts=83.800000000 mono_ns=6239821908293
[vo/wlshm] K230_PRESENT serial=1160 frame=1199 pts=83.766666667 submit_mono_ns=6239788564853 presented_ns=6239802161000 receive_mono_ns=6239824252143 refresh_ns=19160758 sequence=167473 flags=7
[vo/wlshm] K230_SUBMIT serial=1162 frame=1201 pts=83.833333333 mono_ns=6239856151814
[vo/wlshm] K230_PRESENT serial=1161 frame=1200 pts=83.800000000 submit_mono_ns=6239821908293 presented_ns=6239840487000 receive_mono_ns=6239859782438 refresh_ns=19160758 sequence=167475 flags=7
[vo/wlshm] K230_SUBMIT serial=1163 frame=1202 pts=83.866666667 mono_ns=6239889320185
[vo/wlshm] K230_PRESENT serial=1162 frame=1201 pts=83.833333333 submit_mono_ns=6239856151814 presented_ns=6239878801000 receive_mono_ns=6239893268391 refresh_ns=19160758 sequence=167477 flags=7
[vo/wlshm] K230_PRESENT serial=1163 frame=1202 pts=83.866666667 submit_mono_ns=6239889320185 presented_ns=6239897962000 receive_mono_ns=6239898422558 refresh_ns=19160758 sequence=167478 flags=7
[vo/wlshm] K230_SUBMIT serial=1164 frame=1203 pts=83.900000000 mono_ns=6239932557971
[vo/wlshm] K230_SUBMIT serial=1165 frame=1204 pts=83.933333333 mono_ns=6239961378113
[vo/wlshm] K230_PRESENT serial=1164 frame=1203 pts=83.900000000 submit_mono_ns=6239932557971 presented_ns=6239955446000 receive_mono_ns=6239967390733 refresh_ns=19160758 sequence=167481 flags=7
[vo/wlshm] K230_SUBMIT serial=1166 frame=1205 pts=83.966666667 mono_ns=6239992134895
[vo/wlshm] K230_PRESENT serial=1165 frame=1204 pts=83.933333333 submit_mono_ns=6239961378113 presented_ns=6239974607000 receive_mono_ns=6239993738066 refresh_ns=19160758 sequence=167482 flags=7
[vo/wlshm] K230_SUBMIT serial=1167 frame=1206 pts=84.000000000 mono_ns=6240021925746
[vo/wlshm] K230_PRESENT serial=1166 frame=1205 pts=83.966666667 submit_mono_ns=6239992134895 presented_ns=6240012927000 receive_mono_ns=6240024257263 refresh_ns=19160758 sequence=167484 flags=7
[vo/wlshm] K230_SUBMIT serial=1168 frame=1207 pts=84.033333333 mono_ns=6240055240039
[vo/wlshm] K230_PRESENT serial=1167 frame=1206 pts=84.000000000 submit_mono_ns=6240021925746 presented_ns=6240032086000 receive_mono_ns=6240056240339 refresh_ns=19160758 sequence=167485 flags=7
[vo/wlshm] K230_SUBMIT serial=1169 frame=1208 pts=84.066666667 mono_ns=6240088552071
[vo/wlshm] K230_PRESENT serial=1168 frame=1207 pts=84.033333333 submit_mono_ns=6240055240039 presented_ns=6240070407000 receive_mono_ns=6240094451510 refresh_ns=19160758 sequence=167487 flags=7
[vo/wlshm] K230_SUBMIT serial=1170 frame=1209 pts=84.100000000 mono_ns=6240121901102
[vo/wlshm] K230_PRESENT serial=1169 frame=1208 pts=84.066666667 submit_mono_ns=6240088552071 presented_ns=6240108728000 receive_mono_ns=6240124259248 refresh_ns=19160758 sequence=167489 flags=7
[vo/wlshm] K230_SUBMIT serial=1171 frame=1210 pts=84.133333333 mono_ns=6240156175733
[vo/wlshm] K230_PRESENT serial=1170 frame=1209 pts=84.100000000 submit_mono_ns=6240121901102 presented_ns=6240147052000 receive_mono_ns=6240159792208 refresh_ns=19160758 sequence=167491 flags=7
[vo/wlshm] K230_SUBMIT serial=1172 frame=1211 pts=84.166666667 mono_ns=6240188543203
[vo/wlshm] K230_PRESENT serial=1171 frame=1210 pts=84.133333333 submit_mono_ns=6240156175733 presented_ns=6240166210000 receive_mono_ns=6240192272971 refresh_ns=19160758 sequence=167492 flags=7
[vo/wlshm] K230_SUBMIT serial=1173 frame=1212 pts=84.200000000 mono_ns=6240224186789
[vo/wlshm] K230_PRESENT serial=1172 frame=1211 pts=84.166666667 submit_mono_ns=6240188543203 presented_ns=6240204531000 receive_mono_ns=6240227864670 refresh_ns=19160758 sequence=167494 flags=7
[vo/wlshm] K230_SUBMIT serial=1174 frame=1213 pts=84.233333333 mono_ns=6240255232339
[vo/wlshm] K230_PRESENT serial=1173 frame=1212 pts=84.200000000 submit_mono_ns=6240224186789 presented_ns=6240242861000 receive_mono_ns=6240258990884 refresh_ns=19160758 sequence=167496 flags=7
[vo/wlshm] K230_PRESENT serial=1174 frame=1213 pts=84.233333333 submit_mono_ns=6240255232339 presented_ns=6240262015000 receive_mono_ns=6240262593508 refresh_ns=19160758 sequence=167497 flags=7
[vo/wlshm] K230_SUBMIT serial=1175 frame=1214 pts=84.266666667 mono_ns=6240292153995
[vo/wlshm] K230_PRESENT serial=1175 frame=1214 pts=84.266666667 submit_mono_ns=6240292153995 presented_ns=6240300335000 receive_mono_ns=6240300677497 refresh_ns=19160758 sequence=167499 flags=7
[vo/wlshm] K230_SUBMIT serial=1176 frame=1215 pts=84.300000000 mono_ns=6240322643230
[vo/wlshm] K230_SUBMIT serial=1177 frame=1216 pts=84.333333333 mono_ns=6240363444982
[vo/wlshm] K230_PRESENT serial=1176 frame=1215 pts=84.300000000 submit_mono_ns=6240322643230 presented_ns=6240338657000 receive_mono_ns=6240363655161 refresh_ns=19160758 sequence=167501 flags=7
[vo/wlshm] K230_PRESENT serial=1177 frame=1216 pts=84.333333333 submit_mono_ns=6240363444982 presented_ns=6240376977000 receive_mono_ns=6240380267252 refresh_ns=19160758 sequence=167503 flags=7
[vo/wlshm] K230_SUBMIT serial=1178 frame=1217 pts=84.366666667 mono_ns=6240403348616
[vo/wlshm] K230_PRESENT serial=1178 frame=1217 pts=84.366666667 submit_mono_ns=6240403348616 presented_ns=6240415300000 receive_mono_ns=6240416883177 refresh_ns=19160758 sequence=167505 flags=7
[vo/wlshm] K230_SUBMIT serial=1179 frame=1218 pts=84.400000000 mono_ns=6240449095208
[vo/wlshm] K230_SUBMIT serial=1180 frame=1219 pts=84.433333333 mono_ns=6240483109032
[vo/wlshm] K230_PRESENT serial=1179 frame=1218 pts=84.400000000 submit_mono_ns=6240449095208 presented_ns=6240472782000 receive_mono_ns=6240497014063 refresh_ns=19160758 sequence=167508 flags=7
[vo/wlshm] K230_PRESENT serial=1180 frame=1219 pts=84.433333333 submit_mono_ns=6240483109032 presented_ns=6240491941000 receive_mono_ns=6240498454350 refresh_ns=19160758 sequence=167509 flags=7
[vo/wlshm] K230_SUBMIT serial=1181 frame=1220 pts=84.466666667 mono_ns=6240530275764
[vo/wlshm] K230_SUBMIT serial=1182 frame=1221 pts=84.500000000 mono_ns=6240561448680
[vo/wlshm] K230_PRESENT serial=1181 frame=1220 pts=84.466666667 submit_mono_ns=6240530275764 presented_ns=6240549423000 receive_mono_ns=6240571127811 refresh_ns=19160758 sequence=167512 flags=7
[vo/wlshm] K230_SUBMIT serial=1183 frame=1222 pts=84.533333333 mono_ns=6240610347541
[vo/wlshm] K230_PRESENT serial=1182 frame=1221 pts=84.500000000 submit_mono_ns=6240561448680 presented_ns=6240587744000 receive_mono_ns=6240610590940 refresh_ns=19160758 sequence=167514 flags=7
[vo/wlshm] K230_SUBMIT serial=1184 frame=1224 pts=84.600000000 mono_ns=6240652765167
[vo/wlshm] K230_PRESENT serial=1183 frame=1222 pts=84.533333333 submit_mono_ns=6240610347541 presented_ns=6240626065000 receive_mono_ns=6240653007196 refresh_ns=19160758 sequence=167516 flags=7
[vo/wlshm] K230_PRESENT serial=1184 frame=1224 pts=84.600000000 submit_mono_ns=6240652765167 presented_ns=6240664387000 receive_mono_ns=6240668264776 refresh_ns=19160758 sequence=167518 flags=7
[vo/wlshm] K230_SUBMIT serial=1185 frame=1225 pts=84.633333333 mono_ns=6240694572627
[vo/wlshm] K230_PRESENT serial=1185 frame=1225 pts=84.633333333 submit_mono_ns=6240694572627 presented_ns=6240702707000 receive_mono_ns=6240703189163 refresh_ns=19160758 sequence=167520 flags=7
[vo/wlshm] K230_SUBMIT serial=1186 frame=1226 pts=84.666666667 mono_ns=6240725097676
[vo/wlshm] K230_SUBMIT serial=1187 frame=1227 pts=84.700000000 mono_ns=6240761469831
[vo/wlshm] K230_PRESENT serial=1186 frame=1226 pts=84.666666667 submit_mono_ns=6240725097676 presented_ns=6240741028000 receive_mono_ns=6240772204335 refresh_ns=19160758 sequence=167522 flags=7
[vo/wlshm] K230_SUBMIT serial=1188 frame=1228 pts=84.733333333 mono_ns=6240792612452
[vo/wlshm] K230_PRESENT serial=1187 frame=1227 pts=84.700000000 submit_mono_ns=6240761469831 presented_ns=6240779351000 receive_mono_ns=6240796488104 refresh_ns=19160758 sequence=167524 flags=7
[vo/wlshm] K230_PRESENT serial=1188 frame=1228 pts=84.733333333 submit_mono_ns=6240792612452 presented_ns=6240798512000 receive_mono_ns=6240798982579 refresh_ns=19160758 sequence=167525 flags=7
[vo/wlshm] K230_SUBMIT serial=1189 frame=1229 pts=84.766666667 mono_ns=6240825976927
[vo/wlshm] K230_SUBMIT serial=1190 frame=1230 pts=84.800000000 mono_ns=6240859058078
[vo/wlshm] K230_PRESENT serial=1189 frame=1229 pts=84.766666667 submit_mono_ns=6240825976927 presented_ns=6240836832000 receive_mono_ns=6240868260965 refresh_ns=19160758 sequence=167527 flags=7
[vo/wlshm] K230_SUBMIT serial=1191 frame=1231 pts=84.833333333 mono_ns=6240892709358
[vo/wlshm] K230_PRESENT serial=1190 frame=1230 pts=84.800000000 submit_mono_ns=6240859058078 presented_ns=6240875154000 receive_mono_ns=6240896497865 refresh_ns=19160758 sequence=167529 flags=7
[vo/wlshm] K230_SUBMIT serial=1192 frame=1232 pts=84.866666667 mono_ns=6240922948749
[vo/wlshm] K230_PRESENT serial=1191 frame=1231 pts=84.833333333 submit_mono_ns=6240892709358 presented_ns=6240913473000 receive_mono_ns=6240930991155 refresh_ns=19160758 sequence=167531 flags=7
[vo/wlshm] K230_SUBMIT serial=1193 frame=1233 pts=84.900000000 mono_ns=6240951486010
[vo/wlshm] K230_PRESENT serial=1192 frame=1232 pts=84.866666667 submit_mono_ns=6240922948749 presented_ns=6240932635000 receive_mono_ns=6240964221782 refresh_ns=19160758 sequence=167532 flags=7
[vo/wlshm] K230_SUBMIT serial=1194 frame=1234 pts=84.933333333 mono_ns=6240983736002
[vo/wlshm] K230_PRESENT serial=1193 frame=1233 pts=84.900000000 submit_mono_ns=6240951486010 presented_ns=6240970957000 receive_mono_ns=6240996224783 refresh_ns=19160758 sequence=167534 flags=7
[vo/wlshm] K230_SUBMIT serial=1195 frame=1235 pts=84.966666667 mono_ns=6241018852272
[vo/wlshm] K230_PRESENT serial=1194 frame=1234 pts=84.933333333 submit_mono_ns=6240983736002 presented_ns=6241009279000 receive_mono_ns=6241028205303 refresh_ns=19160758 sequence=167536 flags=7
[vo/wlshm] K230_PRESENT serial=1195 frame=1235 pts=84.966666667 submit_mono_ns=6241018852272 presented_ns=6241028438000 receive_mono_ns=6241028884281 refresh_ns=19160758 sequence=167537 flags=7
[vo/wlshm] K230_SUBMIT serial=1196 frame=1236 pts=85.000000000 mono_ns=6241047502826
[vo/wlshm] K230_SUBMIT serial=1197 frame=1237 pts=85.033333333 mono_ns=6241079505493
[vo/wlshm] K230_PRESENT serial=1196 frame=1236 pts=85.000000000 submit_mono_ns=6241047502826 presented_ns=6241066760000 receive_mono_ns=6241088260468 refresh_ns=19160758 sequence=167539 flags=7
[vo/wlshm] K230_PRESENT serial=1197 frame=1237 pts=85.033333333 submit_mono_ns=6241079505493 presented_ns=6241085920000 receive_mono_ns=6241088380427 refresh_ns=19160758 sequence=167540 flags=7
[vo/wlshm] K230_SUBMIT serial=1198 frame=1238 pts=85.066666667 mono_ns=6241119673598
[vo/wlshm] K230_SUBMIT serial=1199 frame=1239 pts=85.100000000 mono_ns=6241144629863
[vo/wlshm] K230_PRESENT serial=1198 frame=1238 pts=85.066666667 submit_mono_ns=6241119673598 presented_ns=6241143403000 receive_mono_ns=6241148237153 refresh_ns=19160758 sequence=167543 flags=7
[vo/wlshm] K230_SUBMIT serial=1200 frame=1240 pts=85.133333333 mono_ns=6241169325544
[vo/wlshm] K230_PRESENT serial=1199 frame=1239 pts=85.100000000 submit_mono_ns=6241144629863 presented_ns=6241162562000 receive_mono_ns=6241176360945 refresh_ns=19160758 sequence=167544 flags=7
[vo/wlshm] K230_SUBMIT serial=1201 frame=1241 pts=85.166666667 mono_ns=6241200840041
[vo/wlshm] K230_PRESENT serial=1200 frame=1240 pts=85.133333333 submit_mono_ns=6241169325544 presented_ns=6241181723000 receive_mono_ns=6241207973328 refresh_ns=19160758 sequence=167545 flags=7
[vo/wlshm] K230_SUBMIT serial=1202 frame=1242 pts=85.200000000 mono_ns=6241227296183
[vo/wlshm] K230_PRESENT serial=1201 frame=1241 pts=85.166666667 submit_mono_ns=6241200840041 presented_ns=6241220058000 receive_mono_ns=6241236388370 refresh_ns=19160758 sequence=167547 flags=7
[vo/wlshm] K230_SUBMIT serial=1203 frame=1243 pts=85.233333333 mono_ns=6241260110267
[vo/wlshm] K230_PRESENT serial=1202 frame=1242 pts=85.200000000 submit_mono_ns=6241227296183 presented_ns=6241239204000 receive_mono_ns=6241263701077 refresh_ns=19160758 sequence=167548 flags=7
[vo/wlshm] K230_SUBMIT serial=1204 frame=1244 pts=85.266666667 mono_ns=6241292127081
[vo/wlshm] K230_PRESENT serial=1203 frame=1243 pts=85.233333333 submit_mono_ns=6241260110267 presented_ns=6241277528000 receive_mono_ns=6241295720113 refresh_ns=19160758 sequence=167550 flags=7
[vo/wlshm] K230_SUBMIT serial=1205 frame=1245 pts=85.300000000 mono_ns=6241324211300
[vo/wlshm] K230_PRESENT serial=1204 frame=1244 pts=85.266666667 submit_mono_ns=6241292127081 presented_ns=6241315847000 receive_mono_ns=6241328057583 refresh_ns=19160758 sequence=167552 flags=7
[vo/wlshm] K230_SUBMIT serial=1206 frame=1246 pts=85.333333333 mono_ns=6241355677317
[vo/wlshm] K230_PRESENT serial=1205 frame=1245 pts=85.300000000 submit_mono_ns=6241324211300 presented_ns=6241335009000 receive_mono_ns=6241359356013 refresh_ns=19160758 sequence=167553 flags=7
[vo/wlshm] K230_SUBMIT serial=1207 frame=1247 pts=85.366666667 mono_ns=6241394382099
[vo/wlshm] K230_PRESENT serial=1206 frame=1246 pts=85.333333333 submit_mono_ns=6241355677317 presented_ns=6241373329000 receive_mono_ns=6241405176638 refresh_ns=19160758 sequence=167555 flags=7
[vo/wlshm] K230_SUBMIT serial=1208 frame=1248 pts=85.400000000 mono_ns=6241447506599
[vo/wlshm] K230_PRESENT serial=1207 frame=1247 pts=85.366666667 submit_mono_ns=6241394382099 presented_ns=6241411650000 receive_mono_ns=6241455599929 refresh_ns=19160758 sequence=167557 flags=7
[vo/wlshm] K230_PRESENT serial=1208 frame=1248 pts=85.400000000 submit_mono_ns=6241447506599 presented_ns=6241469133000 receive_mono_ns=6241475518950 refresh_ns=19160758 sequence=167560 flags=7
Exiting... (Quit)
