K230_CARD_SHELL restored focus=11 message=0
K230_CARD_SHELL mirror-release id=13
K230_CARD_SHELL mirror-release id=11
K230_CARD_SHELL live cards=2 commits=1654 sampled=3295 frame-done=3434 output-presented=1716
K230_CARD_SHELL live cards=2 commits=1654 sampled=3295 frame-done=3384 output-presented=1666
K230_CARD_SHELL state mode=1 actions=35 message=0 cards=2
K230_CARD_SHELL mirror id=13 format=34325241 width=568 height=744 stride=2304
K230_CARD_SHELL mirror id=11 format=34325241 width=568 height=1144 stride=2304
K230_CARD_SHELL restored focus=13 message=0
K230_CARD_SHELL mirror-release id=13
K230_CARD_SHELL mirror-release id=11
K230_CARD_SHELL live cards=2 commits=1653 sampled=3291 frame-done=3331 output-presented=1616
K230_CARD_SHELL state mode=1 actions=35 message=0 cards=2
K230_CARD_SHELL mirror id=13 format=34325241 width=568 height=1144 stride=2304
K230_CARD_SHELL mirror id=11 format=34325241 width=568 height=1144 stride=2304
K230_CARD_SHELL map id=13 class=2
K230_CARD_SHELL state mode=0 actions=32 message=0 cards=2
K230_CARD_SHELL map id=11 class=2
K230_CARD_SHELL state mode=0 actions=32 message=0 cards=1
K230_CARD_SHELL unmap id=7
K230_CARD_SHELL state mode=0 actions=32 message=0 cards=0
K230_CARD_SHELL restored focus=7 message=0
K230_CARD_SHELL mirror-release id=7
K230_CARD_SHELL mirror-release id=7
K230_CARD_SHELL live cards=1 commits=1633 sampled=3250 frame-done=3260 output-presented=1564
K230_CARD_SHELL live cards=1 commits=1591 sampled=3170 frame-done=3180 output-presented=1524
K230_CARD_SHELL unmap id=9
K230_CARD_SHELL state mode=1 actions=33 message=9 cards=1
K230_CARD_SHELL source-gone id=9
K230_CARD_SHELL mirror-release id=9
K230_CARD_SHELL mirror-release id=9
K230_CARD_SHELL state mode=3 actions=17 message=4 cards=2
K230_CARD_SHELL close-request id=9
K230_CARD_SHELL live cards=2 commits=1551 sampled=3086 frame-done=3096 output-presented=1482
K230_CARD_SHELL state mode=1 actions=1 message=0 cards=2
K230_CARD_SHELL live cards=2 commits=1507 sampled=2998 frame-done=3006 output-presented=1437
K230_CARD_SHELL live cards=2 commits=1463 sampled=2910 frame-done=2916 output-presented=1392
K230_CARD_SHELL state mode=1 actions=1 message=6 cards=2
K230_CARD_SHELL live cards=2 commits=1421 sampled=2822 frame-done=2828 output-presented=1348
K230_CARD_SHELL state mode=3 actions=17 message=4 cards=2
K230_CARD_SHELL close-request id=7
K230_CARD_SHELL live cards=2 commits=1377 sampled=2736 frame-done=2742 output-presented=1305
K230_CARD_SHELL live cards=2 commits=1329 sampled=2638 frame-done=2644 output-presented=1256
K230_CARD_SHELL live cards=2 commits=1279 sampled=2542 frame-done=2548 output-presented=1208
K230_CARD_SHELL live cards=2 commits=1235 sampled=2450 frame-done=2454 output-presented=1161
K230_CARD_SHELL state mode=1 actions=33 message=0 cards=2
K230_CARD_SHELL mirror id=7 format=34325258 width=128 height=96 stride=512
K230_CARD_SHELL mirror id=7 format=34325258 width=520 height=1040 stride=2080
K230_CARD_SHELL state mode=2 actions=1 message=3 cards=2
K230_CARD_SHELL live cards=2 commits=1199 sampled=2380 frame-done=2384 output-presented=1117
K230_CARD_SHELL state mode=1 actions=33 message=3 cards=2
K230_CARD_SHELL state mode=1 actions=33 message=2 cards=2
K230_CARD_SHELL mirror-release id=7
K230_CARD_SHELL mirror-release id=7
K230_CARD_SHELL live cards=2 commits=1193 sampled=2372 frame-done=2376 output-presented=1066
K230_CARD_SHELL live cards=2 commits=1153 sampled=2288 frame-done=2292 output-presented=1024
K230_CARD_SHELL state mode=1 actions=35 message=0 cards=2
K230_CARD_SHELL mirror id=9 format=34325258 width=128 height=96 stride=512
K230_CARD_SHELL mirror id=9 format=34325258 width=520 height=1040 stride=2080
K230_CARD_SHELL mirror id=7 format=34325258 width=128 height=96 stride=512
K230_CARD_SHELL mirror id=7 format=34325258 width=520 height=1040 stride=2080
K230_CARD_SHELL input=injected operation=benchmark-stop accepted=1
K230_CARD_BENCH v=1 run=704950670634 event=present frame_id=1773 t_ns=730672554000 presented=1 clock=monotonic
K230_CARD_BENCH v=1 run=704950670634 event=present frame_id=1772 t_ns=730653395000 presented=1 clock=monotonic
K230_CARD_BENCH v=1 run=704950670634 event=present frame_id=1771 t_ns=730634234000 presented=1 clock=monotonic
K230_CARD_BENCH v=1 run=704950670634 event=present frame_id=1770 t_ns=730615074000 presented=1 clock=monotonic
K230_CARD_BENCH v=1 run=704950670634 event=present frame_id=1769 t_ns=730595914000 presented=1 clock=monotonic
K230_CARD_BENCH v=1 run=704950670634 event=present frame_id=1768 t_ns=730576753000 presented=1 clock=monotonic
K230_CARD_BENCH v=1 run=704950670634 event=present frame_id=1767 t_ns=730557592000 presented=1 clock=monotonic
K230_CARD_BENCH v=1 run=704950670634 event=present frame_id=1766 t_ns=730538432000 presented=1 clock=monotonic
K230_CARD_BENCH v=1 run=704950670634 event=present frame_id=1765 t_ns=730500112000 presented=1 clock=monotonic
K230_CARD_BENCH v=1 run=704950670634 event=present frame_id=1764 t_ns=730480950000 presented=1 clock=monotonic
K230_CARD_BENCH v=1 run=704950670634 event=present frame_id=1763 t_ns=730461790000 presented=1 clock=monotonic
K230_CARD_BENCH v=1 run=704950670634 event=present frame_id=1762 t_ns=730442628000 presented=1 clock=monotonic
K230_CARD_BENCH v=1 run=704950670634 event=present frame_id=1761 t_ns=730423469000 presented=1 clock=monotonic
K230_CARD_BENCH v=1 run=704950670634 event=present frame_id=1760 t_ns=730404309000 presented=1 clock=monotonic
K230_CARD_BENCH v=1 run=704950670634 event=resource phase=restored t_ns=730404250763 cpu_ns=38619933000 memory_bytes=27484160 scope=session
K230_CARD_BENCH v=1 run=704950670634 event=resource phase=restored t_ns=730404250763 cpu_ns=23882773447 memory_bytes=34480128 scope=compositor
K230_CARD_BENCH v=1 run=704950670634 event=present frame_id=1759 t_ns=730365987000 presented=1 clock=monotonic
K230_CARD_BENCH v=1 run=704950670634 event=present frame_id=1758 t_ns=730346826000 presented=1 clock=monotonic
K230_CARD_BENCH v=1 run=704950670634 event=present frame_id=1757 t_ns=730327665000 presented=1 clock=monotonic
K230_CARD_BENCH v=1 run=704950670634 event=present frame_id=1756 t_ns=730308505000 presented=1 clock=monotonic
K230_CARD_BENCH v=1 run=704950670634 event=present frame_id=1755 t_ns=730289344000 presented=1 clock=monotonic
K230_CARD_BENCH v=1 run=704950670634 event=present frame_id=1754 t_ns=730270183000 presented=1 clock=monotonic
K230_CARD_BENCH v=1 run=704950670634 event=present frame_id=1753 t_ns=730231862000 presented=1 clock=monotonic
K230_CARD_BENCH v=1 run=704950670634 event=present frame_id=1752 t_ns=730212702000 presented=1 clock=monotonic
K230_CARD_BENCH v=1 run=704950670634 event=present frame_id=1751 t_ns=730193541000 presented=1 clock=monotonic
K230_CARD_BENCH v=1 run=704950670634 event=present frame_id=1750 t_ns=730174381000 presented=1 clock=monotonic
K230_CARD_BENCH v=1 run=704950670634 event=present frame_id=1749 t_ns=730155220000 presented=1 clock=monotonic
K230_CARD_BENCH v=1 run=704950670634 event=present frame_id=1748 t_ns=730136059000 presented=1 clock=monotonic
K230_CARD_BENCH v=1 run=704950670634 event=present frame_id=1747 t_ns=730116899000 presented=1 clock=monotonic
K230_CARD_BENCH v=1 run=704950670634 event=present frame_id=1746 t_ns=730097738000 presented=1 clock=monotonic
K230_CARD_BENCH v=1 run=704950670634 event=present frame_id=1745 t_ns=730059415000 presented=1 clock=monotonic
K230_CARD_BENCH v=1 run=704950670634 event=present frame_id=1744 t_ns=730040256000 presented=1 clock=monotonic
K230_CARD_BENCH v=1 run=704950670634 event=present frame_id=1743 t_ns=730021095000 presented=1 clock=monotonic
K230_CARD_BENCH v=1 run=704950670634 event=present frame_id=1742 t_ns=730001935000 presented=1 clock=monotonic
K230_CARD_BENCH v=1 run=704950670634 event=present frame_id=1741 t_ns=729982775000 presented=1 clock=monotonic
K230_CARD_BENCH v=1 run=704950670634 event=present frame_id=1740 t_ns=729963614000 presented=1 clock=monotonic
K230_CARD_BENCH v=1 run=704950670634 event=present frame_id=1739 t_ns=729944453000 presented=1 clock=monotonic
K230_CARD_BENCH v=1 run=704950670634 event=present frame_id=1738 t_ns=729925292000 presented=1 clock=monotonic
K230_CARD_BENCH v=1 run=704950670634 event=present frame_id=1737 t_ns=729906132000 presented=1 clock=monotonic
K230_CARD_BENCH v=1 run=704950670634 event=present frame_id=1736 t_ns=729867811000 presented=1 clock=monotonic
K230_CARD_BENCH v=1 run=704950670634 event=present frame_id=1735 t_ns=729848650000 presented=1 clock=monotonic
K230_CARD_BENCH v=1 run=704950670634 event=present frame_id=1734 t_ns=729829490000 presented=1 clock=monotonic
K230_CARD_BENCH v=1 run=704950670634 event=present frame_id=1733 t_ns=729810329000 presented=1 clock=monotonic
K230_CARD_BENCH v=1 run=704950670634 event=present frame_id=1732 t_ns=729791169000 presented=1 clock=monotonic
K230_CARD_BENCH v=1 run=704950670634 event=present frame_id=1731 t_ns=729772019000 presented=1 clock=monotonic
K230_CARD_BENCH v=1 run=704950670634 event=present frame_id=1730 t_ns=729752847000 presented=1 clock=monotonic
K230_CARD_BENCH v=1 run=704950670634 event=present frame_id=1729 t_ns=729714526000 presented=1 clock=monotonic
K230_CARD_BENCH v=1 run=704950670634 event=present frame_id=1728 t_ns=729695366000 presented=1 clock=monotonic
K230_CARD_BENCH v=1 run=704950670634 event=present frame_id=1727 t_ns=729676205000 presented=1 clock=monotonic
K230_CARD_BENCH v=1 run=704950670634 event=present frame_id=1726 t_ns=729657044000 presented=1 clock=monotonic
K230_CARD_BENCH v=1 run=704950670634 event=present frame_id=1725 t_ns=729637884000 presented=1 clock=monotonic
K230_CARD_BENCH v=1 run=704950670634 event=present frame_id=1724 t_ns=729618722000 presented=1 clock=monotonic
K230_CARD_BENCH v=1 run=704950670634 event=present frame_id=1723 t_ns=729599563000 presented=1 clock=monotonic
K230_CARD_BENCH v=1 run=704950670634 event=present frame_id=1722 t_ns=729561240000 presented=1 clock=monotonic
K230_CARD_BENCH v=1 run=704950670634 event=present frame_id=1721 t_ns=729542080000 presented=1 clock=monotonic
K230_CARD_BENCH v=1 run=704950670634 event=present frame_id=1720 t_ns=729522920000 presented=1 clock=monotonic
K230_CARD_BENCH v=1 run=704950670634 event=present frame_id=1719 t_ns=729503759000 presented=1 clock=monotonic
K230_CARD_BENCH v=1 run=704950670634 event=present frame_id=1718 t_ns=729484599000 presented=1 clock=monotonic
K230_CARD_BENCH v=1 run=704950670634 event=present frame_id=1717 t_ns=729465438000 presented=1 clock=monotonic
K230_CARD_BENCH v=1 run=704950670634 event=present frame_id=1716 t_ns=729446278000 presented=1 clock=monotonic
K230_CARD_BENCH v=1 run=704950670634 event=present frame_id=1715 t_ns=729407957000 presented=1 clock=monotonic
K230_CARD_BENCH v=1 run=704950670634 event=present frame_id=1714 t_ns=729388798000 presented=1 clock=monotonic
K230_CARD_BENCH v=1 run=704950670634 event=resource phase=restored t_ns=729392178803 cpu_ns=37744243000 memory_bytes=27484160 scope=session
K230_CARD_BENCH v=1 run=704950670634 event=resource phase=restored t_ns=729392178803 cpu_ns=23456790743 memory_bytes=34480128 scope=compositor
K230_CARD_BENCH v=1 run=704950670634 event=present frame_id=1713 t_ns=729369636000 presented=1 clock=monotonic
K230_CARD_BENCH v=1 run=704950670634 event=present frame_id=1712 t_ns=729350475000 presented=1 clock=monotonic
K230_CARD_BENCH v=1 run=704950670634 event=present frame_id=1711 t_ns=729331314000 presented=1 clock=monotonic
K230_CARD_BENCH v=1 run=704950670634 event=present frame_id=1710 t_ns=729312154000 presented=1 clock=monotonic
K230_CARD_BENCH v=1 run=704950670634 event=present frame_id=1709 t_ns=729292993000 presented=1 clock=monotonic
K230_CARD_BENCH v=1 run=704950670634 event=present frame_id=1708 t_ns=729254672000 presented=1 clock=monotonic
K230_CARD_BENCH v=1 run=704950670634 event=present frame_id=1707 t_ns=729235509000 presented=1 clock=monotonic
K230_CARD_BENCH v=1 run=704950670634 event=present frame_id=1706 t_ns=729216351000 presented=1 clock=monotonic
K230_CARD_BENCH v=1 run=704950670634 event=present frame_id=1705 t_ns=729197191000 presented=1 clock=monotonic
K230_CARD_BENCH v=1 run=704950670634 event=present frame_id=1704 t_ns=729178029000 presented=1 clock=monotonic
K230_CARD_BENCH v=1 run=704950670634 event=present frame_id=1703 t_ns=729158869000 presented=1 clock=monotonic
K230_CARD_BENCH v=1 run=704950670634 event=present frame_id=1702 t_ns=729139708000 presented=1 clock=monotonic
K230_CARD_BENCH v=1 run=704950670634 event=present frame_id=1701 t_ns=729101386000 presented=1 clock=monotonic
K230_CARD_BENCH v=1 run=704950670634 event=present frame_id=1700 t_ns=729082226000 presented=1 clock=monotonic
K230_CARD_BENCH v=1 run=704950670634 event=present frame_id=1699 t_ns=729063066000 presented=1 clock=monotonic
K230_CARD_BENCH v=1 run=704950670634 event=present frame_id=1698 t_ns=729043905000 presented=1 clock=monotonic
K230_CARD_BENCH v=1 run=704950670634 event=present frame_id=1697 t_ns=729024745000 presented=1 clock=monotonic
K230_CARD_BENCH v=1 run=704950670634 event=present frame_id=1696 t_ns=729005584000 presented=1 clock=monotonic
K230_CARD_BENCH v=1 run=704950670634 event=present frame_id=1695 t_ns=728986422000 presented=1 clock=monotonic
K230_CARD_BENCH v=1 run=704950670634 event=present frame_id=1694 t_ns=728967266000 presented=1 clock=monotonic
K230_CARD_BENCH v=1 run=704950670634 event=present frame_id=1693 t_ns=728928942000 presented=1 clock=monotonic
K230_CARD_BENCH v=1 run=704950670634 event=present frame_id=1692 t_ns=728909780000 presented=1 clock=monotonic
K230_CARD_BENCH v=1 run=704950670634 event=present frame_id=1691 t_ns=728890620000 presented=1 clock=monotonic
K230_CARD_BENCH v=1 run=704950670634 event=present frame_id=1690 t_ns=728871461000 presented=1 clock=monotonic
K230_CARD_BENCH v=1 run=704950670634 event=present frame_id=1689 t_ns=728852300000 presented=1 clock=monotonic
K230_CARD_BENCH v=1 run=704950670634 event=present frame_id=1688 t_ns=728833139000 presented=1 clock=monotonic
K230_CARD_BENCH v=1 run=704950670634 event=present frame_id=1687 t_ns=728794818000 presented=1 clock=monotonic
K230_CARD_BENCH v=1 run=704950670634 event=present frame_id=1686 t_ns=728775657000 presented=1 clock=monotonic
K230_CARD_BENCH v=1 run=704950670634 event=present frame_id=1685 t_ns=728756496000 presented=1 clock=monotonic
K230_CARD_BENCH v=1 run=704950670634 event=present frame_id=1684 t_ns=728737336000 presented=1 clock=monotonic
K230_CARD_BENCH v=1 run=704950670634 event=present frame_id=1683 t_ns=728718175000 presented=1 clock=monotonic
K230_CARD_BENCH v=1 run=704950670634 event=present frame_id=1682 t_ns=728699015000 presented=1 clock=monotonic
K230_CARD_BENCH v=1 run=704950670634 event=present frame_id=1681 t_ns=728679855000 presented=1 clock=monotonic
K230_CARD_BENCH v=1 run=704950670634 event=present frame_id=1680 t_ns=728660694000 presented=1 clock=monotonic
K230_CARD_BENCH v=1 run=704950670634 event=present frame_id=1679 t_ns=728622373000 presented=1 clock=monotonic
K230_CARD_BENCH v=1 run=704950670634 event=present frame_id=1678 t_ns=728603211000 presented=1 clock=monotonic
K230_CARD_BENCH v=1 run=704950670634 event=present frame_id=1677 t_ns=728584054000 presented=1 clock=monotonic
K230_CARD_BENCH v=1 run=704950670634 event=present frame_id=1676 t_ns=728564891000 presented=1 clock=monotonic
K230_CARD_BENCH v=1 run=704950670634 event=present frame_id=1675 t_ns=728545730000 presented=1 clock=monotonic
K230_CARD_BENCH v=1 run=704950670634 event=present frame_id=1674 t_ns=728526570000 presented=1 clock=monotonic
K230_CARD_BENCH v=1 run=704950670634 event=present frame_id=1673 t_ns=728507409000 presented=1 clock=monotonic
K230_CARD_BENCH v=1 run=704950670634 event=present frame_id=1672 t_ns=728488253000 presented=1 clock=monotonic
K230_CARD_BENCH v=1 run=704950670634 event=present frame_id=1671 t_ns=728449927000 presented=1 clock=monotonic
K230_CARD_BENCH v=1 run=704950670634 event=present frame_id=1670 t_ns=728430766000 presented=1 clock=monotonic
K230_CARD_BENCH v=1 run=704950670634 event=present frame_id=1669 t_ns=728411605000 presented=1 clock=monotonic
K230_CARD_BENCH v=1 run=704950670634 event=present frame_id=1668 t_ns=728392448000 presented=1 clock=monotonic
K230_CARD_BENCH v=1 run=704950670634 event=resource phase=restored t_ns=728392130652 cpu_ns=36872016000 memory_bytes=27480064 scope=session
K230_CARD_BENCH v=1 run=704950670634 event=resource phase=restored t_ns=728392130652 cpu_ns=23031181048 memory_bytes=34480128 scope=compositor
K230_CARD_BENCH v=1 run=704950670634 event=present frame_id=1667 t_ns=728373284000 presented=1 clock=monotonic
K230_CARD_BENCH v=1 run=704950670634 event=present frame_id=1666 t_ns=728354122000 presented=1 clock=monotonic
K230_CARD_BENCH v=1 run=704950670634 event=present frame_id=1665 t_ns=728334963000 presented=1 clock=monotonic
K230_CARD_BENCH v=1 run=704950670634 event=present frame_id=1664 t_ns=728296642000 presented=1 clock=monotonic
K230_CARD_BENCH v=1 run=704950670634 event=present frame_id=1663 t_ns=728277481000 presented=1 clock=monotonic
K230_CARD_BENCH v=1 run=704950670634 event=present frame_id=1662 t_ns=728258320000 presented=1 clock=monotonic
K230_CARD_BENCH v=1 run=704950670634 event=present frame_id=1661 t_ns=728239160000 presented=1 clock=monotonic
K230_CARD_BENCH v=1 run=704950670634 event=present frame_id=1660 t_ns=728219999000 presented=1 clock=monotonic
K230_CARD_BENCH v=1 run=704950670634 event=present frame_id=1659 t_ns=728200840000 presented=1 clock=monotonic
K230_CARD_BENCH v=1 run=704950670634 event=present frame_id=1658 t_ns=728181678000 presented=1 clock=monotonic
K230_CARD_BENCH v=1 run=704950670634 event=present frame_id=1657 t_ns=728143357000 presented=1 clock=monotonic
K230_CARD_BENCH v=1 run=704950670634 event=present frame_id=1656 t_ns=728124198000 presented=1 clock=monotonic
K230_CARD_BENCH v=1 run=704950670634 event=present frame_id=1655 t_ns=728105036000 presented=1 clock=monotonic
K230_CARD_BENCH v=1 run=704950670634 event=present frame_id=1654 t_ns=728085876000 presented=1 clock=monotonic
K230_CARD_BENCH v=1 run=704950670634 event=present frame_id=1653 t_ns=728066716000 presented=1 clock=monotonic
K230_CARD_BENCH v=1 run=704950670634 event=present frame_id=1652 t_ns=728047554000 presented=1 clock=monotonic
K230_CARD_BENCH v=1 run=704950670634 event=present frame_id=1651 t_ns=728028394000 presented=1 clock=monotonic
K230_CARD_BENCH v=1 run=704950670634 event=present frame_id=1650 t_ns=727990073000 presented=1 clock=monotonic
K230_CARD_BENCH v=1 run=704950670634 event=present frame_id=1649 t_ns=727970911000 presented=1 clock=monotonic
K230_CARD_BENCH v=1 run=704950670634 event=present frame_id=1648 t_ns=727951751000 presented=1 clock=monotonic
K230_CARD_BENCH v=1 run=704950670634 event=present frame_id=1647 t_ns=727932592000 presented=1 clock=monotonic
K230_CARD_BENCH v=1 run=704950670634 event=present frame_id=1646 t_ns=727913431000 presented=1 clock=monotonic
K230_CARD_BENCH v=1 run=704950670634 event=present frame_id=1645 t_ns=727894270000 presented=1 clock=monotonic
K230_CARD_BENCH v=1 run=704950670634 event=present frame_id=1644 t_ns=727875107000 presented=1 clock=monotonic
K230_CARD_BENCH v=1 run=704950670634 event=present frame_id=1643 t_ns=727855948000 presented=1 clock=monotonic
K230_CARD_BENCH v=1 run=704950670634 event=present frame_id=1642 t_ns=727817641000 presented=1 clock=monotonic
K230_CARD_BENCH v=1 run=704950670634 event=present frame_id=1641 t_ns=727798466000 presented=1 clock=monotonic
K230_CARD_BENCH v=1 run=704950670634 event=present frame_id=1640 t_ns=727779306000 presented=1 clock=monotonic
K230_CARD_BENCH v=1 run=704950670634 event=present frame_id=1639 t_ns=727760145000 presented=1 clock=monotonic
K230_CARD_BENCH v=1 run=704950670634 event=present frame_id=1638 t_ns=727740985000 presented=1 clock=monotonic
K230_CARD_BENCH v=1 run=704950670634 event=present frame_id=1637 t_ns=727721824000 presented=1 clock=monotonic
K230_CARD_BENCH v=1 run=704950670634 event=present frame_id=1636 t_ns=727702663000 presented=1 clock=monotonic
K230_CARD_BENCH v=1 run=704950670634 event=present frame_id=1635 t_ns=727683503000 presented=1 clock=monotonic
K230_CARD_BENCH v=1 run=704950670634 event=present frame_id=1634 t_ns=727645180000 presented=1 clock=monotonic
K230_CARD_BENCH v=1 run=704950670634 event=present frame_id=1633 t_ns=727626021000 presented=1 clock=monotonic
K230_CARD_BENCH v=1 run=704950670634 event=present frame_id=1632 t_ns=727606861000 presented=1 clock=monotonic
K230_CARD_BENCH v=1 run=704950670634 event=present frame_id=1631 t_ns=727587700000 presented=1 clock=monotonic
K230_CARD_BENCH v=1 run=704950670634 event=present frame_id=1630 t_ns=727568539000 presented=1 clock=monotonic
K230_CARD_BENCH v=1 run=704950670634 event=present frame_id=1629 t_ns=727549378000 presented=1 clock=monotonic
K230_CARD_BENCH v=1 run=704950670634 event=present frame_id=1628 t_ns=727530218000 presented=1 clock=monotonic
K230_CARD_BENCH v=1 run=704950670634 event=present frame_id=1627 t_ns=727491897000 presented=1 clock=monotonic
K230_CARD_BENCH v=1 run=704950670634 event=present frame_id=1626 t_ns=727472736000 presented=1 clock=monotonic
K230_CARD_BENCH v=1 run=704950670634 event=present frame_id=1625 t_ns=727453578000 presented=1 clock=monotonic
K230_CARD_BENCH v=1 run=704950670634 event=present frame_id=1624 t_ns=727415256000 presented=1 clock=monotonic
K230_CARD_BENCH v=1 run=704950670634 event=present frame_id=1623 t_ns=727376934000 presented=1 clock=monotonic
K230_CARD_BENCH v=1 run=704950670634 event=resource phase=restored t_ns=727368158574 cpu_ns=36015156000 memory_bytes=28893184 scope=session
K230_CARD_BENCH v=1 run=704950670634 event=resource phase=restored t_ns=727368158574 cpu_ns=22612378362 memory_bytes=35790848 scope=compositor
K230_CARD_BENCH v=1 run=704950670634 event=present frame_id=1622 t_ns=727338613000 presented=1 clock=monotonic
K230_CARD_BENCH v=1 run=704950670634 event=present frame_id=1621 t_ns=727300292000 presented=1 clock=monotonic
K230_CARD_BENCH v=1 run=704950670634 event=present frame_id=1620 t_ns=727261969000 presented=1 clock=monotonic
K230_CARD_BENCH v=1 run=704950670634 event=present frame_id=1619 t_ns=727223649000 presented=1 clock=monotonic
K230_CARD_BENCH v=1 run=704950670634 event=present frame_id=1618 t_ns=727185328000 presented=1 clock=monotonic
K230_CARD_BENCH v=1 run=704950670634 event=present frame_id=1617 t_ns=727147007000 presented=1 clock=monotonic
K230_CARD_BENCH v=1 run=704950670634 event=present frame_id=1616 t_ns=727089528000 presented=1 clock=monotonic
K230_CARD_BENCH v=1 run=704950670634 event=present frame_id=1615 t_ns=727070366000 presented=1 clock=monotonic
K230_CARD_BENCH v=1 run=704950670634 event=present frame_id=1614 t_ns=727051228000 presented=1 clock=monotonic
K230_CARD_BENCH v=1 run=704950670634 event=present frame_id=1613 t_ns=727012881000 presented=1 clock=monotonic
K230_CARD_BENCH v=1 run=704950670634 event=present frame_id=1612 t_ns=726993721000 presented=1 clock=monotonic
K230_CARD_BENCH v=1 run=704950670634 event=present frame_id=1611 t_ns=726955400000 presented=1 clock=monotonic
K230_CARD_BENCH v=1 run=704950670634 event=present frame_id=1610 t_ns=726936241000 presented=1 clock=monotonic
K230_CARD_BENCH v=1 run=704950670634 event=present frame_id=1609 t_ns=726917079000 presented=1 clock=monotonic
K230_CARD_BENCH v=1 run=704950670634 event=present frame_id=1608 t_ns=726897919000 presented=1 clock=monotonic
K230_CARD_BENCH v=1 run=704950670634 event=present frame_id=1607 t_ns=726878758000 presented=1 clock=monotonic
K230_CARD_BENCH v=1 run=704950670634 event=present frame_id=1606 t_ns=726859597000 presented=1 clock=monotonic
K230_CARD_BENCH v=1 run=704950670634 event=present frame_id=1605 t_ns=726840439000 presented=1 clock=monotonic
K230_CARD_BENCH v=1 run=704950670634 event=present frame_id=1604 t_ns=726802116000 presented=1 clock=monotonic
K230_CARD_BENCH v=1 run=704950670634 event=present frame_id=1603 t_ns=726782954000 presented=1 clock=monotonic
K230_CARD_BENCH v=1 run=704950670634 event=present frame_id=1602 t_ns=726763794000 presented=1 clock=monotonic
K230_CARD_BENCH v=1 run=704950670634 event=present frame_id=1601 t_ns=726744635000 presented=1 clock=monotonic
K230_CARD_BENCH v=1 run=704950670634 event=present frame_id=1600 t_ns=726725472000 presented=1 clock=monotonic
K230_CARD_BENCH v=1 run=704950670634 event=present frame_id=1599 t_ns=726706312000 presented=1 clock=monotonic
K230_CARD_BENCH v=1 run=704950670634 event=present frame_id=1598 t_ns=726687152000 presented=1 clock=monotonic
K230_CARD_BENCH v=1 run=704950670634 event=present frame_id=1597 t_ns=726648831000 presented=1 clock=monotonic
K230_CARD_BENCH v=1 run=704950670634 event=present frame_id=1596 t_ns=726629670000 presented=1 clock=monotonic
K230_CARD_BENCH v=1 run=704950670634 event=present frame_id=1595 t_ns=726610510000 presented=1 clock=monotonic
K230_CARD_BENCH v=1 run=704950670634 event=present frame_id=1594 t_ns=726572191000 presented=1 clock=monotonic
K230_CARD_BENCH v=1 run=704950670634 event=present frame_id=1593 t_ns=726553028000 presented=1 clock=monotonic
K230_CARD_BENCH v=1 run=704950670634 event=present frame_id=1592 t_ns=726533867000 presented=1 clock=monotonic
K230_CARD_BENCH v=1 run=704950670634 event=present frame_id=1591 t_ns=726495546000 presented=1 clock=monotonic
K230_CARD_BENCH v=1 run=704950670634 event=present frame_id=1590 t_ns=726476385000 presented=1 clock=monotonic
K230_CARD_BENCH v=1 run=704950670634 event=present frame_id=1589 t_ns=726457225000 presented=1 clock=monotonic
K230_CARD_BENCH v=1 run=704950670634 event=present frame_id=1588 t_ns=726418904000 presented=1 clock=monotonic
K230_CARD_BENCH v=1 run=704950670634 event=present frame_id=1587 t_ns=726399743000 presented=1 clock=monotonic
K230_CARD_BENCH v=1 run=704950670634 event=present frame_id=1586 t_ns=726380583000 presented=1 clock=monotonic
K230_CARD_BENCH v=1 run=704950670634 event=present frame_id=1585 t_ns=726342260000 presented=1 clock=monotonic
K230_CARD_BENCH v=1 run=704950670634 event=resource phase=restored t_ns=726344316062 cpu_ns=35290748000 memory_bytes=27480064 scope=session
K230_CARD_BENCH v=1 run=704950670634 event=resource phase=restored t_ns=726344316062 cpu_ns=22249699504 memory_bytes=34480128 scope=compositor
K230_CARD_BENCH v=1 run=704950670634 event=present frame_id=1584 t_ns=726323101000 presented=1 clock=monotonic
K230_CARD_BENCH v=1 run=704950670634 event=present frame_id=1583 t_ns=726303940000 presented=1 clock=monotonic
K230_CARD_BENCH v=1 run=704950670634 event=present frame_id=1582 t_ns=726265619000 presented=1 clock=monotonic
K230_CARD_BENCH v=1 run=704950670634 event=present frame_id=1581 t_ns=726246461000 presented=1 clock=monotonic
K230_CARD_BENCH v=1 run=704950670634 event=present frame_id=1580 t_ns=726227297000 presented=1 clock=monotonic
K230_CARD_BENCH v=1 run=704950670634 event=present frame_id=1579 t_ns=726208136000 presented=1 clock=monotonic
K230_CARD_BENCH v=1 run=704950670634 event=present frame_id=1578 t_ns=726188976000 presented=1 clock=monotonic
K230_CARD_BENCH v=1 run=704950670634 event=present frame_id=1577 t_ns=726150656000 presented=1 clock=monotonic
K230_CARD_BENCH v=1 run=704950670634 event=present frame_id=1576 t_ns=726131494000 presented=1 clock=monotonic
K230_CARD_BENCH v=1 run=704950670634 event=present frame_id=1575 t_ns=726112334000 presented=1 clock=monotonic
K230_CARD_BENCH v=1 run=704950670634 event=present frame_id=1574 t_ns=726093173000 presented=1 clock=monotonic
K230_CARD_BENCH v=1 run=704950670634 event=present frame_id=1573 t_ns=726074013000 presented=1 clock=monotonic
K230_CARD_BENCH v=1 run=704950670634 event=present frame_id=1572 t_ns=726054852000 presented=1 clock=monotonic
K230_CARD_BENCH v=1 run=704950670634 event=present frame_id=1571 t_ns=726035691000 presented=1 clock=monotonic
K230_CARD_BENCH v=1 run=704950670634 event=present frame_id=1570 t_ns=725997369000 presented=1 clock=monotonic
K230_CARD_BENCH v=1 run=704950670634 event=present frame_id=1569 t_ns=725978209000 presented=1 clock=monotonic
K230_CARD_BENCH v=1 run=704950670634 event=present frame_id=1568 t_ns=725959048000 presented=1 clock=monotonic
K230_CARD_BENCH v=1 run=704950670634 event=present frame_id=1567 t_ns=725939889000 presented=1 clock=monotonic
K230_CARD_BENCH v=1 run=704950670634 event=present frame_id=1566 t_ns=725920728000 presented=1 clock=monotonic
K230_CARD_BENCH v=1 run=704950670634 event=present frame_id=1565 t_ns=725901567000 presented=1 clock=monotonic
K230_CARD_BENCH v=1 run=704950670634 event=present frame_id=1564 t_ns=725882406000 presented=1 clock=monotonic
K230_CARD_BENCH v=1 run=704950670634 event=present frame_id=1563 t_ns=725863246000 presented=1 clock=monotonic
K230_CARD_BENCH v=1 run=704950670634 event=present frame_id=1562 t_ns=725824933000 presented=1 clock=monotonic
K230_CARD_BENCH v=1 run=704950670634 event=present frame_id=1561 t_ns=725805764000 presented=1 clock=monotonic
K230_CARD_BENCH v=1 run=704950670634 event=present frame_id=1560 t_ns=725786604000 presented=1 clock=monotonic
K230_CARD_BENCH v=1 run=704950670634 event=present frame_id=1559 t_ns=725767443000 presented=1 clock=monotonic
K230_CARD_BENCH v=1 run=704950670634 event=present frame_id=1558 t_ns=725748283000 presented=1 clock=monotonic
K230_CARD_BENCH v=1 run=704950670634 event=present frame_id=1557 t_ns=725729122000 presented=1 clock=monotonic
K230_CARD_BENCH v=1 run=704950670634 event=present frame_id=1556 t_ns=725709960000 presented=1 clock=monotonic
K230_CARD_BENCH v=1 run=704950670634 event=present frame_id=1555 t_ns=725690800000 presented=1 clock=monotonic
K230_CARD_BENCH v=1 run=704950670634 event=present frame_id=1554 t_ns=725652479000 presented=1 clock=monotonic
K230_CARD_BENCH v=1 run=704950670634 event=present frame_id=1553 t_ns=725633318000 presented=1 clock=monotonic
K230_CARD_BENCH v=1 run=704950670634 event=present frame_id=1552 t_ns=725614158000 presented=1 clock=monotonic
K230_CARD_BENCH v=1 run=704950670634 event=present frame_id=1551 t_ns=725594998000 presented=1 clock=monotonic
K230_CARD_BENCH v=1 run=704950670634 event=present frame_id=1550 t_ns=725575837000 presented=1 clock=monotonic
K230_CARD_SHELL frame-cost run=704950670634 frame_id=1550 total_cpu_ns=11338507 render_cpu_ns=8778543 input_cpu_ns=2350817
K230_CARD_BENCH v=1 run=704950670634 event=submit input_id=537 frame_id=1550 t_ns=725566590539 update_cpu_ns=11338507 final=1
K230_CARD_BENCH v=1 run=704950670634 event=present frame_id=1549 t_ns=725556676000 presented=1 clock=monotonic
K230_CARD_BENCH v=1 run=704950670634 event=input input_id=537 gesture_id=54 kind=release t_ns=725542506772 source=injected
K230_CARD_SHELL restored focus=7 message=0
K230_CARD_SHELL mirror-release id=9
K230_CARD_SHELL mirror-release id=9
K230_CARD_SHELL mirror-release id=7
K230_CARD_SHELL mirror-release id=7
K230_CARD_BENCH v=1 run=704950670634 event=present frame_id=1548 t_ns=725518354000 presented=1 clock=monotonic
K230_CARD_BENCH v=1 run=704950670634 event=present frame_id=1547 t_ns=725499194000 presented=1 clock=monotonic
K230_CARD_BENCH v=1 run=704950670634 event=present frame_id=1546 t_ns=725460873000 presented=1 clock=monotonic
K230_CARD_BENCH v=1 run=704950670634 event=present frame_id=1545 t_ns=725441713000 presented=1 clock=monotonic
K230_CARD_SHELL state mode=2 actions=1 message=0 cards=2
K230_CARD_BENCH v=1 run=704950670634 event=present frame_id=1544 t_ns=725403390000 presented=1 clock=monotonic
K230_CARD_BENCH v=1 run=704950670634 event=present frame_id=1543 t_ns=725384230000 presented=1 clock=monotonic
K230_CARD_BENCH v=1 run=704950670634 event=present frame_id=1542 t_ns=725345910000 presented=1 clock=monotonic
K230_CARD_BENCH v=1 run=704950670634 event=resource phase=active t_ns=725344194156 cpu_ns=34468659000 memory_bytes=27639808 scope=session
K230_CARD_BENCH v=1 run=704950670634 event=resource phase=active t_ns=725344194156 cpu_ns=21809700439 memory_bytes=34480128 scope=compositor
K230_CARD_BENCH v=1 run=704950670634 event=present frame_id=1541 t_ns=725326749000 presented=1 clock=monotonic
K230_CARD_BENCH v=1 run=704950670634 event=present frame_id=1540 t_ns=725288428000 presented=1 clock=monotonic
K230_CARD_BENCH v=1 run=704950670634 event=present frame_id=1539 t_ns=725269267000 presented=1 clock=monotonic
K230_CARD_BENCH v=1 run=704950670634 event=present frame_id=1538 t_ns=725230946000 presented=1 clock=monotonic
K230_CARD_BENCH v=1 run=704950670634 event=present frame_id=1537 t_ns=725211785000 presented=1 clock=monotonic
K230_CARD_BENCH v=1 run=704950670634 event=present frame_id=1536 t_ns=725173463000 presented=1 clock=monotonic
K230_CARD_BENCH v=1 run=704950670634 event=present frame_id=1535 t_ns=725154305000 presented=1 clock=monotonic
K230_CARD_SHELL frame-cost run=704950670634 frame_id=1535 total_cpu_ns=17770669 render_cpu_ns=13985928 input_cpu_ns=3401631
K230_CARD_BENCH v=1 run=704950670634 event=submit input_id=536 frame_id=1535 t_ns=725152554247 update_cpu_ns=17770669 final=1
K230_CARD_BENCH v=1 run=704950670634 event=submit input_id=535 frame_id=1535 t_ns=725152554247 update_cpu_ns=17770669 final=0
K230_CARD_BENCH v=1 run=704950670634 event=submit input_id=534 frame_id=1535 t_ns=725152554247 update_cpu_ns=17770669 final=0
K230_CARD_BENCH v=1 run=704950670634 event=present frame_id=1534 t_ns=725115983000 presented=1 clock=monotonic
K230_CARD_BENCH v=1 run=704950670634 event=input input_id=536 gesture_id=53 kind=release t_ns=725116754531 source=injected
K230_CARD_SHELL state mode=1 actions=1 message=0 cards=2
K230_CARD_BENCH v=1 run=704950670634 event=input input_id=535 gesture_id=53 kind=motion t_ns=725112793698 source=injected
K230_CARD_SHELL state mode=2 actions=1 message=0 cards=2
K230_CARD_BENCH v=1 run=704950670634 event=input input_id=534 gesture_id=53 kind=motion t_ns=725112100498 source=injected
K230_CARD_SHELL state mode=2 actions=1 message=0 cards=2
K230_CARD_SHELL frame-cost run=704950670634 frame_id=1534 total_cpu_ns=22648259 render_cpu_ns=19723300 input_cpu_ns=2660361
K230_CARD_BENCH v=1 run=704950670634 event=submit input_id=533 frame_id=1534 t_ns=725104278569 update_cpu_ns=22648259 final=0
K230_CARD_BENCH v=1 run=704950670634 event=submit input_id=532 frame_id=1534 t_ns=725104278569 update_cpu_ns=22648259 final=0
K230_CARD_BENCH v=1 run=704950670634 event=submit input_id=531 frame_id=1534 t_ns=725104278569 update_cpu_ns=22648259 final=0
K230_CARD_BENCH v=1 run=704950670634 event=submit input_id=530 frame_id=1534 t_ns=725104278569 update_cpu_ns=22648259 final=0
K230_CARD_BENCH v=1 run=704950670634 event=submit input_id=529 frame_id=1534 t_ns=725104278569 update_cpu_ns=22648259 final=0
K230_CARD_BENCH v=1 run=704950670634 event=present frame_id=1533 t_ns=725077663000 presented=1 clock=monotonic
K230_CARD_BENCH v=1 run=704950670634 event=input input_id=533 gesture_id=53 kind=motion t_ns=725080711822 source=injected
K230_CARD_SHELL state mode=2 actions=1 message=0 cards=2
K230_CARD_BENCH v=1 run=704950670634 event=input input_id=532 gesture_id=53 kind=motion t_ns=725077837472 source=injected
K230_CARD_SHELL state mode=2 actions=1 message=0 cards=2
K230_CARD_BENCH v=1 run=704950670634 event=input input_id=531 gesture_id=53 kind=motion t_ns=725075079674 source=injected
K230_CARD_SHELL state mode=2 actions=1 message=0 cards=2
K230_CARD_BENCH v=1 run=704950670634 event=input input_id=530 gesture_id=53 kind=motion t_ns=725074507729 source=injected
K230_CARD_SHELL state mode=2 actions=1 message=0 cards=2
K230_CARD_BENCH v=1 run=704950670634 event=input input_id=529 gesture_id=53 kind=motion t_ns=725073902638 source=injected
K230_CARD_SHELL state mode=2 actions=1 message=0 cards=2
K230_CARD_SHELL frame-cost run=704950670634 frame_id=1533 total_cpu_ns=20965976 render_cpu_ns=19434235 input_cpu_ns=1280965
K230_CARD_BENCH v=1 run=704950670634 event=submit input_id=528 frame_id=1533 t_ns=725073014630 update_cpu_ns=20965976 final=0
K230_CARD_BENCH v=1 run=704950670634 event=submit input_id=527 frame_id=1533 t_ns=725073014630 update_cpu_ns=20965976 final=0
K230_CARD_BENCH v=1 run=704950670634 event=submit input_id=526 frame_id=1533 t_ns=725073014630 update_cpu_ns=20965976 final=0
K230_CARD_BENCH v=1 run=704950670634 event=present frame_id=1532 t_ns=725039340000 presented=1 clock=monotonic
K230_CARD_BENCH v=1 run=704950670634 event=input input_id=528 gesture_id=53 kind=motion t_ns=725037277319 source=injected
K230_CARD_SHELL state mode=2 actions=1 message=0 cards=2
K230_CARD_BENCH v=1 run=704950670634 event=input input_id=527 gesture_id=53 kind=motion t_ns=725036694338 source=injected
K230_CARD_SHELL state mode=2 actions=1 message=0 cards=2
K230_CARD_BENCH v=1 run=704950670634 event=input input_id=526 gesture_id=53 kind=motion t_ns=725036055026 source=injected
K230_CARD_SHELL state mode=2 actions=1 message=0 cards=2
K230_CARD_SHELL frame-cost run=704950670634 frame_id=1532 total_cpu_ns=22202185 render_cpu_ns=18151628 input_cpu_ns=3569520
K230_CARD_BENCH v=1 run=704950670634 event=submit input_id=525 frame_id=1532 t_ns=725021972894 update_cpu_ns=22202185 final=0
K230_CARD_BENCH v=1 run=704950670634 event=submit input_id=524 frame_id=1532 t_ns=725021972894 update_cpu_ns=22202185 final=0
K230_CARD_BENCH v=1 run=704950670634 event=submit input_id=523 frame_id=1532 t_ns=725021972894 update_cpu_ns=22202185 final=0
K230_CARD_BENCH v=1 run=704950670634 event=submit input_id=522 frame_id=1532 t_ns=725021972894 update_cpu_ns=22202185 final=0
K230_CARD_BENCH v=1 run=704950670634 event=submit input_id=521 frame_id=1532 t_ns=725021972894 update_cpu_ns=22202185 final=0
K230_CARD_BENCH v=1 run=704950670634 event=submit input_id=520 frame_id=1532 t_ns=725021972894 update_cpu_ns=22202185 final=0
K230_CARD_BENCH v=1 run=704950670634 event=submit input_id=519 frame_id=1532 t_ns=725021972894 update_cpu_ns=22202185 final=0
K230_CARD_BENCH v=1 run=704950670634 event=submit input_id=518 frame_id=1532 t_ns=725021972894 update_cpu_ns=22202185 final=0
K230_CARD_BENCH v=1 run=704950670634 event=present frame_id=1531 t_ns=725001021000 presented=1 clock=monotonic
K230_CARD_BENCH v=1 run=704950670634 event=input input_id=525 gesture_id=53 kind=motion t_ns=725000594852 source=injected
K230_CARD_SHELL state mode=2 actions=1 message=0 cards=2
K230_CARD_BENCH v=1 run=704950670634 event=input input_id=524 gesture_id=53 kind=motion t_ns=724991740326 source=injected
K230_CARD_SHELL state mode=2 actions=1 message=0 cards=2
K230_CARD_BENCH v=1 run=704950670634 event=input input_id=523 gesture_id=53 kind=motion t_ns=724988707240 source=injected
K230_CARD_SHELL state mode=2 actions=1 message=0 cards=2
K230_CARD_BENCH v=1 run=704950670634 event=input input_id=522 gesture_id=53 kind=motion t_ns=724986971037 source=injected
K230_CARD_SHELL state mode=2 actions=1 message=0 cards=2
K230_CARD_BENCH v=1 run=704950670634 event=input input_id=521 gesture_id=53 kind=motion t_ns=724986484868 source=injected
K230_CARD_SHELL state mode=2 actions=1 message=0 cards=2
K230_CARD_BENCH v=1 run=704950670634 event=input input_id=520 gesture_id=53 kind=motion t_ns=724984740740 source=injected
K230_CARD_SHELL state mode=2 actions=1 message=0 cards=2
K230_CARD_BENCH v=1 run=704950670634 event=input input_id=519 gesture_id=53 kind=motion t_ns=724984250756 source=injected
K230_CARD_SHELL state mode=2 actions=1 message=0 cards=2
K230_CARD_BENCH v=1 run=704950670634 event=input input_id=518 gesture_id=53 kind=motion t_ns=724982649512 source=injected
K230_CARD_SHELL state mode=2 actions=1 message=0 cards=2
K230_CARD_BENCH v=1 run=704950670634 event=present frame_id=1530 t_ns=724943538000 presented=1 clock=monotonic
K230_CARD_SHELL frame-cost run=704950670634 frame_id=1530 total_cpu_ns=15424848 render_cpu_ns=14436071 input_cpu_ns=825408
K230_CARD_BENCH v=1 run=704950670634 event=submit input_id=517 frame_id=1530 t_ns=724941270713 update_cpu_ns=15424848 final=0
K230_CARD_BENCH v=1 run=704950670634 event=submit input_id=516 frame_id=1530 t_ns=724941270713 update_cpu_ns=15424848 final=0
K230_CARD_BENCH v=1 run=704950670634 event=present frame_id=1529 t_ns=724924376000 presented=1 clock=monotonic
K230_CARD_BENCH v=1 run=704950670634 event=input input_id=517 gesture_id=53 kind=motion t_ns=724920679496 source=injected
K230_CARD_SHELL state mode=2 actions=1 message=0 cards=2
K230_CARD_BENCH v=1 run=704950670634 event=input input_id=516 gesture_id=53 kind=motion t_ns=724915032199 source=injected
K230_CARD_SHELL state mode=2 actions=1 message=0 cards=2
K230_CARD_SHELL state mode=2 actions=1 message=0 cards=2
K230_CARD_BENCH v=1 run=704950670634 event=present frame_id=1528 t_ns=724886058000 presented=1 clock=monotonic
K230_CARD_BENCH v=1 run=704950670634 event=present frame_id=1527 t_ns=724866894000 presented=1 clock=monotonic
K230_CARD_BENCH v=1 run=704950670634 event=present frame_id=1526 t_ns=724828573000 presented=1 clock=monotonic
K230_CARD_BENCH v=1 run=704950670634 event=present frame_id=1525 t_ns=724809412000 presented=1 clock=monotonic
K230_CARD_BENCH v=1 run=704950670634 event=present frame_id=1524 t_ns=724771089000 presented=1 clock=monotonic
K230_CARD_BENCH v=1 run=704950670634 event=present frame_id=1523 t_ns=724751931000 presented=1 clock=monotonic
K230_CARD_BENCH v=1 run=704950670634 event=present frame_id=1522 t_ns=724713608000 presented=1 clock=monotonic
K230_CARD_BENCH v=1 run=704950670634 event=present frame_id=1521 t_ns=724694453000 presented=1 clock=monotonic
K230_CARD_BENCH v=1 run=704950670634 event=present frame_id=1520 t_ns=724656126000 presented=1 clock=monotonic
K230_CARD_BENCH v=1 run=704950670634 event=present frame_id=1519 t_ns=724636966000 presented=1 clock=monotonic
K230_CARD_BENCH v=1 run=704950670634 event=present frame_id=1518 t_ns=724617809000 presented=1 clock=monotonic
K230_CARD_SHELL frame-cost run=704950670634 frame_id=1518 total_cpu_ns=18015736 render_cpu_ns=13936659 input_cpu_ns=3794408
K230_CARD_BENCH v=1 run=704950670634 event=submit input_id=515 frame_id=1518 t_ns=724614870212 update_cpu_ns=18015736 final=1
K230_CARD_BENCH v=1 run=704950670634 event=submit input_id=514 frame_id=1518 t_ns=724614870212 update_cpu_ns=18015736 final=0
K230_CARD_BENCH v=1 run=704950670634 event=submit input_id=513 frame_id=1518 t_ns=724614870212 update_cpu_ns=18015736 final=0
K230_CARD_BENCH v=1 run=704950670634 event=present frame_id=1517 t_ns=724579487000 presented=1 clock=monotonic
K230_CARD_BENCH v=1 run=704950670634 event=input input_id=515 gesture_id=52 kind=release t_ns=724588596402 source=injected
K230_CARD_SHELL state mode=1 actions=1 message=0 cards=2
K230_CARD_BENCH v=1 run=704950670634 event=input input_id=514 gesture_id=52 kind=motion t_ns=724587360591 source=injected
K230_CARD_SHELL state mode=2 actions=1 message=0 cards=2
K230_CARD_BENCH v=1 run=704950670634 event=input input_id=513 gesture_id=52 kind=motion t_ns=724586603949 source=injected
K230_CARD_SHELL state mode=2 actions=1 message=0 cards=2
K230_CARD_SHELL frame-cost run=704950670634 frame_id=1517 total_cpu_ns=23293745 render_cpu_ns=19773635 input_cpu_ns=3071664
K230_CARD_BENCH v=1 run=704950670634 event=submit input_id=512 frame_id=1517 t_ns=724578336367 update_cpu_ns=23293745 final=0
K230_CARD_BENCH v=1 run=704950670634 event=submit input_id=511 frame_id=1517 t_ns=724578336367 update_cpu_ns=23293745 final=0
K230_CARD_BENCH v=1 run=704950670634 event=submit input_id=510 frame_id=1517 t_ns=724578336367 update_cpu_ns=23293745 final=0
K230_CARD_BENCH v=1 run=704950670634 event=submit input_id=509 frame_id=1517 t_ns=724578336367 update_cpu_ns=23293745 final=0
K230_CARD_BENCH v=1 run=704950670634 event=submit input_id=508 frame_id=1517 t_ns=724578336367 update_cpu_ns=23293745 final=0
K230_CARD_BENCH v=1 run=704950670634 event=present frame_id=1516 t_ns=724541166000 presented=1 clock=monotonic
K230_CARD_BENCH v=1 run=704950670634 event=input input_id=512 gesture_id=52 kind=motion t_ns=724552167850 source=injected
K230_CARD_SHELL state mode=2 actions=1 message=0 cards=2
K230_CARD_BENCH v=1 run=704950670634 event=input input_id=511 gesture_id=52 kind=motion t_ns=724545497660 source=injected
K230_CARD_SHELL state mode=2 actions=1 message=0 cards=2
K230_CARD_BENCH v=1 run=704950670634 event=input input_id=510 gesture_id=52 kind=motion t_ns=724544143667 source=injected
K230_CARD_SHELL state mode=2 actions=1 message=0 cards=2
K230_CARD_BENCH v=1 run=704950670634 event=input input_id=509 gesture_id=52 kind=motion t_ns=724542584977 source=injected
K230_CARD_SHELL state mode=2 actions=1 message=0 cards=2
K230_CARD_BENCH v=1 run=704950670634 event=input input_id=508 gesture_id=52 kind=motion t_ns=724540293237 source=injected
K230_CARD_SHELL state mode=2 actions=1 message=0 cards=2
K230_CARD_SHELL frame-cost run=704950670634 frame_id=1516 total_cpu_ns=22292856 render_cpu_ns=19666117 input_cpu_ns=2340148
K230_CARD_BENCH v=1 run=704950670634 event=submit input_id=507 frame_id=1516 t_ns=724533608270 update_cpu_ns=22292856 final=0
K230_CARD_BENCH v=1 run=704950670634 event=submit input_id=506 frame_id=1516 t_ns=724533608270 update_cpu_ns=22292856 final=0
K230_CARD_BENCH v=1 run=704950670634 event=submit input_id=505 frame_id=1516 t_ns=724533608270 update_cpu_ns=22292856 final=0
K230_CARD_BENCH v=1 run=704950670634 event=submit input_id=504 frame_id=1516 t_ns=724533608270 update_cpu_ns=22292856 final=0
K230_CARD_BENCH v=1 run=704950670634 event=present frame_id=1515 t_ns=724502843000 presented=1 clock=monotonic
K230_CARD_BENCH v=1 run=704950670634 event=input input_id=507 gesture_id=52 kind=motion t_ns=724503039675 source=injected
K230_CARD_SHELL state mode=2 actions=1 message=0 cards=2
K230_CARD_BENCH v=1 run=704950670634 event=input input_id=506 gesture_id=52 kind=motion t_ns=724500085697 source=injected
K230_CARD_SHELL state mode=2 actions=1 message=0 cards=2
K230_CARD_BENCH v=1 run=704950670634 event=input input_id=505 gesture_id=52 kind=motion t_ns=724498366457 source=injected
K230_CARD_SHELL state mode=2 actions=1 message=0 cards=2
K230_CARD_BENCH v=1 run=704950670634 event=input input_id=504 gesture_id=52 kind=motion t_ns=724497290936 source=injected
K230_CARD_SHELL state mode=2 actions=1 message=0 cards=2
K230_CARD_SHELL frame-cost run=704950670634 frame_id=1515 total_cpu_ns=20113935 render_cpu_ns=18035455 input_cpu_ns=1730630
K230_CARD_BENCH v=1 run=704950670634 event=submit input_id=503 frame_id=1515 t_ns=724491881261 update_cpu_ns=20113935 final=0
K230_CARD_BENCH v=1 run=704950670634 event=submit input_id=502 frame_id=1515 t_ns=724491881261 update_cpu_ns=20113935 final=0
K230_CARD_BENCH v=1 run=704950670634 event=submit input_id=501 frame_id=1515 t_ns=724491881261 update_cpu_ns=20113935 final=0
K230_CARD_BENCH v=1 run=704950670634 event=submit input_id=500 frame_id=1515 t_ns=724491881261 update_cpu_ns=20113935 final=0
K230_CARD_BENCH v=1 run=704950670634 event=present frame_id=1514 t_ns=724464521000 presented=1 clock=monotonic
K230_CARD_BENCH v=1 run=704950670634 event=input input_id=503 gesture_id=52 kind=motion t_ns=724460381511 source=injected
K230_CARD_SHELL state mode=2 actions=1 message=0 cards=2
K230_CARD_BENCH v=1 run=704950670634 event=input input_id=502 gesture_id=52 kind=motion t_ns=724455525743 source=injected
K230_CARD_SHELL state mode=2 actions=1 message=0 cards=2
K230_CARD_BENCH v=1 run=704950670634 event=input input_id=501 gesture_id=52 kind=motion t_ns=724454997983 source=injected
K230_CARD_SHELL state mode=2 actions=1 message=0 cards=2
K230_CARD_BENCH v=1 run=704950670634 event=input input_id=500 gesture_id=52 kind=motion t_ns=724454391595 source=injected
K230_CARD_SHELL state mode=2 actions=1 message=0 cards=2
K230_CARD_SHELL frame-cost run=704950670634 frame_id=1514 total_cpu_ns=17815569 render_cpu_ns=16482940 input_cpu_ns=1094926
K230_CARD_BENCH v=1 run=704950670634 event=submit input_id=499 frame_id=1514 t_ns=724452312033 update_cpu_ns=17815569 final=0
K230_CARD_BENCH v=1 run=704950670634 event=submit input_id=498 frame_id=1514 t_ns=724452312033 update_cpu_ns=17815569 final=0
K230_CARD_BENCH v=1 run=704950670634 event=submit input_id=497 frame_id=1514 t_ns=724452312033 update_cpu_ns=17815569 final=0
K230_CARD_BENCH v=1 run=704950670634 event=present frame_id=1513 t_ns=724426202000 presented=1 clock=monotonic
K230_CARD_BENCH v=1 run=704950670634 event=input input_id=499 gesture_id=52 kind=motion t_ns=724424731748 source=injected
K230_CARD_SHELL state mode=2 actions=1 message=0 cards=2
K230_CARD_BENCH v=1 run=704950670634 event=input input_id=498 gesture_id=52 kind=motion t_ns=724424266022 source=injected
K230_CARD_SHELL state mode=2 actions=1 message=0 cards=2
K230_CARD_BENCH v=1 run=704950670634 event=input input_id=497 gesture_id=52 kind=motion t_ns=724420303485 source=injected
K230_CARD_SHELL state mode=2 actions=1 message=0 cards=2
K230_CARD_SHELL frame-cost run=704950670634 frame_id=1513 total_cpu_ns=15302449 render_cpu_ns=14505190 input_cpu_ns=619554
K230_CARD_BENCH v=1 run=704950670634 event=submit input_id=496 frame_id=1513 t_ns=724415430051 update_cpu_ns=15302449 final=0
K230_CARD_BENCH v=1 run=704950670634 event=submit input_id=495 frame_id=1513 t_ns=724415430051 update_cpu_ns=15302449 final=0
K230_CARD_BENCH v=1 run=704950670634 event=present frame_id=1512 t_ns=724387880000 presented=1 clock=monotonic
K230_CARD_BENCH v=1 run=704950670634 event=input input_id=496 gesture_id=52 kind=motion t_ns=724388473301 source=injected
K230_CARD_SHELL state mode=2 actions=1 message=0 cards=2
K230_CARD_BENCH v=1 run=704950670634 event=input input_id=495 gesture_id=52 kind=motion t_ns=724385247665 source=injected
K230_CARD_SHELL state mode=2 actions=1 message=0 cards=2
K230_CARD_BENCH v=1 run=704950670634 event=present frame_id=1511 t_ns=724368719000 presented=1 clock=monotonic
K230_CARD_SHELL state mode=2 actions=1 message=0 cards=2
K230_CARD_BENCH v=1 run=704950670634 event=present frame_id=1510 t_ns=724330397000 presented=1 clock=monotonic
K230_CARD_BENCH v=1 run=704950670634 event=resource phase=active t_ns=724327156560 cpu_ns=33716474000 memory_bytes=27639808 scope=session
K230_CARD_BENCH v=1 run=704950670634 event=resource phase=active t_ns=724327156560 cpu_ns=21263154268 memory_bytes=34480128 scope=compositor
K230_CARD_BENCH v=1 run=704950670634 event=present frame_id=1509 t_ns=724311236000 presented=1 clock=monotonic
K230_CARD_BENCH v=1 run=704950670634 event=present frame_id=1508 t_ns=724272914000 presented=1 clock=monotonic
K230_CARD_BENCH v=1 run=704950670634 event=present frame_id=1507 t_ns=724253754000 presented=1 clock=monotonic
K230_CARD_BENCH v=1 run=704950670634 event=present frame_id=1506 t_ns=724215432000 presented=1 clock=monotonic
K230_CARD_BENCH v=1 run=704950670634 event=present frame_id=1505 t_ns=724196273000 presented=1 clock=monotonic
K230_CARD_BENCH v=1 run=704950670634 event=present frame_id=1504 t_ns=724157951000 presented=1 clock=monotonic
K230_CARD_BENCH v=1 run=704950670634 event=present frame_id=1503 t_ns=724138792000 presented=1 clock=monotonic
K230_CARD_SHELL frame-cost run=704950670634 frame_id=1503 total_cpu_ns=18243077 render_cpu_ns=13843112 input_cpu_ns=4085779
K230_CARD_BENCH v=1 run=704950670634 event=submit input_id=494 frame_id=1503 t_ns=724121054913 update_cpu_ns=18243077 final=1
K230_CARD_BENCH v=1 run=704950670634 event=submit input_id=493 frame_id=1503 t_ns=724121054913 update_cpu_ns=18243077 final=0
K230_CARD_BENCH v=1 run=704950670634 event=submit input_id=492 frame_id=1503 t_ns=724121054913 update_cpu_ns=18243077 final=0
K230_CARD_BENCH v=1 run=704950670634 event=submit input_id=491 frame_id=1503 t_ns=724121054913 update_cpu_ns=18243077 final=0
K230_CARD_BENCH v=1 run=704950670634 event=present frame_id=1502 t_ns=724100471000 presented=1 clock=monotonic
K230_CARD_BENCH v=1 run=704950670634 event=input input_id=494 gesture_id=51 kind=release t_ns=724100795166 source=injected
K230_CARD_SHELL state mode=1 actions=1 message=0 cards=2
K230_CARD_BENCH v=1 run=704950670634 event=input input_id=493 gesture_id=51 kind=motion t_ns=724099624204 source=injected
K230_CARD_SHELL state mode=2 actions=1 message=0 cards=2
K230_CARD_BENCH v=1 run=704950670634 event=input input_id=492 gesture_id=51 kind=motion t_ns=724098952967 source=injected
K230_CARD_SHELL state mode=2 actions=1 message=0 cards=2
K230_CARD_BENCH v=1 run=704950670634 event=input input_id=491 gesture_id=51 kind=motion t_ns=724096894330 source=injected
K230_CARD_SHELL state mode=2 actions=1 message=0 cards=2
K230_CARD_BENCH v=1 run=704950670634 event=present frame_id=1501 t_ns=724062150000 presented=1 clock=monotonic
K230_CARD_SHELL frame-cost run=704950670634 frame_id=1501 total_cpu_ns=22201193 render_cpu_ns=20105935 input_cpu_ns=1806702
K230_CARD_BENCH v=1 run=704950670634 event=submit input_id=490 frame_id=1501 t_ns=724059713173 update_cpu_ns=22201193 final=0
K230_CARD_BENCH v=1 run=704950670634 event=submit input_id=489 frame_id=1501 t_ns=724059713173 update_cpu_ns=22201193 final=0
K230_CARD_BENCH v=1 run=704950670634 event=submit input_id=488 frame_id=1501 t_ns=724059713173 update_cpu_ns=22201193 final=0
K230_CARD_BENCH v=1 run=704950670634 event=submit input_id=487 frame_id=1501 t_ns=724059713173 update_cpu_ns=22201193 final=0
K230_CARD_BENCH v=1 run=704950670634 event=present frame_id=1500 t_ns=724023828000 presented=1 clock=monotonic
K230_CARD_BENCH v=1 run=704950670634 event=input input_id=490 gesture_id=51 kind=motion t_ns=724025961533 source=injected
K230_CARD_SHELL state mode=2 actions=1 message=0 cards=2
K230_CARD_BENCH v=1 run=704950670634 event=input input_id=489 gesture_id=51 kind=motion t_ns=724025405218 source=injected
K230_CARD_SHELL state mode=2 actions=1 message=0 cards=2
K230_CARD_BENCH v=1 run=704950670634 event=input input_id=488 gesture_id=51 kind=motion t_ns=724024835088 source=injected
K230_CARD_SHELL state mode=2 actions=1 message=0 cards=2
K230_CARD_BENCH v=1 run=704950670634 event=input input_id=487 gesture_id=51 kind=motion t_ns=724024189220 source=injected
K230_CARD_SHELL state mode=2 actions=1 message=0 cards=2
K230_CARD_SHELL frame-cost run=704950670634 frame_id=1500 total_cpu_ns=21672976 render_cpu_ns=19605939 input_cpu_ns=1680963
K230_CARD_BENCH v=1 run=704950670634 event=submit input_id=486 frame_id=1500 t_ns=724017306223 update_cpu_ns=21672976 final=0
K230_CARD_BENCH v=1 run=704950670634 event=submit input_id=485 frame_id=1500 t_ns=724017306223 update_cpu_ns=21672976 final=0
K230_CARD_BENCH v=1 run=704950670634 event=submit input_id=484 frame_id=1500 t_ns=724017306223 update_cpu_ns=21672976 final=0
K230_CARD_BENCH v=1 run=704950670634 event=submit input_id=483 frame_id=1500 t_ns=724017306223 update_cpu_ns=21672976 final=0
K230_CARD_BENCH v=1 run=704950670634 event=present frame_id=1499 t_ns=723985506000 presented=1 clock=monotonic
K230_CARD_BENCH v=1 run=704950670634 event=input input_id=486 gesture_id=51 kind=motion t_ns=723986316267 source=injected
K230_CARD_SHELL state mode=2 actions=1 message=0 cards=2
K230_CARD_BENCH v=1 run=704950670634 event=input input_id=485 gesture_id=51 kind=motion t_ns=723985772063 source=injected
K230_CARD_SHELL state mode=2 actions=1 message=0 cards=2
K230_CARD_BENCH v=1 run=704950670634 event=input input_id=484 gesture_id=51 kind=motion t_ns=723982865639 source=injected
K230_CARD_SHELL state mode=2 actions=1 message=0 cards=2
K230_CARD_BENCH v=1 run=704950670634 event=input input_id=483 gesture_id=51 kind=motion t_ns=723982240140 source=injected
K230_CARD_SHELL state mode=2 actions=1 message=0 cards=2
K230_CARD_SHELL live cards=2 commits=1086 sampled=2159 frame-done=2163 output-presented=968
K230_CARD_SHELL frame-cost run=704950670634 frame_id=1499 total_cpu_ns=20259233 render_cpu_ns=17825562 input_cpu_ns=2149118
K230_CARD_BENCH v=1 run=704950670634 event=submit input_id=482 frame_id=1499 t_ns=723977029976 update_cpu_ns=20259233 final=0
K230_CARD_BENCH v=1 run=704950670634 event=submit input_id=481 frame_id=1499 t_ns=723977029976 update_cpu_ns=20259233 final=0
K230_CARD_BENCH v=1 run=704950670634 event=submit input_id=480 frame_id=1499 t_ns=723977029976 update_cpu_ns=20259233 final=0
K230_CARD_BENCH v=1 run=704950670634 event=submit input_id=479 frame_id=1499 t_ns=723977029976 update_cpu_ns=20259233 final=0
K230_CARD_BENCH v=1 run=704950670634 event=present frame_id=1498 t_ns=723947188000 presented=1 clock=monotonic
K230_CARD_BENCH v=1 run=704950670634 event=input input_id=482 gesture_id=51 kind=motion t_ns=723948875409 source=injected
K230_CARD_SHELL state mode=2 actions=1 message=0 cards=2
K230_CARD_BENCH v=1 run=704950670634 event=input input_id=481 gesture_id=51 kind=motion t_ns=723945705809 source=injected
K230_CARD_SHELL state mode=2 actions=1 message=0 cards=2
K230_CARD_BENCH v=1 run=704950670634 event=input input_id=480 gesture_id=51 kind=motion t_ns=723939860332 source=injected
K230_CARD_SHELL state mode=2 actions=1 message=0 cards=2
K230_CARD_BENCH v=1 run=704950670634 event=input input_id=479 gesture_id=51 kind=motion t_ns=723939371681 source=injected
K230_CARD_SHELL state mode=2 actions=1 message=0 cards=2
K230_CARD_SHELL frame-cost run=704950670634 frame_id=1498 total_cpu_ns=17940128 render_cpu_ns=16479463 input_cpu_ns=1127778
K230_CARD_BENCH v=1 run=704950670634 event=submit input_id=478 frame_id=1498 t_ns=723934534061 update_cpu_ns=17940128 final=0
K230_CARD_BENCH v=1 run=704950670634 event=submit input_id=477 frame_id=1498 t_ns=723934534061 update_cpu_ns=17940128 final=0
K230_CARD_BENCH v=1 run=704950670634 event=submit input_id=476 frame_id=1498 t_ns=723934534061 update_cpu_ns=17940128 final=0
K230_CARD_BENCH v=1 run=704950670634 event=present frame_id=1497 t_ns=723908864000 presented=1 clock=monotonic
K230_CARD_BENCH v=1 run=704950670634 event=input input_id=478 gesture_id=51 kind=motion t_ns=723906189648 source=injected
K230_CARD_SHELL state mode=2 actions=1 message=0 cards=2
K230_CARD_BENCH v=1 run=704950670634 event=input input_id=477 gesture_id=51 kind=motion t_ns=723905642221 source=injected
K230_CARD_SHELL state mode=2 actions=1 message=0 cards=2
K230_CARD_BENCH v=1 run=704950670634 event=input input_id=476 gesture_id=51 kind=motion t_ns=723904307080 source=injected
K230_CARD_SHELL state mode=2 actions=1 message=0 cards=2
K230_CARD_SHELL frame-cost run=704950670634 frame_id=1497 total_cpu_ns=15198865 render_cpu_ns=14392828 input_cpu_ns=625890
K230_CARD_BENCH v=1 run=704950670634 event=submit input_id=475 frame_id=1497 t_ns=723897361379 update_cpu_ns=15198865 final=0
K230_CARD_BENCH v=1 run=704950670634 event=submit input_id=474 frame_id=1497 t_ns=723897361379 update_cpu_ns=15198865 final=0
K230_CARD_BENCH v=1 run=704950670634 event=present frame_id=1496 t_ns=723870544000 presented=1 clock=monotonic
K230_CARD_BENCH v=1 run=704950670634 event=input input_id=475 gesture_id=51 kind=motion t_ns=723872377783 source=injected
K230_CARD_SHELL state mode=2 actions=1 message=0 cards=2
K230_CARD_BENCH v=1 run=704950670634 event=input input_id=474 gesture_id=51 kind=motion t_ns=723867684232 source=injected
K230_CARD_SHELL state mode=2 actions=1 message=0 cards=2
K230_CARD_BENCH v=1 run=704950670634 event=present frame_id=1495 t_ns=723851382000 presented=1 clock=monotonic
K230_CARD_SHELL state mode=2 actions=1 message=0 cards=2
K230_CARD_BENCH v=1 run=704950670634 event=present frame_id=1494 t_ns=723813059000 presented=1 clock=monotonic
K230_CARD_BENCH v=1 run=704950670634 event=present frame_id=1493 t_ns=723793901000 presented=1 clock=monotonic
K230_CARD_BENCH v=1 run=704950670634 event=present frame_id=1492 t_ns=723755577000 presented=1 clock=monotonic
K230_CARD_BENCH v=1 run=704950670634 event=present frame_id=1491 t_ns=723736418000 presented=1 clock=monotonic
K230_CARD_BENCH v=1 run=704950670634 event=present frame_id=1490 t_ns=723698097000 presented=1 clock=monotonic
K230_CARD_BENCH v=1 run=704950670634 event=present frame_id=1489 t_ns=723678936000 presented=1 clock=monotonic
K230_CARD_BENCH v=1 run=704950670634 event=present frame_id=1488 t_ns=723640615000 presented=1 clock=monotonic
K230_CARD_BENCH v=1 run=704950670634 event=present frame_id=1487 t_ns=723621455000 presented=1 clock=monotonic
K230_CARD_BENCH v=1 run=704950670634 event=present frame_id=1486 t_ns=723583134000 presented=1 clock=monotonic
K230_CARD_SHELL frame-cost run=704950670634 frame_id=1486 total_cpu_ns=19864402 render_cpu_ns=13920037 input_cpu_ns=5291886
K230_CARD_BENCH v=1 run=704950670634 event=submit input_id=473 frame_id=1486 t_ns=723580345381 update_cpu_ns=19864402 final=1
K230_CARD_BENCH v=1 run=704950670634 event=submit input_id=472 frame_id=1486 t_ns=723580345381 update_cpu_ns=19864402 final=0
K230_CARD_BENCH v=1 run=704950670634 event=submit input_id=471 frame_id=1486 t_ns=723580345381 update_cpu_ns=19864402 final=0
K230_CARD_BENCH v=1 run=704950670634 event=submit input_id=470 frame_id=1486 t_ns=723580345381 update_cpu_ns=19864402 final=0
K230_CARD_BENCH v=1 run=704950670634 event=submit input_id=469 frame_id=1486 t_ns=723580345381 update_cpu_ns=19864402 final=0
K230_CARD_BENCH v=1 run=704950670634 event=submit input_id=468 frame_id=1486 t_ns=723580345381 update_cpu_ns=19864402 final=0
K230_CARD_BENCH v=1 run=704950670634 event=present frame_id=1485 t_ns=723563976000 presented=1 clock=monotonic
K230_CARD_BENCH v=1 run=704950670634 event=input input_id=473 gesture_id=50 kind=release t_ns=723559471541 source=injected
K230_CARD_SHELL state mode=1 actions=1 message=0 cards=2
K230_CARD_BENCH v=1 run=704950670634 event=input input_id=472 gesture_id=50 kind=motion t_ns=723557934406 source=injected
K230_CARD_SHELL state mode=2 actions=1 message=0 cards=2
K230_CARD_BENCH v=1 run=704950670634 event=input input_id=471 gesture_id=50 kind=motion t_ns=723556356050 source=injected
K230_CARD_SHELL state mode=2 actions=1 message=0 cards=2
K230_CARD_BENCH v=1 run=704950670634 event=input input_id=470 gesture_id=50 kind=motion t_ns=723554772286 source=injected
K230_CARD_SHELL state mode=2 actions=1 message=0 cards=2
K230_CARD_BENCH v=1 run=704950670634 event=input input_id=469 gesture_id=50 kind=motion t_ns=723553052861 source=injected
K230_CARD_SHELL state mode=2 actions=1 message=0 cards=2
K230_CARD_BENCH v=1 run=704950670634 event=input input_id=468 gesture_id=50 kind=motion t_ns=723552307959 source=injected
K230_CARD_SHELL state mode=2 actions=1 message=0 cards=2
K230_CARD_BENCH v=1 run=704950670634 event=present frame_id=1484 t_ns=723525653000 presented=1 clock=monotonic
K230_CARD_SHELL frame-cost run=704950670634 frame_id=1484 total_cpu_ns=22207188 render_cpu_ns=19725777 input_cpu_ns=2205928
K230_CARD_BENCH v=1 run=704950670634 event=submit input_id=467 frame_id=1484 t_ns=723523605039 update_cpu_ns=22207188 final=0
K230_CARD_BENCH v=1 run=704950670634 event=submit input_id=466 frame_id=1484 t_ns=723523605039 update_cpu_ns=22207188 final=0
K230_CARD_BENCH v=1 run=704950670634 event=submit input_id=465 frame_id=1484 t_ns=723523605039 update_cpu_ns=22207188 final=0
K230_CARD_BENCH v=1 run=704950670634 event=submit input_id=464 frame_id=1484 t_ns=723523605039 update_cpu_ns=22207188 final=0
K230_CARD_BENCH v=1 run=704950670634 event=present frame_id=1483 t_ns=723487331000 presented=1 clock=monotonic
K230_CARD_BENCH v=1 run=704950670634 event=input input_id=467 gesture_id=50 kind=motion t_ns=723485398170 source=injected
K230_CARD_SHELL state mode=2 actions=1 message=0 cards=2
K230_CARD_BENCH v=1 run=704950670634 event=input input_id=466 gesture_id=50 kind=motion t_ns=723482654518 source=injected
K230_CARD_SHELL state mode=2 actions=1 message=0 cards=2
K230_CARD_BENCH v=1 run=704950670634 event=input input_id=465 gesture_id=50 kind=motion t_ns=723480754357 source=injected
K230_CARD_SHELL state mode=2 actions=1 message=0 cards=2
K230_CARD_BENCH v=1 run=704950670634 event=input input_id=464 gesture_id=50 kind=motion t_ns=723476354056 source=injected
K230_CARD_SHELL state mode=2 actions=1 message=0 cards=2
K230_CARD_SHELL frame-cost run=704950670634 frame_id=1483 total_cpu_ns=21457599 render_cpu_ns=18713633 input_cpu_ns=2093042
K230_CARD_BENCH v=1 run=704950670634 event=submit input_id=463 frame_id=1483 t_ns=723469948783 update_cpu_ns=21457599 final=0
K230_CARD_BENCH v=1 run=704950670634 event=submit input_id=462 frame_id=1483 t_ns=723469948783 update_cpu_ns=21457599 final=0
K230_CARD_BENCH v=1 run=704950670634 event=submit input_id=461 frame_id=1483 t_ns=723469948783 update_cpu_ns=21457599 final=0
K230_CARD_BENCH v=1 run=704950670634 event=submit input_id=460 frame_id=1483 t_ns=723469948783 update_cpu_ns=21457599 final=0
K230_CARD_BENCH v=1 run=704950670634 event=present frame_id=1482 t_ns=723449009000 presented=1 clock=monotonic
K230_CARD_BENCH v=1 run=704950670634 event=input input_id=463 gesture_id=50 kind=motion t_ns=723443328795 source=injected
K230_CARD_SHELL state mode=2 actions=1 message=0 cards=2
K230_CARD_BENCH v=1 run=704950670634 event=input input_id=462 gesture_id=50 kind=motion t_ns=723439415330 source=injected
K230_CARD_SHELL state mode=2 actions=1 message=0 cards=2
K230_CARD_BENCH v=1 run=704950670634 event=input input_id=461 gesture_id=50 kind=motion t_ns=723437854233 source=injected
K230_CARD_SHELL state mode=2 actions=1 message=0 cards=2
K230_CARD_BENCH v=1 run=704950670634 event=input input_id=460 gesture_id=50 kind=motion t_ns=723435438422 source=injected
K230_CARD_SHELL state mode=2 actions=1 message=0 cards=2
K230_CARD_SHELL frame-cost run=704950670634 frame_id=1482 total_cpu_ns=19068298 render_cpu_ns=16956113 input_cpu_ns=1818484
K230_CARD_BENCH v=1 run=704950670634 event=submit input_id=459 frame_id=1482 t_ns=723434529452 update_cpu_ns=19068298 final=0
K230_CARD_BENCH v=1 run=704950670634 event=submit input_id=458 frame_id=1482 t_ns=723434529452 update_cpu_ns=19068298 final=0
K230_CARD_BENCH v=1 run=704950670634 event=submit input_id=457 frame_id=1482 t_ns=723434529452 update_cpu_ns=19068298 final=0
K230_CARD_BENCH v=1 run=704950670634 event=submit input_id=456 frame_id=1482 t_ns=723434529452 update_cpu_ns=19068298 final=0
K230_CARD_BENCH v=1 run=704950670634 event=submit input_id=455 frame_id=1482 t_ns=723434529452 update_cpu_ns=19068298 final=0
K230_CARD_BENCH v=1 run=704950670634 event=present frame_id=1481 t_ns=723410690000 presented=1 clock=monotonic
K230_CARD_BENCH v=1 run=704950670634 event=input input_id=459 gesture_id=50 kind=motion t_ns=723414015303 source=injected
K230_CARD_SHELL state mode=2 actions=1 message=0 cards=2
K230_CARD_BENCH v=1 run=704950670634 event=input input_id=458 gesture_id=50 kind=motion t_ns=723412062367 source=injected
K230_CARD_SHELL state mode=2 actions=1 message=0 cards=2
K230_CARD_BENCH v=1 run=704950670634 event=input input_id=457 gesture_id=50 kind=motion t_ns=723411519162 source=injected
K230_CARD_SHELL state mode=2 actions=1 message=0 cards=2
K230_CARD_BENCH v=1 run=704950670634 event=input input_id=456 gesture_id=50 kind=motion t_ns=723410003693 source=injected
K230_CARD_SHELL state mode=2 actions=1 message=0 cards=2
K230_CARD_BENCH v=1 run=704950670634 event=input input_id=455 gesture_id=50 kind=motion t_ns=723409537078 source=injected
K230_CARD_SHELL state mode=2 actions=1 message=0 cards=2
K230_CARD_BENCH v=1 run=704950670634 event=present frame_id=1480 t_ns=723372368000 presented=1 clock=monotonic
K230_CARD_SHELL frame-cost run=704950670634 frame_id=1480 total_cpu_ns=15260600 render_cpu_ns=14414564 input_cpu_ns=685258
K230_CARD_BENCH v=1 run=704950670634 event=submit input_id=454 frame_id=1480 t_ns=723370190875 update_cpu_ns=15260600 final=0
K230_CARD_BENCH v=1 run=704950670634 event=submit input_id=453 frame_id=1480 t_ns=723370190875 update_cpu_ns=15260600 final=0
K230_CARD_BENCH v=1 run=704950670634 event=present frame_id=1479 t_ns=723353209000 presented=1 clock=monotonic
K230_CARD_BENCH v=1 run=704950670634 event=input input_id=454 gesture_id=50 kind=motion t_ns=723352852290 source=injected
K230_CARD_SHELL state mode=2 actions=1 message=0 cards=2
K230_CARD_BENCH v=1 run=704950670634 event=input input_id=453 gesture_id=50 kind=motion t_ns=723346884410 source=injected
K230_CARD_SHELL state mode=2 actions=1 message=0 cards=2
K230_CARD_SHELL state mode=2 actions=1 message=0 cards=2
K230_CARD_BENCH v=1 run=704950670634 event=present frame_id=1478 t_ns=723314886000 presented=1 clock=monotonic
K230_CARD_BENCH v=1 run=704950670634 event=resource phase=active t_ns=723311878955 cpu_ns=32972793000 memory_bytes=27635712 scope=session
K230_CARD_BENCH v=1 run=704950670634 event=resource phase=active t_ns=723311878955 cpu_ns=20707626072 memory_bytes=34480128 scope=compositor
K230_CARD_BENCH v=1 run=704950670634 event=present frame_id=1477 t_ns=723295724000 presented=1 clock=monotonic
K230_CARD_BENCH v=1 run=704950670634 event=present frame_id=1476 t_ns=723257401000 presented=1 clock=monotonic
K230_CARD_BENCH v=1 run=704950670634 event=present frame_id=1475 t_ns=723238242000 presented=1 clock=monotonic
K230_CARD_BENCH v=1 run=704950670634 event=present frame_id=1474 t_ns=723199920000 presented=1 clock=monotonic
K230_CARD_BENCH v=1 run=704950670634 event=present frame_id=1473 t_ns=723180760000 presented=1 clock=monotonic
K230_CARD_BENCH v=1 run=704950670634 event=present frame_id=1472 t_ns=723142438000 presented=1 clock=monotonic
K230_CARD_BENCH v=1 run=704950670634 event=present frame_id=1471 t_ns=723123279000 presented=1 clock=monotonic
K230_CARD_BENCH v=1 run=704950670634 event=present frame_id=1470 t_ns=723084958000 presented=1 clock=monotonic
K230_CARD_BENCH v=1 run=704950670634 event=present frame_id=1469 t_ns=723065799000 presented=1 clock=monotonic
K230_CARD_SHELL frame-cost run=704950670634 frame_id=1469 total_cpu_ns=17062778 render_cpu_ns=13884226 input_cpu_ns=2930034
K230_CARD_BENCH v=1 run=704950670634 event=submit input_id=452 frame_id=1469 t_ns=723060924588 update_cpu_ns=17062778 final=1
K230_CARD_BENCH v=1 run=704950670634 event=submit input_id=451 frame_id=1469 t_ns=723060924588 update_cpu_ns=17062778 final=0
K230_CARD_BENCH v=1 run=704950670634 event=present frame_id=1468 t_ns=723027478000 presented=1 clock=monotonic
K230_CARD_BENCH v=1 run=704950670634 event=input input_id=452 gesture_id=49 kind=release t_ns=723036226095 source=injected
K230_CARD_SHELL state mode=1 actions=1 message=0 cards=2
K230_CARD_BENCH v=1 run=704950670634 event=input input_id=451 gesture_id=49 kind=motion t_ns=723032301148 source=injected
K230_CARD_SHELL state mode=2 actions=1 message=0 cards=2
K230_CARD_SHELL frame-cost run=704950670634 frame_id=1468 total_cpu_ns=22152856 render_cpu_ns=19650381 input_cpu_ns=2209774
K230_CARD_BENCH v=1 run=704950670634 event=submit input_id=450 frame_id=1468 t_ns=723026650257 update_cpu_ns=22152856 final=0
K230_CARD_BENCH v=1 run=704950670634 event=submit input_id=449 frame_id=1468 t_ns=723026650257 update_cpu_ns=22152856 final=0
K230_CARD_BENCH v=1 run=704950670634 event=submit input_id=448 frame_id=1468 t_ns=723026650257 update_cpu_ns=22152856 final=0
K230_CARD_BENCH v=1 run=704950670634 event=submit input_id=447 frame_id=1468 t_ns=723026650257 update_cpu_ns=22152856 final=0
K230_CARD_BENCH v=1 run=704950670634 event=present frame_id=1467 t_ns=722989155000 presented=1 clock=monotonic
K230_CARD_BENCH v=1 run=704950670634 event=input input_id=450 gesture_id=49 kind=motion t_ns=722998715348 source=injected
K230_CARD_SHELL state mode=2 actions=1 message=0 cards=2
K230_CARD_BENCH v=1 run=704950670634 event=input input_id=449 gesture_id=49 kind=motion t_ns=722996228392 source=injected
K230_CARD_SHELL state mode=2 actions=1 message=0 cards=2
K230_CARD_BENCH v=1 run=704950670634 event=input input_id=448 gesture_id=49 kind=motion t_ns=722990264474 source=injected
K230_CARD_SHELL state mode=2 actions=1 message=0 cards=2
K230_CARD_BENCH v=1 run=704950670634 event=input input_id=447 gesture_id=49 kind=motion t_ns=722989582903 source=injected
K230_CARD_SHELL state mode=2 actions=1 message=0 cards=2
K230_CARD_SHELL frame-cost run=704950670634 frame_id=1467 total_cpu_ns=22047265 render_cpu_ns=19544601 input_cpu_ns=2077482
K230_CARD_BENCH v=1 run=704950670634 event=submit input_id=446 frame_id=1467 t_ns=722984741726 update_cpu_ns=22047265 final=0
K230_CARD_BENCH v=1 run=704950670634 event=submit input_id=445 frame_id=1467 t_ns=722984741726 update_cpu_ns=22047265 final=0
K230_CARD_BENCH v=1 run=704950670634 event=submit input_id=444 frame_id=1467 t_ns=722984741726 update_cpu_ns=22047265 final=0
K230_CARD_BENCH v=1 run=704950670634 event=submit input_id=443 frame_id=1467 t_ns=722984741726 update_cpu_ns=22047265 final=0
K230_CARD_BENCH v=1 run=704950670634 event=present frame_id=1466 t_ns=722950836000 presented=1 clock=monotonic
K230_CARD_BENCH v=1 run=704950670634 event=input input_id=446 gesture_id=49 kind=motion t_ns=722958454354 source=injected
K230_CARD_SHELL state mode=2 actions=1 message=0 cards=2
K230_CARD_BENCH v=1 run=704950670634 event=input input_id=445 gesture_id=49 kind=motion t_ns=722951534319 source=injected
K230_CARD_SHELL state mode=2 actions=1 message=0 cards=2
K230_CARD_BENCH v=1 run=704950670634 event=input input_id=444 gesture_id=49 kind=motion t_ns=722950976041 source=injected
K230_CARD_SHELL state mode=2 actions=1 message=0 cards=2
K230_CARD_BENCH v=1 run=704950670634 event=input input_id=443 gesture_id=49 kind=motion t_ns=722948321645 source=injected
K230_CARD_SHELL state mode=2 actions=1 message=0 cards=2
K230_CARD_SHELL frame-cost run=704950670634 frame_id=1466 total_cpu_ns=21270003 render_cpu_ns=18742184 input_cpu_ns=2155743
K230_CARD_BENCH v=1 run=704950670634 event=submit input_id=442 frame_id=1466 t_ns=722944292331 update_cpu_ns=21270003 final=0
K230_CARD_BENCH v=1 run=704950670634 event=submit input_id=441 frame_id=1466 t_ns=722944292331 update_cpu_ns=21270003 final=0
K230_CARD_BENCH v=1 run=704950670634 event=submit input_id=440 frame_id=1466 t_ns=722944292331 update_cpu_ns=21270003 final=0
K230_CARD_BENCH v=1 run=704950670634 event=submit input_id=439 frame_id=1466 t_ns=722944292331 update_cpu_ns=21270003 final=0
K230_CARD_BENCH v=1 run=704950670634 event=present frame_id=1465 t_ns=722912516000 presented=1 clock=monotonic
K230_CARD_BENCH v=1 run=704950670634 event=input input_id=442 gesture_id=49 kind=motion t_ns=722912501952 source=injected
K230_CARD_SHELL state mode=2 actions=1 message=0 cards=2
K230_CARD_BENCH v=1 run=704950670634 event=input input_id=441 gesture_id=49 kind=motion t_ns=722909801002 source=injected
K230_CARD_SHELL state mode=2 actions=1 message=0 cards=2
K230_CARD_BENCH v=1 run=704950670634 event=input input_id=440 gesture_id=49 kind=motion t_ns=722908907587 source=injected
K230_CARD_SHELL state mode=2 actions=1 message=0 cards=2
K230_CARD_BENCH v=1 run=704950670634 event=input input_id=439 gesture_id=49 kind=motion t_ns=722908056540 source=injected
K230_CARD_SHELL state mode=2 actions=1 message=0 cards=2
K230_CARD_SHELL frame-cost run=704950670634 frame_id=1465 total_cpu_ns=19031350 render_cpu_ns=16996352 input_cpu_ns=1782555
K230_CARD_BENCH v=1 run=704950670634 event=submit input_id=438 frame_id=1465 t_ns=722900216090 update_cpu_ns=19031350 final=0
K230_CARD_BENCH v=1 run=704950670634 event=submit input_id=437 frame_id=1465 t_ns=722900216090 update_cpu_ns=19031350 final=0
K230_CARD_BENCH v=1 run=704950670634 event=submit input_id=436 frame_id=1465 t_ns=722900216090 update_cpu_ns=19031350 final=0
K230_CARD_BENCH v=1 run=704950670634 event=submit input_id=435 frame_id=1465 t_ns=722900216090 update_cpu_ns=19031350 final=0
K230_CARD_BENCH v=1 run=704950670634 event=present frame_id=1464 t_ns=722874192000 presented=1 clock=monotonic
K230_CARD_BENCH v=1 run=704950670634 event=input input_id=438 gesture_id=49 kind=motion t_ns=722873311294 source=injected
K230_CARD_SHELL state mode=2 actions=1 message=0 cards=2
K230_CARD_BENCH v=1 run=704950670634 event=input input_id=437 gesture_id=49 kind=motion t_ns=722870785857 source=injected
K230_CARD_SHELL state mode=2 actions=1 message=0 cards=2
K230_CARD_BENCH v=1 run=704950670634 event=input input_id=436 gesture_id=49 kind=motion t_ns=722870306206 source=injected
K230_CARD_SHELL state mode=2 actions=1 message=0 cards=2
K230_CARD_BENCH v=1 run=704950670634 event=input input_id=435 gesture_id=49 kind=motion t_ns=722868326492 source=injected
K230_CARD_SHELL state mode=2 actions=1 message=0 cards=2
K230_CARD_SHELL frame-cost run=704950670634 frame_id=1464 total_cpu_ns=15846031 render_cpu_ns=14888293 input_cpu_ns=691889
K230_CARD_BENCH v=1 run=704950670634 event=submit input_id=434 frame_id=1464 t_ns=722863518463 update_cpu_ns=15846031 final=0
K230_CARD_BENCH v=1 run=704950670634 event=submit input_id=433 frame_id=1464 t_ns=722863518463 update_cpu_ns=15846031 final=0
K230_CARD_BENCH v=1 run=704950670634 event=present frame_id=1463 t_ns=722835870000 presented=1 clock=monotonic
K230_CARD_BENCH v=1 run=704950670634 event=input input_id=434 gesture_id=49 kind=motion t_ns=722836213716 source=injected
K230_CARD_SHELL state mode=2 actions=1 message=0 cards=2
K230_CARD_BENCH v=1 run=704950670634 event=input input_id=433 gesture_id=49 kind=motion t_ns=722833724871 source=injected
K230_CARD_SHELL state mode=2 actions=1 message=0 cards=2
K230_CARD_SHELL frame-cost run=704950670634 frame_id=1463 total_cpu_ns=14363874 render_cpu_ns=13737839 input_cpu_ns=180629
K230_CARD_BENCH v=1 run=704950670634 event=submit input_id=432 frame_id=1463 t_ns=722832726607 update_cpu_ns=14363874 final=0
K230_CARD_BENCH v=1 run=704950670634 event=present frame_id=1462 t_ns=722816709000 presented=1 clock=monotonic
K230_CARD_BENCH v=1 run=704950670634 event=input input_id=432 gesture_id=49 kind=motion t_ns=722808829602 source=injected
K230_CARD_SHELL state mode=2 actions=1 message=0 cards=2
K230_CARD_SHELL state mode=2 actions=1 message=0 cards=2
K230_CARD_BENCH v=1 run=704950670634 event=present frame_id=1461 t_ns=722778387000 presented=1 clock=monotonic
K230_CARD_BENCH v=1 run=704950670634 event=present frame_id=1460 t_ns=722740071000 presented=1 clock=monotonic
K230_CARD_BENCH v=1 run=704950670634 event=present frame_id=1459 t_ns=722720905000 presented=1 clock=monotonic
K230_CARD_BENCH v=1 run=704950670634 event=present frame_id=1458 t_ns=722682583000 presented=1 clock=monotonic
K230_CARD_BENCH v=1 run=704950670634 event=present frame_id=1457 t_ns=722663424000 presented=1 clock=monotonic
K230_CARD_BENCH v=1 run=704950670634 event=present frame_id=1456 t_ns=722625101000 presented=1 clock=monotonic
K230_CARD_BENCH v=1 run=704950670634 event=present frame_id=1455 t_ns=722605942000 presented=1 clock=monotonic
K230_CARD_BENCH v=1 run=704950670634 event=present frame_id=1454 t_ns=722567622000 presented=1 clock=monotonic
K230_CARD_BENCH v=1 run=704950670634 event=present frame_id=1453 t_ns=722548462000 presented=1 clock=monotonic
K230_CARD_BENCH v=1 run=704950670634 event=present frame_id=1452 t_ns=722510141000 presented=1 clock=monotonic
K230_CARD_SHELL frame-cost run=704950670634 frame_id=1452 total_cpu_ns=20313679 render_cpu_ns=13989502 input_cpu_ns=5923583
K230_CARD_BENCH v=1 run=704950670634 event=submit input_id=431 frame_id=1452 t_ns=722503304671 update_cpu_ns=20313679 final=1
K230_CARD_BENCH v=1 run=704950670634 event=submit input_id=430 frame_id=1452 t_ns=722503304671 update_cpu_ns=20313679 final=0
K230_CARD_BENCH v=1 run=704950670634 event=submit input_id=429 frame_id=1452 t_ns=722503304671 update_cpu_ns=20313679 final=0
K230_CARD_BENCH v=1 run=704950670634 event=submit input_id=428 frame_id=1452 t_ns=722503304671 update_cpu_ns=20313679 final=0
K230_CARD_BENCH v=1 run=704950670634 event=submit input_id=427 frame_id=1452 t_ns=722503304671 update_cpu_ns=20313679 final=0
K230_CARD_BENCH v=1 run=704950670634 event=submit input_id=426 frame_id=1452 t_ns=722503304671 update_cpu_ns=20313679 final=0
K230_CARD_BENCH v=1 run=704950670634 event=present frame_id=1451 t_ns=722471820000 presented=1 clock=monotonic
K230_CARD_BENCH v=1 run=704950670634 event=input input_id=431 gesture_id=48 kind=release t_ns=722482242167 source=injected
K230_CARD_SHELL state mode=1 actions=1 message=0 cards=2
K230_CARD_BENCH v=1 run=704950670634 event=input input_id=430 gesture_id=48 kind=motion t_ns=722480366006 source=injected
K230_CARD_SHELL state mode=2 actions=1 message=0 cards=2
K230_CARD_BENCH v=1 run=704950670634 event=input input_id=429 gesture_id=48 kind=motion t_ns=722476914710 source=injected
K230_CARD_SHELL state mode=2 actions=1 message=0 cards=2
K230_CARD_BENCH v=1 run=704950670634 event=input input_id=428 gesture_id=48 kind=motion t_ns=722475109657 source=injected
K230_CARD_SHELL state mode=2 actions=1 message=0 cards=2
K230_CARD_BENCH v=1 run=704950670634 event=input input_id=427 gesture_id=48 kind=motion t_ns=722473601595 source=injected
K230_CARD_SHELL state mode=2 actions=1 message=0 cards=2
K230_CARD_BENCH v=1 run=704950670634 event=input input_id=426 gesture_id=48 kind=motion t_ns=722472250490 source=injected
K230_CARD_SHELL state mode=2 actions=1 message=0 cards=2
K230_CARD_SHELL frame-cost run=704950670634 frame_id=1451 total_cpu_ns=22211024 render_cpu_ns=19676585 input_cpu_ns=2276404
K230_CARD_BENCH v=1 run=704950670634 event=submit input_id=425 frame_id=1451 t_ns=722469219700 update_cpu_ns=22211024 final=0
K230_CARD_BENCH v=1 run=704950670634 event=submit input_id=424 frame_id=1451 t_ns=722469219700 update_cpu_ns=22211024 final=0
K230_CARD_BENCH v=1 run=704950670634 event=submit input_id=423 frame_id=1451 t_ns=722469219700 update_cpu_ns=22211024 final=0
K230_CARD_BENCH v=1 run=704950670634 event=submit input_id=422 frame_id=1451 t_ns=722469219700 update_cpu_ns=22211024 final=0
K230_CARD_BENCH v=1 run=704950670634 event=present frame_id=1450 t_ns=722433497000 presented=1 clock=monotonic
K230_CARD_BENCH v=1 run=704950670634 event=input input_id=425 gesture_id=48 kind=motion t_ns=722436056661 source=injected
K230_CARD_SHELL state mode=2 actions=1 message=0 cards=2
K230_CARD_BENCH v=1 run=704950670634 event=input input_id=424 gesture_id=48 kind=motion t_ns=722432060050 source=injected
K230_CARD_SHELL state mode=2 actions=1 message=0 cards=2
K230_CARD_BENCH v=1 run=704950670634 event=input input_id=423 gesture_id=48 kind=motion t_ns=722426564820 source=injected
K230_CARD_SHELL state mode=2 actions=1 message=0 cards=2
K230_CARD_BENCH v=1 run=704950670634 event=input input_id=422 gesture_id=48 kind=motion t_ns=722424368225 source=injected
K230_CARD_SHELL state mode=2 actions=1 message=0 cards=2
K230_CARD_SHELL frame-cost run=704950670634 frame_id=1450 total_cpu_ns=20874854 render_cpu_ns=18858076 input_cpu_ns=1458780
K230_CARD_BENCH v=1 run=704950670634 event=submit input_id=421 frame_id=1450 t_ns=722416729694 update_cpu_ns=20874854 final=0
K230_CARD_BENCH v=1 run=704950670634 event=submit input_id=420 frame_id=1450 t_ns=722416729694 update_cpu_ns=20874854 final=0
K230_CARD_BENCH v=1 run=704950670634 event=submit input_id=419 frame_id=1450 t_ns=722416729694 update_cpu_ns=20874854 final=0
K230_CARD_BENCH v=1 run=704950670634 event=present frame_id=1449 t_ns=722395175000 presented=1 clock=monotonic
K230_CARD_BENCH v=1 run=704950670634 event=input input_id=421 gesture_id=48 kind=motion t_ns=722391431142 source=injected
K230_CARD_SHELL state mode=2 actions=1 message=0 cards=2
K230_CARD_BENCH v=1 run=704950670634 event=input input_id=420 gesture_id=48 kind=motion t_ns=722390838124 source=injected
K230_CARD_SHELL state mode=2 actions=1 message=0 cards=2
K230_CARD_BENCH v=1 run=704950670634 event=input input_id=419 gesture_id=48 kind=motion t_ns=722390132888 source=injected
K230_CARD_SHELL state mode=2 actions=1 message=0 cards=2
K230_CARD_SHELL frame-cost run=704950670634 frame_id=1449 total_cpu_ns=20391608 render_cpu_ns=17298825 input_cpu_ns=2666485
K230_CARD_BENCH v=1 run=704950670634 event=submit input_id=418 frame_id=1449 t_ns=722384957759 update_cpu_ns=20391608 final=0
K230_CARD_BENCH v=1 run=704950670634 event=submit input_id=417 frame_id=1449 t_ns=722384957759 update_cpu_ns=20391608 final=0
K230_CARD_BENCH v=1 run=704950670634 event=submit input_id=416 frame_id=1449 t_ns=722384957759 update_cpu_ns=20391608 final=0
K230_CARD_BENCH v=1 run=704950670634 event=submit input_id=415 frame_id=1449 t_ns=722384957759 update_cpu_ns=20391608 final=0
K230_CARD_BENCH v=1 run=704950670634 event=submit input_id=414 frame_id=1449 t_ns=722384957759 update_cpu_ns=20391608 final=0
K230_CARD_BENCH v=1 run=704950670634 event=submit input_id=413 frame_id=1449 t_ns=722384957759 update_cpu_ns=20391608 final=0
K230_CARD_BENCH v=1 run=704950670634 event=present frame_id=1448 t_ns=722356856000 presented=1 clock=monotonic
K230_CARD_BENCH v=1 run=704950670634 event=input input_id=418 gesture_id=48 kind=motion t_ns=722363859478 source=injected
K230_CARD_SHELL state mode=2 actions=1 message=0 cards=2
K230_CARD_BENCH v=1 run=704950670634 event=input input_id=417 gesture_id=48 kind=motion t_ns=722362125534 source=injected
K230_CARD_SHELL state mode=2 actions=1 message=0 cards=2
K230_CARD_BENCH v=1 run=704950670634 event=input input_id=416 gesture_id=48 kind=motion t_ns=722361664772 source=injected
K230_CARD_SHELL state mode=2 actions=1 message=0 cards=2
K230_CARD_BENCH v=1 run=704950670634 event=input input_id=415 gesture_id=48 kind=motion t_ns=722360376591 source=injected
K230_CARD_SHELL state mode=2 actions=1 message=0 cards=2
K230_CARD_BENCH v=1 run=704950670634 event=input input_id=414 gesture_id=48 kind=motion t_ns=722359100892 source=injected
K230_CARD_SHELL state mode=2 actions=1 message=0 cards=2
K230_CARD_BENCH v=1 run=704950670634 event=input input_id=413 gesture_id=48 kind=motion t_ns=722356996441 source=injected
K230_CARD_SHELL state mode=2 actions=1 message=0 cards=2
K230_CARD_BENCH v=1 run=704950670634 event=present frame_id=1447 t_ns=722318535000 presented=1 clock=monotonic
K230_CARD_SHELL frame-cost run=704950670634 frame_id=1447 total_cpu_ns=16376494 render_cpu_ns=14467457 input_cpu_ns=821146
K230_CARD_BENCH v=1 run=704950670634 event=submit input_id=412 frame_id=1447 t_ns=722315675482 update_cpu_ns=16376494 final=0
K230_CARD_BENCH v=1 run=704950670634 event=submit input_id=411 frame_id=1447 t_ns=722315675482 update_cpu_ns=16376494 final=0
K230_CARD_BENCH v=1 run=704950670634 event=present frame_id=1446 t_ns=722299373000 presented=1 clock=monotonic
K230_CARD_BENCH v=1 run=704950670634 event=input input_id=412 gesture_id=48 kind=motion t_ns=722296656282 source=injected
K230_CARD_SHELL state mode=2 actions=1 message=0 cards=2
K230_CARD_BENCH v=1 run=704950670634 event=input input_id=411 gesture_id=48 kind=motion t_ns=722291991544 source=injected
K230_CARD_SHELL state mode=2 actions=1 message=0 cards=2
K230_CARD_SHELL state mode=2 actions=1 message=0 cards=2
K230_CARD_BENCH v=1 run=704950670634 event=resource phase=active t_ns=722288472991 cpu_ns=32228050000 memory_bytes=27635712 scope=session
K230_CARD_BENCH v=1 run=704950670634 event=resource phase=active t_ns=722288472991 cpu_ns=20160015137 memory_bytes=34480128 scope=compositor
K230_CARD_BENCH v=1 run=704950670634 event=present frame_id=1445 t_ns=722261051000 presented=1 clock=monotonic
K230_CARD_BENCH v=1 run=704950670634 event=present frame_id=1444 t_ns=722241890000 presented=1 clock=monotonic
K230_CARD_BENCH v=1 run=704950670634 event=present frame_id=1443 t_ns=722203568000 presented=1 clock=monotonic
K230_CARD_BENCH v=1 run=704950670634 event=present frame_id=1442 t_ns=722184409000 presented=1 clock=monotonic
K230_CARD_BENCH v=1 run=704950670634 event=present frame_id=1441 t_ns=722146088000 presented=1 clock=monotonic
K230_CARD_SHELL live cards=2 commits=1019 sampled=2017 frame-done=2021 output-presented=910
K230_CARD_BENCH v=1 run=704950670634 event=present frame_id=1440 t_ns=722126927000 presented=1 clock=monotonic
K230_CARD_BENCH v=1 run=704950670634 event=present frame_id=1439 t_ns=722088606000 presented=1 clock=monotonic
K230_CARD_BENCH v=1 run=704950670634 event=present frame_id=1438 t_ns=722050284000 presented=1 clock=monotonic
K230_CARD_BENCH v=1 run=704950670634 event=present frame_id=1437 t_ns=722031124000 presented=1 clock=monotonic
K230_CARD_BENCH v=1 run=704950670634 event=present frame_id=1436 t_ns=721992804000 presented=1 clock=monotonic
K230_CARD_SHELL frame-cost run=704950670634 frame_id=1436 total_cpu_ns=18174252 render_cpu_ns=14011398 input_cpu_ns=3821075
K230_CARD_BENCH v=1 run=704950670634 event=submit input_id=410 frame_id=1436 t_ns=721989231854 update_cpu_ns=18174252 final=1
K230_CARD_BENCH v=1 run=704950670634 event=submit input_id=409 frame_id=1436 t_ns=721989231854 update_cpu_ns=18174252 final=0
K230_CARD_BENCH v=1 run=704950670634 event=submit input_id=408 frame_id=1436 t_ns=721989231854 update_cpu_ns=18174252 final=0
K230_CARD_BENCH v=1 run=704950670634 event=submit input_id=407 frame_id=1436 t_ns=721989231854 update_cpu_ns=18174252 final=0
K230_CARD_BENCH v=1 run=704950670634 event=present frame_id=1435 t_ns=721973642000 presented=1 clock=monotonic
K230_CARD_BENCH v=1 run=704950670634 event=input input_id=410 gesture_id=47 kind=release t_ns=721960614701 source=injected
K230_CARD_SHELL state mode=1 actions=1 message=0 cards=2
K230_CARD_BENCH v=1 run=704950670634 event=input input_id=409 gesture_id=47 kind=motion t_ns=721959941871 source=injected
K230_CARD_SHELL state mode=2 actions=1 message=0 cards=2
K230_CARD_BENCH v=1 run=704950670634 event=input input_id=408 gesture_id=47 kind=motion t_ns=721959371889 source=injected
K230_CARD_SHELL state mode=2 actions=1 message=0 cards=2
K230_CARD_BENCH v=1 run=704950670634 event=input input_id=407 gesture_id=47 kind=motion t_ns=721958738502 source=injected
K230_CARD_SHELL state mode=2 actions=1 message=0 cards=2
K230_CARD_SHELL frame-cost run=704950670634 frame_id=1435 total_cpu_ns=22616958 render_cpu_ns=19771589 input_cpu_ns=2456111
K230_CARD_BENCH v=1 run=704950670634 event=submit input_id=406 frame_id=1435 t_ns=721954530305 update_cpu_ns=22616958 final=0
K230_CARD_BENCH v=1 run=704950670634 event=submit input_id=405 frame_id=1435 t_ns=721954530305 update_cpu_ns=22616958 final=0
K230_CARD_BENCH v=1 run=704950670634 event=submit input_id=404 frame_id=1435 t_ns=721954530305 update_cpu_ns=22616958 final=0
K230_CARD_BENCH v=1 run=704950670634 event=submit input_id=403 frame_id=1435 t_ns=721954530305 update_cpu_ns=22616958 final=0
K230_CARD_BENCH v=1 run=704950670634 event=submit input_id=402 frame_id=1435 t_ns=721954530305 update_cpu_ns=22616958 final=0
K230_CARD_BENCH v=1 run=704950670634 event=present frame_id=1434 t_ns=721916162000 presented=1 clock=monotonic
K230_CARD_BENCH v=1 run=704950670634 event=input input_id=406 gesture_id=47 kind=motion t_ns=721921121529 source=injected
K230_CARD_SHELL state mode=2 actions=1 message=0 cards=2
K230_CARD_BENCH v=1 run=704950670634 event=input input_id=405 gesture_id=47 kind=motion t_ns=721915962436 source=injected
K230_CARD_SHELL state mode=2 actions=1 message=0 cards=2
K230_CARD_BENCH v=1 run=704950670634 event=input input_id=404 gesture_id=47 kind=motion t_ns=721913874540 source=injected
K230_CARD_SHELL state mode=2 actions=1 message=0 cards=2
K230_CARD_BENCH v=1 run=704950670634 event=input input_id=403 gesture_id=47 kind=motion t_ns=721913227154 source=injected
K230_CARD_SHELL state mode=2 actions=1 message=0 cards=2
K230_CARD_BENCH v=1 run=704950670634 event=input input_id=402 gesture_id=47 kind=motion t_ns=721912307665 source=injected
K230_CARD_SHELL state mode=2 actions=1 message=0 cards=2
K230_CARD_SHELL frame-cost run=704950670634 frame_id=1434 total_cpu_ns=21803664 render_cpu_ns=19661667 input_cpu_ns=1635108
K230_CARD_BENCH v=1 run=704950670634 event=submit input_id=401 frame_id=1434 t_ns=721901693636 update_cpu_ns=21803664 final=0
K230_CARD_BENCH v=1 run=704950670634 event=submit input_id=400 frame_id=1434 t_ns=721901693636 update_cpu_ns=21803664 final=0
K230_CARD_BENCH v=1 run=704950670634 event=submit input_id=399 frame_id=1434 t_ns=721901693636 update_cpu_ns=21803664 final=0
K230_CARD_BENCH v=1 run=704950670634 event=submit input_id=398 frame_id=1434 t_ns=721901693636 update_cpu_ns=21803664 final=0
K230_CARD_BENCH v=1 run=704950670634 event=present frame_id=1433 t_ns=721877839000 presented=1 clock=monotonic
K230_CARD_BENCH v=1 run=704950670634 event=input input_id=401 gesture_id=47 kind=motion t_ns=721873635762 source=injected
K230_CARD_SHELL state mode=2 actions=1 message=0 cards=2
K230_CARD_BENCH v=1 run=704950670634 event=input input_id=400 gesture_id=47 kind=motion t_ns=721873125557 source=injected
K230_CARD_SHELL state mode=2 actions=1 message=0 cards=2
K230_CARD_BENCH v=1 run=704950670634 event=input input_id=399 gesture_id=47 kind=motion t_ns=721872592129 source=injected
K230_CARD_SHELL state mode=2 actions=1 message=0 cards=2
K230_CARD_BENCH v=1 run=704950670634 event=input input_id=398 gesture_id=47 kind=motion t_ns=721871967964 source=injected
K230_CARD_SHELL state mode=2 actions=1 message=0 cards=2
K230_CARD_SHELL frame-cost run=704950670634 frame_id=1433 total_cpu_ns=19031302 render_cpu_ns=17389262 input_cpu_ns=1309521
K230_CARD_BENCH v=1 run=704950670634 event=submit input_id=397 frame_id=1433 t_ns=721867318818 update_cpu_ns=19031302 final=0
K230_CARD_BENCH v=1 run=704950670634 event=submit input_id=396 frame_id=1433 t_ns=721867318818 update_cpu_ns=19031302 final=0
K230_CARD_BENCH v=1 run=704950670634 event=submit input_id=395 frame_id=1433 t_ns=721867318818 update_cpu_ns=19031302 final=0
K230_CARD_BENCH v=1 run=704950670634 event=present frame_id=1432 t_ns=721839518000 presented=1 clock=monotonic
K230_CARD_BENCH v=1 run=704950670634 event=input input_id=397 gesture_id=47 kind=motion t_ns=721830192310 source=injected
K230_CARD_SHELL state mode=2 actions=1 message=0 cards=2
K230_CARD_BENCH v=1 run=704950670634 event=input input_id=396 gesture_id=47 kind=motion t_ns=721828073637 source=injected
K230_CARD_SHELL state mode=2 actions=1 message=0 cards=2
K230_CARD_BENCH v=1 run=704950670634 event=input input_id=395 gesture_id=47 kind=motion t_ns=721825752527 source=injected
K230_CARD_SHELL state mode=2 actions=1 message=0 cards=2
K230_CARD_SHELL frame-cost run=704950670634 frame_id=1432 total_cpu_ns=17969211 render_cpu_ns=16086172 input_cpu_ns=1584263
K230_CARD_BENCH v=1 run=704950670634 event=submit input_id=394 frame_id=1432 t_ns=721819769720 update_cpu_ns=17969211 final=0
K230_CARD_BENCH v=1 run=704950670634 event=submit input_id=393 frame_id=1432 t_ns=721819769720 update_cpu_ns=17969211 final=0
K230_CARD_BENCH v=1 run=704950670634 event=submit input_id=392 frame_id=1432 t_ns=721819769720 update_cpu_ns=17969211 final=0
K230_CARD_BENCH v=1 run=704950670634 event=submit input_id=391 frame_id=1432 t_ns=721819769720 update_cpu_ns=17969211 final=0
K230_CARD_BENCH v=1 run=704950670634 event=present frame_id=1431 t_ns=721801198000 presented=1 clock=monotonic
K230_CARD_BENCH v=1 run=704950670634 event=input input_id=394 gesture_id=47 kind=motion t_ns=721800222460 source=injected
K230_CARD_SHELL state mode=2 actions=1 message=0 cards=2
K230_CARD_BENCH v=1 run=704950670634 event=input input_id=393 gesture_id=47 kind=motion t_ns=721794111213 source=injected
K230_CARD_SHELL state mode=2 actions=1 message=0 cards=2
K230_CARD_BENCH v=1 run=704950670634 event=input input_id=392 gesture_id=47 kind=motion t_ns=721793629117 source=injected
K230_CARD_SHELL state mode=2 actions=1 message=0 cards=2
K230_CARD_BENCH v=1 run=704950670634 event=input input_id=391 gesture_id=47 kind=motion t_ns=721792172720 source=injected
K230_CARD_SHELL state mode=2 actions=1 message=0 cards=2
K230_CARD_SHELL frame-cost run=704950670634 frame_id=1431 total_cpu_ns=14333423 render_cpu_ns=13887123 input_cpu_ns=270926
K230_CARD_BENCH v=1 run=704950670634 event=submit input_id=390 frame_id=1431 t_ns=721790923056 update_cpu_ns=14333423 final=0
K230_CARD_BENCH v=1 run=704950670634 event=present frame_id=1430 t_ns=721762875000 presented=1 clock=monotonic
K230_CARD_BENCH v=1 run=704950670634 event=input input_id=390 gesture_id=47 kind=motion t_ns=721763711525 source=injected
K230_CARD_SHELL state mode=2 actions=1 message=0 cards=2
K230_CARD_SHELL state mode=2 actions=1 message=0 cards=2
K230_CARD_BENCH v=1 run=704950670634 event=present frame_id=1429 t_ns=721743716000 presented=1 clock=monotonic
K230_CARD_BENCH v=1 run=704950670634 event=present frame_id=1428 t_ns=721705393000 presented=1 clock=monotonic
K230_CARD_BENCH v=1 run=704950670634 event=present frame_id=1427 t_ns=721686233000 presented=1 clock=monotonic
K230_CARD_BENCH v=1 run=704950670634 event=present frame_id=1426 t_ns=721647911000 presented=1 clock=monotonic
K230_CARD_BENCH v=1 run=704950670634 event=present frame_id=1425 t_ns=721628751000 presented=1 clock=monotonic
K230_CARD_BENCH v=1 run=704950670634 event=present frame_id=1424 t_ns=721590435000 presented=1 clock=monotonic
K230_CARD_BENCH v=1 run=704950670634 event=present frame_id=1423 t_ns=721571269000 presented=1 clock=monotonic
K230_CARD_BENCH v=1 run=704950670634 event=present frame_id=1422 t_ns=721532946000 presented=1 clock=monotonic
K230_CARD_BENCH v=1 run=704950670634 event=present frame_id=1421 t_ns=721513787000 presented=1 clock=monotonic
K230_CARD_BENCH v=1 run=704950670634 event=present frame_id=1420 t_ns=721475467000 presented=1 clock=monotonic
K230_CARD_SHELL frame-cost run=704950670634 frame_id=1420 total_cpu_ns=17862505 render_cpu_ns=13916954 input_cpu_ns=3158257
K230_CARD_BENCH v=1 run=704950670634 event=submit input_id=389 frame_id=1420 t_ns=721473867343 update_cpu_ns=17862505 final=1
K230_CARD_BENCH v=1 run=704950670634 event=submit input_id=388 frame_id=1420 t_ns=721473867343 update_cpu_ns=17862505 final=0
K230_CARD_BENCH v=1 run=704950670634 event=present frame_id=1419 t_ns=721456309000 presented=1 clock=monotonic
K230_CARD_BENCH v=1 run=704950670634 event=input input_id=389 gesture_id=46 kind=release t_ns=721454272974 source=injected
K230_CARD_SHELL state mode=1 actions=1 message=0 cards=2
K230_CARD_BENCH v=1 run=704950670634 event=input input_id=388 gesture_id=46 kind=motion t_ns=721453530146 source=injected
K230_CARD_SHELL state mode=2 actions=1 message=0 cards=2
K230_CARD_SHELL frame-cost run=704950670634 frame_id=1419 total_cpu_ns=22428074 render_cpu_ns=19829303 input_cpu_ns=2305625
K230_CARD_BENCH v=1 run=704950670634 event=submit input_id=387 frame_id=1419 t_ns=721448902629 update_cpu_ns=22428074 final=0
K230_CARD_BENCH v=1 run=704950670634 event=submit input_id=386 frame_id=1419 t_ns=721448902629 update_cpu_ns=22428074 final=0
K230_CARD_BENCH v=1 run=704950670634 event=submit input_id=385 frame_id=1419 t_ns=721448902629 update_cpu_ns=22428074 final=0
K230_CARD_BENCH v=1 run=704950670634 event=submit input_id=384 frame_id=1419 t_ns=721448902629 update_cpu_ns=22428074 final=0
K230_CARD_BENCH v=1 run=704950670634 event=present frame_id=1418 t_ns=721417994000 presented=1 clock=monotonic
K230_CARD_BENCH v=1 run=704950670634 event=input input_id=387 gesture_id=46 kind=motion t_ns=721424469601 source=injected
K230_CARD_SHELL state mode=2 actions=1 message=0 cards=2
K230_CARD_BENCH v=1 run=704950670634 event=input input_id=386 gesture_id=46 kind=motion t_ns=721423685552 source=injected
K230_CARD_SHELL state mode=2 actions=1 message=0 cards=2
K230_CARD_BENCH v=1 run=704950670634 event=input input_id=385 gesture_id=46 kind=motion t_ns=721421882944 source=injected
K230_CARD_SHELL state mode=2 actions=1 message=0 cards=2
K230_CARD_BENCH v=1 run=704950670634 event=input input_id=384 gesture_id=46 kind=motion t_ns=721421148264 source=injected
K230_CARD_SHELL state mode=2 actions=1 message=0 cards=2
K230_CARD_SHELL frame-cost run=704950670634 frame_id=1418 total_cpu_ns=22113958 render_cpu_ns=19633661 input_cpu_ns=2188738
K230_CARD_BENCH v=1 run=704950670634 event=submit input_id=383 frame_id=1418 t_ns=721417146948 update_cpu_ns=22113958 final=0
K230_CARD_BENCH v=1 run=704950670634 event=submit input_id=382 frame_id=1418 t_ns=721417146948 update_cpu_ns=22113958 final=0
K230_CARD_BENCH v=1 run=704950670634 event=submit input_id=381 frame_id=1418 t_ns=721417146948 update_cpu_ns=22113958 final=0
K230_CARD_BENCH v=1 run=704950670634 event=submit input_id=380 frame_id=1418 t_ns=721417146948 update_cpu_ns=22113958 final=0
K230_CARD_BENCH v=1 run=704950670634 event=present frame_id=1417 t_ns=721379666000 presented=1 clock=monotonic
K230_CARD_BENCH v=1 run=704950670634 event=input input_id=383 gesture_id=46 kind=motion t_ns=721379886185 source=injected
K230_CARD_SHELL state mode=2 actions=1 message=0 cards=2
K230_CARD_BENCH v=1 run=704950670634 event=input input_id=382 gesture_id=46 kind=motion t_ns=721377510114 source=injected
K230_CARD_SHELL state mode=2 actions=1 message=0 cards=2
K230_CARD_BENCH v=1 run=704950670634 event=input input_id=381 gesture_id=46 kind=motion t_ns=721376787952 source=injected
K230_CARD_SHELL state mode=2 actions=1 message=0 cards=2
K230_CARD_BENCH v=1 run=704950670634 event=input input_id=380 gesture_id=46 kind=motion t_ns=721376119270 source=injected
K230_CARD_SHELL state mode=2 actions=1 message=0 cards=2
K230_CARD_SHELL frame-cost run=704950670634 frame_id=1417 total_cpu_ns=20971003 render_cpu_ns=18980708 input_cpu_ns=1464741
K230_CARD_BENCH v=1 run=704950670634 event=submit input_id=379 frame_id=1417 t_ns=721366725239 update_cpu_ns=20971003 final=0
K230_CARD_BENCH v=1 run=704950670634 event=submit input_id=378 frame_id=1417 t_ns=721366725239 update_cpu_ns=20971003 final=0
K230_CARD_BENCH v=1 run=704950670634 event=submit input_id=377 frame_id=1417 t_ns=721366725239 update_cpu_ns=20971003 final=0
K230_CARD_BENCH v=1 run=704950670634 event=present frame_id=1416 t_ns=721341343000 presented=1 clock=monotonic
K230_CARD_BENCH v=1 run=704950670634 event=input input_id=379 gesture_id=46 kind=motion t_ns=721342511167 source=injected
K230_CARD_SHELL state mode=2 actions=1 message=0 cards=2
K230_CARD_BENCH v=1 run=704950670634 event=input input_id=378 gesture_id=46 kind=motion t_ns=721341936482 source=injected
K230_CARD_SHELL state mode=2 actions=1 message=0 cards=2
K230_CARD_BENCH v=1 run=704950670634 event=input input_id=377 gesture_id=46 kind=motion t_ns=721341126989 source=injected
K230_CARD_SHELL state mode=2 actions=1 message=0 cards=2
K230_CARD_SHELL frame-cost run=704950670634 frame_id=1416 total_cpu_ns=19250548 render_cpu_ns=17330991 input_cpu_ns=1636298
K230_CARD_BENCH v=1 run=704950670634 event=submit input_id=376 frame_id=1416 t_ns=721336903088 update_cpu_ns=19250548 final=0
K230_CARD_BENCH v=1 run=704950670634 event=submit input_id=375 frame_id=1416 t_ns=721336903088 update_cpu_ns=19250548 final=0
K230_CARD_BENCH v=1 run=704950670634 event=submit input_id=374 frame_id=1416 t_ns=721336903088 update_cpu_ns=19250548 final=0
K230_CARD_BENCH v=1 run=704950670634 event=submit input_id=373 frame_id=1416 t_ns=721336903088 update_cpu_ns=19250548 final=0
K230_CARD_BENCH v=1 run=704950670634 event=present frame_id=1415 t_ns=721303021000 presented=1 clock=monotonic
K230_CARD_BENCH v=1 run=704950670634 event=input input_id=376 gesture_id=46 kind=motion t_ns=721312250586 source=injected
K230_CARD_SHELL state mode=2 actions=1 message=0 cards=2
K230_CARD_BENCH v=1 run=704950670634 event=input input_id=375 gesture_id=46 kind=motion t_ns=721309266349 source=injected
K230_CARD_SHELL state mode=2 actions=1 message=0 cards=2
K230_CARD_BENCH v=1 run=704950670634 event=input input_id=374 gesture_id=46 kind=motion t_ns=721308790920 source=injected
K230_CARD_SHELL state mode=2 actions=1 message=0 cards=2
K230_CARD_BENCH v=1 run=704950670634 event=input input_id=373 gesture_id=46 kind=motion t_ns=721308242086 source=injected
K230_CARD_SHELL state mode=2 actions=1 message=0 cards=2
K230_CARD_SHELL frame-cost run=704950670634 frame_id=1415 total_cpu_ns=17860985 render_cpu_ns=15845429 input_cpu_ns=1013000
K230_CARD_BENCH v=1 run=704950670634 event=submit input_id=372 frame_id=1415 t_ns=721298908979 update_cpu_ns=17860985 final=0
K230_CARD_BENCH v=1 run=704950670634 event=submit input_id=371 frame_id=1415 t_ns=721298908979 update_cpu_ns=17860985 final=0
K230_CARD_BENCH v=1 run=704950670634 event=submit input_id=370 frame_id=1415 t_ns=721298908979 update_cpu_ns=17860985 final=0
K230_CARD_BENCH v=1 run=704950670634 event=present frame_id=1414 t_ns=721264700000 presented=1 clock=monotonic
K230_CARD_BENCH v=1 run=704950670634 event=input input_id=372 gesture_id=46 kind=motion t_ns=721271179057 source=injected
K230_CARD_SHELL state mode=2 actions=1 message=0 cards=2
K230_CARD_BENCH v=1 run=704950670634 event=input input_id=371 gesture_id=46 kind=motion t_ns=721269098606 source=injected
K230_CARD_SHELL state mode=2 actions=1 message=0 cards=2
K230_CARD_BENCH v=1 run=704950670634 event=input input_id=370 gesture_id=46 kind=motion t_ns=721268605214 source=injected
K230_CARD_SHELL state mode=2 actions=1 message=0 cards=2
K230_CARD_BENCH v=1 run=704950670634 event=resource phase=active t_ns=721264862076 cpu_ns=31485212000 memory_bytes=27635712 scope=session
K230_CARD_BENCH v=1 run=704950670634 event=resource phase=active t_ns=721264862076 cpu_ns=19613142018 memory_bytes=34480128 scope=compositor
K230_CARD_SHELL frame-cost run=704950670634 frame_id=1414 total_cpu_ns=14308758 render_cpu_ns=13790721 input_cpu_ns=374111
K230_CARD_BENCH v=1 run=704950670634 event=submit input_id=369 frame_id=1414 t_ns=721261766657 update_cpu_ns=14308758 final=0
K230_CARD_BENCH v=1 run=704950670634 event=present frame_id=1413 t_ns=721245539000 presented=1 clock=monotonic
K230_CARD_BENCH v=1 run=704950670634 event=input input_id=369 gesture_id=46 kind=motion t_ns=721237976164 source=injected
K230_CARD_SHELL state mode=2 actions=1 message=0 cards=2
K230_CARD_SHELL state mode=2 actions=1 message=0 cards=2
K230_CARD_BENCH v=1 run=704950670634 event=present frame_id=1412 t_ns=721207216000 presented=1 clock=monotonic
K230_CARD_BENCH v=1 run=704950670634 event=present frame_id=1411 t_ns=721188058000 presented=1 clock=monotonic
K230_CARD_BENCH v=1 run=704950670634 event=present frame_id=1410 t_ns=721149736000 presented=1 clock=monotonic
K230_CARD_BENCH v=1 run=704950670634 event=present frame_id=1409 t_ns=721130575000 presented=1 clock=monotonic
K230_CARD_BENCH v=1 run=704950670634 event=present frame_id=1408 t_ns=721092256000 presented=1 clock=monotonic
K230_CARD_BENCH v=1 run=704950670634 event=present frame_id=1407 t_ns=721053934000 presented=1 clock=monotonic
K230_CARD_BENCH v=1 run=704950670634 event=present frame_id=1406 t_ns=721034772000 presented=1 clock=monotonic
K230_CARD_BENCH v=1 run=704950670634 event=present frame_id=1405 t_ns=720996453000 presented=1 clock=monotonic
K230_CARD_BENCH v=1 run=704950670634 event=present frame_id=1404 t_ns=720958131000 presented=1 clock=monotonic
K230_CARD_SHELL frame-cost run=704950670634 frame_id=1404 total_cpu_ns=20334978 render_cpu_ns=14680916 input_cpu_ns=5096210
K230_CARD_BENCH v=1 run=704950670634 event=submit input_id=368 frame_id=1404 t_ns=720953286437 update_cpu_ns=20334978 final=1
K230_CARD_BENCH v=1 run=704950670634 event=submit input_id=367 frame_id=1404 t_ns=720953286437 update_cpu_ns=20334978 final=0
K230_CARD_BENCH v=1 run=704950670634 event=submit input_id=366 frame_id=1404 t_ns=720953286437 update_cpu_ns=20334978 final=0
K230_CARD_BENCH v=1 run=704950670634 event=submit input_id=365 frame_id=1404 t_ns=720953286437 update_cpu_ns=20334978 final=0
K230_CARD_BENCH v=1 run=704950670634 event=submit input_id=364 frame_id=1404 t_ns=720953286437 update_cpu_ns=20334978 final=0
K230_CARD_BENCH v=1 run=704950670634 event=present frame_id=1403 t_ns=720919811000 presented=1 clock=monotonic
K230_CARD_BENCH v=1 run=704950670634 event=input input_id=368 gesture_id=45 kind=release t_ns=720918083899 source=injected
K230_CARD_SHELL state mode=1 actions=1 message=0 cards=2
K230_CARD_BENCH v=1 run=704950670634 event=input input_id=367 gesture_id=45 kind=motion t_ns=720915588868 source=injected
K230_CARD_SHELL state mode=2 actions=1 message=0 cards=2
K230_CARD_BENCH v=1 run=704950670634 event=input input_id=366 gesture_id=45 kind=motion t_ns=720914891224 source=injected
K230_CARD_SHELL state mode=2 actions=1 message=0 cards=2
K230_CARD_BENCH v=1 run=704950670634 event=input input_id=365 gesture_id=45 kind=motion t_ns=720909978567 source=injected
K230_CARD_SHELL state mode=2 actions=1 message=0 cards=2
K230_CARD_BENCH v=1 run=704950670634 event=input input_id=364 gesture_id=45 kind=motion t_ns=720908523762 source=injected
K230_CARD_SHELL state mode=2 actions=1 message=0 cards=2
K230_CARD_SHELL frame-cost run=704950670634 frame_id=1403 total_cpu_ns=24110409 render_cpu_ns=20706635 input_cpu_ns=2983962
K230_CARD_BENCH v=1 run=704950670634 event=submit input_id=363 frame_id=1403 t_ns=720903742433 update_cpu_ns=24110409 final=0
K230_CARD_BENCH v=1 run=704950670634 event=submit input_id=362 frame_id=1403 t_ns=720903742433 update_cpu_ns=24110409 final=0
K230_CARD_BENCH v=1 run=704950670634 event=submit input_id=361 frame_id=1403 t_ns=720903742433 update_cpu_ns=24110409 final=0
K230_CARD_BENCH v=1 run=704950670634 event=submit input_id=360 frame_id=1403 t_ns=720903742433 update_cpu_ns=24110409 final=0
K230_CARD_BENCH v=1 run=704950670634 event=submit input_id=359 frame_id=1403 t_ns=720903742433 update_cpu_ns=24110409 final=0
K230_CARD_BENCH v=1 run=704950670634 event=present frame_id=1402 t_ns=720862327000 presented=1 clock=monotonic
K230_CARD_BENCH v=1 run=704950670634 event=input input_id=363 gesture_id=45 kind=motion t_ns=720867514003 source=injected
K230_CARD_SHELL state mode=2 actions=1 message=0 cards=2
K230_CARD_BENCH v=1 run=704950670634 event=input input_id=362 gesture_id=45 kind=motion t_ns=720859317377 source=injected
K230_CARD_SHELL state mode=2 actions=1 message=0 cards=2
K230_CARD_BENCH v=1 run=704950670634 event=input input_id=361 gesture_id=45 kind=motion t_ns=720857467177 source=injected
K230_CARD_SHELL state mode=2 actions=1 message=0 cards=2
K230_CARD_BENCH v=1 run=704950670634 event=input input_id=360 gesture_id=45 kind=motion t_ns=720856839604 source=injected
K230_CARD_SHELL state mode=2 actions=1 message=0 cards=2
K230_CARD_BENCH v=1 run=704950670634 event=input input_id=359 gesture_id=45 kind=motion t_ns=720853641744 source=injected
K230_CARD_SHELL state mode=2 actions=1 message=0 cards=2
K230_CARD_SHELL frame-cost run=704950670634 frame_id=1402 total_cpu_ns=22258700 render_cpu_ns=19381813 input_cpu_ns=2523741
K230_CARD_BENCH v=1 run=704950670634 event=submit input_id=358 frame_id=1402 t_ns=720849258366 update_cpu_ns=22258700 final=0
K230_CARD_BENCH v=1 run=704950670634 event=submit input_id=357 frame_id=1402 t_ns=720849258366 update_cpu_ns=22258700 final=0
K230_CARD_BENCH v=1 run=704950670634 event=submit input_id=356 frame_id=1402 t_ns=720849258366 update_cpu_ns=22258700 final=0
K230_CARD_BENCH v=1 run=704950670634 event=submit input_id=355 frame_id=1402 t_ns=720849258366 update_cpu_ns=22258700 final=0
K230_CARD_BENCH v=1 run=704950670634 event=submit input_id=354 frame_id=1402 t_ns=720849258366 update_cpu_ns=22258700 final=0
K230_CARD_BENCH v=1 run=704950670634 event=present frame_id=1401 t_ns=720804845000 presented=1 clock=monotonic
K230_CARD_BENCH v=1 run=704950670634 event=input input_id=358 gesture_id=45 kind=motion t_ns=720812692094 source=injected
K230_CARD_SHELL state mode=2 actions=1 message=0 cards=2
K230_CARD_BENCH v=1 run=704950670634 event=input input_id=357 gesture_id=45 kind=motion t_ns=720811385396 source=injected
K230_CARD_SHELL state mode=2 actions=1 message=0 cards=2
K230_CARD_BENCH v=1 run=704950670634 event=input input_id=356 gesture_id=45 kind=motion t_ns=720804610687 source=injected
K230_CARD_SHELL state mode=2 actions=1 message=0 cards=2
K230_CARD_BENCH v=1 run=704950670634 event=input input_id=355 gesture_id=45 kind=motion t_ns=720803996447 source=injected
K230_CARD_SHELL state mode=2 actions=1 message=0 cards=2
K230_CARD_BENCH v=1 run=704950670634 event=input input_id=354 gesture_id=45 kind=motion t_ns=720800291344 source=injected
K230_CARD_SHELL state mode=2 actions=1 message=0 cards=2
K230_CARD_SHELL frame-cost run=704950670634 frame_id=1401 total_cpu_ns=18861167 render_cpu_ns=16914088 input_cpu_ns=1615076
K230_CARD_BENCH v=1 run=704950670634 event=submit input_id=353 frame_id=1401 t_ns=720798393997 update_cpu_ns=18861167 final=0
K230_CARD_BENCH v=1 run=704950670634 event=submit input_id=352 frame_id=1401 t_ns=720798393997 update_cpu_ns=18861167 final=0
K230_CARD_BENCH v=1 run=704950670634 event=submit input_id=351 frame_id=1401 t_ns=720798393997 update_cpu_ns=18861167 final=0
K230_CARD_BENCH v=1 run=704950670634 event=submit input_id=350 frame_id=1401 t_ns=720798393997 update_cpu_ns=18861167 final=0
K230_CARD_BENCH v=1 run=704950670634 event=present frame_id=1400 t_ns=720766525000 presented=1 clock=monotonic
K230_CARD_BENCH v=1 run=704950670634 event=input input_id=353 gesture_id=45 kind=motion t_ns=720765563087 source=injected
K230_CARD_SHELL state mode=2 actions=1 message=0 cards=2
K230_CARD_BENCH v=1 run=704950670634 event=input input_id=352 gesture_id=45 kind=motion t_ns=720764042729 source=injected
K230_CARD_SHELL state mode=2 actions=1 message=0 cards=2
K230_CARD_BENCH v=1 run=704950670634 event=input input_id=351 gesture_id=45 kind=motion t_ns=720763155979 source=injected
K230_CARD_SHELL state mode=2 actions=1 message=0 cards=2
K230_CARD_BENCH v=1 run=704950670634 event=input input_id=350 gesture_id=45 kind=motion t_ns=720759040556 source=injected
K230_CARD_SHELL state mode=2 actions=1 message=0 cards=2
K230_CARD_SHELL frame-cost run=704950670634 frame_id=1400 total_cpu_ns=15894236 render_cpu_ns=15097051 input_cpu_ns=572629
K230_CARD_BENCH v=1 run=704950670634 event=submit input_id=349 frame_id=1400 t_ns=720754167157 update_cpu_ns=15894236 final=0
K230_CARD_BENCH v=1 run=704950670634 event=submit input_id=348 frame_id=1400 t_ns=720754167157 update_cpu_ns=15894236 final=0
K230_CARD_BENCH v=1 run=704950670634 event=present frame_id=1399 t_ns=720728203000 presented=1 clock=monotonic
K230_CARD_BENCH v=1 run=704950670634 event=input input_id=349 gesture_id=45 kind=motion t_ns=720720549087 source=injected
K230_CARD_SHELL state mode=2 actions=1 message=0 cards=2
K230_CARD_BENCH v=1 run=704950670634 event=input input_id=348 gesture_id=45 kind=motion t_ns=720717057754 source=injected
K230_CARD_SHELL state mode=2 actions=1 message=0 cards=2
K230_CARD_SHELL state mode=2 actions=1 message=0 cards=2
K230_CARD_BENCH v=1 run=704950670634 event=present frame_id=1398 t_ns=720689882000 presented=1 clock=monotonic
K230_CARD_BENCH v=1 run=704950670634 event=present frame_id=1397 t_ns=720651561000 presented=1 clock=monotonic
K230_CARD_BENCH v=1 run=704950670634 event=present frame_id=1396 t_ns=720613239000 presented=1 clock=monotonic
K230_CARD_BENCH v=1 run=704950670634 event=present frame_id=1395 t_ns=720594078000 presented=1 clock=monotonic
K230_CARD_BENCH v=1 run=704950670634 event=present frame_id=1394 t_ns=720555755000 presented=1 clock=monotonic
K230_CARD_BENCH v=1 run=704950670634 event=present frame_id=1393 t_ns=720536596000 presented=1 clock=monotonic
K230_CARD_BENCH v=1 run=704950670634 event=present frame_id=1392 t_ns=720498275000 presented=1 clock=monotonic
K230_CARD_BENCH v=1 run=704950670634 event=present frame_id=1391 t_ns=720479115000 presented=1 clock=monotonic
K230_CARD_BENCH v=1 run=704950670634 event=present frame_id=1390 t_ns=720440794000 presented=1 clock=monotonic
K230_CARD_SHELL frame-cost run=704950670634 frame_id=1390 total_cpu_ns=17990701 render_cpu_ns=13885885 input_cpu_ns=3612704
K230_CARD_BENCH v=1 run=704950670634 event=submit input_id=347 frame_id=1390 t_ns=720431114999 update_cpu_ns=17990701 final=1
K230_CARD_BENCH v=1 run=704950670634 event=submit input_id=346 frame_id=1390 t_ns=720431114999 update_cpu_ns=17990701 final=0
K230_CARD_BENCH v=1 run=704950670634 event=submit input_id=345 frame_id=1390 t_ns=720431114999 update_cpu_ns=17990701 final=0
K230_CARD_BENCH v=1 run=704950670634 event=present frame_id=1389 t_ns=720402472000 presented=1 clock=monotonic
K230_CARD_BENCH v=1 run=704950670634 event=input input_id=347 gesture_id=44 kind=release t_ns=720408239584 source=injected
K230_CARD_SHELL state mode=1 actions=1 message=0 cards=2
K230_CARD_BENCH v=1 run=704950670634 event=input input_id=346 gesture_id=44 kind=motion t_ns=720402770797 source=injected
K230_CARD_SHELL state mode=2 actions=1 message=0 cards=2
K230_CARD_BENCH v=1 run=704950670634 event=input input_id=345 gesture_id=44 kind=motion t_ns=720400625421 source=injected
K230_CARD_SHELL state mode=2 actions=1 message=0 cards=2
K230_CARD_SHELL frame-cost run=704950670634 frame_id=1389 total_cpu_ns=22467117 render_cpu_ns=19874122 input_cpu_ns=1802996
K230_CARD_BENCH v=1 run=704950670634 event=submit input_id=344 frame_id=1389 t_ns=720394764794 update_cpu_ns=22467117 final=0
K230_CARD_BENCH v=1 run=704950670634 event=submit input_id=343 frame_id=1389 t_ns=720394764794 update_cpu_ns=22467117 final=0
K230_CARD_BENCH v=1 run=704950670634 event=submit input_id=342 frame_id=1389 t_ns=720394764794 update_cpu_ns=22467117 final=0
K230_CARD_BENCH v=1 run=704950670634 event=present frame_id=1388 t_ns=720364150000 presented=1 clock=monotonic
K230_CARD_BENCH v=1 run=704950670634 event=input input_id=344 gesture_id=44 kind=motion t_ns=720370299171 source=injected
K230_CARD_SHELL state mode=2 actions=1 message=0 cards=2
K230_CARD_BENCH v=1 run=704950670634 event=input input_id=343 gesture_id=44 kind=motion t_ns=720368830700 source=injected
K230_CARD_SHELL state mode=2 actions=1 message=0 cards=2
K230_CARD_BENCH v=1 run=704950670634 event=input input_id=342 gesture_id=44 kind=motion t_ns=720366865726 source=injected
K230_CARD_SHELL state mode=2 actions=1 message=0 cards=2
K230_CARD_SHELL live cards=2 commits=953 sampled=1891 frame-done=1895 output-presented=857
K230_CARD_SHELL frame-cost run=704950670634 frame_id=1388 total_cpu_ns=21897105 render_cpu_ns=19633695 input_cpu_ns=2004409
K230_CARD_BENCH v=1 run=704950670634 event=submit input_id=341 frame_id=1388 t_ns=720363326173 update_cpu_ns=21897105 final=0
K230_CARD_BENCH v=1 run=704950670634 event=submit input_id=340 frame_id=1388 t_ns=720363326173 update_cpu_ns=21897105 final=0
K230_CARD_BENCH v=1 run=704950670634 event=submit input_id=339 frame_id=1388 t_ns=720363326173 update_cpu_ns=21897105 final=0
K230_CARD_BENCH v=1 run=704950670634 event=submit input_id=338 frame_id=1388 t_ns=720363326173 update_cpu_ns=21897105 final=0
K230_CARD_BENCH v=1 run=704950670634 event=present frame_id=1387 t_ns=720325829000 presented=1 clock=monotonic
K230_CARD_BENCH v=1 run=704950670634 event=input input_id=341 gesture_id=44 kind=motion t_ns=720333524610 source=injected
K230_CARD_SHELL state mode=2 actions=1 message=0 cards=2
K230_CARD_BENCH v=1 run=704950670634 event=input input_id=340 gesture_id=44 kind=motion t_ns=720332925777 source=injected
K230_CARD_SHELL state mode=2 actions=1 message=0 cards=2
K230_CARD_BENCH v=1 run=704950670634 event=input input_id=339 gesture_id=44 kind=motion t_ns=720332245133 source=injected
K230_CARD_SHELL state mode=2 actions=1 message=0 cards=2
K230_CARD_BENCH v=1 run=704950670634 event=input input_id=338 gesture_id=44 kind=motion t_ns=720326926155 source=injected
K230_CARD_SHELL state mode=2 actions=1 message=0 cards=2
K230_CARD_SHELL frame-cost run=704950670634 frame_id=1387 total_cpu_ns=21222374 render_cpu_ns=18720003 input_cpu_ns=2144151
K230_CARD_BENCH v=1 run=704950670634 event=submit input_id=337 frame_id=1387 t_ns=720321774765 update_cpu_ns=21222374 final=0
K230_CARD_BENCH v=1 run=704950670634 event=submit input_id=336 frame_id=1387 t_ns=720321774765 update_cpu_ns=21222374 final=0
K230_CARD_BENCH v=1 run=704950670634 event=submit input_id=335 frame_id=1387 t_ns=720321774765 update_cpu_ns=21222374 final=0
K230_CARD_BENCH v=1 run=704950670634 event=submit input_id=334 frame_id=1387 t_ns=720321774765 update_cpu_ns=21222374 final=0
K230_CARD_BENCH v=1 run=704950670634 event=present frame_id=1386 t_ns=720287509000 presented=1 clock=monotonic
K230_CARD_BENCH v=1 run=704950670634 event=input input_id=337 gesture_id=44 kind=motion t_ns=720294060172 source=injected
K230_CARD_SHELL state mode=2 actions=1 message=0 cards=2
K230_CARD_BENCH v=1 run=704950670634 event=input input_id=336 gesture_id=44 kind=motion t_ns=720290355106 source=injected
K230_CARD_SHELL state mode=2 actions=1 message=0 cards=2
K230_CARD_BENCH v=1 run=704950670634 event=input input_id=335 gesture_id=44 kind=motion t_ns=720288743824 source=injected
K230_CARD_SHELL state mode=2 actions=1 message=0 cards=2
K230_CARD_BENCH v=1 run=704950670634 event=input input_id=334 gesture_id=44 kind=motion t_ns=720288042810 source=injected
K230_CARD_SHELL state mode=2 actions=1 message=0 cards=2
K230_CARD_SHELL frame-cost run=704950670634 frame_id=1386 total_cpu_ns=19619462 render_cpu_ns=16900829 input_cpu_ns=1863707
K230_CARD_BENCH v=1 run=704950670634 event=submit input_id=333 frame_id=1386 t_ns=720278723775 update_cpu_ns=19619462 final=0
K230_CARD_BENCH v=1 run=704950670634 event=submit input_id=332 frame_id=1386 t_ns=720278723775 update_cpu_ns=19619462 final=0
K230_CARD_BENCH v=1 run=704950670634 event=submit input_id=331 frame_id=1386 t_ns=720278723775 update_cpu_ns=19619462 final=0
K230_CARD_BENCH v=1 run=704950670634 event=submit input_id=330 frame_id=1386 t_ns=720278723775 update_cpu_ns=19619462 final=0
K230_CARD_BENCH v=1 run=704950670634 event=present frame_id=1385 t_ns=720249188000 presented=1 clock=monotonic
K230_CARD_BENCH v=1 run=704950670634 event=input input_id=333 gesture_id=44 kind=motion t_ns=720253095634 source=injected
K230_CARD_SHELL state mode=2 actions=1 message=0 cards=2
K230_CARD_BENCH v=1 run=704950670634 event=input input_id=332 gesture_id=44 kind=motion t_ns=720249461454 source=injected
K230_CARD_SHELL state mode=2 actions=1 message=0 cards=2
K230_CARD_BENCH v=1 run=704950670634 event=input input_id=331 gesture_id=44 kind=motion t_ns=720247181824 source=injected
K230_CARD_SHELL state mode=2 actions=1 message=0 cards=2
K230_CARD_BENCH v=1 run=704950670634 event=input input_id=330 gesture_id=44 kind=motion t_ns=720246633434 source=injected
K230_CARD_SHELL state mode=2 actions=1 message=0 cards=2
K230_CARD_BENCH v=1 run=704950670634 event=resource phase=active t_ns=720244185364 cpu_ns=30774339000 memory_bytes=27635712 scope=session
K230_CARD_BENCH v=1 run=704950670634 event=resource phase=active t_ns=720244185364 cpu_ns=19100923621 memory_bytes=34480128 scope=compositor
K230_CARD_SHELL frame-cost run=704950670634 frame_id=1385 total_cpu_ns=15882987 render_cpu_ns=14970322 input_cpu_ns=727925
K230_CARD_BENCH v=1 run=704950670634 event=submit input_id=329 frame_id=1385 t_ns=720239991240 update_cpu_ns=15882987 final=0
K230_CARD_BENCH v=1 run=704950670634 event=submit input_id=328 frame_id=1385 t_ns=720239991240 update_cpu_ns=15882987 final=0
K230_CARD_BENCH v=1 run=704950670634 event=present frame_id=1384 t_ns=720210866000 presented=1 clock=monotonic
K230_CARD_BENCH v=1 run=704950670634 event=input input_id=329 gesture_id=44 kind=motion t_ns=720212730966 source=injected
K230_CARD_SHELL state mode=2 actions=1 message=0 cards=2
K230_CARD_BENCH v=1 run=704950670634 event=input input_id=328 gesture_id=44 kind=motion t_ns=720210829064 source=injected
K230_CARD_SHELL state mode=2 actions=1 message=0 cards=2
K230_CARD_SHELL frame-cost run=704950670634 frame_id=1384 total_cpu_ns=14209277 render_cpu_ns=13887091 input_cpu_ns=175148
K230_CARD_BENCH v=1 run=704950670634 event=submit input_id=327 frame_id=1384 t_ns=720208289145 update_cpu_ns=14209277 final=0
K230_CARD_BENCH v=1 run=704950670634 event=present frame_id=1383 t_ns=720191705000 presented=1 clock=monotonic
K230_CARD_BENCH v=1 run=704950670634 event=input input_id=327 gesture_id=44 kind=motion t_ns=720186625173 source=injected
K230_CARD_SHELL state mode=2 actions=1 message=0 cards=2
K230_CARD_SHELL state mode=2 actions=1 message=0 cards=2
K230_CARD_BENCH v=1 run=704950670634 event=present frame_id=1382 t_ns=720153383000 presented=1 clock=monotonic
K230_CARD_BENCH v=1 run=704950670634 event=present frame_id=1381 t_ns=720134223000 presented=1 clock=monotonic
K230_CARD_BENCH v=1 run=704950670634 event=present frame_id=1380 t_ns=720095900000 presented=1 clock=monotonic
K230_CARD_BENCH v=1 run=704950670634 event=present frame_id=1379 t_ns=720076741000 presented=1 clock=monotonic
K230_CARD_BENCH v=1 run=704950670634 event=present frame_id=1378 t_ns=720038418000 presented=1 clock=monotonic
K230_CARD_BENCH v=1 run=704950670634 event=present frame_id=1377 t_ns=720019259000 presented=1 clock=monotonic
K230_CARD_BENCH v=1 run=704950670634 event=present frame_id=1376 t_ns=719980938000 presented=1 clock=monotonic
K230_CARD_BENCH v=1 run=704950670634 event=present frame_id=1375 t_ns=719961777000 presented=1 clock=monotonic
K230_CARD_BENCH v=1 run=704950670634 event=present frame_id=1374 t_ns=719923455000 presented=1 clock=monotonic
K230_CARD_BENCH v=1 run=704950670634 event=present frame_id=1373 t_ns=719904295000 presented=1 clock=monotonic
K230_CARD_SHELL frame-cost run=704950670634 frame_id=1373 total_cpu_ns=18194874 render_cpu_ns=13961248 input_cpu_ns=3983590
K230_CARD_BENCH v=1 run=704950670634 event=submit input_id=326 frame_id=1373 t_ns=719896327467 update_cpu_ns=18194874 final=1
K230_CARD_BENCH v=1 run=704950670634 event=submit input_id=325 frame_id=1373 t_ns=719896327467 update_cpu_ns=18194874 final=0
K230_CARD_BENCH v=1 run=704950670634 event=submit input_id=324 frame_id=1373 t_ns=719896327467 update_cpu_ns=18194874 final=0
K230_CARD_BENCH v=1 run=704950670634 event=submit input_id=323 frame_id=1373 t_ns=719896327467 update_cpu_ns=18194874 final=0
K230_CARD_BENCH v=1 run=704950670634 event=present frame_id=1372 t_ns=719865975000 presented=1 clock=monotonic
K230_CARD_BENCH v=1 run=704950670634 event=input input_id=326 gesture_id=43 kind=release t_ns=719873799149 source=injected
K230_CARD_SHELL state mode=1 actions=1 message=0 cards=2
K230_CARD_BENCH v=1 run=704950670634 event=input input_id=325 gesture_id=43 kind=motion t_ns=719873254130 source=injected
K230_CARD_SHELL state mode=2 actions=1 message=0 cards=2
K230_CARD_BENCH v=1 run=704950670634 event=input input_id=324 gesture_id=43 kind=motion t_ns=719872679296 source=injected
K230_CARD_SHELL state mode=2 actions=1 message=0 cards=2
K230_CARD_BENCH v=1 run=704950670634 event=input input_id=323 gesture_id=43 kind=motion t_ns=719867891486 source=injected
K230_CARD_SHELL state mode=2 actions=1 message=0 cards=2
K230_CARD_SHELL frame-cost run=704950670634 frame_id=1372 total_cpu_ns=22383526 render_cpu_ns=19785158 input_cpu_ns=2317851
K230_CARD_BENCH v=1 run=704950670634 event=submit input_id=322 frame_id=1372 t_ns=719860680605 update_cpu_ns=22383526 final=0
K230_CARD_BENCH v=1 run=704950670634 event=submit input_id=321 frame_id=1372 t_ns=719860680605 update_cpu_ns=22383526 final=0
K230_CARD_BENCH v=1 run=704950670634 event=submit input_id=320 frame_id=1372 t_ns=719860680605 update_cpu_ns=22383526 final=0
K230_CARD_BENCH v=1 run=704950670634 event=submit input_id=319 frame_id=1372 t_ns=719860680605 update_cpu_ns=22383526 final=0
K230_CARD_BENCH v=1 run=704950670634 event=present frame_id=1371 t_ns=719827654000 presented=1 clock=monotonic
K230_CARD_BENCH v=1 run=704950670634 event=input input_id=322 gesture_id=43 kind=motion t_ns=719832161145 source=injected
K230_CARD_SHELL state mode=2 actions=1 message=0 cards=2
K230_CARD_BENCH v=1 run=704950670634 event=input input_id=321 gesture_id=43 kind=motion t_ns=719827747323 source=injected
K230_CARD_SHELL state mode=2 actions=1 message=0 cards=2
K230_CARD_BENCH v=1 run=704950670634 event=input input_id=320 gesture_id=43 kind=motion t_ns=719824587276 source=injected
K230_CARD_SHELL state mode=2 actions=1 message=0 cards=2
K230_CARD_BENCH v=1 run=704950670634 event=input input_id=319 gesture_id=43 kind=motion t_ns=719823522792 source=injected
K230_CARD_SHELL state mode=2 actions=1 message=0 cards=2
K230_CARD_SHELL frame-cost run=704950670634 frame_id=1371 total_cpu_ns=21609717 render_cpu_ns=19669978 input_cpu_ns=1687889
K230_CARD_BENCH v=1 run=704950670634 event=submit input_id=318 frame_id=1371 t_ns=719820335671 update_cpu_ns=21609717 final=0
K230_CARD_BENCH v=1 run=704950670634 event=submit input_id=317 frame_id=1371 t_ns=719820335671 update_cpu_ns=21609717 final=0
K230_CARD_BENCH v=1 run=704950670634 event=submit input_id=316 frame_id=1371 t_ns=719820335671 update_cpu_ns=21609717 final=0
K230_CARD_BENCH v=1 run=704950670634 event=submit input_id=315 frame_id=1371 t_ns=719820335671 update_cpu_ns=21609717 final=0
K230_CARD_BENCH v=1 run=704950670634 event=present frame_id=1370 t_ns=719789334000 presented=1 clock=monotonic
K230_CARD_BENCH v=1 run=704950670634 event=input input_id=318 gesture_id=43 kind=motion t_ns=719790258594 source=injected
K230_CARD_SHELL state mode=2 actions=1 message=0 cards=2
K230_CARD_BENCH v=1 run=704950670634 event=input input_id=317 gesture_id=43 kind=motion t_ns=719789523988 source=injected
K230_CARD_SHELL state mode=2 actions=1 message=0 cards=2
K230_CARD_BENCH v=1 run=704950670634 event=input input_id=316 gesture_id=43 kind=motion t_ns=719788886416 source=injected
K230_CARD_SHELL state mode=2 actions=1 message=0 cards=2
K230_CARD_BENCH v=1 run=704950670634 event=input input_id=315 gesture_id=43 kind=motion t_ns=719788293213 source=injected
K230_CARD_SHELL state mode=2 actions=1 message=0 cards=2
K230_CARD_SHELL frame-cost run=704950670634 frame_id=1370 total_cpu_ns=19755960 render_cpu_ns=17931850 input_cpu_ns=1549224
K230_CARD_BENCH v=1 run=704950670634 event=submit input_id=314 frame_id=1370 t_ns=719780121066 update_cpu_ns=19755960 final=0
K230_CARD_BENCH v=1 run=704950670634 event=submit input_id=313 frame_id=1370 t_ns=719780121066 update_cpu_ns=19755960 final=0
K230_CARD_BENCH v=1 run=704950670634 event=submit input_id=312 frame_id=1370 t_ns=719780121066 update_cpu_ns=19755960 final=0
K230_CARD_BENCH v=1 run=704950670634 event=present frame_id=1369 t_ns=719751012000 presented=1 clock=monotonic
K230_CARD_BENCH v=1 run=704950670634 event=input input_id=314 gesture_id=43 kind=motion t_ns=719750713672 source=injected
K230_CARD_SHELL state mode=2 actions=1 message=0 cards=2
K230_CARD_BENCH v=1 run=704950670634 event=input input_id=313 gesture_id=43 kind=motion t_ns=719750042879 source=injected
K230_CARD_SHELL state mode=2 actions=1 message=0 cards=2
K230_CARD_BENCH v=1 run=704950670634 event=input input_id=312 gesture_id=43 kind=motion t_ns=719748864212 source=injected
K230_CARD_SHELL state mode=2 actions=1 message=0 cards=2
K230_CARD_SHELL frame-cost run=704950670634 frame_id=1369 total_cpu_ns=18539360 render_cpu_ns=16609651 input_cpu_ns=1627153
K230_CARD_BENCH v=1 run=704950670634 event=submit input_id=311 frame_id=1369 t_ns=719739293111 update_cpu_ns=18539360 final=0
K230_CARD_BENCH v=1 run=704950670634 event=submit input_id=310 frame_id=1369 t_ns=719739293111 update_cpu_ns=18539360 final=0
K230_CARD_BENCH v=1 run=704950670634 event=submit input_id=309 frame_id=1369 t_ns=719739293111 update_cpu_ns=18539360 final=0
K230_CARD_BENCH v=1 run=704950670634 event=submit input_id=308 frame_id=1369 t_ns=719739293111 update_cpu_ns=18539360 final=0
K230_CARD_BENCH v=1 run=704950670634 event=present frame_id=1368 t_ns=719712689000 presented=1 clock=monotonic
K230_CARD_BENCH v=1 run=704950670634 event=input input_id=311 gesture_id=43 kind=motion t_ns=719714265688 source=injected
K230_CARD_SHELL state mode=2 actions=1 message=0 cards=2
K230_CARD_BENCH v=1 run=704950670634 event=input input_id=310 gesture_id=43 kind=motion t_ns=719710633285 source=injected
K230_CARD_SHELL state mode=2 actions=1 message=0 cards=2
K230_CARD_BENCH v=1 run=704950670634 event=input input_id=309 gesture_id=43 kind=motion t_ns=719708812269 source=injected
K230_CARD_SHELL state mode=2 actions=1 message=0 cards=2
K230_CARD_BENCH v=1 run=704950670634 event=input input_id=308 gesture_id=43 kind=motion t_ns=719708317322 source=injected
K230_CARD_SHELL state mode=2 actions=1 message=0 cards=2
K230_CARD_SHELL frame-cost run=704950670634 frame_id=1368 total_cpu_ns=15316076 render_cpu_ns=14432041 input_cpu_ns=666221
K230_CARD_BENCH v=1 run=704950670634 event=submit input_id=307 frame_id=1368 t_ns=719701974154 update_cpu_ns=15316076 final=0
K230_CARD_BENCH v=1 run=704950670634 event=submit input_id=306 frame_id=1368 t_ns=719701974154 update_cpu_ns=15316076 final=0
K230_CARD_BENCH v=1 run=704950670634 event=present frame_id=1367 t_ns=719674371000 presented=1 clock=monotonic
K230_CARD_BENCH v=1 run=704950670634 event=input input_id=307 gesture_id=43 kind=motion t_ns=719675726844 source=injected
K230_CARD_SHELL state mode=2 actions=1 message=0 cards=2
K230_CARD_BENCH v=1 run=704950670634 event=input input_id=306 gesture_id=43 kind=motion t_ns=719673812942 source=injected
K230_CARD_SHELL state mode=2 actions=1 message=0 cards=2
K230_CARD_BENCH v=1 run=704950670634 event=present frame_id=1366 t_ns=719655207000 presented=1 clock=monotonic
K230_CARD_SHELL state mode=2 actions=1 message=0 cards=2
K230_CARD_BENCH v=1 run=704950670634 event=present frame_id=1365 t_ns=719616886000 presented=1 clock=monotonic
K230_CARD_BENCH v=1 run=704950670634 event=present frame_id=1364 t_ns=719597725000 presented=1 clock=monotonic
K230_CARD_BENCH v=1 run=704950670634 event=present frame_id=1363 t_ns=719559405000 presented=1 clock=monotonic
K230_CARD_BENCH v=1 run=704950670634 event=present frame_id=1362 t_ns=719540244000 presented=1 clock=monotonic
K230_CARD_BENCH v=1 run=704950670634 event=present frame_id=1361 t_ns=719501923000 presented=1 clock=monotonic
K230_CARD_BENCH v=1 run=704950670634 event=present frame_id=1360 t_ns=719482762000 presented=1 clock=monotonic
K230_CARD_BENCH v=1 run=704950670634 event=present frame_id=1359 t_ns=719444441000 presented=1 clock=monotonic
K230_CARD_BENCH v=1 run=704950670634 event=present frame_id=1358 t_ns=719425280000 presented=1 clock=monotonic
K230_CARD_BENCH v=1 run=704950670634 event=present frame_id=1357 t_ns=719386959000 presented=1 clock=monotonic
K230_CARD_SHELL frame-cost run=704950670634 frame_id=1357 total_cpu_ns=18670727 render_cpu_ns=13823772 input_cpu_ns=4300738
K230_CARD_BENCH v=1 run=704950670634 event=submit input_id=305 frame_id=1357 t_ns=719383200740 update_cpu_ns=18670727 final=1
K230_CARD_BENCH v=1 run=704950670634 event=submit input_id=304 frame_id=1357 t_ns=719383200740 update_cpu_ns=18670727 final=0
K230_CARD_BENCH v=1 run=704950670634 event=submit input_id=303 frame_id=1357 t_ns=719383200740 update_cpu_ns=18670727 final=0
K230_CARD_BENCH v=1 run=704950670634 event=submit input_id=302 frame_id=1357 t_ns=719383200740 update_cpu_ns=18670727 final=0
K230_CARD_BENCH v=1 run=704950670634 event=present frame_id=1356 t_ns=719367798000 presented=1 clock=monotonic
K230_CARD_BENCH v=1 run=704950670634 event=input input_id=305 gesture_id=42 kind=release t_ns=719359987222 source=injected
K230_CARD_SHELL state mode=1 actions=1 message=0 cards=2
K230_CARD_BENCH v=1 run=704950670634 event=input input_id=304 gesture_id=42 kind=motion t_ns=719358533935 source=injected
K230_CARD_SHELL state mode=2 actions=1 message=0 cards=2
K230_CARD_BENCH v=1 run=704950670634 event=input input_id=303 gesture_id=42 kind=motion t_ns=719356905764 source=injected
K230_CARD_SHELL state mode=2 actions=1 message=0 cards=2
K230_CARD_BENCH v=1 run=704950670634 event=input input_id=302 gesture_id=42 kind=motion t_ns=719355794466 source=injected
K230_CARD_SHELL state mode=2 actions=1 message=0 cards=2
K230_CARD_SHELL frame-cost run=704950670634 frame_id=1356 total_cpu_ns=22906573 render_cpu_ns=20163870 input_cpu_ns=2326330
K230_CARD_BENCH v=1 run=704950670634 event=submit input_id=301 frame_id=1356 t_ns=719352223877 update_cpu_ns=22906573 final=0
K230_CARD_BENCH v=1 run=704950670634 event=submit input_id=300 frame_id=1356 t_ns=719352223877 update_cpu_ns=22906573 final=0
K230_CARD_BENCH v=1 run=704950670634 event=submit input_id=299 frame_id=1356 t_ns=719352223877 update_cpu_ns=22906573 final=0
K230_CARD_BENCH v=1 run=704950670634 event=submit input_id=298 frame_id=1356 t_ns=719352223877 update_cpu_ns=22906573 final=0
K230_CARD_BENCH v=1 run=704950670634 event=present frame_id=1355 t_ns=719310316000 presented=1 clock=monotonic
K230_CARD_BENCH v=1 run=704950670634 event=input input_id=301 gesture_id=42 kind=motion t_ns=719320964282 source=injected
K230_CARD_SHELL state mode=2 actions=1 message=0 cards=2
K230_CARD_BENCH v=1 run=704950670634 event=input input_id=300 gesture_id=42 kind=motion t_ns=719316716455 source=injected
K230_CARD_SHELL state mode=2 actions=1 message=0 cards=2
K230_CARD_BENCH v=1 run=704950670634 event=input input_id=299 gesture_id=42 kind=motion t_ns=719314704667 source=injected
K230_CARD_SHELL state mode=2 actions=1 message=0 cards=2
K230_CARD_BENCH v=1 run=704950670634 event=input input_id=298 gesture_id=42 kind=motion t_ns=719312301522 source=injected
K230_CARD_SHELL state mode=2 actions=1 message=0 cards=2
K230_CARD_SHELL frame-cost run=704950670634 frame_id=1355 total_cpu_ns=21685730 render_cpu_ns=19558766 input_cpu_ns=1598148
K230_CARD_BENCH v=1 run=704950670634 event=submit input_id=297 frame_id=1355 t_ns=719307395049 update_cpu_ns=21685730 final=0
K230_CARD_BENCH v=1 run=704950670634 event=submit input_id=296 frame_id=1355 t_ns=719307395049 update_cpu_ns=21685730 final=0
K230_CARD_BENCH v=1 run=704950670634 event=submit input_id=295 frame_id=1355 t_ns=719307395049 update_cpu_ns=21685730 final=0
K230_CARD_BENCH v=1 run=704950670634 event=present frame_id=1354 t_ns=719271995000 presented=1 clock=monotonic
K230_CARD_BENCH v=1 run=704950670634 event=input input_id=297 gesture_id=42 kind=motion t_ns=719276366706 source=injected
K230_CARD_SHELL state mode=2 actions=1 message=0 cards=2
K230_CARD_BENCH v=1 run=704950670634 event=input input_id=296 gesture_id=42 kind=motion t_ns=719273429911 source=injected
K230_CARD_SHELL state mode=2 actions=1 message=0 cards=2
K230_CARD_BENCH v=1 run=704950670634 event=input input_id=295 gesture_id=42 kind=motion t_ns=719272633677 source=injected
K230_CARD_SHELL state mode=2 actions=1 message=0 cards=2
K230_CARD_SHELL frame-cost run=704950670634 frame_id=1354 total_cpu_ns=21529825 render_cpu_ns=18230634 input_cpu_ns=2358636
K230_CARD_BENCH v=1 run=704950670634 event=submit input_id=294 frame_id=1354 t_ns=719265969483 update_cpu_ns=21529825 final=0
K230_CARD_BENCH v=1 run=704950670634 event=submit input_id=293 frame_id=1354 t_ns=719265969483 update_cpu_ns=21529825 final=0
K230_CARD_BENCH v=1 run=704950670634 event=submit input_id=292 frame_id=1354 t_ns=719265969483 update_cpu_ns=21529825 final=0
K230_CARD_BENCH v=1 run=704950670634 event=submit input_id=291 frame_id=1354 t_ns=719265969483 update_cpu_ns=21529825 final=0
K230_CARD_BENCH v=1 run=704950670634 event=present frame_id=1353 t_ns=719233676000 presented=1 clock=monotonic
K230_CARD_BENCH v=1 run=704950670634 event=input input_id=294 gesture_id=42 kind=motion t_ns=719243977666 source=injected
K230_CARD_SHELL state mode=2 actions=1 message=0 cards=2
K230_CARD_BENCH v=1 run=704950670634 event=input input_id=293 gesture_id=42 kind=motion t_ns=719237915378 source=injected
K230_CARD_SHELL state mode=2 actions=1 message=0 cards=2
K230_CARD_BENCH v=1 run=704950670634 event=input input_id=292 gesture_id=42 kind=motion t_ns=719235831482 source=injected
K230_CARD_SHELL state mode=2 actions=1 message=0 cards=2
K230_CARD_BENCH v=1 run=704950670634 event=input input_id=291 gesture_id=42 kind=motion t_ns=719233905618 source=injected
K230_CARD_SHELL state mode=2 actions=1 message=0 cards=2
K230_CARD_BENCH v=1 run=704950670634 event=resource phase=active t_ns=719232236634 cpu_ns=30036545000 memory_bytes=27635712 scope=session
K230_CARD_BENCH v=1 run=704950670634 event=resource phase=active t_ns=719232236634 cpu_ns=18555776933 memory_bytes=34480128 scope=compositor
K230_CARD_SHELL frame-cost run=704950670634 frame_id=1353 total_cpu_ns=18634722 render_cpu_ns=16569164 input_cpu_ns=1728928
K230_CARD_BENCH v=1 run=704950670634 event=submit input_id=290 frame_id=1353 t_ns=719221882446 update_cpu_ns=18634722 final=0
K230_CARD_BENCH v=1 run=704950670634 event=submit input_id=289 frame_id=1353 t_ns=719221882446 update_cpu_ns=18634722 final=0
K230_CARD_BENCH v=1 run=704950670634 event=submit input_id=288 frame_id=1353 t_ns=719221882446 update_cpu_ns=18634722 final=0
K230_CARD_BENCH v=1 run=704950670634 event=submit input_id=287 frame_id=1353 t_ns=719221882446 update_cpu_ns=18634722 final=0
K230_CARD_BENCH v=1 run=704950670634 event=present frame_id=1352 t_ns=719195356000 presented=1 clock=monotonic
K230_CARD_BENCH v=1 run=704950670634 event=input input_id=290 gesture_id=42 kind=motion t_ns=719200216508 source=injected
K230_CARD_SHELL state mode=2 actions=1 message=0 cards=2
K230_CARD_BENCH v=1 run=704950670634 event=input input_id=289 gesture_id=42 kind=motion t_ns=719194962602 source=injected
K230_CARD_SHELL state mode=2 actions=1 message=0 cards=2
K230_CARD_BENCH v=1 run=704950670634 event=input input_id=288 gesture_id=42 kind=motion t_ns=719193223583 source=injected
K230_CARD_SHELL state mode=2 actions=1 message=0 cards=2
K230_CARD_BENCH v=1 run=704950670634 event=input input_id=287 gesture_id=42 kind=motion t_ns=719192715081 source=injected
K230_CARD_SHELL state mode=2 actions=1 message=0 cards=2
K230_CARD_SHELL frame-cost run=704950670634 frame_id=1352 total_cpu_ns=15366254 render_cpu_ns=14545663 input_cpu_ns=605814
K230_CARD_BENCH v=1 run=704950670634 event=submit input_id=286 frame_id=1352 t_ns=719184710077 update_cpu_ns=15366254 final=0
K230_CARD_BENCH v=1 run=704950670634 event=submit input_id=285 frame_id=1352 t_ns=719184710077 update_cpu_ns=15366254 final=0
K230_CARD_BENCH v=1 run=704950670634 event=present frame_id=1351 t_ns=719157033000 presented=1 clock=monotonic
K230_CARD_BENCH v=1 run=704950670634 event=input input_id=286 gesture_id=42 kind=motion t_ns=719158145074 source=injected
K230_CARD_SHELL state mode=2 actions=1 message=0 cards=2
K230_CARD_BENCH v=1 run=704950670634 event=input input_id=285 gesture_id=42 kind=motion t_ns=719156303503 source=injected
K230_CARD_SHELL state mode=2 actions=1 message=0 cards=2
K230_CARD_BENCH v=1 run=704950670634 event=present frame_id=1350 t_ns=719137871000 presented=1 clock=monotonic
K230_CARD_SHELL state mode=2 actions=1 message=0 cards=2
K230_CARD_BENCH v=1 run=704950670634 event=present frame_id=1349 t_ns=719099549000 presented=1 clock=monotonic
K230_CARD_BENCH v=1 run=704950670634 event=present frame_id=1348 t_ns=719080400000 presented=1 clock=monotonic
K230_CARD_BENCH v=1 run=704950670634 event=present frame_id=1347 t_ns=719042068000 presented=1 clock=monotonic
K230_CARD_BENCH v=1 run=704950670634 event=present frame_id=1346 t_ns=719022907000 presented=1 clock=monotonic
K230_CARD_BENCH v=1 run=704950670634 event=present frame_id=1345 t_ns=718984585000 presented=1 clock=monotonic
K230_CARD_BENCH v=1 run=704950670634 event=present frame_id=1344 t_ns=718965425000 presented=1 clock=monotonic
K230_CARD_BENCH v=1 run=704950670634 event=present frame_id=1343 t_ns=718927105000 presented=1 clock=monotonic
K230_CARD_BENCH v=1 run=704950670634 event=present frame_id=1342 t_ns=718907942000 presented=1 clock=monotonic
K230_CARD_BENCH v=1 run=704950670634 event=present frame_id=1341 t_ns=718869622000 presented=1 clock=monotonic
K230_CARD_SHELL frame-cost run=704950670634 frame_id=1341 total_cpu_ns=19410078 render_cpu_ns=13933002 input_cpu_ns=4937447
K230_CARD_BENCH v=1 run=704950670634 event=submit input_id=284 frame_id=1341 t_ns=718865801164 update_cpu_ns=19410078 final=1
K230_CARD_BENCH v=1 run=704950670634 event=submit input_id=283 frame_id=1341 t_ns=718865801164 update_cpu_ns=19410078 final=0
K230_CARD_BENCH v=1 run=704950670634 event=submit input_id=282 frame_id=1341 t_ns=718865801164 update_cpu_ns=19410078 final=0
K230_CARD_BENCH v=1 run=704950670634 event=submit input_id=281 frame_id=1341 t_ns=718865801164 update_cpu_ns=19410078 final=0
K230_CARD_BENCH v=1 run=704950670634 event=submit input_id=280 frame_id=1341 t_ns=718865801164 update_cpu_ns=19410078 final=0
K230_CARD_BENCH v=1 run=704950670634 event=present frame_id=1340 t_ns=718850461000 presented=1 clock=monotonic
K230_CARD_BENCH v=1 run=704950670634 event=input input_id=284 gesture_id=41 kind=release t_ns=718842702565 source=injected
K230_CARD_SHELL state mode=1 actions=1 message=0 cards=2
K230_CARD_BENCH v=1 run=704950670634 event=input input_id=283 gesture_id=41 kind=motion t_ns=718841274722 source=injected
K230_CARD_SHELL state mode=2 actions=1 message=0 cards=2
K230_CARD_BENCH v=1 run=704950670634 event=input input_id=282 gesture_id=41 kind=motion t_ns=718839655773 source=injected
K230_CARD_SHELL state mode=2 actions=1 message=0 cards=2
K230_CARD_BENCH v=1 run=704950670634 event=input input_id=281 gesture_id=41 kind=motion t_ns=718838970573 source=injected
K230_CARD_SHELL state mode=2 actions=1 message=0 cards=2
K230_CARD_BENCH v=1 run=704950670634 event=input input_id=280 gesture_id=41 kind=motion t_ns=718837092558 source=injected
K230_CARD_SHELL state mode=2 actions=1 message=0 cards=2
K230_CARD_BENCH v=1 run=704950670634 event=present frame_id=1339 t_ns=718812142000 presented=1 clock=monotonic
K230_CARD_SHELL frame-cost run=704950670634 frame_id=1339 total_cpu_ns=22513116 render_cpu_ns=19708447 input_cpu_ns=2528186
K230_CARD_BENCH v=1 run=704950670634 event=submit input_id=279 frame_id=1339 t_ns=718809872164 update_cpu_ns=22513116 final=0
K230_CARD_BENCH v=1 run=704950670634 event=submit input_id=278 frame_id=1339 t_ns=718809872164 update_cpu_ns=22513116 final=0
K230_CARD_BENCH v=1 run=704950670634 event=submit input_id=277 frame_id=1339 t_ns=718809872164 update_cpu_ns=22513116 final=0
K230_CARD_BENCH v=1 run=704950670634 event=submit input_id=276 frame_id=1339 t_ns=718809872164 update_cpu_ns=22513116 final=0
K230_CARD_BENCH v=1 run=704950670634 event=submit input_id=275 frame_id=1339 t_ns=718809872164 update_cpu_ns=22513116 final=0
K230_CARD_BENCH v=1 run=704950670634 event=present frame_id=1338 t_ns=718773820000 presented=1 clock=monotonic
K230_CARD_BENCH v=1 run=704950670634 event=input input_id=279 gesture_id=41 kind=motion t_ns=718773505357 source=injected
K230_CARD_SHELL state mode=2 actions=1 message=0 cards=2
K230_CARD_BENCH v=1 run=704950670634 event=input input_id=278 gesture_id=41 kind=motion t_ns=718768170749 source=injected
K230_CARD_SHELL state mode=2 actions=1 message=0 cards=2
K230_CARD_BENCH v=1 run=704950670634 event=input input_id=277 gesture_id=41 kind=motion t_ns=718762243974 source=injected
K230_CARD_SHELL state mode=2 actions=1 message=0 cards=2
K230_CARD_BENCH v=1 run=704950670634 event=input input_id=276 gesture_id=41 kind=motion t_ns=718761695029 source=injected
K230_CARD_SHELL state mode=2 actions=1 message=0 cards=2
K230_CARD_BENCH v=1 run=704950670634 event=input input_id=275 gesture_id=41 kind=motion t_ns=718760100931 source=injected
K230_CARD_SHELL state mode=2 actions=1 message=0 cards=2
K230_CARD_SHELL frame-cost run=704950670634 frame_id=1338 total_cpu_ns=20505556 render_cpu_ns=18551444 input_cpu_ns=1314002
K230_CARD_BENCH v=1 run=704950670634 event=submit input_id=274 frame_id=1338 t_ns=718756799962 update_cpu_ns=20505556 final=0
K230_CARD_BENCH v=1 run=704950670634 event=submit input_id=273 frame_id=1338 t_ns=718756799962 update_cpu_ns=20505556 final=0
K230_CARD_BENCH v=1 run=704950670634 event=submit input_id=272 frame_id=1338 t_ns=718756799962 update_cpu_ns=20505556 final=0
K230_CARD_BENCH v=1 run=704950670634 event=present frame_id=1337 t_ns=718735500000 presented=1 clock=monotonic
K230_CARD_BENCH v=1 run=704950670634 event=input input_id=274 gesture_id=41 kind=motion t_ns=718732801170 source=injected
K230_CARD_SHELL state mode=2 actions=1 message=0 cards=2
K230_CARD_BENCH v=1 run=704950670634 event=input input_id=273 gesture_id=41 kind=motion t_ns=718731530210 source=injected
K230_CARD_SHELL state mode=2 actions=1 message=0 cards=2
K230_CARD_BENCH v=1 run=704950670634 event=input input_id=272 gesture_id=41 kind=motion t_ns=718730895267 source=injected
K230_CARD_SHELL state mode=2 actions=1 message=0 cards=2
K230_CARD_SHELL frame-cost run=704950670634 frame_id=1337 total_cpu_ns=20311824 render_cpu_ns=17454972 input_cpu_ns=2515149
K230_CARD_BENCH v=1 run=704950670634 event=submit input_id=271 frame_id=1337 t_ns=718724979011 update_cpu_ns=20311824 final=0
K230_CARD_BENCH v=1 run=704950670634 event=submit input_id=270 frame_id=1337 t_ns=718724979011 update_cpu_ns=20311824 final=0
K230_CARD_BENCH v=1 run=704950670634 event=submit input_id=269 frame_id=1337 t_ns=718724979011 update_cpu_ns=20311824 final=0
K230_CARD_BENCH v=1 run=704950670634 event=submit input_id=268 frame_id=1337 t_ns=718724979011 update_cpu_ns=20311824 final=0
K230_CARD_BENCH v=1 run=704950670634 event=submit input_id=267 frame_id=1337 t_ns=718724979011 update_cpu_ns=20311824 final=0
K230_CARD_BENCH v=1 run=704950670634 event=submit input_id=266 frame_id=1337 t_ns=718724979011 update_cpu_ns=20311824 final=0
K230_CARD_BENCH v=1 run=704950670634 event=present frame_id=1336 t_ns=718697178000 presented=1 clock=monotonic
K230_CARD_BENCH v=1 run=704950670634 event=input input_id=271 gesture_id=41 kind=motion t_ns=718702246067 source=injected
K230_CARD_SHELL state mode=2 actions=1 message=0 cards=2
K230_CARD_BENCH v=1 run=704950670634 event=input input_id=270 gesture_id=41 kind=motion t_ns=718701735490 source=injected
K230_CARD_SHELL state mode=2 actions=1 message=0 cards=2
K230_CARD_BENCH v=1 run=704950670634 event=input input_id=269 gesture_id=41 kind=motion t_ns=718700107135 source=injected
K230_CARD_SHELL state mode=2 actions=1 message=0 cards=2
K230_CARD_BENCH v=1 run=704950670634 event=input input_id=268 gesture_id=41 kind=motion t_ns=718699568300 source=injected
K230_CARD_SHELL state mode=2 actions=1 message=0 cards=2
K230_CARD_BENCH v=1 run=704950670634 event=input input_id=267 gesture_id=41 kind=motion t_ns=718698328821 source=injected
K230_CARD_SHELL state mode=2 actions=1 message=0 cards=2
K230_CARD_BENCH v=1 run=704950670634 event=input input_id=266 gesture_id=41 kind=motion t_ns=718696651170 source=injected
K230_CARD_SHELL state mode=2 actions=1 message=0 cards=2
K230_CARD_BENCH v=1 run=704950670634 event=present frame_id=1335 t_ns=718658864000 presented=1 clock=monotonic
K230_CARD_SHELL frame-cost run=704950670634 frame_id=1335 total_cpu_ns=15394852 render_cpu_ns=14378256 input_cpu_ns=858040
K230_CARD_BENCH v=1 run=704950670634 event=submit input_id=265 frame_id=1335 t_ns=718656199160 update_cpu_ns=15394852 final=0
K230_CARD_BENCH v=1 run=704950670634 event=submit input_id=264 frame_id=1335 t_ns=718656199160 update_cpu_ns=15394852 final=0
K230_CARD_BENCH v=1 run=704950670634 event=present frame_id=1334 t_ns=718639694000 presented=1 clock=monotonic
K230_CARD_BENCH v=1 run=704950670634 event=input input_id=265 gesture_id=41 kind=motion t_ns=718633287407 source=injected
K230_CARD_SHELL state mode=2 actions=1 message=0 cards=2
K230_CARD_BENCH v=1 run=704950670634 event=input input_id=264 gesture_id=41 kind=motion t_ns=718630432757 source=injected
K230_CARD_SHELL state mode=2 actions=1 message=0 cards=2
K230_CARD_SHELL state mode=2 actions=1 message=0 cards=2
K230_CARD_BENCH v=1 run=704950670634 event=present frame_id=1333 t_ns=718601377000 presented=1 clock=monotonic
K230_CARD_BENCH v=1 run=704950670634 event=present frame_id=1332 t_ns=718582212000 presented=1 clock=monotonic
K230_CARD_BENCH v=1 run=704950670634 event=present frame_id=1331 t_ns=718543890000 presented=1 clock=monotonic
K230_CARD_BENCH v=1 run=704950670634 event=present frame_id=1330 t_ns=718524730000 presented=1 clock=monotonic
K230_CARD_BENCH v=1 run=704950670634 event=present frame_id=1329 t_ns=718486408000 presented=1 clock=monotonic
K230_CARD_BENCH v=1 run=704950670634 event=present frame_id=1328 t_ns=718467249000 presented=1 clock=monotonic
K230_CARD_SHELL live cards=2 commits=883 sampled=1744 frame-done=1748 output-presented=797
K230_CARD_BENCH v=1 run=704950670634 event=present frame_id=1327 t_ns=718428928000 presented=1 clock=monotonic
K230_CARD_BENCH v=1 run=704950670634 event=present frame_id=1326 t_ns=718409768000 presented=1 clock=monotonic
K230_CARD_BENCH v=1 run=704950670634 event=present frame_id=1325 t_ns=718371444000 presented=1 clock=monotonic
K230_CARD_BENCH v=1 run=704950670634 event=present frame_id=1324 t_ns=718352285000 presented=1 clock=monotonic
K230_CARD_SHELL frame-cost run=704950670634 frame_id=1324 total_cpu_ns=18053739 render_cpu_ns=13920151 input_cpu_ns=3810401
K230_CARD_BENCH v=1 run=704950670634 event=submit input_id=263 frame_id=1324 t_ns=718344173077 update_cpu_ns=18053739 final=1
K230_CARD_BENCH v=1 run=704950670634 event=submit input_id=262 frame_id=1324 t_ns=718344173077 update_cpu_ns=18053739 final=0
K230_CARD_BENCH v=1 run=704950670634 event=submit input_id=261 frame_id=1324 t_ns=718344173077 update_cpu_ns=18053739 final=0
K230_CARD_BENCH v=1 run=704950670634 event=present frame_id=1323 t_ns=718313966000 presented=1 clock=monotonic
K230_CARD_BENCH v=1 run=704950670634 event=input input_id=263 gesture_id=40 kind=release t_ns=718313888744 source=injected
K230_CARD_SHELL state mode=1 actions=1 message=0 cards=2
K230_CARD_BENCH v=1 run=704950670634 event=input input_id=262 gesture_id=40 kind=motion t_ns=718312300979 source=injected
K230_CARD_SHELL state mode=2 actions=1 message=0 cards=2
K230_CARD_BENCH v=1 run=704950670634 event=input input_id=261 gesture_id=40 kind=motion t_ns=718310144566 source=injected
K230_CARD_SHELL state mode=2 actions=1 message=0 cards=2
K230_CARD_SHELL frame-cost run=704950670634 frame_id=1323 total_cpu_ns=22264890 render_cpu_ns=19969003 input_cpu_ns=1743740
K230_CARD_BENCH v=1 run=704950670634 event=submit input_id=260 frame_id=1323 t_ns=718308394289 update_cpu_ns=22264890 final=0
K230_CARD_BENCH v=1 run=704950670634 event=submit input_id=259 frame_id=1323 t_ns=718308394289 update_cpu_ns=22264890 final=0
K230_CARD_BENCH v=1 run=704950670634 event=submit input_id=258 frame_id=1323 t_ns=718308394289 update_cpu_ns=22264890 final=0
K230_CARD_BENCH v=1 run=704950670634 event=present frame_id=1322 t_ns=718275646000 presented=1 clock=monotonic
K230_CARD_BENCH v=1 run=704950670634 event=input input_id=260 gesture_id=40 kind=motion t_ns=718274856836 source=injected
K230_CARD_SHELL state mode=2 actions=1 message=0 cards=2
K230_CARD_BENCH v=1 run=704950670634 event=input input_id=259 gesture_id=40 kind=motion t_ns=718274050751 source=injected
K230_CARD_SHELL state mode=2 actions=1 message=0 cards=2
K230_CARD_BENCH v=1 run=704950670634 event=input input_id=258 gesture_id=40 kind=motion t_ns=718268799325 source=injected
K230_CARD_SHELL state mode=2 actions=1 message=0 cards=2
K230_CARD_SHELL frame-cost run=704950670634 frame_id=1322 total_cpu_ns=22250084 render_cpu_ns=19567941 input_cpu_ns=2188699
K230_CARD_BENCH v=1 run=704950670634 event=submit input_id=257 frame_id=1322 t_ns=718266460436 update_cpu_ns=22250084 final=0
K230_CARD_BENCH v=1 run=704950670634 event=submit input_id=256 frame_id=1322 t_ns=718266460436 update_cpu_ns=22250084 final=0
K230_CARD_BENCH v=1 run=704950670634 event=submit input_id=255 frame_id=1322 t_ns=718266460436 update_cpu_ns=22250084 final=0
K230_CARD_BENCH v=1 run=704950670634 event=submit input_id=254 frame_id=1322 t_ns=718266460436 update_cpu_ns=22250084 final=0
K230_CARD_BENCH v=1 run=704950670634 event=present frame_id=1321 t_ns=718237323000 presented=1 clock=monotonic
K230_CARD_BENCH v=1 run=704950670634 event=input input_id=257 gesture_id=40 kind=motion t_ns=718243085735 source=injected
K230_CARD_SHELL state mode=2 actions=1 message=0 cards=2
K230_CARD_BENCH v=1 run=704950670634 event=input input_id=256 gesture_id=40 kind=motion t_ns=718242381091 source=injected
K230_CARD_SHELL state mode=2 actions=1 message=0 cards=2
K230_CARD_BENCH v=1 run=704950670634 event=input input_id=255 gesture_id=40 kind=motion t_ns=718240336600 source=injected
K230_CARD_SHELL state mode=2 actions=1 message=0 cards=2
K230_CARD_BENCH v=1 run=704950670634 event=input input_id=254 gesture_id=40 kind=motion t_ns=718239563847 source=injected
K230_CARD_SHELL state mode=2 actions=1 message=0 cards=2
K230_CARD_SHELL frame-cost run=704950670634 frame_id=1321 total_cpu_ns=21162911 render_cpu_ns=18823089 input_cpu_ns=1469929
K230_CARD_BENCH v=1 run=704950670634 event=submit input_id=253 frame_id=1321 t_ns=718234165500 update_cpu_ns=21162911 final=0
K230_CARD_BENCH v=1 run=704950670634 event=submit input_id=252 frame_id=1321 t_ns=718234165500 update_cpu_ns=21162911 final=0
K230_CARD_BENCH v=1 run=704950670634 event=submit input_id=251 frame_id=1321 t_ns=718234165500 update_cpu_ns=21162911 final=0
K230_CARD_BENCH v=1 run=704950670634 event=present frame_id=1320 t_ns=718199000000 presented=1 clock=monotonic
K230_CARD_BENCH v=1 run=704950670634 event=input input_id=253 gesture_id=40 kind=motion t_ns=718205899065 source=injected
K230_CARD_SHELL state mode=2 actions=1 message=0 cards=2
K230_CARD_BENCH v=1 run=704950670634 event=input input_id=252 gesture_id=40 kind=motion t_ns=718205243715 source=injected
K230_CARD_SHELL state mode=2 actions=1 message=0 cards=2
K230_CARD_BENCH v=1 run=704950670634 event=input input_id=251 gesture_id=40 kind=motion t_ns=718204205193 source=injected
K230_CARD_SHELL state mode=2 actions=1 message=0 cards=2
K230_CARD_BENCH v=1 run=704950670634 event=resource phase=active t_ns=718200189691 cpu_ns=29281388000 memory_bytes=27635712 scope=session
K230_CARD_BENCH v=1 run=704950670634 event=resource phase=active t_ns=718200189691 cpu_ns=17989337506 memory_bytes=34480128 scope=compositor
K230_CARD_SHELL frame-cost run=704950670634 frame_id=1320 total_cpu_ns=19713489 render_cpu_ns=17436487 input_cpu_ns=1908817
K230_CARD_BENCH v=1 run=704950670634 event=submit input_id=250 frame_id=1320 t_ns=718193236727 update_cpu_ns=19713489 final=0
K230_CARD_BENCH v=1 run=704950670634 event=submit input_id=249 frame_id=1320 t_ns=718193236727 update_cpu_ns=19713489 final=0
K230_CARD_BENCH v=1 run=704950670634 event=submit input_id=248 frame_id=1320 t_ns=718193236727 update_cpu_ns=19713489 final=0
K230_CARD_BENCH v=1 run=704950670634 event=submit input_id=247 frame_id=1320 t_ns=718193236727 update_cpu_ns=19713489 final=0
K230_CARD_BENCH v=1 run=704950670634 event=present frame_id=1319 t_ns=718160701000 presented=1 clock=monotonic
K230_CARD_BENCH v=1 run=704950670634 event=input input_id=250 gesture_id=40 kind=motion t_ns=718166304583 source=injected
K230_CARD_SHELL state mode=2 actions=1 message=0 cards=2
K230_CARD_BENCH v=1 run=704950670634 event=input input_id=249 gesture_id=40 kind=motion t_ns=718161450181 source=injected
K230_CARD_SHELL state mode=2 actions=1 message=0 cards=2
K230_CARD_BENCH v=1 run=704950670634 event=input input_id=248 gesture_id=40 kind=motion t_ns=718160956864 source=injected
K230_CARD_SHELL state mode=2 actions=1 message=0 cards=2
K230_CARD_BENCH v=1 run=704950670634 event=input input_id=247 gesture_id=40 kind=motion t_ns=718160310107 source=injected
K230_CARD_SHELL state mode=2 actions=1 message=0 cards=2
K230_CARD_SHELL frame-cost run=704950670634 frame_id=1319 total_cpu_ns=16902838 render_cpu_ns=15736060 input_cpu_ns=938592
K230_CARD_BENCH v=1 run=704950670634 event=submit input_id=246 frame_id=1319 t_ns=718153302070 update_cpu_ns=16902838 final=0
K230_CARD_BENCH v=1 run=704950670634 event=submit input_id=245 frame_id=1319 t_ns=718153302070 update_cpu_ns=16902838 final=0
K230_CARD_BENCH v=1 run=704950670634 event=submit input_id=244 frame_id=1319 t_ns=718153302070 update_cpu_ns=16902838 final=0
K230_CARD_BENCH v=1 run=704950670634 event=present frame_id=1318 t_ns=718122368000 presented=1 clock=monotonic
K230_CARD_BENCH v=1 run=704950670634 event=input input_id=246 gesture_id=40 kind=motion t_ns=718125314256 source=injected
K230_CARD_SHELL state mode=2 actions=1 message=0 cards=2
K230_CARD_BENCH v=1 run=704950670634 event=input input_id=245 gesture_id=40 kind=motion t_ns=718124804383 source=injected
K230_CARD_SHELL state mode=2 actions=1 message=0 cards=2
K230_CARD_BENCH v=1 run=704950670634 event=input input_id=244 gesture_id=40 kind=motion t_ns=718121228275 source=injected
K230_CARD_SHELL state mode=2 actions=1 message=0 cards=2
K230_CARD_SHELL frame-cost run=704950670634 frame_id=1318 total_cpu_ns=14336192 render_cpu_ns=13965155 input_cpu_ns=169742
K230_CARD_BENCH v=1 run=704950670634 event=submit input_id=243 frame_id=1318 t_ns=718119891650 update_cpu_ns=14336192 final=0
K230_CARD_BENCH v=1 run=704950670634 event=present frame_id=1317 t_ns=718103197000 presented=1 clock=monotonic
K230_CARD_BENCH v=1 run=704950670634 event=input input_id=243 gesture_id=40 kind=motion t_ns=718094655267 source=injected
K230_CARD_SHELL state mode=2 actions=1 message=0 cards=2
K230_CARD_SHELL state mode=2 actions=1 message=0 cards=2
K230_CARD_BENCH v=1 run=704950670634 event=present frame_id=1316 t_ns=718064875000 presented=1 clock=monotonic
K230_CARD_BENCH v=1 run=704950670634 event=present frame_id=1315 t_ns=718026553000 presented=1 clock=monotonic
K230_CARD_BENCH v=1 run=704950670634 event=present frame_id=1314 t_ns=718007394000 presented=1 clock=monotonic
K230_CARD_BENCH v=1 run=704950670634 event=present frame_id=1313 t_ns=717969073000 presented=1 clock=monotonic
K230_CARD_BENCH v=1 run=704950670634 event=present frame_id=1312 t_ns=717949912000 presented=1 clock=monotonic
K230_CARD_BENCH v=1 run=704950670634 event=present frame_id=1311 t_ns=717911590000 presented=1 clock=monotonic
K230_CARD_BENCH v=1 run=704950670634 event=present frame_id=1310 t_ns=717892430000 presented=1 clock=monotonic
K230_CARD_BENCH v=1 run=704950670634 event=present frame_id=1309 t_ns=717854108000 presented=1 clock=monotonic
K230_CARD_BENCH v=1 run=704950670634 event=present frame_id=1308 t_ns=717834949000 presented=1 clock=monotonic
K230_CARD_BENCH v=1 run=704950670634 event=present frame_id=1307 t_ns=717815790000 presented=1 clock=monotonic
K230_CARD_SHELL frame-cost run=704950670634 frame_id=1307 total_cpu_ns=17794438 render_cpu_ns=13870292 input_cpu_ns=3525703
K230_CARD_BENCH v=1 run=704950670634 event=submit input_id=242 frame_id=1307 t_ns=717813942272 update_cpu_ns=17794438 final=1
K230_CARD_BENCH v=1 run=704950670634 event=submit input_id=241 frame_id=1307 t_ns=717813942272 update_cpu_ns=17794438 final=0
K230_CARD_BENCH v=1 run=704950670634 event=submit input_id=240 frame_id=1307 t_ns=717813942272 update_cpu_ns=17794438 final=0
K230_CARD_BENCH v=1 run=704950670634 event=present frame_id=1306 t_ns=717777467000 presented=1 clock=monotonic
K230_CARD_BENCH v=1 run=704950670634 event=input input_id=242 gesture_id=39 kind=release t_ns=717781093718 source=injected
K230_CARD_SHELL state mode=1 actions=1 message=0 cards=2
K230_CARD_BENCH v=1 run=704950670634 event=input input_id=241 gesture_id=39 kind=motion t_ns=717776758670 source=injected
K230_CARD_SHELL state mode=2 actions=1 message=0 cards=2
K230_CARD_BENCH v=1 run=704950670634 event=input input_id=240 gesture_id=39 kind=motion t_ns=717772348551 source=injected
K230_CARD_SHELL state mode=2 actions=1 message=0 cards=2
K230_CARD_SHELL frame-cost run=704950670634 frame_id=1306 total_cpu_ns=22156441 render_cpu_ns=19610520 input_cpu_ns=2314105
K230_CARD_BENCH v=1 run=704950670634 event=submit input_id=239 frame_id=1306 t_ns=717766751765 update_cpu_ns=22156441 final=0
K230_CARD_BENCH v=1 run=704950670634 event=submit input_id=238 frame_id=1306 t_ns=717766751765 update_cpu_ns=22156441 final=0
K230_CARD_BENCH v=1 run=704950670634 event=submit input_id=237 frame_id=1306 t_ns=717766751765 update_cpu_ns=22156441 final=0
K230_CARD_BENCH v=1 run=704950670634 event=submit input_id=236 frame_id=1306 t_ns=717766751765 update_cpu_ns=22156441 final=0
K230_CARD_BENCH v=1 run=704950670634 event=present frame_id=1305 t_ns=717739170000 presented=1 clock=monotonic
K230_CARD_BENCH v=1 run=704950670634 event=input input_id=239 gesture_id=39 kind=motion t_ns=717743320617 source=injected
K230_CARD_SHELL state mode=2 actions=1 message=0 cards=2
K230_CARD_BENCH v=1 run=704950670634 event=input input_id=238 gesture_id=39 kind=motion t_ns=717740481336 source=injected
K230_CARD_SHELL state mode=2 actions=1 message=0 cards=2
K230_CARD_BENCH v=1 run=704950670634 event=input input_id=237 gesture_id=39 kind=motion t_ns=717739780211 source=injected
K230_CARD_SHELL state mode=2 actions=1 message=0 cards=2
K230_CARD_BENCH v=1 run=704950670634 event=input input_id=236 gesture_id=39 kind=motion t_ns=717737321955 source=injected
K230_CARD_SHELL state mode=2 actions=1 message=0 cards=2
K230_CARD_SHELL frame-cost run=704950670634 frame_id=1305 total_cpu_ns=21750247 render_cpu_ns=19575431 input_cpu_ns=1892964
K230_CARD_BENCH v=1 run=704950670634 event=submit input_id=235 frame_id=1305 t_ns=717734500118 update_cpu_ns=21750247 final=0
K230_CARD_BENCH v=1 run=704950670634 event=submit input_id=234 frame_id=1305 t_ns=717734500118 update_cpu_ns=21750247 final=0
K230_CARD_BENCH v=1 run=704950670634 event=submit input_id=233 frame_id=1305 t_ns=717734500118 update_cpu_ns=21750247 final=0
K230_CARD_BENCH v=1 run=704950670634 event=submit input_id=232 frame_id=1305 t_ns=717734500118 update_cpu_ns=21750247 final=0
K230_CARD_BENCH v=1 run=704950670634 event=present frame_id=1304 t_ns=717700825000 presented=1 clock=monotonic
K230_CARD_BENCH v=1 run=704950670634 event=input input_id=235 gesture_id=39 kind=motion t_ns=717699767513 source=injected
K230_CARD_SHELL state mode=2 actions=1 message=0 cards=2
K230_CARD_BENCH v=1 run=704950670634 event=input input_id=234 gesture_id=39 kind=motion t_ns=717697893499 source=injected
K230_CARD_SHELL state mode=2 actions=1 message=0 cards=2
K230_CARD_BENCH v=1 run=704950670634 event=input input_id=233 gesture_id=39 kind=motion t_ns=717696245217 source=injected
K230_CARD_SHELL state mode=2 actions=1 message=0 cards=2
K230_CARD_BENCH v=1 run=704950670634 event=input input_id=232 gesture_id=39 kind=motion t_ns=717687318204 source=injected
K230_CARD_SHELL state mode=2 actions=1 message=0 cards=2
K230_CARD_SHELL frame-cost run=704950670634 frame_id=1304 total_cpu_ns=20606454 render_cpu_ns=18208375 input_cpu_ns=1989116
K230_CARD_BENCH v=1 run=704950670634 event=submit input_id=231 frame_id=1304 t_ns=717683034080 update_cpu_ns=20606454 final=0
K230_CARD_BENCH v=1 run=704950670634 event=submit input_id=230 frame_id=1304 t_ns=717683034080 update_cpu_ns=20606454 final=0
K230_CARD_BENCH v=1 run=704950670634 event=submit input_id=229 frame_id=1304 t_ns=717683034080 update_cpu_ns=20606454 final=0
K230_CARD_BENCH v=1 run=704950670634 event=submit input_id=228 frame_id=1304 t_ns=717683034080 update_cpu_ns=20606454 final=0
K230_CARD_BENCH v=1 run=704950670634 event=present frame_id=1303 t_ns=717662503000 presented=1 clock=monotonic
K230_CARD_BENCH v=1 run=704950670634 event=input input_id=231 gesture_id=39 kind=motion t_ns=717659126651 source=injected
K230_CARD_SHELL state mode=2 actions=1 message=0 cards=2
K230_CARD_BENCH v=1 run=704950670634 event=input input_id=230 gesture_id=39 kind=motion t_ns=717656397774 source=injected
K230_CARD_SHELL state mode=2 actions=1 message=0 cards=2
K230_CARD_BENCH v=1 run=704950670634 event=input input_id=229 gesture_id=39 kind=motion t_ns=717655778127 source=injected
K230_CARD_SHELL state mode=2 actions=1 message=0 cards=2
K230_CARD_BENCH v=1 run=704950670634 event=input input_id=228 gesture_id=39 kind=motion t_ns=717655167406 source=injected
K230_CARD_SHELL state mode=2 actions=1 message=0 cards=2
K230_CARD_SHELL frame-cost run=704950670634 frame_id=1303 total_cpu_ns=17833150 render_cpu_ns=16445334 input_cpu_ns=1091150
K230_CARD_BENCH v=1 run=704950670634 event=submit input_id=227 frame_id=1303 t_ns=717652294497 update_cpu_ns=17833150 final=0
K230_CARD_BENCH v=1 run=704950670634 event=submit input_id=226 frame_id=1303 t_ns=717652294497 update_cpu_ns=17833150 final=0
K230_CARD_BENCH v=1 run=704950670634 event=submit input_id=225 frame_id=1303 t_ns=717652294497 update_cpu_ns=17833150 final=0
K230_CARD_BENCH v=1 run=704950670634 event=present frame_id=1302 t_ns=717624182000 presented=1 clock=monotonic
K230_CARD_BENCH v=1 run=704950670634 event=input input_id=227 gesture_id=39 kind=motion t_ns=717629517180 source=injected
K230_CARD_SHELL state mode=2 actions=1 message=0 cards=2
K230_CARD_BENCH v=1 run=704950670634 event=input input_id=226 gesture_id=39 kind=motion t_ns=717629035677 source=injected
K230_CARD_SHELL state mode=2 actions=1 message=0 cards=2
K230_CARD_BENCH v=1 run=704950670634 event=input input_id=225 gesture_id=39 kind=motion t_ns=717628132150 source=injected
K230_CARD_SHELL state mode=2 actions=1 message=0 cards=2
K230_CARD_SHELL frame-cost run=704950670634 frame_id=1302 total_cpu_ns=16299062 render_cpu_ns=14908208 input_cpu_ns=1111446
K230_CARD_BENCH v=1 run=704950670634 event=submit input_id=224 frame_id=1302 t_ns=717615741209 update_cpu_ns=16299062 final=0
K230_CARD_BENCH v=1 run=704950670634 event=submit input_id=223 frame_id=1302 t_ns=717615741209 update_cpu_ns=16299062 final=0
K230_CARD_BENCH v=1 run=704950670634 event=submit input_id=222 frame_id=1302 t_ns=717615741209 update_cpu_ns=16299062 final=0
K230_CARD_BENCH v=1 run=704950670634 event=present frame_id=1301 t_ns=717585859000 presented=1 clock=monotonic
K230_CARD_BENCH v=1 run=704950670634 event=input input_id=224 gesture_id=39 kind=motion t_ns=717588699953 source=injected
K230_CARD_SHELL state mode=2 actions=1 message=0 cards=2
K230_CARD_BENCH v=1 run=704950670634 event=input input_id=223 gesture_id=39 kind=motion t_ns=717587347811 source=injected
K230_CARD_SHELL state mode=2 actions=1 message=0 cards=2
K230_CARD_BENCH v=1 run=704950670634 event=input input_id=222 gesture_id=39 kind=motion t_ns=717583542153 source=injected
K230_CARD_SHELL state mode=2 actions=1 message=0 cards=2
K230_CARD_BENCH v=1 run=704950670634 event=present frame_id=1300 t_ns=717566699000 presented=1 clock=monotonic
K230_CARD_SHELL state mode=2 actions=1 message=0 cards=2
K230_CARD_BENCH v=1 run=704950670634 event=present frame_id=1299 t_ns=717528379000 presented=1 clock=monotonic
K230_CARD_BENCH v=1 run=704950670634 event=present frame_id=1298 t_ns=717509218000 presented=1 clock=monotonic
K230_CARD_BENCH v=1 run=704950670634 event=present frame_id=1297 t_ns=717470897000 presented=1 clock=monotonic
K230_CARD_BENCH v=1 run=704950670634 event=present frame_id=1296 t_ns=717451736000 presented=1 clock=monotonic
K230_CARD_BENCH v=1 run=704950670634 event=present frame_id=1295 t_ns=717413414000 presented=1 clock=monotonic
K230_CARD_BENCH v=1 run=704950670634 event=present frame_id=1294 t_ns=717394254000 presented=1 clock=monotonic
K230_CARD_BENCH v=1 run=704950670634 event=present frame_id=1293 t_ns=717355931000 presented=1 clock=monotonic
K230_CARD_BENCH v=1 run=704950670634 event=present frame_id=1292 t_ns=717336770000 presented=1 clock=monotonic
K230_CARD_BENCH v=1 run=704950670634 event=present frame_id=1291 t_ns=717298451000 presented=1 clock=monotonic
K230_CARD_SHELL frame-cost run=704950670634 frame_id=1291 total_cpu_ns=17980851 render_cpu_ns=13868592 input_cpu_ns=3531076
K230_CARD_BENCH v=1 run=704950670634 event=submit input_id=221 frame_id=1291 t_ns=717294731809 update_cpu_ns=17980851 final=1
K230_CARD_BENCH v=1 run=704950670634 event=submit input_id=220 frame_id=1291 t_ns=717294731809 update_cpu_ns=17980851 final=0
K230_CARD_BENCH v=1 run=704950670634 event=submit input_id=219 frame_id=1291 t_ns=717294731809 update_cpu_ns=17980851 final=0
K230_CARD_BENCH v=1 run=704950670634 event=present frame_id=1290 t_ns=717279290000 presented=1 clock=monotonic
K230_CARD_BENCH v=1 run=704950670634 event=input input_id=221 gesture_id=38 kind=release t_ns=717268141206 source=injected
K230_CARD_SHELL state mode=1 actions=1 message=0 cards=2
K230_CARD_BENCH v=1 run=704950670634 event=input input_id=220 gesture_id=38 kind=motion t_ns=717266469851 source=injected
K230_CARD_SHELL state mode=2 actions=1 message=0 cards=2
K230_CARD_BENCH v=1 run=704950670634 event=input input_id=219 gesture_id=38 kind=motion t_ns=717264583059 source=injected
K230_CARD_SHELL state mode=2 actions=1 message=0 cards=2
K230_CARD_SHELL frame-cost run=704950670634 frame_id=1290 total_cpu_ns=21950643 render_cpu_ns=19858124 input_cpu_ns=1768073
K230_CARD_BENCH v=1 run=704950670634 event=submit input_id=218 frame_id=1290 t_ns=717261905663 update_cpu_ns=21950643 final=0
K230_CARD_BENCH v=1 run=704950670634 event=submit input_id=217 frame_id=1290 t_ns=717261905663 update_cpu_ns=21950643 final=0
K230_CARD_BENCH v=1 run=704950670634 event=submit input_id=216 frame_id=1290 t_ns=717261905663 update_cpu_ns=21950643 final=0
K230_CARD_BENCH v=1 run=704950670634 event=present frame_id=1289 t_ns=717221808000 presented=1 clock=monotonic
K230_CARD_BENCH v=1 run=704950670634 event=input input_id=218 gesture_id=38 kind=motion t_ns=717228763563 source=injected
K230_CARD_SHELL state mode=2 actions=1 message=0 cards=2
K230_CARD_BENCH v=1 run=704950670634 event=input input_id=217 gesture_id=38 kind=motion t_ns=717226428526 source=injected
K230_CARD_SHELL state mode=2 actions=1 message=0 cards=2
K230_CARD_BENCH v=1 run=704950670634 event=input input_id=216 gesture_id=38 kind=motion t_ns=717224303111 source=injected
K230_CARD_SHELL state mode=2 actions=1 message=0 cards=2
K230_CARD_SHELL frame-cost run=704950670634 frame_id=1289 total_cpu_ns=23594139 render_cpu_ns=19665957 input_cpu_ns=2914031
K230_CARD_BENCH v=1 run=704950670634 event=submit input_id=215 frame_id=1289 t_ns=717216799238 update_cpu_ns=23594139 final=0
K230_CARD_BENCH v=1 run=704950670634 event=submit input_id=214 frame_id=1289 t_ns=717216799238 update_cpu_ns=23594139 final=0
K230_CARD_BENCH v=1 run=704950670634 event=submit input_id=213 frame_id=1289 t_ns=717216799238 update_cpu_ns=23594139 final=0
K230_CARD_BENCH v=1 run=704950670634 event=submit input_id=212 frame_id=1289 t_ns=717216799238 update_cpu_ns=23594139 final=0
K230_CARD_BENCH v=1 run=704950670634 event=submit input_id=211 frame_id=1289 t_ns=717216799238 update_cpu_ns=23594139 final=0
K230_CARD_BENCH v=1 run=704950670634 event=present frame_id=1288 t_ns=717183488000 presented=1 clock=monotonic
K230_CARD_BENCH v=1 run=704950670634 event=input input_id=215 gesture_id=38 kind=motion t_ns=717187382909 source=injected
K230_CARD_SHELL state mode=2 actions=1 message=0 cards=2
K230_CARD_BENCH v=1 run=704950670634 event=input input_id=214 gesture_id=38 kind=motion t_ns=717184397707 source=injected
K230_CARD_SHELL state mode=2 actions=1 message=0 cards=2
K230_CARD_BENCH v=1 run=704950670634 event=input input_id=213 gesture_id=38 kind=motion t_ns=717183579622 source=injected
K230_CARD_SHELL state mode=2 actions=1 message=0 cards=2
K230_CARD_BENCH v=1 run=704950670634 event=input input_id=212 gesture_id=38 kind=motion t_ns=717181141070 source=injected
K230_CARD_SHELL state mode=2 actions=1 message=0 cards=2
K230_CARD_BENCH v=1 run=704950670634 event=input input_id=211 gesture_id=38 kind=motion t_ns=717178512116 source=injected
K230_CARD_SHELL state mode=2 actions=1 message=0 cards=2
K230_CARD_BENCH v=1 run=704950670634 event=resource phase=active t_ns=717176208152 cpu_ns=28538319000 memory_bytes=27635712 scope=session
K230_CARD_BENCH v=1 run=704950670634 event=resource phase=active t_ns=717176208152 cpu_ns=17442895540 memory_bytes=34480128 scope=compositor
K230_CARD_SHELL frame-cost run=704950670634 frame_id=1288 total_cpu_ns=20248112 render_cpu_ns=18244775 input_cpu_ns=1648297
K230_CARD_BENCH v=1 run=704950670634 event=submit input_id=210 frame_id=1288 t_ns=717172863591 update_cpu_ns=20248112 final=0
K230_CARD_BENCH v=1 run=704950670634 event=submit input_id=209 frame_id=1288 t_ns=717172863591 update_cpu_ns=20248112 final=0
K230_CARD_BENCH v=1 run=704950670634 event=submit input_id=208 frame_id=1288 t_ns=717172863591 update_cpu_ns=20248112 final=0
K230_CARD_BENCH v=1 run=704950670634 event=present frame_id=1287 t_ns=717145167000 presented=1 clock=monotonic
K230_CARD_BENCH v=1 run=704950670634 event=input input_id=210 gesture_id=38 kind=motion t_ns=717144673964 source=injected
K230_CARD_SHELL state mode=2 actions=1 message=0 cards=2
K230_CARD_BENCH v=1 run=704950670634 event=input input_id=209 gesture_id=38 kind=motion t_ns=717141289627 source=injected
K230_CARD_SHELL state mode=2 actions=1 message=0 cards=2
K230_CARD_BENCH v=1 run=704950670634 event=input input_id=208 gesture_id=38 kind=motion t_ns=717140629388 source=injected
K230_CARD_SHELL state mode=2 actions=1 message=0 cards=2
K230_CARD_SHELL frame-cost run=704950670634 frame_id=1287 total_cpu_ns=18985298 render_cpu_ns=16955222 input_cpu_ns=1761707
K230_CARD_BENCH v=1 run=704950670634 event=submit input_id=207 frame_id=1287 t_ns=717134273256 update_cpu_ns=18985298 final=0
K230_CARD_BENCH v=1 run=704950670634 event=submit input_id=206 frame_id=1287 t_ns=717134273256 update_cpu_ns=18985298 final=0
K230_CARD_BENCH v=1 run=704950670634 event=submit input_id=205 frame_id=1287 t_ns=717134273256 update_cpu_ns=18985298 final=0
K230_CARD_BENCH v=1 run=704950670634 event=submit input_id=204 frame_id=1287 t_ns=717134273256 update_cpu_ns=18985298 final=0
K230_CARD_BENCH v=1 run=704950670634 event=present frame_id=1286 t_ns=717106846000 presented=1 clock=monotonic
K230_CARD_BENCH v=1 run=704950670634 event=input input_id=207 gesture_id=38 kind=motion t_ns=717106715054 source=injected
K230_CARD_SHELL state mode=2 actions=1 message=0 cards=2
K230_CARD_BENCH v=1 run=704950670634 event=input input_id=206 gesture_id=38 kind=motion t_ns=717105273062 source=injected
K230_CARD_SHELL state mode=2 actions=1 message=0 cards=2
K230_CARD_BENCH v=1 run=704950670634 event=input input_id=205 gesture_id=38 kind=motion t_ns=717104797670 source=injected
K230_CARD_SHELL state mode=2 actions=1 message=0 cards=2
K230_CARD_BENCH v=1 run=704950670634 event=input input_id=204 gesture_id=38 kind=motion t_ns=717104291612 source=injected
K230_CARD_SHELL state mode=2 actions=1 message=0 cards=2
K230_CARD_SHELL frame-cost run=704950670634 frame_id=1286 total_cpu_ns=15908100 render_cpu_ns=14971431 input_cpu_ns=690371
K230_CARD_BENCH v=1 run=704950670634 event=submit input_id=203 frame_id=1286 t_ns=717098351504 update_cpu_ns=15908100 final=0
K230_CARD_BENCH v=1 run=704950670634 event=submit input_id=202 frame_id=1286 t_ns=717098351504 update_cpu_ns=15908100 final=0
K230_CARD_BENCH v=1 run=704950670634 event=present frame_id=1285 t_ns=717068525000 presented=1 clock=monotonic
K230_CARD_BENCH v=1 run=704950670634 event=input input_id=203 gesture_id=38 kind=motion t_ns=717072646650 source=injected
K230_CARD_SHELL state mode=2 actions=1 message=0 cards=2
K230_CARD_BENCH v=1 run=704950670634 event=input input_id=202 gesture_id=38 kind=motion t_ns=717072054780 source=injected
K230_CARD_SHELL state mode=2 actions=1 message=0 cards=2
K230_CARD_SHELL frame-cost run=704950670634 frame_id=1285 total_cpu_ns=14155574 render_cpu_ns=13792945 input_cpu_ns=208815
K230_CARD_BENCH v=1 run=704950670634 event=submit input_id=201 frame_id=1285 t_ns=717065336585 update_cpu_ns=14155574 final=0
K230_CARD_BENCH v=1 run=704950670634 event=present frame_id=1284 t_ns=717049363000 presented=1 clock=monotonic
K230_CARD_BENCH v=1 run=704950670634 event=input input_id=201 gesture_id=38 kind=motion t_ns=717046605807 source=injected
K230_CARD_SHELL state mode=2 actions=1 message=0 cards=2
K230_CARD_SHELL state mode=2 actions=1 message=0 cards=2
K230_CARD_BENCH v=1 run=704950670634 event=present frame_id=1283 t_ns=717011040000 presented=1 clock=monotonic
K230_CARD_BENCH v=1 run=704950670634 event=present frame_id=1282 t_ns=716991880000 presented=1 clock=monotonic
K230_CARD_BENCH v=1 run=704950670634 event=present frame_id=1281 t_ns=716953559000 presented=1 clock=monotonic
K230_CARD_BENCH v=1 run=704950670634 event=present frame_id=1280 t_ns=716934398000 presented=1 clock=monotonic
K230_CARD_BENCH v=1 run=704950670634 event=present frame_id=1279 t_ns=716896081000 presented=1 clock=monotonic
K230_CARD_BENCH v=1 run=704950670634 event=present frame_id=1278 t_ns=716876917000 presented=1 clock=monotonic
K230_CARD_BENCH v=1 run=704950670634 event=present frame_id=1277 t_ns=716838596000 presented=1 clock=monotonic
K230_CARD_BENCH v=1 run=704950670634 event=present frame_id=1276 t_ns=716819438000 presented=1 clock=monotonic
K230_CARD_BENCH v=1 run=704950670634 event=present frame_id=1275 t_ns=716781114000 presented=1 clock=monotonic
K230_CARD_BENCH v=1 run=704950670634 event=present frame_id=1274 t_ns=716761953000 presented=1 clock=monotonic
K230_CARD_SHELL frame-cost run=704950670634 frame_id=1274 total_cpu_ns=17616757 render_cpu_ns=13823873 input_cpu_ns=3526071
K230_CARD_BENCH v=1 run=704950670634 event=submit input_id=200 frame_id=1274 t_ns=716749013146 update_cpu_ns=17616757 final=1
K230_CARD_BENCH v=1 run=704950670634 event=submit input_id=199 frame_id=1274 t_ns=716749013146 update_cpu_ns=17616757 final=0
K230_CARD_BENCH v=1 run=704950670634 event=submit input_id=198 frame_id=1274 t_ns=716749013146 update_cpu_ns=17616757 final=0
K230_CARD_BENCH v=1 run=704950670634 event=present frame_id=1273 t_ns=716723633000 presented=1 clock=monotonic
K230_CARD_BENCH v=1 run=704950670634 event=input input_id=200 gesture_id=37 kind=release t_ns=716729430540 source=injected
K230_CARD_SHELL state mode=1 actions=1 message=0 cards=2
K230_CARD_BENCH v=1 run=704950670634 event=input input_id=199 gesture_id=37 kind=motion t_ns=716727654522 source=injected
K230_CARD_SHELL state mode=2 actions=1 message=0 cards=2
K230_CARD_BENCH v=1 run=704950670634 event=input input_id=198 gesture_id=37 kind=motion t_ns=716727018728 source=injected
K230_CARD_SHELL state mode=2 actions=1 message=0 cards=2
K230_CARD_SHELL frame-cost run=704950670634 frame_id=1273 total_cpu_ns=21954447 render_cpu_ns=19665745 input_cpu_ns=2031664
K230_CARD_BENCH v=1 run=704950670634 event=submit input_id=197 frame_id=1273 t_ns=716722364393 update_cpu_ns=21954447 final=0
K230_CARD_BENCH v=1 run=704950670634 event=submit input_id=196 frame_id=1273 t_ns=716722364393 update_cpu_ns=21954447 final=0
K230_CARD_BENCH v=1 run=704950670634 event=submit input_id=195 frame_id=1273 t_ns=716722364393 update_cpu_ns=21954447 final=0
K230_CARD_BENCH v=1 run=704950670634 event=submit input_id=194 frame_id=1273 t_ns=716722364393 update_cpu_ns=21954447 final=0
K230_CARD_BENCH v=1 run=704950670634 event=present frame_id=1272 t_ns=716685313000 presented=1 clock=monotonic
K230_CARD_BENCH v=1 run=704950670634 event=input input_id=197 gesture_id=37 kind=motion t_ns=716688589641 source=injected
K230_CARD_SHELL state mode=2 actions=1 message=0 cards=2
K230_CARD_BENCH v=1 run=704950670634 event=input input_id=196 gesture_id=37 kind=motion t_ns=716682814712 source=injected
K230_CARD_SHELL state mode=2 actions=1 message=0 cards=2
K230_CARD_BENCH v=1 run=704950670634 event=input input_id=195 gesture_id=37 kind=motion t_ns=716682246434 source=injected
K230_CARD_SHELL state mode=2 actions=1 message=0 cards=2
K230_CARD_BENCH v=1 run=704950670634 event=input input_id=194 gesture_id=37 kind=motion t_ns=716681594602 source=injected
K230_CARD_SHELL state mode=2 actions=1 message=0 cards=2
K230_CARD_SHELL frame-cost run=704950670634 frame_id=1272 total_cpu_ns=21947015 render_cpu_ns=19574609 input_cpu_ns=2039259
K230_CARD_BENCH v=1 run=704950670634 event=submit input_id=193 frame_id=1272 t_ns=716671795170 update_cpu_ns=21947015 final=0
K230_CARD_BENCH v=1 run=704950670634 event=submit input_id=192 frame_id=1272 t_ns=716671795170 update_cpu_ns=21947015 final=0
K230_CARD_BENCH v=1 run=704950670634 event=submit input_id=191 frame_id=1272 t_ns=716671795170 update_cpu_ns=21947015 final=0
K230_CARD_BENCH v=1 run=704950670634 event=submit input_id=190 frame_id=1272 t_ns=716671795170 update_cpu_ns=21947015 final=0
K230_CARD_BENCH v=1 run=704950670634 event=present frame_id=1271 t_ns=716646991000 presented=1 clock=monotonic
K230_CARD_BENCH v=1 run=704950670634 event=input input_id=193 gesture_id=37 kind=motion t_ns=716648387389 source=injected
K230_CARD_SHELL state mode=2 actions=1 message=0 cards=2
K230_CARD_BENCH v=1 run=704950670634 event=input input_id=192 gesture_id=37 kind=motion t_ns=716644836575 source=injected
K230_CARD_SHELL state mode=2 actions=1 message=0 cards=2
K230_CARD_BENCH v=1 run=704950670634 event=input input_id=191 gesture_id=37 kind=motion t_ns=716644280962 source=injected
K230_CARD_SHELL state mode=2 actions=1 message=0 cards=2
K230_CARD_BENCH v=1 run=704950670634 event=input input_id=190 gesture_id=37 kind=motion t_ns=716642110549 source=injected
K230_CARD_SHELL state mode=2 actions=1 message=0 cards=2
K230_CARD_SHELL live cards=2 commits=814 sampled=1604 frame-done=1608 output-presented=740
K230_CARD_SHELL frame-cost run=704950670634 frame_id=1271 total_cpu_ns=20217149 render_cpu_ns=18212998 input_cpu_ns=1718263
K230_CARD_BENCH v=1 run=704950670634 event=submit input_id=189 frame_id=1271 t_ns=716638490848 update_cpu_ns=20217149 final=0
K230_CARD_BENCH v=1 run=704950670634 event=submit input_id=188 frame_id=1271 t_ns=716638490848 update_cpu_ns=20217149 final=0
K230_CARD_BENCH v=1 run=704950670634 event=submit input_id=187 frame_id=1271 t_ns=716638490848 update_cpu_ns=20217149 final=0
K230_CARD_BENCH v=1 run=704950670634 event=submit input_id=186 frame_id=1271 t_ns=716638490848 update_cpu_ns=20217149 final=0
K230_CARD_BENCH v=1 run=704950670634 event=present frame_id=1270 t_ns=716608668000 presented=1 clock=monotonic
K230_CARD_BENCH v=1 run=704950670634 event=input input_id=189 gesture_id=37 kind=motion t_ns=716603856754 source=injected
K230_CARD_SHELL state mode=2 actions=1 message=0 cards=2
K230_CARD_BENCH v=1 run=704950670634 event=input input_id=188 gesture_id=37 kind=motion t_ns=716600673336 source=injected
K230_CARD_SHELL state mode=2 actions=1 message=0 cards=2
K230_CARD_BENCH v=1 run=704950670634 event=input input_id=187 gesture_id=37 kind=motion t_ns=716600066466 source=injected
K230_CARD_SHELL state mode=2 actions=1 message=0 cards=2
K230_CARD_BENCH v=1 run=704950670634 event=input input_id=186 gesture_id=37 kind=motion t_ns=716598013086 source=injected
K230_CARD_SHELL state mode=2 actions=1 message=0 cards=2
K230_CARD_SHELL frame-cost run=704950670634 frame_id=1270 total_cpu_ns=19000989 render_cpu_ns=16465063 input_cpu_ns=2214777
K230_CARD_BENCH v=1 run=704950670634 event=submit input_id=185 frame_id=1270 t_ns=716589167846 update_cpu_ns=19000989 final=0
K230_CARD_BENCH v=1 run=704950670634 event=submit input_id=184 frame_id=1270 t_ns=716589167846 update_cpu_ns=19000989 final=0
K230_CARD_BENCH v=1 run=704950670634 event=submit input_id=183 frame_id=1270 t_ns=716589167846 update_cpu_ns=19000989 final=0
K230_CARD_BENCH v=1 run=704950670634 event=submit input_id=182 frame_id=1270 t_ns=716589167846 update_cpu_ns=19000989 final=0
K230_CARD_BENCH v=1 run=704950670634 event=submit input_id=181 frame_id=1270 t_ns=716589167846 update_cpu_ns=19000989 final=0
K230_CARD_BENCH v=1 run=704950670634 event=submit input_id=180 frame_id=1270 t_ns=716589167846 update_cpu_ns=19000989 final=0
K230_CARD_BENCH v=1 run=704950670634 event=present frame_id=1269 t_ns=716570347000 presented=1 clock=monotonic
K230_CARD_BENCH v=1 run=704950670634 event=input input_id=185 gesture_id=37 kind=motion t_ns=716563850125 source=injected
K230_CARD_SHELL state mode=2 actions=1 message=0 cards=2
K230_CARD_BENCH v=1 run=704950670634 event=input input_id=184 gesture_id=37 kind=motion t_ns=716560733297 source=injected
K230_CARD_SHELL state mode=2 actions=1 message=0 cards=2
K230_CARD_BENCH v=1 run=704950670634 event=input input_id=183 gesture_id=37 kind=motion t_ns=716560253682 source=injected
K230_CARD_SHELL state mode=2 actions=1 message=0 cards=2
K230_CARD_BENCH v=1 run=704950670634 event=input input_id=182 gesture_id=37 kind=motion t_ns=716558629400 source=injected
K230_CARD_SHELL state mode=2 actions=1 message=0 cards=2
K230_CARD_BENCH v=1 run=704950670634 event=input input_id=181 gesture_id=37 kind=motion t_ns=716558150860 source=injected
K230_CARD_SHELL state mode=2 actions=1 message=0 cards=2
K230_CARD_BENCH v=1 run=704950670634 event=input input_id=180 gesture_id=37 kind=motion t_ns=716556523911 source=injected
K230_CARD_SHELL state mode=2 actions=1 message=0 cards=2
K230_CARD_BENCH v=1 run=704950670634 event=present frame_id=1268 t_ns=716532048000 presented=1 clock=monotonic
K230_CARD_BENCH v=1 run=704950670634 event=present frame_id=1267 t_ns=716512865000 presented=1 clock=monotonic
K230_CARD_SHELL state mode=2 actions=1 message=0 cards=2
K230_CARD_BENCH v=1 run=704950670634 event=present frame_id=1266 t_ns=716474542000 presented=1 clock=monotonic
K230_CARD_BENCH v=1 run=704950670634 event=present frame_id=1265 t_ns=716455383000 presented=1 clock=monotonic
K230_CARD_BENCH v=1 run=704950670634 event=present frame_id=1264 t_ns=716417062000 presented=1 clock=monotonic
K230_CARD_BENCH v=1 run=704950670634 event=present frame_id=1263 t_ns=716397901000 presented=1 clock=monotonic
K230_CARD_BENCH v=1 run=704950670634 event=present frame_id=1262 t_ns=716359579000 presented=1 clock=monotonic
K230_CARD_BENCH v=1 run=704950670634 event=present frame_id=1261 t_ns=716340419000 presented=1 clock=monotonic
K230_CARD_BENCH v=1 run=704950670634 event=present frame_id=1260 t_ns=716302098000 presented=1 clock=monotonic
K230_CARD_BENCH v=1 run=704950670634 event=present frame_id=1259 t_ns=716282937000 presented=1 clock=monotonic
K230_CARD_BENCH v=1 run=704950670634 event=present frame_id=1258 t_ns=716244616000 presented=1 clock=monotonic
K230_CARD_SHELL frame-cost run=704950670634 frame_id=1258 total_cpu_ns=17526444 render_cpu_ns=14146151 input_cpu_ns=3212886
K230_CARD_BENCH v=1 run=704950670634 event=submit input_id=179 frame_id=1258 t_ns=716240875813 update_cpu_ns=17526444 final=1
K230_CARD_BENCH v=1 run=704950670634 event=submit input_id=178 frame_id=1258 t_ns=716240875813 update_cpu_ns=17526444 final=0
K230_CARD_BENCH v=1 run=704950670634 event=present frame_id=1257 t_ns=716225456000 presented=1 clock=monotonic
K230_CARD_BENCH v=1 run=704950670634 event=input input_id=179 gesture_id=36 kind=release t_ns=716214869595 source=injected
K230_CARD_SHELL state mode=1 actions=1 message=0 cards=2
K230_CARD_BENCH v=1 run=704950670634 event=input input_id=178 gesture_id=36 kind=motion t_ns=716214121433 source=injected
K230_CARD_SHELL state mode=2 actions=1 message=0 cards=2
K230_CARD_SHELL frame-cost run=704950670634 frame_id=1257 total_cpu_ns=23442567 render_cpu_ns=19955236 input_cpu_ns=2464146
K230_CARD_BENCH v=1 run=704950670634 event=submit input_id=177 frame_id=1257 t_ns=716209103739 update_cpu_ns=23442567 final=0
K230_CARD_BENCH v=1 run=704950670634 event=submit input_id=176 frame_id=1257 t_ns=716209103739 update_cpu_ns=23442567 final=0
K230_CARD_BENCH v=1 run=704950670634 event=submit input_id=175 frame_id=1257 t_ns=716209103739 update_cpu_ns=23442567 final=0
K230_CARD_BENCH v=1 run=704950670634 event=submit input_id=174 frame_id=1257 t_ns=716209103739 update_cpu_ns=23442567 final=0
K230_CARD_BENCH v=1 run=704950670634 event=present frame_id=1256 t_ns=716167974000 presented=1 clock=monotonic
K230_CARD_BENCH v=1 run=704950670634 event=input input_id=177 gesture_id=36 kind=motion t_ns=716172079868 source=injected
K230_CARD_SHELL state mode=2 actions=1 message=0 cards=2
K230_CARD_BENCH v=1 run=704950670634 event=input input_id=176 gesture_id=36 kind=motion t_ns=716169255401 source=injected
K230_CARD_SHELL state mode=2 actions=1 message=0 cards=2
K230_CARD_BENCH v=1 run=704950670634 event=input input_id=175 gesture_id=36 kind=motion t_ns=716168139881 source=injected
K230_CARD_SHELL state mode=2 actions=1 message=0 cards=2
K230_CARD_BENCH v=1 run=704950670634 event=input input_id=174 gesture_id=36 kind=motion t_ns=716164957315 source=injected
K230_CARD_SHELL state mode=2 actions=1 message=0 cards=2
K230_CARD_BENCH v=1 run=704950670634 event=resource phase=active t_ns=716164214708 cpu_ns=27806825000 memory_bytes=27631616 scope=session
K230_CARD_BENCH v=1 run=704950670634 event=resource phase=active t_ns=716164214708 cpu_ns=16905263242 memory_bytes=34480128 scope=compositor
K230_CARD_SHELL frame-cost run=704950670634 frame_id=1256 total_cpu_ns=22701131 render_cpu_ns=20004831 input_cpu_ns=2213409
K230_CARD_BENCH v=1 run=704950670634 event=submit input_id=173 frame_id=1256 t_ns=716156905235 update_cpu_ns=22701131 final=0
K230_CARD_BENCH v=1 run=704950670634 event=submit input_id=172 frame_id=1256 t_ns=716156905235 update_cpu_ns=22701131 final=0
K230_CARD_BENCH v=1 run=704950670634 event=submit input_id=171 frame_id=1256 t_ns=716156905235 update_cpu_ns=22701131 final=0
K230_CARD_BENCH v=1 run=704950670634 event=submit input_id=170 frame_id=1256 t_ns=716156905235 update_cpu_ns=22701131 final=0
K230_CARD_BENCH v=1 run=704950670634 event=present frame_id=1255 t_ns=716129654000 presented=1 clock=monotonic
K230_CARD_BENCH v=1 run=704950670634 event=input input_id=173 gesture_id=36 kind=motion t_ns=716131646882 source=injected
K230_CARD_SHELL state mode=2 actions=1 message=0 cards=2
K230_CARD_BENCH v=1 run=704950670634 event=input input_id=172 gesture_id=36 kind=motion t_ns=716130890572 source=injected
K230_CARD_SHELL state mode=2 actions=1 message=0 cards=2
K230_CARD_BENCH v=1 run=704950670634 event=input input_id=171 gesture_id=36 kind=motion t_ns=716129018224 source=injected
K230_CARD_SHELL state mode=2 actions=1 message=0 cards=2
K230_CARD_BENCH v=1 run=704950670634 event=input input_id=170 gesture_id=36 kind=motion t_ns=716128413095 source=injected
K230_CARD_SHELL state mode=2 actions=1 message=0 cards=2
K230_CARD_SHELL frame-cost run=704950670634 frame_id=1255 total_cpu_ns=20673264 render_cpu_ns=18819039 input_cpu_ns=1535114
K230_CARD_BENCH v=1 run=704950670634 event=submit input_id=169 frame_id=1255 t_ns=716125037423 update_cpu_ns=20673264 final=0
K230_CARD_BENCH v=1 run=704950670634 event=submit input_id=168 frame_id=1255 t_ns=716125037423 update_cpu_ns=20673264 final=0
K230_CARD_BENCH v=1 run=704950670634 event=submit input_id=167 frame_id=1255 t_ns=716125037423 update_cpu_ns=20673264 final=0
K230_CARD_BENCH v=1 run=704950670634 event=present frame_id=1254 t_ns=716091331000 presented=1 clock=monotonic
K230_CARD_BENCH v=1 run=704950670634 event=input input_id=169 gesture_id=36 kind=motion t_ns=716098585553 source=injected
K230_CARD_SHELL state mode=2 actions=1 message=0 cards=2
K230_CARD_BENCH v=1 run=704950670634 event=input input_id=168 gesture_id=36 kind=motion t_ns=716097432811 source=injected
K230_CARD_SHELL state mode=2 actions=1 message=0 cards=2
K230_CARD_BENCH v=1 run=704950670634 event=input input_id=167 gesture_id=36 kind=motion t_ns=716096410658 source=injected
K230_CARD_SHELL state mode=2 actions=1 message=0 cards=2
K230_CARD_SHELL frame-cost run=704950670634 frame_id=1254 total_cpu_ns=20135305 render_cpu_ns=17480003 input_cpu_ns=2365005
K230_CARD_BENCH v=1 run=704950670634 event=submit input_id=166 frame_id=1254 t_ns=716085014684 update_cpu_ns=20135305 final=0
K230_CARD_BENCH v=1 run=704950670634 event=submit input_id=165 frame_id=1254 t_ns=716085014684 update_cpu_ns=20135305 final=0
K230_CARD_BENCH v=1 run=704950670634 event=submit input_id=164 frame_id=1254 t_ns=716085014684 update_cpu_ns=20135305 final=0
K230_CARD_BENCH v=1 run=704950670634 event=submit input_id=163 frame_id=1254 t_ns=716085014684 update_cpu_ns=20135305 final=0
K230_CARD_BENCH v=1 run=704950670634 event=submit input_id=162 frame_id=1254 t_ns=716085014684 update_cpu_ns=20135305 final=0
K230_CARD_BENCH v=1 run=704950670634 event=present frame_id=1253 t_ns=716053011000 presented=1 clock=monotonic
K230_CARD_BENCH v=1 run=704950670634 event=input input_id=166 gesture_id=36 kind=motion t_ns=716061286135 source=injected
K230_CARD_SHELL state mode=2 actions=1 message=0 cards=2
K230_CARD_BENCH v=1 run=704950670634 event=input input_id=165 gesture_id=36 kind=motion t_ns=716054492126 source=injected
K230_CARD_SHELL state mode=2 actions=1 message=0 cards=2
K230_CARD_BENCH v=1 run=704950670634 event=input input_id=164 gesture_id=36 kind=motion t_ns=716052077350 source=injected
K230_CARD_SHELL state mode=2 actions=1 message=0 cards=2
K230_CARD_BENCH v=1 run=704950670634 event=input input_id=163 gesture_id=36 kind=motion t_ns=716051524664 source=injected
K230_CARD_SHELL state mode=2 actions=1 message=0 cards=2
K230_CARD_BENCH v=1 run=704950670634 event=input input_id=162 gesture_id=36 kind=motion t_ns=716048816342 source=injected
K230_CARD_SHELL state mode=2 actions=1 message=0 cards=2
K230_CARD_SHELL frame-cost run=704950670634 frame_id=1253 total_cpu_ns=15911656 render_cpu_ns=14966583 input_cpu_ns=716519
K230_CARD_BENCH v=1 run=704950670634 event=submit input_id=161 frame_id=1253 t_ns=716043524101 update_cpu_ns=15911656 final=0
K230_CARD_BENCH v=1 run=704950670634 event=submit input_id=160 frame_id=1253 t_ns=716043524101 update_cpu_ns=15911656 final=0
K230_CARD_BENCH v=1 run=704950670634 event=present frame_id=1252 t_ns=716014691000 presented=1 clock=monotonic
K230_CARD_BENCH v=1 run=704950670634 event=input input_id=161 gesture_id=36 kind=motion t_ns=716016439250 source=injected
K230_CARD_SHELL state mode=2 actions=1 message=0 cards=2
K230_CARD_BENCH v=1 run=704950670634 event=input input_id=160 gesture_id=36 kind=motion t_ns=716014509385 source=injected
K230_CARD_SHELL state mode=2 actions=1 message=0 cards=2
K230_CARD_SHELL frame-cost run=704950670634 frame_id=1252 total_cpu_ns=14505397 render_cpu_ns=13827694 input_cpu_ns=169556
K230_CARD_BENCH v=1 run=704950670634 event=submit input_id=159 frame_id=1252 t_ns=716012411081 update_cpu_ns=14505397 final=0
K230_CARD_BENCH v=1 run=704950670634 event=present frame_id=1251 t_ns=715995530000 presented=1 clock=monotonic
K230_CARD_BENCH v=1 run=704950670634 event=input input_id=159 gesture_id=36 kind=motion t_ns=715986609408 source=injected
K230_CARD_SHELL state mode=2 actions=1 message=0 cards=2
K230_CARD_SHELL state mode=2 actions=1 message=0 cards=2
K230_CARD_BENCH v=1 run=704950670634 event=present frame_id=1250 t_ns=715957207000 presented=1 clock=monotonic
K230_CARD_BENCH v=1 run=704950670634 event=present frame_id=1249 t_ns=715918884000 presented=1 clock=monotonic
K230_CARD_BENCH v=1 run=704950670634 event=present frame_id=1248 t_ns=715899725000 presented=1 clock=monotonic
K230_CARD_BENCH v=1 run=704950670634 event=present frame_id=1247 t_ns=715861403000 presented=1 clock=monotonic
K230_CARD_BENCH v=1 run=704950670634 event=present frame_id=1246 t_ns=715842243000 presented=1 clock=monotonic
K230_CARD_BENCH v=1 run=704950670634 event=present frame_id=1245 t_ns=715803922000 presented=1 clock=monotonic
K230_CARD_BENCH v=1 run=704950670634 event=present frame_id=1244 t_ns=715784761000 presented=1 clock=monotonic
K230_CARD_BENCH v=1 run=704950670634 event=present frame_id=1243 t_ns=715746440000 presented=1 clock=monotonic
K230_CARD_BENCH v=1 run=704950670634 event=present frame_id=1242 t_ns=715727279000 presented=1 clock=monotonic
K230_CARD_SHELL frame-cost run=704950670634 frame_id=1242 total_cpu_ns=17176329 render_cpu_ns=13882332 input_cpu_ns=3022294
K230_CARD_BENCH v=1 run=704950670634 event=submit input_id=158 frame_id=1242 t_ns=715714498194 update_cpu_ns=17176329 final=1
K230_CARD_BENCH v=1 run=704950670634 event=submit input_id=157 frame_id=1242 t_ns=715714498194 update_cpu_ns=17176329 final=0
K230_CARD_BENCH v=1 run=704950670634 event=present frame_id=1241 t_ns=715688971000 presented=1 clock=monotonic
K230_CARD_BENCH v=1 run=704950670634 event=input input_id=158 gesture_id=35 kind=release t_ns=715689802338 source=injected
K230_CARD_SHELL state mode=1 actions=1 message=0 cards=2
K230_CARD_BENCH v=1 run=704950670634 event=input input_id=157 gesture_id=35 kind=motion t_ns=715688310904 source=injected
K230_CARD_SHELL state mode=2 actions=1 message=0 cards=2
K230_CARD_SHELL frame-cost run=704950670634 frame_id=1241 total_cpu_ns=21769686 render_cpu_ns=19823207 input_cpu_ns=1629482
K230_CARD_BENCH v=1 run=704950670634 event=submit input_id=156 frame_id=1241 t_ns=715680229787 update_cpu_ns=21769686 final=0
K230_CARD_BENCH v=1 run=704950670634 event=submit input_id=155 frame_id=1241 t_ns=715680229787 update_cpu_ns=21769686 final=0
K230_CARD_BENCH v=1 run=704950670634 event=submit input_id=154 frame_id=1241 t_ns=715680229787 update_cpu_ns=21769686 final=0
K230_CARD_BENCH v=1 run=704950670634 event=present frame_id=1240 t_ns=715650637000 presented=1 clock=monotonic
K230_CARD_BENCH v=1 run=704950670634 event=input input_id=156 gesture_id=35 kind=motion t_ns=715647196266 source=injected
K230_CARD_SHELL state mode=2 actions=1 message=0 cards=2
K230_CARD_BENCH v=1 run=704950670634 event=input input_id=155 gesture_id=35 kind=motion t_ns=715646601729 source=injected
K230_CARD_SHELL state mode=2 actions=1 message=0 cards=2
K230_CARD_BENCH v=1 run=704950670634 event=input input_id=154 gesture_id=35 kind=motion t_ns=715645717535 source=injected
K230_CARD_SHELL state mode=2 actions=1 message=0 cards=2
K230_CARD_SHELL frame-cost run=704950670634 frame_id=1240 total_cpu_ns=22706503 render_cpu_ns=19742354 input_cpu_ns=2622444
K230_CARD_BENCH v=1 run=704950670634 event=submit input_id=153 frame_id=1240 t_ns=715639355586 update_cpu_ns=22706503 final=0
K230_CARD_BENCH v=1 run=704950670634 event=submit input_id=152 frame_id=1240 t_ns=715639355586 update_cpu_ns=22706503 final=0
K230_CARD_BENCH v=1 run=704950670634 event=submit input_id=151 frame_id=1240 t_ns=715639355586 update_cpu_ns=22706503 final=0
K230_CARD_BENCH v=1 run=704950670634 event=submit input_id=150 frame_id=1240 t_ns=715639355586 update_cpu_ns=22706503 final=0
K230_CARD_BENCH v=1 run=704950670634 event=submit input_id=149 frame_id=1240 t_ns=715639355586 update_cpu_ns=22706503 final=0
K230_CARD_BENCH v=1 run=704950670634 event=present frame_id=1239 t_ns=715612318000 presented=1 clock=monotonic
K230_CARD_BENCH v=1 run=704950670634 event=input input_id=153 gesture_id=35 kind=motion t_ns=715612276583 source=injected
K230_CARD_SHELL state mode=2 actions=1 message=0 cards=2
K230_CARD_BENCH v=1 run=704950670634 event=input input_id=152 gesture_id=35 kind=motion t_ns=715610300422 source=injected
K230_CARD_SHELL state mode=2 actions=1 message=0 cards=2
K230_CARD_BENCH v=1 run=704950670634 event=input input_id=151 gesture_id=35 kind=motion t_ns=715603408749 source=injected
K230_CARD_SHELL state mode=2 actions=1 message=0 cards=2
K230_CARD_BENCH v=1 run=704950670634 event=input input_id=150 gesture_id=35 kind=motion t_ns=715602880766 source=injected
K230_CARD_SHELL state mode=2 actions=1 message=0 cards=2
K230_CARD_BENCH v=1 run=704950670634 event=input input_id=149 gesture_id=35 kind=motion t_ns=715602243934 source=injected
K230_CARD_SHELL state mode=2 actions=1 message=0 cards=2
K230_CARD_SHELL frame-cost run=704950670634 frame_id=1239 total_cpu_ns=22323201 render_cpu_ns=19040646 input_cpu_ns=2903923
K230_CARD_BENCH v=1 run=704950670634 event=submit input_id=148 frame_id=1239 t_ns=715597123983 update_cpu_ns=22323201 final=0
K230_CARD_BENCH v=1 run=704950670634 event=submit input_id=147 frame_id=1239 t_ns=715597123983 update_cpu_ns=22323201 final=0
K230_CARD_BENCH v=1 run=704950670634 event=submit input_id=146 frame_id=1239 t_ns=715597123983 update_cpu_ns=22323201 final=0
K230_CARD_BENCH v=1 run=704950670634 event=submit input_id=145 frame_id=1239 t_ns=715597123983 update_cpu_ns=22323201 final=0
K230_CARD_BENCH v=1 run=704950670634 event=submit input_id=144 frame_id=1239 t_ns=715597123983 update_cpu_ns=22323201 final=0
K230_CARD_BENCH v=1 run=704950670634 event=present frame_id=1238 t_ns=715554834000 presented=1 clock=monotonic
K230_CARD_BENCH v=1 run=704950670634 event=input input_id=148 gesture_id=35 kind=motion t_ns=715562400960 source=injected
K230_CARD_SHELL state mode=2 actions=1 message=0 cards=2
K230_CARD_BENCH v=1 run=704950670634 event=input input_id=147 gesture_id=35 kind=motion t_ns=715559573419 source=injected
K230_CARD_SHELL state mode=2 actions=1 message=0 cards=2
K230_CARD_BENCH v=1 run=704950670634 event=input input_id=146 gesture_id=35 kind=motion t_ns=715555759206 source=injected
K230_CARD_SHELL state mode=2 actions=1 message=0 cards=2
K230_CARD_BENCH v=1 run=704950670634 event=input input_id=145 gesture_id=35 kind=motion t_ns=715555193186 source=injected
K230_CARD_SHELL state mode=2 actions=1 message=0 cards=2
K230_CARD_BENCH v=1 run=704950670634 event=input input_id=144 gesture_id=35 kind=motion t_ns=715551764442 source=injected
K230_CARD_SHELL state mode=2 actions=1 message=0 cards=2
K230_CARD_SHELL frame-cost run=704950670634 frame_id=1238 total_cpu_ns=19408016 render_cpu_ns=17202981 input_cpu_ns=1840628
K230_CARD_BENCH v=1 run=704950670634 event=submit input_id=143 frame_id=1238 t_ns=715549077267 update_cpu_ns=19408016 final=0
K230_CARD_BENCH v=1 run=704950670634 event=submit input_id=142 frame_id=1238 t_ns=715549077267 update_cpu_ns=19408016 final=0
K230_CARD_BENCH v=1 run=704950670634 event=submit input_id=141 frame_id=1238 t_ns=715549077267 update_cpu_ns=19408016 final=0
K230_CARD_BENCH v=1 run=704950670634 event=submit input_id=140 frame_id=1238 t_ns=715549077267 update_cpu_ns=19408016 final=0
K230_CARD_BENCH v=1 run=704950670634 event=present frame_id=1237 t_ns=715516514000 presented=1 clock=monotonic
K230_CARD_BENCH v=1 run=704950670634 event=input input_id=143 gesture_id=35 kind=motion t_ns=715516111300 source=injected
K230_CARD_SHELL state mode=2 actions=1 message=0 cards=2
K230_CARD_BENCH v=1 run=704950670634 event=input input_id=142 gesture_id=35 kind=motion t_ns=715510064008 source=injected
K230_CARD_SHELL state mode=2 actions=1 message=0 cards=2
K230_CARD_BENCH v=1 run=704950670634 event=input input_id=141 gesture_id=35 kind=motion t_ns=715509576319 source=injected
K230_CARD_SHELL state mode=2 actions=1 message=0 cards=2
K230_CARD_BENCH v=1 run=704950670634 event=input input_id=140 gesture_id=35 kind=motion t_ns=715508267805 source=injected
K230_CARD_SHELL state mode=2 actions=1 message=0 cards=2
K230_CARD_SHELL frame-cost run=704950670634 frame_id=1237 total_cpu_ns=16044746 render_cpu_ns=15351264 input_cpu_ns=512371
K230_CARD_BENCH v=1 run=704950670634 event=submit input_id=139 frame_id=1237 t_ns=715505498966 update_cpu_ns=16044746 final=0
K230_CARD_BENCH v=1 run=704950670634 event=submit input_id=138 frame_id=1237 t_ns=715505498966 update_cpu_ns=16044746 final=0
K230_CARD_BENCH v=1 run=704950670634 event=present frame_id=1236 t_ns=715478192000 presented=1 clock=monotonic
K230_CARD_BENCH v=1 run=704950670634 event=input input_id=139 gesture_id=35 kind=motion t_ns=715471306333 source=injected
K230_CARD_SHELL state mode=2 actions=1 message=0 cards=2
K230_CARD_BENCH v=1 run=704950670634 event=input input_id=138 gesture_id=35 kind=motion t_ns=715466413598 source=injected
K230_CARD_SHELL state mode=2 actions=1 message=0 cards=2
K230_CARD_SHELL state mode=2 actions=1 message=0 cards=2
K230_CARD_BENCH v=1 run=704950670634 event=present frame_id=1235 t_ns=715439870000 presented=1 clock=monotonic
K230_CARD_BENCH v=1 run=704950670634 event=present frame_id=1234 t_ns=715401549000 presented=1 clock=monotonic
K230_CARD_BENCH v=1 run=704950670634 event=present frame_id=1233 t_ns=715363227000 presented=1 clock=monotonic
K230_CARD_BENCH v=1 run=704950670634 event=present frame_id=1232 t_ns=715344074000 presented=1 clock=monotonic
K230_CARD_BENCH v=1 run=704950670634 event=present frame_id=1231 t_ns=715305745000 presented=1 clock=monotonic
K230_CARD_BENCH v=1 run=704950670634 event=present frame_id=1230 t_ns=715267424000 presented=1 clock=monotonic
K230_CARD_BENCH v=1 run=704950670634 event=present frame_id=1229 t_ns=715229105000 presented=1 clock=monotonic
K230_CARD_BENCH v=1 run=704950670634 event=present frame_id=1228 t_ns=715190782000 presented=1 clock=monotonic
K230_CARD_BENCH v=1 run=704950670634 event=present frame_id=1227 t_ns=715171621000 presented=1 clock=monotonic
K230_CARD_SHELL frame-cost run=704950670634 frame_id=1227 total_cpu_ns=19740613 render_cpu_ns=13926209 input_cpu_ns=4878849
K230_CARD_BENCH v=1 run=704950670634 event=submit input_id=137 frame_id=1227 t_ns=715164314287 update_cpu_ns=19740613 final=1
K230_CARD_BENCH v=1 run=704950670634 event=submit input_id=136 frame_id=1227 t_ns=715164314287 update_cpu_ns=19740613 final=0
K230_CARD_BENCH v=1 run=704950670634 event=submit input_id=135 frame_id=1227 t_ns=715164314287 update_cpu_ns=19740613 final=0
K230_CARD_BENCH v=1 run=704950670634 event=submit input_id=134 frame_id=1227 t_ns=715164314287 update_cpu_ns=19740613 final=0
K230_CARD_BENCH v=1 run=704950670634 event=submit input_id=133 frame_id=1227 t_ns=715164314287 update_cpu_ns=19740613 final=0
K230_CARD_BENCH v=1 run=704950670634 event=present frame_id=1226 t_ns=715133301000 presented=1 clock=monotonic
K230_CARD_BENCH v=1 run=704950670634 event=input input_id=137 gesture_id=34 kind=release t_ns=715144581720 source=injected
K230_CARD_SHELL state mode=1 actions=1 message=0 cards=2
K230_CARD_BENCH v=1 run=704950670634 event=input input_id=136 gesture_id=34 kind=motion t_ns=715143649860 source=injected
K230_CARD_SHELL state mode=2 actions=1 message=0 cards=2
K230_CARD_BENCH v=1 run=704950670634 event=input input_id=135 gesture_id=34 kind=motion t_ns=715141952839 source=injected
K230_CARD_SHELL state mode=2 actions=1 message=0 cards=2
K230_CARD_BENCH v=1 run=704950670634 event=input input_id=134 gesture_id=34 kind=motion t_ns=715139415845 source=injected
K230_CARD_SHELL state mode=2 actions=1 message=0 cards=2
K230_CARD_BENCH v=1 run=704950670634 event=input input_id=133 gesture_id=34 kind=motion t_ns=715138640388 source=injected
K230_CARD_SHELL state mode=2 actions=1 message=0 cards=2
K230_CARD_BENCH v=1 run=704950670634 event=resource phase=active t_ns=715137120954 cpu_ns=27078448000 memory_bytes=27631616 scope=session
K230_CARD_BENCH v=1 run=704950670634 event=resource phase=active t_ns=715137120954 cpu_ns=16380463728 memory_bytes=34480128 scope=compositor
K230_CARD_SHELL frame-cost run=704950670634 frame_id=1226 total_cpu_ns=22328579 render_cpu_ns=19805508 input_cpu_ns=2252368
K230_CARD_BENCH v=1 run=704950670634 event=submit input_id=132 frame_id=1226 t_ns=715132431064 update_cpu_ns=22328579 final=0
K230_CARD_BENCH v=1 run=704950670634 event=submit input_id=131 frame_id=1226 t_ns=715132431064 update_cpu_ns=22328579 final=0
K230_CARD_BENCH v=1 run=704950670634 event=submit input_id=130 frame_id=1226 t_ns=715132431064 update_cpu_ns=22328579 final=0
K230_CARD_BENCH v=1 run=704950670634 event=submit input_id=129 frame_id=1226 t_ns=715132431064 update_cpu_ns=22328579 final=0
K230_CARD_BENCH v=1 run=704950670634 event=present frame_id=1225 t_ns=715094979000 presented=1 clock=monotonic
K230_CARD_BENCH v=1 run=704950670634 event=input input_id=132 gesture_id=34 kind=motion t_ns=715096318084 source=injected
K230_CARD_SHELL state mode=2 actions=1 message=0 cards=2
K230_CARD_BENCH v=1 run=704950670634 event=input input_id=131 gesture_id=34 kind=motion t_ns=715091012362 source=injected
K230_CARD_SHELL state mode=2 actions=1 message=0 cards=2
K230_CARD_BENCH v=1 run=704950670634 event=input input_id=130 gesture_id=34 kind=motion t_ns=715090329309 source=injected
K230_CARD_SHELL state mode=2 actions=1 message=0 cards=2
K230_CARD_BENCH v=1 run=704950670634 event=input input_id=129 gesture_id=34 kind=motion t_ns=715087926643 source=injected
K230_CARD_SHELL state mode=2 actions=1 message=0 cards=2
K230_CARD_SHELL frame-cost run=704950670634 frame_id=1225 total_cpu_ns=21825265 render_cpu_ns=19601963 input_cpu_ns=1889410
K230_CARD_BENCH v=1 run=704950670634 event=submit input_id=128 frame_id=1225 t_ns=715080622946 update_cpu_ns=21825265 final=0
K230_CARD_BENCH v=1 run=704950670634 event=submit input_id=127 frame_id=1225 t_ns=715080622946 update_cpu_ns=21825265 final=0
K230_CARD_BENCH v=1 run=704950670634 event=submit input_id=126 frame_id=1225 t_ns=715080622946 update_cpu_ns=21825265 final=0
K230_CARD_BENCH v=1 run=704950670634 event=submit input_id=125 frame_id=1225 t_ns=715080622946 update_cpu_ns=21825265 final=0
K230_CARD_BENCH v=1 run=704950670634 event=present frame_id=1224 t_ns=715056676000 presented=1 clock=monotonic
K230_CARD_BENCH v=1 run=704950670634 event=input input_id=128 gesture_id=34 kind=motion t_ns=715055350961 source=injected
K230_CARD_SHELL state mode=2 actions=1 message=0 cards=2
K230_CARD_BENCH v=1 run=704950670634 event=input input_id=127 gesture_id=34 kind=motion t_ns=715054692463 source=injected
K230_CARD_SHELL state mode=2 actions=1 message=0 cards=2
K230_CARD_BENCH v=1 run=704950670634 event=input input_id=126 gesture_id=34 kind=motion t_ns=715053162696 source=injected
K230_CARD_SHELL state mode=2 actions=1 message=0 cards=2
K230_CARD_BENCH v=1 run=704950670634 event=input input_id=125 gesture_id=34 kind=motion t_ns=715051370382 source=injected
K230_CARD_SHELL state mode=2 actions=1 message=0 cards=2
K230_CARD_SHELL frame-cost run=704950670634 frame_id=1224 total_cpu_ns=19470532 render_cpu_ns=17540680 input_cpu_ns=1647040
K230_CARD_BENCH v=1 run=704950670634 event=submit input_id=124 frame_id=1224 t_ns=715047514836 update_cpu_ns=19470532 final=0
K230_CARD_BENCH v=1 run=704950670634 event=submit input_id=123 frame_id=1224 t_ns=715047514836 update_cpu_ns=19470532 final=0
K230_CARD_BENCH v=1 run=704950670634 event=submit input_id=122 frame_id=1224 t_ns=715047514836 update_cpu_ns=19470532 final=0
K230_CARD_BENCH v=1 run=704950670634 event=submit input_id=121 frame_id=1224 t_ns=715047514836 update_cpu_ns=19470532 final=0
K230_CARD_BENCH v=1 run=704950670634 event=present frame_id=1223 t_ns=715018336000 presented=1 clock=monotonic
K230_CARD_BENCH v=1 run=704950670634 event=input input_id=124 gesture_id=34 kind=motion t_ns=715012410343 source=injected
K230_CARD_SHELL state mode=2 actions=1 message=0 cards=2
K230_CARD_BENCH v=1 run=704950670634 event=input input_id=123 gesture_id=34 kind=motion t_ns=715008777642 source=injected
K230_CARD_SHELL state mode=2 actions=1 message=0 cards=2
K230_CARD_BENCH v=1 run=704950670634 event=input input_id=122 gesture_id=34 kind=motion t_ns=715008277472 source=injected
K230_CARD_SHELL state mode=2 actions=1 message=0 cards=2
K230_CARD_BENCH v=1 run=704950670634 event=input input_id=121 gesture_id=34 kind=motion t_ns=715004285671 source=injected
K230_CARD_SHELL state mode=2 actions=1 message=0 cards=2
K230_CARD_SHELL frame-cost run=704950670634 frame_id=1223 total_cpu_ns=17188993 render_cpu_ns=15996437 input_cpu_ns=970370
K230_CARD_BENCH v=1 run=704950670634 event=submit input_id=120 frame_id=1223 t_ns=714998748288 update_cpu_ns=17188993 final=0
K230_CARD_BENCH v=1 run=704950670634 event=submit input_id=119 frame_id=1223 t_ns=714998748288 update_cpu_ns=17188993 final=0
K230_CARD_BENCH v=1 run=704950670634 event=submit input_id=118 frame_id=1223 t_ns=714998748288 update_cpu_ns=17188993 final=0
K230_CARD_BENCH v=1 run=704950670634 event=present frame_id=1222 t_ns=714980017000 presented=1 clock=monotonic
K230_CARD_BENCH v=1 run=704950670634 event=input input_id=120 gesture_id=34 kind=motion t_ns=714974789590 source=injected
K230_CARD_SHELL state mode=2 actions=1 message=0 cards=2
K230_CARD_BENCH v=1 run=704950670634 event=input input_id=119 gesture_id=34 kind=motion t_ns=714973468521 source=injected
K230_CARD_SHELL state mode=2 actions=1 message=0 cards=2
K230_CARD_BENCH v=1 run=704950670634 event=input input_id=118 gesture_id=34 kind=motion t_ns=714973002017 source=injected
K230_CARD_SHELL state mode=2 actions=1 message=0 cards=2
K230_CARD_SHELL frame-cost run=704950670634 frame_id=1222 total_cpu_ns=14108665 render_cpu_ns=13783922 input_cpu_ns=90186
K230_CARD_BENCH v=1 run=704950670634 event=submit input_id=117 frame_id=1222 t_ns=714970217140 update_cpu_ns=14108665 final=0
K230_CARD_BENCH v=1 run=704950670634 event=present frame_id=1221 t_ns=714941693000 presented=1 clock=monotonic
K230_CARD_BENCH v=1 run=704950670634 event=input input_id=117 gesture_id=34 kind=motion t_ns=714944505424 source=injected
K230_CARD_SHELL state mode=2 actions=1 message=0 cards=2
K230_CARD_SHELL state mode=2 actions=1 message=0 cards=2
K230_CARD_BENCH v=1 run=704950670634 event=present frame_id=1220 t_ns=714922534000 presented=1 clock=monotonic
K230_CARD_BENCH v=1 run=704950670634 event=present frame_id=1219 t_ns=714884214000 presented=1 clock=monotonic
K230_CARD_BENCH v=1 run=704950670634 event=present frame_id=1218 t_ns=714865050000 presented=1 clock=monotonic
K230_CARD_BENCH v=1 run=704950670634 event=present frame_id=1217 t_ns=714826728000 presented=1 clock=monotonic
K230_CARD_BENCH v=1 run=704950670634 event=present frame_id=1216 t_ns=714807569000 presented=1 clock=monotonic
K230_CARD_BENCH v=1 run=704950670634 event=present frame_id=1215 t_ns=714769248000 presented=1 clock=monotonic
K230_CARD_SHELL live cards=2 commits=744 sampled=1468 frame-done=1472 output-presented=684
K230_CARD_BENCH v=1 run=704950670634 event=present frame_id=1214 t_ns=714750087000 presented=1 clock=monotonic
K230_CARD_BENCH v=1 run=704950670634 event=present frame_id=1213 t_ns=714711766000 presented=1 clock=monotonic
K230_CARD_SHELL frame-cost run=704950670634 frame_id=1213 total_cpu_ns=17441094 render_cpu_ns=14051910 input_cpu_ns=3175149
K230_CARD_BENCH v=1 run=704950670634 event=submit input_id=116 frame_id=1213 t_ns=714708251939 update_cpu_ns=17441094 final=1
K230_CARD_BENCH v=1 run=704950670634 event=submit input_id=115 frame_id=1213 t_ns=714708251939 update_cpu_ns=17441094 final=0
K230_CARD_BENCH v=1 run=704950670634 event=present frame_id=1212 t_ns=714692605000 presented=1 clock=monotonic
K230_CARD_BENCH v=1 run=704950670634 event=input input_id=116 gesture_id=33 kind=release t_ns=714677091021 source=injected
K230_CARD_SHELL state mode=1 actions=1 message=0 cards=2
K230_CARD_BENCH v=1 run=704950670634 event=input input_id=115 gesture_id=33 kind=motion t_ns=714674656875 source=injected
K230_CARD_SHELL state mode=2 actions=1 message=0 cards=2
K230_CARD_BENCH v=1 run=704950670634 event=present frame_id=1211 t_ns=714635124000 presented=1 clock=monotonic
K230_CARD_SHELL frame-cost run=704950670634 frame_id=1211 total_cpu_ns=22498365 render_cpu_ns=20314254 input_cpu_ns=1881626
K230_CARD_BENCH v=1 run=704950670634 event=submit input_id=114 frame_id=1211 t_ns=714627855742 update_cpu_ns=22498365 final=0
K230_CARD_BENCH v=1 run=704950670634 event=submit input_id=113 frame_id=1211 t_ns=714627855742 update_cpu_ns=22498365 final=0
K230_CARD_BENCH v=1 run=704950670634 event=submit input_id=112 frame_id=1211 t_ns=714627855742 update_cpu_ns=22498365 final=0
K230_CARD_BENCH v=1 run=704950670634 event=submit input_id=111 frame_id=1211 t_ns=714627855742 update_cpu_ns=22498365 final=0
K230_CARD_BENCH v=1 run=704950670634 event=present frame_id=1210 t_ns=714596803000 presented=1 clock=monotonic
K230_CARD_BENCH v=1 run=704950670634 event=input input_id=114 gesture_id=33 kind=motion t_ns=714600367155 source=injected
K230_CARD_SHELL state mode=2 actions=1 message=0 cards=2
K230_CARD_BENCH v=1 run=704950670634 event=input input_id=113 gesture_id=33 kind=motion t_ns=714599730878 source=injected
K230_CARD_SHELL state mode=2 actions=1 message=0 cards=2
K230_CARD_BENCH v=1 run=704950670634 event=input input_id=112 gesture_id=33 kind=motion t_ns=714599151415 source=injected
K230_CARD_SHELL state mode=2 actions=1 message=0 cards=2
K230_CARD_BENCH v=1 run=704950670634 event=input input_id=111 gesture_id=33 kind=motion t_ns=714598429697 source=injected
K230_CARD_SHELL state mode=2 actions=1 message=0 cards=2
K230_CARD_SHELL frame-cost run=704950670634 frame_id=1210 total_cpu_ns=21940061 render_cpu_ns=19655506 input_cpu_ns=1935703
K230_CARD_BENCH v=1 run=704950670634 event=submit input_id=110 frame_id=1210 t_ns=714595805297 update_cpu_ns=21940061 final=0
K230_CARD_BENCH v=1 run=704950670634 event=submit input_id=109 frame_id=1210 t_ns=714595805297 update_cpu_ns=21940061 final=0
K230_CARD_BENCH v=1 run=704950670634 event=submit input_id=108 frame_id=1210 t_ns=714595805297 update_cpu_ns=21940061 final=0
K230_CARD_BENCH v=1 run=704950670634 event=submit input_id=107 frame_id=1210 t_ns=714595805297 update_cpu_ns=21940061 final=0
K230_CARD_BENCH v=1 run=704950670634 event=present frame_id=1209 t_ns=714558482000 presented=1 clock=monotonic
K230_CARD_BENCH v=1 run=704950670634 event=input input_id=110 gesture_id=33 kind=motion t_ns=714557959958 source=injected
K230_CARD_SHELL state mode=2 actions=1 message=0 cards=2
K230_CARD_BENCH v=1 run=704950670634 event=input input_id=109 gesture_id=33 kind=motion t_ns=714552281432 source=injected
K230_CARD_SHELL state mode=2 actions=1 message=0 cards=2
K230_CARD_BENCH v=1 run=704950670634 event=input input_id=108 gesture_id=33 kind=motion t_ns=714549426706 source=injected
K230_CARD_SHELL state mode=2 actions=1 message=0 cards=2
K230_CARD_BENCH v=1 run=704950670634 event=input input_id=107 gesture_id=33 kind=motion t_ns=714548796874 source=injected
K230_CARD_SHELL state mode=2 actions=1 message=0 cards=2
K230_CARD_SHELL frame-cost run=704950670634 frame_id=1209 total_cpu_ns=21026710 render_cpu_ns=18590410 input_cpu_ns=1970782
K230_CARD_BENCH v=1 run=704950670634 event=submit input_id=106 frame_id=1209 t_ns=714541177889 update_cpu_ns=21026710 final=0
K230_CARD_BENCH v=1 run=704950670634 event=submit input_id=105 frame_id=1209 t_ns=714541177889 update_cpu_ns=21026710 final=0
K230_CARD_BENCH v=1 run=704950670634 event=submit input_id=104 frame_id=1209 t_ns=714541177889 update_cpu_ns=21026710 final=0
K230_CARD_BENCH v=1 run=704950670634 event=submit input_id=103 frame_id=1209 t_ns=714541177889 update_cpu_ns=21026710 final=0
K230_CARD_BENCH v=1 run=704950670634 event=present frame_id=1208 t_ns=714520159000 presented=1 clock=monotonic
K230_CARD_BENCH v=1 run=704950670634 event=input input_id=106 gesture_id=33 kind=motion t_ns=714518313047 source=injected
K230_CARD_SHELL state mode=2 actions=1 message=0 cards=2
K230_CARD_BENCH v=1 run=704950670634 event=input input_id=105 gesture_id=33 kind=motion t_ns=714514757528 source=injected
K230_CARD_SHELL state mode=2 actions=1 message=0 cards=2
K230_CARD_BENCH v=1 run=704950670634 event=input input_id=104 gesture_id=33 kind=motion t_ns=714514156361 source=injected
K230_CARD_SHELL state mode=2 actions=1 message=0 cards=2
K230_CARD_BENCH v=1 run=704950670634 event=input input_id=103 gesture_id=33 kind=motion t_ns=714513442791 source=injected
K230_CARD_SHELL state mode=2 actions=1 message=0 cards=2
K230_CARD_SHELL frame-cost run=704950670634 frame_id=1208 total_cpu_ns=18677754 render_cpu_ns=16852494 input_cpu_ns=1547521
K230_CARD_BENCH v=1 run=704950670634 event=submit input_id=102 frame_id=1208 t_ns=714510135005 update_cpu_ns=18677754 final=0
K230_CARD_BENCH v=1 run=704950670634 event=submit input_id=101 frame_id=1208 t_ns=714510135005 update_cpu_ns=18677754 final=0
K230_CARD_BENCH v=1 run=704950670634 event=submit input_id=100 frame_id=1208 t_ns=714510135005 update_cpu_ns=18677754 final=0
K230_CARD_BENCH v=1 run=704950670634 event=submit input_id=99 frame_id=1208 t_ns=714510135005 update_cpu_ns=18677754 final=0
K230_CARD_BENCH v=1 run=704950670634 event=present frame_id=1207 t_ns=714481838000 presented=1 clock=monotonic
K230_CARD_BENCH v=1 run=704950670634 event=input input_id=102 gesture_id=33 kind=motion t_ns=714478808315 source=injected
K230_CARD_SHELL state mode=2 actions=1 message=0 cards=2
K230_CARD_BENCH v=1 run=704950670634 event=input input_id=101 gesture_id=33 kind=motion t_ns=714478359255 source=injected
K230_CARD_SHELL state mode=2 actions=1 message=0 cards=2
K230_CARD_BENCH v=1 run=704950670634 event=input input_id=100 gesture_id=33 kind=motion t_ns=714477820161 source=injected
K230_CARD_SHELL state mode=2 actions=1 message=0 cards=2
K230_CARD_BENCH v=1 run=704950670634 event=input input_id=99 gesture_id=33 kind=motion t_ns=714475718708 source=injected
K230_CARD_SHELL state mode=2 actions=1 message=0 cards=2
K230_CARD_SHELL frame-cost run=704950670634 frame_id=1207 total_cpu_ns=15912211 render_cpu_ns=14893548 input_cpu_ns=690924
K230_CARD_BENCH v=1 run=704950670634 event=submit input_id=98 frame_id=1207 t_ns=714471977714 update_cpu_ns=15912211 final=0
K230_CARD_BENCH v=1 run=704950670634 event=submit input_id=97 frame_id=1207 t_ns=714471977714 update_cpu_ns=15912211 final=0
K230_CARD_BENCH v=1 run=704950670634 event=present frame_id=1206 t_ns=714443519000 presented=1 clock=monotonic
K230_CARD_BENCH v=1 run=704950670634 event=input input_id=98 gesture_id=33 kind=motion t_ns=714442928953 source=injected
K230_CARD_SHELL state mode=2 actions=1 message=0 cards=2
K230_CARD_BENCH v=1 run=704950670634 event=input input_id=97 gesture_id=33 kind=motion t_ns=714441452814 source=injected
K230_CARD_SHELL state mode=2 actions=1 message=0 cards=2
K230_CARD_SHELL frame-cost run=704950670634 frame_id=1206 total_cpu_ns=14442835 render_cpu_ns=13831761 input_cpu_ns=180815
K230_CARD_BENCH v=1 run=704950670634 event=submit input_id=96 frame_id=1206 t_ns=714440732873 update_cpu_ns=14442835 final=0
K230_CARD_BENCH v=1 run=704950670634 event=present frame_id=1205 t_ns=714424359000 presented=1 clock=monotonic
K230_CARD_BENCH v=1 run=704950670634 event=input input_id=96 gesture_id=33 kind=motion t_ns=714414893457 source=injected
K230_CARD_SHELL state mode=2 actions=1 message=0 cards=2
K230_CARD_SHELL state mode=2 actions=1 message=0 cards=2
K230_CARD_BENCH v=1 run=704950670634 event=present frame_id=1204 t_ns=714386035000 presented=1 clock=monotonic
K230_CARD_BENCH v=1 run=704950670634 event=present frame_id=1203 t_ns=714347713000 presented=1 clock=monotonic
K230_CARD_BENCH v=1 run=704950670634 event=present frame_id=1202 t_ns=714328553000 presented=1 clock=monotonic
K230_CARD_BENCH v=1 run=704950670634 event=present frame_id=1201 t_ns=714290231000 presented=1 clock=monotonic
K230_CARD_BENCH v=1 run=704950670634 event=present frame_id=1200 t_ns=714271071000 presented=1 clock=monotonic
K230_CARD_BENCH v=1 run=704950670634 event=present frame_id=1199 t_ns=714232749000 presented=1 clock=monotonic
K230_CARD_BENCH v=1 run=704950670634 event=present frame_id=1198 t_ns=714213590000 presented=1 clock=monotonic
K230_CARD_BENCH v=1 run=704950670634 event=present frame_id=1197 t_ns=714175266000 presented=1 clock=monotonic
K230_CARD_BENCH v=1 run=704950670634 event=present frame_id=1196 t_ns=714156107000 presented=1 clock=monotonic
K230_CARD_BENCH v=1 run=704950670634 event=present frame_id=1195 t_ns=714117785000 presented=1 clock=monotonic
K230_CARD_SHELL frame-cost run=704950670634 frame_id=1195 total_cpu_ns=22202240 render_cpu_ns=14124022 input_cpu_ns=6804181
K230_CARD_BENCH v=1 run=704950670634 event=submit input_id=95 frame_id=1195 t_ns=714117439213 update_cpu_ns=22202240 final=1
K230_CARD_BENCH v=1 run=704950670634 event=submit input_id=94 frame_id=1195 t_ns=714117439213 update_cpu_ns=22202240 final=0
K230_CARD_BENCH v=1 run=704950670634 event=submit input_id=93 frame_id=1195 t_ns=714117439213 update_cpu_ns=22202240 final=0
K230_CARD_BENCH v=1 run=704950670634 event=submit input_id=92 frame_id=1195 t_ns=714117439213 update_cpu_ns=22202240 final=0
K230_CARD_BENCH v=1 run=704950670634 event=submit input_id=91 frame_id=1195 t_ns=714117439213 update_cpu_ns=22202240 final=0
K230_CARD_BENCH v=1 run=704950670634 event=submit input_id=90 frame_id=1195 t_ns=714117439213 update_cpu_ns=22202240 final=0
K230_CARD_BENCH v=1 run=704950670634 event=submit input_id=89 frame_id=1195 t_ns=714117439213 update_cpu_ns=22202240 final=0
K230_CARD_BENCH v=1 run=704950670634 event=submit input_id=88 frame_id=1195 t_ns=714117439213 update_cpu_ns=22202240 final=0
K230_CARD_BENCH v=1 run=704950670634 event=present frame_id=1194 t_ns=714098629000 presented=1 clock=monotonic
K230_CARD_BENCH v=1 run=704950670634 event=resource phase=active t_ns=714099643028 cpu_ns=26325072000 memory_bytes=27635712 scope=session
K230_CARD_BENCH v=1 run=704950670634 event=resource phase=active t_ns=714099643028 cpu_ns=15832156301 memory_bytes=34480128 scope=compositor
K230_CARD_BENCH v=1 run=704950670634 event=input input_id=95 gesture_id=32 kind=release t_ns=714093730656 source=injected
K230_CARD_SHELL state mode=1 actions=1 message=0 cards=2
K230_CARD_BENCH v=1 run=704950670634 event=input input_id=94 gesture_id=32 kind=motion t_ns=714091485986 source=injected
K230_CARD_SHELL state mode=2 actions=1 message=0 cards=2
K230_CARD_BENCH v=1 run=704950670634 event=input input_id=93 gesture_id=32 kind=motion t_ns=714089957330 source=injected
K230_CARD_SHELL state mode=2 actions=1 message=0 cards=2
K230_CARD_BENCH v=1 run=704950670634 event=input input_id=92 gesture_id=32 kind=motion t_ns=714087819952 source=injected
K230_CARD_SHELL state mode=2 actions=1 message=0 cards=2
K230_CARD_BENCH v=1 run=704950670634 event=input input_id=91 gesture_id=32 kind=motion t_ns=714087142269 source=injected
K230_CARD_SHELL state mode=2 actions=1 message=0 cards=2
K230_CARD_BENCH v=1 run=704950670634 event=input input_id=90 gesture_id=32 kind=motion t_ns=714086307925 source=injected
K230_CARD_SHELL state mode=2 actions=1 message=0 cards=2
K230_CARD_BENCH v=1 run=704950670634 event=input input_id=89 gesture_id=32 kind=motion t_ns=714084729456 source=injected
K230_CARD_SHELL state mode=2 actions=1 message=0 cards=2
K230_CARD_BENCH v=1 run=704950670634 event=input input_id=88 gesture_id=32 kind=motion t_ns=714083401756 source=injected
K230_CARD_SHELL state mode=2 actions=1 message=0 cards=2
K230_CARD_BENCH v=1 run=704950670634 event=present frame_id=1193 t_ns=714060305000 presented=1 clock=monotonic
K230_CARD_SHELL frame-cost run=704950670634 frame_id=1193 total_cpu_ns=21585864 render_cpu_ns=19654088 input_cpu_ns=1606407
K230_CARD_BENCH v=1 run=704950670634 event=submit input_id=87 frame_id=1193 t_ns=714057259757 update_cpu_ns=21585864 final=0
K230_CARD_BENCH v=1 run=704950670634 event=submit input_id=86 frame_id=1193 t_ns=714057259757 update_cpu_ns=21585864 final=0
K230_CARD_BENCH v=1 run=704950670634 event=submit input_id=85 frame_id=1193 t_ns=714057259757 update_cpu_ns=21585864 final=0
K230_CARD_BENCH v=1 run=704950670634 event=present frame_id=1192 t_ns=714021986000 presented=1 clock=monotonic
K230_CARD_BENCH v=1 run=704950670634 event=input input_id=87 gesture_id=32 kind=motion t_ns=714020059324 source=injected
K230_CARD_SHELL state mode=2 actions=1 message=0 cards=2
K230_CARD_BENCH v=1 run=704950670634 event=input input_id=86 gesture_id=32 kind=motion t_ns=714016296997 source=injected
K230_CARD_SHELL state mode=2 actions=1 message=0 cards=2
K230_CARD_BENCH v=1 run=704950670634 event=input input_id=85 gesture_id=32 kind=motion t_ns=714012243197 source=injected
K230_CARD_SHELL state mode=2 actions=1 message=0 cards=2
K230_CARD_SHELL frame-cost run=704950670634 frame_id=1192 total_cpu_ns=22357490 render_cpu_ns=18202149 input_cpu_ns=3707711
K230_CARD_BENCH v=1 run=704950670634 event=submit input_id=84 frame_id=1192 t_ns=714004423366 update_cpu_ns=22357490 final=0
K230_CARD_BENCH v=1 run=704950670634 event=submit input_id=83 frame_id=1192 t_ns=714004423366 update_cpu_ns=22357490 final=0
K230_CARD_BENCH v=1 run=704950670634 event=submit input_id=82 frame_id=1192 t_ns=714004423366 update_cpu_ns=22357490 final=0
K230_CARD_BENCH v=1 run=704950670634 event=submit input_id=81 frame_id=1192 t_ns=714004423366 update_cpu_ns=22357490 final=0
K230_CARD_BENCH v=1 run=704950670634 event=submit input_id=80 frame_id=1192 t_ns=714004423366 update_cpu_ns=22357490 final=0
K230_CARD_BENCH v=1 run=704950670634 event=submit input_id=79 frame_id=1192 t_ns=714004423366 update_cpu_ns=22357490 final=0
K230_CARD_BENCH v=1 run=704950670634 event=submit input_id=78 frame_id=1192 t_ns=714004423366 update_cpu_ns=22357490 final=0
K230_CARD_BENCH v=1 run=704950670634 event=submit input_id=77 frame_id=1192 t_ns=714004423366 update_cpu_ns=22357490 final=0
K230_CARD_BENCH v=1 run=704950670634 event=present frame_id=1191 t_ns=713983664000 presented=1 clock=monotonic
K230_CARD_BENCH v=1 run=704950670634 event=input input_id=84 gesture_id=32 kind=motion t_ns=713982216573 source=injected
K230_CARD_SHELL state mode=2 actions=1 message=0 cards=2
K230_CARD_BENCH v=1 run=704950670634 event=input input_id=83 gesture_id=32 kind=motion t_ns=713975017389 source=injected
K230_CARD_SHELL state mode=2 actions=1 message=0 cards=2
K230_CARD_BENCH v=1 run=704950670634 event=input input_id=82 gesture_id=32 kind=motion t_ns=713973117041 source=injected
K230_CARD_SHELL state mode=2 actions=1 message=0 cards=2
K230_CARD_BENCH v=1 run=704950670634 event=input input_id=81 gesture_id=32 kind=motion t_ns=713970862926 source=injected
K230_CARD_SHELL state mode=2 actions=1 message=0 cards=2
K230_CARD_BENCH v=1 run=704950670634 event=input input_id=80 gesture_id=32 kind=motion t_ns=713970356423 source=injected
K230_CARD_SHELL state mode=2 actions=1 message=0 cards=2
K230_CARD_BENCH v=1 run=704950670634 event=input input_id=79 gesture_id=32 kind=motion t_ns=713968726140 source=injected
K230_CARD_SHELL state mode=2 actions=1 message=0 cards=2
K230_CARD_BENCH v=1 run=704950670634 event=input input_id=78 gesture_id=32 kind=motion t_ns=713968255118 source=injected
K230_CARD_SHELL state mode=2 actions=1 message=0 cards=2
K230_CARD_BENCH v=1 run=704950670634 event=input input_id=77 gesture_id=32 kind=motion t_ns=713966856235 source=injected
K230_CARD_SHELL state mode=2 actions=1 message=0 cards=2
K230_CARD_BENCH v=1 run=704950670634 event=present frame_id=1190 t_ns=713926180000 presented=1 clock=monotonic
K230_CARD_SHELL frame-cost run=704950670634 frame_id=1190 total_cpu_ns=15610605 render_cpu_ns=14719530 input_cpu_ns=684482
K230_CARD_BENCH v=1 run=704950670634 event=submit input_id=76 frame_id=1190 t_ns=713925327894 update_cpu_ns=15610605 final=0
K230_CARD_BENCH v=1 run=704950670634 event=submit input_id=75 frame_id=1190 t_ns=713925327894 update_cpu_ns=15610605 final=0
K230_CARD_BENCH v=1 run=704950670634 event=present frame_id=1189 t_ns=713907019000 presented=1 clock=monotonic
K230_CARD_BENCH v=1 run=704950670634 event=input input_id=76 gesture_id=32 kind=motion t_ns=713902208982 source=injected
K230_CARD_SHELL state mode=2 actions=1 message=0 cards=2
K230_CARD_BENCH v=1 run=704950670634 event=input input_id=75 gesture_id=32 kind=motion t_ns=713898153959 source=injected
K230_CARD_SHELL state mode=2 actions=1 message=0 cards=2
K230_CARD_SHELL state mode=2 actions=1 message=0 cards=2
K230_CARD_BENCH v=1 run=704950670634 event=present frame_id=1188 t_ns=713868696000 presented=1 clock=monotonic
K230_CARD_BENCH v=1 run=704950670634 event=present frame_id=1187 t_ns=713849537000 presented=1 clock=monotonic
K230_CARD_BENCH v=1 run=704950670634 event=present frame_id=1186 t_ns=713811216000 presented=1 clock=monotonic
K230_CARD_BENCH v=1 run=704950670634 event=present frame_id=1185 t_ns=713792055000 presented=1 clock=monotonic
K230_CARD_BENCH v=1 run=704950670634 event=present frame_id=1184 t_ns=713753733000 presented=1 clock=monotonic
K230_CARD_BENCH v=1 run=704950670634 event=present frame_id=1183 t_ns=713734573000 presented=1 clock=monotonic
K230_CARD_BENCH v=1 run=704950670634 event=present frame_id=1182 t_ns=713696252000 presented=1 clock=monotonic
K230_CARD_BENCH v=1 run=704950670634 event=present frame_id=1181 t_ns=713677091000 presented=1 clock=monotonic
K230_CARD_BENCH v=1 run=704950670634 event=present frame_id=1180 t_ns=713638770000 presented=1 clock=monotonic
K230_CARD_BENCH v=1 run=704950670634 event=present frame_id=1179 t_ns=713619611000 presented=1 clock=monotonic
K230_CARD_SHELL frame-cost run=704950670634 frame_id=1179 total_cpu_ns=17863578 render_cpu_ns=13951138 input_cpu_ns=3429887
K230_CARD_BENCH v=1 run=704950670634 event=submit input_id=74 frame_id=1179 t_ns=713605031535 update_cpu_ns=17863578 final=1
K230_CARD_BENCH v=1 run=704950670634 event=submit input_id=73 frame_id=1179 t_ns=713605031535 update_cpu_ns=17863578 final=0
K230_CARD_BENCH v=1 run=704950670634 event=submit input_id=72 frame_id=1179 t_ns=713605031535 update_cpu_ns=17863578 final=0
K230_CARD_BENCH v=1 run=704950670634 event=present frame_id=1178 t_ns=713581291000 presented=1 clock=monotonic
K230_CARD_BENCH v=1 run=704950670634 event=input input_id=74 gesture_id=31 kind=release t_ns=713584435730 source=injected
K230_CARD_SHELL state mode=1 actions=1 message=0 cards=2
K230_CARD_BENCH v=1 run=704950670634 event=input input_id=73 gesture_id=31 kind=motion t_ns=713583756269 source=injected
K230_CARD_SHELL state mode=2 actions=1 message=0 cards=2
K230_CARD_BENCH v=1 run=704950670634 event=input input_id=72 gesture_id=31 kind=motion t_ns=713583122622 source=injected
K230_CARD_SHELL state mode=2 actions=1 message=0 cards=2
K230_CARD_SHELL frame-cost run=704950670634 frame_id=1178 total_cpu_ns=21668788 render_cpu_ns=19786086 input_cpu_ns=1508740
K230_CARD_BENCH v=1 run=704950670634 event=submit input_id=71 frame_id=1178 t_ns=713579908981 update_cpu_ns=21668788 final=0
K230_CARD_BENCH v=1 run=704950670634 event=submit input_id=70 frame_id=1178 t_ns=713579908981 update_cpu_ns=21668788 final=0
K230_CARD_BENCH v=1 run=704950670634 event=submit input_id=69 frame_id=1178 t_ns=713579908981 update_cpu_ns=21668788 final=0
K230_CARD_BENCH v=1 run=704950670634 event=present frame_id=1177 t_ns=713542967000 presented=1 clock=monotonic
K230_CARD_BENCH v=1 run=704950670634 event=input input_id=71 gesture_id=31 kind=motion t_ns=713548892758 source=injected
K230_CARD_SHELL state mode=2 actions=1 message=0 cards=2
K230_CARD_BENCH v=1 run=704950670634 event=input input_id=70 gesture_id=31 kind=motion t_ns=713546060365 source=injected
K230_CARD_SHELL state mode=2 actions=1 message=0 cards=2
K230_CARD_BENCH v=1 run=704950670634 event=input input_id=69 gesture_id=31 kind=motion t_ns=713544294975 source=injected
K230_CARD_SHELL state mode=2 actions=1 message=0 cards=2
K230_CARD_SHELL frame-cost run=704950670634 frame_id=1177 total_cpu_ns=21814792 render_cpu_ns=19516123 input_cpu_ns=1997853
K230_CARD_BENCH v=1 run=704950670634 event=submit input_id=68 frame_id=1177 t_ns=713539327573 update_cpu_ns=21814792 final=0
K230_CARD_BENCH v=1 run=704950670634 event=submit input_id=67 frame_id=1177 t_ns=713539327573 update_cpu_ns=21814792 final=0
K230_CARD_BENCH v=1 run=704950670634 event=submit input_id=66 frame_id=1177 t_ns=713539327573 update_cpu_ns=21814792 final=0
K230_CARD_BENCH v=1 run=704950670634 event=submit input_id=65 frame_id=1177 t_ns=713539327573 update_cpu_ns=21814792 final=0
K230_CARD_BENCH v=1 run=704950670634 event=present frame_id=1176 t_ns=713504647000 presented=1 clock=monotonic
K230_CARD_BENCH v=1 run=704950670634 event=input input_id=68 gesture_id=31 kind=motion t_ns=713508799928 source=injected
K230_CARD_SHELL state mode=2 actions=1 message=0 cards=2
K230_CARD_BENCH v=1 run=704950670634 event=input input_id=67 gesture_id=31 kind=motion t_ns=713505281667 source=injected
K230_CARD_SHELL state mode=2 actions=1 message=0 cards=2
K230_CARD_BENCH v=1 run=704950670634 event=input input_id=66 gesture_id=31 kind=motion t_ns=713504589429 source=injected
K230_CARD_SHELL state mode=2 actions=1 message=0 cards=2
K230_CARD_BENCH v=1 run=704950670634 event=input input_id=65 gesture_id=31 kind=motion t_ns=713503598349 source=injected
K230_CARD_SHELL state mode=2 actions=1 message=0 cards=2
K230_CARD_SHELL frame-cost run=704950670634 frame_id=1176 total_cpu_ns=20854854 render_cpu_ns=18671556 input_cpu_ns=1861595
K230_CARD_BENCH v=1 run=704950670634 event=submit input_id=64 frame_id=1176 t_ns=713497976819 update_cpu_ns=20854854 final=0
K230_CARD_BENCH v=1 run=704950670634 event=submit input_id=63 frame_id=1176 t_ns=713497976819 update_cpu_ns=20854854 final=0
K230_CARD_BENCH v=1 run=704950670634 event=submit input_id=62 frame_id=1176 t_ns=713497976819 update_cpu_ns=20854854 final=0
K230_CARD_BENCH v=1 run=704950670634 event=submit input_id=61 frame_id=1176 t_ns=713497976819 update_cpu_ns=20854854 final=0
K230_CARD_BENCH v=1 run=704950670634 event=present frame_id=1175 t_ns=713466326000 presented=1 clock=monotonic
K230_CARD_BENCH v=1 run=704950670634 event=input input_id=64 gesture_id=31 kind=motion t_ns=713467333029 source=injected
K230_CARD_SHELL state mode=2 actions=1 message=0 cards=2
K230_CARD_BENCH v=1 run=704950670634 event=input input_id=63 gesture_id=31 kind=motion t_ns=713465029693 source=injected
K230_CARD_SHELL state mode=2 actions=1 message=0 cards=2
K230_CARD_BENCH v=1 run=704950670634 event=input input_id=62 gesture_id=31 kind=motion t_ns=713464474970 source=injected
K230_CARD_SHELL state mode=2 actions=1 message=0 cards=2
K230_CARD_BENCH v=1 run=704950670634 event=input input_id=61 gesture_id=31 kind=motion t_ns=713462506809 source=injected
K230_CARD_SHELL state mode=2 actions=1 message=0 cards=2
K230_CARD_SHELL frame-cost run=704950670634 frame_id=1175 total_cpu_ns=18861164 render_cpu_ns=16895793 input_cpu_ns=1593481
K230_CARD_BENCH v=1 run=704950670634 event=submit input_id=60 frame_id=1175 t_ns=713455988011 update_cpu_ns=18861164 final=0
K230_CARD_BENCH v=1 run=704950670634 event=submit input_id=59 frame_id=1175 t_ns=713455988011 update_cpu_ns=18861164 final=0
K230_CARD_BENCH v=1 run=704950670634 event=submit input_id=58 frame_id=1175 t_ns=713455988011 update_cpu_ns=18861164 final=0
K230_CARD_BENCH v=1 run=704950670634 event=submit input_id=57 frame_id=1175 t_ns=713455988011 update_cpu_ns=18861164 final=0
K230_CARD_BENCH v=1 run=704950670634 event=present frame_id=1174 t_ns=713428004000 presented=1 clock=monotonic
K230_CARD_BENCH v=1 run=704950670634 event=input input_id=60 gesture_id=31 kind=motion t_ns=713428864890 source=injected
K230_CARD_SHELL state mode=2 actions=1 message=0 cards=2
K230_CARD_BENCH v=1 run=704950670634 event=input input_id=59 gesture_id=31 kind=motion t_ns=713425358035 source=injected
K230_CARD_SHELL state mode=2 actions=1 message=0 cards=2
K230_CARD_BENCH v=1 run=704950670634 event=input input_id=58 gesture_id=31 kind=motion t_ns=713424862829 source=injected
K230_CARD_SHELL state mode=2 actions=1 message=0 cards=2
K230_CARD_BENCH v=1 run=704950670634 event=input input_id=57 gesture_id=31 kind=motion t_ns=713422515827 source=injected
K230_CARD_SHELL state mode=2 actions=1 message=0 cards=2
K230_CARD_SHELL frame-cost run=704950670634 frame_id=1174 total_cpu_ns=15791219 render_cpu_ns=14840144 input_cpu_ns=756224
K230_CARD_BENCH v=1 run=704950670634 event=submit input_id=56 frame_id=1174 t_ns=713418848348 update_cpu_ns=15791219 final=0
K230_CARD_BENCH v=1 run=704950670634 event=submit input_id=55 frame_id=1174 t_ns=713418848348 update_cpu_ns=15791219 final=0
K230_CARD_BENCH v=1 run=704950670634 event=present frame_id=1173 t_ns=713389684000 presented=1 clock=monotonic
K230_CARD_BENCH v=1 run=704950670634 event=input input_id=56 gesture_id=31 kind=motion t_ns=713392656235 source=injected
K230_CARD_SHELL state mode=2 actions=1 message=0 cards=2
K230_CARD_BENCH v=1 run=704950670634 event=input input_id=55 gesture_id=31 kind=motion t_ns=713392070994 source=injected
K230_CARD_SHELL state mode=2 actions=1 message=0 cards=2
K230_CARD_SHELL frame-cost run=704950670634 frame_id=1173 total_cpu_ns=14410477 render_cpu_ns=14028181 input_cpu_ns=172703
K230_CARD_BENCH v=1 run=704950670634 event=submit input_id=54 frame_id=1173 t_ns=713386939524 update_cpu_ns=14410477 final=0
K230_CARD_BENCH v=1 run=704950670634 event=present frame_id=1172 t_ns=713370521000 presented=1 clock=monotonic
K230_CARD_BENCH v=1 run=704950670634 event=input input_id=54 gesture_id=31 kind=motion t_ns=713362656684 source=injected
K230_CARD_SHELL state mode=2 actions=1 message=0 cards=2
K230_CARD_SHELL state mode=2 actions=1 message=0 cards=2
K230_CARD_BENCH v=1 run=704950670634 event=present frame_id=1171 t_ns=713332200000 presented=1 clock=monotonic
K230_CARD_BENCH v=1 run=704950670634 event=present frame_id=1170 t_ns=713293878000 presented=1 clock=monotonic
K230_CARD_BENCH v=1 run=704950670634 event=present frame_id=1169 t_ns=713274718000 presented=1 clock=monotonic
K230_CARD_BENCH v=1 run=704950670634 event=present frame_id=1168 t_ns=713236396000 presented=1 clock=monotonic
K230_CARD_BENCH v=1 run=704950670634 event=present frame_id=1167 t_ns=713217236000 presented=1 clock=monotonic
K230_CARD_BENCH v=1 run=704950670634 event=present frame_id=1166 t_ns=713178914000 presented=1 clock=monotonic
K230_CARD_BENCH v=1 run=704950670634 event=present frame_id=1165 t_ns=713159754000 presented=1 clock=monotonic
K230_CARD_BENCH v=1 run=704950670634 event=present frame_id=1164 t_ns=713121431000 presented=1 clock=monotonic
K230_CARD_BENCH v=1 run=704950670634 event=present frame_id=1163 t_ns=713102272000 presented=1 clock=monotonic
K230_CARD_BENCH v=1 run=704950670634 event=resource phase=active t_ns=713087405187 cpu_ns=25595950000 memory_bytes=27627520 scope=session
K230_CARD_BENCH v=1 run=704950670634 event=resource phase=active t_ns=713087405187 cpu_ns=15298827685 memory_bytes=34480128 scope=compositor
K230_CARD_BENCH v=1 run=704950670634 event=present frame_id=1162 t_ns=713063951000 presented=1 clock=monotonic
K230_CARD_BENCH v=1 run=704950670634 event=present frame_id=1161 t_ns=713044791000 presented=1 clock=monotonic
K230_CARD_BENCH v=1 run=704950670634 event=present frame_id=1160 t_ns=713006469000 presented=1 clock=monotonic
K230_CARD_BENCH v=1 run=704950670634 event=present frame_id=1159 t_ns=712968149000 presented=1 clock=monotonic
K230_CARD_BENCH v=1 run=704950670634 event=present frame_id=1158 t_ns=712929829000 presented=1 clock=monotonic
K230_CARD_BENCH v=1 run=704950670634 event=present frame_id=1157 t_ns=712910664000 presented=1 clock=monotonic
K230_CARD_SHELL live cards=2 commits=676 sampled=1335 frame-done=1337 output-presented=626
K230_CARD_BENCH v=1 run=704950670634 event=present frame_id=1156 t_ns=712872345000 presented=1 clock=monotonic
K230_CARD_BENCH v=1 run=704950670634 event=present frame_id=1155 t_ns=712834024000 presented=1 clock=monotonic
K230_CARD_BENCH v=1 run=704950670634 event=present frame_id=1154 t_ns=712795703000 presented=1 clock=monotonic
K230_CARD_BENCH v=1 run=704950670634 event=present frame_id=1153 t_ns=712757381000 presented=1 clock=monotonic
K230_CARD_BENCH v=1 run=704950670634 event=present frame_id=1152 t_ns=712719060000 presented=1 clock=monotonic
K230_CARD_BENCH v=1 run=704950670634 event=present frame_id=1151 t_ns=712680740000 presented=1 clock=monotonic
K230_CARD_BENCH v=1 run=704950670634 event=present frame_id=1150 t_ns=712642418000 presented=1 clock=monotonic
K230_CARD_BENCH v=1 run=704950670634 event=present frame_id=1149 t_ns=712604096000 presented=1 clock=monotonic
K230_CARD_SHELL frame-cost run=704950670634 frame_id=1149 total_cpu_ns=17335000 render_cpu_ns=13913188 input_cpu_ns=2980439
K230_CARD_BENCH v=1 run=704950670634 event=submit input_id=53 frame_id=1149 t_ns=712589292389 update_cpu_ns=17335000 final=1
K230_CARD_BENCH v=1 run=704950670634 event=submit input_id=52 frame_id=1149 t_ns=712589292389 update_cpu_ns=17335000 final=0
K230_CARD_BENCH v=1 run=704950670634 event=present frame_id=1148 t_ns=712565776000 presented=1 clock=monotonic
K230_CARD_BENCH v=1 run=704950670634 event=input input_id=53 gesture_id=30 kind=release t_ns=712569320709 source=injected
K230_CARD_SHELL state mode=1 actions=1 message=0 cards=2
K230_CARD_BENCH v=1 run=704950670634 event=input input_id=52 gesture_id=30 kind=motion t_ns=712568417070 source=injected
K230_CARD_SHELL state mode=2 actions=1 message=0 cards=2
K230_CARD_SHELL frame-cost run=704950670634 frame_id=1148 total_cpu_ns=22589430 render_cpu_ns=19843323 input_cpu_ns=2335296
K230_CARD_BENCH v=1 run=704950670634 event=submit input_id=51 frame_id=1148 t_ns=712564372714 update_cpu_ns=22589430 final=0
K230_CARD_BENCH v=1 run=704950670634 event=submit input_id=50 frame_id=1148 t_ns=712564372714 update_cpu_ns=22589430 final=0
K230_CARD_BENCH v=1 run=704950670634 event=submit input_id=49 frame_id=1148 t_ns=712564372714 update_cpu_ns=22589430 final=0
K230_CARD_BENCH v=1 run=704950670634 event=submit input_id=48 frame_id=1148 t_ns=712564372714 update_cpu_ns=22589430 final=0
K230_CARD_BENCH v=1 run=704950670634 event=present frame_id=1147 t_ns=712527453000 presented=1 clock=monotonic
K230_CARD_BENCH v=1 run=704950670634 event=input input_id=51 gesture_id=30 kind=motion t_ns=712536180251 source=injected
K230_CARD_SHELL state mode=2 actions=1 message=0 cards=2
K230_CARD_BENCH v=1 run=704950670634 event=input input_id=50 gesture_id=30 kind=motion t_ns=712534392195 source=injected
K230_CARD_SHELL state mode=2 actions=1 message=0 cards=2
K230_CARD_BENCH v=1 run=704950670634 event=input input_id=49 gesture_id=30 kind=motion t_ns=712530044588 source=injected
K230_CARD_SHELL state mode=2 actions=1 message=0 cards=2
K230_CARD_BENCH v=1 run=704950670634 event=input input_id=48 gesture_id=30 kind=motion t_ns=712528309679 source=injected
K230_CARD_SHELL state mode=2 actions=1 message=0 cards=2
K230_CARD_SHELL frame-cost run=704950670634 frame_id=1147 total_cpu_ns=23534517 render_cpu_ns=19685964 input_cpu_ns=3436403
K230_CARD_BENCH v=1 run=704950670634 event=submit input_id=47 frame_id=1147 t_ns=712520914870 update_cpu_ns=23534517 final=0
K230_CARD_BENCH v=1 run=704950670634 event=submit input_id=46 frame_id=1147 t_ns=712520914870 update_cpu_ns=23534517 final=0
K230_CARD_BENCH v=1 run=704950670634 event=submit input_id=45 frame_id=1147 t_ns=712520914870 update_cpu_ns=23534517 final=0
K230_CARD_BENCH v=1 run=704950670634 event=submit input_id=44 frame_id=1147 t_ns=712520914870 update_cpu_ns=23534517 final=0
K230_CARD_BENCH v=1 run=704950670634 event=submit input_id=43 frame_id=1147 t_ns=712520914870 update_cpu_ns=23534517 final=0
K230_CARD_BENCH v=1 run=704950670634 event=submit input_id=42 frame_id=1147 t_ns=712520914870 update_cpu_ns=23534517 final=0
K230_CARD_BENCH v=1 run=704950670634 event=present frame_id=1146 t_ns=712489134000 presented=1 clock=monotonic
K230_CARD_BENCH v=1 run=704950670634 event=input input_id=47 gesture_id=30 kind=motion t_ns=712493535530 source=injected
K230_CARD_SHELL state mode=2 actions=1 message=0 cards=2
K230_CARD_BENCH v=1 run=704950670634 event=input input_id=46 gesture_id=30 kind=motion t_ns=712491484482 source=injected
K230_CARD_SHELL state mode=2 actions=1 message=0 cards=2
K230_CARD_BENCH v=1 run=704950670634 event=input input_id=45 gesture_id=30 kind=motion t_ns=712489878124 source=injected
K230_CARD_SHELL state mode=2 actions=1 message=0 cards=2
K230_CARD_BENCH v=1 run=704950670634 event=input input_id=44 gesture_id=30 kind=motion t_ns=712483625984 source=injected
K230_CARD_SHELL state mode=2 actions=1 message=0 cards=2
K230_CARD_BENCH v=1 run=704950670634 event=input input_id=43 gesture_id=30 kind=motion t_ns=712483036335 source=injected
K230_CARD_SHELL state mode=2 actions=1 message=0 cards=2
K230_CARD_BENCH v=1 run=704950670634 event=input input_id=42 gesture_id=30 kind=motion t_ns=712482181473 source=injected
K230_CARD_SHELL state mode=2 actions=1 message=0 cards=2
K230_CARD_SHELL frame-cost run=704950670634 frame_id=1146 total_cpu_ns=20433564 render_cpu_ns=18060605 input_cpu_ns=2021998
K230_CARD_BENCH v=1 run=704950670634 event=submit input_id=41 frame_id=1146 t_ns=712475994553 update_cpu_ns=20433564 final=0
K230_CARD_BENCH v=1 run=704950670634 event=submit input_id=40 frame_id=1146 t_ns=712475994553 update_cpu_ns=20433564 final=0
K230_CARD_BENCH v=1 run=704950670634 event=submit input_id=39 frame_id=1146 t_ns=712475994553 update_cpu_ns=20433564 final=0
K230_CARD_BENCH v=1 run=704950670634 event=submit input_id=38 frame_id=1146 t_ns=712475994553 update_cpu_ns=20433564 final=0
K230_CARD_BENCH v=1 run=704950670634 event=present frame_id=1145 t_ns=712431650000 presented=1 clock=monotonic
K230_CARD_BENCH v=1 run=704950670634 event=input input_id=41 gesture_id=30 kind=motion t_ns=712429094223 source=injected
K230_CARD_SHELL state mode=2 actions=1 message=0 cards=2
K230_CARD_BENCH v=1 run=704950670634 event=input input_id=40 gesture_id=30 kind=motion t_ns=712425526851 source=injected
K230_CARD_SHELL state mode=2 actions=1 message=0 cards=2
K230_CARD_BENCH v=1 run=704950670634 event=input input_id=39 gesture_id=30 kind=motion t_ns=712422517203 source=injected
K230_CARD_SHELL state mode=2 actions=1 message=0 cards=2
K230_CARD_BENCH v=1 run=704950670634 event=input input_id=38 gesture_id=30 kind=motion t_ns=712421926074 source=injected
K230_CARD_SHELL state mode=2 actions=1 message=0 cards=2
K230_CARD_SHELL frame-cost run=704950670634 frame_id=1145 total_cpu_ns=17878746 render_cpu_ns=16558153 input_cpu_ns=1042040
K230_CARD_BENCH v=1 run=704950670634 event=submit input_id=37 frame_id=1145 t_ns=712418065933 update_cpu_ns=17878746 final=0
K230_CARD_BENCH v=1 run=704950670634 event=submit input_id=36 frame_id=1145 t_ns=712418065933 update_cpu_ns=17878746 final=0
K230_CARD_BENCH v=1 run=704950670634 event=submit input_id=35 frame_id=1145 t_ns=712418065933 update_cpu_ns=17878746 final=0
K230_CARD_BENCH v=1 run=704950670634 event=present frame_id=1144 t_ns=712393329000 presented=1 clock=monotonic
K230_CARD_BENCH v=1 run=704950670634 event=input input_id=37 gesture_id=30 kind=motion t_ns=712391072470 source=injected
K230_CARD_SHELL state mode=2 actions=1 message=0 cards=2
K230_CARD_BENCH v=1 run=704950670634 event=input input_id=36 gesture_id=30 kind=motion t_ns=712389579035 source=injected
K230_CARD_SHELL state mode=2 actions=1 message=0 cards=2
K230_CARD_BENCH v=1 run=704950670634 event=input input_id=35 gesture_id=30 kind=motion t_ns=712389113753 source=injected
K230_CARD_SHELL state mode=2 actions=1 message=0 cards=2
K230_CARD_SHELL frame-cost run=704950670634 frame_id=1144 total_cpu_ns=15188737 render_cpu_ns=14446662 input_cpu_ns=488962
K230_CARD_BENCH v=1 run=704950670634 event=submit input_id=34 frame_id=1144 t_ns=712381527172 update_cpu_ns=15188737 final=0
K230_CARD_BENCH v=1 run=704950670634 event=submit input_id=33 frame_id=1144 t_ns=712381527172 update_cpu_ns=15188737 final=0
K230_CARD_BENCH v=1 run=704950670634 event=present frame_id=1143 t_ns=712355008000 presented=1 clock=monotonic
K230_CARD_BENCH v=1 run=704950670634 event=input input_id=34 gesture_id=30 kind=motion t_ns=712354997695 source=injected
K230_CARD_SHELL state mode=2 actions=1 message=0 cards=2
K230_CARD_BENCH v=1 run=704950670634 event=input input_id=33 gesture_id=30 kind=motion t_ns=712354748629 source=injected
K230_CARD_SHELL state mode=2 actions=1 message=0 cards=2
K230_CARD_BENCH v=1 run=704950670634 event=present frame_id=1142 t_ns=712335846000 presented=1 clock=monotonic
K230_CARD_SHELL state mode=2 actions=1 message=0 cards=2
K230_CARD_BENCH v=1 run=704950670634 event=present frame_id=1141 t_ns=712297524000 presented=1 clock=monotonic
K230_CARD_BENCH v=1 run=704950670634 event=present frame_id=1140 t_ns=712278365000 presented=1 clock=monotonic
K230_CARD_BENCH v=1 run=704950670634 event=present frame_id=1139 t_ns=712240046000 presented=1 clock=monotonic
K230_CARD_BENCH v=1 run=704950670634 event=present frame_id=1138 t_ns=712220883000 presented=1 clock=monotonic
K230_CARD_BENCH v=1 run=704950670634 event=present frame_id=1137 t_ns=712182560000 presented=1 clock=monotonic
K230_CARD_BENCH v=1 run=704950670634 event=present frame_id=1136 t_ns=712163400000 presented=1 clock=monotonic
K230_CARD_BENCH v=1 run=704950670634 event=present frame_id=1135 t_ns=712125079000 presented=1 clock=monotonic
K230_CARD_BENCH v=1 run=704950670634 event=present frame_id=1134 t_ns=712105918000 presented=1 clock=monotonic
K230_CARD_BENCH v=1 run=704950670634 event=present frame_id=1133 t_ns=712067601000 presented=1 clock=monotonic
K230_CARD_BENCH v=1 run=704950670634 event=resource phase=active t_ns=712068183326 cpu_ns=24946229000 memory_bytes=27627520 scope=session
K230_CARD_BENCH v=1 run=704950670634 event=resource phase=active t_ns=712068183326 cpu_ns=14823157444 memory_bytes=34480128 scope=compositor
K230_CARD_SHELL frame-cost run=704950670634 frame_id=1133 total_cpu_ns=21923108 render_cpu_ns=15193073 input_cpu_ns=6585294
K230_CARD_BENCH v=1 run=704950670634 event=submit input_id=32 frame_id=1133 t_ns=712066076243 update_cpu_ns=21923108 final=1
K230_CARD_BENCH v=1 run=704950670634 event=present frame_id=1132 t_ns=712048437000 presented=1 clock=monotonic
K230_CARD_BENCH v=1 run=704950670634 event=input input_id=32 gesture_id=29 kind=release t_ns=712034127229 source=injected
K230_CARD_SHELL state mode=1 actions=1 message=0 cards=2
K230_CARD_BENCH v=1 run=704950670634 event=present frame_id=1131 t_ns=712010114000 presented=1 clock=monotonic
K230_CARD_BENCH v=1 run=704950670634 event=present frame_id=1130 t_ns=711990955000 presented=1 clock=monotonic
K230_CARD_BENCH v=1 run=704950670634 event=present frame_id=1129 t_ns=711952634000 presented=1 clock=monotonic
K230_CARD_BENCH v=1 run=704950670634 event=present frame_id=1128 t_ns=711933477000 presented=1 clock=monotonic
K230_CARD_BENCH v=1 run=704950670634 event=present frame_id=1127 t_ns=711895150000 presented=1 clock=monotonic
K230_CARD_BENCH v=1 run=704950670634 event=present frame_id=1126 t_ns=711875991000 presented=1 clock=monotonic
K230_CARD_BENCH v=1 run=704950670634 event=present frame_id=1125 t_ns=711837670000 presented=1 clock=monotonic
K230_CARD_BENCH v=1 run=704950670634 event=present frame_id=1124 t_ns=711818509000 presented=1 clock=monotonic
K230_CARD_BENCH v=1 run=704950670634 event=present frame_id=1123 t_ns=711780187000 presented=1 clock=monotonic
K230_CARD_BENCH v=1 run=704950670634 event=present frame_id=1122 t_ns=711761027000 presented=1 clock=monotonic
K230_CARD_BENCH v=1 run=704950670634 event=present frame_id=1121 t_ns=711722706000 presented=1 clock=monotonic
K230_CARD_BENCH v=1 run=704950670634 event=present frame_id=1120 t_ns=711703544000 presented=1 clock=monotonic
K230_CARD_BENCH v=1 run=704950670634 event=present frame_id=1119 t_ns=711665224000 presented=1 clock=monotonic
K230_CARD_SHELL frame-cost run=704950670634 frame_id=1119 total_cpu_ns=17053414 render_cpu_ns=14150750 input_cpu_ns=2758850
K230_CARD_BENCH v=1 run=704950670634 event=submit input_id=31 frame_id=1119 t_ns=711661498192 update_cpu_ns=17053414 final=1
K230_CARD_BENCH v=1 run=704950670634 event=present frame_id=1118 t_ns=711646064000 presented=1 clock=monotonic
K230_CARD_BENCH v=1 run=704950670634 event=input input_id=31 gesture_id=28 kind=release t_ns=711634415320 source=injected
K230_CARD_SHELL state mode=1 actions=1 message=0 cards=2
K230_CARD_BENCH v=1 run=704950670634 event=present frame_id=1117 t_ns=711588583000 presented=1 clock=monotonic
K230_CARD_BENCH v=1 run=704950670634 event=present frame_id=1116 t_ns=711550260000 presented=1 clock=monotonic
K230_CARD_BENCH v=1 run=704950670634 event=present frame_id=1115 t_ns=711492780000 presented=1 clock=monotonic
K230_CARD_BENCH v=1 run=704950670634 event=present frame_id=1114 t_ns=711435297000 presented=1 clock=monotonic
K230_CARD_BENCH v=1 run=704950670634 event=present frame_id=1113 t_ns=711377815000 presented=1 clock=monotonic
K230_CARD_BENCH v=1 run=704950670634 event=present frame_id=1112 t_ns=711320334000 presented=1 clock=monotonic
K230_CARD_BENCH v=1 run=704950670634 event=present frame_id=1111 t_ns=711262851000 presented=1 clock=monotonic
K230_CARD_BENCH v=1 run=704950670634 event=present frame_id=1110 t_ns=711205381000 presented=1 clock=monotonic
K230_CARD_BENCH v=1 run=704950670634 event=present frame_id=1109 t_ns=711147887000 presented=1 clock=monotonic
K230_CARD_BENCH v=1 run=704950670634 event=present frame_id=1108 t_ns=711109565000 presented=1 clock=monotonic
K230_CARD_BENCH v=1 run=704950670634 event=present frame_id=1107 t_ns=711052084000 presented=1 clock=monotonic
K230_CARD_BENCH v=1 run=704950670634 event=resource phase=active t_ns=711052296787 cpu_ns=24282798000 memory_bytes=27492352 scope=session
K230_CARD_BENCH v=1 run=704950670634 event=resource phase=active t_ns=711052296787 cpu_ns=14345411642 memory_bytes=34254848 scope=compositor
K230_CARD_BENCH v=1 run=704950670634 event=present frame_id=1106 t_ns=711013765000 presented=1 clock=monotonic
K230_CARD_BENCH v=1 run=704950670634 event=present frame_id=1105 t_ns=710975441000 presented=1 clock=monotonic
K230_CARD_BENCH v=1 run=704950670634 event=present frame_id=1104 t_ns=710937119000 presented=1 clock=monotonic
K230_CARD_BENCH v=1 run=704950670634 event=present frame_id=1103 t_ns=710898799000 presented=1 clock=monotonic
K230_CARD_BENCH v=1 run=704950670634 event=present frame_id=1102 t_ns=710860477000 presented=1 clock=monotonic
K230_CARD_BENCH v=1 run=704950670634 event=present frame_id=1101 t_ns=710822156000 presented=1 clock=monotonic
K230_CARD_BENCH v=1 run=704950670634 event=present frame_id=1100 t_ns=710783834000 presented=1 clock=monotonic
K230_CARD_BENCH v=1 run=704950670634 event=present frame_id=1099 t_ns=710745513000 presented=1 clock=monotonic
K230_CARD_BENCH v=1 run=704950670634 event=present frame_id=1098 t_ns=710707192000 presented=1 clock=monotonic
K230_CARD_BENCH v=1 run=704950670634 event=present frame_id=1097 t_ns=710668871000 presented=1 clock=monotonic
K230_CARD_SHELL live cards=2 commits=590 sampled=1164 frame-done=1166 output-presented=566
K230_CARD_BENCH v=1 run=704950670634 event=present frame_id=1096 t_ns=710630549000 presented=1 clock=monotonic
K230_CARD_BENCH v=1 run=704950670634 event=present frame_id=1095 t_ns=710592232000 presented=1 clock=monotonic
K230_CARD_BENCH v=1 run=704950670634 event=present frame_id=1094 t_ns=710553907000 presented=1 clock=monotonic
K230_CARD_BENCH v=1 run=704950670634 event=present frame_id=1093 t_ns=710515585000 presented=1 clock=monotonic
K230_CARD_BENCH v=1 run=704950670634 event=present frame_id=1092 t_ns=710477264000 presented=1 clock=monotonic
K230_CARD_BENCH v=1 run=704950670634 event=present frame_id=1091 t_ns=710438945000 presented=1 clock=monotonic
K230_CARD_BENCH v=1 run=704950670634 event=present frame_id=1090 t_ns=710400622000 presented=1 clock=monotonic
K230_CARD_BENCH v=1 run=704950670634 event=present frame_id=1089 t_ns=710362302000 presented=1 clock=monotonic
K230_CARD_BENCH v=1 run=704950670634 event=present frame_id=1088 t_ns=710323979000 presented=1 clock=monotonic
K230_CARD_BENCH v=1 run=704950670634 event=present frame_id=1087 t_ns=710285659000 presented=1 clock=monotonic
K230_CARD_BENCH v=1 run=704950670634 event=present frame_id=1086 t_ns=710247338000 presented=1 clock=monotonic
K230_CARD_BENCH v=1 run=704950670634 event=present frame_id=1085 t_ns=710209016000 presented=1 clock=monotonic
K230_CARD_BENCH v=1 run=704950670634 event=present frame_id=1084 t_ns=710170694000 presented=1 clock=monotonic
K230_CARD_SHELL frame-cost run=704950670634 frame_id=1084 total_cpu_ns=26089633 render_cpu_ns=21045668 input_cpu_ns=4318784
K230_CARD_BENCH v=1 run=704950670634 event=submit input_id=30 frame_id=1084 t_ns=710161359892 update_cpu_ns=26089633 final=0
K230_CARD_BENCH v=1 run=704950670634 event=submit input_id=29 frame_id=1084 t_ns=710161359892 update_cpu_ns=26089633 final=0
K230_CARD_BENCH v=1 run=704950670634 event=submit input_id=28 frame_id=1084 t_ns=710161359892 update_cpu_ns=26089633 final=0
K230_CARD_BENCH v=1 run=704950670634 event=submit input_id=27 frame_id=1084 t_ns=710161359892 update_cpu_ns=26089633 final=0
K230_CARD_BENCH v=1 run=704950670634 event=submit input_id=26 frame_id=1084 t_ns=710161359892 update_cpu_ns=26089633 final=0
K230_CARD_BENCH v=1 run=704950670634 event=submit input_id=25 frame_id=1084 t_ns=710161359892 update_cpu_ns=26089633 final=0
K230_CARD_BENCH v=1 run=704950670634 event=present frame_id=1083 t_ns=710094052000 presented=1 clock=monotonic
K230_CARD_BENCH v=1 run=704950670634 event=input input_id=30 gesture_id=28 kind=motion t_ns=710121240932 source=injected
K230_CARD_SHELL state mode=2 actions=1 message=0 cards=2
K230_CARD_BENCH v=1 run=704950670634 event=input input_id=29 gesture_id=28 kind=motion t_ns=710109304371 source=injected
K230_CARD_SHELL state mode=2 actions=1 message=0 cards=2
K230_CARD_BENCH v=1 run=704950670634 event=input input_id=28 gesture_id=28 kind=motion t_ns=710106914073 source=injected
K230_CARD_SHELL state mode=2 actions=1 message=0 cards=2
K230_CARD_BENCH v=1 run=704950670634 event=input input_id=27 gesture_id=28 kind=motion t_ns=710103483178 source=injected
K230_CARD_SHELL state mode=2 actions=1 message=0 cards=2
K230_CARD_BENCH v=1 run=704950670634 event=input input_id=26 gesture_id=28 kind=motion t_ns=710096250177 source=injected
K230_CARD_SHELL state mode=2 actions=1 message=0 cards=2
K230_CARD_BENCH v=1 run=704950670634 event=input input_id=25 gesture_id=28 kind=motion t_ns=710094143538 source=injected
K230_CARD_SHELL state mode=2 actions=1 message=0 cards=2
K230_CARD_SHELL frame-cost run=704950670634 frame_id=1083 total_cpu_ns=24355498 render_cpu_ns=20142866 input_cpu_ns=3151409
K230_CARD_BENCH v=1 run=704950670634 event=submit input_id=24 frame_id=1083 t_ns=710080643987 update_cpu_ns=24355498 final=0
K230_CARD_BENCH v=1 run=704950670634 event=submit input_id=23 frame_id=1083 t_ns=710080643987 update_cpu_ns=24355498 final=0
K230_CARD_BENCH v=1 run=704950670634 event=submit input_id=22 frame_id=1083 t_ns=710080643987 update_cpu_ns=24355498 final=0
K230_CARD_BENCH v=1 run=704950670634 event=submit input_id=21 frame_id=1083 t_ns=710080643987 update_cpu_ns=24355498 final=0
K230_CARD_BENCH v=1 run=704950670634 event=submit input_id=20 frame_id=1083 t_ns=710080643987 update_cpu_ns=24355498 final=0
K230_CARD_BENCH v=1 run=704950670634 event=present frame_id=1082 t_ns=710036569000 presented=1 clock=monotonic
K230_CARD_BENCH v=1 run=704950670634 event=input input_id=24 gesture_id=28 kind=motion t_ns=710046118338 source=injected
K230_CARD_SHELL state mode=2 actions=1 message=0 cards=2
K230_CARD_BENCH v=1 run=704950670634 event=input input_id=23 gesture_id=28 kind=motion t_ns=710041814432 source=injected
K230_CARD_SHELL state mode=2 actions=1 message=0 cards=2
K230_CARD_BENCH v=1 run=704950670634 event=input input_id=22 gesture_id=28 kind=motion t_ns=710037426973 source=injected
K230_CARD_SHELL state mode=2 actions=1 message=0 cards=2
K230_CARD_BENCH v=1 run=704950670634 event=input input_id=21 gesture_id=28 kind=motion t_ns=710034042299 source=injected
K230_CARD_SHELL state mode=2 actions=1 message=0 cards=2
K230_CARD_BENCH v=1 run=704950670634 event=input input_id=20 gesture_id=28 kind=motion t_ns=710032086025 source=injected
K230_CARD_SHELL state mode=2 actions=1 message=0 cards=2
K230_CARD_BENCH v=1 run=704950670634 event=resource phase=active t_ns=710027080845 cpu_ns=23495053000 memory_bytes=27492352 scope=session
K230_CARD_BENCH v=1 run=704950670634 event=resource phase=active t_ns=710027080845 cpu_ns=13804744159 memory_bytes=34254848 scope=compositor
K230_CARD_SHELL frame-cost run=704950670634 frame_id=1082 total_cpu_ns=21285446 render_cpu_ns=18494928 input_cpu_ns=2447185
K230_CARD_BENCH v=1 run=704950670634 event=submit input_id=19 frame_id=1082 t_ns=710024959984 update_cpu_ns=21285446 final=0
K230_CARD_BENCH v=1 run=704950670634 event=submit input_id=18 frame_id=1082 t_ns=710024959984 update_cpu_ns=21285446 final=0
K230_CARD_BENCH v=1 run=704950670634 event=submit input_id=17 frame_id=1082 t_ns=710024959984 update_cpu_ns=21285446 final=0
K230_CARD_BENCH v=1 run=704950670634 event=submit input_id=16 frame_id=1082 t_ns=710024959984 update_cpu_ns=21285446 final=0
K230_CARD_BENCH v=1 run=704950670634 event=submit input_id=15 frame_id=1082 t_ns=710024959984 update_cpu_ns=21285446 final=0
K230_CARD_BENCH v=1 run=704950670634 event=present frame_id=1081 t_ns=709979089000 presented=1 clock=monotonic
K230_CARD_BENCH v=1 run=704950670634 event=input input_id=19 gesture_id=28 kind=motion t_ns=709990203264 source=injected
K230_CARD_SHELL state mode=2 actions=1 message=0 cards=2
K230_CARD_BENCH v=1 run=704950670634 event=input input_id=18 gesture_id=28 kind=motion t_ns=709988590387 source=injected
K230_CARD_SHELL state mode=2 actions=1 message=0 cards=2
K230_CARD_BENCH v=1 run=704950670634 event=input input_id=17 gesture_id=28 kind=motion t_ns=709981585378 source=injected
K230_CARD_SHELL state mode=2 actions=1 message=0 cards=2
K230_CARD_BENCH v=1 run=704950670634 event=input input_id=16 gesture_id=28 kind=motion t_ns=709978171592 source=injected
K230_CARD_SHELL state mode=2 actions=1 message=0 cards=2
K230_CARD_BENCH v=1 run=704950670634 event=input input_id=15 gesture_id=28 kind=motion t_ns=709977653349 source=injected
K230_CARD_SHELL state mode=2 actions=1 message=0 cards=2
K230_CARD_SHELL frame-cost run=704950670634 frame_id=1081 total_cpu_ns=17939661 render_cpu_ns=16340215 input_cpu_ns=1316297
K230_CARD_BENCH v=1 run=704950670634 event=submit input_id=14 frame_id=1081 t_ns=709971491055 update_cpu_ns=17939661 final=0
K230_CARD_BENCH v=1 run=704950670634 event=submit input_id=13 frame_id=1081 t_ns=709971491055 update_cpu_ns=17939661 final=0
K230_CARD_BENCH v=1 run=704950670634 event=submit input_id=12 frame_id=1081 t_ns=709971491055 update_cpu_ns=17939661 final=0
K230_CARD_BENCH v=1 run=704950670634 event=submit input_id=11 frame_id=1081 t_ns=709971491055 update_cpu_ns=17939661 final=0
K230_CARD_BENCH v=1 run=704950670634 event=present frame_id=1080 t_ns=709940767000 presented=1 clock=monotonic
K230_CARD_BENCH v=1 run=704950670634 event=input input_id=14 gesture_id=28 kind=motion t_ns=709938368838 source=injected
K230_CARD_SHELL state mode=2 actions=1 message=0 cards=2
K230_CARD_BENCH v=1 run=704950670634 event=input input_id=13 gesture_id=28 kind=motion t_ns=709932772638 source=injected
K230_CARD_SHELL state mode=2 actions=1 message=0 cards=2
K230_CARD_BENCH v=1 run=704950670634 event=input input_id=12 gesture_id=28 kind=motion t_ns=709929939094 source=injected
K230_CARD_SHELL state mode=2 actions=1 message=0 cards=2
K230_CARD_BENCH v=1 run=704950670634 event=input input_id=11 gesture_id=28 kind=motion t_ns=709928453251 source=injected
K230_CARD_SHELL state mode=2 actions=1 message=0 cards=2
K230_CARD_BENCH v=1 run=704950670634 event=present frame_id=1079 t_ns=709902445000 presented=1 clock=monotonic
K230_CARD_SHELL state mode=2 actions=1 message=0 cards=2
K230_CARD_BENCH v=1 run=704950670634 event=present frame_id=1078 t_ns=709864123000 presented=1 clock=monotonic
K230_CARD_BENCH v=1 run=704950670634 event=present frame_id=1077 t_ns=709844962000 presented=1 clock=monotonic
K230_CARD_BENCH v=1 run=704950670634 event=present frame_id=1076 t_ns=709806640000 presented=1 clock=monotonic
K230_CARD_BENCH v=1 run=704950670634 event=present frame_id=1075 t_ns=709787480000 presented=1 clock=monotonic
K230_CARD_BENCH v=1 run=704950670634 event=present frame_id=1074 t_ns=709749158000 presented=1 clock=monotonic
K230_CARD_BENCH v=1 run=704950670634 event=present frame_id=1073 t_ns=709729998000 presented=1 clock=monotonic
K230_CARD_BENCH v=1 run=704950670634 event=present frame_id=1072 t_ns=709691676000 presented=1 clock=monotonic
K230_CARD_BENCH v=1 run=704950670634 event=present frame_id=1071 t_ns=709672517000 presented=1 clock=monotonic
K230_CARD_BENCH v=1 run=704950670634 event=present frame_id=1070 t_ns=709634195000 presented=1 clock=monotonic
K230_CARD_BENCH v=1 run=704950670634 event=present frame_id=1069 t_ns=709615035000 presented=1 clock=monotonic
K230_CARD_BENCH v=1 run=704950670634 event=present frame_id=1068 t_ns=709576714000 presented=1 clock=monotonic
K230_CARD_BENCH v=1 run=704950670634 event=present frame_id=1067 t_ns=709557552000 presented=1 clock=monotonic
K230_CARD_BENCH v=1 run=704950670634 event=present frame_id=1066 t_ns=709519230000 presented=1 clock=monotonic
K230_CARD_BENCH v=1 run=704950670634 event=present frame_id=1065 t_ns=709500071000 presented=1 clock=monotonic
K230_CARD_BENCH v=1 run=704950670634 event=present frame_id=1064 t_ns=709461750000 presented=1 clock=monotonic
K230_CARD_BENCH v=1 run=704950670634 event=present frame_id=1063 t_ns=709442589000 presented=1 clock=monotonic
K230_CARD_BENCH v=1 run=704950670634 event=present frame_id=1062 t_ns=709404270000 presented=1 clock=monotonic
K230_CARD_BENCH v=1 run=704950670634 event=present frame_id=1061 t_ns=709385107000 presented=1 clock=monotonic
K230_CARD_BENCH v=1 run=704950670634 event=present frame_id=1060 t_ns=709346784000 presented=1 clock=monotonic
K230_CARD_BENCH v=1 run=704950670634 event=present frame_id=1059 t_ns=709327625000 presented=1 clock=monotonic
K230_CARD_BENCH v=1 run=704950670634 event=present frame_id=1058 t_ns=709289303000 presented=1 clock=monotonic
K230_CARD_BENCH v=1 run=704950670634 event=present frame_id=1057 t_ns=709270143000 presented=1 clock=monotonic
K230_CARD_BENCH v=1 run=704950670634 event=present frame_id=1056 t_ns=709231821000 presented=1 clock=monotonic
K230_CARD_BENCH v=1 run=704950670634 event=present frame_id=1055 t_ns=709212661000 presented=1 clock=monotonic
K230_CARD_BENCH v=1 run=704950670634 event=present frame_id=1054 t_ns=709174338000 presented=1 clock=monotonic
K230_CARD_BENCH v=1 run=704950670634 event=present frame_id=1053 t_ns=709155179000 presented=1 clock=monotonic
K230_CARD_BENCH v=1 run=704950670634 event=present frame_id=1052 t_ns=709116858000 presented=1 clock=monotonic
K230_CARD_BENCH v=1 run=704950670634 event=present frame_id=1051 t_ns=709097697000 presented=1 clock=monotonic
K230_CARD_BENCH v=1 run=704950670634 event=present frame_id=1050 t_ns=709059375000 presented=1 clock=monotonic
K230_CARD_BENCH v=1 run=704950670634 event=present frame_id=1049 t_ns=709040215000 presented=1 clock=monotonic
K230_CARD_BENCH v=1 run=704950670634 event=present frame_id=1048 t_ns=709001893000 presented=1 clock=monotonic
K230_CARD_BENCH v=1 run=704950670634 event=resource phase=active t_ns=708999551500 cpu_ns=22802501000 memory_bytes=27492352 scope=session
K230_CARD_BENCH v=1 run=704950670634 event=resource phase=active t_ns=708999551500 cpu_ns=13290247685 memory_bytes=34254848 scope=compositor
K230_CARD_BENCH v=1 run=704950670634 event=present frame_id=1047 t_ns=708982734000 presented=1 clock=monotonic
K230_CARD_BENCH v=1 run=704950670634 event=present frame_id=1046 t_ns=708944413000 presented=1 clock=monotonic
K230_CARD_BENCH v=1 run=704950670634 event=present frame_id=1045 t_ns=708925251000 presented=1 clock=monotonic
K230_CARD_BENCH v=1 run=704950670634 event=present frame_id=1044 t_ns=708886929000 presented=1 clock=monotonic
K230_CARD_BENCH v=1 run=704950670634 event=present frame_id=1043 t_ns=708867769000 presented=1 clock=monotonic
K230_CARD_BENCH v=1 run=704950670634 event=present frame_id=1042 t_ns=708829447000 presented=1 clock=monotonic
K230_CARD_BENCH v=1 run=704950670634 event=present frame_id=1041 t_ns=708810287000 presented=1 clock=monotonic
K230_CARD_BENCH v=1 run=704950670634 event=present frame_id=1040 t_ns=708771964000 presented=1 clock=monotonic
K230_CARD_BENCH v=1 run=704950670634 event=present frame_id=1039 t_ns=708752805000 presented=1 clock=monotonic
K230_CARD_SHELL live cards=2 commits=514 sampled=1014 frame-done=1016 output-presented=508
K230_CARD_BENCH v=1 run=704950670634 event=present frame_id=1038 t_ns=708714483000 presented=1 clock=monotonic
K230_CARD_BENCH v=1 run=704950670634 event=present frame_id=1037 t_ns=708695323000 presented=1 clock=monotonic
K230_CARD_BENCH v=1 run=704950670634 event=present frame_id=1036 t_ns=708657001000 presented=1 clock=monotonic
K230_CARD_BENCH v=1 run=704950670634 event=present frame_id=1035 t_ns=708637841000 presented=1 clock=monotonic
K230_CARD_BENCH v=1 run=704950670634 event=present frame_id=1034 t_ns=708599520000 presented=1 clock=monotonic
K230_CARD_BENCH v=1 run=704950670634 event=present frame_id=1033 t_ns=708580360000 presented=1 clock=monotonic
K230_CARD_BENCH v=1 run=704950670634 event=present frame_id=1032 t_ns=708542038000 presented=1 clock=monotonic
K230_CARD_BENCH v=1 run=704950670634 event=present frame_id=1031 t_ns=708522878000 presented=1 clock=monotonic
K230_CARD_BENCH v=1 run=704950670634 event=present frame_id=1030 t_ns=708484557000 presented=1 clock=monotonic
K230_CARD_BENCH v=1 run=704950670634 event=present frame_id=1029 t_ns=708465394000 presented=1 clock=monotonic
K230_CARD_BENCH v=1 run=704950670634 event=present frame_id=1028 t_ns=708427075000 presented=1 clock=monotonic
K230_CARD_SHELL frame-cost run=704950670634 frame_id=1028 total_cpu_ns=14206520 render_cpu_ns=13978074 input_cpu_ns=15778
K230_CARD_BENCH v=1 run=704950670634 event=submit input_id=10 frame_id=1028 t_ns=708423330831 update_cpu_ns=14206520 final=1
K230_CARD_BENCH v=1 run=704950670634 event=submit input_id=9 frame_id=1028 t_ns=708423330831 update_cpu_ns=14206520 final=0
K230_CARD_BENCH v=1 run=704950670634 event=submit input_id=8 frame_id=1028 t_ns=708423330831 update_cpu_ns=14206520 final=0
K230_CARD_BENCH v=1 run=704950670634 event=present frame_id=1027 t_ns=708407914000 presented=1 clock=monotonic
K230_CARD_BENCH v=1 run=704950670634 event=input input_id=10 gesture_id=27 kind=release t_ns=708401658300 source=injected
K230_CARD_BENCH v=1 run=704950670634 event=input input_id=9 gesture_id=27 kind=motion t_ns=708400720513 source=injected
K230_CARD_BENCH v=1 run=704950670634 event=input input_id=8 gesture_id=27 kind=motion t_ns=708399601029 source=injected
K230_CARD_BENCH v=1 run=704950670634 event=present frame_id=1026 t_ns=708369596000 presented=1 clock=monotonic
K230_CARD_SHELL frame-cost run=704950670634 frame_id=1026 total_cpu_ns=15681771 render_cpu_ns=15444881 input_cpu_ns=17112
K230_CARD_BENCH v=1 run=704950670634 event=submit input_id=7 frame_id=1026 t_ns=708368799959 update_cpu_ns=15681771 final=0
K230_CARD_BENCH v=1 run=704950670634 event=submit input_id=6 frame_id=1026 t_ns=708368799959 update_cpu_ns=15681771 final=0
K230_CARD_BENCH v=1 run=704950670634 event=submit input_id=5 frame_id=1026 t_ns=708368799959 update_cpu_ns=15681771 final=0
K230_CARD_BENCH v=1 run=704950670634 event=submit input_id=4 frame_id=1026 t_ns=708368799959 update_cpu_ns=15681771 final=0
K230_CARD_BENCH v=1 run=704950670634 event=present frame_id=1025 t_ns=708350432000 presented=1 clock=monotonic
K230_CARD_BENCH v=1 run=704950670634 event=input input_id=7 gesture_id=27 kind=motion t_ns=708345565142 source=injected
K230_CARD_BENCH v=1 run=704950670634 event=input input_id=6 gesture_id=27 kind=motion t_ns=708337062103 source=injected
K230_CARD_BENCH v=1 run=704950670634 event=input input_id=5 gesture_id=27 kind=motion t_ns=708336526601 source=injected
K230_CARD_BENCH v=1 run=704950670634 event=input input_id=4 gesture_id=27 kind=motion t_ns=708336391605 source=injected
K230_CARD_SHELL frame-cost run=704950670634 frame_id=1025 total_cpu_ns=23689679 render_cpu_ns=15224943 input_cpu_ns=8237700
K230_CARD_BENCH v=1 run=704950670634 event=submit input_id=3 frame_id=1025 t_ns=708331387867 update_cpu_ns=23689679 final=0
K230_CARD_BENCH v=1 run=704950670634 event=submit input_id=2 frame_id=1025 t_ns=708331387867 update_cpu_ns=23689679 final=0
K230_CARD_BENCH v=1 run=704950670634 event=submit input_id=1 frame_id=1025 t_ns=708331387867 update_cpu_ns=23689679 final=0
K230_CARD_BENCH v=1 run=704950670634 event=present frame_id=1024 t_ns=708292952000 presented=1 clock=monotonic
K230_CARD_BENCH v=1 run=704950670634 event=input input_id=3 gesture_id=27 kind=motion t_ns=708313127307 source=injected
K230_CARD_BENCH v=1 run=704950670634 event=input input_id=2 gesture_id=27 kind=motion t_ns=708312094339 source=injected
K230_CARD_BENCH v=1 run=704950670634 event=input input_id=1 gesture_id=27 kind=motion t_ns=708292219124 source=injected
K230_CARD_SHELL state mode=1 actions=35 message=0 cards=2
K230_CARD_SHELL mirror id=9 format=34325258 width=128 height=96 stride=512
K230_CARD_SHELL mirror id=9 format=34325258 width=520 height=1040 stride=2080
K230_CARD_SHELL mirror id=7 format=34325258 width=128 height=96 stride=512
K230_CARD_SHELL mirror id=7 format=34325258 width=520 height=1040 stride=2080
K230_CARD_BENCH v=1 run=704950670634 event=session t_ns=708292219124 clock=monotonic backend=drm renderer=pixman width=568 height=1232 output_format=RGB565 input=injected cards=2
K230_CARD_BENCH v=1 run=704950670634 event=present frame_id=1023 t_ns=708273789000 presented=1 clock=monotonic
K230_CARD_BENCH v=1 run=704950670634 event=present frame_id=1022 t_ns=708254629000 presented=1 clock=monotonic
K230_CARD_BENCH v=1 run=704950670634 event=present frame_id=1021 t_ns=708216308000 presented=1 clock=monotonic
K230_CARD_BENCH v=1 run=704950670634 event=present frame_id=1020 t_ns=708197147000 presented=1 clock=monotonic
K230_CARD_BENCH v=1 run=704950670634 event=present frame_id=1019 t_ns=708177986000 presented=1 clock=monotonic
K230_CARD_BENCH v=1 run=704950670634 event=present frame_id=1018 t_ns=708158828000 presented=1 clock=monotonic
K230_CARD_BENCH v=1 run=704950670634 event=present frame_id=1017 t_ns=708120504000 presented=1 clock=monotonic
K230_CARD_BENCH v=1 run=704950670634 event=present frame_id=1016 t_ns=708101344000 presented=1 clock=monotonic
K230_CARD_BENCH v=1 run=704950670634 event=present frame_id=1015 t_ns=708082183000 presented=1 clock=monotonic
K230_CARD_BENCH v=1 run=704950670634 event=present frame_id=1014 t_ns=708063022000 presented=1 clock=monotonic
K230_CARD_BENCH v=1 run=704950670634 event=present frame_id=1013 t_ns=708043862000 presented=1 clock=monotonic
K230_CARD_BENCH v=1 run=704950670634 event=present frame_id=1012 t_ns=708024701000 presented=1 clock=monotonic
K230_CARD_BENCH v=1 run=704950670634 event=present frame_id=1011 t_ns=708005538000 presented=1 clock=monotonic
K230_CARD_BENCH v=1 run=704950670634 event=present frame_id=1010 t_ns=707986380000 presented=1 clock=monotonic
K230_CARD_BENCH v=1 run=704950670634 event=resource phase=baseline t_ns=707972165599 cpu_ns=22041397000 memory_bytes=27246592 scope=session
K230_CARD_BENCH v=1 run=704950670634 event=resource phase=baseline t_ns=707972165599 cpu_ns=12791589097 memory_bytes=34123776 scope=compositor
K230_CARD_BENCH v=1 run=704950670634 event=present frame_id=1009 t_ns=707948070000 presented=1 clock=monotonic
K230_CARD_BENCH v=1 run=704950670634 event=present frame_id=1008 t_ns=707928897000 presented=1 clock=monotonic
K230_CARD_BENCH v=1 run=704950670634 event=present frame_id=1007 t_ns=707909737000 presented=1 clock=monotonic
K230_CARD_BENCH v=1 run=704950670634 event=present frame_id=1006 t_ns=707890576000 presented=1 clock=monotonic
K230_CARD_BENCH v=1 run=704950670634 event=present frame_id=1005 t_ns=707871416000 presented=1 clock=monotonic
K230_CARD_BENCH v=1 run=704950670634 event=present frame_id=1004 t_ns=707852255000 presented=1 clock=monotonic
K230_CARD_BENCH v=1 run=704950670634 event=present frame_id=1003 t_ns=707833093000 presented=1 clock=monotonic
K230_CARD_BENCH v=1 run=704950670634 event=present frame_id=1002 t_ns=707813934000 presented=1 clock=monotonic
K230_CARD_BENCH v=1 run=704950670634 event=present frame_id=1001 t_ns=707775612000 presented=1 clock=monotonic
K230_CARD_BENCH v=1 run=704950670634 event=present frame_id=1000 t_ns=707756451000 presented=1 clock=monotonic
K230_CARD_BENCH v=1 run=704950670634 event=present frame_id=999 t_ns=707737291000 presented=1 clock=monotonic
K230_CARD_BENCH v=1 run=704950670634 event=present frame_id=998 t_ns=707718130000 presented=1 clock=monotonic
K230_CARD_BENCH v=1 run=704950670634 event=present frame_id=997 t_ns=707698970000 presented=1 clock=monotonic
K230_CARD_BENCH v=1 run=704950670634 event=present frame_id=996 t_ns=707679809000 presented=1 clock=monotonic
K230_CARD_BENCH v=1 run=704950670634 event=present frame_id=995 t_ns=707641486000 presented=1 clock=monotonic
K230_CARD_BENCH v=1 run=704950670634 event=present frame_id=994 t_ns=707622327000 presented=1 clock=monotonic
K230_CARD_BENCH v=1 run=704950670634 event=present frame_id=993 t_ns=707603166000 presented=1 clock=monotonic
K230_CARD_BENCH v=1 run=704950670634 event=present frame_id=992 t_ns=707584006000 presented=1 clock=monotonic
K230_CARD_BENCH v=1 run=704950670634 event=present frame_id=991 t_ns=707564845000 presented=1 clock=monotonic
K230_CARD_BENCH v=1 run=704950670634 event=present frame_id=990 t_ns=707545684000 presented=1 clock=monotonic
K230_CARD_BENCH v=1 run=704950670634 event=present frame_id=989 t_ns=707526522000 presented=1 clock=monotonic
K230_CARD_BENCH v=1 run=704950670634 event=present frame_id=988 t_ns=707507364000 presented=1 clock=monotonic
K230_CARD_BENCH v=1 run=704950670634 event=present frame_id=987 t_ns=707469041000 presented=1 clock=monotonic
K230_CARD_BENCH v=1 run=704950670634 event=present frame_id=986 t_ns=707449881000 presented=1 clock=monotonic
K230_CARD_BENCH v=1 run=704950670634 event=present frame_id=985 t_ns=707430719000 presented=1 clock=monotonic
K230_CARD_BENCH v=1 run=704950670634 event=present frame_id=984 t_ns=707411560000 presented=1 clock=monotonic
K230_CARD_BENCH v=1 run=704950670634 event=present frame_id=983 t_ns=707392399000 presented=1 clock=monotonic
K230_CARD_BENCH v=1 run=704950670634 event=present frame_id=982 t_ns=707373239000 presented=1 clock=monotonic
K230_CARD_BENCH v=1 run=704950670634 event=present frame_id=981 t_ns=707354077000 presented=1 clock=monotonic
K230_CARD_BENCH v=1 run=704950670634 event=present frame_id=980 t_ns=707334917000 presented=1 clock=monotonic
K230_CARD_BENCH v=1 run=704950670634 event=present frame_id=979 t_ns=707296596000 presented=1 clock=monotonic
K230_CARD_BENCH v=1 run=704950670634 event=present frame_id=978 t_ns=707277435000 presented=1 clock=monotonic
K230_CARD_BENCH v=1 run=704950670634 event=present frame_id=977 t_ns=707258274000 presented=1 clock=monotonic
K230_CARD_BENCH v=1 run=704950670634 event=present frame_id=976 t_ns=707239114000 presented=1 clock=monotonic
K230_CARD_BENCH v=1 run=704950670634 event=present frame_id=975 t_ns=707219953000 presented=1 clock=monotonic
K230_CARD_BENCH v=1 run=704950670634 event=present frame_id=974 t_ns=707200793000 presented=1 clock=monotonic
K230_CARD_BENCH v=1 run=704950670634 event=present frame_id=973 t_ns=707181632000 presented=1 clock=monotonic
K230_CARD_BENCH v=1 run=704950670634 event=present frame_id=972 t_ns=707162471000 presented=1 clock=monotonic
K230_CARD_BENCH v=1 run=704950670634 event=present frame_id=971 t_ns=707124149000 presented=1 clock=monotonic
K230_CARD_BENCH v=1 run=704950670634 event=present frame_id=970 t_ns=707104989000 presented=1 clock=monotonic
K230_CARD_BENCH v=1 run=704950670634 event=present frame_id=969 t_ns=707085829000 presented=1 clock=monotonic
K230_CARD_BENCH v=1 run=704950670634 event=present frame_id=968 t_ns=707066668000 presented=1 clock=monotonic
K230_CARD_BENCH v=1 run=704950670634 event=present frame_id=967 t_ns=707047507000 presented=1 clock=monotonic
K230_CARD_BENCH v=1 run=704950670634 event=present frame_id=966 t_ns=707028346000 presented=1 clock=monotonic
K230_CARD_BENCH v=1 run=704950670634 event=present frame_id=965 t_ns=707009186000 presented=1 clock=monotonic
K230_CARD_BENCH v=1 run=704950670634 event=present frame_id=964 t_ns=706990025000 presented=1 clock=monotonic
K230_CARD_BENCH v=1 run=704950670634 event=present frame_id=963 t_ns=706951704000 presented=1 clock=monotonic
K230_CARD_BENCH v=1 run=704950670634 event=resource phase=baseline t_ns=706956136251 cpu_ns=21155836000 memory_bytes=27246592 scope=session
K230_CARD_BENCH v=1 run=704950670634 event=resource phase=baseline t_ns=706956136251 cpu_ns=12358042291 memory_bytes=34123776 scope=compositor
K230_CARD_BENCH v=1 run=704950670634 event=present frame_id=962 t_ns=706932543000 presented=1 clock=monotonic
K230_CARD_BENCH v=1 run=704950670634 event=present frame_id=961 t_ns=706913382000 presented=1 clock=monotonic
K230_CARD_BENCH v=1 run=704950670634 event=present frame_id=960 t_ns=706894222000 presented=1 clock=monotonic
K230_CARD_BENCH v=1 run=704950670634 event=present frame_id=959 t_ns=706875062000 presented=1 clock=monotonic
K230_CARD_BENCH v=1 run=704950670634 event=present frame_id=958 t_ns=706836740000 presented=1 clock=monotonic
K230_CARD_BENCH v=1 run=704950670634 event=present frame_id=957 t_ns=706817579000 presented=1 clock=monotonic
K230_CARD_BENCH v=1 run=704950670634 event=present frame_id=956 t_ns=706798417000 presented=1 clock=monotonic
K230_CARD_BENCH v=1 run=704950670634 event=present frame_id=955 t_ns=706779258000 presented=1 clock=monotonic
K230_CARD_BENCH v=1 run=704950670634 event=present frame_id=954 t_ns=706760098000 presented=1 clock=monotonic
K230_CARD_BENCH v=1 run=704950670634 event=present frame_id=953 t_ns=706740937000 presented=1 clock=monotonic
K230_CARD_BENCH v=1 run=704950670634 event=present frame_id=952 t_ns=706721776000 presented=1 clock=monotonic
K230_CARD_BENCH v=1 run=704950670634 event=present frame_id=951 t_ns=706683457000 presented=1 clock=monotonic
K230_CARD_BENCH v=1 run=704950670634 event=present frame_id=950 t_ns=706664294000 presented=1 clock=monotonic
K230_CARD_BENCH v=1 run=704950670634 event=present frame_id=949 t_ns=706645133000 presented=1 clock=monotonic
K230_CARD_BENCH v=1 run=704950670634 event=present frame_id=948 t_ns=706625973000 presented=1 clock=monotonic
K230_CARD_BENCH v=1 run=704950670634 event=present frame_id=947 t_ns=706606812000 presented=1 clock=monotonic
K230_CARD_BENCH v=1 run=704950670634 event=present frame_id=946 t_ns=706587651000 presented=1 clock=monotonic
K230_CARD_BENCH v=1 run=704950670634 event=present frame_id=945 t_ns=706568489000 presented=1 clock=monotonic
K230_CARD_BENCH v=1 run=704950670634 event=present frame_id=944 t_ns=706549330000 presented=1 clock=monotonic
K230_CARD_BENCH v=1 run=704950670634 event=present frame_id=943 t_ns=706511010000 presented=1 clock=monotonic
K230_CARD_BENCH v=1 run=704950670634 event=present frame_id=942 t_ns=706491848000 presented=1 clock=monotonic
K230_CARD_BENCH v=1 run=704950670634 event=present frame_id=941 t_ns=706472687000 presented=1 clock=monotonic
K230_CARD_BENCH v=1 run=704950670634 event=present frame_id=940 t_ns=706453527000 presented=1 clock=monotonic
K230_CARD_BENCH v=1 run=704950670634 event=present frame_id=939 t_ns=706434367000 presented=1 clock=monotonic
K230_CARD_BENCH v=1 run=704950670634 event=present frame_id=938 t_ns=706415206000 presented=1 clock=monotonic
K230_CARD_BENCH v=1 run=704950670634 event=present frame_id=937 t_ns=706396044000 presented=1 clock=monotonic
K230_CARD_BENCH v=1 run=704950670634 event=present frame_id=936 t_ns=706376884000 presented=1 clock=monotonic
K230_CARD_BENCH v=1 run=704950670634 event=present frame_id=935 t_ns=706338561000 presented=1 clock=monotonic
K230_CARD_BENCH v=1 run=704950670634 event=present frame_id=934 t_ns=706319402000 presented=1 clock=monotonic
K230_CARD_BENCH v=1 run=704950670634 event=present frame_id=933 t_ns=706300243000 presented=1 clock=monotonic
K230_CARD_BENCH v=1 run=704950670634 event=present frame_id=932 t_ns=706281080000 presented=1 clock=monotonic
K230_CARD_BENCH v=1 run=704950670634 event=present frame_id=931 t_ns=706261920000 presented=1 clock=monotonic
K230_CARD_BENCH v=1 run=704950670634 event=present frame_id=930 t_ns=706242760000 presented=1 clock=monotonic
K230_CARD_BENCH v=1 run=704950670634 event=present frame_id=929 t_ns=706223598000 presented=1 clock=monotonic
K230_CARD_BENCH v=1 run=704950670634 event=present frame_id=928 t_ns=706204439000 presented=1 clock=monotonic
K230_CARD_BENCH v=1 run=704950670634 event=present frame_id=927 t_ns=706166117000 presented=1 clock=monotonic
K230_CARD_BENCH v=1 run=704950670634 event=present frame_id=926 t_ns=706146954000 presented=1 clock=monotonic
K230_CARD_BENCH v=1 run=704950670634 event=present frame_id=925 t_ns=706127795000 presented=1 clock=monotonic
K230_CARD_BENCH v=1 run=704950670634 event=present frame_id=924 t_ns=706108635000 presented=1 clock=monotonic
K230_CARD_BENCH v=1 run=704950670634 event=present frame_id=923 t_ns=706089474000 presented=1 clock=monotonic
K230_CARD_BENCH v=1 run=704950670634 event=present frame_id=922 t_ns=706070314000 presented=1 clock=monotonic
K230_CARD_BENCH v=1 run=704950670634 event=present frame_id=921 t_ns=706051152000 presented=1 clock=monotonic
K230_CARD_BENCH v=1 run=704950670634 event=present frame_id=920 t_ns=706012831000 presented=1 clock=monotonic
K230_CARD_BENCH v=1 run=704950670634 event=present frame_id=919 t_ns=705993671000 presented=1 clock=monotonic
K230_CARD_BENCH v=1 run=704950670634 event=present frame_id=918 t_ns=705974510000 presented=1 clock=monotonic
K230_CARD_BENCH v=1 run=704950670634 event=present frame_id=917 t_ns=705955350000 presented=1 clock=monotonic
K230_CARD_BENCH v=1 run=704950670634 event=resource phase=baseline t_ns=705955546413 cpu_ns=20284405000 memory_bytes=27246592 scope=session
K230_CARD_BENCH v=1 run=704950670634 event=resource phase=baseline t_ns=705955546413 cpu_ns=11933136919 memory_bytes=34123776 scope=compositor
K230_CARD_BENCH v=1 run=704950670634 event=present frame_id=916 t_ns=705936189000 presented=1 clock=monotonic
K230_CARD_BENCH v=1 run=704950670634 event=present frame_id=915 t_ns=705917028000 presented=1 clock=monotonic
K230_CARD_BENCH v=1 run=704950670634 event=present frame_id=914 t_ns=705897868000 presented=1 clock=monotonic
K230_CARD_BENCH v=1 run=704950670634 event=present frame_id=913 t_ns=705859546000 presented=1 clock=monotonic
K230_CARD_BENCH v=1 run=704950670634 event=present frame_id=912 t_ns=705840385000 presented=1 clock=monotonic
K230_CARD_BENCH v=1 run=704950670634 event=present frame_id=911 t_ns=705821225000 presented=1 clock=monotonic
K230_CARD_BENCH v=1 run=704950670634 event=present frame_id=910 t_ns=705802065000 presented=1 clock=monotonic
K230_CARD_BENCH v=1 run=704950670634 event=present frame_id=909 t_ns=705782903000 presented=1 clock=monotonic
K230_CARD_BENCH v=1 run=704950670634 event=present frame_id=908 t_ns=705763742000 presented=1 clock=monotonic
K230_CARD_BENCH v=1 run=704950670634 event=present frame_id=907 t_ns=705744583000 presented=1 clock=monotonic
K230_CARD_BENCH v=1 run=704950670634 event=present frame_id=906 t_ns=705706261000 presented=1 clock=monotonic
K230_CARD_BENCH v=1 run=704950670634 event=present frame_id=905 t_ns=705687100000 presented=1 clock=monotonic
K230_CARD_BENCH v=1 run=704950670634 event=present frame_id=904 t_ns=705667940000 presented=1 clock=monotonic
K230_CARD_BENCH v=1 run=704950670634 event=present frame_id=903 t_ns=705648779000 presented=1 clock=monotonic
K230_CARD_BENCH v=1 run=704950670634 event=present frame_id=902 t_ns=705629619000 presented=1 clock=monotonic
K230_CARD_BENCH v=1 run=704950670634 event=present frame_id=901 t_ns=705610457000 presented=1 clock=monotonic
K230_CARD_BENCH v=1 run=704950670634 event=present frame_id=900 t_ns=705591297000 presented=1 clock=monotonic
K230_CARD_BENCH v=1 run=704950670634 event=present frame_id=899 t_ns=705572136000 presented=1 clock=monotonic
K230_CARD_BENCH v=1 run=704950670634 event=present frame_id=898 t_ns=705533815000 presented=1 clock=monotonic
K230_CARD_BENCH v=1 run=704950670634 event=present frame_id=897 t_ns=705514654000 presented=1 clock=monotonic
K230_CARD_BENCH v=1 run=704950670634 event=present frame_id=896 t_ns=705495494000 presented=1 clock=monotonic
K230_CARD_BENCH v=1 run=704950670634 event=present frame_id=895 t_ns=705476334000 presented=1 clock=monotonic
K230_CARD_BENCH v=1 run=704950670634 event=present frame_id=894 t_ns=705457173000 presented=1 clock=monotonic
K230_CARD_BENCH v=1 run=704950670634 event=present frame_id=893 t_ns=705438011000 presented=1 clock=monotonic
K230_CARD_BENCH v=1 run=704950670634 event=present frame_id=892 t_ns=705418851000 presented=1 clock=monotonic
K230_CARD_BENCH v=1 run=704950670634 event=present frame_id=891 t_ns=705380530000 presented=1 clock=monotonic
K230_CARD_BENCH v=1 run=704950670634 event=present frame_id=890 t_ns=705361368000 presented=1 clock=monotonic
K230_CARD_BENCH v=1 run=704950670634 event=present frame_id=889 t_ns=705342208000 presented=1 clock=monotonic
K230_CARD_BENCH v=1 run=704950670634 event=present frame_id=888 t_ns=705323048000 presented=1 clock=monotonic
K230_CARD_BENCH v=1 run=704950670634 event=present frame_id=887 t_ns=705303888000 presented=1 clock=monotonic
K230_CARD_BENCH v=1 run=704950670634 event=present frame_id=886 t_ns=705284726000 presented=1 clock=monotonic
K230_CARD_BENCH v=1 run=704950670634 event=present frame_id=885 t_ns=705265565000 presented=1 clock=monotonic
K230_CARD_BENCH v=1 run=704950670634 event=present frame_id=884 t_ns=705246405000 presented=1 clock=monotonic
K230_CARD_BENCH v=1 run=704950670634 event=present frame_id=883 t_ns=705208083000 presented=1 clock=monotonic
K230_CARD_BENCH v=1 run=704950670634 event=present frame_id=882 t_ns=705188923000 presented=1 clock=monotonic
K230_CARD_BENCH v=1 run=704950670634 event=present frame_id=881 t_ns=705169761000 presented=1 clock=monotonic
K230_CARD_BENCH v=1 run=704950670634 event=present frame_id=880 t_ns=705150602000 presented=1 clock=monotonic
K230_CARD_BENCH v=1 run=704950670634 event=present frame_id=879 t_ns=705131441000 presented=1 clock=monotonic
K230_CARD_BENCH v=1 run=704950670634 event=present frame_id=878 t_ns=705112281000 presented=1 clock=monotonic
K230_CARD_BENCH v=1 run=704950670634 event=present frame_id=877 t_ns=705093120000 presented=1 clock=monotonic
K230_CARD_BENCH v=1 run=704950670634 event=present frame_id=876 t_ns=705073959000 presented=1 clock=monotonic
K230_CARD_BENCH v=1 run=704950670634 event=present frame_id=875 t_ns=705035640000 presented=1 clock=monotonic
K230_CARD_BENCH v=1 run=704950670634 event=present frame_id=874 t_ns=705016478000 presented=1 clock=monotonic
K230_CARD_SHELL input=injected operation=benchmark accepted=1
K230_CARD_BENCH v=1 run=704950670634 event=resource phase=baseline t_ns=704950821371 cpu_ns=19407796000 memory_bytes=23769088 scope=session
K230_CARD_BENCH v=1 run=704950670634 event=resource phase=baseline t_ns=704950821371 cpu_ns=11520649545 memory_bytes=27570176 scope=compositor
K230_CARD_SHELL map id=9 class=2
K230_CARD_SHELL state mode=0 actions=32 message=0 cards=2
K230_CARD_SHELL input=injected operation=benchmark-stop accepted=1
K230_CARD_BENCH v=1 run=681821333620 event=present frame_id=868 t_ns=704748228000 presented=1 clock=monotonic
K230_CARD_BENCH v=1 run=681821333620 event=present frame_id=867 t_ns=704729068000 presented=1 clock=monotonic
K230_CARD_BENCH v=1 run=681821333620 event=present frame_id=866 t_ns=704690745000 presented=1 clock=monotonic
K230_CARD_BENCH v=1 run=681821333620 event=present frame_id=865 t_ns=704671585000 presented=1 clock=monotonic
K230_CARD_BENCH v=1 run=681821333620 event=present frame_id=864 t_ns=704633263000 presented=1 clock=monotonic
K230_CARD_BENCH v=1 run=681821333620 event=present frame_id=863 t_ns=704614103000 presented=1 clock=monotonic
K230_CARD_BENCH v=1 run=681821333620 event=present frame_id=862 t_ns=704594944000 presented=1 clock=monotonic
K230_CARD_BENCH v=1 run=681821333620 event=present frame_id=861 t_ns=704556625000 presented=1 clock=monotonic
K230_CARD_BENCH v=1 run=681821333620 event=present frame_id=860 t_ns=704537460000 presented=1 clock=monotonic
K230_CARD_BENCH v=1 run=681821333620 event=present frame_id=859 t_ns=704518300000 presented=1 clock=monotonic
K230_CARD_BENCH v=1 run=681821333620 event=present frame_id=858 t_ns=704479978000 presented=1 clock=monotonic
K230_CARD_BENCH v=1 run=681821333620 event=present frame_id=857 t_ns=704460817000 presented=1 clock=monotonic
K230_CARD_BENCH v=1 run=681821333620 event=present frame_id=856 t_ns=704441657000 presented=1 clock=monotonic
K230_CARD_BENCH v=1 run=681821333620 event=present frame_id=855 t_ns=704422497000 presented=1 clock=monotonic
K230_CARD_BENCH v=1 run=681821333620 event=present frame_id=854 t_ns=704403336000 presented=1 clock=monotonic
K230_CARD_BENCH v=1 run=681821333620 event=present frame_id=853 t_ns=704384175000 presented=1 clock=monotonic
K230_CARD_BENCH v=1 run=681821333620 event=present frame_id=852 t_ns=704365014000 presented=1 clock=monotonic
K230_CARD_BENCH v=1 run=681821333620 event=present frame_id=851 t_ns=704345853000 presented=1 clock=monotonic
K230_CARD_BENCH v=1 run=681821333620 event=present frame_id=850 t_ns=704307532000 presented=1 clock=monotonic
K230_CARD_BENCH v=1 run=681821333620 event=present frame_id=849 t_ns=704288372000 presented=1 clock=monotonic
K230_CARD_BENCH v=1 run=681821333620 event=present frame_id=848 t_ns=704269211000 presented=1 clock=monotonic
K230_CARD_BENCH v=1 run=681821333620 event=present frame_id=847 t_ns=704250050000 presented=1 clock=monotonic
K230_CARD_BENCH v=1 run=681821333620 event=present frame_id=846 t_ns=704230890000 presented=1 clock=monotonic
K230_CARD_BENCH v=1 run=681821333620 event=present frame_id=845 t_ns=704211729000 presented=1 clock=monotonic
K230_CARD_BENCH v=1 run=681821333620 event=present frame_id=844 t_ns=704192570000 presented=1 clock=monotonic
K230_CARD_BENCH v=1 run=681821333620 event=present frame_id=843 t_ns=704173408000 presented=1 clock=monotonic
K230_CARD_BENCH v=1 run=681821333620 event=present frame_id=842 t_ns=704154247000 presented=1 clock=monotonic
K230_CARD_BENCH v=1 run=681821333620 event=present frame_id=841 t_ns=704115928000 presented=1 clock=monotonic
K230_CARD_BENCH v=1 run=681821333620 event=resource phase=restored t_ns=704120110580 cpu_ns=18727350000 memory_bytes=19709952 scope=session
K230_CARD_BENCH v=1 run=681821333620 event=resource phase=restored t_ns=704120110580 cpu_ns=11205623731 memory_bytes=27570176 scope=compositor
K230_CARD_BENCH v=1 run=681821333620 event=present frame_id=840 t_ns=704096765000 presented=1 clock=monotonic
K230_CARD_BENCH v=1 run=681821333620 event=present frame_id=839 t_ns=704077604000 presented=1 clock=monotonic
K230_CARD_BENCH v=1 run=681821333620 event=present frame_id=838 t_ns=704058444000 presented=1 clock=monotonic
K230_CARD_BENCH v=1 run=681821333620 event=present frame_id=837 t_ns=704039284000 presented=1 clock=monotonic
K230_CARD_BENCH v=1 run=681821333620 event=present frame_id=836 t_ns=704020122000 presented=1 clock=monotonic
K230_CARD_BENCH v=1 run=681821333620 event=present frame_id=835 t_ns=704000962000 presented=1 clock=monotonic
K230_CARD_BENCH v=1 run=681821333620 event=present frame_id=834 t_ns=703962640000 presented=1 clock=monotonic
K230_CARD_BENCH v=1 run=681821333620 event=present frame_id=833 t_ns=703943480000 presented=1 clock=monotonic
K230_CARD_BENCH v=1 run=681821333620 event=present frame_id=832 t_ns=703924319000 presented=1 clock=monotonic
K230_CARD_BENCH v=1 run=681821333620 event=present frame_id=831 t_ns=703905158000 presented=1 clock=monotonic
K230_CARD_BENCH v=1 run=681821333620 event=present frame_id=830 t_ns=703885998000 presented=1 clock=monotonic
K230_CARD_BENCH v=1 run=681821333620 event=present frame_id=829 t_ns=703866839000 presented=1 clock=monotonic
K230_CARD_BENCH v=1 run=681821333620 event=present frame_id=828 t_ns=703847676000 presented=1 clock=monotonic
K230_CARD_BENCH v=1 run=681821333620 event=present frame_id=827 t_ns=703809353000 presented=1 clock=monotonic
K230_CARD_BENCH v=1 run=681821333620 event=present frame_id=826 t_ns=703790194000 presented=1 clock=monotonic
K230_CARD_BENCH v=1 run=681821333620 event=present frame_id=825 t_ns=703771032000 presented=1 clock=monotonic
K230_CARD_BENCH v=1 run=681821333620 event=present frame_id=824 t_ns=703751873000 presented=1 clock=monotonic
K230_CARD_BENCH v=1 run=681821333620 event=present frame_id=823 t_ns=703732711000 presented=1 clock=monotonic
K230_CARD_BENCH v=1 run=681821333620 event=present frame_id=822 t_ns=703713552000 presented=1 clock=monotonic
K230_CARD_BENCH v=1 run=681821333620 event=present frame_id=821 t_ns=703694390000 presented=1 clock=monotonic
K230_CARD_BENCH v=1 run=681821333620 event=present frame_id=820 t_ns=703675231000 presented=1 clock=monotonic
K230_CARD_BENCH v=1 run=681821333620 event=present frame_id=819 t_ns=703636908000 presented=1 clock=monotonic
K230_CARD_BENCH v=1 run=681821333620 event=present frame_id=818 t_ns=703617748000 presented=1 clock=monotonic
K230_CARD_BENCH v=1 run=681821333620 event=present frame_id=817 t_ns=703598587000 presented=1 clock=monotonic
K230_CARD_BENCH v=1 run=681821333620 event=present frame_id=816 t_ns=703579427000 presented=1 clock=monotonic
K230_CARD_BENCH v=1 run=681821333620 event=present frame_id=815 t_ns=703560267000 presented=1 clock=monotonic
K230_CARD_BENCH v=1 run=681821333620 event=present frame_id=814 t_ns=703541106000 presented=1 clock=monotonic
K230_CARD_BENCH v=1 run=681821333620 event=present frame_id=813 t_ns=703521945000 presented=1 clock=monotonic
K230_CARD_BENCH v=1 run=681821333620 event=present frame_id=812 t_ns=703502784000 presented=1 clock=monotonic
K230_CARD_BENCH v=1 run=681821333620 event=present frame_id=811 t_ns=703483623000 presented=1 clock=monotonic
K230_CARD_BENCH v=1 run=681821333620 event=present frame_id=810 t_ns=703445301000 presented=1 clock=monotonic
K230_CARD_BENCH v=1 run=681821333620 event=present frame_id=809 t_ns=703426141000 presented=1 clock=monotonic
K230_CARD_BENCH v=1 run=681821333620 event=present frame_id=808 t_ns=703406979000 presented=1 clock=monotonic
K230_CARD_BENCH v=1 run=681821333620 event=present frame_id=807 t_ns=703387820000 presented=1 clock=monotonic
K230_CARD_BENCH v=1 run=681821333620 event=present frame_id=806 t_ns=703368659000 presented=1 clock=monotonic
K230_CARD_BENCH v=1 run=681821333620 event=present frame_id=805 t_ns=703349498000 presented=1 clock=monotonic
K230_CARD_BENCH v=1 run=681821333620 event=present frame_id=804 t_ns=703330337000 presented=1 clock=monotonic
K230_CARD_BENCH v=1 run=681821333620 event=present frame_id=803 t_ns=703311178000 presented=1 clock=monotonic
K230_CARD_BENCH v=1 run=681821333620 event=present frame_id=802 t_ns=703272857000 presented=1 clock=monotonic
K230_CARD_BENCH v=1 run=681821333620 event=present frame_id=801 t_ns=703253695000 presented=1 clock=monotonic
K230_CARD_BENCH v=1 run=681821333620 event=present frame_id=800 t_ns=703234534000 presented=1 clock=monotonic
K230_CARD_BENCH v=1 run=681821333620 event=present frame_id=799 t_ns=703215374000 presented=1 clock=monotonic
K230_CARD_BENCH v=1 run=681821333620 event=present frame_id=798 t_ns=703196215000 presented=1 clock=monotonic
K230_CARD_BENCH v=1 run=681821333620 event=present frame_id=797 t_ns=703177054000 presented=1 clock=monotonic
K230_CARD_BENCH v=1 run=681821333620 event=present frame_id=796 t_ns=703157893000 presented=1 clock=monotonic
K230_CARD_BENCH v=1 run=681821333620 event=present frame_id=795 t_ns=703138731000 presented=1 clock=monotonic
K230_CARD_BENCH v=1 run=681821333620 event=resource phase=restored t_ns=703119843554 cpu_ns=17857605000 memory_bytes=19709952 scope=session
K230_CARD_BENCH v=1 run=681821333620 event=resource phase=restored t_ns=703119843554 cpu_ns=10783387165 memory_bytes=27570176 scope=compositor
K230_CARD_BENCH v=1 run=681821333620 event=present frame_id=794 t_ns=703100409000 presented=1 clock=monotonic
K230_CARD_BENCH v=1 run=681821333620 event=present frame_id=793 t_ns=703081248000 presented=1 clock=monotonic
K230_CARD_BENCH v=1 run=681821333620 event=present frame_id=792 t_ns=703062089000 presented=1 clock=monotonic
K230_CARD_BENCH v=1 run=681821333620 event=present frame_id=791 t_ns=703042929000 presented=1 clock=monotonic
K230_CARD_BENCH v=1 run=681821333620 event=present frame_id=790 t_ns=703023768000 presented=1 clock=monotonic
K230_CARD_BENCH v=1 run=681821333620 event=present frame_id=789 t_ns=703004606000 presented=1 clock=monotonic
K230_CARD_BENCH v=1 run=681821333620 event=present frame_id=788 t_ns=702985446000 presented=1 clock=monotonic
K230_CARD_BENCH v=1 run=681821333620 event=present frame_id=787 t_ns=702947124000 presented=1 clock=monotonic
K230_CARD_BENCH v=1 run=681821333620 event=present frame_id=786 t_ns=702927964000 presented=1 clock=monotonic
K230_CARD_BENCH v=1 run=681821333620 event=present frame_id=785 t_ns=702908803000 presented=1 clock=monotonic
K230_CARD_BENCH v=1 run=681821333620 event=present frame_id=784 t_ns=702889643000 presented=1 clock=monotonic
K230_CARD_BENCH v=1 run=681821333620 event=present frame_id=783 t_ns=702870482000 presented=1 clock=monotonic
K230_CARD_BENCH v=1 run=681821333620 event=present frame_id=782 t_ns=702851322000 presented=1 clock=monotonic
K230_CARD_BENCH v=1 run=681821333620 event=present frame_id=781 t_ns=702832161000 presented=1 clock=monotonic
K230_CARD_BENCH v=1 run=681821333620 event=present frame_id=780 t_ns=702793840000 presented=1 clock=monotonic
K230_CARD_BENCH v=1 run=681821333620 event=present frame_id=779 t_ns=702774678000 presented=1 clock=monotonic
K230_CARD_BENCH v=1 run=681821333620 event=present frame_id=778 t_ns=702755518000 presented=1 clock=monotonic
K230_CARD_BENCH v=1 run=681821333620 event=present frame_id=777 t_ns=702736358000 presented=1 clock=monotonic
K230_CARD_BENCH v=1 run=681821333620 event=present frame_id=776 t_ns=702717197000 presented=1 clock=monotonic
K230_CARD_BENCH v=1 run=681821333620 event=present frame_id=775 t_ns=702698036000 presented=1 clock=monotonic
K230_CARD_BENCH v=1 run=681821333620 event=present frame_id=774 t_ns=702678876000 presented=1 clock=monotonic
K230_CARD_BENCH v=1 run=681821333620 event=present frame_id=773 t_ns=702640553000 presented=1 clock=monotonic
K230_CARD_BENCH v=1 run=681821333620 event=present frame_id=772 t_ns=702621393000 presented=1 clock=monotonic
K230_CARD_BENCH v=1 run=681821333620 event=present frame_id=771 t_ns=702602232000 presented=1 clock=monotonic
K230_CARD_BENCH v=1 run=681821333620 event=present frame_id=770 t_ns=702583072000 presented=1 clock=monotonic
K230_CARD_BENCH v=1 run=681821333620 event=present frame_id=769 t_ns=702563912000 presented=1 clock=monotonic
K230_CARD_BENCH v=1 run=681821333620 event=present frame_id=768 t_ns=702544751000 presented=1 clock=monotonic
K230_CARD_BENCH v=1 run=681821333620 event=present frame_id=767 t_ns=702525590000 presented=1 clock=monotonic
K230_CARD_BENCH v=1 run=681821333620 event=present frame_id=766 t_ns=702506429000 presented=1 clock=monotonic
K230_CARD_BENCH v=1 run=681821333620 event=present frame_id=765 t_ns=702468109000 presented=1 clock=monotonic
K230_CARD_BENCH v=1 run=681821333620 event=present frame_id=764 t_ns=702448947000 presented=1 clock=monotonic
K230_CARD_BENCH v=1 run=681821333620 event=present frame_id=763 t_ns=702429786000 presented=1 clock=monotonic
K230_CARD_BENCH v=1 run=681821333620 event=present frame_id=762 t_ns=702410626000 presented=1 clock=monotonic
K230_CARD_BENCH v=1 run=681821333620 event=present frame_id=761 t_ns=702391465000 presented=1 clock=monotonic
K230_CARD_BENCH v=1 run=681821333620 event=present frame_id=760 t_ns=702372303000 presented=1 clock=monotonic
K230_CARD_BENCH v=1 run=681821333620 event=present frame_id=759 t_ns=702353145000 presented=1 clock=monotonic
K230_CARD_BENCH v=1 run=681821333620 event=present frame_id=758 t_ns=702314822000 presented=1 clock=monotonic
K230_CARD_BENCH v=1 run=681821333620 event=present frame_id=757 t_ns=702295661000 presented=1 clock=monotonic
K230_CARD_BENCH v=1 run=681821333620 event=present frame_id=756 t_ns=702276502000 presented=1 clock=monotonic
K230_CARD_BENCH v=1 run=681821333620 event=present frame_id=755 t_ns=702257341000 presented=1 clock=monotonic
K230_CARD_BENCH v=1 run=681821333620 event=present frame_id=754 t_ns=702238179000 presented=1 clock=monotonic
K230_CARD_BENCH v=1 run=681821333620 event=present frame_id=753 t_ns=702219019000 presented=1 clock=monotonic
K230_CARD_BENCH v=1 run=681821333620 event=present frame_id=752 t_ns=702199858000 presented=1 clock=monotonic
K230_CARD_BENCH v=1 run=681821333620 event=present frame_id=751 t_ns=702180698000 presented=1 clock=monotonic
K230_CARD_BENCH v=1 run=681821333620 event=present frame_id=750 t_ns=702161537000 presented=1 clock=monotonic
K230_CARD_BENCH v=1 run=681821333620 event=present frame_id=749 t_ns=702123219000 presented=1 clock=monotonic
K230_CARD_BENCH v=1 run=681821333620 event=present frame_id=748 t_ns=702104075000 presented=1 clock=monotonic
K230_CARD_BENCH v=1 run=681821333620 event=resource phase=restored t_ns=702108113157 cpu_ns=16973692000 memory_bytes=19709952 scope=session
K230_CARD_BENCH v=1 run=681821333620 event=resource phase=restored t_ns=702108113157 cpu_ns=10351829531 memory_bytes=27570176 scope=compositor
K230_CARD_BENCH v=1 run=681821333620 event=present frame_id=747 t_ns=702084894000 presented=1 clock=monotonic
K230_CARD_BENCH v=1 run=681821333620 event=present frame_id=746 t_ns=702065734000 presented=1 clock=monotonic
K230_CARD_BENCH v=1 run=681821333620 event=present frame_id=745 t_ns=702046574000 presented=1 clock=monotonic
K230_CARD_BENCH v=1 run=681821333620 event=present frame_id=744 t_ns=702027412000 presented=1 clock=monotonic
K230_CARD_BENCH v=1 run=681821333620 event=present frame_id=743 t_ns=702008252000 presented=1 clock=monotonic
K230_CARD_BENCH v=1 run=681821333620 event=present frame_id=742 t_ns=701989091000 presented=1 clock=monotonic
K230_CARD_BENCH v=1 run=681821333620 event=present frame_id=741 t_ns=701950770000 presented=1 clock=monotonic
K230_CARD_BENCH v=1 run=681821333620 event=present frame_id=740 t_ns=701931610000 presented=1 clock=monotonic
K230_CARD_BENCH v=1 run=681821333620 event=present frame_id=739 t_ns=701912449000 presented=1 clock=monotonic
K230_CARD_BENCH v=1 run=681821333620 event=present frame_id=738 t_ns=701893288000 presented=1 clock=monotonic
K230_CARD_BENCH v=1 run=681821333620 event=present frame_id=737 t_ns=701874127000 presented=1 clock=monotonic
K230_CARD_BENCH v=1 run=681821333620 event=present frame_id=736 t_ns=701854966000 presented=1 clock=monotonic
K230_CARD_BENCH v=1 run=681821333620 event=present frame_id=735 t_ns=701835806000 presented=1 clock=monotonic
K230_CARD_BENCH v=1 run=681821333620 event=present frame_id=734 t_ns=701797483000 presented=1 clock=monotonic
K230_CARD_BENCH v=1 run=681821333620 event=present frame_id=733 t_ns=701778323000 presented=1 clock=monotonic
K230_CARD_BENCH v=1 run=681821333620 event=present frame_id=732 t_ns=701759162000 presented=1 clock=monotonic
K230_CARD_BENCH v=1 run=681821333620 event=present frame_id=731 t_ns=701740002000 presented=1 clock=monotonic
K230_CARD_BENCH v=1 run=681821333620 event=present frame_id=730 t_ns=701720841000 presented=1 clock=monotonic
K230_CARD_BENCH v=1 run=681821333620 event=present frame_id=729 t_ns=701701681000 presented=1 clock=monotonic
K230_CARD_BENCH v=1 run=681821333620 event=present frame_id=728 t_ns=701663359000 presented=1 clock=monotonic
K230_CARD_BENCH v=1 run=681821333620 event=present frame_id=727 t_ns=701644200000 presented=1 clock=monotonic
K230_CARD_BENCH v=1 run=681821333620 event=present frame_id=726 t_ns=701625039000 presented=1 clock=monotonic
K230_CARD_BENCH v=1 run=681821333620 event=present frame_id=725 t_ns=701605878000 presented=1 clock=monotonic
K230_CARD_BENCH v=1 run=681821333620 event=present frame_id=724 t_ns=701586717000 presented=1 clock=monotonic
K230_CARD_BENCH v=1 run=681821333620 event=present frame_id=723 t_ns=701567555000 presented=1 clock=monotonic
K230_CARD_BENCH v=1 run=681821333620 event=present frame_id=722 t_ns=701548397000 presented=1 clock=monotonic
K230_CARD_BENCH v=1 run=681821333620 event=present frame_id=721 t_ns=701510074000 presented=1 clock=monotonic
K230_CARD_BENCH v=1 run=681821333620 event=present frame_id=720 t_ns=701490913000 presented=1 clock=monotonic
K230_CARD_BENCH v=1 run=681821333620 event=present frame_id=719 t_ns=701471752000 presented=1 clock=monotonic
K230_CARD_BENCH v=1 run=681821333620 event=present frame_id=718 t_ns=701452592000 presented=1 clock=monotonic
K230_CARD_BENCH v=1 run=681821333620 event=present frame_id=717 t_ns=701433432000 presented=1 clock=monotonic
K230_CARD_BENCH v=1 run=681821333620 event=present frame_id=716 t_ns=701414271000 presented=1 clock=monotonic
K230_CARD_BENCH v=1 run=681821333620 event=present frame_id=715 t_ns=701395111000 presented=1 clock=monotonic
K230_CARD_BENCH v=1 run=681821333620 event=present frame_id=714 t_ns=701375949000 presented=1 clock=monotonic
K230_CARD_BENCH v=1 run=681821333620 event=present frame_id=713 t_ns=701337628000 presented=1 clock=monotonic
K230_CARD_BENCH v=1 run=681821333620 event=present frame_id=712 t_ns=701318468000 presented=1 clock=monotonic
K230_CARD_BENCH v=1 run=681821333620 event=present frame_id=711 t_ns=701299307000 presented=1 clock=monotonic
K230_CARD_BENCH v=1 run=681821333620 event=present frame_id=710 t_ns=701280146000 presented=1 clock=monotonic
K230_CARD_BENCH v=1 run=681821333620 event=present frame_id=709 t_ns=701241824000 presented=1 clock=monotonic
K230_CARD_BENCH v=1 run=681821333620 event=present frame_id=708 t_ns=701222664000 presented=1 clock=monotonic
K230_CARD_BENCH v=1 run=681821333620 event=present frame_id=707 t_ns=701203503000 presented=1 clock=monotonic
K230_CARD_BENCH v=1 run=681821333620 event=present frame_id=706 t_ns=701184343000 presented=1 clock=monotonic
K230_CARD_BENCH v=1 run=681821333620 event=present frame_id=705 t_ns=701165182000 presented=1 clock=monotonic
K230_CARD_BENCH v=1 run=681821333620 event=present frame_id=704 t_ns=701146022000 presented=1 clock=monotonic
K230_CARD_BENCH v=1 run=681821333620 event=present frame_id=703 t_ns=701126861000 presented=1 clock=monotonic
K230_CARD_BENCH v=1 run=681821333620 event=present frame_id=702 t_ns=701088540000 presented=1 clock=monotonic
K230_CARD_BENCH v=1 run=681821333620 event=resource phase=restored t_ns=701091576187 cpu_ns=16102276000 memory_bytes=19709952 scope=session
K230_CARD_BENCH v=1 run=681821333620 event=resource phase=restored t_ns=701091576187 cpu_ns=9928023163 memory_bytes=27570176 scope=compositor
K230_CARD_BENCH v=1 run=681821333620 event=present frame_id=701 t_ns=701069377000 presented=1 clock=monotonic
K230_CARD_BENCH v=1 run=681821333620 event=present frame_id=700 t_ns=701050218000 presented=1 clock=monotonic
K230_CARD_BENCH v=1 run=681821333620 event=present frame_id=699 t_ns=701031065000 presented=1 clock=monotonic
K230_CARD_BENCH v=1 run=681821333620 event=present frame_id=698 t_ns=701011896000 presented=1 clock=monotonic
K230_CARD_BENCH v=1 run=681821333620 event=present frame_id=697 t_ns=700992736000 presented=1 clock=monotonic
K230_CARD_BENCH v=1 run=681821333620 event=present frame_id=696 t_ns=700973576000 presented=1 clock=monotonic
K230_CARD_BENCH v=1 run=681821333620 event=present frame_id=695 t_ns=700935255000 presented=1 clock=monotonic
K230_CARD_BENCH v=1 run=681821333620 event=present frame_id=694 t_ns=700916094000 presented=1 clock=monotonic
K230_CARD_BENCH v=1 run=681821333620 event=present frame_id=693 t_ns=700896934000 presented=1 clock=monotonic
K230_CARD_BENCH v=1 run=681821333620 event=present frame_id=692 t_ns=700877772000 presented=1 clock=monotonic
K230_CARD_BENCH v=1 run=681821333620 event=present frame_id=691 t_ns=700858611000 presented=1 clock=monotonic
K230_CARD_BENCH v=1 run=681821333620 event=present frame_id=690 t_ns=700839451000 presented=1 clock=monotonic
K230_CARD_BENCH v=1 run=681821333620 event=present frame_id=689 t_ns=700820291000 presented=1 clock=monotonic
K230_CARD_BENCH v=1 run=681821333620 event=present frame_id=688 t_ns=700781968000 presented=1 clock=monotonic
K230_CARD_BENCH v=1 run=681821333620 event=present frame_id=687 t_ns=700762807000 presented=1 clock=monotonic
K230_CARD_BENCH v=1 run=681821333620 event=present frame_id=686 t_ns=700743647000 presented=1 clock=monotonic
K230_CARD_BENCH v=1 run=681821333620 event=present frame_id=685 t_ns=700724486000 presented=1 clock=monotonic
K230_CARD_BENCH v=1 run=681821333620 event=present frame_id=684 t_ns=700705326000 presented=1 clock=monotonic
K230_CARD_BENCH v=1 run=681821333620 event=present frame_id=683 t_ns=700686166000 presented=1 clock=monotonic
K230_CARD_BENCH v=1 run=681821333620 event=present frame_id=682 t_ns=700647843000 presented=1 clock=monotonic
K230_CARD_BENCH v=1 run=681821333620 event=present frame_id=681 t_ns=700628683000 presented=1 clock=monotonic
K230_CARD_BENCH v=1 run=681821333620 event=present frame_id=680 t_ns=700609522000 presented=1 clock=monotonic
K230_CARD_BENCH v=1 run=681821333620 event=present frame_id=679 t_ns=700590362000 presented=1 clock=monotonic
K230_CARD_BENCH v=1 run=681821333620 event=present frame_id=678 t_ns=700571200000 presented=1 clock=monotonic
K230_CARD_BENCH v=1 run=681821333620 event=present frame_id=677 t_ns=700552041000 presented=1 clock=monotonic
K230_CARD_BENCH v=1 run=681821333620 event=present frame_id=676 t_ns=700532878000 presented=1 clock=monotonic
K230_CARD_BENCH v=1 run=681821333620 event=present frame_id=675 t_ns=700513718000 presented=1 clock=monotonic
K230_CARD_BENCH v=1 run=681821333620 event=present frame_id=674 t_ns=700475397000 presented=1 clock=monotonic
K230_CARD_BENCH v=1 run=681821333620 event=present frame_id=673 t_ns=700456237000 presented=1 clock=monotonic
K230_CARD_BENCH v=1 run=681821333620 event=present frame_id=672 t_ns=700437076000 presented=1 clock=monotonic
K230_CARD_BENCH v=1 run=681821333620 event=present frame_id=671 t_ns=700417916000 presented=1 clock=monotonic
K230_CARD_BENCH v=1 run=681821333620 event=present frame_id=670 t_ns=700398755000 presented=1 clock=monotonic
K230_CARD_BENCH v=1 run=681821333620 event=present frame_id=669 t_ns=700379593000 presented=1 clock=monotonic
K230_CARD_BENCH v=1 run=681821333620 event=present frame_id=668 t_ns=700360433000 presented=1 clock=monotonic
K230_CARD_BENCH v=1 run=681821333620 event=present frame_id=667 t_ns=700341273000 presented=1 clock=monotonic
K230_CARD_BENCH v=1 run=681821333620 event=present frame_id=666 t_ns=700302951000 presented=1 clock=monotonic
K230_CARD_BENCH v=1 run=681821333620 event=present frame_id=665 t_ns=700283790000 presented=1 clock=monotonic
K230_CARD_BENCH v=1 run=681821333620 event=present frame_id=664 t_ns=700264630000 presented=1 clock=monotonic
K230_CARD_BENCH v=1 run=681821333620 event=present frame_id=663 t_ns=700245470000 presented=1 clock=monotonic
K230_CARD_BENCH v=1 run=681821333620 event=present frame_id=662 t_ns=700226308000 presented=1 clock=monotonic
K230_CARD_BENCH v=1 run=681821333620 event=present frame_id=661 t_ns=700207148000 presented=1 clock=monotonic
K230_CARD_SHELL frame-cost run=681821333620 frame_id=661 total_cpu_ns=111086080 render_cpu_ns=108460158 input_cpu_ns=1335001
K230_CARD_BENCH v=1 run=681821333620 event=submit input_id=515 frame_id=661 t_ns=700202484800 update_cpu_ns=111086080 final=1
K230_CARD_BENCH v=1 run=681821333620 event=present frame_id=660 t_ns=700073025000 presented=1 clock=monotonic
K230_CARD_BENCH v=1 run=681821333620 event=input input_id=515 gesture_id=26 kind=release t_ns=700075993844 source=injected
K230_CARD_SHELL restored focus=7 message=0
K230_CARD_SHELL mirror-release id=7
K230_CARD_SHELL mirror-release id=7
K230_CARD_BENCH v=1 run=681821333620 event=resource phase=active t_ns=700070224343 cpu_ns=15211442000 memory_bytes=19709952 scope=session
K230_CARD_BENCH v=1 run=681821333620 event=resource phase=active t_ns=700070224343 cpu_ns=9439117330 memory_bytes=27570176 scope=compositor
K230_CARD_BENCH v=1 run=681821333620 event=present frame_id=659 t_ns=700053863000 presented=1 clock=monotonic
K230_CARD_BENCH v=1 run=681821333620 event=present frame_id=658 t_ns=700015541000 presented=1 clock=monotonic
K230_CARD_BENCH v=1 run=681821333620 event=present frame_id=657 t_ns=699996380000 presented=1 clock=monotonic
K230_CARD_SHELL state mode=2 actions=1 message=0 cards=1
K230_CARD_BENCH v=1 run=681821333620 event=present frame_id=656 t_ns=699958057000 presented=1 clock=monotonic
K230_CARD_BENCH v=1 run=681821333620 event=present frame_id=655 t_ns=699938898000 presented=1 clock=monotonic
K230_CARD_BENCH v=1 run=681821333620 event=present frame_id=654 t_ns=699900576000 presented=1 clock=monotonic
K230_CARD_BENCH v=1 run=681821333620 event=present frame_id=653 t_ns=699881422000 presented=1 clock=monotonic
K230_CARD_BENCH v=1 run=681821333620 event=present frame_id=652 t_ns=699843093000 presented=1 clock=monotonic
K230_CARD_BENCH v=1 run=681821333620 event=present frame_id=651 t_ns=699823937000 presented=1 clock=monotonic
K230_CARD_BENCH v=1 run=681821333620 event=present frame_id=650 t_ns=699785612000 presented=1 clock=monotonic
K230_CARD_BENCH v=1 run=681821333620 event=present frame_id=649 t_ns=699766452000 presented=1 clock=monotonic
K230_CARD_BENCH v=1 run=681821333620 event=present frame_id=648 t_ns=699728129000 presented=1 clock=monotonic
K230_CARD_BENCH v=1 run=681821333620 event=present frame_id=647 t_ns=699708971000 presented=1 clock=monotonic
K230_CARD_SHELL frame-cost run=681821333620 frame_id=647 total_cpu_ns=14498090 render_cpu_ns=13717092 input_cpu_ns=589000
K230_CARD_BENCH v=1 run=681821333620 event=submit input_id=514 frame_id=647 t_ns=699698122128 update_cpu_ns=14498090 final=1
K230_CARD_BENCH v=1 run=681821333620 event=submit input_id=513 frame_id=647 t_ns=699698122128 update_cpu_ns=14498090 final=0
K230_CARD_BENCH v=1 run=681821333620 event=present frame_id=646 t_ns=699670649000 presented=1 clock=monotonic
K230_CARD_BENCH v=1 run=681821333620 event=input input_id=514 gesture_id=25 kind=release t_ns=699676249160 source=injected
K230_CARD_SHELL state mode=1 actions=1 message=0 cards=1
K230_CARD_BENCH v=1 run=681821333620 event=input input_id=513 gesture_id=25 kind=motion t_ns=699670144186 source=injected
K230_CARD_SHELL state mode=2 actions=1 message=0 cards=1
K230_CARD_SHELL frame-cost run=681821333620 frame_id=646 total_cpu_ns=13942035 render_cpu_ns=11608477 input_cpu_ns=2058968
K230_CARD_BENCH v=1 run=681821333620 event=submit input_id=512 frame_id=646 t_ns=699665182365 update_cpu_ns=13942035 final=0
K230_CARD_BENCH v=1 run=681821333620 event=submit input_id=511 frame_id=646 t_ns=699665182365 update_cpu_ns=13942035 final=0
K230_CARD_BENCH v=1 run=681821333620 event=submit input_id=510 frame_id=646 t_ns=699665182365 update_cpu_ns=13942035 final=0
K230_CARD_BENCH v=1 run=681821333620 event=submit input_id=509 frame_id=646 t_ns=699665182365 update_cpu_ns=13942035 final=0
K230_CARD_BENCH v=1 run=681821333620 event=submit input_id=508 frame_id=646 t_ns=699665182365 update_cpu_ns=13942035 final=0
K230_CARD_BENCH v=1 run=681821333620 event=submit input_id=507 frame_id=646 t_ns=699665182365 update_cpu_ns=13942035 final=0
K230_CARD_BENCH v=1 run=681821333620 event=present frame_id=645 t_ns=699651488000 presented=1 clock=monotonic
K230_CARD_BENCH v=1 run=681821333620 event=input input_id=512 gesture_id=25 kind=motion t_ns=699647835304 source=injected
K230_CARD_SHELL state mode=2 actions=1 message=0 cards=1
K230_CARD_BENCH v=1 run=681821333620 event=input input_id=511 gesture_id=25 kind=motion t_ns=699646448196 source=injected
K230_CARD_SHELL state mode=2 actions=1 message=0 cards=1
K230_CARD_BENCH v=1 run=681821333620 event=input input_id=510 gesture_id=25 kind=motion t_ns=699644261406 source=injected
K230_CARD_SHELL state mode=2 actions=1 message=0 cards=1
K230_CARD_BENCH v=1 run=681821333620 event=input input_id=509 gesture_id=25 kind=motion t_ns=699643727385 source=injected
K230_CARD_SHELL state mode=2 actions=1 message=0 cards=1
K230_CARD_BENCH v=1 run=681821333620 event=input input_id=508 gesture_id=25 kind=motion t_ns=699642273019 source=injected
K230_CARD_SHELL state mode=2 actions=1 message=0 cards=1
K230_CARD_BENCH v=1 run=681821333620 event=input input_id=507 gesture_id=25 kind=motion t_ns=699641824365 source=injected
K230_CARD_SHELL state mode=2 actions=1 message=0 cards=1
K230_CARD_BENCH v=1 run=681821333620 event=present frame_id=644 t_ns=699613166000 presented=1 clock=monotonic
K230_CARD_SHELL frame-cost run=681821333620 frame_id=644 total_cpu_ns=15612681 render_cpu_ns=14000646 input_cpu_ns=1381924
K230_CARD_BENCH v=1 run=681821333620 event=submit input_id=506 frame_id=644 t_ns=699609972719 update_cpu_ns=15612681 final=0
K230_CARD_BENCH v=1 run=681821333620 event=submit input_id=505 frame_id=644 t_ns=699609972719 update_cpu_ns=15612681 final=0
K230_CARD_BENCH v=1 run=681821333620 event=submit input_id=504 frame_id=644 t_ns=699609972719 update_cpu_ns=15612681 final=0
K230_CARD_BENCH v=1 run=681821333620 event=submit input_id=503 frame_id=644 t_ns=699609972719 update_cpu_ns=15612681 final=0
K230_CARD_BENCH v=1 run=681821333620 event=submit input_id=502 frame_id=644 t_ns=699609972719 update_cpu_ns=15612681 final=0
K230_CARD_BENCH v=1 run=681821333620 event=present frame_id=643 t_ns=699594006000 presented=1 clock=monotonic
K230_CARD_BENCH v=1 run=681821333620 event=input input_id=506 gesture_id=25 kind=motion t_ns=699586944413 source=injected
K230_CARD_SHELL state mode=2 actions=1 message=0 cards=1
K230_CARD_BENCH v=1 run=681821333620 event=input input_id=505 gesture_id=25 kind=motion t_ns=699585489159 source=injected
K230_CARD_SHELL state mode=2 actions=1 message=0 cards=1
K230_CARD_BENCH v=1 run=681821333620 event=input input_id=504 gesture_id=25 kind=motion t_ns=699585150946 source=injected
K230_CARD_SHELL state mode=2 actions=1 message=0 cards=1
K230_CARD_BENCH v=1 run=681821333620 event=input input_id=503 gesture_id=25 kind=motion t_ns=699583883908 source=injected
K230_CARD_SHELL state mode=2 actions=1 message=0 cards=1
K230_CARD_BENCH v=1 run=681821333620 event=input input_id=502 gesture_id=25 kind=motion t_ns=699583321998 source=injected
K230_CARD_SHELL state mode=2 actions=1 message=0 cards=1
K230_CARD_BENCH v=1 run=681821333620 event=present frame_id=642 t_ns=699555687000 presented=1 clock=monotonic
K230_CARD_SHELL frame-cost run=681821333620 frame_id=642 total_cpu_ns=15904014 render_cpu_ns=13770677 input_cpu_ns=1880707
K230_CARD_BENCH v=1 run=681821333620 event=submit input_id=501 frame_id=642 t_ns=699552951791 update_cpu_ns=15904014 final=0
K230_CARD_BENCH v=1 run=681821333620 event=submit input_id=500 frame_id=642 t_ns=699552951791 update_cpu_ns=15904014 final=0
K230_CARD_BENCH v=1 run=681821333620 event=submit input_id=499 frame_id=642 t_ns=699552951791 update_cpu_ns=15904014 final=0
K230_CARD_BENCH v=1 run=681821333620 event=submit input_id=498 frame_id=642 t_ns=699552951791 update_cpu_ns=15904014 final=0
K230_CARD_BENCH v=1 run=681821333620 event=submit input_id=497 frame_id=642 t_ns=699552951791 update_cpu_ns=15904014 final=0
K230_CARD_BENCH v=1 run=681821333620 event=submit input_id=496 frame_id=642 t_ns=699552951791 update_cpu_ns=15904014 final=0
K230_CARD_BENCH v=1 run=681821333620 event=present frame_id=641 t_ns=699536525000 presented=1 clock=monotonic
K230_CARD_BENCH v=1 run=681821333620 event=input input_id=501 gesture_id=25 kind=motion t_ns=699536682219 source=injected
K230_CARD_SHELL state mode=2 actions=1 message=0 cards=1
K230_CARD_BENCH v=1 run=681821333620 event=input input_id=500 gesture_id=25 kind=motion t_ns=699531229375 source=injected
K230_CARD_SHELL state mode=2 actions=1 message=0 cards=1
K230_CARD_BENCH v=1 run=681821333620 event=input input_id=499 gesture_id=25 kind=motion t_ns=699530710204 source=injected
K230_CARD_SHELL state mode=2 actions=1 message=0 cards=1
K230_CARD_BENCH v=1 run=681821333620 event=input input_id=498 gesture_id=25 kind=motion t_ns=699529496572 source=injected
K230_CARD_SHELL state mode=2 actions=1 message=0 cards=1
K230_CARD_BENCH v=1 run=681821333620 event=input input_id=497 gesture_id=25 kind=motion t_ns=699527523110 source=injected
K230_CARD_SHELL state mode=2 actions=1 message=0 cards=1
K230_CARD_BENCH v=1 run=681821333620 event=input input_id=496 gesture_id=25 kind=motion t_ns=699524839261 source=injected
K230_CARD_SHELL state mode=2 actions=1 message=0 cards=1
K230_CARD_BENCH v=1 run=681821333620 event=present frame_id=640 t_ns=699498203000 presented=1 clock=monotonic
K230_CARD_SHELL frame-cost run=681821333620 frame_id=640 total_cpu_ns=14697995 render_cpu_ns=13903958 input_cpu_ns=408222
K230_CARD_BENCH v=1 run=681821333620 event=submit input_id=495 frame_id=640 t_ns=699495738684 update_cpu_ns=14697995 final=0
K230_CARD_BENCH v=1 run=681821333620 event=submit input_id=494 frame_id=640 t_ns=699495738684 update_cpu_ns=14697995 final=0
K230_CARD_BENCH v=1 run=681821333620 event=present frame_id=639 t_ns=699479044000 presented=1 clock=monotonic
K230_CARD_BENCH v=1 run=681821333620 event=input input_id=495 gesture_id=25 kind=motion t_ns=699476619452 source=injected
K230_CARD_SHELL state mode=2 actions=1 message=0 cards=1
K230_CARD_BENCH v=1 run=681821333620 event=input input_id=494 gesture_id=25 kind=motion t_ns=699466714513 source=injected
K230_CARD_SHELL state mode=2 actions=1 message=0 cards=1
K230_CARD_SHELL state mode=2 actions=1 message=0 cards=1
K230_CARD_BENCH v=1 run=681821333620 event=present frame_id=638 t_ns=699440721000 presented=1 clock=monotonic
K230_CARD_BENCH v=1 run=681821333620 event=present frame_id=637 t_ns=699402400000 presented=1 clock=monotonic
K230_CARD_BENCH v=1 run=681821333620 event=present frame_id=636 t_ns=699364078000 presented=1 clock=monotonic
K230_CARD_BENCH v=1 run=681821333620 event=present frame_id=635 t_ns=699344918000 presented=1 clock=monotonic
K230_CARD_BENCH v=1 run=681821333620 event=present frame_id=634 t_ns=699306596000 presented=1 clock=monotonic
K230_CARD_BENCH v=1 run=681821333620 event=present frame_id=633 t_ns=699268275000 presented=1 clock=monotonic
K230_CARD_BENCH v=1 run=681821333620 event=present frame_id=632 t_ns=699229953000 presented=1 clock=monotonic
K230_CARD_BENCH v=1 run=681821333620 event=present frame_id=631 t_ns=699191632000 presented=1 clock=monotonic
K230_CARD_BENCH v=1 run=681821333620 event=present frame_id=630 t_ns=699172471000 presented=1 clock=monotonic
K230_CARD_SHELL frame-cost run=681821333620 frame_id=630 total_cpu_ns=15900825 render_cpu_ns=14269307 input_cpu_ns=1329037
K230_CARD_BENCH v=1 run=681821333620 event=submit input_id=493 frame_id=630 t_ns=699167952007 update_cpu_ns=15900825 final=1
K230_CARD_BENCH v=1 run=681821333620 event=submit input_id=492 frame_id=630 t_ns=699167952007 update_cpu_ns=15900825 final=0
K230_CARD_BENCH v=1 run=681821333620 event=submit input_id=491 frame_id=630 t_ns=699167952007 update_cpu_ns=15900825 final=0
K230_CARD_BENCH v=1 run=681821333620 event=present frame_id=629 t_ns=699134151000 presented=1 clock=monotonic
K230_CARD_BENCH v=1 run=681821333620 event=input input_id=493 gesture_id=24 kind=release t_ns=699139664852 source=injected
K230_CARD_SHELL state mode=1 actions=1 message=0 cards=1
K230_CARD_BENCH v=1 run=681821333620 event=input input_id=492 gesture_id=24 kind=motion t_ns=699135007244 source=injected
K230_CARD_SHELL state mode=2 actions=1 message=0 cards=1
K230_CARD_BENCH v=1 run=681821333620 event=input input_id=491 gesture_id=24 kind=motion t_ns=699134262154 source=injected
K230_CARD_SHELL state mode=2 actions=1 message=0 cards=1
K230_CARD_SHELL frame-cost run=681821333620 frame_id=629 total_cpu_ns=14304771 render_cpu_ns=12169289 input_cpu_ns=1937184
K230_CARD_BENCH v=1 run=681821333620 event=submit input_id=490 frame_id=629 t_ns=699130260083 update_cpu_ns=14304771 final=0
K230_CARD_BENCH v=1 run=681821333620 event=submit input_id=489 frame_id=629 t_ns=699130260083 update_cpu_ns=14304771 final=0
K230_CARD_BENCH v=1 run=681821333620 event=submit input_id=488 frame_id=629 t_ns=699130260083 update_cpu_ns=14304771 final=0
K230_CARD_BENCH v=1 run=681821333620 event=submit input_id=487 frame_id=629 t_ns=699130260083 update_cpu_ns=14304771 final=0
K230_CARD_BENCH v=1 run=681821333620 event=present frame_id=628 t_ns=699114989000 presented=1 clock=monotonic
K230_CARD_BENCH v=1 run=681821333620 event=input input_id=490 gesture_id=24 kind=motion t_ns=699112974540 source=injected
K230_CARD_SHELL state mode=2 actions=1 message=0 cards=1
K230_CARD_BENCH v=1 run=681821333620 event=input input_id=489 gesture_id=24 kind=motion t_ns=699106512280 source=injected
K230_CARD_SHELL state mode=2 actions=1 message=0 cards=1
K230_CARD_BENCH v=1 run=681821333620 event=input input_id=488 gesture_id=24 kind=motion t_ns=699104100163 source=injected
K230_CARD_SHELL state mode=2 actions=1 message=0 cards=1
K230_CARD_BENCH v=1 run=681821333620 event=input input_id=487 gesture_id=24 kind=motion t_ns=699102122479 source=injected
K230_CARD_SHELL state mode=2 actions=1 message=0 cards=1
K230_CARD_SHELL frame-cost run=681821333620 frame_id=628 total_cpu_ns=16200607 render_cpu_ns=13695797 input_cpu_ns=1619925
K230_CARD_BENCH v=1 run=681821333620 event=submit input_id=486 frame_id=628 t_ns=699098278070 update_cpu_ns=16200607 final=0
K230_CARD_BENCH v=1 run=681821333620 event=submit input_id=485 frame_id=628 t_ns=699098278070 update_cpu_ns=16200607 final=0
K230_CARD_BENCH v=1 run=681821333620 event=submit input_id=484 frame_id=628 t_ns=699098278070 update_cpu_ns=16200607 final=0
K230_CARD_BENCH v=1 run=681821333620 event=submit input_id=483 frame_id=628 t_ns=699098278070 update_cpu_ns=16200607 final=0
K230_CARD_BENCH v=1 run=681821333620 event=present frame_id=627 t_ns=699076669000 presented=1 clock=monotonic
K230_CARD_BENCH v=1 run=681821333620 event=input input_id=486 gesture_id=24 kind=motion t_ns=699072978645 source=injected
K230_CARD_SHELL state mode=2 actions=1 message=0 cards=1
K230_CARD_BENCH v=1 run=681821333620 event=input input_id=485 gesture_id=24 kind=motion t_ns=699068918612 source=injected
K230_CARD_SHELL state mode=2 actions=1 message=0 cards=1
K230_CARD_BENCH v=1 run=681821333620 event=input input_id=484 gesture_id=24 kind=motion t_ns=699068270261 source=injected
K230_CARD_SHELL state mode=2 actions=1 message=0 cards=1
K230_CARD_BENCH v=1 run=681821333620 event=input input_id=483 gesture_id=24 kind=motion t_ns=699063934236 source=injected
K230_CARD_SHELL state mode=2 actions=1 message=0 cards=1
K230_CARD_BENCH v=1 run=681821333620 event=resource phase=active t_ns=699061917035 cpu_ns=14514163000 memory_bytes=19714048 scope=session
K230_CARD_BENCH v=1 run=681821333620 event=resource phase=active t_ns=699061917035 cpu_ns=8930360480 memory_bytes=27570176 scope=compositor
K230_CARD_SHELL frame-cost run=681821333620 frame_id=627 total_cpu_ns=15722675 render_cpu_ns=14168302 input_cpu_ns=1123376
K230_CARD_BENCH v=1 run=681821333620 event=submit input_id=482 frame_id=627 t_ns=699056700072 update_cpu_ns=15722675 final=0
K230_CARD_BENCH v=1 run=681821333620 event=submit input_id=481 frame_id=627 t_ns=699056700072 update_cpu_ns=15722675 final=0
K230_CARD_BENCH v=1 run=681821333620 event=submit input_id=480 frame_id=627 t_ns=699056700072 update_cpu_ns=15722675 final=0
K230_CARD_BENCH v=1 run=681821333620 event=submit input_id=479 frame_id=627 t_ns=699056700072 update_cpu_ns=15722675 final=0
K230_CARD_BENCH v=1 run=681821333620 event=present frame_id=626 t_ns=699038346000 presented=1 clock=monotonic
K230_CARD_BENCH v=1 run=681821333620 event=input input_id=482 gesture_id=24 kind=motion t_ns=699033010823 source=injected
K230_CARD_SHELL state mode=2 actions=1 message=0 cards=1
K230_CARD_BENCH v=1 run=681821333620 event=input input_id=481 gesture_id=24 kind=motion t_ns=699025809658 source=injected
K230_CARD_SHELL state mode=2 actions=1 message=0 cards=1
K230_CARD_BENCH v=1 run=681821333620 event=input input_id=480 gesture_id=24 kind=motion t_ns=699023683126 source=injected
K230_CARD_SHELL state mode=2 actions=1 message=0 cards=1
K230_CARD_BENCH v=1 run=681821333620 event=input input_id=479 gesture_id=24 kind=motion t_ns=699023352062 source=injected
K230_CARD_SHELL state mode=2 actions=1 message=0 cards=1
K230_CARD_SHELL frame-cost run=681821333620 frame_id=626 total_cpu_ns=15030093 render_cpu_ns=14031277 input_cpu_ns=821260
K230_CARD_BENCH v=1 run=681821333620 event=submit input_id=478 frame_id=626 t_ns=699019703166 update_cpu_ns=15030093 final=0
K230_CARD_BENCH v=1 run=681821333620 event=submit input_id=477 frame_id=626 t_ns=699019703166 update_cpu_ns=15030093 final=0
K230_CARD_BENCH v=1 run=681821333620 event=submit input_id=476 frame_id=626 t_ns=699019703166 update_cpu_ns=15030093 final=0
K230_CARD_BENCH v=1 run=681821333620 event=submit input_id=475 frame_id=626 t_ns=699019703166 update_cpu_ns=15030093 final=0
K230_CARD_BENCH v=1 run=681821333620 event=present frame_id=625 t_ns=699000046000 presented=1 clock=monotonic
K230_CARD_BENCH v=1 run=681821333620 event=input input_id=478 gesture_id=24 kind=motion t_ns=699000161092 source=injected
K230_CARD_SHELL state mode=2 actions=1 message=0 cards=1
K230_CARD_BENCH v=1 run=681821333620 event=input input_id=477 gesture_id=24 kind=motion t_ns=698999767103 source=injected
K230_CARD_SHELL state mode=2 actions=1 message=0 cards=1
K230_CARD_BENCH v=1 run=681821333620 event=input input_id=476 gesture_id=24 kind=motion t_ns=698997968524 source=injected
K230_CARD_SHELL state mode=2 actions=1 message=0 cards=1
K230_CARD_BENCH v=1 run=681821333620 event=input input_id=475 gesture_id=24 kind=motion t_ns=698997691977 source=injected
K230_CARD_SHELL state mode=2 actions=1 message=0 cards=1
K230_CARD_SHELL frame-cost run=681821333620 frame_id=625 total_cpu_ns=15158932 render_cpu_ns=14277113 input_cpu_ns=667965
K230_CARD_BENCH v=1 run=681821333620 event=submit input_id=474 frame_id=625 t_ns=698995501594 update_cpu_ns=15158932 final=0
K230_CARD_BENCH v=1 run=681821333620 event=submit input_id=473 frame_id=625 t_ns=698995501594 update_cpu_ns=15158932 final=0
K230_CARD_BENCH v=1 run=681821333620 event=present frame_id=624 t_ns=698961708000 presented=1 clock=monotonic
K230_CARD_BENCH v=1 run=681821333620 event=input input_id=474 gesture_id=24 kind=motion t_ns=698963938193 source=injected
K230_CARD_SHELL state mode=2 actions=1 message=0 cards=1
K230_CARD_BENCH v=1 run=681821333620 event=input input_id=473 gesture_id=24 kind=motion t_ns=698961384265 source=injected
K230_CARD_SHELL state mode=2 actions=1 message=0 cards=1
K230_CARD_BENCH v=1 run=681821333620 event=present frame_id=623 t_ns=698942543000 presented=1 clock=monotonic
K230_CARD_SHELL state mode=2 actions=1 message=0 cards=1
K230_CARD_BENCH v=1 run=681821333620 event=present frame_id=622 t_ns=698904221000 presented=1 clock=monotonic
K230_CARD_BENCH v=1 run=681821333620 event=present frame_id=621 t_ns=698885061000 presented=1 clock=monotonic
K230_CARD_SHELL live cards=1 commits=454 sampled=906 frame-done=908 output-presented=454
K230_CARD_BENCH v=1 run=681821333620 event=present frame_id=620 t_ns=698846739000 presented=1 clock=monotonic
K230_CARD_BENCH v=1 run=681821333620 event=present frame_id=619 t_ns=698827580000 presented=1 clock=monotonic
K230_CARD_BENCH v=1 run=681821333620 event=present frame_id=618 t_ns=698789258000 presented=1 clock=monotonic
K230_CARD_BENCH v=1 run=681821333620 event=present frame_id=617 t_ns=698770097000 presented=1 clock=monotonic
K230_CARD_BENCH v=1 run=681821333620 event=present frame_id=616 t_ns=698731773000 presented=1 clock=monotonic
K230_CARD_BENCH v=1 run=681821333620 event=present frame_id=615 t_ns=698712614000 presented=1 clock=monotonic
K230_CARD_BENCH v=1 run=681821333620 event=present frame_id=614 t_ns=698674292000 presented=1 clock=monotonic
K230_CARD_BENCH v=1 run=681821333620 event=present frame_id=613 t_ns=698655132000 presented=1 clock=monotonic
K230_CARD_SHELL frame-cost run=681821333620 frame_id=613 total_cpu_ns=14707304 render_cpu_ns=13840381 input_cpu_ns=628332
K230_CARD_BENCH v=1 run=681821333620 event=submit input_id=472 frame_id=613 t_ns=698642931110 update_cpu_ns=14707304 final=1
K230_CARD_BENCH v=1 run=681821333620 event=submit input_id=471 frame_id=613 t_ns=698642931110 update_cpu_ns=14707304 final=0
K230_CARD_BENCH v=1 run=681821333620 event=present frame_id=612 t_ns=698616811000 presented=1 clock=monotonic
K230_CARD_BENCH v=1 run=681821333620 event=input input_id=472 gesture_id=23 kind=release t_ns=698617059399 source=injected
K230_CARD_SHELL state mode=1 actions=1 message=0 cards=1
K230_CARD_BENCH v=1 run=681821333620 event=input input_id=471 gesture_id=23 kind=motion t_ns=698615182193 source=injected
K230_CARD_SHELL state mode=2 actions=1 message=0 cards=1
K230_CARD_SHELL frame-cost run=681821333620 frame_id=612 total_cpu_ns=14175329 render_cpu_ns=11550362 input_cpu_ns=2369188
K230_CARD_BENCH v=1 run=681821333620 event=submit input_id=470 frame_id=612 t_ns=698610825798 update_cpu_ns=14175329 final=0
K230_CARD_BENCH v=1 run=681821333620 event=submit input_id=469 frame_id=612 t_ns=698610825798 update_cpu_ns=14175329 final=0
K230_CARD_BENCH v=1 run=681821333620 event=submit input_id=468 frame_id=612 t_ns=698610825798 update_cpu_ns=14175329 final=0
K230_CARD_BENCH v=1 run=681821333620 event=submit input_id=467 frame_id=612 t_ns=698610825798 update_cpu_ns=14175329 final=0
K230_CARD_BENCH v=1 run=681821333620 event=submit input_id=466 frame_id=612 t_ns=698610825798 update_cpu_ns=14175329 final=0
K230_CARD_BENCH v=1 run=681821333620 event=submit input_id=465 frame_id=612 t_ns=698610825798 update_cpu_ns=14175329 final=0
K230_CARD_BENCH v=1 run=681821333620 event=present frame_id=611 t_ns=698597650000 presented=1 clock=monotonic
K230_CARD_BENCH v=1 run=681821333620 event=input input_id=470 gesture_id=23 kind=motion t_ns=698595973219 source=injected
K230_CARD_SHELL state mode=2 actions=1 message=0 cards=1
K230_CARD_BENCH v=1 run=681821333620 event=input input_id=469 gesture_id=23 kind=motion t_ns=698593611509 source=injected
K230_CARD_SHELL state mode=2 actions=1 message=0 cards=1
K230_CARD_BENCH v=1 run=681821333620 event=input input_id=468 gesture_id=23 kind=motion t_ns=698592356470 source=injected
K230_CARD_SHELL state mode=2 actions=1 message=0 cards=1
K230_CARD_BENCH v=1 run=681821333620 event=input input_id=467 gesture_id=23 kind=motion t_ns=698591106617 source=injected
K230_CARD_SHELL state mode=2 actions=1 message=0 cards=1
K230_CARD_BENCH v=1 run=681821333620 event=input input_id=466 gesture_id=23 kind=motion t_ns=698589231633 source=injected
K230_CARD_SHELL state mode=2 actions=1 message=0 cards=1
K230_CARD_BENCH v=1 run=681821333620 event=input input_id=465 gesture_id=23 kind=motion t_ns=698587208246 source=injected
K230_CARD_SHELL state mode=2 actions=1 message=0 cards=1
K230_CARD_BENCH v=1 run=681821333620 event=present frame_id=610 t_ns=698559335000 presented=1 clock=monotonic
K230_CARD_SHELL frame-cost run=681821333620 frame_id=610 total_cpu_ns=15241117 render_cpu_ns=13687377 input_cpu_ns=1369851
K230_CARD_BENCH v=1 run=681821333620 event=submit input_id=464 frame_id=610 t_ns=698555646252 update_cpu_ns=15241117 final=0
K230_CARD_BENCH v=1 run=681821333620 event=submit input_id=463 frame_id=610 t_ns=698555646252 update_cpu_ns=15241117 final=0
K230_CARD_BENCH v=1 run=681821333620 event=submit input_id=462 frame_id=610 t_ns=698555646252 update_cpu_ns=15241117 final=0
K230_CARD_BENCH v=1 run=681821333620 event=submit input_id=461 frame_id=610 t_ns=698555646252 update_cpu_ns=15241117 final=0
K230_CARD_BENCH v=1 run=681821333620 event=present frame_id=609 t_ns=698540168000 presented=1 clock=monotonic
K230_CARD_BENCH v=1 run=681821333620 event=input input_id=464 gesture_id=23 kind=motion t_ns=698537478508 source=injected
K230_CARD_SHELL state mode=2 actions=1 message=0 cards=1
K230_CARD_BENCH v=1 run=681821333620 event=input input_id=463 gesture_id=23 kind=motion t_ns=698535349457 source=injected
K230_CARD_SHELL state mode=2 actions=1 message=0 cards=1
K230_CARD_BENCH v=1 run=681821333620 event=input input_id=462 gesture_id=23 kind=motion t_ns=698534016087 source=injected
K230_CARD_SHELL state mode=2 actions=1 message=0 cards=1
K230_CARD_BENCH v=1 run=681821333620 event=input input_id=461 gesture_id=23 kind=motion t_ns=698532822566 source=injected
K230_CARD_SHELL state mode=2 actions=1 message=0 cards=1
K230_CARD_SHELL frame-cost run=681821333620 frame_id=609 total_cpu_ns=14613826 render_cpu_ns=13891161 input_cpu_ns=514925
K230_CARD_BENCH v=1 run=681821333620 event=submit input_id=460 frame_id=609 t_ns=698529701099 update_cpu_ns=14613826 final=0
K230_CARD_BENCH v=1 run=681821333620 event=submit input_id=459 frame_id=609 t_ns=698529701099 update_cpu_ns=14613826 final=0
K230_CARD_BENCH v=1 run=681821333620 event=present frame_id=608 t_ns=698501859000 presented=1 clock=monotonic
K230_CARD_BENCH v=1 run=681821333620 event=input input_id=460 gesture_id=23 kind=motion t_ns=698504710289 source=injected
K230_CARD_SHELL state mode=2 actions=1 message=0 cards=1
K230_CARD_BENCH v=1 run=681821333620 event=input input_id=459 gesture_id=23 kind=motion t_ns=698504299189 source=injected
K230_CARD_SHELL state mode=2 actions=1 message=0 cards=1
K230_CARD_SHELL frame-cost run=681821333620 frame_id=608 total_cpu_ns=15620387 render_cpu_ns=14010057 input_cpu_ns=1357037
K230_CARD_BENCH v=1 run=681821333620 event=submit input_id=458 frame_id=608 t_ns=698498894343 update_cpu_ns=15620387 final=0
K230_CARD_BENCH v=1 run=681821333620 event=submit input_id=457 frame_id=608 t_ns=698498894343 update_cpu_ns=15620387 final=0
K230_CARD_BENCH v=1 run=681821333620 event=submit input_id=456 frame_id=608 t_ns=698498894343 update_cpu_ns=15620387 final=0
K230_CARD_BENCH v=1 run=681821333620 event=submit input_id=455 frame_id=608 t_ns=698498894343 update_cpu_ns=15620387 final=0
K230_CARD_BENCH v=1 run=681821333620 event=submit input_id=454 frame_id=608 t_ns=698498894343 update_cpu_ns=15620387 final=0
K230_CARD_BENCH v=1 run=681821333620 event=present frame_id=607 t_ns=698482687000 presented=1 clock=monotonic
K230_CARD_BENCH v=1 run=681821333620 event=input input_id=458 gesture_id=23 kind=motion t_ns=698479017610 source=injected
K230_CARD_SHELL state mode=2 actions=1 message=0 cards=1
K230_CARD_BENCH v=1 run=681821333620 event=input input_id=457 gesture_id=23 kind=motion t_ns=698477857754 source=injected
K230_CARD_SHELL state mode=2 actions=1 message=0 cards=1
K230_CARD_BENCH v=1 run=681821333620 event=input input_id=456 gesture_id=23 kind=motion t_ns=698476691861 source=injected
K230_CARD_SHELL state mode=2 actions=1 message=0 cards=1
K230_CARD_BENCH v=1 run=681821333620 event=input input_id=455 gesture_id=23 kind=motion t_ns=698474828951 source=injected
K230_CARD_SHELL state mode=2 actions=1 message=0 cards=1
K230_CARD_BENCH v=1 run=681821333620 event=input input_id=454 gesture_id=23 kind=motion t_ns=698472685345 source=injected
K230_CARD_SHELL state mode=2 actions=1 message=0 cards=1
K230_CARD_BENCH v=1 run=681821333620 event=present frame_id=606 t_ns=698444368000 presented=1 clock=monotonic
K230_CARD_SHELL frame-cost run=681821333620 frame_id=606 total_cpu_ns=14772302 render_cpu_ns=13984116 input_cpu_ns=403481
K230_CARD_BENCH v=1 run=681821333620 event=submit input_id=453 frame_id=606 t_ns=698442019215 update_cpu_ns=14772302 final=0
K230_CARD_BENCH v=1 run=681821333620 event=submit input_id=452 frame_id=606 t_ns=698442019215 update_cpu_ns=14772302 final=0
K230_CARD_BENCH v=1 run=681821333620 event=present frame_id=605 t_ns=698425206000 presented=1 clock=monotonic
K230_CARD_BENCH v=1 run=681821333620 event=input input_id=453 gesture_id=23 kind=motion t_ns=698424599042 source=injected
K230_CARD_SHELL state mode=2 actions=1 message=0 cards=1
K230_CARD_BENCH v=1 run=681821333620 event=input input_id=452 gesture_id=23 kind=motion t_ns=698414593918 source=injected
K230_CARD_SHELL state mode=2 actions=1 message=0 cards=1
K230_CARD_SHELL state mode=2 actions=1 message=0 cards=1
K230_CARD_BENCH v=1 run=681821333620 event=present frame_id=604 t_ns=698386883000 presented=1 clock=monotonic
K230_CARD_BENCH v=1 run=681821333620 event=present frame_id=603 t_ns=698348562000 presented=1 clock=monotonic
K230_CARD_BENCH v=1 run=681821333620 event=present frame_id=602 t_ns=698329401000 presented=1 clock=monotonic
K230_CARD_BENCH v=1 run=681821333620 event=present frame_id=601 t_ns=698291077000 presented=1 clock=monotonic
K230_CARD_BENCH v=1 run=681821333620 event=present frame_id=600 t_ns=698271919000 presented=1 clock=monotonic
K230_CARD_BENCH v=1 run=681821333620 event=present frame_id=599 t_ns=698233596000 presented=1 clock=monotonic
K230_CARD_BENCH v=1 run=681821333620 event=present frame_id=598 t_ns=698214436000 presented=1 clock=monotonic
K230_CARD_BENCH v=1 run=681821333620 event=present frame_id=597 t_ns=698176116000 presented=1 clock=monotonic
K230_CARD_BENCH v=1 run=681821333620 event=present frame_id=596 t_ns=698156954000 presented=1 clock=monotonic
K230_CARD_BENCH v=1 run=681821333620 event=present frame_id=595 t_ns=698118634000 presented=1 clock=monotonic
K230_CARD_SHELL frame-cost run=681821333620 frame_id=595 total_cpu_ns=15898754 render_cpu_ns=13860279 input_cpu_ns=1597403
K230_CARD_BENCH v=1 run=681821333620 event=submit input_id=451 frame_id=595 t_ns=698114878083 update_cpu_ns=15898754 final=1
K230_CARD_BENCH v=1 run=681821333620 event=submit input_id=450 frame_id=595 t_ns=698114878083 update_cpu_ns=15898754 final=0
K230_CARD_BENCH v=1 run=681821333620 event=submit input_id=449 frame_id=595 t_ns=698114878083 update_cpu_ns=15898754 final=0
K230_CARD_BENCH v=1 run=681821333620 event=submit input_id=448 frame_id=595 t_ns=698114878083 update_cpu_ns=15898754 final=0
K230_CARD_BENCH v=1 run=681821333620 event=present frame_id=594 t_ns=698099472000 presented=1 clock=monotonic
K230_CARD_BENCH v=1 run=681821333620 event=input input_id=451 gesture_id=22 kind=release t_ns=698091362380 source=injected
K230_CARD_SHELL state mode=1 actions=1 message=0 cards=1
K230_CARD_BENCH v=1 run=681821333620 event=input input_id=450 gesture_id=22 kind=motion t_ns=698089910051 source=injected
K230_CARD_SHELL state mode=2 actions=1 message=0 cards=1
K230_CARD_BENCH v=1 run=681821333620 event=input input_id=449 gesture_id=22 kind=motion t_ns=698089361733 source=injected
K230_CARD_SHELL state mode=2 actions=1 message=0 cards=1
K230_CARD_BENCH v=1 run=681821333620 event=input input_id=448 gesture_id=22 kind=motion t_ns=698086808842 source=injected
K230_CARD_SHELL state mode=2 actions=1 message=0 cards=1
K230_CARD_SHELL frame-cost run=681821333620 frame_id=594 total_cpu_ns=15806920 render_cpu_ns=12520589 input_cpu_ns=2943481
K230_CARD_BENCH v=1 run=681821333620 event=submit input_id=447 frame_id=594 t_ns=698085569507 update_cpu_ns=15806920 final=0
K230_CARD_BENCH v=1 run=681821333620 event=submit input_id=446 frame_id=594 t_ns=698085569507 update_cpu_ns=15806920 final=0
K230_CARD_BENCH v=1 run=681821333620 event=submit input_id=445 frame_id=594 t_ns=698085569507 update_cpu_ns=15806920 final=0
K230_CARD_BENCH v=1 run=681821333620 event=submit input_id=444 frame_id=594 t_ns=698085569507 update_cpu_ns=15806920 final=0
K230_CARD_BENCH v=1 run=681821333620 event=submit input_id=443 frame_id=594 t_ns=698085569507 update_cpu_ns=15806920 final=0
K230_CARD_BENCH v=1 run=681821333620 event=submit input_id=442 frame_id=594 t_ns=698085569507 update_cpu_ns=15806920 final=0
K230_CARD_BENCH v=1 run=681821333620 event=present frame_id=593 t_ns=698061152000 presented=1 clock=monotonic
K230_CARD_BENCH v=1 run=681821333620 event=input input_id=447 gesture_id=22 kind=motion t_ns=698067850454 source=injected
K230_CARD_SHELL state mode=2 actions=1 message=0 cards=1
K230_CARD_BENCH v=1 run=681821333620 event=input input_id=446 gesture_id=22 kind=motion t_ns=698066283165 source=injected
K230_CARD_SHELL state mode=2 actions=1 message=0 cards=1
K230_CARD_BENCH v=1 run=681821333620 event=input input_id=445 gesture_id=22 kind=motion t_ns=698063819679 source=injected
K230_CARD_SHELL state mode=2 actions=1 message=0 cards=1
K230_CARD_BENCH v=1 run=681821333620 event=input input_id=444 gesture_id=22 kind=motion t_ns=698061026796 source=injected
K230_CARD_SHELL state mode=2 actions=1 message=0 cards=1
K230_CARD_BENCH v=1 run=681821333620 event=input input_id=443 gesture_id=22 kind=motion t_ns=698060399480 source=injected
K230_CARD_SHELL state mode=2 actions=1 message=0 cards=1
K230_CARD_BENCH v=1 run=681821333620 event=input input_id=442 gesture_id=22 kind=motion t_ns=698058943595 source=injected
K230_CARD_SHELL state mode=2 actions=1 message=0 cards=1
K230_CARD_BENCH v=1 run=681821333620 event=present frame_id=592 t_ns=698022832000 presented=1 clock=monotonic
K230_CARD_BENCH v=1 run=681821333620 event=resource phase=active t_ns=698028174320 cpu_ns=13808627000 memory_bytes=19709952 scope=session
K230_CARD_BENCH v=1 run=681821333620 event=resource phase=active t_ns=698028174320 cpu_ns=8391299973 memory_bytes=27570176 scope=compositor
K230_CARD_SHELL frame-cost run=681821333620 frame_id=592 total_cpu_ns=16927083 render_cpu_ns=14091008 input_cpu_ns=2520817
K230_CARD_BENCH v=1 run=681821333620 event=submit input_id=441 frame_id=592 t_ns=698019751225 update_cpu_ns=16927083 final=0
K230_CARD_BENCH v=1 run=681821333620 event=submit input_id=440 frame_id=592 t_ns=698019751225 update_cpu_ns=16927083 final=0
K230_CARD_BENCH v=1 run=681821333620 event=submit input_id=439 frame_id=592 t_ns=698019751225 update_cpu_ns=16927083 final=0
K230_CARD_BENCH v=1 run=681821333620 event=submit input_id=438 frame_id=592 t_ns=698019751225 update_cpu_ns=16927083 final=0
K230_CARD_BENCH v=1 run=681821333620 event=submit input_id=437 frame_id=592 t_ns=698019751225 update_cpu_ns=16927083 final=0
K230_CARD_BENCH v=1 run=681821333620 event=submit input_id=436 frame_id=592 t_ns=698019751225 update_cpu_ns=16927083 final=0
K230_CARD_BENCH v=1 run=681821333620 event=submit input_id=435 frame_id=592 t_ns=698019751225 update_cpu_ns=16927083 final=0
K230_CARD_BENCH v=1 run=681821333620 event=submit input_id=434 frame_id=592 t_ns=698019751225 update_cpu_ns=16927083 final=0
K230_CARD_BENCH v=1 run=681821333620 event=submit input_id=433 frame_id=592 t_ns=698019751225 update_cpu_ns=16927083 final=0
K230_CARD_BENCH v=1 run=681821333620 event=present frame_id=591 t_ns=698003669000 presented=1 clock=monotonic
K230_CARD_BENCH v=1 run=681821333620 event=input input_id=441 gesture_id=22 kind=motion t_ns=698001414743 source=injected
K230_CARD_SHELL state mode=2 actions=1 message=0 cards=1
K230_CARD_BENCH v=1 run=681821333620 event=input input_id=440 gesture_id=22 kind=motion t_ns=697999576647 source=injected
K230_CARD_SHELL state mode=2 actions=1 message=0 cards=1
K230_CARD_BENCH v=1 run=681821333620 event=input input_id=439 gesture_id=22 kind=motion t_ns=697999199176 source=injected
K230_CARD_SHELL state mode=2 actions=1 message=0 cards=1
K230_CARD_BENCH v=1 run=681821333620 event=input input_id=438 gesture_id=22 kind=motion t_ns=697998705930 source=injected
K230_CARD_SHELL state mode=2 actions=1 message=0 cards=1
K230_CARD_BENCH v=1 run=681821333620 event=input input_id=437 gesture_id=22 kind=motion t_ns=697996988312 source=injected
K230_CARD_SHELL state mode=2 actions=1 message=0 cards=1
K230_CARD_BENCH v=1 run=681821333620 event=input input_id=436 gesture_id=22 kind=motion t_ns=697996697172 source=injected
K230_CARD_SHELL state mode=2 actions=1 message=0 cards=1
K230_CARD_BENCH v=1 run=681821333620 event=input input_id=435 gesture_id=22 kind=motion t_ns=697995814197 source=injected
K230_CARD_SHELL state mode=2 actions=1 message=0 cards=1
K230_CARD_BENCH v=1 run=681821333620 event=input input_id=434 gesture_id=22 kind=motion t_ns=697994260759 source=injected
K230_CARD_SHELL state mode=2 actions=1 message=0 cards=1
K230_CARD_BENCH v=1 run=681821333620 event=input input_id=433 gesture_id=22 kind=motion t_ns=697992441366 source=injected
K230_CARD_SHELL state mode=2 actions=1 message=0 cards=1
K230_CARD_BENCH v=1 run=681821333620 event=present frame_id=590 t_ns=697946189000 presented=1 clock=monotonic
K230_CARD_SHELL frame-cost run=681821333620 frame_id=590 total_cpu_ns=14460580 render_cpu_ns=13982541 input_cpu_ns=386445
K230_CARD_BENCH v=1 run=681821333620 event=submit input_id=432 frame_id=590 t_ns=697938368592 update_cpu_ns=14460580 final=0
K230_CARD_BENCH v=1 run=681821333620 event=submit input_id=431 frame_id=590 t_ns=697938368592 update_cpu_ns=14460580 final=0
K230_CARD_BENCH v=1 run=681821333620 event=present frame_id=589 t_ns=697907868000 presented=1 clock=monotonic
K230_CARD_BENCH v=1 run=681821333620 event=input input_id=432 gesture_id=22 kind=motion t_ns=697904931756 source=injected
K230_CARD_SHELL state mode=2 actions=1 message=0 cards=1
K230_CARD_BENCH v=1 run=681821333620 event=input input_id=431 gesture_id=22 kind=motion t_ns=697898411606 source=injected
K230_CARD_SHELL state mode=2 actions=1 message=0 cards=1
K230_CARD_SHELL state mode=2 actions=1 message=0 cards=1
K230_CARD_BENCH v=1 run=681821333620 event=present frame_id=588 t_ns=697888707000 presented=1 clock=monotonic
K230_CARD_BENCH v=1 run=681821333620 event=present frame_id=587 t_ns=697831225000 presented=1 clock=monotonic
K230_CARD_BENCH v=1 run=681821333620 event=present frame_id=586 t_ns=697792903000 presented=1 clock=monotonic
K230_CARD_BENCH v=1 run=681821333620 event=present frame_id=585 t_ns=697735420000 presented=1 clock=monotonic
K230_CARD_BENCH v=1 run=681821333620 event=present frame_id=584 t_ns=697697100000 presented=1 clock=monotonic
K230_CARD_BENCH v=1 run=681821333620 event=present frame_id=583 t_ns=697620457000 presented=1 clock=monotonic
K230_CARD_SHELL frame-cost run=681821333620 frame_id=583 total_cpu_ns=16131799 render_cpu_ns=14145135 input_cpu_ns=1699775
K230_CARD_BENCH v=1 run=681821333620 event=submit input_id=430 frame_id=583 t_ns=697615280614 update_cpu_ns=16131799 final=1
K230_CARD_BENCH v=1 run=681821333620 event=submit input_id=429 frame_id=583 t_ns=697615280614 update_cpu_ns=16131799 final=0
K230_CARD_BENCH v=1 run=681821333620 event=submit input_id=428 frame_id=583 t_ns=697615280614 update_cpu_ns=16131799 final=0
K230_CARD_BENCH v=1 run=681821333620 event=submit input_id=427 frame_id=583 t_ns=697615280614 update_cpu_ns=16131799 final=0
K230_CARD_BENCH v=1 run=681821333620 event=submit input_id=426 frame_id=583 t_ns=697615280614 update_cpu_ns=16131799 final=0
K230_CARD_BENCH v=1 run=681821333620 event=submit input_id=425 frame_id=583 t_ns=697615280614 update_cpu_ns=16131799 final=0
K230_CARD_BENCH v=1 run=681821333620 event=present frame_id=582 t_ns=697582136000 presented=1 clock=monotonic
K230_CARD_BENCH v=1 run=681821333620 event=input input_id=430 gesture_id=21 kind=release t_ns=697580705106 source=injected
K230_CARD_SHELL state mode=1 actions=1 message=0 cards=1
K230_CARD_BENCH v=1 run=681821333620 event=input input_id=429 gesture_id=21 kind=motion t_ns=697580284785 source=injected
K230_CARD_SHELL state mode=2 actions=1 message=0 cards=1
K230_CARD_BENCH v=1 run=681821333620 event=input input_id=428 gesture_id=21 kind=motion t_ns=697576758884 source=injected
K230_CARD_SHELL state mode=2 actions=1 message=0 cards=1
K230_CARD_BENCH v=1 run=681821333620 event=input input_id=427 gesture_id=21 kind=motion t_ns=697576327452 source=injected
K230_CARD_SHELL state mode=2 actions=1 message=0 cards=1
K230_CARD_BENCH v=1 run=681821333620 event=input input_id=426 gesture_id=21 kind=motion t_ns=697570719647 source=injected
K230_CARD_SHELL state mode=2 actions=1 message=0 cards=1
K230_CARD_BENCH v=1 run=681821333620 event=input input_id=425 gesture_id=21 kind=motion t_ns=697570309510 source=injected
K230_CARD_SHELL state mode=2 actions=1 message=0 cards=1
K230_CARD_SHELL frame-cost run=681821333620 frame_id=582 total_cpu_ns=14780220 render_cpu_ns=13180663 input_cpu_ns=1303556
K230_CARD_BENCH v=1 run=681821333620 event=submit input_id=424 frame_id=582 t_ns=697569336760 update_cpu_ns=14780220 final=0
K230_CARD_BENCH v=1 run=681821333620 event=submit input_id=423 frame_id=582 t_ns=697569336760 update_cpu_ns=14780220 final=0
K230_CARD_BENCH v=1 run=681821333620 event=submit input_id=422 frame_id=582 t_ns=697569336760 update_cpu_ns=14780220 final=0
K230_CARD_BENCH v=1 run=681821333620 event=submit input_id=421 frame_id=582 t_ns=697569336760 update_cpu_ns=14780220 final=0
K230_CARD_BENCH v=1 run=681821333620 event=submit input_id=420 frame_id=582 t_ns=697569336760 update_cpu_ns=14780220 final=0
K230_CARD_BENCH v=1 run=681821333620 event=present frame_id=581 t_ns=697505493000 presented=1 clock=monotonic
K230_CARD_BENCH v=1 run=681821333620 event=input input_id=424 gesture_id=21 kind=motion t_ns=697520369916 source=injected
K230_CARD_SHELL state mode=2 actions=1 message=0 cards=1
K230_CARD_BENCH v=1 run=681821333620 event=input input_id=423 gesture_id=21 kind=motion t_ns=697514168980 source=injected
K230_CARD_SHELL state mode=2 actions=1 message=0 cards=1
K230_CARD_BENCH v=1 run=681821333620 event=input input_id=422 gesture_id=21 kind=motion t_ns=697513808101 source=injected
K230_CARD_SHELL state mode=2 actions=1 message=0 cards=1
K230_CARD_BENCH v=1 run=681821333620 event=input input_id=421 gesture_id=21 kind=motion t_ns=697513070455 source=injected
K230_CARD_SHELL state mode=2 actions=1 message=0 cards=1
K230_CARD_BENCH v=1 run=681821333620 event=input input_id=420 gesture_id=21 kind=motion t_ns=697512679133 source=injected
K230_CARD_SHELL state mode=2 actions=1 message=0 cards=1
K230_CARD_SHELL frame-cost run=681821333620 frame_id=581 total_cpu_ns=16449202 render_cpu_ns=13963566 input_cpu_ns=1926933
K230_CARD_BENCH v=1 run=681821333620 event=submit input_id=419 frame_id=581 t_ns=697498424126 update_cpu_ns=16449202 final=0
K230_CARD_BENCH v=1 run=681821333620 event=submit input_id=418 frame_id=581 t_ns=697498424126 update_cpu_ns=16449202 final=0
K230_CARD_BENCH v=1 run=681821333620 event=submit input_id=417 frame_id=581 t_ns=697498424126 update_cpu_ns=16449202 final=0
K230_CARD_BENCH v=1 run=681821333620 event=submit input_id=416 frame_id=581 t_ns=697498424126 update_cpu_ns=16449202 final=0
K230_CARD_BENCH v=1 run=681821333620 event=submit input_id=415 frame_id=581 t_ns=697498424126 update_cpu_ns=16449202 final=0
K230_CARD_BENCH v=1 run=681821333620 event=submit input_id=414 frame_id=581 t_ns=697498424126 update_cpu_ns=16449202 final=0
K230_CARD_BENCH v=1 run=681821333620 event=submit input_id=413 frame_id=581 t_ns=697498424126 update_cpu_ns=16449202 final=0
K230_CARD_BENCH v=1 run=681821333620 event=submit input_id=412 frame_id=581 t_ns=697498424126 update_cpu_ns=16449202 final=0
K230_CARD_BENCH v=1 run=681821333620 event=present frame_id=580 t_ns=697448065000 presented=1 clock=monotonic
K230_CARD_BENCH v=1 run=681821333620 event=input input_id=419 gesture_id=21 kind=motion t_ns=697462750205 source=injected
K230_CARD_SHELL state mode=2 actions=1 message=0 cards=1
K230_CARD_BENCH v=1 run=681821333620 event=input input_id=418 gesture_id=21 kind=motion t_ns=697458051078 source=injected
K230_CARD_SHELL state mode=2 actions=1 message=0 cards=1
K230_CARD_BENCH v=1 run=681821333620 event=input input_id=417 gesture_id=21 kind=motion t_ns=697457718976 source=injected
K230_CARD_SHELL state mode=2 actions=1 message=0 cards=1
K230_CARD_BENCH v=1 run=681821333620 event=input input_id=416 gesture_id=21 kind=motion t_ns=697452270907 source=injected
K230_CARD_SHELL state mode=2 actions=1 message=0 cards=1
K230_CARD_BENCH v=1 run=681821333620 event=input input_id=415 gesture_id=21 kind=motion t_ns=697451828586 source=injected
K230_CARD_SHELL state mode=2 actions=1 message=0 cards=1
K230_CARD_BENCH v=1 run=681821333620 event=input input_id=414 gesture_id=21 kind=motion t_ns=697449309843 source=injected
K230_CARD_SHELL state mode=2 actions=1 message=0 cards=1
K230_CARD_BENCH v=1 run=681821333620 event=input input_id=413 gesture_id=21 kind=motion t_ns=697449005333 source=injected
K230_CARD_SHELL state mode=2 actions=1 message=0 cards=1
K230_CARD_BENCH v=1 run=681821333620 event=input input_id=412 gesture_id=21 kind=motion t_ns=697444465794 source=injected
K230_CARD_SHELL state mode=2 actions=1 message=0 cards=1
K230_CARD_SHELL frame-cost run=681821333620 frame_id=580 total_cpu_ns=14852303 render_cpu_ns=14344857 input_cpu_ns=308778
K230_CARD_BENCH v=1 run=681821333620 event=submit input_id=411 frame_id=580 t_ns=697436307320 update_cpu_ns=14852303 final=0
K230_CARD_BENCH v=1 run=681821333620 event=submit input_id=410 frame_id=580 t_ns=697436307320 update_cpu_ns=14852303 final=0
K230_CARD_BENCH v=1 run=681821333620 event=present frame_id=579 t_ns=697371367000 presented=1 clock=monotonic
K230_CARD_BENCH v=1 run=681821333620 event=input input_id=411 gesture_id=21 kind=motion t_ns=697383586989 source=injected
K230_CARD_SHELL state mode=2 actions=1 message=0 cards=1
K230_CARD_BENCH v=1 run=681821333620 event=input input_id=410 gesture_id=21 kind=motion t_ns=697382513316 source=injected
K230_CARD_SHELL state mode=2 actions=1 message=0 cards=1
K230_CARD_SHELL state mode=2 actions=1 message=0 cards=1
K230_CARD_BENCH v=1 run=681821333620 event=present frame_id=578 t_ns=697333045000 presented=1 clock=monotonic
K230_CARD_BENCH v=1 run=681821333620 event=present frame_id=577 t_ns=697275562000 presented=1 clock=monotonic
K230_CARD_BENCH v=1 run=681821333620 event=present frame_id=576 t_ns=697237243000 presented=1 clock=monotonic
K230_CARD_BENCH v=1 run=681821333620 event=present frame_id=575 t_ns=697179759000 presented=1 clock=monotonic
K230_CARD_BENCH v=1 run=681821333620 event=present frame_id=574 t_ns=697122279000 presented=1 clock=monotonic
K230_CARD_BENCH v=1 run=681821333620 event=present frame_id=573 t_ns=697083957000 presented=1 clock=monotonic
K230_CARD_SHELL frame-cost run=681821333620 frame_id=573 total_cpu_ns=16689930 render_cpu_ns=14648490 input_cpu_ns=1860884
K230_CARD_BENCH v=1 run=681821333620 event=submit input_id=409 frame_id=573 t_ns=697069536646 update_cpu_ns=16689930 final=1
K230_CARD_BENCH v=1 run=681821333620 event=submit input_id=408 frame_id=573 t_ns=697069536646 update_cpu_ns=16689930 final=0
K230_CARD_BENCH v=1 run=681821333620 event=submit input_id=407 frame_id=573 t_ns=697069536646 update_cpu_ns=16689930 final=0
K230_CARD_BENCH v=1 run=681821333620 event=present frame_id=572 t_ns=697045635000 presented=1 clock=monotonic
K230_CARD_BENCH v=1 run=681821333620 event=input input_id=409 gesture_id=20 kind=release t_ns=697041658505 source=injected
K230_CARD_SHELL state mode=1 actions=1 message=0 cards=1
K230_CARD_BENCH v=1 run=681821333620 event=input input_id=408 gesture_id=20 kind=motion t_ns=697039477751 source=injected
K230_CARD_SHELL state mode=2 actions=1 message=0 cards=1
K230_CARD_BENCH v=1 run=681821333620 event=input input_id=407 gesture_id=20 kind=motion t_ns=697038458373 source=injected
K230_CARD_SHELL state mode=2 actions=1 message=0 cards=1
K230_CARD_BENCH v=1 run=681821333620 event=present frame_id=571 t_ns=697007313000 presented=1 clock=monotonic
K230_CARD_BENCH v=1 run=681821333620 event=resource phase=active t_ns=697009536483 cpu_ns=13392644000 memory_bytes=19705856 scope=session
K230_CARD_BENCH v=1 run=681821333620 event=resource phase=active t_ns=697009536483 cpu_ns=8074693095 memory_bytes=27570176 scope=compositor
K230_CARD_SHELL frame-cost run=681821333620 frame_id=571 total_cpu_ns=13955981 render_cpu_ns=11892650 input_cpu_ns=1787037
K230_CARD_BENCH v=1 run=681821333620 event=submit input_id=406 frame_id=571 t_ns=697002813560 update_cpu_ns=13955981 final=0
K230_CARD_BENCH v=1 run=681821333620 event=submit input_id=405 frame_id=571 t_ns=697002813560 update_cpu_ns=13955981 final=0
K230_CARD_BENCH v=1 run=681821333620 event=submit input_id=404 frame_id=571 t_ns=697002813560 update_cpu_ns=13955981 final=0
K230_CARD_BENCH v=1 run=681821333620 event=submit input_id=403 frame_id=571 t_ns=697002813560 update_cpu_ns=13955981 final=0
K230_CARD_BENCH v=1 run=681821333620 event=present frame_id=570 t_ns=696988155000 presented=1 clock=monotonic
K230_CARD_BENCH v=1 run=681821333620 event=input input_id=406 gesture_id=20 kind=motion t_ns=696988100267 source=injected
K230_CARD_SHELL state mode=2 actions=1 message=0 cards=1
K230_CARD_BENCH v=1 run=681821333620 event=input input_id=405 gesture_id=20 kind=motion t_ns=696980702807 source=injected
K230_CARD_SHELL state mode=2 actions=1 message=0 cards=1
K230_CARD_BENCH v=1 run=681821333620 event=input input_id=404 gesture_id=20 kind=motion t_ns=696980161674 source=injected
K230_CARD_SHELL state mode=2 actions=1 message=0 cards=1
K230_CARD_BENCH v=1 run=681821333620 event=input input_id=403 gesture_id=20 kind=motion t_ns=696978533868 source=injected
K230_CARD_SHELL state mode=2 actions=1 message=0 cards=1
K230_CARD_SHELL frame-cost run=681821333620 frame_id=570 total_cpu_ns=14282429 render_cpu_ns=13370203 input_cpu_ns=754148
K230_CARD_BENCH v=1 run=681821333620 event=submit input_id=402 frame_id=570 t_ns=696976989726 update_cpu_ns=14282429 final=0
K230_CARD_BENCH v=1 run=681821333620 event=submit input_id=401 frame_id=570 t_ns=696976989726 update_cpu_ns=14282429 final=0
K230_CARD_BENCH v=1 run=681821333620 event=present frame_id=569 t_ns=696949832000 presented=1 clock=monotonic
K230_CARD_BENCH v=1 run=681821333620 event=input input_id=402 gesture_id=20 kind=motion t_ns=696952736885 source=injected
K230_CARD_SHELL state mode=2 actions=1 message=0 cards=1
K230_CARD_BENCH v=1 run=681821333620 event=input input_id=401 gesture_id=20 kind=motion t_ns=696952186863 source=injected
K230_CARD_SHELL state mode=2 actions=1 message=0 cards=1
K230_CARD_SHELL frame-cost run=681821333620 frame_id=569 total_cpu_ns=15487374 render_cpu_ns=14000335 input_cpu_ns=1273370
K230_CARD_BENCH v=1 run=681821333620 event=submit input_id=400 frame_id=569 t_ns=696946580835 update_cpu_ns=15487374 final=0
K230_CARD_BENCH v=1 run=681821333620 event=submit input_id=399 frame_id=569 t_ns=696946580835 update_cpu_ns=15487374 final=0
K230_CARD_BENCH v=1 run=681821333620 event=submit input_id=398 frame_id=569 t_ns=696946580835 update_cpu_ns=15487374 final=0
K230_CARD_BENCH v=1 run=681821333620 event=submit input_id=397 frame_id=569 t_ns=696946580835 update_cpu_ns=15487374 final=0
K230_CARD_BENCH v=1 run=681821333620 event=present frame_id=568 t_ns=696930673000 presented=1 clock=monotonic
K230_CARD_BENCH v=1 run=681821333620 event=input input_id=400 gesture_id=20 kind=motion t_ns=696928070204 source=injected
K230_CARD_SHELL state mode=2 actions=1 message=0 cards=1
K230_CARD_BENCH v=1 run=681821333620 event=input input_id=399 gesture_id=20 kind=motion t_ns=696921367095 source=injected
K230_CARD_SHELL state mode=2 actions=1 message=0 cards=1
K230_CARD_BENCH v=1 run=681821333620 event=input input_id=398 gesture_id=20 kind=motion t_ns=696916726040 source=injected
K230_CARD_SHELL state mode=2 actions=1 message=0 cards=1
K230_CARD_BENCH v=1 run=681821333620 event=input input_id=397 gesture_id=20 kind=motion t_ns=696916274978 source=injected
K230_CARD_SHELL state mode=2 actions=1 message=0 cards=1
K230_CARD_SHELL frame-cost run=681821333620 frame_id=568 total_cpu_ns=15340575 render_cpu_ns=13805092 input_cpu_ns=1289406
K230_CARD_BENCH v=1 run=681821333620 event=submit input_id=396 frame_id=568 t_ns=696911974358 update_cpu_ns=15340575 final=0
K230_CARD_BENCH v=1 run=681821333620 event=submit input_id=395 frame_id=568 t_ns=696911974358 update_cpu_ns=15340575 final=0
K230_CARD_BENCH v=1 run=681821333620 event=submit input_id=394 frame_id=568 t_ns=696911974358 update_cpu_ns=15340575 final=0
K230_CARD_BENCH v=1 run=681821333620 event=submit input_id=393 frame_id=568 t_ns=696911974358 update_cpu_ns=15340575 final=0
K230_CARD_BENCH v=1 run=681821333620 event=present frame_id=567 t_ns=696892350000 presented=1 clock=monotonic
K230_CARD_BENCH v=1 run=681821333620 event=input input_id=396 gesture_id=20 kind=motion t_ns=696894279963 source=injected
K230_CARD_SHELL state mode=2 actions=1 message=0 cards=1
K230_CARD_BENCH v=1 run=681821333620 event=input input_id=395 gesture_id=20 kind=motion t_ns=696893912159 source=injected
K230_CARD_SHELL state mode=2 actions=1 message=0 cards=1
K230_CARD_BENCH v=1 run=681821333620 event=input input_id=394 gesture_id=20 kind=motion t_ns=696892774894 source=injected
K230_CARD_SHELL state mode=2 actions=1 message=0 cards=1
K230_CARD_BENCH v=1 run=681821333620 event=input input_id=393 gesture_id=20 kind=motion t_ns=696890607844 source=injected
K230_CARD_SHELL state mode=2 actions=1 message=0 cards=1
K230_CARD_BENCH v=1 run=681821333620 event=present frame_id=566 t_ns=696873189000 presented=1 clock=monotonic
K230_CARD_SHELL frame-cost run=681821333620 frame_id=566 total_cpu_ns=15240111 render_cpu_ns=13816704 input_cpu_ns=956111
K230_CARD_BENCH v=1 run=681821333620 event=submit input_id=392 frame_id=566 t_ns=696870219562 update_cpu_ns=15240111 final=0
K230_CARD_BENCH v=1 run=681821333620 event=submit input_id=391 frame_id=566 t_ns=696870219562 update_cpu_ns=15240111 final=0
K230_CARD_BENCH v=1 run=681821333620 event=submit input_id=390 frame_id=566 t_ns=696870219562 update_cpu_ns=15240111 final=0
K230_CARD_BENCH v=1 run=681821333620 event=submit input_id=389 frame_id=566 t_ns=696870219562 update_cpu_ns=15240111 final=0
K230_CARD_BENCH v=1 run=681821333620 event=present frame_id=565 t_ns=696854029000 presented=1 clock=monotonic
K230_CARD_SHELL live cards=1 commits=400 sampled=796 frame-done=796 output-presented=398
K230_CARD_BENCH v=1 run=681821333620 event=input input_id=392 gesture_id=20 kind=motion t_ns=696848455096 source=injected
K230_CARD_SHELL state mode=2 actions=1 message=0 cards=1
K230_CARD_BENCH v=1 run=681821333620 event=input input_id=391 gesture_id=20 kind=motion t_ns=696839403275 source=injected
K230_CARD_SHELL state mode=2 actions=1 message=0 cards=1
K230_CARD_BENCH v=1 run=681821333620 event=input input_id=390 gesture_id=20 kind=motion t_ns=696838914733 source=injected
K230_CARD_SHELL state mode=2 actions=1 message=0 cards=1
K230_CARD_BENCH v=1 run=681821333620 event=input input_id=389 gesture_id=20 kind=motion t_ns=696836663389 source=injected
K230_CARD_SHELL state mode=2 actions=1 message=0 cards=1
K230_CARD_BENCH v=1 run=681821333620 event=present frame_id=564 t_ns=696815706000 presented=1 clock=monotonic
K230_CARD_SHELL state mode=2 actions=1 message=0 cards=1
K230_CARD_BENCH v=1 run=681821333620 event=present frame_id=563 t_ns=696777385000 presented=1 clock=monotonic
K230_CARD_BENCH v=1 run=681821333620 event=present frame_id=562 t_ns=696758223000 presented=1 clock=monotonic
K230_CARD_BENCH v=1 run=681821333620 event=present frame_id=561 t_ns=696719902000 presented=1 clock=monotonic
K230_CARD_BENCH v=1 run=681821333620 event=present frame_id=560 t_ns=696700742000 presented=1 clock=monotonic
K230_CARD_BENCH v=1 run=681821333620 event=present frame_id=559 t_ns=696662418000 presented=1 clock=monotonic
K230_CARD_BENCH v=1 run=681821333620 event=present frame_id=558 t_ns=696643260000 presented=1 clock=monotonic
K230_CARD_BENCH v=1 run=681821333620 event=present frame_id=557 t_ns=696604938000 presented=1 clock=monotonic
K230_CARD_BENCH v=1 run=681821333620 event=present frame_id=556 t_ns=696585778000 presented=1 clock=monotonic
K230_CARD_BENCH v=1 run=681821333620 event=present frame_id=555 t_ns=696547456000 presented=1 clock=monotonic
K230_CARD_SHELL frame-cost run=681821333620 frame_id=555 total_cpu_ns=15397600 render_cpu_ns=13921122 input_cpu_ns=1288185
K230_CARD_BENCH v=1 run=681821333620 event=submit input_id=388 frame_id=555 t_ns=696543708910 update_cpu_ns=15397600 final=1
K230_CARD_BENCH v=1 run=681821333620 event=submit input_id=387 frame_id=555 t_ns=696543708910 update_cpu_ns=15397600 final=0
K230_CARD_BENCH v=1 run=681821333620 event=submit input_id=386 frame_id=555 t_ns=696543708910 update_cpu_ns=15397600 final=0
K230_CARD_BENCH v=1 run=681821333620 event=present frame_id=554 t_ns=696528296000 presented=1 clock=monotonic
K230_CARD_BENCH v=1 run=681821333620 event=input input_id=388 gesture_id=19 kind=release t_ns=696516627926 source=injected
K230_CARD_SHELL state mode=1 actions=1 message=0 cards=1
K230_CARD_BENCH v=1 run=681821333620 event=input input_id=387 gesture_id=19 kind=motion t_ns=696514727349 source=injected
K230_CARD_SHELL state mode=2 actions=1 message=0 cards=1
K230_CARD_BENCH v=1 run=681821333620 event=input input_id=386 gesture_id=19 kind=motion t_ns=696512743590 source=injected
K230_CARD_SHELL state mode=2 actions=1 message=0 cards=1
K230_CARD_BENCH v=1 run=681821333620 event=present frame_id=553 t_ns=696489975000 presented=1 clock=monotonic
K230_CARD_SHELL frame-cost run=681821333620 frame_id=553 total_cpu_ns=14304392 render_cpu_ns=12110357 input_cpu_ns=1885408
K230_CARD_BENCH v=1 run=681821333620 event=submit input_id=385 frame_id=553 t_ns=696484835259 update_cpu_ns=14304392 final=0
K230_CARD_BENCH v=1 run=681821333620 event=submit input_id=384 frame_id=553 t_ns=696484835259 update_cpu_ns=14304392 final=0
K230_CARD_BENCH v=1 run=681821333620 event=submit input_id=383 frame_id=553 t_ns=696484835259 update_cpu_ns=14304392 final=0
K230_CARD_BENCH v=1 run=681821333620 event=submit input_id=382 frame_id=553 t_ns=696484835259 update_cpu_ns=14304392 final=0
K230_CARD_BENCH v=1 run=681821333620 event=submit input_id=381 frame_id=553 t_ns=696484835259 update_cpu_ns=14304392 final=0
K230_CARD_BENCH v=1 run=681821333620 event=submit input_id=380 frame_id=553 t_ns=696484835259 update_cpu_ns=14304392 final=0
K230_CARD_BENCH v=1 run=681821333620 event=present frame_id=552 t_ns=696470818000 presented=1 clock=monotonic
K230_CARD_BENCH v=1 run=681821333620 event=input input_id=385 gesture_id=19 kind=motion t_ns=696469358655 source=injected
K230_CARD_SHELL state mode=2 actions=1 message=0 cards=1
K230_CARD_BENCH v=1 run=681821333620 event=input input_id=384 gesture_id=19 kind=motion t_ns=696467584519 source=injected
K230_CARD_SHELL state mode=2 actions=1 message=0 cards=1
K230_CARD_BENCH v=1 run=681821333620 event=input input_id=383 gesture_id=19 kind=motion t_ns=696467086014 source=injected
K230_CARD_SHELL state mode=2 actions=1 message=0 cards=1
K230_CARD_BENCH v=1 run=681821333620 event=input input_id=382 gesture_id=19 kind=motion t_ns=696465656165 source=injected
K230_CARD_SHELL state mode=2 actions=1 message=0 cards=1
K230_CARD_BENCH v=1 run=681821333620 event=input input_id=381 gesture_id=19 kind=motion t_ns=696465220770 source=injected
K230_CARD_SHELL state mode=2 actions=1 message=0 cards=1
K230_CARD_BENCH v=1 run=681821333620 event=input input_id=380 gesture_id=19 kind=motion t_ns=696463926732 source=injected
K230_CARD_SHELL state mode=2 actions=1 message=0 cards=1
K230_CARD_BENCH v=1 run=681821333620 event=present frame_id=551 t_ns=696432494000 presented=1 clock=monotonic
K230_CARD_SHELL frame-cost run=681821333620 frame_id=551 total_cpu_ns=15777900 render_cpu_ns=14178118 input_cpu_ns=1256522
K230_CARD_BENCH v=1 run=681821333620 event=submit input_id=379 frame_id=551 t_ns=696430994060 update_cpu_ns=15777900 final=0
K230_CARD_BENCH v=1 run=681821333620 event=submit input_id=378 frame_id=551 t_ns=696430994060 update_cpu_ns=15777900 final=0
K230_CARD_BENCH v=1 run=681821333620 event=submit input_id=377 frame_id=551 t_ns=696430994060 update_cpu_ns=15777900 final=0
K230_CARD_BENCH v=1 run=681821333620 event=submit input_id=376 frame_id=551 t_ns=696430994060 update_cpu_ns=15777900 final=0
K230_CARD_BENCH v=1 run=681821333620 event=present frame_id=550 t_ns=696413342000 presented=1 clock=monotonic
K230_CARD_BENCH v=1 run=681821333620 event=input input_id=379 gesture_id=19 kind=motion t_ns=696410819513 source=injected
K230_CARD_SHELL state mode=2 actions=1 message=0 cards=1
K230_CARD_BENCH v=1 run=681821333620 event=input input_id=378 gesture_id=19 kind=motion t_ns=696408703720 source=injected
K230_CARD_SHELL state mode=2 actions=1 message=0 cards=1
K230_CARD_BENCH v=1 run=681821333620 event=input input_id=377 gesture_id=19 kind=motion t_ns=696407850559 source=injected
K230_CARD_SHELL state mode=2 actions=1 message=0 cards=1
K230_CARD_BENCH v=1 run=681821333620 event=input input_id=376 gesture_id=19 kind=motion t_ns=696405902354 source=injected
K230_CARD_SHELL state mode=2 actions=1 message=0 cards=1
K230_CARD_SHELL frame-cost run=681821333620 frame_id=550 total_cpu_ns=14810918 render_cpu_ns=14080659 input_cpu_ns=561372
K230_CARD_BENCH v=1 run=681821333620 event=submit input_id=375 frame_id=550 t_ns=696404757312 update_cpu_ns=14810918 final=0
K230_CARD_BENCH v=1 run=681821333620 event=submit input_id=374 frame_id=550 t_ns=696404757312 update_cpu_ns=14810918 final=0
K230_CARD_BENCH v=1 run=681821333620 event=present frame_id=549 t_ns=696375011000 presented=1 clock=monotonic
K230_CARD_BENCH v=1 run=681821333620 event=input input_id=375 gesture_id=19 kind=motion t_ns=696376406660 source=injected
K230_CARD_SHELL state mode=2 actions=1 message=0 cards=1
K230_CARD_BENCH v=1 run=681821333620 event=input input_id=374 gesture_id=19 kind=motion t_ns=696374903369 source=injected
K230_CARD_SHELL state mode=2 actions=1 message=0 cards=1
K230_CARD_SHELL frame-cost run=681821333620 frame_id=549 total_cpu_ns=14847888 render_cpu_ns=13832817 input_cpu_ns=821592
K230_CARD_BENCH v=1 run=681821333620 event=submit input_id=373 frame_id=549 t_ns=696371506723 update_cpu_ns=14847888 final=0
K230_CARD_BENCH v=1 run=681821333620 event=submit input_id=372 frame_id=549 t_ns=696371506723 update_cpu_ns=14847888 final=0
K230_CARD_BENCH v=1 run=681821333620 event=submit input_id=371 frame_id=549 t_ns=696371506723 update_cpu_ns=14847888 final=0
K230_CARD_BENCH v=1 run=681821333620 event=present frame_id=548 t_ns=696355849000 presented=1 clock=monotonic
K230_CARD_BENCH v=1 run=681821333620 event=input input_id=373 gesture_id=19 kind=motion t_ns=696349318195 source=injected
K230_CARD_SHELL state mode=2 actions=1 message=0 cards=1
K230_CARD_BENCH v=1 run=681821333620 event=input input_id=372 gesture_id=19 kind=motion t_ns=696347361731 source=injected
K230_CARD_SHELL state mode=2 actions=1 message=0 cards=1
K230_CARD_BENCH v=1 run=681821333620 event=input input_id=371 gesture_id=19 kind=motion t_ns=696345783664 source=injected
K230_CARD_SHELL state mode=2 actions=1 message=0 cards=1
K230_CARD_SHELL frame-cost run=681821333620 frame_id=548 total_cpu_ns=14537922 render_cpu_ns=13958702 input_cpu_ns=397593
K230_CARD_BENCH v=1 run=681821333620 event=submit input_id=370 frame_id=548 t_ns=696344602178 update_cpu_ns=14537922 final=0
K230_CARD_BENCH v=1 run=681821333620 event=submit input_id=369 frame_id=548 t_ns=696344602178 update_cpu_ns=14537922 final=0
K230_CARD_BENCH v=1 run=681821333620 event=present frame_id=547 t_ns=696317528000 presented=1 clock=monotonic
K230_CARD_BENCH v=1 run=681821333620 event=input input_id=370 gesture_id=19 kind=motion t_ns=696320960173 source=injected
K230_CARD_SHELL state mode=2 actions=1 message=0 cards=1
K230_CARD_BENCH v=1 run=681821333620 event=input input_id=369 gesture_id=19 kind=motion t_ns=696320605257 source=injected
K230_CARD_SHELL state mode=2 actions=1 message=0 cards=1
K230_CARD_SHELL frame-cost run=681821333620 frame_id=547 total_cpu_ns=14173957 render_cpu_ns=13844884 input_cpu_ns=141665
K230_CARD_BENCH v=1 run=681821333620 event=submit input_id=368 frame_id=547 t_ns=696314832973 update_cpu_ns=14173957 final=0
K230_CARD_BENCH v=1 run=681821333620 event=present frame_id=546 t_ns=696298369000 presented=1 clock=monotonic
K230_CARD_BENCH v=1 run=681821333620 event=input input_id=368 gesture_id=19 kind=motion t_ns=696298668240 source=injected
K230_CARD_SHELL state mode=2 actions=1 message=0 cards=1
K230_CARD_SHELL state mode=2 actions=1 message=0 cards=1
K230_CARD_BENCH v=1 run=681821333620 event=present frame_id=545 t_ns=696260049000 presented=1 clock=monotonic
K230_CARD_BENCH v=1 run=681821333620 event=present frame_id=544 t_ns=696240885000 presented=1 clock=monotonic
K230_CARD_BENCH v=1 run=681821333620 event=present frame_id=543 t_ns=696202563000 presented=1 clock=monotonic
K230_CARD_BENCH v=1 run=681821333620 event=present frame_id=542 t_ns=696183403000 presented=1 clock=monotonic
K230_CARD_BENCH v=1 run=681821333620 event=present frame_id=541 t_ns=696145082000 presented=1 clock=monotonic
K230_CARD_BENCH v=1 run=681821333620 event=present frame_id=540 t_ns=696125923000 presented=1 clock=monotonic
K230_CARD_BENCH v=1 run=681821333620 event=present frame_id=539 t_ns=696087598000 presented=1 clock=monotonic
K230_CARD_BENCH v=1 run=681821333620 event=present frame_id=538 t_ns=696068439000 presented=1 clock=monotonic
K230_CARD_BENCH v=1 run=681821333620 event=present frame_id=537 t_ns=696030116000 presented=1 clock=monotonic
K230_CARD_BENCH v=1 run=681821333620 event=present frame_id=536 t_ns=696010957000 presented=1 clock=monotonic
K230_CARD_BENCH v=1 run=681821333620 event=resource phase=active t_ns=696003668187 cpu_ns=12689782000 memory_bytes=19705856 scope=session
K230_CARD_BENCH v=1 run=681821333620 event=resource phase=active t_ns=696003668187 cpu_ns=7541457255 memory_bytes=27570176 scope=compositor
K230_CARD_SHELL frame-cost run=681821333620 frame_id=536 total_cpu_ns=15722971 render_cpu_ns=14140343 input_cpu_ns=1361480
K230_CARD_BENCH v=1 run=681821333620 event=submit input_id=367 frame_id=536 t_ns=696003004539 update_cpu_ns=15722971 final=1
K230_CARD_BENCH v=1 run=681821333620 event=submit input_id=366 frame_id=536 t_ns=696003004539 update_cpu_ns=15722971 final=0
K230_CARD_BENCH v=1 run=681821333620 event=submit input_id=365 frame_id=536 t_ns=696003004539 update_cpu_ns=15722971 final=0
K230_CARD_BENCH v=1 run=681821333620 event=present frame_id=535 t_ns=695972639000 presented=1 clock=monotonic
K230_CARD_BENCH v=1 run=681821333620 event=input input_id=367 gesture_id=18 kind=release t_ns=695973870903 source=injected
K230_CARD_SHELL state mode=1 actions=1 message=0 cards=1
K230_CARD_BENCH v=1 run=681821333620 event=input input_id=366 gesture_id=18 kind=motion t_ns=695971964326 source=injected
K230_CARD_SHELL state mode=2 actions=1 message=0 cards=1
K230_CARD_BENCH v=1 run=681821333620 event=input input_id=365 gesture_id=18 kind=motion t_ns=695970025639 source=injected
K230_CARD_SHELL state mode=2 actions=1 message=0 cards=1
K230_CARD_SHELL frame-cost run=681821333620 frame_id=535 total_cpu_ns=15114989 render_cpu_ns=11819355 input_cpu_ns=3021634
K230_CARD_BENCH v=1 run=681821333620 event=submit input_id=364 frame_id=535 t_ns=695966999204 update_cpu_ns=15114989 final=0
K230_CARD_BENCH v=1 run=681821333620 event=submit input_id=363 frame_id=535 t_ns=695966999204 update_cpu_ns=15114989 final=0
K230_CARD_BENCH v=1 run=681821333620 event=submit input_id=362 frame_id=535 t_ns=695966999204 update_cpu_ns=15114989 final=0
K230_CARD_BENCH v=1 run=681821333620 event=submit input_id=361 frame_id=535 t_ns=695966999204 update_cpu_ns=15114989 final=0
K230_CARD_BENCH v=1 run=681821333620 event=submit input_id=360 frame_id=535 t_ns=695966999204 update_cpu_ns=15114989 final=0
K230_CARD_BENCH v=1 run=681821333620 event=submit input_id=359 frame_id=535 t_ns=695966999204 update_cpu_ns=15114989 final=0
K230_CARD_BENCH v=1 run=681821333620 event=present frame_id=534 t_ns=695953475000 presented=1 clock=monotonic
K230_CARD_BENCH v=1 run=681821333620 event=input input_id=364 gesture_id=18 kind=motion t_ns=695951748776 source=injected
K230_CARD_SHELL state mode=2 actions=1 message=0 cards=1
K230_CARD_BENCH v=1 run=681821333620 event=input input_id=363 gesture_id=18 kind=motion t_ns=695947778330 source=injected
K230_CARD_SHELL state mode=2 actions=1 message=0 cards=1
K230_CARD_BENCH v=1 run=681821333620 event=input input_id=362 gesture_id=18 kind=motion t_ns=695947237975 source=injected
K230_CARD_SHELL state mode=2 actions=1 message=0 cards=1
K230_CARD_BENCH v=1 run=681821333620 event=input input_id=361 gesture_id=18 kind=motion t_ns=695945879605 source=injected
K230_CARD_SHELL state mode=2 actions=1 message=0 cards=1
K230_CARD_BENCH v=1 run=681821333620 event=input input_id=360 gesture_id=18 kind=motion t_ns=695944546235 source=injected
K230_CARD_SHELL state mode=2 actions=1 message=0 cards=1
K230_CARD_BENCH v=1 run=681821333620 event=input input_id=359 gesture_id=18 kind=motion t_ns=695942530624 source=injected
K230_CARD_SHELL state mode=2 actions=1 message=0 cards=1
K230_CARD_BENCH v=1 run=681821333620 event=present frame_id=533 t_ns=695915155000 presented=1 clock=monotonic
K230_CARD_SHELL frame-cost run=681821333620 frame_id=533 total_cpu_ns=15512417 render_cpu_ns=13851374 input_cpu_ns=1488115
K230_CARD_BENCH v=1 run=681821333620 event=submit input_id=358 frame_id=533 t_ns=695912276945 update_cpu_ns=15512417 final=0
K230_CARD_BENCH v=1 run=681821333620 event=submit input_id=357 frame_id=533 t_ns=695912276945 update_cpu_ns=15512417 final=0
K230_CARD_BENCH v=1 run=681821333620 event=submit input_id=356 frame_id=533 t_ns=695912276945 update_cpu_ns=15512417 final=0
K230_CARD_BENCH v=1 run=681821333620 event=submit input_id=355 frame_id=533 t_ns=695912276945 update_cpu_ns=15512417 final=0
K230_CARD_BENCH v=1 run=681821333620 event=present frame_id=532 t_ns=695895993000 presented=1 clock=monotonic
K230_CARD_BENCH v=1 run=681821333620 event=input input_id=358 gesture_id=18 kind=motion t_ns=695891856919 source=injected
K230_CARD_SHELL state mode=2 actions=1 message=0 cards=1
K230_CARD_BENCH v=1 run=681821333620 event=input input_id=357 gesture_id=18 kind=motion t_ns=695889668905 source=injected
K230_CARD_SHELL state mode=2 actions=1 message=0 cards=1
K230_CARD_BENCH v=1 run=681821333620 event=input input_id=356 gesture_id=18 kind=motion t_ns=695889259546 source=injected
K230_CARD_SHELL state mode=2 actions=1 message=0 cards=1
K230_CARD_BENCH v=1 run=681821333620 event=input input_id=355 gesture_id=18 kind=motion t_ns=695887932472 source=injected
K230_CARD_SHELL state mode=2 actions=1 message=0 cards=1
K230_CARD_SHELL frame-cost run=681821333620 frame_id=532 total_cpu_ns=14600757 render_cpu_ns=13910977 input_cpu_ns=530667
K230_CARD_BENCH v=1 run=681821333620 event=submit input_id=354 frame_id=532 t_ns=695884914407 update_cpu_ns=14600757 final=0
K230_CARD_BENCH v=1 run=681821333620 event=submit input_id=353 frame_id=532 t_ns=695884914407 update_cpu_ns=14600757 final=0
K230_CARD_BENCH v=1 run=681821333620 event=present frame_id=531 t_ns=695857673000 presented=1 clock=monotonic
K230_CARD_BENCH v=1 run=681821333620 event=input input_id=354 gesture_id=18 kind=motion t_ns=695860275684 source=injected
K230_CARD_SHELL state mode=2 actions=1 message=0 cards=1
K230_CARD_BENCH v=1 run=681821333620 event=input input_id=353 gesture_id=18 kind=motion t_ns=695855718736 source=injected
K230_CARD_SHELL state mode=2 actions=1 message=0 cards=1
K230_CARD_SHELL frame-cost run=681821333620 frame_id=531 total_cpu_ns=15571398 render_cpu_ns=14105285 input_cpu_ns=1187558
K230_CARD_BENCH v=1 run=681821333620 event=submit input_id=352 frame_id=531 t_ns=695854731541 update_cpu_ns=15571398 final=0
K230_CARD_BENCH v=1 run=681821333620 event=submit input_id=351 frame_id=531 t_ns=695854731541 update_cpu_ns=15571398 final=0
K230_CARD_BENCH v=1 run=681821333620 event=submit input_id=350 frame_id=531 t_ns=695854731541 update_cpu_ns=15571398 final=0
K230_CARD_BENCH v=1 run=681821333620 event=submit input_id=349 frame_id=531 t_ns=695854731541 update_cpu_ns=15571398 final=0
K230_CARD_BENCH v=1 run=681821333620 event=submit input_id=348 frame_id=531 t_ns=695854731541 update_cpu_ns=15571398 final=0
K230_CARD_BENCH v=1 run=681821333620 event=submit input_id=347 frame_id=531 t_ns=695854731541 update_cpu_ns=15571398 final=0
K230_CARD_BENCH v=1 run=681821333620 event=present frame_id=530 t_ns=695838510000 presented=1 clock=monotonic
K230_CARD_BENCH v=1 run=681821333620 event=input input_id=352 gesture_id=18 kind=motion t_ns=695832609784 source=injected
K230_CARD_SHELL state mode=2 actions=1 message=0 cards=1
K230_CARD_BENCH v=1 run=681821333620 event=input input_id=351 gesture_id=18 kind=motion t_ns=695831762919 source=injected
K230_CARD_SHELL state mode=2 actions=1 message=0 cards=1
K230_CARD_BENCH v=1 run=681821333620 event=input input_id=350 gesture_id=18 kind=motion t_ns=695831471001 source=injected
K230_CARD_SHELL state mode=2 actions=1 message=0 cards=1
K230_CARD_BENCH v=1 run=681821333620 event=input input_id=349 gesture_id=18 kind=motion t_ns=695829508019 source=injected
K230_CARD_SHELL state mode=2 actions=1 message=0 cards=1
K230_CARD_BENCH v=1 run=681821333620 event=input input_id=348 gesture_id=18 kind=motion t_ns=695829000847 source=injected
K230_CARD_SHELL state mode=2 actions=1 message=0 cards=1
K230_CARD_BENCH v=1 run=681821333620 event=input input_id=347 gesture_id=18 kind=motion t_ns=695827340819 source=injected
K230_CARD_SHELL state mode=2 actions=1 message=0 cards=1
K230_CARD_BENCH v=1 run=681821333620 event=present frame_id=529 t_ns=695800190000 presented=1 clock=monotonic
K230_CARD_BENCH v=1 run=681821333620 event=present frame_id=528 t_ns=695781028000 presented=1 clock=monotonic
K230_CARD_SHELL state mode=2 actions=1 message=0 cards=1
K230_CARD_BENCH v=1 run=681821333620 event=present frame_id=527 t_ns=695742707000 presented=1 clock=monotonic
K230_CARD_BENCH v=1 run=681821333620 event=present frame_id=526 t_ns=695723546000 presented=1 clock=monotonic
K230_CARD_BENCH v=1 run=681821333620 event=present frame_id=525 t_ns=695685223000 presented=1 clock=monotonic
K230_CARD_BENCH v=1 run=681821333620 event=present frame_id=524 t_ns=695666064000 presented=1 clock=monotonic
K230_CARD_BENCH v=1 run=681821333620 event=present frame_id=523 t_ns=695627742000 presented=1 clock=monotonic
K230_CARD_BENCH v=1 run=681821333620 event=present frame_id=522 t_ns=695608582000 presented=1 clock=monotonic
K230_CARD_BENCH v=1 run=681821333620 event=present frame_id=521 t_ns=695570260000 presented=1 clock=monotonic
K230_CARD_BENCH v=1 run=681821333620 event=present frame_id=520 t_ns=695551101000 presented=1 clock=monotonic
K230_CARD_BENCH v=1 run=681821333620 event=present frame_id=519 t_ns=695512779000 presented=1 clock=monotonic
K230_CARD_BENCH v=1 run=681821333620 event=present frame_id=518 t_ns=695493618000 presented=1 clock=monotonic
K230_CARD_SHELL frame-cost run=681821333620 frame_id=518 total_cpu_ns=15079633 render_cpu_ns=13794263 input_cpu_ns=1052854
K230_CARD_BENCH v=1 run=681821333620 event=submit input_id=346 frame_id=518 t_ns=695483655354 update_cpu_ns=15079633 final=1
K230_CARD_BENCH v=1 run=681821333620 event=submit input_id=345 frame_id=518 t_ns=695483655354 update_cpu_ns=15079633 final=0
K230_CARD_BENCH v=1 run=681821333620 event=submit input_id=344 frame_id=518 t_ns=695483655354 update_cpu_ns=15079633 final=0
K230_CARD_BENCH v=1 run=681821333620 event=present frame_id=517 t_ns=695455297000 presented=1 clock=monotonic
K230_CARD_BENCH v=1 run=681821333620 event=input input_id=346 gesture_id=17 kind=release t_ns=695461219791 source=injected
K230_CARD_SHELL state mode=1 actions=1 message=0 cards=1
K230_CARD_BENCH v=1 run=681821333620 event=input input_id=345 gesture_id=17 kind=motion t_ns=695455887939 source=injected
K230_CARD_SHELL state mode=2 actions=1 message=0 cards=1
K230_CARD_BENCH v=1 run=681821333620 event=input input_id=344 gesture_id=17 kind=motion t_ns=695455391916 source=injected
K230_CARD_SHELL state mode=2 actions=1 message=0 cards=1
K230_CARD_SHELL frame-cost run=681821333620 frame_id=517 total_cpu_ns=13477067 render_cpu_ns=11895693 input_cpu_ns=1377150
K230_CARD_BENCH v=1 run=681821333620 event=submit input_id=343 frame_id=517 t_ns=695449600780 update_cpu_ns=13477067 final=0
K230_CARD_BENCH v=1 run=681821333620 event=submit input_id=342 frame_id=517 t_ns=695449600780 update_cpu_ns=13477067 final=0
K230_CARD_BENCH v=1 run=681821333620 event=submit input_id=341 frame_id=517 t_ns=695449600780 update_cpu_ns=13477067 final=0
K230_CARD_BENCH v=1 run=681821333620 event=submit input_id=340 frame_id=517 t_ns=695449600780 update_cpu_ns=13477067 final=0
K230_CARD_BENCH v=1 run=681821333620 event=present frame_id=516 t_ns=695436136000 presented=1 clock=monotonic
K230_CARD_BENCH v=1 run=681821333620 event=input input_id=343 gesture_id=17 kind=motion t_ns=695433093127 source=injected
K230_CARD_SHELL state mode=2 actions=1 message=0 cards=1
K230_CARD_BENCH v=1 run=681821333620 event=input input_id=342 gesture_id=17 kind=motion t_ns=695427863531 source=injected
K230_CARD_SHELL state mode=2 actions=1 message=0 cards=1
K230_CARD_BENCH v=1 run=681821333620 event=input input_id=341 gesture_id=17 kind=motion t_ns=695427437987 source=injected
K230_CARD_SHELL state mode=2 actions=1 message=0 cards=1
K230_CARD_BENCH v=1 run=681821333620 event=input input_id=340 gesture_id=17 kind=motion t_ns=695425733479 source=injected
K230_CARD_SHELL state mode=2 actions=1 message=0 cards=1
K230_CARD_SHELL frame-cost run=681821333620 frame_id=516 total_cpu_ns=14269233 render_cpu_ns=13489197 input_cpu_ns=576740
K230_CARD_BENCH v=1 run=681821333620 event=submit input_id=339 frame_id=516 t_ns=695424938872 update_cpu_ns=14269233 final=0
K230_CARD_BENCH v=1 run=681821333620 event=submit input_id=338 frame_id=516 t_ns=695424938872 update_cpu_ns=14269233 final=0
K230_CARD_BENCH v=1 run=681821333620 event=present frame_id=515 t_ns=695397815000 presented=1 clock=monotonic
K230_CARD_BENCH v=1 run=681821333620 event=input input_id=339 gesture_id=17 kind=motion t_ns=695400669656 source=injected
K230_CARD_SHELL state mode=2 actions=1 message=0 cards=1
K230_CARD_BENCH v=1 run=681821333620 event=input input_id=338 gesture_id=17 kind=motion t_ns=695400259260 source=injected
K230_CARD_SHELL state mode=2 actions=1 message=0 cards=1
K230_CARD_SHELL frame-cost run=681821333620 frame_id=515 total_cpu_ns=15191942 render_cpu_ns=13877643 input_cpu_ns=1133038
K230_CARD_BENCH v=1 run=681821333620 event=submit input_id=337 frame_id=515 t_ns=695394559381 update_cpu_ns=15191942 final=0
K230_CARD_BENCH v=1 run=681821333620 event=submit input_id=336 frame_id=515 t_ns=695394559381 update_cpu_ns=15191942 final=0
K230_CARD_BENCH v=1 run=681821333620 event=submit input_id=335 frame_id=515 t_ns=695394559381 update_cpu_ns=15191942 final=0
K230_CARD_BENCH v=1 run=681821333620 event=submit input_id=334 frame_id=515 t_ns=695394559381 update_cpu_ns=15191942 final=0
K230_CARD_BENCH v=1 run=681821333620 event=present frame_id=514 t_ns=695378653000 presented=1 clock=monotonic
K230_CARD_BENCH v=1 run=681821333620 event=input input_id=337 gesture_id=17 kind=motion t_ns=695373110902 source=injected
K230_CARD_SHELL state mode=2 actions=1 message=0 cards=1
K230_CARD_BENCH v=1 run=681821333620 event=input input_id=336 gesture_id=17 kind=motion t_ns=695370241537 source=injected
K230_CARD_SHELL state mode=2 actions=1 message=0 cards=1
K230_CARD_BENCH v=1 run=681821333620 event=input input_id=335 gesture_id=17 kind=motion t_ns=695369514668 source=injected
K230_CARD_SHELL state mode=2 actions=1 message=0 cards=1
K230_CARD_BENCH v=1 run=681821333620 event=input input_id=334 gesture_id=17 kind=motion t_ns=695369159937 source=injected
K230_CARD_SHELL state mode=2 actions=1 message=0 cards=1
K230_CARD_SHELL frame-cost run=681821333620 frame_id=514 total_cpu_ns=14632789 render_cpu_ns=13920789 input_cpu_ns=511703
K230_CARD_BENCH v=1 run=681821333620 event=submit input_id=333 frame_id=514 t_ns=695368350182 update_cpu_ns=14632789 final=0
K230_CARD_BENCH v=1 run=681821333620 event=submit input_id=332 frame_id=514 t_ns=695368350182 update_cpu_ns=14632789 final=0
K230_CARD_BENCH v=1 run=681821333620 event=present frame_id=513 t_ns=695340335000 presented=1 clock=monotonic
K230_CARD_BENCH v=1 run=681821333620 event=input input_id=333 gesture_id=17 kind=motion t_ns=695341622813 source=injected
K230_CARD_SHELL state mode=2 actions=1 message=0 cards=1
K230_CARD_BENCH v=1 run=681821333620 event=input input_id=332 gesture_id=17 kind=motion t_ns=695341206120 source=injected
K230_CARD_SHELL state mode=2 actions=1 message=0 cards=1
K230_CARD_SHELL frame-cost run=681821333620 frame_id=513 total_cpu_ns=14824586 render_cpu_ns=13812474 input_cpu_ns=824001
K230_CARD_BENCH v=1 run=681821333620 event=submit input_id=331 frame_id=513 t_ns=695337002755 update_cpu_ns=14824586 final=0
K230_CARD_BENCH v=1 run=681821333620 event=submit input_id=330 frame_id=513 t_ns=695337002755 update_cpu_ns=14824586 final=0
K230_CARD_BENCH v=1 run=681821333620 event=submit input_id=329 frame_id=513 t_ns=695337002755 update_cpu_ns=14824586 final=0
K230_CARD_BENCH v=1 run=681821333620 event=present frame_id=512 t_ns=695321171000 presented=1 clock=monotonic
K230_CARD_BENCH v=1 run=681821333620 event=input input_id=331 gesture_id=17 kind=motion t_ns=695313738882 source=injected
K230_CARD_SHELL state mode=2 actions=1 message=0 cards=1
K230_CARD_BENCH v=1 run=681821333620 event=input input_id=330 gesture_id=17 kind=motion t_ns=695311795196 source=injected
K230_CARD_SHELL state mode=2 actions=1 message=0 cards=1
K230_CARD_BENCH v=1 run=681821333620 event=input input_id=329 gesture_id=17 kind=motion t_ns=695310254275 source=injected
K230_CARD_SHELL state mode=2 actions=1 message=0 cards=1
K230_CARD_SHELL frame-cost run=681821333620 frame_id=512 total_cpu_ns=14503024 render_cpu_ns=13956211 input_cpu_ns=389369
K230_CARD_BENCH v=1 run=681821333620 event=submit input_id=328 frame_id=512 t_ns=695309437779 update_cpu_ns=14503024 final=0
K230_CARD_BENCH v=1 run=681821333620 event=submit input_id=327 frame_id=512 t_ns=695309437779 update_cpu_ns=14503024 final=0
K230_CARD_BENCH v=1 run=681821333620 event=present frame_id=511 t_ns=695282854000 presented=1 clock=monotonic
K230_CARD_BENCH v=1 run=681821333620 event=input input_id=328 gesture_id=17 kind=motion t_ns=695283628347 source=injected
K230_CARD_SHELL state mode=2 actions=1 message=0 cards=1
K230_CARD_BENCH v=1 run=681821333620 event=input input_id=327 gesture_id=17 kind=motion t_ns=695283274246 source=injected
K230_CARD_SHELL state mode=2 actions=1 message=0 cards=1
K230_CARD_SHELL frame-cost run=681821333620 frame_id=511 total_cpu_ns=14050669 render_cpu_ns=13769076 input_cpu_ns=165075
K230_CARD_BENCH v=1 run=681821333620 event=submit input_id=326 frame_id=511 t_ns=695279498906 update_cpu_ns=14050669 final=0
K230_CARD_BENCH v=1 run=681821333620 event=present frame_id=510 t_ns=695263694000 presented=1 clock=monotonic
K230_CARD_BENCH v=1 run=681821333620 event=input input_id=326 gesture_id=17 kind=motion t_ns=695263063547 source=injected
K230_CARD_SHELL state mode=2 actions=1 message=0 cards=1
K230_CARD_SHELL state mode=2 actions=1 message=0 cards=1
K230_CARD_BENCH v=1 run=681821333620 event=present frame_id=509 t_ns=695225369000 presented=1 clock=monotonic
K230_CARD_SHELL live cards=1 commits=344 sampled=684 frame-done=684 output-presented=342
K230_CARD_BENCH v=1 run=681821333620 event=present frame_id=508 t_ns=695206207000 presented=1 clock=monotonic
K230_CARD_BENCH v=1 run=681821333620 event=present frame_id=507 t_ns=695167885000 presented=1 clock=monotonic
K230_CARD_BENCH v=1 run=681821333620 event=present frame_id=506 t_ns=695148729000 presented=1 clock=monotonic
K230_CARD_BENCH v=1 run=681821333620 event=present frame_id=505 t_ns=695110404000 presented=1 clock=monotonic
K230_CARD_BENCH v=1 run=681821333620 event=present frame_id=504 t_ns=695091244000 presented=1 clock=monotonic
K230_CARD_BENCH v=1 run=681821333620 event=present frame_id=503 t_ns=695052921000 presented=1 clock=monotonic
K230_CARD_BENCH v=1 run=681821333620 event=present frame_id=502 t_ns=695033760000 presented=1 clock=monotonic
K230_CARD_BENCH v=1 run=681821333620 event=present frame_id=501 t_ns=694995438000 presented=1 clock=monotonic
K230_CARD_BENCH v=1 run=681821333620 event=resource phase=active t_ns=694995644963 cpu_ns=11982398000 memory_bytes=19705856 scope=session
K230_CARD_BENCH v=1 run=681821333620 event=resource phase=active t_ns=694995644963 cpu_ns=7007430970 memory_bytes=27570176 scope=compositor
K230_CARD_BENCH v=1 run=681821333620 event=present frame_id=500 t_ns=694976279000 presented=1 clock=monotonic
K230_CARD_SHELL frame-cost run=681821333620 frame_id=500 total_cpu_ns=14974307 render_cpu_ns=13934866 input_cpu_ns=814480
K230_CARD_BENCH v=1 run=681821333620 event=submit input_id=325 frame_id=500 t_ns=694966673908 update_cpu_ns=14974307 final=1
K230_CARD_BENCH v=1 run=681821333620 event=submit input_id=324 frame_id=500 t_ns=694966673908 update_cpu_ns=14974307 final=0
K230_CARD_BENCH v=1 run=681821333620 event=present frame_id=499 t_ns=694937960000 presented=1 clock=monotonic
K230_CARD_BENCH v=1 run=681821333620 event=input input_id=325 gesture_id=16 kind=release t_ns=694940280894 source=injected
K230_CARD_SHELL state mode=1 actions=1 message=0 cards=1
K230_CARD_BENCH v=1 run=681821333620 event=input input_id=324 gesture_id=16 kind=motion t_ns=694936468740 source=injected
K230_CARD_SHELL state mode=2 actions=1 message=0 cards=1
K230_CARD_SHELL frame-cost run=681821333620 frame_id=499 total_cpu_ns=14731948 render_cpu_ns=11531170 input_cpu_ns=2889109
K230_CARD_BENCH v=1 run=681821333620 event=submit input_id=323 frame_id=499 t_ns=694932928911 update_cpu_ns=14731948 final=0
K230_CARD_BENCH v=1 run=681821333620 event=submit input_id=322 frame_id=499 t_ns=694932928911 update_cpu_ns=14731948 final=0
K230_CARD_BENCH v=1 run=681821333620 event=submit input_id=321 frame_id=499 t_ns=694932928911 update_cpu_ns=14731948 final=0
K230_CARD_BENCH v=1 run=681821333620 event=submit input_id=320 frame_id=499 t_ns=694932928911 update_cpu_ns=14731948 final=0
K230_CARD_BENCH v=1 run=681821333620 event=submit input_id=319 frame_id=499 t_ns=694932928911 update_cpu_ns=14731948 final=0
K230_CARD_BENCH v=1 run=681821333620 event=submit input_id=318 frame_id=499 t_ns=694932928911 update_cpu_ns=14731948 final=0
K230_CARD_BENCH v=1 run=681821333620 event=present frame_id=498 t_ns=694918799000 presented=1 clock=monotonic
K230_CARD_BENCH v=1 run=681821333620 event=input input_id=323 gesture_id=16 kind=motion t_ns=694918621231 source=injected
K230_CARD_SHELL state mode=2 actions=1 message=0 cards=1
K230_CARD_BENCH v=1 run=681821333620 event=input input_id=322 gesture_id=16 kind=motion t_ns=694913606740 source=injected
K230_CARD_SHELL state mode=2 actions=1 message=0 cards=1
K230_CARD_BENCH v=1 run=681821333620 event=input input_id=321 gesture_id=16 kind=motion t_ns=694911544982 source=injected
K230_CARD_SHELL state mode=2 actions=1 message=0 cards=1
K230_CARD_BENCH v=1 run=681821333620 event=input input_id=320 gesture_id=16 kind=motion t_ns=694911010478 source=injected
K230_CARD_SHELL state mode=2 actions=1 message=0 cards=1
K230_CARD_BENCH v=1 run=681821333620 event=input input_id=319 gesture_id=16 kind=motion t_ns=694910087837 source=injected
K230_CARD_SHELL state mode=2 actions=1 message=0 cards=1
K230_CARD_BENCH v=1 run=681821333620 event=input input_id=318 gesture_id=16 kind=motion t_ns=694907552647 source=injected
K230_CARD_SHELL state mode=2 actions=1 message=0 cards=1
K230_CARD_BENCH v=1 run=681821333620 event=present frame_id=497 t_ns=694880478000 presented=1 clock=monotonic
K230_CARD_SHELL frame-cost run=681821333620 frame_id=497 total_cpu_ns=16187644 render_cpu_ns=13745678 input_cpu_ns=2133557
K230_CARD_BENCH v=1 run=681821333620 event=submit input_id=317 frame_id=497 t_ns=694876512428 update_cpu_ns=16187644 final=0
K230_CARD_BENCH v=1 run=681821333620 event=submit input_id=316 frame_id=497 t_ns=694876512428 update_cpu_ns=16187644 final=0
K230_CARD_BENCH v=1 run=681821333620 event=submit input_id=315 frame_id=497 t_ns=694876512428 update_cpu_ns=16187644 final=0
K230_CARD_BENCH v=1 run=681821333620 event=submit input_id=314 frame_id=497 t_ns=694876512428 update_cpu_ns=16187644 final=0
K230_CARD_BENCH v=1 run=681821333620 event=submit input_id=313 frame_id=497 t_ns=694876512428 update_cpu_ns=16187644 final=0
K230_CARD_BENCH v=1 run=681821333620 event=submit input_id=312 frame_id=497 t_ns=694876512428 update_cpu_ns=16187644 final=0
K230_CARD_BENCH v=1 run=681821333620 event=present frame_id=496 t_ns=694861315000 presented=1 clock=monotonic
K230_CARD_BENCH v=1 run=681821333620 event=input input_id=317 gesture_id=16 kind=motion t_ns=694858618994 source=injected
K230_CARD_SHELL state mode=2 actions=1 message=0 cards=1
K230_CARD_BENCH v=1 run=681821333620 event=input input_id=316 gesture_id=16 kind=motion t_ns=694855222606 source=injected
K230_CARD_SHELL state mode=2 actions=1 message=0 cards=1
K230_CARD_BENCH v=1 run=681821333620 event=input input_id=315 gesture_id=16 kind=motion t_ns=694854755027 source=injected
K230_CARD_SHELL state mode=2 actions=1 message=0 cards=1
K230_CARD_BENCH v=1 run=681821333620 event=input input_id=314 gesture_id=16 kind=motion t_ns=694853218365 source=injected
K230_CARD_SHELL state mode=2 actions=1 message=0 cards=1
K230_CARD_BENCH v=1 run=681821333620 event=input input_id=313 gesture_id=16 kind=motion t_ns=694852804488 source=injected
K230_CARD_SHELL state mode=2 actions=1 message=0 cards=1
K230_CARD_BENCH v=1 run=681821333620 event=input input_id=312 gesture_id=16 kind=motion t_ns=694851301492 source=injected
K230_CARD_SHELL state mode=2 actions=1 message=0 cards=1
K230_CARD_BENCH v=1 run=681821333620 event=present frame_id=495 t_ns=694822994000 presented=1 clock=monotonic
K230_CARD_SHELL frame-cost run=681821333620 frame_id=495 total_cpu_ns=14929907 render_cpu_ns=13789238 input_cpu_ns=904559
K230_CARD_BENCH v=1 run=681821333620 event=submit input_id=311 frame_id=495 t_ns=694819547070 update_cpu_ns=14929907 final=0
K230_CARD_BENCH v=1 run=681821333620 event=submit input_id=310 frame_id=495 t_ns=694819547070 update_cpu_ns=14929907 final=0
K230_CARD_BENCH v=1 run=681821333620 event=submit input_id=309 frame_id=495 t_ns=694819547070 update_cpu_ns=14929907 final=0
K230_CARD_BENCH v=1 run=681821333620 event=submit input_id=308 frame_id=495 t_ns=694819547070 update_cpu_ns=14929907 final=0
K230_CARD_BENCH v=1 run=681821333620 event=present frame_id=494 t_ns=694803832000 presented=1 clock=monotonic
K230_CARD_BENCH v=1 run=681821333620 event=input input_id=311 gesture_id=16 kind=motion t_ns=694799522695 source=injected
K230_CARD_SHELL state mode=2 actions=1 message=0 cards=1
K230_CARD_BENCH v=1 run=681821333620 event=input input_id=310 gesture_id=16 kind=motion t_ns=694797067059 source=injected
K230_CARD_SHELL state mode=2 actions=1 message=0 cards=1
K230_CARD_BENCH v=1 run=681821333620 event=input input_id=309 gesture_id=16 kind=motion t_ns=694796807659 source=injected
K230_CARD_SHELL state mode=2 actions=1 message=0 cards=1
K230_CARD_BENCH v=1 run=681821333620 event=input input_id=308 gesture_id=16 kind=motion t_ns=694796498334 source=injected
K230_CARD_SHELL state mode=2 actions=1 message=0 cards=1
K230_CARD_SHELL frame-cost run=681821333620 frame_id=494 total_cpu_ns=14401936 render_cpu_ns=13823271 input_cpu_ns=424814
K230_CARD_BENCH v=1 run=681821333620 event=submit input_id=307 frame_id=494 t_ns=694793346717 update_cpu_ns=14401936 final=0
K230_CARD_BENCH v=1 run=681821333620 event=submit input_id=306 frame_id=494 t_ns=694793346717 update_cpu_ns=14401936 final=0
K230_CARD_BENCH v=1 run=681821333620 event=present frame_id=493 t_ns=694765512000 presented=1 clock=monotonic
K230_CARD_BENCH v=1 run=681821333620 event=input input_id=307 gesture_id=16 kind=motion t_ns=694768464069 source=injected
K230_CARD_SHELL state mode=2 actions=1 message=0 cards=1
K230_CARD_BENCH v=1 run=681821333620 event=input input_id=306 gesture_id=16 kind=motion t_ns=694768055376 source=injected
K230_CARD_SHELL state mode=2 actions=1 message=0 cards=1
K230_CARD_SHELL frame-cost run=681821333620 frame_id=493 total_cpu_ns=14038899 render_cpu_ns=13761640 input_cpu_ns=160777
K230_CARD_BENCH v=1 run=681821333620 event=submit input_id=305 frame_id=493 t_ns=694762997108 update_cpu_ns=14038899 final=0
K230_CARD_BENCH v=1 run=681821333620 event=present frame_id=492 t_ns=694746350000 presented=1 clock=monotonic
K230_CARD_BENCH v=1 run=681821333620 event=input input_id=305 gesture_id=16 kind=motion t_ns=694738585299 source=injected
K230_CARD_SHELL state mode=2 actions=1 message=0 cards=1
K230_CARD_SHELL state mode=2 actions=1 message=0 cards=1
K230_CARD_BENCH v=1 run=681821333620 event=present frame_id=491 t_ns=694708047000 presented=1 clock=monotonic
K230_CARD_BENCH v=1 run=681821333620 event=present frame_id=490 t_ns=694688868000 presented=1 clock=monotonic
K230_CARD_BENCH v=1 run=681821333620 event=present frame_id=489 t_ns=694650545000 presented=1 clock=monotonic
K230_CARD_BENCH v=1 run=681821333620 event=present frame_id=488 t_ns=694631386000 presented=1 clock=monotonic
K230_CARD_BENCH v=1 run=681821333620 event=present frame_id=487 t_ns=694593065000 presented=1 clock=monotonic
K230_CARD_BENCH v=1 run=681821333620 event=present frame_id=486 t_ns=694573904000 presented=1 clock=monotonic
K230_CARD_BENCH v=1 run=681821333620 event=present frame_id=485 t_ns=694535582000 presented=1 clock=monotonic
K230_CARD_BENCH v=1 run=681821333620 event=present frame_id=484 t_ns=694516422000 presented=1 clock=monotonic
K230_CARD_BENCH v=1 run=681821333620 event=present frame_id=483 t_ns=694478101000 presented=1 clock=monotonic
K230_CARD_SHELL frame-cost run=681821333620 frame_id=483 total_cpu_ns=14940026 render_cpu_ns=14046325 input_cpu_ns=735478
K230_CARD_BENCH v=1 run=681821333620 event=submit input_id=304 frame_id=483 t_ns=694474166393 update_cpu_ns=14940026 final=1
K230_CARD_BENCH v=1 run=681821333620 event=submit input_id=303 frame_id=483 t_ns=694474166393 update_cpu_ns=14940026 final=0
K230_CARD_BENCH v=1 run=681821333620 event=present frame_id=482 t_ns=694458940000 presented=1 clock=monotonic
K230_CARD_BENCH v=1 run=681821333620 event=input input_id=304 gesture_id=15 kind=release t_ns=694445520182 source=injected
K230_CARD_SHELL state mode=1 actions=1 message=0 cards=1
K230_CARD_BENCH v=1 run=681821333620 event=input input_id=303 gesture_id=15 kind=motion t_ns=694443161284 source=injected
K230_CARD_SHELL state mode=2 actions=1 message=0 cards=1
K230_CARD_BENCH v=1 run=681821333620 event=present frame_id=481 t_ns=694420620000 presented=1 clock=monotonic
K230_CARD_SHELL frame-cost run=681821333620 frame_id=481 total_cpu_ns=14272842 render_cpu_ns=11715140 input_cpu_ns=2255995
K230_CARD_BENCH v=1 run=681821333620 event=submit input_id=302 frame_id=481 t_ns=694414757251 update_cpu_ns=14272842 final=0
K230_CARD_BENCH v=1 run=681821333620 event=submit input_id=301 frame_id=481 t_ns=694414757251 update_cpu_ns=14272842 final=0
K230_CARD_BENCH v=1 run=681821333620 event=submit input_id=300 frame_id=481 t_ns=694414757251 update_cpu_ns=14272842 final=0
K230_CARD_BENCH v=1 run=681821333620 event=submit input_id=299 frame_id=481 t_ns=694414757251 update_cpu_ns=14272842 final=0
K230_CARD_BENCH v=1 run=681821333620 event=submit input_id=298 frame_id=481 t_ns=694414757251 update_cpu_ns=14272842 final=0
K230_CARD_BENCH v=1 run=681821333620 event=submit input_id=297 frame_id=481 t_ns=694414757251 update_cpu_ns=14272842 final=0
K230_CARD_BENCH v=1 run=681821333620 event=present frame_id=480 t_ns=694401459000 presented=1 clock=monotonic
K230_CARD_BENCH v=1 run=681821333620 event=input input_id=302 gesture_id=15 kind=motion t_ns=694399416451 source=injected
K230_CARD_SHELL state mode=2 actions=1 message=0 cards=1
K230_CARD_BENCH v=1 run=681821333620 event=input input_id=301 gesture_id=15 kind=motion t_ns=694398067081 source=injected
K230_CARD_SHELL state mode=2 actions=1 message=0 cards=1
K230_CARD_BENCH v=1 run=681821333620 event=input input_id=300 gesture_id=15 kind=motion t_ns=694396771079 source=injected
K230_CARD_SHELL state mode=2 actions=1 message=0 cards=1
K230_CARD_BENCH v=1 run=681821333620 event=input input_id=299 gesture_id=15 kind=motion t_ns=694396291093 source=injected
K230_CARD_SHELL state mode=2 actions=1 message=0 cards=1
K230_CARD_BENCH v=1 run=681821333620 event=input input_id=298 gesture_id=15 kind=motion t_ns=694393729497 source=injected
K230_CARD_SHELL state mode=2 actions=1 message=0 cards=1
K230_CARD_BENCH v=1 run=681821333620 event=input input_id=297 gesture_id=15 kind=motion t_ns=694391530039 source=injected
K230_CARD_SHELL state mode=2 actions=1 message=0 cards=1
K230_CARD_BENCH v=1 run=681821333620 event=present frame_id=479 t_ns=694363137000 presented=1 clock=monotonic
K230_CARD_SHELL frame-cost run=681821333620 frame_id=479 total_cpu_ns=15797350 render_cpu_ns=13977978 input_cpu_ns=1549191
K230_CARD_BENCH v=1 run=681821333620 event=submit input_id=296 frame_id=479 t_ns=694359942316 update_cpu_ns=15797350 final=0
K230_CARD_BENCH v=1 run=681821333620 event=submit input_id=295 frame_id=479 t_ns=694359942316 update_cpu_ns=15797350 final=0
K230_CARD_BENCH v=1 run=681821333620 event=submit input_id=294 frame_id=479 t_ns=694359942316 update_cpu_ns=15797350 final=0
K230_CARD_BENCH v=1 run=681821333620 event=submit input_id=293 frame_id=479 t_ns=694359942316 update_cpu_ns=15797350 final=0
K230_CARD_BENCH v=1 run=681821333620 event=submit input_id=292 frame_id=479 t_ns=694359942316 update_cpu_ns=15797350 final=0
K230_CARD_BENCH v=1 run=681821333620 event=present frame_id=478 t_ns=694343975000 presented=1 clock=monotonic
K230_CARD_BENCH v=1 run=681821333620 event=input input_id=296 gesture_id=15 kind=motion t_ns=694337353530 source=injected
K230_CARD_SHELL state mode=2 actions=1 message=0 cards=1
K230_CARD_BENCH v=1 run=681821333620 event=input input_id=295 gesture_id=15 kind=motion t_ns=694336837655 source=injected
K230_CARD_SHELL state mode=2 actions=1 message=0 cards=1
K230_CARD_BENCH v=1 run=681821333620 event=input input_id=294 gesture_id=15 kind=motion t_ns=694335479656 source=injected
K230_CARD_SHELL state mode=2 actions=1 message=0 cards=1
K230_CARD_BENCH v=1 run=681821333620 event=input input_id=293 gesture_id=15 kind=motion t_ns=694333673187 source=injected
K230_CARD_SHELL state mode=2 actions=1 message=0 cards=1
K230_CARD_BENCH v=1 run=681821333620 event=input input_id=292 gesture_id=15 kind=motion t_ns=694331699204 source=injected
K230_CARD_SHELL state mode=2 actions=1 message=0 cards=1
K230_CARD_BENCH v=1 run=681821333620 event=present frame_id=477 t_ns=694305656000 presented=1 clock=monotonic
K230_CARD_SHELL frame-cost run=681821333620 frame_id=477 total_cpu_ns=15067170 render_cpu_ns=13785096 input_cpu_ns=1074481
K230_CARD_BENCH v=1 run=681821333620 event=submit input_id=291 frame_id=477 t_ns=694302079279 update_cpu_ns=15067170 final=0
K230_CARD_BENCH v=1 run=681821333620 event=submit input_id=290 frame_id=477 t_ns=694302079279 update_cpu_ns=15067170 final=0
K230_CARD_BENCH v=1 run=681821333620 event=submit input_id=289 frame_id=477 t_ns=694302079279 update_cpu_ns=15067170 final=0
K230_CARD_BENCH v=1 run=681821333620 event=submit input_id=288 frame_id=477 t_ns=694302079279 update_cpu_ns=15067170 final=0
K230_CARD_BENCH v=1 run=681821333620 event=present frame_id=476 t_ns=694286494000 presented=1 clock=monotonic
K230_CARD_BENCH v=1 run=681821333620 event=input input_id=291 gesture_id=15 kind=motion t_ns=694284605612 source=injected
K230_CARD_SHELL state mode=2 actions=1 message=0 cards=1
K230_CARD_BENCH v=1 run=681821333620 event=input input_id=290 gesture_id=15 kind=motion t_ns=694278291971 source=injected
K230_CARD_SHELL state mode=2 actions=1 message=0 cards=1
K230_CARD_BENCH v=1 run=681821333620 event=input input_id=289 gesture_id=15 kind=motion t_ns=694277914981 source=injected
K230_CARD_SHELL state mode=2 actions=1 message=0 cards=1
K230_CARD_BENCH v=1 run=681821333620 event=input input_id=288 gesture_id=15 kind=motion t_ns=694276295211 source=injected
K230_CARD_SHELL state mode=2 actions=1 message=0 cards=1
K230_CARD_SHELL frame-cost run=681821333620 frame_id=476 total_cpu_ns=14531230 render_cpu_ns=13937861 input_cpu_ns=421517
K230_CARD_BENCH v=1 run=681821333620 event=submit input_id=287 frame_id=476 t_ns=694275448049 update_cpu_ns=14531230 final=0
K230_CARD_BENCH v=1 run=681821333620 event=submit input_id=286 frame_id=476 t_ns=694275448049 update_cpu_ns=14531230 final=0
K230_CARD_BENCH v=1 run=681821333620 event=present frame_id=475 t_ns=694248172000 presented=1 clock=monotonic
K230_CARD_BENCH v=1 run=681821333620 event=input input_id=287 gesture_id=15 kind=motion t_ns=694252481089 source=injected
K230_CARD_SHELL state mode=2 actions=1 message=0 cards=1
K230_CARD_BENCH v=1 run=681821333620 event=input input_id=286 gesture_id=15 kind=motion t_ns=694252089766 source=injected
K230_CARD_SHELL state mode=2 actions=1 message=0 cards=1
K230_CARD_SHELL frame-cost run=681821333620 frame_id=475 total_cpu_ns=14712039 render_cpu_ns=13874743 input_cpu_ns=687445
K230_CARD_BENCH v=1 run=681821333620 event=submit input_id=285 frame_id=475 t_ns=694245044960 update_cpu_ns=14712039 final=0
K230_CARD_BENCH v=1 run=681821333620 event=submit input_id=284 frame_id=475 t_ns=694245044960 update_cpu_ns=14712039 final=0
K230_CARD_BENCH v=1 run=681821333620 event=present frame_id=474 t_ns=694229012000 presented=1 clock=monotonic
K230_CARD_BENCH v=1 run=681821333620 event=input input_id=285 gesture_id=15 kind=motion t_ns=694224593338 source=injected
K230_CARD_SHELL state mode=2 actions=1 message=0 cards=1
K230_CARD_BENCH v=1 run=681821333620 event=input input_id=284 gesture_id=15 kind=motion t_ns=694219398629 source=injected
K230_CARD_SHELL state mode=2 actions=1 message=0 cards=1
K230_CARD_SHELL state mode=2 actions=1 message=0 cards=1
K230_CARD_BENCH v=1 run=681821333620 event=present frame_id=473 t_ns=694190693000 presented=1 clock=monotonic
K230_CARD_BENCH v=1 run=681821333620 event=present frame_id=472 t_ns=694171529000 presented=1 clock=monotonic
K230_CARD_BENCH v=1 run=681821333620 event=present frame_id=471 t_ns=694133208000 presented=1 clock=monotonic
K230_CARD_BENCH v=1 run=681821333620 event=present frame_id=470 t_ns=694114048000 presented=1 clock=monotonic
K230_CARD_BENCH v=1 run=681821333620 event=present frame_id=469 t_ns=694075725000 presented=1 clock=monotonic
K230_CARD_BENCH v=1 run=681821333620 event=present frame_id=468 t_ns=694056565000 presented=1 clock=monotonic
K230_CARD_BENCH v=1 run=681821333620 event=present frame_id=467 t_ns=694018244000 presented=1 clock=monotonic
K230_CARD_BENCH v=1 run=681821333620 event=present frame_id=466 t_ns=693999083000 presented=1 clock=monotonic
K230_CARD_BENCH v=1 run=681821333620 event=resource phase=active t_ns=693983327863 cpu_ns=11278580000 memory_bytes=19705856 scope=session
K230_CARD_BENCH v=1 run=681821333620 event=resource phase=active t_ns=693983327863 cpu_ns=6473794237 memory_bytes=27570176 scope=compositor
K230_CARD_BENCH v=1 run=681821333620 event=present frame_id=465 t_ns=693960761000 presented=1 clock=monotonic
K230_CARD_BENCH v=1 run=681821333620 event=present frame_id=464 t_ns=693941601000 presented=1 clock=monotonic
K230_CARD_BENCH v=1 run=681821333620 event=present frame_id=463 t_ns=693903281000 presented=1 clock=monotonic
K230_CARD_SHELL frame-cost run=681821333620 frame_id=463 total_cpu_ns=17152561 render_cpu_ns=14068376 input_cpu_ns=2730998
K230_CARD_BENCH v=1 run=681821333620 event=submit input_id=283 frame_id=463 t_ns=693900337722 update_cpu_ns=17152561 final=1
K230_CARD_BENCH v=1 run=681821333620 event=submit input_id=282 frame_id=463 t_ns=693900337722 update_cpu_ns=17152561 final=0
K230_CARD_BENCH v=1 run=681821333620 event=submit input_id=281 frame_id=463 t_ns=693900337722 update_cpu_ns=17152561 final=0
K230_CARD_BENCH v=1 run=681821333620 event=submit input_id=280 frame_id=463 t_ns=693900337722 update_cpu_ns=17152561 final=0
K230_CARD_BENCH v=1 run=681821333620 event=submit input_id=279 frame_id=463 t_ns=693900337722 update_cpu_ns=17152561 final=0
K230_CARD_BENCH v=1 run=681821333620 event=submit input_id=278 frame_id=463 t_ns=693900337722 update_cpu_ns=17152561 final=0
K230_CARD_BENCH v=1 run=681821333620 event=present frame_id=462 t_ns=693884121000 presented=1 clock=monotonic
K230_CARD_BENCH v=1 run=681821333620 event=input input_id=283 gesture_id=14 kind=release t_ns=693877165985 source=injected
K230_CARD_SHELL state mode=1 actions=1 message=0 cards=1
K230_CARD_BENCH v=1 run=681821333620 event=input input_id=282 gesture_id=14 kind=motion t_ns=693875737876 source=injected
K230_CARD_SHELL state mode=2 actions=1 message=0 cards=1
K230_CARD_BENCH v=1 run=681821333620 event=input input_id=281 gesture_id=14 kind=motion t_ns=693873392310 source=injected
K230_CARD_SHELL state mode=2 actions=1 message=0 cards=1
K230_CARD_BENCH v=1 run=681821333620 event=input input_id=280 gesture_id=14 kind=motion t_ns=693872456595 source=injected
K230_CARD_SHELL state mode=2 actions=1 message=0 cards=1
K230_CARD_BENCH v=1 run=681821333620 event=input input_id=279 gesture_id=14 kind=motion t_ns=693871799354 source=injected
K230_CARD_SHELL state mode=2 actions=1 message=0 cards=1
K230_CARD_BENCH v=1 run=681821333620 event=input input_id=278 gesture_id=14 kind=motion t_ns=693870263100 source=injected
K230_CARD_SHELL state mode=2 actions=1 message=0 cards=1
K230_CARD_BENCH v=1 run=681821333620 event=present frame_id=461 t_ns=693845797000 presented=1 clock=monotonic
K230_CARD_SHELL frame-cost run=681821333620 frame_id=461 total_cpu_ns=15134788 render_cpu_ns=13056012 input_cpu_ns=1644371
K230_CARD_BENCH v=1 run=681821333620 event=submit input_id=277 frame_id=461 t_ns=693841284780 update_cpu_ns=15134788 final=0
K230_CARD_BENCH v=1 run=681821333620 event=submit input_id=276 frame_id=461 t_ns=693841284780 update_cpu_ns=15134788 final=0
K230_CARD_BENCH v=1 run=681821333620 event=submit input_id=275 frame_id=461 t_ns=693841284780 update_cpu_ns=15134788 final=0
K230_CARD_BENCH v=1 run=681821333620 event=submit input_id=274 frame_id=461 t_ns=693841284780 update_cpu_ns=15134788 final=0
K230_CARD_BENCH v=1 run=681821333620 event=present frame_id=460 t_ns=693826636000 presented=1 clock=monotonic
K230_CARD_BENCH v=1 run=681821333620 event=input input_id=277 gesture_id=14 kind=motion t_ns=693824888932 source=injected
K230_CARD_SHELL state mode=2 actions=1 message=0 cards=1
K230_CARD_BENCH v=1 run=681821333620 event=input input_id=276 gesture_id=14 kind=motion t_ns=693820762970 source=injected
K230_CARD_SHELL state mode=2 actions=1 message=0 cards=1
K230_CARD_BENCH v=1 run=681821333620 event=input input_id=275 gesture_id=14 kind=motion t_ns=693820249206 source=injected
K230_CARD_SHELL state mode=2 actions=1 message=0 cards=1
K230_CARD_BENCH v=1 run=681821333620 event=input input_id=274 gesture_id=14 kind=motion t_ns=693818536513 source=injected
K230_CARD_SHELL state mode=2 actions=1 message=0 cards=1
K230_CARD_SHELL frame-cost run=681821333620 frame_id=460 total_cpu_ns=16595982 render_cpu_ns=14389535 input_cpu_ns=1923481
K230_CARD_BENCH v=1 run=681821333620 event=submit input_id=273 frame_id=460 t_ns=693816219057 update_cpu_ns=16595982 final=0
K230_CARD_BENCH v=1 run=681821333620 event=submit input_id=272 frame_id=460 t_ns=693816219057 update_cpu_ns=16595982 final=0
K230_CARD_BENCH v=1 run=681821333620 event=submit input_id=271 frame_id=460 t_ns=693816219057 update_cpu_ns=16595982 final=0
K230_CARD_BENCH v=1 run=681821333620 event=submit input_id=270 frame_id=460 t_ns=693816219057 update_cpu_ns=16595982 final=0
K230_CARD_BENCH v=1 run=681821333620 event=submit input_id=269 frame_id=460 t_ns=693816219057 update_cpu_ns=16595982 final=0
K230_CARD_BENCH v=1 run=681821333620 event=submit input_id=268 frame_id=460 t_ns=693816219057 update_cpu_ns=16595982 final=0
K230_CARD_BENCH v=1 run=681821333620 event=present frame_id=459 t_ns=693788317000 presented=1 clock=monotonic
K230_CARD_BENCH v=1 run=681821333620 event=input input_id=273 gesture_id=14 kind=motion t_ns=693793727116 source=injected
K230_CARD_SHELL state mode=2 actions=1 message=0 cards=1
K230_CARD_BENCH v=1 run=681821333620 event=input input_id=272 gesture_id=14 kind=motion t_ns=693792148900 source=injected
K230_CARD_SHELL state mode=2 actions=1 message=0 cards=1
K230_CARD_BENCH v=1 run=681821333620 event=input input_id=271 gesture_id=14 kind=motion t_ns=693790167436 source=injected
K230_CARD_SHELL state mode=2 actions=1 message=0 cards=1
K230_CARD_BENCH v=1 run=681821333620 event=input input_id=270 gesture_id=14 kind=motion t_ns=693789767706 source=injected
K230_CARD_SHELL state mode=2 actions=1 message=0 cards=1
K230_CARD_BENCH v=1 run=681821333620 event=input input_id=269 gesture_id=14 kind=motion t_ns=693788433964 source=injected
K230_CARD_SHELL state mode=2 actions=1 message=0 cards=1
K230_CARD_BENCH v=1 run=681821333620 event=input input_id=268 gesture_id=14 kind=motion t_ns=693787641875 source=injected
K230_CARD_SHELL state mode=2 actions=1 message=0 cards=1
K230_CARD_BENCH v=1 run=681821333620 event=present frame_id=458 t_ns=693749993000 presented=1 clock=monotonic
K230_CARD_SHELL frame-cost run=681821333620 frame_id=458 total_cpu_ns=15566711 render_cpu_ns=14293713 input_cpu_ns=1060962
K230_CARD_BENCH v=1 run=681821333620 event=submit input_id=267 frame_id=458 t_ns=693749661838 update_cpu_ns=15566711 final=0
K230_CARD_BENCH v=1 run=681821333620 event=submit input_id=266 frame_id=458 t_ns=693749661838 update_cpu_ns=15566711 final=0
K230_CARD_BENCH v=1 run=681821333620 event=submit input_id=265 frame_id=458 t_ns=693749661838 update_cpu_ns=15566711 final=0
K230_CARD_BENCH v=1 run=681821333620 event=submit input_id=264 frame_id=458 t_ns=693749661838 update_cpu_ns=15566711 final=0
K230_CARD_BENCH v=1 run=681821333620 event=present frame_id=457 t_ns=693730833000 presented=1 clock=monotonic
K230_CARD_BENCH v=1 run=681821333620 event=input input_id=267 gesture_id=14 kind=motion t_ns=693723279892 source=injected
K230_CARD_SHELL state mode=2 actions=1 message=0 cards=1
K230_CARD_BENCH v=1 run=681821333620 event=input input_id=266 gesture_id=14 kind=motion t_ns=693721147988 source=injected
K230_CARD_SHELL state mode=2 actions=1 message=0 cards=1
K230_CARD_BENCH v=1 run=681821333620 event=input input_id=265 gesture_id=14 kind=motion t_ns=693720799145 source=injected
K230_CARD_SHELL state mode=2 actions=1 message=0 cards=1
K230_CARD_BENCH v=1 run=681821333620 event=input input_id=264 gesture_id=14 kind=motion t_ns=693718954640 source=injected
K230_CARD_SHELL state mode=2 actions=1 message=0 cards=1
K230_CARD_SHELL frame-cost run=681821333620 frame_id=457 total_cpu_ns=14050014 render_cpu_ns=13750532 input_cpu_ns=134481
K230_CARD_BENCH v=1 run=681821333620 event=submit input_id=263 frame_id=457 t_ns=693716454338 update_cpu_ns=14050014 final=0
K230_CARD_BENCH v=1 run=681821333620 event=present frame_id=456 t_ns=693692513000 presented=1 clock=monotonic
K230_CARD_BENCH v=1 run=681821333620 event=input input_id=263 gesture_id=14 kind=motion t_ns=693692282035 source=injected
K230_CARD_SHELL state mode=2 actions=1 message=0 cards=1
K230_CARD_BENCH v=1 run=681821333620 event=present frame_id=455 t_ns=693673351000 presented=1 clock=monotonic
K230_CARD_SHELL state mode=2 actions=1 message=0 cards=1
K230_CARD_BENCH v=1 run=681821333620 event=present frame_id=454 t_ns=693635029000 presented=1 clock=monotonic
K230_CARD_BENCH v=1 run=681821333620 event=present frame_id=453 t_ns=693615868000 presented=1 clock=monotonic
K230_CARD_SHELL live cards=1 commits=288 sampled=572 frame-done=572 output-presented=286
K230_CARD_BENCH v=1 run=681821333620 event=present frame_id=452 t_ns=693577547000 presented=1 clock=monotonic
K230_CARD_BENCH v=1 run=681821333620 event=present frame_id=451 t_ns=693558387000 presented=1 clock=monotonic
K230_CARD_BENCH v=1 run=681821333620 event=present frame_id=450 t_ns=693520067000 presented=1 clock=monotonic
K230_CARD_BENCH v=1 run=681821333620 event=present frame_id=449 t_ns=693500904000 presented=1 clock=monotonic
K230_CARD_BENCH v=1 run=681821333620 event=present frame_id=448 t_ns=693462583000 presented=1 clock=monotonic
K230_CARD_BENCH v=1 run=681821333620 event=present frame_id=447 t_ns=693443422000 presented=1 clock=monotonic
K230_CARD_BENCH v=1 run=681821333620 event=present frame_id=446 t_ns=693405101000 presented=1 clock=monotonic
K230_CARD_SHELL frame-cost run=681821333620 frame_id=446 total_cpu_ns=15258542 render_cpu_ns=13908840 input_cpu_ns=1120889
K230_CARD_BENCH v=1 run=681821333620 event=submit input_id=262 frame_id=446 t_ns=693401279725 update_cpu_ns=15258542 final=1
K230_CARD_BENCH v=1 run=681821333620 event=submit input_id=261 frame_id=446 t_ns=693401279725 update_cpu_ns=15258542 final=0
K230_CARD_BENCH v=1 run=681821333620 event=submit input_id=260 frame_id=446 t_ns=693401279725 update_cpu_ns=15258542 final=0
K230_CARD_BENCH v=1 run=681821333620 event=present frame_id=445 t_ns=693385940000 presented=1 clock=monotonic
K230_CARD_BENCH v=1 run=681821333620 event=input input_id=262 gesture_id=13 kind=release t_ns=693374106171 source=injected
K230_CARD_SHELL state mode=1 actions=1 message=0 cards=1
K230_CARD_BENCH v=1 run=681821333620 event=input input_id=261 gesture_id=13 kind=motion t_ns=693373304267 source=injected
K230_CARD_SHELL state mode=2 actions=1 message=0 cards=1
K230_CARD_BENCH v=1 run=681821333620 event=input input_id=260 gesture_id=13 kind=motion t_ns=693371114734 source=injected
K230_CARD_SHELL state mode=2 actions=1 message=0 cards=1
K230_CARD_BENCH v=1 run=681821333620 event=present frame_id=444 t_ns=693347619000 presented=1 clock=monotonic
K230_CARD_SHELL frame-cost run=681821333620 frame_id=444 total_cpu_ns=14336323 render_cpu_ns=11831062 input_cpu_ns=2193225
K230_CARD_BENCH v=1 run=681821333620 event=submit input_id=259 frame_id=444 t_ns=693342495590 update_cpu_ns=14336323 final=0
K230_CARD_BENCH v=1 run=681821333620 event=submit input_id=258 frame_id=444 t_ns=693342495590 update_cpu_ns=14336323 final=0
K230_CARD_BENCH v=1 run=681821333620 event=submit input_id=257 frame_id=444 t_ns=693342495590 update_cpu_ns=14336323 final=0
K230_CARD_BENCH v=1 run=681821333620 event=submit input_id=256 frame_id=444 t_ns=693342495590 update_cpu_ns=14336323 final=0
K230_CARD_BENCH v=1 run=681821333620 event=submit input_id=255 frame_id=444 t_ns=693342495590 update_cpu_ns=14336323 final=0
K230_CARD_BENCH v=1 run=681821333620 event=submit input_id=254 frame_id=444 t_ns=693342495590 update_cpu_ns=14336323 final=0
K230_CARD_BENCH v=1 run=681821333620 event=present frame_id=443 t_ns=693328460000 presented=1 clock=monotonic
K230_CARD_BENCH v=1 run=681821333620 event=input input_id=259 gesture_id=13 kind=motion t_ns=693328183055 source=injected
K230_CARD_SHELL state mode=2 actions=1 message=0 cards=1
K230_CARD_BENCH v=1 run=681821333620 event=input input_id=258 gesture_id=13 kind=motion t_ns=693323341150 source=injected
K230_CARD_SHELL state mode=2 actions=1 message=0 cards=1
K230_CARD_BENCH v=1 run=681821333620 event=input input_id=257 gesture_id=13 kind=motion t_ns=693321926115 source=injected
K230_CARD_SHELL state mode=2 actions=1 message=0 cards=1
K230_CARD_BENCH v=1 run=681821333620 event=input input_id=256 gesture_id=13 kind=motion t_ns=693320169015 source=injected
K230_CARD_SHELL state mode=2 actions=1 message=0 cards=1
K230_CARD_BENCH v=1 run=681821333620 event=input input_id=255 gesture_id=13 kind=motion t_ns=693319482663 source=injected
K230_CARD_SHELL state mode=2 actions=1 message=0 cards=1
K230_CARD_BENCH v=1 run=681821333620 event=input input_id=254 gesture_id=13 kind=motion t_ns=693317090951 source=injected
K230_CARD_SHELL state mode=2 actions=1 message=0 cards=1
K230_CARD_BENCH v=1 run=681821333620 event=present frame_id=442 t_ns=693290139000 presented=1 clock=monotonic
K230_CARD_SHELL frame-cost run=681821333620 frame_id=442 total_cpu_ns=16018300 render_cpu_ns=13820150 input_cpu_ns=1896961
K230_CARD_BENCH v=1 run=681821333620 event=submit input_id=253 frame_id=442 t_ns=693286371308 update_cpu_ns=16018300 final=0
K230_CARD_BENCH v=1 run=681821333620 event=submit input_id=252 frame_id=442 t_ns=693286371308 update_cpu_ns=16018300 final=0
K230_CARD_BENCH v=1 run=681821333620 event=submit input_id=251 frame_id=442 t_ns=693286371308 update_cpu_ns=16018300 final=0
K230_CARD_BENCH v=1 run=681821333620 event=submit input_id=250 frame_id=442 t_ns=693286371308 update_cpu_ns=16018300 final=0
K230_CARD_BENCH v=1 run=681821333620 event=submit input_id=249 frame_id=442 t_ns=693286371308 update_cpu_ns=16018300 final=0
K230_CARD_BENCH v=1 run=681821333620 event=submit input_id=248 frame_id=442 t_ns=693286371308 update_cpu_ns=16018300 final=0
K230_CARD_BENCH v=1 run=681821333620 event=present frame_id=441 t_ns=693270976000 presented=1 clock=monotonic
K230_CARD_BENCH v=1 run=681821333620 event=input input_id=253 gesture_id=13 kind=motion t_ns=693268194657 source=injected
K230_CARD_SHELL state mode=2 actions=1 message=0 cards=1
K230_CARD_BENCH v=1 run=681821333620 event=input input_id=252 gesture_id=13 kind=motion t_ns=693264661568 source=injected
K230_CARD_SHELL state mode=2 actions=1 message=0 cards=1
K230_CARD_BENCH v=1 run=681821333620 event=input input_id=251 gesture_id=13 kind=motion t_ns=693264288912 source=injected
K230_CARD_SHELL state mode=2 actions=1 message=0 cards=1
K230_CARD_BENCH v=1 run=681821333620 event=input input_id=250 gesture_id=13 kind=motion t_ns=693263134573 source=injected
K230_CARD_SHELL state mode=2 actions=1 message=0 cards=1
K230_CARD_BENCH v=1 run=681821333620 event=input input_id=249 gesture_id=13 kind=motion t_ns=693261956383 source=injected
K230_CARD_SHELL state mode=2 actions=1 message=0 cards=1
K230_CARD_BENCH v=1 run=681821333620 event=input input_id=248 gesture_id=13 kind=motion t_ns=693260104174 source=injected
K230_CARD_SHELL state mode=2 actions=1 message=0 cards=1
K230_CARD_BENCH v=1 run=681821333620 event=present frame_id=440 t_ns=693232656000 presented=1 clock=monotonic
K230_CARD_SHELL frame-cost run=681821333620 frame_id=440 total_cpu_ns=15060136 render_cpu_ns=13816320 input_cpu_ns=1017705
K230_CARD_BENCH v=1 run=681821333620 event=submit input_id=247 frame_id=440 t_ns=693228868620 update_cpu_ns=15060136 final=0
K230_CARD_BENCH v=1 run=681821333620 event=submit input_id=246 frame_id=440 t_ns=693228868620 update_cpu_ns=15060136 final=0
K230_CARD_BENCH v=1 run=681821333620 event=submit input_id=245 frame_id=440 t_ns=693228868620 update_cpu_ns=15060136 final=0
K230_CARD_BENCH v=1 run=681821333620 event=submit input_id=244 frame_id=440 t_ns=693228868620 update_cpu_ns=15060136 final=0
K230_CARD_BENCH v=1 run=681821333620 event=present frame_id=439 t_ns=693213494000 presented=1 clock=monotonic
K230_CARD_BENCH v=1 run=681821333620 event=input input_id=247 gesture_id=13 kind=motion t_ns=693208216406 source=injected
K230_CARD_SHELL state mode=2 actions=1 message=0 cards=1
K230_CARD_BENCH v=1 run=681821333620 event=input input_id=246 gesture_id=13 kind=motion t_ns=693203905672 source=injected
K230_CARD_SHELL state mode=2 actions=1 message=0 cards=1
K230_CARD_BENCH v=1 run=681821333620 event=input input_id=245 gesture_id=13 kind=motion t_ns=693203518349 source=injected
K230_CARD_SHELL state mode=2 actions=1 message=0 cards=1
K230_CARD_BENCH v=1 run=681821333620 event=input input_id=244 gesture_id=13 kind=motion t_ns=693201795137 source=injected
K230_CARD_SHELL state mode=2 actions=1 message=0 cards=1
K230_CARD_SHELL frame-cost run=681821333620 frame_id=439 total_cpu_ns=14398408 render_cpu_ns=13905632 input_cpu_ns=305814
K230_CARD_BENCH v=1 run=681821333620 event=submit input_id=243 frame_id=439 t_ns=693201001270 update_cpu_ns=14398408 final=0
K230_CARD_BENCH v=1 run=681821333620 event=submit input_id=242 frame_id=439 t_ns=693201001270 update_cpu_ns=14398408 final=0
K230_CARD_BENCH v=1 run=681821333620 event=present frame_id=438 t_ns=693175171000 presented=1 clock=monotonic
K230_CARD_BENCH v=1 run=681821333620 event=input input_id=243 gesture_id=13 kind=motion t_ns=693173093143 source=injected
K230_CARD_SHELL state mode=2 actions=1 message=0 cards=1
K230_CARD_BENCH v=1 run=681821333620 event=input input_id=242 gesture_id=13 kind=motion t_ns=693172858779 source=injected
K230_CARD_SHELL state mode=2 actions=1 message=0 cards=1
K230_CARD_BENCH v=1 run=681821333620 event=present frame_id=437 t_ns=693156015000 presented=1 clock=monotonic
K230_CARD_SHELL state mode=2 actions=1 message=0 cards=1
K230_CARD_BENCH v=1 run=681821333620 event=present frame_id=436 t_ns=693117692000 presented=1 clock=monotonic
K230_CARD_BENCH v=1 run=681821333620 event=present frame_id=435 t_ns=693098530000 presented=1 clock=monotonic
K230_CARD_BENCH v=1 run=681821333620 event=present frame_id=434 t_ns=693060211000 presented=1 clock=monotonic
K230_CARD_BENCH v=1 run=681821333620 event=present frame_id=433 t_ns=693041047000 presented=1 clock=monotonic
K230_CARD_BENCH v=1 run=681821333620 event=present frame_id=432 t_ns=693002725000 presented=1 clock=monotonic
K230_CARD_BENCH v=1 run=681821333620 event=present frame_id=431 t_ns=692983565000 presented=1 clock=monotonic
K230_CARD_BENCH v=1 run=681821333620 event=resource phase=active t_ns=692968373319 cpu_ns=10576639000 memory_bytes=19705856 scope=session
K230_CARD_BENCH v=1 run=681821333620 event=resource phase=active t_ns=692968373319 cpu_ns=5938578541 memory_bytes=27570176 scope=compositor
K230_CARD_BENCH v=1 run=681821333620 event=present frame_id=430 t_ns=692945244000 presented=1 clock=monotonic
K230_CARD_BENCH v=1 run=681821333620 event=present frame_id=429 t_ns=692926083000 presented=1 clock=monotonic
K230_CARD_BENCH v=1 run=681821333620 event=present frame_id=428 t_ns=692887761000 presented=1 clock=monotonic
K230_CARD_BENCH v=1 run=681821333620 event=present frame_id=427 t_ns=692868601000 presented=1 clock=monotonic
K230_CARD_SHELL frame-cost run=681821333620 frame_id=427 total_cpu_ns=15276517 render_cpu_ns=13862408 input_cpu_ns=1215738
K230_CARD_BENCH v=1 run=681821333620 event=submit input_id=241 frame_id=427 t_ns=692859759151 update_cpu_ns=15276517 final=1
K230_CARD_BENCH v=1 run=681821333620 event=submit input_id=240 frame_id=427 t_ns=692859759151 update_cpu_ns=15276517 final=0
K230_CARD_BENCH v=1 run=681821333620 event=submit input_id=239 frame_id=427 t_ns=692859759151 update_cpu_ns=15276517 final=0
K230_CARD_BENCH v=1 run=681821333620 event=present frame_id=426 t_ns=692830281000 presented=1 clock=monotonic
K230_CARD_BENCH v=1 run=681821333620 event=input input_id=241 gesture_id=12 kind=release t_ns=692836859030 source=injected
K230_CARD_SHELL state mode=1 actions=1 message=0 cards=1
K230_CARD_BENCH v=1 run=681821333620 event=input input_id=240 gesture_id=12 kind=motion t_ns=692836248380 source=injected
K230_CARD_SHELL state mode=2 actions=1 message=0 cards=1
K230_CARD_BENCH v=1 run=681821333620 event=input input_id=239 gesture_id=12 kind=motion t_ns=692829420713 source=injected
K230_CARD_SHELL state mode=2 actions=1 message=0 cards=1
K230_CARD_SHELL frame-cost run=681821333620 frame_id=426 total_cpu_ns=14681469 render_cpu_ns=11811691 input_cpu_ns=2572888
K230_CARD_BENCH v=1 run=681821333620 event=submit input_id=238 frame_id=426 t_ns=692824776432 update_cpu_ns=14681469 final=0
K230_CARD_BENCH v=1 run=681821333620 event=submit input_id=237 frame_id=426 t_ns=692824776432 update_cpu_ns=14681469 final=0
K230_CARD_BENCH v=1 run=681821333620 event=submit input_id=236 frame_id=426 t_ns=692824776432 update_cpu_ns=14681469 final=0
K230_CARD_BENCH v=1 run=681821333620 event=submit input_id=235 frame_id=426 t_ns=692824776432 update_cpu_ns=14681469 final=0
K230_CARD_BENCH v=1 run=681821333620 event=submit input_id=234 frame_id=426 t_ns=692824776432 update_cpu_ns=14681469 final=0
K230_CARD_BENCH v=1 run=681821333620 event=submit input_id=233 frame_id=426 t_ns=692824776432 update_cpu_ns=14681469 final=0
K230_CARD_BENCH v=1 run=681821333620 event=present frame_id=425 t_ns=692811119000 presented=1 clock=monotonic
K230_CARD_BENCH v=1 run=681821333620 event=input input_id=238 gesture_id=12 kind=motion t_ns=692808629092 source=injected
K230_CARD_SHELL state mode=2 actions=1 message=0 cards=1
K230_CARD_BENCH v=1 run=681821333620 event=input input_id=237 gesture_id=12 kind=motion t_ns=692804497611 source=injected
K230_CARD_SHELL state mode=2 actions=1 message=0 cards=1
K230_CARD_BENCH v=1 run=681821333620 event=input input_id=236 gesture_id=12 kind=motion t_ns=692803891442 source=injected
K230_CARD_SHELL state mode=2 actions=1 message=0 cards=1
K230_CARD_BENCH v=1 run=681821333620 event=input input_id=235 gesture_id=12 kind=motion t_ns=692801838276 source=injected
K230_CARD_SHELL state mode=2 actions=1 message=0 cards=1
K230_CARD_BENCH v=1 run=681821333620 event=input input_id=234 gesture_id=12 kind=motion t_ns=692801348252 source=injected
K230_CARD_SHELL state mode=2 actions=1 message=0 cards=1
K230_CARD_BENCH v=1 run=681821333620 event=input input_id=233 gesture_id=12 kind=motion t_ns=692800499127 source=injected
K230_CARD_SHELL state mode=2 actions=1 message=0 cards=1
K230_CARD_BENCH v=1 run=681821333620 event=present frame_id=424 t_ns=692772798000 presented=1 clock=monotonic
K230_CARD_SHELL frame-cost run=681821333620 frame_id=424 total_cpu_ns=16029858 render_cpu_ns=13858340 input_cpu_ns=1906147
K230_CARD_BENCH v=1 run=681821333620 event=submit input_id=232 frame_id=424 t_ns=692769564076 update_cpu_ns=16029858 final=0
K230_CARD_BENCH v=1 run=681821333620 event=submit input_id=231 frame_id=424 t_ns=692769564076 update_cpu_ns=16029858 final=0
K230_CARD_BENCH v=1 run=681821333620 event=submit input_id=230 frame_id=424 t_ns=692769564076 update_cpu_ns=16029858 final=0
K230_CARD_BENCH v=1 run=681821333620 event=submit input_id=229 frame_id=424 t_ns=692769564076 update_cpu_ns=16029858 final=0
K230_CARD_BENCH v=1 run=681821333620 event=submit input_id=228 frame_id=424 t_ns=692769564076 update_cpu_ns=16029858 final=0
K230_CARD_BENCH v=1 run=681821333620 event=submit input_id=227 frame_id=424 t_ns=692769564076 update_cpu_ns=16029858 final=0
K230_CARD_BENCH v=1 run=681821333620 event=present frame_id=423 t_ns=692753637000 presented=1 clock=monotonic
K230_CARD_BENCH v=1 run=681821333620 event=input input_id=232 gesture_id=12 kind=motion t_ns=692748620236 source=injected
K230_CARD_SHELL state mode=2 actions=1 message=0 cards=1
K230_CARD_BENCH v=1 run=681821333620 event=input input_id=231 gesture_id=12 kind=motion t_ns=692745361806 source=injected
K230_CARD_SHELL state mode=2 actions=1 message=0 cards=1
K230_CARD_BENCH v=1 run=681821333620 event=input input_id=230 gesture_id=12 kind=motion t_ns=692743190791 source=injected
K230_CARD_SHELL state mode=2 actions=1 message=0 cards=1
K230_CARD_BENCH v=1 run=681821333620 event=input input_id=229 gesture_id=12 kind=motion t_ns=692742814134 source=injected
K230_CARD_SHELL state mode=2 actions=1 message=0 cards=1
K230_CARD_BENCH v=1 run=681821333620 event=input input_id=228 gesture_id=12 kind=motion t_ns=692742345332 source=injected
K230_CARD_SHELL state mode=2 actions=1 message=0 cards=1
K230_CARD_BENCH v=1 run=681821333620 event=input input_id=227 gesture_id=12 kind=motion t_ns=692741973750 source=injected
K230_CARD_SHELL state mode=2 actions=1 message=0 cards=1
K230_CARD_BENCH v=1 run=681821333620 event=present frame_id=422 t_ns=692715315000 presented=1 clock=monotonic
K230_CARD_SHELL frame-cost run=681821333620 frame_id=422 total_cpu_ns=15118098 render_cpu_ns=13888098 input_cpu_ns=1023296
K230_CARD_BENCH v=1 run=681821333620 event=submit input_id=226 frame_id=422 t_ns=692712454216 update_cpu_ns=15118098 final=0
K230_CARD_BENCH v=1 run=681821333620 event=submit input_id=225 frame_id=422 t_ns=692712454216 update_cpu_ns=15118098 final=0
K230_CARD_BENCH v=1 run=681821333620 event=submit input_id=224 frame_id=422 t_ns=692712454216 update_cpu_ns=15118098 final=0
K230_CARD_BENCH v=1 run=681821333620 event=submit input_id=223 frame_id=422 t_ns=692712454216 update_cpu_ns=15118098 final=0
K230_CARD_BENCH v=1 run=681821333620 event=present frame_id=421 t_ns=692696154000 presented=1 clock=monotonic
K230_CARD_BENCH v=1 run=681821333620 event=input input_id=226 gesture_id=12 kind=motion t_ns=692688624899 source=injected
K230_CARD_SHELL state mode=2 actions=1 message=0 cards=1
K230_CARD_BENCH v=1 run=681821333620 event=input input_id=225 gesture_id=12 kind=motion t_ns=692686239779 source=injected
K230_CARD_SHELL state mode=2 actions=1 message=0 cards=1
K230_CARD_BENCH v=1 run=681821333620 event=input input_id=224 gesture_id=12 kind=motion t_ns=692685862567 source=injected
K230_CARD_SHELL state mode=2 actions=1 message=0 cards=1
K230_CARD_BENCH v=1 run=681821333620 event=input input_id=223 gesture_id=12 kind=motion t_ns=692684233574 source=injected
K230_CARD_SHELL state mode=2 actions=1 message=0 cards=1
K230_CARD_SHELL frame-cost run=681821333620 frame_id=421 total_cpu_ns=14140137 render_cpu_ns=13820695 input_cpu_ns=186481
K230_CARD_BENCH v=1 run=681821333620 event=submit input_id=222 frame_id=421 t_ns=692683448336 update_cpu_ns=14140137 final=0
K230_CARD_BENCH v=1 run=681821333620 event=present frame_id=420 t_ns=692657834000 presented=1 clock=monotonic
K230_CARD_BENCH v=1 run=681821333620 event=input input_id=222 gesture_id=12 kind=motion t_ns=692655760382 source=injected
K230_CARD_SHELL state mode=2 actions=1 message=0 cards=1
K230_CARD_SHELL frame-cost run=681821333620 frame_id=420 total_cpu_ns=14119260 render_cpu_ns=13810186 input_cpu_ns=196779
K230_CARD_BENCH v=1 run=681821333620 event=submit input_id=221 frame_id=420 t_ns=692654947701 update_cpu_ns=14119260 final=0
K230_CARD_BENCH v=1 run=681821333620 event=present frame_id=419 t_ns=692638674000 presented=1 clock=monotonic
K230_CARD_BENCH v=1 run=681821333620 event=input input_id=221 gesture_id=12 kind=motion t_ns=692638621773 source=injected
K230_CARD_SHELL state mode=2 actions=1 message=0 cards=1
K230_CARD_SHELL state mode=2 actions=1 message=0 cards=1
K230_CARD_BENCH v=1 run=681821333620 event=present frame_id=418 t_ns=692600351000 presented=1 clock=monotonic
K230_CARD_BENCH v=1 run=681821333620 event=present frame_id=417 t_ns=692581191000 presented=1 clock=monotonic
K230_CARD_BENCH v=1 run=681821333620 event=present frame_id=416 t_ns=692542867000 presented=1 clock=monotonic
K230_CARD_BENCH v=1 run=681821333620 event=present frame_id=415 t_ns=692523708000 presented=1 clock=monotonic
K230_CARD_BENCH v=1 run=681821333620 event=present frame_id=414 t_ns=692485385000 presented=1 clock=monotonic
K230_CARD_BENCH v=1 run=681821333620 event=present frame_id=413 t_ns=692466226000 presented=1 clock=monotonic
K230_CARD_BENCH v=1 run=681821333620 event=present frame_id=412 t_ns=692427903000 presented=1 clock=monotonic
K230_CARD_BENCH v=1 run=681821333620 event=present frame_id=411 t_ns=692408744000 presented=1 clock=monotonic
K230_CARD_BENCH v=1 run=681821333620 event=present frame_id=410 t_ns=692370425000 presented=1 clock=monotonic
K230_CARD_SHELL frame-cost run=681821333620 frame_id=410 total_cpu_ns=15324803 render_cpu_ns=13992730 input_cpu_ns=1159962
K230_CARD_BENCH v=1 run=681821333620 event=submit input_id=220 frame_id=410 t_ns=692366495480 update_cpu_ns=15324803 final=1
K230_CARD_BENCH v=1 run=681821333620 event=submit input_id=219 frame_id=410 t_ns=692366495480 update_cpu_ns=15324803 final=0
K230_CARD_BENCH v=1 run=681821333620 event=submit input_id=218 frame_id=410 t_ns=692366495480 update_cpu_ns=15324803 final=0
K230_CARD_BENCH v=1 run=681821333620 event=present frame_id=409 t_ns=692351262000 presented=1 clock=monotonic
K230_CARD_BENCH v=1 run=681821333620 event=input input_id=220 gesture_id=11 kind=release t_ns=692339307217 source=injected
K230_CARD_SHELL state mode=1 actions=1 message=0 cards=1
K230_CARD_BENCH v=1 run=681821333620 event=input input_id=219 gesture_id=11 kind=motion t_ns=692338123915 source=injected
K230_CARD_SHELL state mode=2 actions=1 message=0 cards=1
K230_CARD_BENCH v=1 run=681821333620 event=input input_id=218 gesture_id=11 kind=motion t_ns=692336129599 source=injected
K230_CARD_SHELL state mode=2 actions=1 message=0 cards=1
K230_CARD_BENCH v=1 run=681821333620 event=present frame_id=408 t_ns=692312942000 presented=1 clock=monotonic
K230_CARD_SHELL frame-cost run=681821333620 frame_id=408 total_cpu_ns=14356916 render_cpu_ns=12218171 input_cpu_ns=1842519
K230_CARD_BENCH v=1 run=681821333620 event=submit input_id=217 frame_id=408 t_ns=692308829043 update_cpu_ns=14356916 final=0
K230_CARD_BENCH v=1 run=681821333620 event=submit input_id=216 frame_id=408 t_ns=692308829043 update_cpu_ns=14356916 final=0
K230_CARD_BENCH v=1 run=681821333620 event=submit input_id=215 frame_id=408 t_ns=692308829043 update_cpu_ns=14356916 final=0
K230_CARD_BENCH v=1 run=681821333620 event=submit input_id=214 frame_id=408 t_ns=692308829043 update_cpu_ns=14356916 final=0
K230_CARD_BENCH v=1 run=681821333620 event=submit input_id=213 frame_id=408 t_ns=692308829043 update_cpu_ns=14356916 final=0
K230_CARD_BENCH v=1 run=681821333620 event=present frame_id=407 t_ns=692293780000 presented=1 clock=monotonic
K230_CARD_BENCH v=1 run=681821333620 event=input input_id=217 gesture_id=11 kind=motion t_ns=692288611442 source=injected
K230_CARD_SHELL state mode=2 actions=1 message=0 cards=1
K230_CARD_BENCH v=1 run=681821333620 event=input input_id=216 gesture_id=11 kind=motion t_ns=692287128112 source=injected
K230_CARD_SHELL state mode=2 actions=1 message=0 cards=1
K230_CARD_BENCH v=1 run=681821333620 event=input input_id=215 gesture_id=11 kind=motion t_ns=692286626422 source=injected
K230_CARD_SHELL state mode=2 actions=1 message=0 cards=1
K230_CARD_BENCH v=1 run=681821333620 event=input input_id=214 gesture_id=11 kind=motion t_ns=692284614995 source=injected
K230_CARD_SHELL state mode=2 actions=1 message=0 cards=1
K230_CARD_BENCH v=1 run=681821333620 event=input input_id=213 gesture_id=11 kind=motion t_ns=692282485905 source=injected
K230_CARD_SHELL state mode=2 actions=1 message=0 cards=1
K230_CARD_BENCH v=1 run=681821333620 event=present frame_id=406 t_ns=692255459000 presented=1 clock=monotonic
K230_CARD_SHELL frame-cost run=681821333620 frame_id=406 total_cpu_ns=15154187 render_cpu_ns=13749336 input_cpu_ns=1158371
K230_CARD_BENCH v=1 run=681821333620 event=submit input_id=212 frame_id=406 t_ns=692251768144 update_cpu_ns=15154187 final=0
K230_CARD_BENCH v=1 run=681821333620 event=submit input_id=211 frame_id=406 t_ns=692251768144 update_cpu_ns=15154187 final=0
K230_CARD_BENCH v=1 run=681821333620 event=submit input_id=210 frame_id=406 t_ns=692251768144 update_cpu_ns=15154187 final=0
K230_CARD_BENCH v=1 run=681821333620 event=submit input_id=209 frame_id=406 t_ns=692251768144 update_cpu_ns=15154187 final=0
K230_CARD_BENCH v=1 run=681821333620 event=present frame_id=405 t_ns=692236300000 presented=1 clock=monotonic
K230_CARD_BENCH v=1 run=681821333620 event=input input_id=212 gesture_id=11 kind=motion t_ns=692235006821 source=injected
K230_CARD_SHELL state mode=2 actions=1 message=0 cards=1
K230_CARD_BENCH v=1 run=681821333620 event=input input_id=211 gesture_id=11 kind=motion t_ns=692229958180 source=injected
K230_CARD_SHELL state mode=2 actions=1 message=0 cards=1
K230_CARD_BENCH v=1 run=681821333620 event=input input_id=210 gesture_id=11 kind=motion t_ns=692229583968 source=injected
K230_CARD_SHELL state mode=2 actions=1 message=0 cards=1
K230_CARD_BENCH v=1 run=681821333620 event=input input_id=209 gesture_id=11 kind=motion t_ns=692228183265 source=injected
K230_CARD_SHELL state mode=2 actions=1 message=0 cards=1
K230_CARD_SHELL frame-cost run=681821333620 frame_id=405 total_cpu_ns=14529045 render_cpu_ns=13856046 input_cpu_ns=515038
K230_CARD_BENCH v=1 run=681821333620 event=submit input_id=208 frame_id=405 t_ns=692227017889 update_cpu_ns=14529045 final=0
K230_CARD_BENCH v=1 run=681821333620 event=submit input_id=207 frame_id=405 t_ns=692227017889 update_cpu_ns=14529045 final=0
K230_CARD_BENCH v=1 run=681821333620 event=present frame_id=404 t_ns=692197977000 presented=1 clock=monotonic
K230_CARD_BENCH v=1 run=681821333620 event=input input_id=208 gesture_id=11 kind=motion t_ns=692199903068 source=injected
K230_CARD_SHELL state mode=2 actions=1 message=0 cards=1
K230_CARD_BENCH v=1 run=681821333620 event=input input_id=207 gesture_id=11 kind=motion t_ns=692199507672 source=injected
K230_CARD_SHELL state mode=2 actions=1 message=0 cards=1
K230_CARD_SHELL frame-cost run=681821333620 frame_id=404 total_cpu_ns=15465610 render_cpu_ns=13701500 input_cpu_ns=1510666
K230_CARD_BENCH v=1 run=681821333620 event=submit input_id=206 frame_id=404 t_ns=692194395218 update_cpu_ns=15465610 final=0
K230_CARD_BENCH v=1 run=681821333620 event=submit input_id=205 frame_id=404 t_ns=692194395218 update_cpu_ns=15465610 final=0
K230_CARD_BENCH v=1 run=681821333620 event=submit input_id=204 frame_id=404 t_ns=692194395218 update_cpu_ns=15465610 final=0
K230_CARD_BENCH v=1 run=681821333620 event=submit input_id=203 frame_id=404 t_ns=692194395218 update_cpu_ns=15465610 final=0
K230_CARD_BENCH v=1 run=681821333620 event=submit input_id=202 frame_id=404 t_ns=692194395218 update_cpu_ns=15465610 final=0
K230_CARD_BENCH v=1 run=681821333620 event=submit input_id=201 frame_id=404 t_ns=692194395218 update_cpu_ns=15465610 final=0
K230_CARD_BENCH v=1 run=681821333620 event=present frame_id=403 t_ns=692178815000 presented=1 clock=monotonic
K230_CARD_BENCH v=1 run=681821333620 event=input input_id=206 gesture_id=11 kind=motion t_ns=692174998965 source=injected
K230_CARD_SHELL state mode=2 actions=1 message=0 cards=1
K230_CARD_BENCH v=1 run=681821333620 event=input input_id=205 gesture_id=11 kind=motion t_ns=692170754155 source=injected
K230_CARD_SHELL state mode=2 actions=1 message=0 cards=1
K230_CARD_BENCH v=1 run=681821333620 event=input input_id=204 gesture_id=11 kind=motion t_ns=692169137198 source=injected
K230_CARD_SHELL state mode=2 actions=1 message=0 cards=1
K230_CARD_BENCH v=1 run=681821333620 event=input input_id=203 gesture_id=11 kind=motion t_ns=692168873946 source=injected
K230_CARD_SHELL state mode=2 actions=1 message=0 cards=1
K230_CARD_BENCH v=1 run=681821333620 event=input input_id=202 gesture_id=11 kind=motion t_ns=692168511289 source=injected
K230_CARD_SHELL state mode=2 actions=1 message=0 cards=1
K230_CARD_BENCH v=1 run=681821333620 event=input input_id=201 gesture_id=11 kind=motion t_ns=692166513973 source=injected
K230_CARD_SHELL state mode=2 actions=1 message=0 cards=1
K230_CARD_BENCH v=1 run=681821333620 event=present frame_id=402 t_ns=692140494000 presented=1 clock=monotonic
K230_CARD_SHELL frame-cost run=681821333620 frame_id=402 total_cpu_ns=14231150 render_cpu_ns=13778336 input_cpu_ns=333741
K230_CARD_BENCH v=1 run=681821333620 event=submit input_id=200 frame_id=402 t_ns=692137371393 update_cpu_ns=14231150 final=0
K230_CARD_BENCH v=1 run=681821333620 event=present frame_id=401 t_ns=692121333000 presented=1 clock=monotonic
K230_CARD_BENCH v=1 run=681821333620 event=input input_id=200 gesture_id=11 kind=motion t_ns=692114988258 source=injected
K230_CARD_SHELL state mode=2 actions=1 message=0 cards=1
K230_CARD_SHELL state mode=2 actions=1 message=0 cards=1
K230_CARD_BENCH v=1 run=681821333620 event=present frame_id=400 t_ns=692083012000 presented=1 clock=monotonic
K230_CARD_BENCH v=1 run=681821333620 event=present frame_id=399 t_ns=692063851000 presented=1 clock=monotonic
K230_CARD_BENCH v=1 run=681821333620 event=present frame_id=398 t_ns=692025528000 presented=1 clock=monotonic
K230_CARD_BENCH v=1 run=681821333620 event=present frame_id=397 t_ns=692006369000 presented=1 clock=monotonic
K230_CARD_BENCH v=1 run=681821333620 event=present frame_id=396 t_ns=691968062000 presented=1 clock=monotonic
K230_CARD_SHELL live cards=1 commits=232 sampled=458 frame-done=458 output-presented=229
K230_CARD_BENCH v=1 run=681821333620 event=resource phase=active t_ns=691968285594 cpu_ns=9872591000 memory_bytes=19705856 scope=session
K230_CARD_BENCH v=1 run=681821333620 event=resource phase=active t_ns=691968285594 cpu_ns=5407651487 memory_bytes=27570176 scope=compositor
K230_CARD_BENCH v=1 run=681821333620 event=present frame_id=395 t_ns=691948887000 presented=1 clock=monotonic
K230_CARD_BENCH v=1 run=681821333620 event=present frame_id=394 t_ns=691910564000 presented=1 clock=monotonic
K230_CARD_BENCH v=1 run=681821333620 event=present frame_id=393 t_ns=691891405000 presented=1 clock=monotonic
K230_CARD_BENCH v=1 run=681821333620 event=present frame_id=392 t_ns=691853083000 presented=1 clock=monotonic
K230_CARD_SHELL frame-cost run=681821333620 frame_id=392 total_cpu_ns=15287619 render_cpu_ns=14050992 input_cpu_ns=1061294
K230_CARD_BENCH v=1 run=681821333620 event=submit input_id=199 frame_id=392 t_ns=691849844333 update_cpu_ns=15287619 final=1
K230_CARD_BENCH v=1 run=681821333620 event=submit input_id=198 frame_id=392 t_ns=691849844333 update_cpu_ns=15287619 final=0
K230_CARD_BENCH v=1 run=681821333620 event=present frame_id=391 t_ns=691833922000 presented=1 clock=monotonic
K230_CARD_BENCH v=1 run=681821333620 event=input input_id=199 gesture_id=10 kind=release t_ns=691819916545 source=injected
K230_CARD_SHELL state mode=1 actions=1 message=0 cards=1
K230_CARD_BENCH v=1 run=681821333620 event=input input_id=198 gesture_id=10 kind=motion t_ns=691817876563 source=injected
K230_CARD_SHELL state mode=2 actions=1 message=0 cards=1
K230_CARD_BENCH v=1 run=681821333620 event=present frame_id=390 t_ns=691795601000 presented=1 clock=monotonic
K230_CARD_SHELL frame-cost run=681821333620 frame_id=390 total_cpu_ns=13138810 render_cpu_ns=11554773 input_cpu_ns=1407442
K230_CARD_BENCH v=1 run=681821333620 event=submit input_id=197 frame_id=390 t_ns=691789581286 update_cpu_ns=13138810 final=0
K230_CARD_BENCH v=1 run=681821333620 event=submit input_id=196 frame_id=390 t_ns=691789581286 update_cpu_ns=13138810 final=0
K230_CARD_BENCH v=1 run=681821333620 event=submit input_id=195 frame_id=390 t_ns=691789581286 update_cpu_ns=13138810 final=0
K230_CARD_BENCH v=1 run=681821333620 event=present frame_id=389 t_ns=691776442000 presented=1 clock=monotonic
K230_CARD_BENCH v=1 run=681821333620 event=input input_id=197 gesture_id=10 kind=motion t_ns=691769474086 source=injected
K230_CARD_SHELL state mode=2 actions=1 message=0 cards=1
K230_CARD_BENCH v=1 run=681821333620 event=input input_id=196 gesture_id=10 kind=motion t_ns=691766817231 source=injected
K230_CARD_SHELL state mode=2 actions=1 message=0 cards=1
K230_CARD_BENCH v=1 run=681821333620 event=input input_id=195 gesture_id=10 kind=motion t_ns=691765415825 source=injected
K230_CARD_SHELL state mode=2 actions=1 message=0 cards=1
K230_CARD_SHELL frame-cost run=681821333620 frame_id=389 total_cpu_ns=13694565 render_cpu_ns=12616197 input_cpu_ns=867441
K230_CARD_BENCH v=1 run=681821333620 event=submit input_id=194 frame_id=389 t_ns=691764630105 update_cpu_ns=13694565 final=0
K230_CARD_BENCH v=1 run=681821333620 event=submit input_id=193 frame_id=389 t_ns=691764630105 update_cpu_ns=13694565 final=0
K230_CARD_BENCH v=1 run=681821333620 event=present frame_id=388 t_ns=691738119000 presented=1 clock=monotonic
K230_CARD_BENCH v=1 run=681821333620 event=input input_id=194 gesture_id=10 kind=motion t_ns=691738902945 source=injected
K230_CARD_SHELL state mode=2 actions=1 message=0 cards=1
K230_CARD_BENCH v=1 run=681821333620 event=input input_id=193 gesture_id=10 kind=motion t_ns=691738230629 source=injected
K230_CARD_SHELL state mode=2 actions=1 message=0 cards=1
K230_CARD_SHELL frame-cost run=681821333620 frame_id=388 total_cpu_ns=15802791 render_cpu_ns=13396083 input_cpu_ns=2053373
K230_CARD_BENCH v=1 run=681821333620 event=submit input_id=192 frame_id=388 t_ns=691733958151 update_cpu_ns=15802791 final=0
K230_CARD_BENCH v=1 run=681821333620 event=submit input_id=191 frame_id=388 t_ns=691733958151 update_cpu_ns=15802791 final=0
K230_CARD_BENCH v=1 run=681821333620 event=submit input_id=190 frame_id=388 t_ns=691733958151 update_cpu_ns=15802791 final=0
K230_CARD_BENCH v=1 run=681821333620 event=submit input_id=189 frame_id=388 t_ns=691733958151 update_cpu_ns=15802791 final=0
K230_CARD_BENCH v=1 run=681821333620 event=submit input_id=188 frame_id=388 t_ns=691733958151 update_cpu_ns=15802791 final=0
K230_CARD_BENCH v=1 run=681821333620 event=submit input_id=187 frame_id=388 t_ns=691733958151 update_cpu_ns=15802791 final=0
K230_CARD_BENCH v=1 run=681821333620 event=present frame_id=387 t_ns=691718958000 presented=1 clock=monotonic
K230_CARD_BENCH v=1 run=681821333620 event=input input_id=192 gesture_id=10 kind=motion t_ns=691716626877 source=injected
K230_CARD_SHELL state mode=2 actions=1 message=0 cards=1
K230_CARD_BENCH v=1 run=681821333620 event=input input_id=191 gesture_id=10 kind=motion t_ns=691712074184 source=injected
K230_CARD_SHELL state mode=2 actions=1 message=0 cards=1
K230_CARD_BENCH v=1 run=681821333620 event=input input_id=190 gesture_id=10 kind=motion t_ns=691711612382 source=injected
K230_CARD_SHELL state mode=2 actions=1 message=0 cards=1
K230_CARD_BENCH v=1 run=681821333620 event=input input_id=189 gesture_id=10 kind=motion t_ns=691710195642 source=injected
K230_CARD_SHELL state mode=2 actions=1 message=0 cards=1
K230_CARD_BENCH v=1 run=681821333620 event=input input_id=188 gesture_id=10 kind=motion t_ns=691709775690 source=injected
K230_CARD_SHELL state mode=2 actions=1 message=0 cards=1
K230_CARD_BENCH v=1 run=681821333620 event=input input_id=187 gesture_id=10 kind=motion t_ns=691708599166 source=injected
K230_CARD_SHELL state mode=2 actions=1 message=0 cards=1
K230_CARD_BENCH v=1 run=681821333620 event=present frame_id=386 t_ns=691680639000 presented=1 clock=monotonic
K230_CARD_SHELL frame-cost run=681821333620 frame_id=386 total_cpu_ns=15212877 render_cpu_ns=13914246 input_cpu_ns=1089926
K230_CARD_BENCH v=1 run=681821333620 event=submit input_id=186 frame_id=386 t_ns=691677547482 update_cpu_ns=15212877 final=0
K230_CARD_BENCH v=1 run=681821333620 event=submit input_id=185 frame_id=386 t_ns=691677547482 update_cpu_ns=15212877 final=0
K230_CARD_BENCH v=1 run=681821333620 event=submit input_id=184 frame_id=386 t_ns=691677547482 update_cpu_ns=15212877 final=0
K230_CARD_BENCH v=1 run=681821333620 event=submit input_id=183 frame_id=386 t_ns=691677547482 update_cpu_ns=15212877 final=0
K230_CARD_BENCH v=1 run=681821333620 event=present frame_id=385 t_ns=691661477000 presented=1 clock=monotonic
K230_CARD_BENCH v=1 run=681821333620 event=input input_id=186 gesture_id=10 kind=motion t_ns=691656628304 source=injected
K230_CARD_SHELL state mode=2 actions=1 message=0 cards=1
K230_CARD_BENCH v=1 run=681821333620 event=input input_id=185 gesture_id=10 kind=motion t_ns=691653611978 source=injected
K230_CARD_SHELL state mode=2 actions=1 message=0 cards=1
K230_CARD_BENCH v=1 run=681821333620 event=input input_id=184 gesture_id=10 kind=motion t_ns=691653322096 source=injected
K230_CARD_SHELL state mode=2 actions=1 message=0 cards=1
K230_CARD_BENCH v=1 run=681821333620 event=input input_id=183 gesture_id=10 kind=motion t_ns=691651928949 source=injected
K230_CARD_SHELL state mode=2 actions=1 message=0 cards=1
K230_CARD_SHELL frame-cost run=681821333620 frame_id=385 total_cpu_ns=14571896 render_cpu_ns=13863747 input_cpu_ns=515631
K230_CARD_BENCH v=1 run=681821333620 event=submit input_id=182 frame_id=385 t_ns=691650893088 update_cpu_ns=14571896 final=0
K230_CARD_BENCH v=1 run=681821333620 event=submit input_id=181 frame_id=385 t_ns=691650893088 update_cpu_ns=14571896 final=0
K230_CARD_BENCH v=1 run=681821333620 event=present frame_id=384 t_ns=691623156000 presented=1 clock=monotonic
K230_CARD_BENCH v=1 run=681821333620 event=input input_id=182 gesture_id=10 kind=motion t_ns=691623091761 source=injected
K230_CARD_SHELL state mode=2 actions=1 message=0 cards=1
K230_CARD_BENCH v=1 run=681821333620 event=input input_id=181 gesture_id=10 kind=motion t_ns=691622768695 source=injected
K230_CARD_SHELL state mode=2 actions=1 message=0 cards=1
K230_CARD_SHELL frame-cost run=681821333620 frame_id=384 total_cpu_ns=14487371 render_cpu_ns=13985371 input_cpu_ns=319999
K230_CARD_BENCH v=1 run=681821333620 event=submit input_id=180 frame_id=384 t_ns=691620240319 update_cpu_ns=14487371 final=0
K230_CARD_BENCH v=1 run=681821333620 event=submit input_id=179 frame_id=384 t_ns=691620240319 update_cpu_ns=14487371 final=0
K230_CARD_BENCH v=1 run=681821333620 event=present frame_id=383 t_ns=691603994000 presented=1 clock=monotonic
K230_CARD_BENCH v=1 run=681821333620 event=input input_id=180 gesture_id=10 kind=motion t_ns=691596641064 source=injected
K230_CARD_SHELL state mode=2 actions=1 message=0 cards=1
K230_CARD_BENCH v=1 run=681821333620 event=input input_id=179 gesture_id=10 kind=motion t_ns=691592500879 source=injected
K230_CARD_SHELL state mode=2 actions=1 message=0 cards=1
K230_CARD_SHELL state mode=2 actions=1 message=0 cards=1
K230_CARD_BENCH v=1 run=681821333620 event=present frame_id=382 t_ns=691565672000 presented=1 clock=monotonic
K230_CARD_BENCH v=1 run=681821333620 event=present frame_id=381 t_ns=691527350000 presented=1 clock=monotonic
K230_CARD_BENCH v=1 run=681821333620 event=present frame_id=380 t_ns=691508190000 presented=1 clock=monotonic
K230_CARD_BENCH v=1 run=681821333620 event=present frame_id=379 t_ns=691469867000 presented=1 clock=monotonic
K230_CARD_BENCH v=1 run=681821333620 event=present frame_id=378 t_ns=691450708000 presented=1 clock=monotonic
K230_CARD_BENCH v=1 run=681821333620 event=present frame_id=377 t_ns=691412387000 presented=1 clock=monotonic
K230_CARD_BENCH v=1 run=681821333620 event=present frame_id=376 t_ns=691393226000 presented=1 clock=monotonic
K230_CARD_BENCH v=1 run=681821333620 event=present frame_id=375 t_ns=691354904000 presented=1 clock=monotonic
K230_CARD_BENCH v=1 run=681821333620 event=present frame_id=374 t_ns=691335744000 presented=1 clock=monotonic
K230_CARD_BENCH v=1 run=681821333620 event=present frame_id=373 t_ns=691297423000 presented=1 clock=monotonic
K230_CARD_SHELL frame-cost run=681821333620 frame_id=373 total_cpu_ns=15186048 render_cpu_ns=13975828 input_cpu_ns=1013367
K230_CARD_BENCH v=1 run=681821333620 event=submit input_id=178 frame_id=373 t_ns=691293656800 update_cpu_ns=15186048 final=1
K230_CARD_BENCH v=1 run=681821333620 event=submit input_id=177 frame_id=373 t_ns=691293656800 update_cpu_ns=15186048 final=0
K230_CARD_BENCH v=1 run=681821333620 event=submit input_id=176 frame_id=373 t_ns=691293656800 update_cpu_ns=15186048 final=0
K230_CARD_BENCH v=1 run=681821333620 event=present frame_id=372 t_ns=691278261000 presented=1 clock=monotonic
K230_CARD_BENCH v=1 run=681821333620 event=input input_id=178 gesture_id=9 kind=release t_ns=691267234881 source=injected
K230_CARD_SHELL state mode=1 actions=1 message=0 cards=1
K230_CARD_BENCH v=1 run=681821333620 event=input input_id=177 gesture_id=9 kind=motion t_ns=691266476679 source=injected
K230_CARD_SHELL state mode=2 actions=1 message=0 cards=1
K230_CARD_BENCH v=1 run=681821333620 event=input input_id=176 gesture_id=9 kind=motion t_ns=691265964470 source=injected
K230_CARD_SHELL state mode=2 actions=1 message=0 cards=1
K230_CARD_SHELL frame-cost run=681821333620 frame_id=372 total_cpu_ns=12798465 render_cpu_ns=11954394 input_cpu_ns=675849
K230_CARD_BENCH v=1 run=681821333620 event=submit input_id=175 frame_id=372 t_ns=691264204666 update_cpu_ns=12798465 final=0
K230_CARD_BENCH v=1 run=681821333620 event=submit input_id=174 frame_id=372 t_ns=691264204666 update_cpu_ns=12798465 final=0
K230_CARD_BENCH v=1 run=681821333620 event=present frame_id=371 t_ns=691239941000 presented=1 clock=monotonic
K230_CARD_BENCH v=1 run=681821333620 event=input input_id=175 gesture_id=9 kind=motion t_ns=691240678891 source=injected
K230_CARD_SHELL state mode=2 actions=1 message=0 cards=1
K230_CARD_BENCH v=1 run=681821333620 event=input input_id=174 gesture_id=9 kind=motion t_ns=691240106091 source=injected
K230_CARD_SHELL state mode=2 actions=1 message=0 cards=1
K230_CARD_SHELL frame-cost run=681821333620 frame_id=371 total_cpu_ns=14763312 render_cpu_ns=12637460 input_cpu_ns=1875557
K230_CARD_BENCH v=1 run=681821333620 event=submit input_id=173 frame_id=371 t_ns=691235244333 update_cpu_ns=14763312 final=0
K230_CARD_BENCH v=1 run=681821333620 event=submit input_id=172 frame_id=371 t_ns=691235244333 update_cpu_ns=14763312 final=0
K230_CARD_BENCH v=1 run=681821333620 event=submit input_id=171 frame_id=371 t_ns=691235244333 update_cpu_ns=14763312 final=0
K230_CARD_BENCH v=1 run=681821333620 event=submit input_id=170 frame_id=371 t_ns=691235244333 update_cpu_ns=14763312 final=0
K230_CARD_BENCH v=1 run=681821333620 event=submit input_id=169 frame_id=371 t_ns=691235244333 update_cpu_ns=14763312 final=0
K230_CARD_BENCH v=1 run=681821333620 event=submit input_id=168 frame_id=371 t_ns=691235244333 update_cpu_ns=14763312 final=0
K230_CARD_BENCH v=1 run=681821333620 event=present frame_id=370 t_ns=691220779000 presented=1 clock=monotonic
K230_CARD_BENCH v=1 run=681821333620 event=input input_id=173 gesture_id=9 kind=motion t_ns=691216822902 source=injected
K230_CARD_SHELL state mode=2 actions=1 message=0 cards=1
K230_CARD_BENCH v=1 run=681821333620 event=input input_id=172 gesture_id=9 kind=motion t_ns=691213945387 source=injected
K230_CARD_SHELL state mode=2 actions=1 message=0 cards=1
K230_CARD_BENCH v=1 run=681821333620 event=input input_id=171 gesture_id=9 kind=motion t_ns=691212050956 source=injected
K230_CARD_SHELL state mode=2 actions=1 message=0 cards=1
K230_CARD_BENCH v=1 run=681821333620 event=input input_id=170 gesture_id=9 kind=motion t_ns=691211693188 source=injected
K230_CARD_SHELL state mode=2 actions=1 message=0 cards=1
K230_CARD_BENCH v=1 run=681821333620 event=input input_id=169 gesture_id=9 kind=motion t_ns=691211330790 source=injected
K230_CARD_SHELL state mode=2 actions=1 message=0 cards=1
K230_CARD_BENCH v=1 run=681821333620 event=input input_id=168 gesture_id=9 kind=motion t_ns=691210118379 source=injected
K230_CARD_SHELL state mode=2 actions=1 message=0 cards=1
K230_CARD_BENCH v=1 run=681821333620 event=present frame_id=369 t_ns=691182463000 presented=1 clock=monotonic
K230_CARD_SHELL frame-cost run=681821333620 frame_id=369 total_cpu_ns=15126531 render_cpu_ns=13724752 input_cpu_ns=1115296
K230_CARD_BENCH v=1 run=681821333620 event=submit input_id=167 frame_id=369 t_ns=691178986067 update_cpu_ns=15126531 final=0
K230_CARD_BENCH v=1 run=681821333620 event=submit input_id=166 frame_id=369 t_ns=691178986067 update_cpu_ns=15126531 final=0
K230_CARD_BENCH v=1 run=681821333620 event=submit input_id=165 frame_id=369 t_ns=691178986067 update_cpu_ns=15126531 final=0
K230_CARD_BENCH v=1 run=681821333620 event=submit input_id=164 frame_id=369 t_ns=691178986067 update_cpu_ns=15126531 final=0
K230_CARD_BENCH v=1 run=681821333620 event=present frame_id=368 t_ns=691163298000 presented=1 clock=monotonic
K230_CARD_BENCH v=1 run=681821333620 event=input input_id=167 gesture_id=9 kind=motion t_ns=691158683539 source=injected
K230_CARD_SHELL state mode=2 actions=1 message=0 cards=1
K230_CARD_BENCH v=1 run=681821333620 event=input input_id=166 gesture_id=9 kind=motion t_ns=691157807488 source=injected
K230_CARD_SHELL state mode=2 actions=1 message=0 cards=1
K230_CARD_BENCH v=1 run=681821333620 event=input input_id=165 gesture_id=9 kind=motion t_ns=691156167792 source=injected
K230_CARD_SHELL state mode=2 actions=1 message=0 cards=1
K230_CARD_BENCH v=1 run=681821333620 event=input input_id=164 gesture_id=9 kind=motion t_ns=691155024045 source=injected
K230_CARD_SHELL state mode=2 actions=1 message=0 cards=1
K230_CARD_SHELL frame-cost run=681821333620 frame_id=368 total_cpu_ns=14402907 render_cpu_ns=13868648 input_cpu_ns=366149
K230_CARD_BENCH v=1 run=681821333620 event=submit input_id=163 frame_id=368 t_ns=691152306710 update_cpu_ns=14402907 final=0
K230_CARD_BENCH v=1 run=681821333620 event=submit input_id=162 frame_id=368 t_ns=691152306710 update_cpu_ns=14402907 final=0
K230_CARD_BENCH v=1 run=681821333620 event=present frame_id=367 t_ns=691124976000 presented=1 clock=monotonic
K230_CARD_BENCH v=1 run=681821333620 event=input input_id=163 gesture_id=9 kind=motion t_ns=691126712250 source=injected
K230_CARD_SHELL state mode=2 actions=1 message=0 cards=1
K230_CARD_BENCH v=1 run=681821333620 event=input input_id=162 gesture_id=9 kind=motion t_ns=691122994498 source=injected
K230_CARD_SHELL state mode=2 actions=1 message=0 cards=1
K230_CARD_SHELL frame-cost run=681821333620 frame_id=367 total_cpu_ns=15460347 render_cpu_ns=14074387 input_cpu_ns=1141999
K230_CARD_BENCH v=1 run=681821333620 event=submit input_id=161 frame_id=367 t_ns=691122095522 update_cpu_ns=15460347 final=0
K230_CARD_BENCH v=1 run=681821333620 event=submit input_id=160 frame_id=367 t_ns=691122095522 update_cpu_ns=15460347 final=0
K230_CARD_BENCH v=1 run=681821333620 event=submit input_id=159 frame_id=367 t_ns=691122095522 update_cpu_ns=15460347 final=0
K230_CARD_BENCH v=1 run=681821333620 event=submit input_id=158 frame_id=367 t_ns=691122095522 update_cpu_ns=15460347 final=0
K230_CARD_BENCH v=1 run=681821333620 event=present frame_id=366 t_ns=691105815000 presented=1 clock=monotonic
K230_CARD_BENCH v=1 run=681821333620 event=input input_id=161 gesture_id=9 kind=motion t_ns=691101422041 source=injected
K230_CARD_SHELL state mode=2 actions=1 message=0 cards=1
K230_CARD_BENCH v=1 run=681821333620 event=input input_id=160 gesture_id=9 kind=motion t_ns=691099267950 source=injected
K230_CARD_SHELL state mode=2 actions=1 message=0 cards=1
K230_CARD_BENCH v=1 run=681821333620 event=input input_id=159 gesture_id=9 kind=motion t_ns=691097383038 source=injected
K230_CARD_SHELL state mode=2 actions=1 message=0 cards=1
K230_CARD_BENCH v=1 run=681821333620 event=input input_id=158 gesture_id=9 kind=motion t_ns=691095073434 source=injected
K230_CARD_SHELL state mode=2 actions=1 message=0 cards=1
K230_CARD_SHELL state mode=2 actions=1 message=0 cards=1
K230_CARD_BENCH v=1 run=681821333620 event=present frame_id=365 t_ns=691067492000 presented=1 clock=monotonic
K230_CARD_BENCH v=1 run=681821333620 event=present frame_id=364 t_ns=691048335000 presented=1 clock=monotonic
K230_CARD_BENCH v=1 run=681821333620 event=present frame_id=363 t_ns=691010010000 presented=1 clock=monotonic
K230_CARD_BENCH v=1 run=681821333620 event=present frame_id=362 t_ns=690990851000 presented=1 clock=monotonic
K230_CARD_BENCH v=1 run=681821333620 event=present frame_id=361 t_ns=690952531000 presented=1 clock=monotonic
K230_CARD_BENCH v=1 run=681821333620 event=resource phase=active t_ns=690952184186 cpu_ns=9166476000 memory_bytes=19705856 scope=session
K230_CARD_BENCH v=1 run=681821333620 event=resource phase=active t_ns=690952184186 cpu_ns=4878106815 memory_bytes=27570176 scope=compositor
K230_CARD_BENCH v=1 run=681821333620 event=present frame_id=360 t_ns=690933381000 presented=1 clock=monotonic
K230_CARD_BENCH v=1 run=681821333620 event=present frame_id=359 t_ns=690895046000 presented=1 clock=monotonic
K230_CARD_BENCH v=1 run=681821333620 event=present frame_id=358 t_ns=690875886000 presented=1 clock=monotonic
K230_CARD_BENCH v=1 run=681821333620 event=present frame_id=357 t_ns=690837565000 presented=1 clock=monotonic
K230_CARD_BENCH v=1 run=681821333620 event=present frame_id=356 t_ns=690818403000 presented=1 clock=monotonic
K230_CARD_BENCH v=1 run=681821333620 event=present frame_id=355 t_ns=690780089000 presented=1 clock=monotonic
K230_CARD_SHELL frame-cost run=681821333620 frame_id=355 total_cpu_ns=16171975 render_cpu_ns=14008162 input_cpu_ns=1925072
K230_CARD_BENCH v=1 run=681821333620 event=submit input_id=157 frame_id=355 t_ns=690776067288 update_cpu_ns=16171975 final=1
K230_CARD_BENCH v=1 run=681821333620 event=submit input_id=156 frame_id=355 t_ns=690776067288 update_cpu_ns=16171975 final=0
K230_CARD_BENCH v=1 run=681821333620 event=submit input_id=155 frame_id=355 t_ns=690776067288 update_cpu_ns=16171975 final=0
K230_CARD_BENCH v=1 run=681821333620 event=submit input_id=154 frame_id=355 t_ns=690776067288 update_cpu_ns=16171975 final=0
K230_CARD_BENCH v=1 run=681821333620 event=present frame_id=354 t_ns=690760922000 presented=1 clock=monotonic
K230_CARD_BENCH v=1 run=681821333620 event=input input_id=157 gesture_id=8 kind=release t_ns=690753017606 source=injected
K230_CARD_SHELL state mode=1 actions=1 message=0 cards=1
K230_CARD_BENCH v=1 run=681821333620 event=input input_id=156 gesture_id=8 kind=motion t_ns=690751743751 source=injected
K230_CARD_SHELL state mode=2 actions=1 message=0 cards=1
K230_CARD_BENCH v=1 run=681821333620 event=input input_id=155 gesture_id=8 kind=motion t_ns=690751145804 source=injected
K230_CARD_SHELL state mode=2 actions=1 message=0 cards=1
K230_CARD_BENCH v=1 run=681821333620 event=input input_id=154 gesture_id=8 kind=motion t_ns=690749003490 source=injected
K230_CARD_SHELL state mode=2 actions=1 message=0 cards=1
K230_CARD_BENCH v=1 run=681821333620 event=present frame_id=353 t_ns=690722602000 presented=1 clock=monotonic
K230_CARD_SHELL frame-cost run=681821333620 frame_id=353 total_cpu_ns=15197574 render_cpu_ns=12237428 input_cpu_ns=2709036
K230_CARD_BENCH v=1 run=681821333620 event=submit input_id=153 frame_id=353 t_ns=690717278854 update_cpu_ns=15197574 final=0
K230_CARD_BENCH v=1 run=681821333620 event=submit input_id=152 frame_id=353 t_ns=690717278854 update_cpu_ns=15197574 final=0
K230_CARD_BENCH v=1 run=681821333620 event=submit input_id=151 frame_id=353 t_ns=690717278854 update_cpu_ns=15197574 final=0
K230_CARD_BENCH v=1 run=681821333620 event=submit input_id=150 frame_id=353 t_ns=690717278854 update_cpu_ns=15197574 final=0
K230_CARD_BENCH v=1 run=681821333620 event=submit input_id=149 frame_id=353 t_ns=690717278854 update_cpu_ns=15197574 final=0
K230_CARD_BENCH v=1 run=681821333620 event=submit input_id=148 frame_id=353 t_ns=690717278854 update_cpu_ns=15197574 final=0
K230_CARD_BENCH v=1 run=681821333620 event=present frame_id=352 t_ns=690703440000 presented=1 clock=monotonic
K230_CARD_BENCH v=1 run=681821333620 event=input input_id=153 gesture_id=8 kind=motion t_ns=690701224838 source=injected
K230_CARD_SHELL state mode=2 actions=1 message=0 cards=1
K230_CARD_BENCH v=1 run=681821333620 event=input input_id=152 gesture_id=8 kind=motion t_ns=690698618648 source=injected
K230_CARD_SHELL state mode=2 actions=1 message=0 cards=1
K230_CARD_BENCH v=1 run=681821333620 event=input input_id=151 gesture_id=8 kind=motion t_ns=690697349126 source=injected
K230_CARD_SHELL state mode=2 actions=1 message=0 cards=1
K230_CARD_BENCH v=1 run=681821333620 event=input input_id=150 gesture_id=8 kind=motion t_ns=690695776428 source=injected
K230_CARD_SHELL state mode=2 actions=1 message=0 cards=1
K230_CARD_BENCH v=1 run=681821333620 event=input input_id=149 gesture_id=8 kind=motion t_ns=690695201776 source=injected
K230_CARD_SHELL state mode=2 actions=1 message=0 cards=1
K230_CARD_BENCH v=1 run=681821333620 event=input input_id=148 gesture_id=8 kind=motion t_ns=690693611485 source=injected
K230_CARD_SHELL state mode=2 actions=1 message=0 cards=1
K230_CARD_BENCH v=1 run=681821333620 event=present frame_id=351 t_ns=690665120000 presented=1 clock=monotonic
K230_CARD_SHELL frame-cost run=681821333620 frame_id=351 total_cpu_ns=15617390 render_cpu_ns=14049424 input_cpu_ns=1311187
K230_CARD_BENCH v=1 run=681821333620 event=submit input_id=147 frame_id=351 t_ns=690662822047 update_cpu_ns=15617390 final=0
K230_CARD_BENCH v=1 run=681821333620 event=submit input_id=146 frame_id=351 t_ns=690662822047 update_cpu_ns=15617390 final=0
K230_CARD_BENCH v=1 run=681821333620 event=submit input_id=145 frame_id=351 t_ns=690662822047 update_cpu_ns=15617390 final=0
K230_CARD_BENCH v=1 run=681821333620 event=submit input_id=144 frame_id=351 t_ns=690662822047 update_cpu_ns=15617390 final=0
K230_CARD_BENCH v=1 run=681821333620 event=present frame_id=350 t_ns=690645958000 presented=1 clock=monotonic
K230_CARD_BENCH v=1 run=681821333620 event=input input_id=147 gesture_id=8 kind=motion t_ns=690641655055 source=injected
K230_CARD_SHELL state mode=2 actions=1 message=0 cards=1
K230_CARD_BENCH v=1 run=681821333620 event=input input_id=146 gesture_id=8 kind=motion t_ns=690639159344 source=injected
K230_CARD_SHELL state mode=2 actions=1 message=0 cards=1
K230_CARD_BENCH v=1 run=681821333620 event=input input_id=145 gesture_id=8 kind=motion t_ns=690638755836 source=injected
K230_CARD_SHELL state mode=2 actions=1 message=0 cards=1
K230_CARD_BENCH v=1 run=681821333620 event=input input_id=144 gesture_id=8 kind=motion t_ns=690637059029 source=injected
K230_CARD_SHELL state mode=2 actions=1 message=0 cards=1
K230_CARD_SHELL frame-cost run=681821333620 frame_id=350 total_cpu_ns=14463273 render_cpu_ns=13802864 input_cpu_ns=483222
K230_CARD_BENCH v=1 run=681821333620 event=submit input_id=143 frame_id=350 t_ns=690635308780 update_cpu_ns=14463273 final=0
K230_CARD_BENCH v=1 run=681821333620 event=submit input_id=142 frame_id=350 t_ns=690635308780 update_cpu_ns=14463273 final=0
K230_CARD_BENCH v=1 run=681821333620 event=present frame_id=349 t_ns=690607637000 presented=1 clock=monotonic
K230_CARD_BENCH v=1 run=681821333620 event=input input_id=143 gesture_id=8 kind=motion t_ns=690611263310 source=injected
K230_CARD_SHELL state mode=2 actions=1 message=0 cards=1
K230_CARD_BENCH v=1 run=681821333620 event=input input_id=142 gesture_id=8 kind=motion t_ns=690610868320 source=injected
K230_CARD_SHELL state mode=2 actions=1 message=0 cards=1
K230_CARD_SHELL frame-cost run=681821333620 frame_id=349 total_cpu_ns=15001260 render_cpu_ns=13817630 input_cpu_ns=1001298
K230_CARD_BENCH v=1 run=681821333620 event=submit input_id=141 frame_id=349 t_ns=690604811444 update_cpu_ns=15001260 final=0
K230_CARD_BENCH v=1 run=681821333620 event=submit input_id=140 frame_id=349 t_ns=690604811444 update_cpu_ns=15001260 final=0
K230_CARD_BENCH v=1 run=681821333620 event=submit input_id=139 frame_id=349 t_ns=690604811444 update_cpu_ns=15001260 final=0
K230_CARD_BENCH v=1 run=681821333620 event=submit input_id=138 frame_id=349 t_ns=690604811444 update_cpu_ns=15001260 final=0
K230_CARD_BENCH v=1 run=681821333620 event=submit input_id=137 frame_id=349 t_ns=690604811444 update_cpu_ns=15001260 final=0
K230_CARD_BENCH v=1 run=681821333620 event=present frame_id=348 t_ns=690588476000 presented=1 clock=monotonic
K230_CARD_BENCH v=1 run=681821333620 event=input input_id=141 gesture_id=8 kind=motion t_ns=690581214110 source=injected
K230_CARD_SHELL state mode=2 actions=1 message=0 cards=1
K230_CARD_BENCH v=1 run=681821333620 event=input input_id=140 gesture_id=8 kind=motion t_ns=690576895374 source=injected
K230_CARD_SHELL state mode=2 actions=1 message=0 cards=1
K230_CARD_BENCH v=1 run=681821333620 event=input input_id=139 gesture_id=8 kind=motion t_ns=690576646417 source=injected
K230_CARD_SHELL state mode=2 actions=1 message=0 cards=1
K230_CARD_BENCH v=1 run=681821333620 event=input input_id=138 gesture_id=8 kind=motion t_ns=690576376313 source=injected
K230_CARD_SHELL state mode=2 actions=1 message=0 cards=1
K230_CARD_BENCH v=1 run=681821333620 event=input input_id=137 gesture_id=8 kind=motion t_ns=690576119765 source=injected
K230_CARD_SHELL state mode=2 actions=1 message=0 cards=1
K230_CARD_BENCH v=1 run=681821333620 event=present frame_id=347 t_ns=690550154000 presented=1 clock=monotonic
K230_CARD_BENCH v=1 run=681821333620 event=present frame_id=346 t_ns=690530994000 presented=1 clock=monotonic
K230_CARD_SHELL state mode=2 actions=1 message=0 cards=1
K230_CARD_BENCH v=1 run=681821333620 event=present frame_id=345 t_ns=690492671000 presented=1 clock=monotonic
K230_CARD_BENCH v=1 run=681821333620 event=present frame_id=344 t_ns=690473511000 presented=1 clock=monotonic
K230_CARD_BENCH v=1 run=681821333620 event=present frame_id=343 t_ns=690435189000 presented=1 clock=monotonic
K230_CARD_BENCH v=1 run=681821333620 event=present frame_id=342 t_ns=690416030000 presented=1 clock=monotonic
K230_CARD_BENCH v=1 run=681821333620 event=present frame_id=341 t_ns=690377707000 presented=1 clock=monotonic
K230_CARD_BENCH v=1 run=681821333620 event=present frame_id=340 t_ns=690358547000 presented=1 clock=monotonic
K230_CARD_BENCH v=1 run=681821333620 event=present frame_id=339 t_ns=690320228000 presented=1 clock=monotonic
K230_CARD_BENCH v=1 run=681821333620 event=present frame_id=338 t_ns=690301065000 presented=1 clock=monotonic
K230_CARD_SHELL live cards=1 commits=172 sampled=342 frame-done=342 output-presented=171
K230_CARD_BENCH v=1 run=681821333620 event=present frame_id=337 t_ns=690262744000 presented=1 clock=monotonic
K230_CARD_SHELL frame-cost run=681821333620 frame_id=337 total_cpu_ns=14757355 render_cpu_ns=13952837 input_cpu_ns=624961
K230_CARD_BENCH v=1 run=681821333620 event=submit input_id=136 frame_id=337 t_ns=690258787593 update_cpu_ns=14757355 final=1
K230_CARD_BENCH v=1 run=681821333620 event=submit input_id=135 frame_id=337 t_ns=690258787593 update_cpu_ns=14757355 final=0
K230_CARD_BENCH v=1 run=681821333620 event=present frame_id=336 t_ns=690243583000 presented=1 clock=monotonic
K230_CARD_BENCH v=1 run=681821333620 event=input input_id=136 gesture_id=7 kind=release t_ns=690231698018 source=injected
K230_CARD_SHELL state mode=1 actions=1 message=0 cards=1
K230_CARD_BENCH v=1 run=681821333620 event=input input_id=135 gesture_id=7 kind=motion t_ns=690229996767 source=injected
K230_CARD_SHELL state mode=2 actions=1 message=0 cards=1
K230_CARD_SHELL frame-cost run=681821333620 frame_id=336 total_cpu_ns=12428358 render_cpu_ns=11567619 input_cpu_ns=627816
K230_CARD_BENCH v=1 run=681821333620 event=submit input_id=134 frame_id=336 t_ns=690229196307 update_cpu_ns=12428358 final=0
K230_CARD_BENCH v=1 run=681821333620 event=submit input_id=133 frame_id=336 t_ns=690229196307 update_cpu_ns=12428358 final=0
K230_CARD_BENCH v=1 run=681821333620 event=present frame_id=335 t_ns=690205263000 presented=1 clock=monotonic
K230_CARD_BENCH v=1 run=681821333620 event=input input_id=134 gesture_id=7 kind=motion t_ns=690206644649 source=injected
K230_CARD_SHELL state mode=2 actions=1 message=0 cards=1
K230_CARD_BENCH v=1 run=681821333620 event=input input_id=133 gesture_id=7 kind=motion t_ns=690204287119 source=injected
K230_CARD_SHELL state mode=2 actions=1 message=0 cards=1
K230_CARD_SHELL frame-cost run=681821333620 frame_id=335 total_cpu_ns=14437796 render_cpu_ns=12474055 input_cpu_ns=1727853
K230_CARD_BENCH v=1 run=681821333620 event=submit input_id=132 frame_id=335 t_ns=690200591292 update_cpu_ns=14437796 final=0
K230_CARD_BENCH v=1 run=681821333620 event=submit input_id=131 frame_id=335 t_ns=690200591292 update_cpu_ns=14437796 final=0
K230_CARD_BENCH v=1 run=681821333620 event=submit input_id=130 frame_id=335 t_ns=690200591292 update_cpu_ns=14437796 final=0
K230_CARD_BENCH v=1 run=681821333620 event=submit input_id=129 frame_id=335 t_ns=690200591292 update_cpu_ns=14437796 final=0
K230_CARD_BENCH v=1 run=681821333620 event=submit input_id=128 frame_id=335 t_ns=690200591292 update_cpu_ns=14437796 final=0
K230_CARD_BENCH v=1 run=681821333620 event=present frame_id=334 t_ns=690186101000 presented=1 clock=monotonic
K230_CARD_BENCH v=1 run=681821333620 event=input input_id=132 gesture_id=7 kind=motion t_ns=690179195529 source=injected
K230_CARD_SHELL state mode=2 actions=1 message=0 cards=1
K230_CARD_BENCH v=1 run=681821333620 event=input input_id=131 gesture_id=7 kind=motion t_ns=690178662098 source=injected
K230_CARD_SHELL state mode=2 actions=1 message=0 cards=1
K230_CARD_BENCH v=1 run=681821333620 event=input input_id=130 gesture_id=7 kind=motion t_ns=690177040068 source=injected
K230_CARD_SHELL state mode=2 actions=1 message=0 cards=1
K230_CARD_BENCH v=1 run=681821333620 event=input input_id=129 gesture_id=7 kind=motion t_ns=690176566191 source=injected
K230_CARD_SHELL state mode=2 actions=1 message=0 cards=1
K230_CARD_BENCH v=1 run=681821333620 event=input input_id=128 gesture_id=7 kind=motion t_ns=690174237068 source=injected
K230_CARD_SHELL state mode=2 actions=1 message=0 cards=1
K230_CARD_BENCH v=1 run=681821333620 event=present frame_id=333 t_ns=690147779000 presented=1 clock=monotonic
K230_CARD_SHELL frame-cost run=681821333620 frame_id=333 total_cpu_ns=15990273 render_cpu_ns=13803381 input_cpu_ns=1919854
K230_CARD_BENCH v=1 run=681821333620 event=submit input_id=127 frame_id=333 t_ns=690144395863 update_cpu_ns=15990273 final=0
K230_CARD_BENCH v=1 run=681821333620 event=submit input_id=126 frame_id=333 t_ns=690144395863 update_cpu_ns=15990273 final=0
K230_CARD_BENCH v=1 run=681821333620 event=submit input_id=125 frame_id=333 t_ns=690144395863 update_cpu_ns=15990273 final=0
K230_CARD_BENCH v=1 run=681821333620 event=submit input_id=124 frame_id=333 t_ns=690144395863 update_cpu_ns=15990273 final=0
K230_CARD_BENCH v=1 run=681821333620 event=submit input_id=123 frame_id=333 t_ns=690144395863 update_cpu_ns=15990273 final=0
K230_CARD_BENCH v=1 run=681821333620 event=submit input_id=122 frame_id=333 t_ns=690144395863 update_cpu_ns=15990273 final=0
K230_CARD_BENCH v=1 run=681821333620 event=present frame_id=332 t_ns=690128619000 presented=1 clock=monotonic
K230_CARD_BENCH v=1 run=681821333620 event=input input_id=127 gesture_id=7 kind=motion t_ns=690127497869 source=injected
K230_CARD_SHELL state mode=2 actions=1 message=0 cards=1
K230_CARD_BENCH v=1 run=681821333620 event=input input_id=126 gesture_id=7 kind=motion t_ns=690122746477 source=injected
K230_CARD_SHELL state mode=2 actions=1 message=0 cards=1
K230_CARD_BENCH v=1 run=681821333620 event=input input_id=125 gesture_id=7 kind=motion t_ns=690121063263 source=injected
K230_CARD_SHELL state mode=2 actions=1 message=0 cards=1
K230_CARD_BENCH v=1 run=681821333620 event=input input_id=124 gesture_id=7 kind=motion t_ns=690120691717 source=injected
K230_CARD_SHELL state mode=2 actions=1 message=0 cards=1
K230_CARD_BENCH v=1 run=681821333620 event=input input_id=123 gesture_id=7 kind=motion t_ns=690119144870 source=injected
K230_CARD_SHELL state mode=2 actions=1 message=0 cards=1
K230_CARD_BENCH v=1 run=681821333620 event=input input_id=122 gesture_id=7 kind=motion t_ns=690116813821 source=injected
K230_CARD_SHELL state mode=2 actions=1 message=0 cards=1
K230_CARD_BENCH v=1 run=681821333620 event=present frame_id=331 t_ns=690090299000 presented=1 clock=monotonic
K230_CARD_SHELL frame-cost run=681821333620 frame_id=331 total_cpu_ns=14989398 render_cpu_ns=13853362 input_cpu_ns=931111
K230_CARD_BENCH v=1 run=681821333620 event=submit input_id=121 frame_id=331 t_ns=690087034874 update_cpu_ns=14989398 final=0
K230_CARD_BENCH v=1 run=681821333620 event=submit input_id=120 frame_id=331 t_ns=690087034874 update_cpu_ns=14989398 final=0
K230_CARD_BENCH v=1 run=681821333620 event=submit input_id=119 frame_id=331 t_ns=690087034874 update_cpu_ns=14989398 final=0
K230_CARD_BENCH v=1 run=681821333620 event=submit input_id=118 frame_id=331 t_ns=690087034874 update_cpu_ns=14989398 final=0
K230_CARD_BENCH v=1 run=681821333620 event=present frame_id=330 t_ns=690071136000 presented=1 clock=monotonic
K230_CARD_BENCH v=1 run=681821333620 event=input input_id=121 gesture_id=7 kind=motion t_ns=690067503728 source=injected
K230_CARD_SHELL state mode=2 actions=1 message=0 cards=1
K230_CARD_BENCH v=1 run=681821333620 event=input input_id=120 gesture_id=7 kind=motion t_ns=690062676782 source=injected
K230_CARD_SHELL state mode=2 actions=1 message=0 cards=1
K230_CARD_BENCH v=1 run=681821333620 event=input input_id=119 gesture_id=7 kind=motion t_ns=690062417011 source=injected
K230_CARD_SHELL state mode=2 actions=1 message=0 cards=1
K230_CARD_BENCH v=1 run=681821333620 event=input input_id=118 gesture_id=7 kind=motion t_ns=690062047243 source=injected
K230_CARD_SHELL state mode=2 actions=1 message=0 cards=1
K230_CARD_SHELL frame-cost run=681821333620 frame_id=330 total_cpu_ns=14647033 render_cpu_ns=13903588 input_cpu_ns=598369
K230_CARD_BENCH v=1 run=681821333620 event=submit input_id=117 frame_id=330 t_ns=690060214996 update_cpu_ns=14647033 final=0
K230_CARD_BENCH v=1 run=681821333620 event=submit input_id=116 frame_id=330 t_ns=690060214996 update_cpu_ns=14647033 final=0
K230_CARD_BENCH v=1 run=681821333620 event=present frame_id=329 t_ns=690032834000 presented=1 clock=monotonic
K230_CARD_BENCH v=1 run=681821333620 event=input input_id=117 gesture_id=7 kind=motion t_ns=690033827440 source=injected
K230_CARD_SHELL state mode=2 actions=1 message=0 cards=1
K230_CARD_BENCH v=1 run=681821333620 event=input input_id=116 gesture_id=7 kind=motion t_ns=690030718078 source=injected
K230_CARD_SHELL state mode=2 actions=1 message=0 cards=1
K230_CARD_BENCH v=1 run=681821333620 event=present frame_id=328 t_ns=690013654000 presented=1 clock=monotonic
K230_CARD_SHELL state mode=2 actions=1 message=0 cards=1
K230_CARD_BENCH v=1 run=681821333620 event=present frame_id=327 t_ns=689975334000 presented=1 clock=monotonic
K230_CARD_BENCH v=1 run=681821333620 event=present frame_id=326 t_ns=689956173000 presented=1 clock=monotonic
K230_CARD_BENCH v=1 run=681821333620 event=resource phase=active t_ns=689940554724 cpu_ns=8464664000 memory_bytes=19709952 scope=session
K230_CARD_BENCH v=1 run=681821333620 event=resource phase=active t_ns=689940554724 cpu_ns=4345467147 memory_bytes=27570176 scope=compositor
K230_CARD_BENCH v=1 run=681821333620 event=present frame_id=325 t_ns=689917849000 presented=1 clock=monotonic
K230_CARD_BENCH v=1 run=681821333620 event=present frame_id=324 t_ns=689898690000 presented=1 clock=monotonic
K230_CARD_BENCH v=1 run=681821333620 event=present frame_id=323 t_ns=689860367000 presented=1 clock=monotonic
K230_CARD_BENCH v=1 run=681821333620 event=present frame_id=322 t_ns=689841208000 presented=1 clock=monotonic
K230_CARD_BENCH v=1 run=681821333620 event=present frame_id=321 t_ns=689802885000 presented=1 clock=monotonic
K230_CARD_BENCH v=1 run=681821333620 event=present frame_id=320 t_ns=689783725000 presented=1 clock=monotonic
K230_CARD_BENCH v=1 run=681821333620 event=present frame_id=319 t_ns=689745402000 presented=1 clock=monotonic
K230_CARD_BENCH v=1 run=681821333620 event=present frame_id=318 t_ns=689726243000 presented=1 clock=monotonic
K230_CARD_SHELL frame-cost run=681821333620 frame_id=318 total_cpu_ns=15320375 render_cpu_ns=13846042 input_cpu_ns=1250482
K230_CARD_BENCH v=1 run=681821333620 event=submit input_id=115 frame_id=318 t_ns=689716814673 update_cpu_ns=15320375 final=1
K230_CARD_BENCH v=1 run=681821333620 event=submit input_id=114 frame_id=318 t_ns=689716814673 update_cpu_ns=15320375 final=0
K230_CARD_BENCH v=1 run=681821333620 event=submit input_id=113 frame_id=318 t_ns=689716814673 update_cpu_ns=15320375 final=0
K230_CARD_BENCH v=1 run=681821333620 event=present frame_id=317 t_ns=689687922000 presented=1 clock=monotonic
K230_CARD_BENCH v=1 run=681821333620 event=input input_id=115 gesture_id=6 kind=release t_ns=689692086104 source=injected
K230_CARD_SHELL state mode=1 actions=1 message=0 cards=1
K230_CARD_BENCH v=1 run=681821333620 event=input input_id=114 gesture_id=6 kind=motion t_ns=689690274004 source=injected
K230_CARD_SHELL state mode=2 actions=1 message=0 cards=1
K230_CARD_BENCH v=1 run=681821333620 event=input input_id=113 gesture_id=6 kind=motion t_ns=689685729643 source=injected
K230_CARD_SHELL state mode=2 actions=1 message=0 cards=1
K230_CARD_SHELL frame-cost run=681821333620 frame_id=317 total_cpu_ns=15158095 render_cpu_ns=12085098 input_cpu_ns=2760480
K230_CARD_BENCH v=1 run=681821333620 event=submit input_id=112 frame_id=317 t_ns=689684668523 update_cpu_ns=15158095 final=0
K230_CARD_BENCH v=1 run=681821333620 event=submit input_id=111 frame_id=317 t_ns=689684668523 update_cpu_ns=15158095 final=0
K230_CARD_BENCH v=1 run=681821333620 event=submit input_id=110 frame_id=317 t_ns=689684668523 update_cpu_ns=15158095 final=0
K230_CARD_BENCH v=1 run=681821333620 event=submit input_id=109 frame_id=317 t_ns=689684668523 update_cpu_ns=15158095 final=0
K230_CARD_BENCH v=1 run=681821333620 event=submit input_id=108 frame_id=317 t_ns=689684668523 update_cpu_ns=15158095 final=0
K230_CARD_BENCH v=1 run=681821333620 event=submit input_id=107 frame_id=317 t_ns=689684668523 update_cpu_ns=15158095 final=0
K230_CARD_BENCH v=1 run=681821333620 event=present frame_id=316 t_ns=689668762000 presented=1 clock=monotonic
K230_CARD_BENCH v=1 run=681821333620 event=input input_id=112 gesture_id=6 kind=motion t_ns=689668510764 source=injected
K230_CARD_SHELL state mode=2 actions=1 message=0 cards=1
K230_CARD_BENCH v=1 run=681821333620 event=input input_id=111 gesture_id=6 kind=motion t_ns=689666486966 source=injected
K230_CARD_SHELL state mode=2 actions=1 message=0 cards=1
K230_CARD_BENCH v=1 run=681821333620 event=input input_id=110 gesture_id=6 kind=motion t_ns=689665946425 source=injected
K230_CARD_SHELL state mode=2 actions=1 message=0 cards=1
K230_CARD_BENCH v=1 run=681821333620 event=input input_id=109 gesture_id=6 kind=motion t_ns=689664509870 source=injected
K230_CARD_SHELL state mode=2 actions=1 message=0 cards=1
K230_CARD_BENCH v=1 run=681821333620 event=input input_id=108 gesture_id=6 kind=motion t_ns=689663756075 source=injected
K230_CARD_SHELL state mode=2 actions=1 message=0 cards=1
K230_CARD_BENCH v=1 run=681821333620 event=input input_id=107 gesture_id=6 kind=motion t_ns=689661810978 source=injected
K230_CARD_SHELL state mode=2 actions=1 message=0 cards=1
K230_CARD_BENCH v=1 run=681821333620 event=present frame_id=315 t_ns=689630441000 presented=1 clock=monotonic
K230_CARD_SHELL frame-cost run=681821333620 frame_id=315 total_cpu_ns=16583169 render_cpu_ns=14137091 input_cpu_ns=2154080
K230_CARD_BENCH v=1 run=681821333620 event=submit input_id=106 frame_id=315 t_ns=689627550291 update_cpu_ns=16583169 final=0
K230_CARD_BENCH v=1 run=681821333620 event=submit input_id=105 frame_id=315 t_ns=689627550291 update_cpu_ns=16583169 final=0
K230_CARD_BENCH v=1 run=681821333620 event=submit input_id=104 frame_id=315 t_ns=689627550291 update_cpu_ns=16583169 final=0
K230_CARD_BENCH v=1 run=681821333620 event=submit input_id=103 frame_id=315 t_ns=689627550291 update_cpu_ns=16583169 final=0
K230_CARD_BENCH v=1 run=681821333620 event=submit input_id=102 frame_id=315 t_ns=689627550291 update_cpu_ns=16583169 final=0
K230_CARD_BENCH v=1 run=681821333620 event=submit input_id=101 frame_id=315 t_ns=689627550291 update_cpu_ns=16583169 final=0
K230_CARD_BENCH v=1 run=681821333620 event=present frame_id=314 t_ns=689611280000 presented=1 clock=monotonic
K230_CARD_BENCH v=1 run=681821333620 event=input input_id=106 gesture_id=6 kind=motion t_ns=689608718307 source=injected
K230_CARD_SHELL state mode=2 actions=1 message=0 cards=1
K230_CARD_BENCH v=1 run=681821333620 event=input input_id=105 gesture_id=6 kind=motion t_ns=689608134026 source=injected
K230_CARD_SHELL state mode=2 actions=1 message=0 cards=1
K230_CARD_BENCH v=1 run=681821333620 event=input input_id=104 gesture_id=6 kind=motion t_ns=689607276160 source=injected
K230_CARD_SHELL state mode=2 actions=1 message=0 cards=1
K230_CARD_BENCH v=1 run=681821333620 event=input input_id=103 gesture_id=6 kind=motion t_ns=689604933815 source=injected
K230_CARD_SHELL state mode=2 actions=1 message=0 cards=1
K230_CARD_BENCH v=1 run=681821333620 event=input input_id=102 gesture_id=6 kind=motion t_ns=689602885498 source=injected
K230_CARD_SHELL state mode=2 actions=1 message=0 cards=1
K230_CARD_BENCH v=1 run=681821333620 event=input input_id=101 gesture_id=6 kind=motion t_ns=689600957994 source=injected
K230_CARD_SHELL state mode=2 actions=1 message=0 cards=1
K230_CARD_BENCH v=1 run=681821333620 event=present frame_id=313 t_ns=689572960000 presented=1 clock=monotonic
K230_CARD_SHELL frame-cost run=681821333620 frame_id=313 total_cpu_ns=15489180 render_cpu_ns=13893625 input_cpu_ns=1325370
K230_CARD_BENCH v=1 run=681821333620 event=submit input_id=100 frame_id=313 t_ns=689569708745 update_cpu_ns=15489180 final=0
K230_CARD_BENCH v=1 run=681821333620 event=submit input_id=99 frame_id=313 t_ns=689569708745 update_cpu_ns=15489180 final=0
K230_CARD_BENCH v=1 run=681821333620 event=submit input_id=98 frame_id=313 t_ns=689569708745 update_cpu_ns=15489180 final=0
K230_CARD_BENCH v=1 run=681821333620 event=submit input_id=97 frame_id=313 t_ns=689569708745 update_cpu_ns=15489180 final=0
K230_CARD_BENCH v=1 run=681821333620 event=submit input_id=96 frame_id=313 t_ns=689569708745 update_cpu_ns=15489180 final=0
K230_CARD_BENCH v=1 run=681821333620 event=submit input_id=95 frame_id=313 t_ns=689569708745 update_cpu_ns=15489180 final=0
K230_CARD_BENCH v=1 run=681821333620 event=present frame_id=312 t_ns=689553797000 presented=1 clock=monotonic
K230_CARD_BENCH v=1 run=681821333620 event=input input_id=100 gesture_id=6 kind=motion t_ns=689547445482 source=injected
K230_CARD_SHELL state mode=2 actions=1 message=0 cards=1
K230_CARD_BENCH v=1 run=681821333620 event=input input_id=99 gesture_id=6 kind=motion t_ns=689544164383 source=injected
K230_CARD_SHELL state mode=2 actions=1 message=0 cards=1
K230_CARD_BENCH v=1 run=681821333620 event=input input_id=98 gesture_id=6 kind=motion t_ns=689543824540 source=injected
K230_CARD_SHELL state mode=2 actions=1 message=0 cards=1
K230_CARD_BENCH v=1 run=681821333620 event=input input_id=97 gesture_id=6 kind=motion t_ns=689543551400 source=injected
K230_CARD_SHELL state mode=2 actions=1 message=0 cards=1
K230_CARD_BENCH v=1 run=681821333620 event=input input_id=96 gesture_id=6 kind=motion t_ns=689543188742 source=injected
K230_CARD_SHELL state mode=2 actions=1 message=0 cards=1
K230_CARD_BENCH v=1 run=681821333620 event=input input_id=95 gesture_id=6 kind=motion t_ns=689540149934 source=injected
K230_CARD_SHELL state mode=2 actions=1 message=0 cards=1
K230_CARD_BENCH v=1 run=681821333620 event=present frame_id=311 t_ns=689515473000 presented=1 clock=monotonic
K230_CARD_BENCH v=1 run=681821333620 event=present frame_id=310 t_ns=689496314000 presented=1 clock=monotonic
K230_CARD_SHELL state mode=2 actions=1 message=0 cards=1
K230_CARD_BENCH v=1 run=681821333620 event=present frame_id=309 t_ns=689457994000 presented=1 clock=monotonic
K230_CARD_BENCH v=1 run=681821333620 event=present frame_id=308 t_ns=689438832000 presented=1 clock=monotonic
K230_CARD_BENCH v=1 run=681821333620 event=present frame_id=307 t_ns=689400511000 presented=1 clock=monotonic
K230_CARD_BENCH v=1 run=681821333620 event=present frame_id=306 t_ns=689381350000 presented=1 clock=monotonic
K230_CARD_BENCH v=1 run=681821333620 event=present frame_id=305 t_ns=689343029000 presented=1 clock=monotonic
K230_CARD_BENCH v=1 run=681821333620 event=present frame_id=304 t_ns=689323870000 presented=1 clock=monotonic
K230_CARD_BENCH v=1 run=681821333620 event=present frame_id=303 t_ns=689285547000 presented=1 clock=monotonic
K230_CARD_BENCH v=1 run=681821333620 event=present frame_id=302 t_ns=689266385000 presented=1 clock=monotonic
K230_CARD_BENCH v=1 run=681821333620 event=present frame_id=301 t_ns=689228076000 presented=1 clock=monotonic
K230_CARD_SHELL frame-cost run=681821333620 frame_id=301 total_cpu_ns=15027694 render_cpu_ns=13973248 input_cpu_ns=873481
K230_CARD_BENCH v=1 run=681821333620 event=submit input_id=94 frame_id=301 t_ns=689224296502 update_cpu_ns=15027694 final=1
K230_CARD_BENCH v=1 run=681821333620 event=submit input_id=93 frame_id=301 t_ns=689224296502 update_cpu_ns=15027694 final=0
K230_CARD_BENCH v=1 run=681821333620 event=submit input_id=92 frame_id=301 t_ns=689224296502 update_cpu_ns=15027694 final=0
K230_CARD_BENCH v=1 run=681821333620 event=present frame_id=300 t_ns=689208904000 presented=1 clock=monotonic
K230_CARD_BENCH v=1 run=681821333620 event=input input_id=94 gesture_id=5 kind=release t_ns=689195409487 source=injected
K230_CARD_SHELL state mode=1 actions=1 message=0 cards=1
K230_CARD_BENCH v=1 run=681821333620 event=input input_id=93 gesture_id=5 kind=motion t_ns=689194924130 source=injected
K230_CARD_SHELL state mode=2 actions=1 message=0 cards=1
K230_CARD_BENCH v=1 run=681821333620 event=input input_id=92 gesture_id=5 kind=motion t_ns=689194470623 source=injected
K230_CARD_SHELL state mode=2 actions=1 message=0 cards=1
K230_CARD_BENCH v=1 run=681821333620 event=present frame_id=299 t_ns=689170583000 presented=1 clock=monotonic
K230_CARD_SHELL frame-cost run=681821333620 frame_id=299 total_cpu_ns=14523588 render_cpu_ns=12088916 input_cpu_ns=2187743
K230_CARD_BENCH v=1 run=681821333620 event=submit input_id=91 frame_id=299 t_ns=689165697902 update_cpu_ns=14523588 final=0
K230_CARD_BENCH v=1 run=681821333620 event=submit input_id=90 frame_id=299 t_ns=689165697902 update_cpu_ns=14523588 final=0
K230_CARD_BENCH v=1 run=681821333620 event=submit input_id=89 frame_id=299 t_ns=689165697902 update_cpu_ns=14523588 final=0
K230_CARD_BENCH v=1 run=681821333620 event=submit input_id=88 frame_id=299 t_ns=689165697902 update_cpu_ns=14523588 final=0
K230_CARD_BENCH v=1 run=681821333620 event=submit input_id=87 frame_id=299 t_ns=689165697902 update_cpu_ns=14523588 final=0
K230_CARD_BENCH v=1 run=681821333620 event=submit input_id=86 frame_id=299 t_ns=689165697902 update_cpu_ns=14523588 final=0
K230_CARD_BENCH v=1 run=681821333620 event=present frame_id=298 t_ns=689151422000 presented=1 clock=monotonic
K230_CARD_BENCH v=1 run=681821333620 event=input input_id=91 gesture_id=5 kind=motion t_ns=689147705748 source=injected
K230_CARD_SHELL state mode=2 actions=1 message=0 cards=1
K230_CARD_BENCH v=1 run=681821333620 event=input input_id=90 gesture_id=5 kind=motion t_ns=689145975757 source=injected
K230_CARD_SHELL state mode=2 actions=1 message=0 cards=1
K230_CARD_BENCH v=1 run=681821333620 event=input input_id=89 gesture_id=5 kind=motion t_ns=689144263209 source=injected
K230_CARD_SHELL state mode=2 actions=1 message=0 cards=1
K230_CARD_BENCH v=1 run=681821333620 event=input input_id=88 gesture_id=5 kind=motion t_ns=689143777555 source=injected
K230_CARD_SHELL state mode=2 actions=1 message=0 cards=1
K230_CARD_BENCH v=1 run=681821333620 event=input input_id=87 gesture_id=5 kind=motion t_ns=689142593957 source=injected
K230_CARD_SHELL state mode=2 actions=1 message=0 cards=1
K230_CARD_BENCH v=1 run=681821333620 event=input input_id=86 gesture_id=5 kind=motion t_ns=689140670526 source=injected
K230_CARD_SHELL state mode=2 actions=1 message=0 cards=1
K230_CARD_BENCH v=1 run=681821333620 event=present frame_id=297 t_ns=689113100000 presented=1 clock=monotonic
K230_CARD_SHELL frame-cost run=681821333620 frame_id=297 total_cpu_ns=15695197 render_cpu_ns=13961970 input_cpu_ns=1525040
K230_CARD_BENCH v=1 run=681821333620 event=submit input_id=85 frame_id=297 t_ns=689109853044 update_cpu_ns=15695197 final=0
K230_CARD_BENCH v=1 run=681821333620 event=submit input_id=84 frame_id=297 t_ns=689109853044 update_cpu_ns=15695197 final=0
K230_CARD_BENCH v=1 run=681821333620 event=submit input_id=83 frame_id=297 t_ns=689109853044 update_cpu_ns=15695197 final=0
K230_CARD_BENCH v=1 run=681821333620 event=submit input_id=82 frame_id=297 t_ns=689109853044 update_cpu_ns=15695197 final=0
K230_CARD_BENCH v=1 run=681821333620 event=submit input_id=81 frame_id=297 t_ns=689109853044 update_cpu_ns=15695197 final=0
K230_CARD_BENCH v=1 run=681821333620 event=present frame_id=296 t_ns=689093939000 presented=1 clock=monotonic
K230_CARD_BENCH v=1 run=681821333620 event=input input_id=85 gesture_id=5 kind=motion t_ns=689089860795 source=injected
K230_CARD_SHELL state mode=2 actions=1 message=0 cards=1
K230_CARD_BENCH v=1 run=681821333620 event=input input_id=84 gesture_id=5 kind=motion t_ns=689087652668 source=injected
K230_CARD_SHELL state mode=2 actions=1 message=0 cards=1
K230_CARD_BENCH v=1 run=681821333620 event=input input_id=83 gesture_id=5 kind=motion t_ns=689087291344 source=injected
K230_CARD_SHELL state mode=2 actions=1 message=0 cards=1
K230_CARD_BENCH v=1 run=681821333620 event=input input_id=82 gesture_id=5 kind=motion t_ns=689086547808 source=injected
K230_CARD_SHELL state mode=2 actions=1 message=0 cards=1
K230_CARD_BENCH v=1 run=681821333620 event=input input_id=81 gesture_id=5 kind=motion t_ns=689084114095 source=injected
K230_CARD_SHELL state mode=2 actions=1 message=0 cards=1
K230_CARD_BENCH v=1 run=681821333620 event=present frame_id=295 t_ns=689055620000 presented=1 clock=monotonic
K230_CARD_SHELL frame-cost run=681821333620 frame_id=295 total_cpu_ns=15005173 render_cpu_ns=13847987 input_cpu_ns=919518
K230_CARD_BENCH v=1 run=681821333620 event=submit input_id=80 frame_id=295 t_ns=689051815504 update_cpu_ns=15005173 final=0
K230_CARD_BENCH v=1 run=681821333620 event=submit input_id=79 frame_id=295 t_ns=689051815504 update_cpu_ns=15005173 final=0
K230_CARD_BENCH v=1 run=681821333620 event=submit input_id=78 frame_id=295 t_ns=689051815504 update_cpu_ns=15005173 final=0
K230_CARD_BENCH v=1 run=681821333620 event=submit input_id=77 frame_id=295 t_ns=689051815504 update_cpu_ns=15005173 final=0
K230_CARD_BENCH v=1 run=681821333620 event=present frame_id=294 t_ns=689036458000 presented=1 clock=monotonic
K230_CARD_BENCH v=1 run=681821333620 event=input input_id=80 gesture_id=5 kind=motion t_ns=689034903914 source=injected
K230_CARD_SHELL state mode=2 actions=1 message=0 cards=1
K230_CARD_BENCH v=1 run=681821333620 event=input input_id=79 gesture_id=5 kind=motion t_ns=689029365467 source=injected
K230_CARD_SHELL state mode=2 actions=1 message=0 cards=1
K230_CARD_BENCH v=1 run=681821333620 event=input input_id=78 gesture_id=5 kind=motion t_ns=689029100845 source=injected
K230_CARD_SHELL state mode=2 actions=1 message=0 cards=1
K230_CARD_BENCH v=1 run=681821333620 event=input input_id=77 gesture_id=5 kind=motion t_ns=689028787520 source=injected
K230_CARD_SHELL state mode=2 actions=1 message=0 cards=1
K230_CARD_SHELL frame-cost run=681821333620 frame_id=294 total_cpu_ns=14461482 render_cpu_ns=13987111 input_cpu_ns=325409
K230_CARD_BENCH v=1 run=681821333620 event=submit input_id=76 frame_id=294 t_ns=689025236095 update_cpu_ns=14461482 final=0
K230_CARD_BENCH v=1 run=681821333620 event=submit input_id=75 frame_id=294 t_ns=689025236095 update_cpu_ns=14461482 final=0
K230_CARD_BENCH v=1 run=681821333620 event=present frame_id=293 t_ns=688998139000 presented=1 clock=monotonic
K230_CARD_BENCH v=1 run=681821333620 event=input input_id=76 gesture_id=5 kind=motion t_ns=688997089872 source=injected
K230_CARD_SHELL state mode=2 actions=1 message=0 cards=1
K230_CARD_BENCH v=1 run=681821333620 event=input input_id=75 gesture_id=5 kind=motion t_ns=688996803139 source=injected
K230_CARD_SHELL state mode=2 actions=1 message=0 cards=1
K230_CARD_SHELL frame-cost run=681821333620 frame_id=293 total_cpu_ns=14041001 render_cpu_ns=13764261 input_cpu_ns=156963
K230_CARD_BENCH v=1 run=681821333620 event=submit input_id=74 frame_id=293 t_ns=688995038259 update_cpu_ns=14041001 final=0
K230_CARD_BENCH v=1 run=681821333620 event=present frame_id=292 t_ns=688978975000 presented=1 clock=monotonic
K230_CARD_BENCH v=1 run=681821333620 event=input input_id=74 gesture_id=5 kind=motion t_ns=688974866862 source=injected
K230_CARD_SHELL state mode=2 actions=1 message=0 cards=1
K230_CARD_SHELL state mode=2 actions=1 message=0 cards=1
K230_CARD_BENCH v=1 run=681821333620 event=present frame_id=291 t_ns=688940654000 presented=1 clock=monotonic
K230_CARD_BENCH v=1 run=681821333620 event=resource phase=active t_ns=688938022827 cpu_ns=7755659000 memory_bytes=19705856 scope=session
K230_CARD_BENCH v=1 run=681821333620 event=resource phase=active t_ns=688938022827 cpu_ns=3811264389 memory_bytes=27570176 scope=compositor
K230_CARD_BENCH v=1 run=681821333620 event=present frame_id=290 t_ns=688921493000 presented=1 clock=monotonic
K230_CARD_BENCH v=1 run=681821333620 event=present frame_id=289 t_ns=688883170000 presented=1 clock=monotonic
K230_CARD_BENCH v=1 run=681821333620 event=present frame_id=288 t_ns=688864020000 presented=1 clock=monotonic
K230_CARD_BENCH v=1 run=681821333620 event=present frame_id=287 t_ns=688825689000 presented=1 clock=monotonic
K230_CARD_BENCH v=1 run=681821333620 event=present frame_id=286 t_ns=688806528000 presented=1 clock=monotonic
K230_CARD_BENCH v=1 run=681821333620 event=present frame_id=285 t_ns=688768206000 presented=1 clock=monotonic
K230_CARD_BENCH v=1 run=681821333620 event=present frame_id=284 t_ns=688749046000 presented=1 clock=monotonic
K230_CARD_BENCH v=1 run=681821333620 event=present frame_id=283 t_ns=688710723000 presented=1 clock=monotonic
K230_CARD_BENCH v=1 run=681821333620 event=present frame_id=282 t_ns=688691564000 presented=1 clock=monotonic
K230_CARD_SHELL frame-cost run=681821333620 frame_id=282 total_cpu_ns=14881729 render_cpu_ns=13821838 input_cpu_ns=822926
K230_CARD_BENCH v=1 run=681821333620 event=submit input_id=73 frame_id=282 t_ns=688678819875 update_cpu_ns=14881729 final=1
K230_CARD_BENCH v=1 run=681821333620 event=submit input_id=72 frame_id=282 t_ns=688678819875 update_cpu_ns=14881729 final=0
K230_CARD_BENCH v=1 run=681821333620 event=present frame_id=281 t_ns=688653245000 presented=1 clock=monotonic
K230_CARD_BENCH v=1 run=681821333620 event=input input_id=73 gesture_id=4 kind=release t_ns=688654308258 source=injected
K230_CARD_SHELL state mode=1 actions=1 message=0 cards=1
K230_CARD_BENCH v=1 run=681821333620 event=input input_id=72 gesture_id=4 kind=motion t_ns=688652326791 source=injected
K230_CARD_SHELL state mode=2 actions=1 message=0 cards=1
K230_CARD_SHELL frame-cost run=681821333620 frame_id=281 total_cpu_ns=12904694 render_cpu_ns=11567805 input_cpu_ns=1072779
K230_CARD_BENCH v=1 run=681821333620 event=submit input_id=71 frame_id=281 t_ns=688649597677 update_cpu_ns=12904694 final=0
K230_CARD_BENCH v=1 run=681821333620 event=submit input_id=70 frame_id=281 t_ns=688649597677 update_cpu_ns=12904694 final=0
K230_CARD_BENCH v=1 run=681821333620 event=present frame_id=280 t_ns=688634084000 presented=1 clock=monotonic
K230_CARD_BENCH v=1 run=681821333620 event=input input_id=71 gesture_id=4 kind=motion t_ns=688634052084 source=injected
K230_CARD_SHELL state mode=2 actions=1 message=0 cards=1
K230_CARD_BENCH v=1 run=681821333620 event=input input_id=70 gesture_id=4 kind=motion t_ns=688633294178 source=injected
K230_CARD_SHELL state mode=2 actions=1 message=0 cards=1
K230_CARD_SHELL live cards=1 commits=114 sampled=226 frame-done=226 output-presented=113
K230_CARD_SHELL frame-cost run=681821333620 frame_id=280 total_cpu_ns=14280952 render_cpu_ns=12260358 input_cpu_ns=1715777
K230_CARD_BENCH v=1 run=681821333620 event=submit input_id=69 frame_id=280 t_ns=688630098040 update_cpu_ns=14280952 final=0
K230_CARD_BENCH v=1 run=681821333620 event=submit input_id=68 frame_id=280 t_ns=688630098040 update_cpu_ns=14280952 final=0
K230_CARD_BENCH v=1 run=681821333620 event=submit input_id=67 frame_id=280 t_ns=688630098040 update_cpu_ns=14280952 final=0
K230_CARD_BENCH v=1 run=681821333620 event=submit input_id=66 frame_id=280 t_ns=688630098040 update_cpu_ns=14280952 final=0
K230_CARD_BENCH v=1 run=681821333620 event=present frame_id=279 t_ns=688614921000 presented=1 clock=monotonic
K230_CARD_BENCH v=1 run=681821333620 event=input input_id=69 gesture_id=4 kind=motion t_ns=688606994571 source=injected
K230_CARD_SHELL state mode=2 actions=1 message=0 cards=1
K230_CARD_BENCH v=1 run=681821333620 event=input input_id=68 gesture_id=4 kind=motion t_ns=688601901704 source=injected
K230_CARD_SHELL state mode=2 actions=1 message=0 cards=1
K230_CARD_BENCH v=1 run=681821333620 event=input input_id=67 gesture_id=4 kind=motion t_ns=688601280535 source=injected
K230_CARD_SHELL state mode=2 actions=1 message=0 cards=1
K230_CARD_BENCH v=1 run=681821333620 event=input input_id=66 gesture_id=4 kind=motion t_ns=688599748020 source=injected
K230_CARD_SHELL state mode=2 actions=1 message=0 cards=1
K230_CARD_SHELL frame-cost run=681821333620 frame_id=279 total_cpu_ns=15344751 render_cpu_ns=13750790 input_cpu_ns=1368926
K230_CARD_BENCH v=1 run=681821333620 event=submit input_id=65 frame_id=279 t_ns=688595730199 update_cpu_ns=15344751 final=0
K230_CARD_BENCH v=1 run=681821333620 event=submit input_id=64 frame_id=279 t_ns=688595730199 update_cpu_ns=15344751 final=0
K230_CARD_BENCH v=1 run=681821333620 event=submit input_id=63 frame_id=279 t_ns=688595730199 update_cpu_ns=15344751 final=0
K230_CARD_BENCH v=1 run=681821333620 event=present frame_id=278 t_ns=688576607000 presented=1 clock=monotonic
K230_CARD_BENCH v=1 run=681821333620 event=input input_id=65 gesture_id=4 kind=motion t_ns=688578406505 source=injected
K230_CARD_SHELL state mode=2 actions=1 message=0 cards=1
K230_CARD_BENCH v=1 run=681821333620 event=input input_id=64 gesture_id=4 kind=motion t_ns=688577980664 source=injected
K230_CARD_SHELL state mode=2 actions=1 message=0 cards=1
K230_CARD_BENCH v=1 run=681821333620 event=input input_id=63 gesture_id=4 kind=motion t_ns=688575703687 source=injected
K230_CARD_SHELL state mode=2 actions=1 message=0 cards=1
K230_CARD_BENCH v=1 run=681821333620 event=present frame_id=277 t_ns=688557439000 presented=1 clock=monotonic
K230_CARD_SHELL frame-cost run=681821333620 frame_id=277 total_cpu_ns=15396908 render_cpu_ns=13850757 input_cpu_ns=1258520
K230_CARD_BENCH v=1 run=681821333620 event=submit input_id=62 frame_id=277 t_ns=688556804367 update_cpu_ns=15396908 final=0
K230_CARD_BENCH v=1 run=681821333620 event=submit input_id=61 frame_id=277 t_ns=688556804367 update_cpu_ns=15396908 final=0
K230_CARD_BENCH v=1 run=681821333620 event=submit input_id=60 frame_id=277 t_ns=688556804367 update_cpu_ns=15396908 final=0
K230_CARD_BENCH v=1 run=681821333620 event=submit input_id=59 frame_id=277 t_ns=688556804367 update_cpu_ns=15396908 final=0
K230_CARD_BENCH v=1 run=681821333620 event=present frame_id=276 t_ns=688538279000 presented=1 clock=monotonic
K230_CARD_BENCH v=1 run=681821333620 event=input input_id=62 gesture_id=4 kind=motion t_ns=688536626229 source=injected
K230_CARD_SHELL state mode=2 actions=1 message=0 cards=1
K230_CARD_BENCH v=1 run=681821333620 event=input input_id=61 gesture_id=4 kind=motion t_ns=688527219031 source=injected
K230_CARD_SHELL state mode=2 actions=1 message=0 cards=1
K230_CARD_BENCH v=1 run=681821333620 event=input input_id=60 gesture_id=4 kind=motion t_ns=688524831797 source=injected
K230_CARD_SHELL state mode=2 actions=1 message=0 cards=1
K230_CARD_BENCH v=1 run=681821333620 event=input input_id=59 gesture_id=4 kind=motion t_ns=688522762110 source=injected
K230_CARD_SHELL state mode=2 actions=1 message=0 cards=1
K230_CARD_SHELL frame-cost run=681821333620 frame_id=276 total_cpu_ns=15857773 render_cpu_ns=14606290 input_cpu_ns=1058630
K230_CARD_BENCH v=1 run=681821333620 event=submit input_id=58 frame_id=276 t_ns=688519514418 update_cpu_ns=15857773 final=0
K230_CARD_BENCH v=1 run=681821333620 event=submit input_id=57 frame_id=276 t_ns=688519514418 update_cpu_ns=15857773 final=0
K230_CARD_BENCH v=1 run=681821333620 event=submit input_id=56 frame_id=276 t_ns=688519514418 update_cpu_ns=15857773 final=0
K230_CARD_BENCH v=1 run=681821333620 event=submit input_id=55 frame_id=276 t_ns=688519514418 update_cpu_ns=15857773 final=0
K230_CARD_BENCH v=1 run=681821333620 event=present frame_id=275 t_ns=688499957000 presented=1 clock=monotonic
K230_CARD_BENCH v=1 run=681821333620 event=input input_id=58 gesture_id=4 kind=motion t_ns=688496655498 source=injected
K230_CARD_SHELL state mode=2 actions=1 message=0 cards=1
K230_CARD_BENCH v=1 run=681821333620 event=input input_id=57 gesture_id=4 kind=motion t_ns=688491908844 source=injected
K230_CARD_SHELL state mode=2 actions=1 message=0 cards=1
K230_CARD_BENCH v=1 run=681821333620 event=input input_id=56 gesture_id=4 kind=motion t_ns=688489962710 source=injected
K230_CARD_SHELL state mode=2 actions=1 message=0 cards=1
K230_CARD_BENCH v=1 run=681821333620 event=input input_id=55 gesture_id=4 kind=motion t_ns=688489680236 source=injected
K230_CARD_SHELL state mode=2 actions=1 message=0 cards=1
K230_CARD_SHELL frame-cost run=681821333620 frame_id=275 total_cpu_ns=15175999 render_cpu_ns=14688405 input_cpu_ns=337816
K230_CARD_BENCH v=1 run=681821333620 event=submit input_id=54 frame_id=275 t_ns=688488290346 update_cpu_ns=15175999 final=0
K230_CARD_BENCH v=1 run=681821333620 event=submit input_id=53 frame_id=275 t_ns=688488290346 update_cpu_ns=15175999 final=0
K230_CARD_BENCH v=1 run=681821333620 event=present frame_id=274 t_ns=688461636000 presented=1 clock=monotonic
K230_CARD_BENCH v=1 run=681821333620 event=input input_id=54 gesture_id=4 kind=motion t_ns=688456619213 source=injected
K230_CARD_SHELL state mode=2 actions=1 message=0 cards=1
K230_CARD_BENCH v=1 run=681821333620 event=input input_id=53 gesture_id=4 kind=motion t_ns=688452554431 source=injected
K230_CARD_SHELL state mode=2 actions=1 message=0 cards=1
K230_CARD_SHELL state mode=2 actions=1 message=0 cards=1
K230_CARD_BENCH v=1 run=681821333620 event=present frame_id=273 t_ns=688423314000 presented=1 clock=monotonic
K230_CARD_BENCH v=1 run=681821333620 event=present frame_id=272 t_ns=688384992000 presented=1 clock=monotonic
K230_CARD_BENCH v=1 run=681821333620 event=present frame_id=271 t_ns=688346670000 presented=1 clock=monotonic
K230_CARD_BENCH v=1 run=681821333620 event=present frame_id=270 t_ns=688327511000 presented=1 clock=monotonic
K230_CARD_BENCH v=1 run=681821333620 event=present frame_id=269 t_ns=688289189000 presented=1 clock=monotonic
K230_CARD_BENCH v=1 run=681821333620 event=present frame_id=268 t_ns=688250867000 presented=1 clock=monotonic
K230_CARD_BENCH v=1 run=681821333620 event=present frame_id=267 t_ns=688231707000 presented=1 clock=monotonic
K230_CARD_BENCH v=1 run=681821333620 event=present frame_id=266 t_ns=688193395000 presented=1 clock=monotonic
K230_CARD_BENCH v=1 run=681821333620 event=present frame_id=265 t_ns=688174225000 presented=1 clock=monotonic
K230_CARD_SHELL frame-cost run=681821333620 frame_id=265 total_cpu_ns=15329530 render_cpu_ns=14513496 input_cpu_ns=664591
K230_CARD_BENCH v=1 run=681821333620 event=submit input_id=52 frame_id=265 t_ns=688154841080 update_cpu_ns=15329530 final=1
K230_CARD_BENCH v=1 run=681821333620 event=submit input_id=51 frame_id=265 t_ns=688154841080 update_cpu_ns=15329530 final=0
K230_CARD_BENCH v=1 run=681821333620 event=present frame_id=264 t_ns=688135903000 presented=1 clock=monotonic
K230_CARD_BENCH v=1 run=681821333620 event=input input_id=52 gesture_id=3 kind=release t_ns=688130252613 source=injected
K230_CARD_SHELL state mode=1 actions=1 message=0 cards=1
K230_CARD_BENCH v=1 run=681821333620 event=input input_id=51 gesture_id=3 kind=motion t_ns=688129740589 source=injected
K230_CARD_SHELL state mode=2 actions=1 message=0 cards=1
K230_CARD_SHELL frame-cost run=681821333620 frame_id=264 total_cpu_ns=12719588 render_cpu_ns=11680663 input_cpu_ns=844997
K230_CARD_BENCH v=1 run=681821333620 event=submit input_id=50 frame_id=264 t_ns=688129014793 update_cpu_ns=12719588 final=0
K230_CARD_BENCH v=1 run=681821333620 event=submit input_id=49 frame_id=264 t_ns=688129014793 update_cpu_ns=12719588 final=0
K230_CARD_BENCH v=1 run=681821333620 event=present frame_id=263 t_ns=688097589000 presented=1 clock=monotonic
K230_CARD_BENCH v=1 run=681821333620 event=input input_id=50 gesture_id=3 kind=motion t_ns=688101895763 source=injected
K230_CARD_SHELL state mode=2 actions=1 message=0 cards=1
K230_CARD_BENCH v=1 run=681821333620 event=input input_id=49 gesture_id=3 kind=motion t_ns=688099115095 source=injected
K230_CARD_SHELL state mode=2 actions=1 message=0 cards=1
K230_CARD_SHELL frame-cost run=681821333620 frame_id=263 total_cpu_ns=14024242 render_cpu_ns=12290905 input_cpu_ns=1430853
K230_CARD_BENCH v=1 run=681821333620 event=submit input_id=48 frame_id=263 t_ns=688093469983 update_cpu_ns=14024242 final=0
K230_CARD_BENCH v=1 run=681821333620 event=submit input_id=47 frame_id=263 t_ns=688093469983 update_cpu_ns=14024242 final=0
K230_CARD_BENCH v=1 run=681821333620 event=submit input_id=46 frame_id=263 t_ns=688093469983 update_cpu_ns=14024242 final=0
K230_CARD_BENCH v=1 run=681821333620 event=submit input_id=45 frame_id=263 t_ns=688093469983 update_cpu_ns=14024242 final=0
K230_CARD_BENCH v=1 run=681821333620 event=present frame_id=262 t_ns=688078452000 presented=1 clock=monotonic
K230_CARD_BENCH v=1 run=681821333620 event=input input_id=48 gesture_id=3 kind=motion t_ns=688078668112 source=injected
K230_CARD_SHELL state mode=2 actions=1 message=0 cards=1
K230_CARD_BENCH v=1 run=681821333620 event=input input_id=47 gesture_id=3 kind=motion t_ns=688072820561 source=injected
K230_CARD_SHELL state mode=2 actions=1 message=0 cards=1
K230_CARD_BENCH v=1 run=681821333620 event=input input_id=46 gesture_id=3 kind=motion t_ns=688071331008 source=injected
K230_CARD_SHELL state mode=2 actions=1 message=0 cards=1
K230_CARD_BENCH v=1 run=681821333620 event=input input_id=45 gesture_id=3 kind=motion t_ns=688070861613 source=injected
K230_CARD_SHELL state mode=2 actions=1 message=0 cards=1
K230_CARD_SHELL frame-cost run=681821333620 frame_id=262 total_cpu_ns=14451493 render_cpu_ns=13807604 input_cpu_ns=458408
K230_CARD_BENCH v=1 run=681821333620 event=submit input_id=44 frame_id=262 t_ns=688067281151 update_cpu_ns=14451493 final=0
K230_CARD_BENCH v=1 run=681821333620 event=submit input_id=43 frame_id=262 t_ns=688067281151 update_cpu_ns=14451493 final=0
K230_CARD_BENCH v=1 run=681821333620 event=present frame_id=261 t_ns=688040100000 presented=1 clock=monotonic
K230_CARD_BENCH v=1 run=681821333620 event=input input_id=44 gesture_id=3 kind=motion t_ns=688039292032 source=injected
K230_CARD_SHELL state mode=2 actions=1 message=0 cards=1
K230_CARD_BENCH v=1 run=681821333620 event=input input_id=43 gesture_id=3 kind=motion t_ns=688038926931 source=injected
K230_CARD_SHELL state mode=2 actions=1 message=0 cards=1
K230_CARD_SHELL frame-cost run=681821333620 frame_id=261 total_cpu_ns=15856711 render_cpu_ns=13726746 input_cpu_ns=1851188
K230_CARD_BENCH v=1 run=681821333620 event=submit input_id=42 frame_id=261 t_ns=688036549067 update_cpu_ns=15856711 final=0
K230_CARD_BENCH v=1 run=681821333620 event=submit input_id=41 frame_id=261 t_ns=688036549067 update_cpu_ns=15856711 final=0
K230_CARD_BENCH v=1 run=681821333620 event=submit input_id=40 frame_id=261 t_ns=688036549067 update_cpu_ns=15856711 final=0
K230_CARD_BENCH v=1 run=681821333620 event=submit input_id=39 frame_id=261 t_ns=688036549067 update_cpu_ns=15856711 final=0
K230_CARD_BENCH v=1 run=681821333620 event=submit input_id=38 frame_id=261 t_ns=688036549067 update_cpu_ns=15856711 final=0
K230_CARD_BENCH v=1 run=681821333620 event=submit input_id=37 frame_id=261 t_ns=688036549067 update_cpu_ns=15856711 final=0
K230_CARD_BENCH v=1 run=681821333620 event=present frame_id=260 t_ns=688020938000 presented=1 clock=monotonic
K230_CARD_BENCH v=1 run=681821333620 event=input input_id=42 gesture_id=3 kind=motion t_ns=688018559612 source=injected
K230_CARD_SHELL state mode=2 actions=1 message=0 cards=1
K230_CARD_BENCH v=1 run=681821333620 event=input input_id=41 gesture_id=3 kind=motion t_ns=688015507062 source=injected
K230_CARD_SHELL state mode=2 actions=1 message=0 cards=1
K230_CARD_BENCH v=1 run=681821333620 event=input input_id=40 gesture_id=3 kind=motion t_ns=688014051323 source=injected
K230_CARD_SHELL state mode=2 actions=1 message=0 cards=1
K230_CARD_BENCH v=1 run=681821333620 event=input input_id=39 gesture_id=3 kind=motion t_ns=688013687777 source=injected
K230_CARD_SHELL state mode=2 actions=1 message=0 cards=1
K230_CARD_BENCH v=1 run=681821333620 event=input input_id=38 gesture_id=3 kind=motion t_ns=688013132791 source=injected
K230_CARD_SHELL state mode=2 actions=1 message=0 cards=1
K230_CARD_BENCH v=1 run=681821333620 event=input input_id=37 gesture_id=3 kind=motion t_ns=688011134584 source=injected
K230_CARD_SHELL state mode=2 actions=1 message=0 cards=1
K230_CARD_BENCH v=1 run=681821333620 event=present frame_id=259 t_ns=687982619000 presented=1 clock=monotonic
K230_CARD_SHELL frame-cost run=681821333620 frame_id=259 total_cpu_ns=14953044 render_cpu_ns=13835230 input_cpu_ns=906074
K230_CARD_BENCH v=1 run=681821333620 event=submit input_id=36 frame_id=259 t_ns=687979147970 update_cpu_ns=14953044 final=0
K230_CARD_BENCH v=1 run=681821333620 event=submit input_id=35 frame_id=259 t_ns=687979147970 update_cpu_ns=14953044 final=0
K230_CARD_BENCH v=1 run=681821333620 event=submit input_id=34 frame_id=259 t_ns=687979147970 update_cpu_ns=14953044 final=0
K230_CARD_BENCH v=1 run=681821333620 event=submit input_id=33 frame_id=259 t_ns=687979147970 update_cpu_ns=14953044 final=0
K230_CARD_BENCH v=1 run=681821333620 event=present frame_id=258 t_ns=687963456000 presented=1 clock=monotonic
K230_CARD_BENCH v=1 run=681821333620 event=input input_id=36 gesture_id=3 kind=motion t_ns=687958592689 source=injected
K230_CARD_SHELL state mode=2 actions=1 message=0 cards=1
K230_CARD_BENCH v=1 run=681821333620 event=input input_id=35 gesture_id=3 kind=motion t_ns=687954378465 source=injected
K230_CARD_SHELL state mode=2 actions=1 message=0 cards=1
K230_CARD_BENCH v=1 run=681821333620 event=input input_id=34 gesture_id=3 kind=motion t_ns=687954110990 source=injected
K230_CARD_SHELL state mode=2 actions=1 message=0 cards=1
K230_CARD_BENCH v=1 run=681821333620 event=input input_id=33 gesture_id=3 kind=motion t_ns=687953781962 source=injected
K230_CARD_SHELL state mode=2 actions=1 message=0 cards=1
K230_CARD_SHELL frame-cost run=681821333620 frame_id=258 total_cpu_ns=15137001 render_cpu_ns=13806484 input_cpu_ns=225519
K230_CARD_BENCH v=1 run=681821333620 event=submit input_id=32 frame_id=258 t_ns=687952473996 update_cpu_ns=15137001 final=0
K230_CARD_BENCH v=1 run=681821333620 event=present frame_id=257 t_ns=687925137000 presented=1 clock=monotonic
K230_CARD_BENCH v=1 run=681821333620 event=input input_id=32 gesture_id=3 kind=motion t_ns=687926317786 source=injected
K230_CARD_SHELL state mode=2 actions=1 message=0 cards=1
K230_CARD_BENCH v=1 run=681821333620 event=resource phase=active t_ns=687922377962 cpu_ns=7052873000 memory_bytes=19705856 scope=session
K230_CARD_BENCH v=1 run=681821333620 event=resource phase=active t_ns=687922377962 cpu_ns=3286864654 memory_bytes=27570176 scope=compositor
K230_CARD_BENCH v=1 run=681821333620 event=present frame_id=256 t_ns=687905976000 presented=1 clock=monotonic
K230_CARD_SHELL state mode=2 actions=1 message=0 cards=1
K230_CARD_BENCH v=1 run=681821333620 event=present frame_id=255 t_ns=687867651000 presented=1 clock=monotonic
K230_CARD_BENCH v=1 run=681821333620 event=present frame_id=254 t_ns=687848491000 presented=1 clock=monotonic
K230_CARD_BENCH v=1 run=681821333620 event=present frame_id=253 t_ns=687810171000 presented=1 clock=monotonic
K230_CARD_BENCH v=1 run=681821333620 event=present frame_id=252 t_ns=687791009000 presented=1 clock=monotonic
K230_CARD_BENCH v=1 run=681821333620 event=present frame_id=251 t_ns=687752687000 presented=1 clock=monotonic
K230_CARD_BENCH v=1 run=681821333620 event=present frame_id=250 t_ns=687733527000 presented=1 clock=monotonic
K230_CARD_BENCH v=1 run=681821333620 event=present frame_id=249 t_ns=687695206000 presented=1 clock=monotonic
K230_CARD_BENCH v=1 run=681821333620 event=present frame_id=248 t_ns=687676044000 presented=1 clock=monotonic
K230_CARD_BENCH v=1 run=681821333620 event=present frame_id=247 t_ns=687637724000 presented=1 clock=monotonic
K230_CARD_SHELL frame-cost run=681821333620 frame_id=247 total_cpu_ns=16024941 render_cpu_ns=13965649 input_cpu_ns=1826291
K230_CARD_BENCH v=1 run=681821333620 event=submit input_id=31 frame_id=247 t_ns=687633898042 update_cpu_ns=16024941 final=1
K230_CARD_BENCH v=1 run=681821333620 event=submit input_id=30 frame_id=247 t_ns=687633898042 update_cpu_ns=16024941 final=0
K230_CARD_BENCH v=1 run=681821333620 event=submit input_id=29 frame_id=247 t_ns=687633898042 update_cpu_ns=16024941 final=0
K230_CARD_BENCH v=1 run=681821333620 event=submit input_id=28 frame_id=247 t_ns=687633898042 update_cpu_ns=16024941 final=0
K230_CARD_BENCH v=1 run=681821333620 event=present frame_id=246 t_ns=687618563000 presented=1 clock=monotonic
K230_CARD_BENCH v=1 run=681821333620 event=input input_id=31 gesture_id=2 kind=release t_ns=687609528452 source=injected
K230_CARD_SHELL state mode=1 actions=1 message=0 cards=1
K230_CARD_BENCH v=1 run=681821333620 event=input input_id=30 gesture_id=2 kind=motion t_ns=687608998170 source=injected
K230_CARD_SHELL state mode=2 actions=1 message=0 cards=1
K230_CARD_BENCH v=1 run=681821333620 event=input input_id=29 gesture_id=2 kind=motion t_ns=687608131822 source=injected
K230_CARD_SHELL state mode=2 actions=1 message=0 cards=1
K230_CARD_BENCH v=1 run=681821333620 event=input input_id=28 gesture_id=2 kind=motion t_ns=687605878917 source=injected
K230_CARD_SHELL state mode=2 actions=1 message=0 cards=1
K230_CARD_BENCH v=1 run=681821333620 event=present frame_id=245 t_ns=687580243000 presented=1 clock=monotonic
K230_CARD_SHELL frame-cost run=681821333620 frame_id=245 total_cpu_ns=15025944 render_cpu_ns=12285132 input_cpu_ns=2378922
K230_CARD_BENCH v=1 run=681821333620 event=submit input_id=27 frame_id=245 t_ns=687575260860 update_cpu_ns=15025944 final=0
K230_CARD_BENCH v=1 run=681821333620 event=submit input_id=26 frame_id=245 t_ns=687575260860 update_cpu_ns=15025944 final=0
K230_CARD_BENCH v=1 run=681821333620 event=submit input_id=25 frame_id=245 t_ns=687575260860 update_cpu_ns=15025944 final=0
K230_CARD_BENCH v=1 run=681821333620 event=submit input_id=24 frame_id=245 t_ns=687575260860 update_cpu_ns=15025944 final=0
K230_CARD_BENCH v=1 run=681821333620 event=submit input_id=23 frame_id=245 t_ns=687575260860 update_cpu_ns=15025944 final=0
K230_CARD_BENCH v=1 run=681821333620 event=submit input_id=22 frame_id=245 t_ns=687575260860 update_cpu_ns=15025944 final=0
K230_CARD_BENCH v=1 run=681821333620 event=present frame_id=244 t_ns=687561080000 presented=1 clock=monotonic
K230_CARD_BENCH v=1 run=681821333620 event=input input_id=27 gesture_id=2 kind=motion t_ns=687557078332 source=injected
K230_CARD_SHELL state mode=2 actions=1 message=0 cards=1
K230_CARD_BENCH v=1 run=681821333620 event=input input_id=26 gesture_id=2 kind=motion t_ns=687554533250 source=injected
K230_CARD_SHELL state mode=2 actions=1 message=0 cards=1
K230_CARD_BENCH v=1 run=681821333620 event=input input_id=25 gesture_id=2 kind=motion t_ns=687552871219 source=injected
K230_CARD_SHELL state mode=2 actions=1 message=0 cards=1
K230_CARD_BENCH v=1 run=681821333620 event=input input_id=24 gesture_id=2 kind=motion t_ns=687552385417 source=injected
K230_CARD_SHELL state mode=2 actions=1 message=0 cards=1
K230_CARD_BENCH v=1 run=681821333620 event=input input_id=23 gesture_id=2 kind=motion t_ns=687550829791 source=injected
K230_CARD_SHELL state mode=2 actions=1 message=0 cards=1
K230_CARD_BENCH v=1 run=681821333620 event=input input_id=22 gesture_id=2 kind=motion t_ns=687550398802 source=injected
K230_CARD_SHELL state mode=2 actions=1 message=0 cards=1
K230_CARD_BENCH v=1 run=681821333620 event=present frame_id=243 t_ns=687522759000 presented=1 clock=monotonic
K230_CARD_SHELL frame-cost run=681821333620 frame_id=243 total_cpu_ns=15156933 render_cpu_ns=13856821 input_cpu_ns=1097446
K230_CARD_BENCH v=1 run=681821333620 event=submit input_id=21 frame_id=243 t_ns=687519444976 update_cpu_ns=15156933 final=0
K230_CARD_BENCH v=1 run=681821333620 event=submit input_id=20 frame_id=243 t_ns=687519444976 update_cpu_ns=15156933 final=0
K230_CARD_BENCH v=1 run=681821333620 event=submit input_id=19 frame_id=243 t_ns=687519444976 update_cpu_ns=15156933 final=0
K230_CARD_BENCH v=1 run=681821333620 event=present frame_id=242 t_ns=687503598000 presented=1 clock=monotonic
K230_CARD_BENCH v=1 run=681821333620 event=input input_id=21 gesture_id=2 kind=motion t_ns=687498198453 source=injected
K230_CARD_SHELL state mode=2 actions=1 message=0 cards=1
K230_CARD_BENCH v=1 run=681821333620 event=input input_id=20 gesture_id=2 kind=motion t_ns=687496254985 source=injected
K230_CARD_SHELL state mode=2 actions=1 message=0 cards=1
K230_CARD_BENCH v=1 run=681821333620 event=input input_id=19 gesture_id=2 kind=motion t_ns=687494229926 source=injected
K230_CARD_SHELL state mode=2 actions=1 message=0 cards=1
K230_CARD_SHELL frame-cost run=681821333620 frame_id=242 total_cpu_ns=14758837 render_cpu_ns=14039541 input_cpu_ns=565853
K230_CARD_BENCH v=1 run=681821333620 event=submit input_id=18 frame_id=242 t_ns=687493451095 update_cpu_ns=14758837 final=0
K230_CARD_BENCH v=1 run=681821333620 event=submit input_id=17 frame_id=242 t_ns=687493451095 update_cpu_ns=14758837 final=0
K230_CARD_BENCH v=1 run=681821333620 event=present frame_id=241 t_ns=687465278000 presented=1 clock=monotonic
K230_CARD_BENCH v=1 run=681821333620 event=input input_id=18 gesture_id=2 kind=motion t_ns=687468670812 source=injected
K230_CARD_SHELL state mode=2 actions=1 message=0 cards=1
K230_CARD_BENCH v=1 run=681821333620 event=input input_id=17 gesture_id=2 kind=motion t_ns=687468252749 source=injected
K230_CARD_SHELL state mode=2 actions=1 message=0 cards=1
K230_CARD_SHELL frame-cost run=681821333620 frame_id=241 total_cpu_ns=15173330 render_cpu_ns=13963703 input_cpu_ns=1020740
K230_CARD_BENCH v=1 run=681821333620 event=submit input_id=16 frame_id=241 t_ns=687461711733 update_cpu_ns=15173330 final=0
K230_CARD_BENCH v=1 run=681821333620 event=submit input_id=15 frame_id=241 t_ns=687461711733 update_cpu_ns=15173330 final=0
K230_CARD_BENCH v=1 run=681821333620 event=submit input_id=14 frame_id=241 t_ns=687461711733 update_cpu_ns=15173330 final=0
K230_CARD_BENCH v=1 run=681821333620 event=submit input_id=13 frame_id=241 t_ns=687461711733 update_cpu_ns=15173330 final=0
K230_CARD_BENCH v=1 run=681821333620 event=present frame_id=240 t_ns=687446118000 presented=1 clock=monotonic
K230_CARD_BENCH v=1 run=681821333620 event=input input_id=16 gesture_id=2 kind=motion t_ns=687445017722 source=injected
K230_CARD_SHELL state mode=2 actions=1 message=0 cards=1
K230_CARD_BENCH v=1 run=681821333620 event=input input_id=15 gesture_id=2 kind=motion t_ns=687436841046 source=injected
K230_CARD_SHELL state mode=2 actions=1 message=0 cards=1
K230_CARD_BENCH v=1 run=681821333620 event=input input_id=14 gesture_id=2 kind=motion t_ns=687435894404 source=injected
K230_CARD_SHELL state mode=2 actions=1 message=0 cards=1
K230_CARD_BENCH v=1 run=681821333620 event=input input_id=13 gesture_id=2 kind=motion t_ns=687434172485 source=injected
K230_CARD_SHELL state mode=2 actions=1 message=0 cards=1
K230_CARD_SHELL frame-cost run=681821333620 frame_id=240 total_cpu_ns=14415217 render_cpu_ns=13836775 input_cpu_ns=383814
K230_CARD_BENCH v=1 run=681821333620 event=submit input_id=12 frame_id=240 t_ns=687432508565 update_cpu_ns=14415217 final=0
K230_CARD_BENCH v=1 run=681821333620 event=submit input_id=11 frame_id=240 t_ns=687432508565 update_cpu_ns=14415217 final=0
K230_CARD_BENCH v=1 run=681821333620 event=present frame_id=239 t_ns=687407795000 presented=1 clock=monotonic
K230_CARD_BENCH v=1 run=681821333620 event=input input_id=12 gesture_id=2 kind=motion t_ns=687408183641 source=injected
K230_CARD_SHELL state mode=2 actions=1 message=0 cards=1
K230_CARD_BENCH v=1 run=681821333620 event=input input_id=11 gesture_id=2 kind=motion t_ns=687405442638 source=injected
K230_CARD_SHELL state mode=2 actions=1 message=0 cards=1
K230_CARD_BENCH v=1 run=681821333620 event=present frame_id=238 t_ns=687388634000 presented=1 clock=monotonic
K230_CARD_SHELL state mode=2 actions=1 message=0 cards=1
K230_CARD_BENCH v=1 run=681821333620 event=present frame_id=237 t_ns=687350311000 presented=1 clock=monotonic
K230_CARD_BENCH v=1 run=681821333620 event=present frame_id=236 t_ns=687331152000 presented=1 clock=monotonic
K230_CARD_BENCH v=1 run=681821333620 event=present frame_id=235 t_ns=687292831000 presented=1 clock=monotonic
K230_CARD_BENCH v=1 run=681821333620 event=present frame_id=234 t_ns=687254510000 presented=1 clock=monotonic
K230_CARD_BENCH v=1 run=681821333620 event=present frame_id=233 t_ns=687216188000 presented=1 clock=monotonic
K230_CARD_BENCH v=1 run=681821333620 event=present frame_id=232 t_ns=687177867000 presented=1 clock=monotonic
K230_CARD_BENCH v=1 run=681821333620 event=present frame_id=231 t_ns=687120385000 presented=1 clock=monotonic
K230_CARD_BENCH v=1 run=681821333620 event=present frame_id=230 t_ns=687082064000 presented=1 clock=monotonic
K230_CARD_BENCH v=1 run=681821333620 event=present frame_id=229 t_ns=687043742000 presented=1 clock=monotonic
K230_CARD_BENCH v=1 run=681821333620 event=present frame_id=228 t_ns=687005421000 presented=1 clock=monotonic
K230_CARD_BENCH v=1 run=681821333620 event=present frame_id=227 t_ns=686947940000 presented=1 clock=monotonic
K230_CARD_BENCH v=1 run=681821333620 event=present frame_id=226 t_ns=686928777000 presented=1 clock=monotonic
K230_CARD_BENCH v=1 run=681821333620 event=resource phase=active t_ns=686914990382 cpu_ns=6431503000 memory_bytes=19681280 scope=session
K230_CARD_BENCH v=1 run=681821333620 event=resource phase=active t_ns=686914990382 cpu_ns=2813826555 memory_bytes=27394048 scope=compositor
K230_CARD_BENCH v=1 run=681821333620 event=present frame_id=225 t_ns=686890456000 presented=1 clock=monotonic
K230_CARD_BENCH v=1 run=681821333620 event=present frame_id=224 t_ns=686852133000 presented=1 clock=monotonic
K230_CARD_SHELL live cards=1 commits=56 sampled=114 frame-done=114 output-presented=57
K230_CARD_BENCH v=1 run=681821333620 event=present frame_id=223 t_ns=686813812000 presented=1 clock=monotonic
K230_CARD_BENCH v=1 run=681821333620 event=present frame_id=222 t_ns=686794651000 presented=1 clock=monotonic
K230_CARD_BENCH v=1 run=681821333620 event=present frame_id=221 t_ns=686756330000 presented=1 clock=monotonic
K230_CARD_BENCH v=1 run=681821333620 event=present frame_id=220 t_ns=686737169000 presented=1 clock=monotonic
K230_CARD_BENCH v=1 run=681821333620 event=present frame_id=219 t_ns=686698847000 presented=1 clock=monotonic
K230_CARD_BENCH v=1 run=681821333620 event=present frame_id=218 t_ns=686679687000 presented=1 clock=monotonic
K230_CARD_BENCH v=1 run=681821333620 event=present frame_id=217 t_ns=686641365000 presented=1 clock=monotonic
K230_CARD_BENCH v=1 run=681821333620 event=present frame_id=216 t_ns=686622205000 presented=1 clock=monotonic
K230_CARD_BENCH v=1 run=681821333620 event=present frame_id=215 t_ns=686583882000 presented=1 clock=monotonic
K230_CARD_BENCH v=1 run=681821333620 event=present frame_id=214 t_ns=686564722000 presented=1 clock=monotonic
K230_CARD_BENCH v=1 run=681821333620 event=present frame_id=213 t_ns=686526401000 presented=1 clock=monotonic
K230_CARD_BENCH v=1 run=681821333620 event=present frame_id=212 t_ns=686507240000 presented=1 clock=monotonic
K230_CARD_BENCH v=1 run=681821333620 event=present frame_id=211 t_ns=686468919000 presented=1 clock=monotonic
K230_CARD_BENCH v=1 run=681821333620 event=present frame_id=210 t_ns=686449758000 presented=1 clock=monotonic
K230_CARD_BENCH v=1 run=681821333620 event=present frame_id=209 t_ns=686411435000 presented=1 clock=monotonic
K230_CARD_BENCH v=1 run=681821333620 event=present frame_id=208 t_ns=686392275000 presented=1 clock=monotonic
K230_CARD_BENCH v=1 run=681821333620 event=present frame_id=207 t_ns=686353954000 presented=1 clock=monotonic
K230_CARD_BENCH v=1 run=681821333620 event=present frame_id=206 t_ns=686334796000 presented=1 clock=monotonic
K230_CARD_BENCH v=1 run=681821333620 event=present frame_id=205 t_ns=686296470000 presented=1 clock=monotonic
K230_CARD_BENCH v=1 run=681821333620 event=present frame_id=204 t_ns=686277311000 presented=1 clock=monotonic
K230_CARD_BENCH v=1 run=681821333620 event=present frame_id=203 t_ns=686238988000 presented=1 clock=monotonic
K230_CARD_BENCH v=1 run=681821333620 event=present frame_id=202 t_ns=686219829000 presented=1 clock=monotonic
K230_CARD_BENCH v=1 run=681821333620 event=present frame_id=201 t_ns=686181508000 presented=1 clock=monotonic
K230_CARD_BENCH v=1 run=681821333620 event=present frame_id=200 t_ns=686162348000 presented=1 clock=monotonic
K230_CARD_BENCH v=1 run=681821333620 event=present frame_id=199 t_ns=686124046000 presented=1 clock=monotonic
K230_CARD_BENCH v=1 run=681821333620 event=present frame_id=198 t_ns=686104865000 presented=1 clock=monotonic
K230_CARD_BENCH v=1 run=681821333620 event=present frame_id=197 t_ns=686066541000 presented=1 clock=monotonic
K230_CARD_BENCH v=1 run=681821333620 event=present frame_id=196 t_ns=686047382000 presented=1 clock=monotonic
K230_CARD_BENCH v=1 run=681821333620 event=present frame_id=195 t_ns=686009061000 presented=1 clock=monotonic
K230_CARD_BENCH v=1 run=681821333620 event=present frame_id=194 t_ns=685989900000 presented=1 clock=monotonic
K230_CARD_BENCH v=1 run=681821333620 event=present frame_id=193 t_ns=685951577000 presented=1 clock=monotonic
K230_CARD_BENCH v=1 run=681821333620 event=present frame_id=192 t_ns=685932418000 presented=1 clock=monotonic
K230_CARD_BENCH v=1 run=681821333620 event=present frame_id=191 t_ns=685894095000 presented=1 clock=monotonic
K230_CARD_BENCH v=1 run=681821333620 event=resource phase=active t_ns=685894296860 cpu_ns=5748744000 memory_bytes=19677184 scope=session
K230_CARD_BENCH v=1 run=681821333620 event=resource phase=active t_ns=685894296860 cpu_ns=2303498996 memory_bytes=27394048 scope=compositor
K230_CARD_BENCH v=1 run=681821333620 event=present frame_id=190 t_ns=685874936000 presented=1 clock=monotonic
K230_CARD_BENCH v=1 run=681821333620 event=present frame_id=189 t_ns=685836614000 presented=1 clock=monotonic
K230_CARD_BENCH v=1 run=681821333620 event=present frame_id=188 t_ns=685817453000 presented=1 clock=monotonic
K230_CARD_BENCH v=1 run=681821333620 event=present frame_id=187 t_ns=685779131000 presented=1 clock=monotonic
K230_CARD_BENCH v=1 run=681821333620 event=present frame_id=186 t_ns=685759971000 presented=1 clock=monotonic
K230_CARD_BENCH v=1 run=681821333620 event=present frame_id=185 t_ns=685721648000 presented=1 clock=monotonic
K230_CARD_BENCH v=1 run=681821333620 event=present frame_id=184 t_ns=685702489000 presented=1 clock=monotonic
K230_CARD_BENCH v=1 run=681821333620 event=present frame_id=183 t_ns=685664170000 presented=1 clock=monotonic
K230_CARD_BENCH v=1 run=681821333620 event=present frame_id=182 t_ns=685645007000 presented=1 clock=monotonic
K230_CARD_BENCH v=1 run=681821333620 event=present frame_id=181 t_ns=685606685000 presented=1 clock=monotonic
K230_CARD_BENCH v=1 run=681821333620 event=present frame_id=180 t_ns=685587524000 presented=1 clock=monotonic
K230_CARD_BENCH v=1 run=681821333620 event=present frame_id=179 t_ns=685549202000 presented=1 clock=monotonic
K230_CARD_BENCH v=1 run=681821333620 event=present frame_id=178 t_ns=685530042000 presented=1 clock=monotonic
K230_CARD_BENCH v=1 run=681821333620 event=present frame_id=177 t_ns=685491720000 presented=1 clock=monotonic
K230_CARD_BENCH v=1 run=681821333620 event=present frame_id=176 t_ns=685472560000 presented=1 clock=monotonic
K230_CARD_BENCH v=1 run=681821333620 event=present frame_id=175 t_ns=685434238000 presented=1 clock=monotonic
K230_CARD_BENCH v=1 run=681821333620 event=present frame_id=174 t_ns=685415078000 presented=1 clock=monotonic
K230_CARD_BENCH v=1 run=681821333620 event=present frame_id=173 t_ns=685376756000 presented=1 clock=monotonic
K230_CARD_BENCH v=1 run=681821333620 event=present frame_id=172 t_ns=685357596000 presented=1 clock=monotonic
K230_CARD_BENCH v=1 run=681821333620 event=present frame_id=171 t_ns=685319274000 presented=1 clock=monotonic
K230_CARD_BENCH v=1 run=681821333620 event=present frame_id=170 t_ns=685300114000 presented=1 clock=monotonic
K230_CARD_BENCH v=1 run=681821333620 event=present frame_id=169 t_ns=685261793000 presented=1 clock=monotonic
K230_CARD_SHELL frame-cost run=681821333620 frame_id=169 total_cpu_ns=15507973 render_cpu_ns=15273046 input_cpu_ns=38297
K230_CARD_BENCH v=1 run=681821333620 event=submit input_id=10 frame_id=169 t_ns=685260477635 update_cpu_ns=15507973 final=1
K230_CARD_BENCH v=1 run=681821333620 event=submit input_id=9 frame_id=169 t_ns=685260477635 update_cpu_ns=15507973 final=0
K230_CARD_BENCH v=1 run=681821333620 event=submit input_id=8 frame_id=169 t_ns=685260477635 update_cpu_ns=15507973 final=0
K230_CARD_BENCH v=1 run=681821333620 event=submit input_id=7 frame_id=169 t_ns=685260477635 update_cpu_ns=15507973 final=0
K230_CARD_BENCH v=1 run=681821333620 event=submit input_id=6 frame_id=169 t_ns=685260477635 update_cpu_ns=15507973 final=0
K230_CARD_BENCH v=1 run=681821333620 event=submit input_id=5 frame_id=169 t_ns=685260477635 update_cpu_ns=15507973 final=0
K230_CARD_BENCH v=1 run=681821333620 event=submit input_id=4 frame_id=169 t_ns=685260477635 update_cpu_ns=15507973 final=0
K230_CARD_BENCH v=1 run=681821333620 event=submit input_id=3 frame_id=169 t_ns=685260477635 update_cpu_ns=15507973 final=0
K230_CARD_BENCH v=1 run=681821333620 event=submit input_id=2 frame_id=169 t_ns=685260477635 update_cpu_ns=15507973 final=0
K230_CARD_BENCH v=1 run=681821333620 event=present frame_id=168 t_ns=685242631000 presented=1 clock=monotonic
K230_CARD_BENCH v=1 run=681821333620 event=input input_id=10 gesture_id=1 kind=release t_ns=685238539342 source=injected
K230_CARD_BENCH v=1 run=681821333620 event=input input_id=9 gesture_id=1 kind=motion t_ns=685237988208 source=injected
K230_CARD_BENCH v=1 run=681821333620 event=input input_id=8 gesture_id=1 kind=motion t_ns=685235686044 source=injected
K230_CARD_BENCH v=1 run=681821333620 event=input input_id=7 gesture_id=1 kind=motion t_ns=685235615713 source=injected
K230_CARD_BENCH v=1 run=681821333620 event=input input_id=6 gesture_id=1 kind=motion t_ns=685235531048 source=injected
K230_CARD_BENCH v=1 run=681821333620 event=input input_id=5 gesture_id=1 kind=motion t_ns=685235433532 source=injected
K230_CARD_BENCH v=1 run=681821333620 event=input input_id=4 gesture_id=1 kind=motion t_ns=685235282388 source=injected
K230_CARD_BENCH v=1 run=681821333620 event=input input_id=3 gesture_id=1 kind=motion t_ns=685234374966 source=injected
K230_CARD_BENCH v=1 run=681821333620 event=input input_id=2 gesture_id=1 kind=motion t_ns=685233488174 source=injected
K230_CARD_SHELL frame-cost run=681821333620 frame_id=168 total_cpu_ns=48071815 render_cpu_ns=15260997 input_cpu_ns=32715225
K230_CARD_BENCH v=1 run=681821333620 event=submit input_id=1 frame_id=168 t_ns=685231082273 update_cpu_ns=48071815 final=0
K230_CARD_BENCH v=1 run=681821333620 event=present frame_id=167 t_ns=685165989000 presented=1 clock=monotonic
K230_CARD_BENCH v=1 run=681821333620 event=input input_id=1 gesture_id=1 kind=motion t_ns=685166500807 source=injected
K230_CARD_SHELL state mode=1 actions=35 message=0 cards=1
K230_CARD_SHELL mirror id=7 format=34325258 width=128 height=96 stride=512
K230_CARD_SHELL mirror id=7 format=34325258 width=520 height=1040 stride=2080
K230_CARD_BENCH v=1 run=681821333620 event=session t_ns=685166500807 clock=monotonic backend=drm renderer=pixman width=568 height=1232 output_format=RGB565 input=injected cards=1
K230_CARD_BENCH v=1 run=681821333620 event=present frame_id=166 t_ns=685146829000 presented=1 clock=monotonic
K230_CARD_BENCH v=1 run=681821333620 event=present frame_id=165 t_ns=685127668000 presented=1 clock=monotonic
K230_CARD_BENCH v=1 run=681821333620 event=present frame_id=164 t_ns=685108506000 presented=1 clock=monotonic
K230_CARD_BENCH v=1 run=681821333620 event=present frame_id=163 t_ns=685089345000 presented=1 clock=monotonic
K230_CARD_BENCH v=1 run=681821333620 event=present frame_id=162 t_ns=685051024000 presented=1 clock=monotonic
K230_CARD_BENCH v=1 run=681821333620 event=present frame_id=161 t_ns=685031863000 presented=1 clock=monotonic
K230_CARD_BENCH v=1 run=681821333620 event=present frame_id=160 t_ns=685012702000 presented=1 clock=monotonic
K230_CARD_BENCH v=1 run=681821333620 event=present frame_id=159 t_ns=684974379000 presented=1 clock=monotonic
K230_CARD_BENCH v=1 run=681821333620 event=present frame_id=158 t_ns=684955219000 presented=1 clock=monotonic
K230_CARD_BENCH v=1 run=681821333620 event=present frame_id=157 t_ns=684936060000 presented=1 clock=monotonic
K230_CARD_BENCH v=1 run=681821333620 event=present frame_id=156 t_ns=684916899000 presented=1 clock=monotonic
K230_CARD_BENCH v=1 run=681821333620 event=present frame_id=155 t_ns=684897737000 presented=1 clock=monotonic
K230_CARD_BENCH v=1 run=681821333620 event=present frame_id=154 t_ns=684878577000 presented=1 clock=monotonic
K230_CARD_BENCH v=1 run=681821333620 event=present frame_id=153 t_ns=684859416000 presented=1 clock=monotonic
K230_CARD_BENCH v=1 run=681821333620 event=resource phase=baseline t_ns=684859598179 cpu_ns=4983797000 memory_bytes=19238912 scope=session
K230_CARD_BENCH v=1 run=681821333620 event=resource phase=baseline t_ns=684859598179 cpu_ns=1785760866 memory_bytes=26869760 scope=compositor
K230_CARD_BENCH v=1 run=681821333620 event=present frame_id=152 t_ns=684840257000 presented=1 clock=monotonic
K230_CARD_BENCH v=1 run=681821333620 event=present frame_id=151 t_ns=684801934000 presented=1 clock=monotonic
K230_CARD_BENCH v=1 run=681821333620 event=present frame_id=150 t_ns=684782773000 presented=1 clock=monotonic
K230_CARD_BENCH v=1 run=681821333620 event=present frame_id=149 t_ns=684763613000 presented=1 clock=monotonic
K230_CARD_BENCH v=1 run=681821333620 event=present frame_id=148 t_ns=684744452000 presented=1 clock=monotonic
K230_CARD_BENCH v=1 run=681821333620 event=present frame_id=147 t_ns=684725291000 presented=1 clock=monotonic
K230_CARD_BENCH v=1 run=681821333620 event=present frame_id=146 t_ns=684706131000 presented=1 clock=monotonic
K230_CARD_BENCH v=1 run=681821333620 event=present frame_id=145 t_ns=684686969000 presented=1 clock=monotonic
K230_CARD_BENCH v=1 run=681821333620 event=present frame_id=144 t_ns=684667809000 presented=1 clock=monotonic
K230_CARD_BENCH v=1 run=681821333620 event=present frame_id=143 t_ns=684648648000 presented=1 clock=monotonic
K230_CARD_BENCH v=1 run=681821333620 event=present frame_id=142 t_ns=684610327000 presented=1 clock=monotonic
K230_CARD_BENCH v=1 run=681821333620 event=present frame_id=141 t_ns=684591165000 presented=1 clock=monotonic
K230_CARD_BENCH v=1 run=681821333620 event=present frame_id=140 t_ns=684572003000 presented=1 clock=monotonic
K230_CARD_BENCH v=1 run=681821333620 event=present frame_id=139 t_ns=684552845000 presented=1 clock=monotonic
K230_CARD_BENCH v=1 run=681821333620 event=present frame_id=138 t_ns=684533684000 presented=1 clock=monotonic
K230_CARD_BENCH v=1 run=681821333620 event=present frame_id=137 t_ns=684514522000 presented=1 clock=monotonic
K230_CARD_BENCH v=1 run=681821333620 event=present frame_id=136 t_ns=684495362000 presented=1 clock=monotonic
K230_CARD_BENCH v=1 run=681821333620 event=present frame_id=135 t_ns=684476201000 presented=1 clock=monotonic
K230_CARD_BENCH v=1 run=681821333620 event=present frame_id=134 t_ns=684437880000 presented=1 clock=monotonic
K230_CARD_BENCH v=1 run=681821333620 event=present frame_id=133 t_ns=684418718000 presented=1 clock=monotonic
K230_CARD_BENCH v=1 run=681821333620 event=present frame_id=132 t_ns=684399558000 presented=1 clock=monotonic
K230_CARD_BENCH v=1 run=681821333620 event=present frame_id=131 t_ns=684380398000 presented=1 clock=monotonic
K230_CARD_BENCH v=1 run=681821333620 event=present frame_id=130 t_ns=684361237000 presented=1 clock=monotonic
K230_CARD_BENCH v=1 run=681821333620 event=present frame_id=129 t_ns=684342077000 presented=1 clock=monotonic
K230_CARD_BENCH v=1 run=681821333620 event=present frame_id=128 t_ns=684322915000 presented=1 clock=monotonic
K230_CARD_BENCH v=1 run=681821333620 event=present frame_id=127 t_ns=684284594000 presented=1 clock=monotonic
K230_CARD_BENCH v=1 run=681821333620 event=present frame_id=126 t_ns=684265433000 presented=1 clock=monotonic
K230_CARD_BENCH v=1 run=681821333620 event=present frame_id=125 t_ns=684246271000 presented=1 clock=monotonic
K230_CARD_BENCH v=1 run=681821333620 event=present frame_id=124 t_ns=684227111000 presented=1 clock=monotonic
K230_CARD_BENCH v=1 run=681821333620 event=present frame_id=123 t_ns=684207950000 presented=1 clock=monotonic
K230_CARD_BENCH v=1 run=681821333620 event=present frame_id=122 t_ns=684188789000 presented=1 clock=monotonic
K230_CARD_BENCH v=1 run=681821333620 event=present frame_id=121 t_ns=684169629000 presented=1 clock=monotonic
K230_CARD_BENCH v=1 run=681821333620 event=present frame_id=120 t_ns=684150468000 presented=1 clock=monotonic
K230_CARD_BENCH v=1 run=681821333620 event=present frame_id=119 t_ns=684131307000 presented=1 clock=monotonic
K230_CARD_BENCH v=1 run=681821333620 event=present frame_id=118 t_ns=684112147000 presented=1 clock=monotonic
K230_CARD_BENCH v=1 run=681821333620 event=present frame_id=117 t_ns=684073823000 presented=1 clock=monotonic
K230_CARD_BENCH v=1 run=681821333620 event=present frame_id=116 t_ns=684054664000 presented=1 clock=monotonic
K230_CARD_BENCH v=1 run=681821333620 event=present frame_id=115 t_ns=684035504000 presented=1 clock=monotonic
K230_CARD_BENCH v=1 run=681821333620 event=present frame_id=114 t_ns=684016344000 presented=1 clock=monotonic
K230_CARD_BENCH v=1 run=681821333620 event=present frame_id=113 t_ns=683997183000 presented=1 clock=monotonic
K230_CARD_BENCH v=1 run=681821333620 event=present frame_id=112 t_ns=683978022000 presented=1 clock=monotonic
K230_CARD_BENCH v=1 run=681821333620 event=present frame_id=111 t_ns=683958862000 presented=1 clock=monotonic
K230_CARD_BENCH v=1 run=681821333620 event=present frame_id=110 t_ns=683939699000 presented=1 clock=monotonic
K230_CARD_BENCH v=1 run=681821333620 event=present frame_id=109 t_ns=683920540000 presented=1 clock=monotonic
K230_CARD_BENCH v=1 run=681821333620 event=present frame_id=108 t_ns=683882218000 presented=1 clock=monotonic
K230_CARD_BENCH v=1 run=681821333620 event=present frame_id=107 t_ns=683863057000 presented=1 clock=monotonic
K230_CARD_BENCH v=1 run=681821333620 event=present frame_id=106 t_ns=683843897000 presented=1 clock=monotonic
K230_CARD_BENCH v=1 run=681821333620 event=resource phase=baseline t_ns=683844090827 cpu_ns=4091989000 memory_bytes=19238912 scope=session
K230_CARD_BENCH v=1 run=681821333620 event=resource phase=baseline t_ns=683844090827 cpu_ns=1354081497 memory_bytes=26869760 scope=compositor
K230_CARD_BENCH v=1 run=681821333620 event=present frame_id=105 t_ns=683824736000 presented=1 clock=monotonic
K230_CARD_BENCH v=1 run=681821333620 event=present frame_id=104 t_ns=683805575000 presented=1 clock=monotonic
K230_CARD_BENCH v=1 run=681821333620 event=present frame_id=103 t_ns=683786414000 presented=1 clock=monotonic
K230_CARD_BENCH v=1 run=681821333620 event=present frame_id=102 t_ns=683767253000 presented=1 clock=monotonic
K230_CARD_BENCH v=1 run=681821333620 event=present frame_id=101 t_ns=683748093000 presented=1 clock=monotonic
K230_CARD_BENCH v=1 run=681821333620 event=present frame_id=100 t_ns=683709771000 presented=1 clock=monotonic
K230_CARD_BENCH v=1 run=681821333620 event=present frame_id=99 t_ns=683690611000 presented=1 clock=monotonic
K230_CARD_BENCH v=1 run=681821333620 event=present frame_id=98 t_ns=683671448000 presented=1 clock=monotonic
K230_CARD_BENCH v=1 run=681821333620 event=present frame_id=97 t_ns=683652289000 presented=1 clock=monotonic
K230_CARD_BENCH v=1 run=681821333620 event=present frame_id=96 t_ns=683633129000 presented=1 clock=monotonic
K230_CARD_BENCH v=1 run=681821333620 event=present frame_id=95 t_ns=683613967000 presented=1 clock=monotonic
K230_CARD_BENCH v=1 run=681821333620 event=present frame_id=94 t_ns=683594807000 presented=1 clock=monotonic
K230_CARD_BENCH v=1 run=681821333620 event=present frame_id=93 t_ns=683575646000 presented=1 clock=monotonic
K230_CARD_BENCH v=1 run=681821333620 event=present frame_id=92 t_ns=683537324000 presented=1 clock=monotonic
K230_CARD_BENCH v=1 run=681821333620 event=present frame_id=91 t_ns=683518163000 presented=1 clock=monotonic
K230_CARD_BENCH v=1 run=681821333620 event=present frame_id=90 t_ns=683499003000 presented=1 clock=monotonic
K230_CARD_BENCH v=1 run=681821333620 event=present frame_id=89 t_ns=683479842000 presented=1 clock=monotonic
K230_CARD_BENCH v=1 run=681821333620 event=present frame_id=88 t_ns=683460681000 presented=1 clock=monotonic
K230_CARD_BENCH v=1 run=681821333620 event=present frame_id=87 t_ns=683441521000 presented=1 clock=monotonic
K230_CARD_BENCH v=1 run=681821333620 event=present frame_id=86 t_ns=683403199000 presented=1 clock=monotonic
K230_CARD_BENCH v=1 run=681821333620 event=present frame_id=85 t_ns=683384049000 presented=1 clock=monotonic
K230_CARD_BENCH v=1 run=681821333620 event=present frame_id=84 t_ns=683364878000 presented=1 clock=monotonic
K230_CARD_BENCH v=1 run=681821333620 event=present frame_id=83 t_ns=683345717000 presented=1 clock=monotonic
K230_CARD_BENCH v=1 run=681821333620 event=present frame_id=82 t_ns=683326556000 presented=1 clock=monotonic
K230_CARD_BENCH v=1 run=681821333620 event=present frame_id=81 t_ns=683307395000 presented=1 clock=monotonic
K230_CARD_BENCH v=1 run=681821333620 event=present frame_id=80 t_ns=683288235000 presented=1 clock=monotonic
K230_CARD_BENCH v=1 run=681821333620 event=present frame_id=79 t_ns=683269074000 presented=1 clock=monotonic
K230_CARD_BENCH v=1 run=681821333620 event=present frame_id=78 t_ns=683249913000 presented=1 clock=monotonic
K230_CARD_BENCH v=1 run=681821333620 event=present frame_id=77 t_ns=683211592000 presented=1 clock=monotonic
K230_CARD_BENCH v=1 run=681821333620 event=present frame_id=76 t_ns=683192430000 presented=1 clock=monotonic
K230_CARD_BENCH v=1 run=681821333620 event=present frame_id=75 t_ns=683173270000 presented=1 clock=monotonic
K230_CARD_BENCH v=1 run=681821333620 event=present frame_id=74 t_ns=683154110000 presented=1 clock=monotonic
K230_CARD_BENCH v=1 run=681821333620 event=present frame_id=73 t_ns=683134948000 presented=1 clock=monotonic
K230_CARD_BENCH v=1 run=681821333620 event=present frame_id=72 t_ns=683115788000 presented=1 clock=monotonic
K230_CARD_BENCH v=1 run=681821333620 event=present frame_id=71 t_ns=683096626000 presented=1 clock=monotonic
K230_CARD_BENCH v=1 run=681821333620 event=present frame_id=70 t_ns=683077466000 presented=1 clock=monotonic
K230_CARD_BENCH v=1 run=681821333620 event=present frame_id=69 t_ns=683039144000 presented=1 clock=monotonic
K230_CARD_BENCH v=1 run=681821333620 event=present frame_id=68 t_ns=683019984000 presented=1 clock=monotonic
K230_CARD_BENCH v=1 run=681821333620 event=present frame_id=67 t_ns=683000823000 presented=1 clock=monotonic
K230_CARD_BENCH v=1 run=681821333620 event=present frame_id=66 t_ns=682981662000 presented=1 clock=monotonic
K230_CARD_BENCH v=1 run=681821333620 event=present frame_id=65 t_ns=682962500000 presented=1 clock=monotonic
K230_CARD_BENCH v=1 run=681821333620 event=present frame_id=64 t_ns=682943341000 presented=1 clock=monotonic
K230_CARD_BENCH v=1 run=681821333620 event=present frame_id=63 t_ns=682924180000 presented=1 clock=monotonic
K230_CARD_BENCH v=1 run=681821333620 event=present frame_id=62 t_ns=682905019000 presented=1 clock=monotonic
K230_CARD_BENCH v=1 run=681821333620 event=present frame_id=61 t_ns=682885858000 presented=1 clock=monotonic
K230_CARD_BENCH v=1 run=681821333620 event=present frame_id=60 t_ns=682847537000 presented=1 clock=monotonic
K230_CARD_BENCH v=1 run=681821333620 event=present frame_id=59 t_ns=682828379000 presented=1 clock=monotonic
K230_CARD_BENCH v=1 run=681821333620 event=resource phase=baseline t_ns=682828139560 cpu_ns=3208144000 memory_bytes=19238912 scope=session
K230_CARD_BENCH v=1 run=681821333620 event=resource phase=baseline t_ns=682828139560 cpu_ns=922443315 memory_bytes=26869760 scope=compositor
K230_CARD_BENCH v=1 run=681821333620 event=present frame_id=58 t_ns=682809216000 presented=1 clock=monotonic
K230_CARD_BENCH v=1 run=681821333620 event=present frame_id=57 t_ns=682790056000 presented=1 clock=monotonic
K230_CARD_BENCH v=1 run=681821333620 event=present frame_id=56 t_ns=682770894000 presented=1 clock=monotonic
K230_CARD_BENCH v=1 run=681821333620 event=present frame_id=55 t_ns=682751733000 presented=1 clock=monotonic
K230_CARD_BENCH v=1 run=681821333620 event=present frame_id=54 t_ns=682732573000 presented=1 clock=monotonic
K230_CARD_BENCH v=1 run=681821333620 event=present frame_id=53 t_ns=682694251000 presented=1 clock=monotonic
K230_CARD_BENCH v=1 run=681821333620 event=present frame_id=52 t_ns=682675089000 presented=1 clock=monotonic
K230_CARD_BENCH v=1 run=681821333620 event=present frame_id=51 t_ns=682655929000 presented=1 clock=monotonic
K230_CARD_BENCH v=1 run=681821333620 event=present frame_id=50 t_ns=682636768000 presented=1 clock=monotonic
K230_CARD_BENCH v=1 run=681821333620 event=present frame_id=49 t_ns=682617608000 presented=1 clock=monotonic
K230_CARD_BENCH v=1 run=681821333620 event=present frame_id=48 t_ns=682598448000 presented=1 clock=monotonic
K230_CARD_BENCH v=1 run=681821333620 event=present frame_id=47 t_ns=682579287000 presented=1 clock=monotonic
K230_CARD_BENCH v=1 run=681821333620 event=present frame_id=46 t_ns=682560138000 presented=1 clock=monotonic
K230_CARD_BENCH v=1 run=681821333620 event=present frame_id=45 t_ns=682540965000 presented=1 clock=monotonic
K230_CARD_BENCH v=1 run=681821333620 event=present frame_id=44 t_ns=682502647000 presented=1 clock=monotonic
K230_CARD_BENCH v=1 run=681821333620 event=present frame_id=43 t_ns=682483481000 presented=1 clock=monotonic
K230_CARD_BENCH v=1 run=681821333620 event=present frame_id=42 t_ns=682464321000 presented=1 clock=monotonic
K230_CARD_BENCH v=1 run=681821333620 event=present frame_id=41 t_ns=682445161000 presented=1 clock=monotonic
K230_CARD_BENCH v=1 run=681821333620 event=present frame_id=40 t_ns=682426001000 presented=1 clock=monotonic
K230_CARD_BENCH v=1 run=681821333620 event=present frame_id=39 t_ns=682406839000 presented=1 clock=monotonic
K230_CARD_BENCH v=1 run=681821333620 event=present frame_id=38 t_ns=682387679000 presented=1 clock=monotonic
K230_CARD_BENCH v=1 run=681821333620 event=present frame_id=37 t_ns=682349358000 presented=1 clock=monotonic
K230_CARD_BENCH v=1 run=681821333620 event=present frame_id=36 t_ns=682330197000 presented=1 clock=monotonic
K230_CARD_BENCH v=1 run=681821333620 event=present frame_id=35 t_ns=682311036000 presented=1 clock=monotonic
K230_CARD_BENCH v=1 run=681821333620 event=present frame_id=34 t_ns=682291875000 presented=1 clock=monotonic
K230_CARD_BENCH v=1 run=681821333620 event=present frame_id=33 t_ns=682272714000 presented=1 clock=monotonic
K230_CARD_BENCH v=1 run=681821333620 event=present frame_id=32 t_ns=682253554000 presented=1 clock=monotonic
K230_CARD_BENCH v=1 run=681821333620 event=present frame_id=31 t_ns=682215233000 presented=1 clock=monotonic
K230_CARD_BENCH v=1 run=681821333620 event=present frame_id=30 t_ns=682196072000 presented=1 clock=monotonic
K230_CARD_BENCH v=1 run=681821333620 event=present frame_id=29 t_ns=682176911000 presented=1 clock=monotonic
K230_CARD_BENCH v=1 run=681821333620 event=present frame_id=28 t_ns=682157750000 presented=1 clock=monotonic
K230_CARD_BENCH v=1 run=681821333620 event=present frame_id=27 t_ns=682138590000 presented=1 clock=monotonic
K230_CARD_BENCH v=1 run=681821333620 event=present frame_id=26 t_ns=682119428000 presented=1 clock=monotonic
K230_CARD_BENCH v=1 run=681821333620 event=present frame_id=25 t_ns=682100268000 presented=1 clock=monotonic
K230_CARD_BENCH v=1 run=681821333620 event=present frame_id=24 t_ns=682081106000 presented=1 clock=monotonic
K230_CARD_BENCH v=1 run=681821333620 event=present frame_id=23 t_ns=682061947000 presented=1 clock=monotonic
K230_CARD_BENCH v=1 run=681821333620 event=present frame_id=22 t_ns=682023625000 presented=1 clock=monotonic
K230_CARD_BENCH v=1 run=681821333620 event=present frame_id=21 t_ns=682004465000 presented=1 clock=monotonic
K230_CARD_BENCH v=1 run=681821333620 event=present frame_id=20 t_ns=681985303000 presented=1 clock=monotonic
K230_CARD_BENCH v=1 run=681821333620 event=present frame_id=19 t_ns=681966142000 presented=1 clock=monotonic
K230_CARD_BENCH v=1 run=681821333620 event=present frame_id=18 t_ns=681946982000 presented=1 clock=monotonic
K230_CARD_BENCH v=1 run=681821333620 event=present frame_id=17 t_ns=681927823000 presented=1 clock=monotonic
K230_CARD_BENCH v=1 run=681821333620 event=present frame_id=16 t_ns=681908660000 presented=1 clock=monotonic
K230_CARD_BENCH v=1 run=681821333620 event=present frame_id=15 t_ns=681889499000 presented=1 clock=monotonic
K230_CARD_BENCH v=1 run=681821333620 event=present frame_id=14 t_ns=681851179000 presented=1 clock=monotonic
K230_CARD_SHELL input=injected operation=benchmark accepted=1
K230_CARD_BENCH v=1 run=681821333620 event=resource phase=baseline t_ns=681821480542 cpu_ns=2330089000 memory_bytes=19611648 scope=session
K230_CARD_BENCH v=1 run=681821333620 event=resource phase=baseline t_ns=681821480542 cpu_ns=496355610 memory_bytes=22413312 scope=compositor
K230_CARD_SHELL map id=7 class=2
K230_CARD_SHELL state mode=0 actions=32 message=0 cards=1
K230_CARD_SHELL unmap id=5
K230_CARD_SHELL state mode=0 actions=32 message=0 cards=0
K230_CARD_SHELL map id=5 class=2
K230_CARD_SHELL state mode=0 actions=32 message=0 cards=1
