K230_CARD_SHELL restored focus=11 message=0
K230_CARD_SHELL mirror-release id=13
K230_CARD_SHELL mirror-release id=11
K230_CARD_SHELL live cards=2 commits=1664 sampled=3307 frame-done=3473 output-presented=1750
K230_CARD_SHELL live cards=2 commits=1664 sampled=3307 frame-done=3423 output-presented=1700
K230_CARD_SHELL state mode=1 actions=35 message=0 cards=2
K230_CARD_SHELL mirror id=13 format=34325241 width=568 height=744 stride=2304
K230_CARD_SHELL mirror id=11 format=34325241 width=568 height=1144 stride=2304
K230_CARD_SHELL restored focus=13 message=0
K230_CARD_SHELL mirror-release id=13
K230_CARD_SHELL mirror-release id=11
K230_CARD_SHELL live cards=2 commits=1663 sampled=3303 frame-done=3369 output-presented=1649
K230_CARD_SHELL state mode=1 actions=35 message=0 cards=2
K230_CARD_SHELL mirror id=13 format=34325241 width=568 height=1144 stride=2304
K230_CARD_SHELL mirror id=11 format=34325241 width=568 height=1144 stride=2304
K230_CARD_SHELL map id=13 class=2
K230_CARD_SHELL state mode=0 actions=32 message=0 cards=2
K230_CARD_SHELL map id=11 class=2
K230_CARD_SHELL state mode=0 actions=32 message=0 cards=1
K230_CARD_SHELL unmap id=7
K230_CARD_SHELL state mode=0 actions=32 message=0 cards=0
K230_CARD_SHELL restored focus=7 message=0
K230_CARD_SHELL mirror-release id=7
K230_CARD_SHELL mirror-release id=7
K230_CARD_SHELL live cards=1 commits=1660 sampled=3299 frame-done=3317 output-presented=1598
K230_CARD_SHELL live cards=1 commits=1614 sampled=3207 frame-done=3225 output-presented=1552
K230_CARD_SHELL unmap id=9
K230_CARD_SHELL state mode=1 actions=33 message=9 cards=1
K230_CARD_SHELL source-gone id=9
K230_CARD_SHELL mirror-release id=9
K230_CARD_SHELL mirror-release id=9
K230_CARD_SHELL state mode=3 actions=17 message=4 cards=2
K230_CARD_SHELL close-request id=9
K230_CARD_SHELL live cards=2 commits=1572 sampled=3123 frame-done=3141 output-presented=1510
K230_CARD_SHELL state mode=1 actions=1 message=0 cards=2
K230_CARD_SHELL live cards=2 commits=1528 sampled=3039 frame-done=3057 output-presented=1468
K230_CARD_SHELL live cards=2 commits=1482 sampled=2943 frame-done=2959 output-presented=1419
K230_CARD_SHELL state mode=1 actions=1 message=6 cards=2
K230_CARD_SHELL live cards=2 commits=1438 sampled=2857 frame-done=2873 output-presented=1376
K230_CARD_SHELL live cards=2 commits=1398 sampled=2775 frame-done=2791 output-presented=1335
K230_CARD_SHELL state mode=3 actions=17 message=4 cards=2
K230_CARD_SHELL close-request id=7
K230_CARD_SHELL live cards=2 commits=1348 sampled=2679 frame-done=2695 output-presented=1287
K230_CARD_SHELL live cards=2 commits=1300 sampled=2585 frame-done=2601 output-presented=1240
K230_CARD_SHELL live cards=2 commits=1252 sampled=2491 frame-done=2505 output-presented=1192
K230_CARD_SHELL state mode=1 actions=33 message=0 cards=2
K230_CARD_SHELL mirror id=7 format=34325258 width=128 height=96 stride=512
K230_CARD_SHELL mirror id=7 format=34325258 width=520 height=1040 stride=2080
K230_CARD_SHELL state mode=2 actions=1 message=3 cards=2
K230_CARD_SHELL live cards=2 commits=1210 sampled=2407 frame-done=2421 output-presented=1149
K230_CARD_SHELL state mode=1 actions=33 message=3 cards=2
K230_CARD_SHELL live cards=2 commits=1210 sampled=2407 frame-done=2421 output-presented=1097
K230_CARD_SHELL state mode=1 actions=33 message=2 cards=2
K230_CARD_SHELL mirror-release id=7
K230_CARD_SHELL mirror-release id=7
K230_CARD_SHELL live cards=2 commits=1172 sampled=2333 frame-done=2347 output-presented=1056
K230_CARD_SHELL state mode=1 actions=35 message=0 cards=2
K230_CARD_SHELL mirror id=9 format=34325258 width=128 height=96 stride=512
K230_CARD_SHELL mirror id=9 format=34325258 width=520 height=1040 stride=2080
K230_CARD_SHELL mirror id=7 format=34325258 width=128 height=96 stride=512
K230_CARD_SHELL mirror id=7 format=34325258 width=520 height=1040 stride=2080
K230_CARD_SHELL input=injected operation=benchmark-stop accepted=1
K230_CARD_BENCH v=1 run=179702823862 event=present frame_id=1795 t_ns=205249635000 presented=1 clock=monotonic
K230_CARD_BENCH v=1 run=179702823862 event=present frame_id=1794 t_ns=205230478000 presented=1 clock=monotonic
K230_CARD_BENCH v=1 run=179702823862 event=present frame_id=1793 t_ns=205211321000 presented=1 clock=monotonic
K230_CARD_BENCH v=1 run=179702823862 event=present frame_id=1792 t_ns=205192166000 presented=1 clock=monotonic
K230_CARD_BENCH v=1 run=179702823862 event=present frame_id=1791 t_ns=205153853000 presented=1 clock=monotonic
K230_CARD_BENCH v=1 run=179702823862 event=present frame_id=1790 t_ns=205134697000 presented=1 clock=monotonic
K230_CARD_BENCH v=1 run=179702823862 event=present frame_id=1789 t_ns=205115541000 presented=1 clock=monotonic
K230_CARD_BENCH v=1 run=179702823862 event=present frame_id=1788 t_ns=205096385000 presented=1 clock=monotonic
K230_CARD_BENCH v=1 run=179702823862 event=present frame_id=1787 t_ns=205077229000 presented=1 clock=monotonic
K230_CARD_BENCH v=1 run=179702823862 event=present frame_id=1786 t_ns=205058073000 presented=1 clock=monotonic
K230_CARD_BENCH v=1 run=179702823862 event=present frame_id=1785 t_ns=205038916000 presented=1 clock=monotonic
K230_CARD_BENCH v=1 run=179702823862 event=present frame_id=1784 t_ns=205019760000 presented=1 clock=monotonic
K230_CARD_BENCH v=1 run=179702823862 event=resource phase=restored t_ns=205004152786 cpu_ns=39055156000 memory_bytes=31952896 scope=session
K230_CARD_BENCH v=1 run=179702823862 event=resource phase=restored t_ns=205004152786 cpu_ns=24236553540 memory_bytes=34217984 scope=compositor
K230_CARD_BENCH v=1 run=179702823862 event=present frame_id=1783 t_ns=204981447000 presented=1 clock=monotonic
K230_CARD_BENCH v=1 run=179702823862 event=present frame_id=1782 t_ns=204962292000 presented=1 clock=monotonic
K230_CARD_BENCH v=1 run=179702823862 event=present frame_id=1781 t_ns=204943135000 presented=1 clock=monotonic
K230_CARD_BENCH v=1 run=179702823862 event=present frame_id=1780 t_ns=204923980000 presented=1 clock=monotonic
K230_CARD_BENCH v=1 run=179702823862 event=present frame_id=1779 t_ns=204904823000 presented=1 clock=monotonic
K230_CARD_BENCH v=1 run=179702823862 event=present frame_id=1778 t_ns=204885667000 presented=1 clock=monotonic
K230_CARD_BENCH v=1 run=179702823862 event=present frame_id=1777 t_ns=204847355000 presented=1 clock=monotonic
K230_CARD_BENCH v=1 run=179702823862 event=present frame_id=1776 t_ns=204828201000 presented=1 clock=monotonic
K230_CARD_BENCH v=1 run=179702823862 event=present frame_id=1775 t_ns=204809044000 presented=1 clock=monotonic
K230_CARD_BENCH v=1 run=179702823862 event=present frame_id=1774 t_ns=204789887000 presented=1 clock=monotonic
K230_CARD_BENCH v=1 run=179702823862 event=present frame_id=1773 t_ns=204770731000 presented=1 clock=monotonic
K230_CARD_BENCH v=1 run=179702823862 event=present frame_id=1772 t_ns=204751575000 presented=1 clock=monotonic
K230_CARD_BENCH v=1 run=179702823862 event=present frame_id=1771 t_ns=204732419000 presented=1 clock=monotonic
K230_CARD_BENCH v=1 run=179702823862 event=present frame_id=1770 t_ns=204694107000 presented=1 clock=monotonic
K230_CARD_BENCH v=1 run=179702823862 event=present frame_id=1769 t_ns=204674949000 presented=1 clock=monotonic
K230_CARD_BENCH v=1 run=179702823862 event=present frame_id=1768 t_ns=204655795000 presented=1 clock=monotonic
K230_CARD_BENCH v=1 run=179702823862 event=present frame_id=1767 t_ns=204636639000 presented=1 clock=monotonic
K230_CARD_BENCH v=1 run=179702823862 event=present frame_id=1766 t_ns=204617483000 presented=1 clock=monotonic
K230_CARD_BENCH v=1 run=179702823862 event=present frame_id=1765 t_ns=204598326000 presented=1 clock=monotonic
K230_CARD_BENCH v=1 run=179702823862 event=present frame_id=1764 t_ns=204579170000 presented=1 clock=monotonic
K230_CARD_BENCH v=1 run=179702823862 event=present frame_id=1763 t_ns=204540858000 presented=1 clock=monotonic
K230_CARD_BENCH v=1 run=179702823862 event=present frame_id=1762 t_ns=204521702000 presented=1 clock=monotonic
K230_CARD_BENCH v=1 run=179702823862 event=present frame_id=1761 t_ns=204502546000 presented=1 clock=monotonic
K230_CARD_BENCH v=1 run=179702823862 event=present frame_id=1760 t_ns=204483392000 presented=1 clock=monotonic
K230_CARD_BENCH v=1 run=179702823862 event=present frame_id=1759 t_ns=204464234000 presented=1 clock=monotonic
K230_CARD_BENCH v=1 run=179702823862 event=present frame_id=1758 t_ns=204445077000 presented=1 clock=monotonic
K230_CARD_BENCH v=1 run=179702823862 event=present frame_id=1757 t_ns=204425922000 presented=1 clock=monotonic
K230_CARD_BENCH v=1 run=179702823862 event=present frame_id=1756 t_ns=204387610000 presented=1 clock=monotonic
K230_CARD_BENCH v=1 run=179702823862 event=present frame_id=1755 t_ns=204368453000 presented=1 clock=monotonic
K230_CARD_BENCH v=1 run=179702823862 event=present frame_id=1754 t_ns=204349298000 presented=1 clock=monotonic
K230_CARD_BENCH v=1 run=179702823862 event=present frame_id=1753 t_ns=204330143000 presented=1 clock=monotonic
K230_CARD_BENCH v=1 run=179702823862 event=present frame_id=1752 t_ns=204310986000 presented=1 clock=monotonic
K230_CARD_BENCH v=1 run=179702823862 event=present frame_id=1751 t_ns=204291829000 presented=1 clock=monotonic
K230_CARD_BENCH v=1 run=179702823862 event=present frame_id=1750 t_ns=204272674000 presented=1 clock=monotonic
K230_CARD_BENCH v=1 run=179702823862 event=present frame_id=1749 t_ns=204253517000 presented=1 clock=monotonic
K230_CARD_BENCH v=1 run=179702823862 event=present frame_id=1748 t_ns=204215205000 presented=1 clock=monotonic
K230_CARD_BENCH v=1 run=179702823862 event=present frame_id=1747 t_ns=204196058000 presented=1 clock=monotonic
K230_CARD_BENCH v=1 run=179702823862 event=present frame_id=1746 t_ns=204176893000 presented=1 clock=monotonic
K230_CARD_BENCH v=1 run=179702823862 event=present frame_id=1745 t_ns=204157737000 presented=1 clock=monotonic
K230_CARD_BENCH v=1 run=179702823862 event=present frame_id=1744 t_ns=204138581000 presented=1 clock=monotonic
K230_CARD_BENCH v=1 run=179702823862 event=present frame_id=1743 t_ns=204119426000 presented=1 clock=monotonic
K230_CARD_BENCH v=1 run=179702823862 event=present frame_id=1742 t_ns=204100268000 presented=1 clock=monotonic
K230_CARD_BENCH v=1 run=179702823862 event=present frame_id=1741 t_ns=204081113000 presented=1 clock=monotonic
K230_CARD_BENCH v=1 run=179702823862 event=present frame_id=1740 t_ns=204042799000 presented=1 clock=monotonic
K230_CARD_BENCH v=1 run=179702823862 event=present frame_id=1739 t_ns=204023643000 presented=1 clock=monotonic
K230_CARD_BENCH v=1 run=179702823862 event=present frame_id=1738 t_ns=204004490000 presented=1 clock=monotonic
K230_CARD_BENCH v=1 run=179702823862 event=resource phase=restored t_ns=204004146310 cpu_ns=38183694000 memory_bytes=31952896 scope=session
K230_CARD_BENCH v=1 run=179702823862 event=resource phase=restored t_ns=204004146310 cpu_ns=23810949103 memory_bytes=34217984 scope=compositor
K230_CARD_BENCH v=1 run=179702823862 event=present frame_id=1737 t_ns=203985333000 presented=1 clock=monotonic
K230_CARD_BENCH v=1 run=179702823862 event=present frame_id=1736 t_ns=203966177000 presented=1 clock=monotonic
K230_CARD_BENCH v=1 run=179702823862 event=present frame_id=1735 t_ns=203947021000 presented=1 clock=monotonic
K230_CARD_BENCH v=1 run=179702823862 event=present frame_id=1734 t_ns=203927865000 presented=1 clock=monotonic
K230_CARD_BENCH v=1 run=179702823862 event=present frame_id=1733 t_ns=203889552000 presented=1 clock=monotonic
K230_CARD_BENCH v=1 run=179702823862 event=present frame_id=1732 t_ns=203870397000 presented=1 clock=monotonic
K230_CARD_BENCH v=1 run=179702823862 event=present frame_id=1731 t_ns=203851242000 presented=1 clock=monotonic
K230_CARD_BENCH v=1 run=179702823862 event=present frame_id=1730 t_ns=203832086000 presented=1 clock=monotonic
K230_CARD_BENCH v=1 run=179702823862 event=present frame_id=1729 t_ns=203812929000 presented=1 clock=monotonic
K230_CARD_BENCH v=1 run=179702823862 event=present frame_id=1728 t_ns=203793773000 presented=1 clock=monotonic
K230_CARD_BENCH v=1 run=179702823862 event=present frame_id=1727 t_ns=203774618000 presented=1 clock=monotonic
K230_CARD_BENCH v=1 run=179702823862 event=present frame_id=1726 t_ns=203736307000 presented=1 clock=monotonic
K230_CARD_BENCH v=1 run=179702823862 event=present frame_id=1725 t_ns=203717148000 presented=1 clock=monotonic
K230_CARD_BENCH v=1 run=179702823862 event=present frame_id=1724 t_ns=203697994000 presented=1 clock=monotonic
K230_CARD_BENCH v=1 run=179702823862 event=present frame_id=1723 t_ns=203678837000 presented=1 clock=monotonic
K230_CARD_BENCH v=1 run=179702823862 event=present frame_id=1722 t_ns=203659681000 presented=1 clock=monotonic
K230_CARD_BENCH v=1 run=179702823862 event=present frame_id=1721 t_ns=203640525000 presented=1 clock=monotonic
K230_CARD_BENCH v=1 run=179702823862 event=present frame_id=1720 t_ns=203621370000 presented=1 clock=monotonic
K230_CARD_BENCH v=1 run=179702823862 event=present frame_id=1719 t_ns=203583057000 presented=1 clock=monotonic
K230_CARD_BENCH v=1 run=179702823862 event=present frame_id=1718 t_ns=203563902000 presented=1 clock=monotonic
K230_CARD_BENCH v=1 run=179702823862 event=present frame_id=1717 t_ns=203544745000 presented=1 clock=monotonic
K230_CARD_BENCH v=1 run=179702823862 event=present frame_id=1716 t_ns=203525590000 presented=1 clock=monotonic
K230_CARD_BENCH v=1 run=179702823862 event=present frame_id=1715 t_ns=203506434000 presented=1 clock=monotonic
K230_CARD_BENCH v=1 run=179702823862 event=present frame_id=1714 t_ns=203487279000 presented=1 clock=monotonic
K230_CARD_BENCH v=1 run=179702823862 event=present frame_id=1713 t_ns=203468122000 presented=1 clock=monotonic
K230_CARD_BENCH v=1 run=179702823862 event=present frame_id=1712 t_ns=203448966000 presented=1 clock=monotonic
K230_CARD_BENCH v=1 run=179702823862 event=present frame_id=1711 t_ns=203410653000 presented=1 clock=monotonic
K230_CARD_BENCH v=1 run=179702823862 event=present frame_id=1710 t_ns=203391498000 presented=1 clock=monotonic
K230_CARD_BENCH v=1 run=179702823862 event=present frame_id=1709 t_ns=203372342000 presented=1 clock=monotonic
K230_CARD_BENCH v=1 run=179702823862 event=present frame_id=1708 t_ns=203353187000 presented=1 clock=monotonic
K230_CARD_BENCH v=1 run=179702823862 event=present frame_id=1707 t_ns=203334030000 presented=1 clock=monotonic
K230_CARD_BENCH v=1 run=179702823862 event=present frame_id=1706 t_ns=203314874000 presented=1 clock=monotonic
K230_CARD_BENCH v=1 run=179702823862 event=present frame_id=1705 t_ns=203295718000 presented=1 clock=monotonic
K230_CARD_BENCH v=1 run=179702823862 event=present frame_id=1704 t_ns=203276563000 presented=1 clock=monotonic
K230_CARD_BENCH v=1 run=179702823862 event=present frame_id=1703 t_ns=203238249000 presented=1 clock=monotonic
K230_CARD_BENCH v=1 run=179702823862 event=present frame_id=1702 t_ns=203219095000 presented=1 clock=monotonic
K230_CARD_BENCH v=1 run=179702823862 event=present frame_id=1701 t_ns=203199939000 presented=1 clock=monotonic
K230_CARD_BENCH v=1 run=179702823862 event=present frame_id=1700 t_ns=203180783000 presented=1 clock=monotonic
K230_CARD_BENCH v=1 run=179702823862 event=present frame_id=1699 t_ns=203161627000 presented=1 clock=monotonic
K230_CARD_BENCH v=1 run=179702823862 event=present frame_id=1698 t_ns=203142471000 presented=1 clock=monotonic
K230_CARD_BENCH v=1 run=179702823862 event=present frame_id=1697 t_ns=203123315000 presented=1 clock=monotonic
K230_CARD_BENCH v=1 run=179702823862 event=present frame_id=1696 t_ns=203104168000 presented=1 clock=monotonic
K230_CARD_BENCH v=1 run=179702823862 event=present frame_id=1695 t_ns=203065847000 presented=1 clock=monotonic
K230_CARD_BENCH v=1 run=179702823862 event=present frame_id=1694 t_ns=203046691000 presented=1 clock=monotonic
K230_CARD_BENCH v=1 run=179702823862 event=present frame_id=1693 t_ns=203027535000 presented=1 clock=monotonic
K230_CARD_BENCH v=1 run=179702823862 event=present frame_id=1692 t_ns=203008381000 presented=1 clock=monotonic
K230_CARD_BENCH v=1 run=179702823862 event=present frame_id=1691 t_ns=202989225000 presented=1 clock=monotonic
K230_CARD_BENCH v=1 run=179702823862 event=resource phase=restored t_ns=202988115934 cpu_ns=37294461000 memory_bytes=31952896 scope=session
K230_CARD_BENCH v=1 run=179702823862 event=resource phase=restored t_ns=202988115934 cpu_ns=23376220737 memory_bytes=34217984 scope=compositor
K230_CARD_BENCH v=1 run=179702823862 event=present frame_id=1690 t_ns=202970067000 presented=1 clock=monotonic
K230_CARD_BENCH v=1 run=179702823862 event=present frame_id=1689 t_ns=202950911000 presented=1 clock=monotonic
K230_CARD_BENCH v=1 run=179702823862 event=present frame_id=1688 t_ns=202931756000 presented=1 clock=monotonic
K230_CARD_BENCH v=1 run=179702823862 event=present frame_id=1687 t_ns=202893444000 presented=1 clock=monotonic
K230_CARD_BENCH v=1 run=179702823862 event=present frame_id=1686 t_ns=202874288000 presented=1 clock=monotonic
K230_CARD_BENCH v=1 run=179702823862 event=present frame_id=1685 t_ns=202855133000 presented=1 clock=monotonic
K230_CARD_BENCH v=1 run=179702823862 event=present frame_id=1684 t_ns=202835976000 presented=1 clock=monotonic
K230_CARD_BENCH v=1 run=179702823862 event=present frame_id=1683 t_ns=202816821000 presented=1 clock=monotonic
K230_CARD_BENCH v=1 run=179702823862 event=present frame_id=1682 t_ns=202797665000 presented=1 clock=monotonic
K230_CARD_BENCH v=1 run=179702823862 event=present frame_id=1681 t_ns=202778509000 presented=1 clock=monotonic
K230_CARD_BENCH v=1 run=179702823862 event=present frame_id=1680 t_ns=202740198000 presented=1 clock=monotonic
K230_CARD_BENCH v=1 run=179702823862 event=present frame_id=1679 t_ns=202721042000 presented=1 clock=monotonic
K230_CARD_BENCH v=1 run=179702823862 event=present frame_id=1678 t_ns=202701885000 presented=1 clock=monotonic
K230_CARD_BENCH v=1 run=179702823862 event=present frame_id=1677 t_ns=202682730000 presented=1 clock=monotonic
K230_CARD_BENCH v=1 run=179702823862 event=present frame_id=1676 t_ns=202663574000 presented=1 clock=monotonic
K230_CARD_BENCH v=1 run=179702823862 event=present frame_id=1675 t_ns=202644418000 presented=1 clock=monotonic
K230_CARD_BENCH v=1 run=179702823862 event=present frame_id=1674 t_ns=202625262000 presented=1 clock=monotonic
K230_CARD_BENCH v=1 run=179702823862 event=present frame_id=1673 t_ns=202586951000 presented=1 clock=monotonic
K230_CARD_BENCH v=1 run=179702823862 event=present frame_id=1672 t_ns=202567795000 presented=1 clock=monotonic
K230_CARD_BENCH v=1 run=179702823862 event=present frame_id=1671 t_ns=202548639000 presented=1 clock=monotonic
K230_CARD_BENCH v=1 run=179702823862 event=present frame_id=1670 t_ns=202529484000 presented=1 clock=monotonic
K230_CARD_BENCH v=1 run=179702823862 event=present frame_id=1669 t_ns=202510328000 presented=1 clock=monotonic
K230_CARD_BENCH v=1 run=179702823862 event=present frame_id=1668 t_ns=202491172000 presented=1 clock=monotonic
K230_CARD_BENCH v=1 run=179702823862 event=present frame_id=1667 t_ns=202472025000 presented=1 clock=monotonic
K230_CARD_BENCH v=1 run=179702823862 event=present frame_id=1666 t_ns=202452860000 presented=1 clock=monotonic
K230_CARD_BENCH v=1 run=179702823862 event=present frame_id=1665 t_ns=202414548000 presented=1 clock=monotonic
K230_CARD_BENCH v=1 run=179702823862 event=present frame_id=1664 t_ns=202395392000 presented=1 clock=monotonic
K230_CARD_BENCH v=1 run=179702823862 event=present frame_id=1663 t_ns=202376237000 presented=1 clock=monotonic
K230_CARD_BENCH v=1 run=179702823862 event=present frame_id=1662 t_ns=202357081000 presented=1 clock=monotonic
K230_CARD_BENCH v=1 run=179702823862 event=present frame_id=1661 t_ns=202337925000 presented=1 clock=monotonic
K230_CARD_BENCH v=1 run=179702823862 event=present frame_id=1660 t_ns=202318769000 presented=1 clock=monotonic
K230_CARD_BENCH v=1 run=179702823862 event=present frame_id=1659 t_ns=202299612000 presented=1 clock=monotonic
K230_CARD_BENCH v=1 run=179702823862 event=present frame_id=1658 t_ns=202280458000 presented=1 clock=monotonic
K230_CARD_BENCH v=1 run=179702823862 event=present frame_id=1657 t_ns=202242145000 presented=1 clock=monotonic
K230_CARD_BENCH v=1 run=179702823862 event=present frame_id=1656 t_ns=202222990000 presented=1 clock=monotonic
K230_CARD_BENCH v=1 run=179702823862 event=present frame_id=1655 t_ns=202203834000 presented=1 clock=monotonic
K230_CARD_BENCH v=1 run=179702823862 event=present frame_id=1654 t_ns=202184678000 presented=1 clock=monotonic
K230_CARD_BENCH v=1 run=179702823862 event=present frame_id=1653 t_ns=202165522000 presented=1 clock=monotonic
K230_CARD_BENCH v=1 run=179702823862 event=present frame_id=1652 t_ns=202146366000 presented=1 clock=monotonic
K230_CARD_BENCH v=1 run=179702823862 event=present frame_id=1651 t_ns=202127210000 presented=1 clock=monotonic
K230_CARD_BENCH v=1 run=179702823862 event=present frame_id=1650 t_ns=202108054000 presented=1 clock=monotonic
K230_CARD_BENCH v=1 run=179702823862 event=present frame_id=1649 t_ns=202088899000 presented=1 clock=monotonic
K230_CARD_BENCH v=1 run=179702823862 event=present frame_id=1648 t_ns=202050589000 presented=1 clock=monotonic
K230_CARD_BENCH v=1 run=179702823862 event=present frame_id=1647 t_ns=202012276000 presented=1 clock=monotonic
K230_CARD_BENCH v=1 run=179702823862 event=resource phase=restored t_ns=201984109590 cpu_ns=36444925000 memory_bytes=33361920 scope=session
K230_CARD_BENCH v=1 run=179702823862 event=resource phase=restored t_ns=201984109590 cpu_ns=22959297544 memory_bytes=35528704 scope=compositor
K230_CARD_BENCH v=1 run=179702823862 event=present frame_id=1646 t_ns=201973965000 presented=1 clock=monotonic
K230_CARD_BENCH v=1 run=179702823862 event=present frame_id=1645 t_ns=201935654000 presented=1 clock=monotonic
K230_CARD_BENCH v=1 run=179702823862 event=present frame_id=1644 t_ns=201897341000 presented=1 clock=monotonic
K230_CARD_BENCH v=1 run=179702823862 event=present frame_id=1643 t_ns=201859030000 presented=1 clock=monotonic
K230_CARD_BENCH v=1 run=179702823862 event=present frame_id=1642 t_ns=201820719000 presented=1 clock=monotonic
K230_CARD_BENCH v=1 run=179702823862 event=present frame_id=1641 t_ns=201782408000 presented=1 clock=monotonic
K230_CARD_BENCH v=1 run=179702823862 event=present frame_id=1640 t_ns=201744098000 presented=1 clock=monotonic
K230_CARD_BENCH v=1 run=179702823862 event=present frame_id=1639 t_ns=201705785000 presented=1 clock=monotonic
K230_CARD_BENCH v=1 run=179702823862 event=present frame_id=1638 t_ns=201667474000 presented=1 clock=monotonic
K230_CARD_BENCH v=1 run=179702823862 event=present frame_id=1637 t_ns=201648319000 presented=1 clock=monotonic
K230_CARD_BENCH v=1 run=179702823862 event=present frame_id=1636 t_ns=201610005000 presented=1 clock=monotonic
K230_CARD_BENCH v=1 run=179702823862 event=present frame_id=1635 t_ns=201590850000 presented=1 clock=monotonic
K230_CARD_BENCH v=1 run=179702823862 event=present frame_id=1634 t_ns=201571695000 presented=1 clock=monotonic
K230_CARD_BENCH v=1 run=179702823862 event=present frame_id=1633 t_ns=201552538000 presented=1 clock=monotonic
K230_CARD_BENCH v=1 run=179702823862 event=present frame_id=1632 t_ns=201533383000 presented=1 clock=monotonic
K230_CARD_BENCH v=1 run=179702823862 event=present frame_id=1631 t_ns=201495070000 presented=1 clock=monotonic
K230_CARD_BENCH v=1 run=179702823862 event=present frame_id=1630 t_ns=201475915000 presented=1 clock=monotonic
K230_CARD_BENCH v=1 run=179702823862 event=present frame_id=1629 t_ns=201456759000 presented=1 clock=monotonic
K230_CARD_BENCH v=1 run=179702823862 event=present frame_id=1628 t_ns=201437604000 presented=1 clock=monotonic
K230_CARD_BENCH v=1 run=179702823862 event=present frame_id=1627 t_ns=201418448000 presented=1 clock=monotonic
K230_CARD_BENCH v=1 run=179702823862 event=present frame_id=1626 t_ns=201399293000 presented=1 clock=monotonic
K230_CARD_BENCH v=1 run=179702823862 event=present frame_id=1625 t_ns=201380138000 presented=1 clock=monotonic
K230_CARD_BENCH v=1 run=179702823862 event=present frame_id=1624 t_ns=201360981000 presented=1 clock=monotonic
K230_CARD_BENCH v=1 run=179702823862 event=present frame_id=1623 t_ns=201341825000 presented=1 clock=monotonic
K230_CARD_BENCH v=1 run=179702823862 event=present frame_id=1622 t_ns=201303514000 presented=1 clock=monotonic
K230_CARD_BENCH v=1 run=179702823862 event=present frame_id=1621 t_ns=201284359000 presented=1 clock=monotonic
K230_CARD_BENCH v=1 run=179702823862 event=present frame_id=1620 t_ns=201265204000 presented=1 clock=monotonic
K230_CARD_BENCH v=1 run=179702823862 event=present frame_id=1619 t_ns=201246047000 presented=1 clock=monotonic
K230_CARD_BENCH v=1 run=179702823862 event=present frame_id=1618 t_ns=201226892000 presented=1 clock=monotonic
K230_CARD_BENCH v=1 run=179702823862 event=present frame_id=1617 t_ns=201207736000 presented=1 clock=monotonic
K230_CARD_BENCH v=1 run=179702823862 event=present frame_id=1616 t_ns=201188579000 presented=1 clock=monotonic
K230_CARD_BENCH v=1 run=179702823862 event=present frame_id=1615 t_ns=201169424000 presented=1 clock=monotonic
K230_CARD_BENCH v=1 run=179702823862 event=present frame_id=1614 t_ns=201131112000 presented=1 clock=monotonic
K230_CARD_BENCH v=1 run=179702823862 event=present frame_id=1613 t_ns=201111957000 presented=1 clock=monotonic
K230_CARD_BENCH v=1 run=179702823862 event=present frame_id=1612 t_ns=201092802000 presented=1 clock=monotonic
K230_CARD_BENCH v=1 run=179702823862 event=present frame_id=1611 t_ns=201073646000 presented=1 clock=monotonic
K230_CARD_BENCH v=1 run=179702823862 event=present frame_id=1610 t_ns=201054490000 presented=1 clock=monotonic
K230_CARD_BENCH v=1 run=179702823862 event=present frame_id=1609 t_ns=201035334000 presented=1 clock=monotonic
K230_CARD_BENCH v=1 run=179702823862 event=present frame_id=1608 t_ns=201016179000 presented=1 clock=monotonic
K230_CARD_BENCH v=1 run=179702823862 event=present frame_id=1607 t_ns=200977867000 presented=1 clock=monotonic
K230_CARD_BENCH v=1 run=179702823862 event=resource phase=restored t_ns=200980129560 cpu_ns=35703672000 memory_bytes=31948800 scope=session
K230_CARD_BENCH v=1 run=179702823862 event=resource phase=restored t_ns=200980129560 cpu_ns=22591851676 memory_bytes=34217984 scope=compositor
K230_CARD_BENCH v=1 run=179702823862 event=present frame_id=1606 t_ns=200958711000 presented=1 clock=monotonic
K230_CARD_BENCH v=1 run=179702823862 event=present frame_id=1605 t_ns=200939556000 presented=1 clock=monotonic
K230_CARD_BENCH v=1 run=179702823862 event=present frame_id=1604 t_ns=200920401000 presented=1 clock=monotonic
K230_CARD_BENCH v=1 run=179702823862 event=present frame_id=1603 t_ns=200901245000 presented=1 clock=monotonic
K230_CARD_BENCH v=1 run=179702823862 event=present frame_id=1602 t_ns=200882088000 presented=1 clock=monotonic
K230_CARD_BENCH v=1 run=179702823862 event=present frame_id=1601 t_ns=200862934000 presented=1 clock=monotonic
K230_CARD_BENCH v=1 run=179702823862 event=present frame_id=1600 t_ns=200824622000 presented=1 clock=monotonic
K230_CARD_BENCH v=1 run=179702823862 event=present frame_id=1599 t_ns=200805467000 presented=1 clock=monotonic
K230_CARD_BENCH v=1 run=179702823862 event=present frame_id=1598 t_ns=200786311000 presented=1 clock=monotonic
K230_CARD_BENCH v=1 run=179702823862 event=present frame_id=1597 t_ns=200767155000 presented=1 clock=monotonic
K230_CARD_BENCH v=1 run=179702823862 event=present frame_id=1596 t_ns=200748000000 presented=1 clock=monotonic
K230_CARD_BENCH v=1 run=179702823862 event=present frame_id=1595 t_ns=200728844000 presented=1 clock=monotonic
K230_CARD_BENCH v=1 run=179702823862 event=present frame_id=1594 t_ns=200690536000 presented=1 clock=monotonic
K230_CARD_BENCH v=1 run=179702823862 event=present frame_id=1593 t_ns=200671378000 presented=1 clock=monotonic
K230_CARD_BENCH v=1 run=179702823862 event=present frame_id=1592 t_ns=200652222000 presented=1 clock=monotonic
K230_CARD_BENCH v=1 run=179702823862 event=present frame_id=1591 t_ns=200633066000 presented=1 clock=monotonic
K230_CARD_BENCH v=1 run=179702823862 event=present frame_id=1590 t_ns=200613911000 presented=1 clock=monotonic
K230_CARD_BENCH v=1 run=179702823862 event=present frame_id=1589 t_ns=200594754000 presented=1 clock=monotonic
K230_CARD_BENCH v=1 run=179702823862 event=present frame_id=1588 t_ns=200575600000 presented=1 clock=monotonic
K230_CARD_BENCH v=1 run=179702823862 event=present frame_id=1587 t_ns=200537288000 presented=1 clock=monotonic
K230_CARD_BENCH v=1 run=179702823862 event=present frame_id=1586 t_ns=200518133000 presented=1 clock=monotonic
K230_CARD_BENCH v=1 run=179702823862 event=present frame_id=1585 t_ns=200498996000 presented=1 clock=monotonic
K230_CARD_BENCH v=1 run=179702823862 event=present frame_id=1584 t_ns=200479822000 presented=1 clock=monotonic
K230_CARD_BENCH v=1 run=179702823862 event=present frame_id=1583 t_ns=200460666000 presented=1 clock=monotonic
K230_CARD_BENCH v=1 run=179702823862 event=present frame_id=1582 t_ns=200441510000 presented=1 clock=monotonic
K230_CARD_BENCH v=1 run=179702823862 event=present frame_id=1581 t_ns=200403198000 presented=1 clock=monotonic
K230_CARD_BENCH v=1 run=179702823862 event=present frame_id=1580 t_ns=200384046000 presented=1 clock=monotonic
K230_CARD_BENCH v=1 run=179702823862 event=present frame_id=1579 t_ns=200364888000 presented=1 clock=monotonic
K230_CARD_BENCH v=1 run=179702823862 event=present frame_id=1578 t_ns=200345732000 presented=1 clock=monotonic
K230_CARD_BENCH v=1 run=179702823862 event=present frame_id=1577 t_ns=200326577000 presented=1 clock=monotonic
K230_CARD_BENCH v=1 run=179702823862 event=present frame_id=1576 t_ns=200307421000 presented=1 clock=monotonic
K230_CARD_BENCH v=1 run=179702823862 event=present frame_id=1575 t_ns=200288265000 presented=1 clock=monotonic
K230_CARD_BENCH v=1 run=179702823862 event=present frame_id=1574 t_ns=200269110000 presented=1 clock=monotonic
K230_CARD_BENCH v=1 run=179702823862 event=present frame_id=1573 t_ns=200230799000 presented=1 clock=monotonic
K230_CARD_BENCH v=1 run=179702823862 event=present frame_id=1572 t_ns=200211643000 presented=1 clock=monotonic
K230_CARD_BENCH v=1 run=179702823862 event=present frame_id=1571 t_ns=200192488000 presented=1 clock=monotonic
K230_CARD_BENCH v=1 run=179702823862 event=present frame_id=1570 t_ns=200173332000 presented=1 clock=monotonic
K230_CARD_BENCH v=1 run=179702823862 event=present frame_id=1569 t_ns=200154177000 presented=1 clock=monotonic
K230_CARD_SHELL frame-cost run=179702823862 frame_id=1569 total_cpu_ns=11159535 render_cpu_ns=8787611 input_cpu_ns=2222258
K230_CARD_BENCH v=1 run=179702823862 event=submit input_id=537 frame_id=1569 t_ns=200145125746 update_cpu_ns=11159535 final=1
K230_CARD_BENCH v=1 run=179702823862 event=present frame_id=1568 t_ns=200135021000 presented=1 clock=monotonic
K230_CARD_BENCH v=1 run=179702823862 event=input input_id=537 gesture_id=54 kind=release t_ns=200121473856 source=injected
K230_CARD_SHELL restored focus=7 message=0
K230_CARD_SHELL mirror-release id=9
K230_CARD_SHELL mirror-release id=9
K230_CARD_SHELL mirror-release id=7
K230_CARD_SHELL mirror-release id=7
K230_CARD_BENCH v=1 run=179702823862 event=present frame_id=1567 t_ns=200096710000 presented=1 clock=monotonic
K230_CARD_BENCH v=1 run=179702823862 event=present frame_id=1566 t_ns=200077555000 presented=1 clock=monotonic
K230_CARD_SHELL state mode=2 actions=1 message=0 cards=2
K230_CARD_BENCH v=1 run=179702823862 event=present frame_id=1565 t_ns=200039243000 presented=1 clock=monotonic
K230_CARD_BENCH v=1 run=179702823862 event=present frame_id=1564 t_ns=200020089000 presented=1 clock=monotonic
K230_CARD_BENCH v=1 run=179702823862 event=present frame_id=1563 t_ns=199981777000 presented=1 clock=monotonic
K230_CARD_BENCH v=1 run=179702823862 event=resource phase=active t_ns=199978910557 cpu_ns=34862885000 memory_bytes=32104448 scope=session
K230_CARD_BENCH v=1 run=179702823862 event=resource phase=active t_ns=199978910557 cpu_ns=22152501574 memory_bytes=34217984 scope=compositor
K230_CARD_BENCH v=1 run=179702823862 event=present frame_id=1562 t_ns=199962621000 presented=1 clock=monotonic
K230_CARD_BENCH v=1 run=179702823862 event=present frame_id=1561 t_ns=199924311000 presented=1 clock=monotonic
K230_CARD_BENCH v=1 run=179702823862 event=present frame_id=1560 t_ns=199905154000 presented=1 clock=monotonic
K230_CARD_BENCH v=1 run=179702823862 event=present frame_id=1559 t_ns=199866842000 presented=1 clock=monotonic
K230_CARD_BENCH v=1 run=179702823862 event=present frame_id=1558 t_ns=199847688000 presented=1 clock=monotonic
K230_CARD_BENCH v=1 run=179702823862 event=present frame_id=1557 t_ns=199809377000 presented=1 clock=monotonic
K230_CARD_BENCH v=1 run=179702823862 event=present frame_id=1556 t_ns=199790224000 presented=1 clock=monotonic
K230_CARD_BENCH v=1 run=179702823862 event=present frame_id=1555 t_ns=199771073000 presented=1 clock=monotonic
K230_CARD_SHELL frame-cost run=179702823862 frame_id=1555 total_cpu_ns=17634709 render_cpu_ns=14260780 input_cpu_ns=3156334
K230_CARD_BENCH v=1 run=179702823862 event=submit input_id=536 frame_id=1555 t_ns=199769262286 update_cpu_ns=17634709 final=1
K230_CARD_BENCH v=1 run=179702823862 event=submit input_id=535 frame_id=1555 t_ns=199769262286 update_cpu_ns=17634709 final=0
K230_CARD_BENCH v=1 run=179702823862 event=present frame_id=1554 t_ns=199732757000 presented=1 clock=monotonic
K230_CARD_BENCH v=1 run=179702823862 event=input input_id=536 gesture_id=53 kind=release t_ns=199734347054 source=injected
K230_CARD_SHELL state mode=1 actions=1 message=0 cards=2
K230_CARD_BENCH v=1 run=179702823862 event=input input_id=535 gesture_id=53 kind=motion t_ns=199733708469 source=injected
K230_CARD_SHELL state mode=2 actions=1 message=0 cards=2
K230_CARD_SHELL frame-cost run=179702823862 frame_id=1554 total_cpu_ns=23295234 render_cpu_ns=20000826 input_cpu_ns=2975149
K230_CARD_BENCH v=1 run=179702823862 event=submit input_id=534 frame_id=1554 t_ns=199725944880 update_cpu_ns=23295234 final=0
K230_CARD_BENCH v=1 run=179702823862 event=submit input_id=533 frame_id=1554 t_ns=199725944880 update_cpu_ns=23295234 final=0
K230_CARD_BENCH v=1 run=179702823862 event=submit input_id=532 frame_id=1554 t_ns=199725944880 update_cpu_ns=23295234 final=0
K230_CARD_BENCH v=1 run=179702823862 event=submit input_id=531 frame_id=1554 t_ns=199725944880 update_cpu_ns=23295234 final=0
K230_CARD_BENCH v=1 run=179702823862 event=submit input_id=530 frame_id=1554 t_ns=199725944880 update_cpu_ns=23295234 final=0
K230_CARD_BENCH v=1 run=179702823862 event=present frame_id=1553 t_ns=199694446000 presented=1 clock=monotonic
K230_CARD_BENCH v=1 run=179702823862 event=input input_id=534 gesture_id=53 kind=motion t_ns=199701005423 source=injected
K230_CARD_SHELL state mode=2 actions=1 message=0 cards=2
K230_CARD_BENCH v=1 run=179702823862 event=input input_id=533 gesture_id=53 kind=motion t_ns=199698651576 source=injected
K230_CARD_SHELL state mode=2 actions=1 message=0 cards=2
K230_CARD_BENCH v=1 run=179702823862 event=input input_id=532 gesture_id=53 kind=motion t_ns=199697316126 source=injected
K230_CARD_SHELL state mode=2 actions=1 message=0 cards=2
K230_CARD_BENCH v=1 run=179702823862 event=input input_id=531 gesture_id=53 kind=motion t_ns=199695222349 source=injected
K230_CARD_SHELL state mode=2 actions=1 message=0 cards=2
K230_CARD_BENCH v=1 run=179702823862 event=input input_id=530 gesture_id=53 kind=motion t_ns=199694532890 source=injected
K230_CARD_SHELL state mode=2 actions=1 message=0 cards=2
K230_CARD_SHELL frame-cost run=179702823862 frame_id=1553 total_cpu_ns=21473107 render_cpu_ns=19862181 input_cpu_ns=1367262
K230_CARD_BENCH v=1 run=179702823862 event=submit input_id=529 frame_id=1553 t_ns=199691322152 update_cpu_ns=21473107 final=0
K230_CARD_BENCH v=1 run=179702823862 event=submit input_id=528 frame_id=1553 t_ns=199691322152 update_cpu_ns=21473107 final=0
K230_CARD_BENCH v=1 run=179702823862 event=submit input_id=527 frame_id=1553 t_ns=199691322152 update_cpu_ns=21473107 final=0
K230_CARD_BENCH v=1 run=179702823862 event=present frame_id=1552 t_ns=199656134000 presented=1 clock=monotonic
K230_CARD_BENCH v=1 run=179702823862 event=input input_id=529 gesture_id=53 kind=motion t_ns=199652840512 source=injected
K230_CARD_SHELL state mode=2 actions=1 message=0 cards=2
K230_CARD_BENCH v=1 run=179702823862 event=input input_id=528 gesture_id=53 kind=motion t_ns=199652280496 source=injected
K230_CARD_SHELL state mode=2 actions=1 message=0 cards=2
K230_CARD_BENCH v=1 run=179702823862 event=input input_id=527 gesture_id=53 kind=motion t_ns=199646040818 source=injected
K230_CARD_SHELL state mode=2 actions=1 message=0 cards=2
K230_CARD_SHELL frame-cost run=179702823862 frame_id=1552 total_cpu_ns=22981954 render_cpu_ns=18982214 input_cpu_ns=3662002
K230_CARD_BENCH v=1 run=179702823862 event=submit input_id=526 frame_id=1552 t_ns=199639799585 update_cpu_ns=22981954 final=0
K230_CARD_BENCH v=1 run=179702823862 event=submit input_id=525 frame_id=1552 t_ns=199639799585 update_cpu_ns=22981954 final=0
K230_CARD_BENCH v=1 run=179702823862 event=submit input_id=524 frame_id=1552 t_ns=199639799585 update_cpu_ns=22981954 final=0
K230_CARD_BENCH v=1 run=179702823862 event=submit input_id=523 frame_id=1552 t_ns=199639799585 update_cpu_ns=22981954 final=0
K230_CARD_BENCH v=1 run=179702823862 event=submit input_id=522 frame_id=1552 t_ns=199639799585 update_cpu_ns=22981954 final=0
K230_CARD_BENCH v=1 run=179702823862 event=submit input_id=521 frame_id=1552 t_ns=199639799585 update_cpu_ns=22981954 final=0
K230_CARD_BENCH v=1 run=179702823862 event=submit input_id=520 frame_id=1552 t_ns=199639799585 update_cpu_ns=22981954 final=0
K230_CARD_BENCH v=1 run=179702823862 event=submit input_id=519 frame_id=1552 t_ns=199639799585 update_cpu_ns=22981954 final=0
K230_CARD_BENCH v=1 run=179702823862 event=present frame_id=1551 t_ns=199617823000 presented=1 clock=monotonic
K230_CARD_BENCH v=1 run=179702823862 event=input input_id=526 gesture_id=53 kind=motion t_ns=199614422631 source=injected
K230_CARD_SHELL state mode=2 actions=1 message=0 cards=2
K230_CARD_BENCH v=1 run=179702823862 event=input input_id=525 gesture_id=53 kind=motion t_ns=199606892231 source=injected
K230_CARD_SHELL state mode=2 actions=1 message=0 cards=2
K230_CARD_BENCH v=1 run=179702823862 event=input input_id=524 gesture_id=53 kind=motion t_ns=199604578223 source=injected
K230_CARD_SHELL state mode=2 actions=1 message=0 cards=2
K230_CARD_BENCH v=1 run=179702823862 event=input input_id=523 gesture_id=53 kind=motion t_ns=199602748108 source=injected
K230_CARD_SHELL state mode=2 actions=1 message=0 cards=2
K230_CARD_BENCH v=1 run=179702823862 event=input input_id=522 gesture_id=53 kind=motion t_ns=199602278545 source=injected
K230_CARD_SHELL state mode=2 actions=1 message=0 cards=2
K230_CARD_BENCH v=1 run=179702823862 event=input input_id=521 gesture_id=53 kind=motion t_ns=199601803096 source=injected
K230_CARD_SHELL state mode=2 actions=1 message=0 cards=2
K230_CARD_BENCH v=1 run=179702823862 event=input input_id=520 gesture_id=53 kind=motion t_ns=199601232675 source=injected
K230_CARD_SHELL state mode=2 actions=1 message=0 cards=2
K230_CARD_BENCH v=1 run=179702823862 event=input input_id=519 gesture_id=53 kind=motion t_ns=199599925291 source=injected
K230_CARD_SHELL state mode=2 actions=1 message=0 cards=2
K230_CARD_BENCH v=1 run=179702823862 event=present frame_id=1550 t_ns=199560356000 presented=1 clock=monotonic
K230_CARD_SHELL frame-cost run=179702823862 frame_id=1550 total_cpu_ns=16814694 render_cpu_ns=15351027 input_cpu_ns=1240482
K230_CARD_BENCH v=1 run=179702823862 event=submit input_id=518 frame_id=1550 t_ns=199558921447 update_cpu_ns=16814694 final=0
K230_CARD_BENCH v=1 run=179702823862 event=submit input_id=517 frame_id=1550 t_ns=199558921447 update_cpu_ns=16814694 final=0
K230_CARD_BENCH v=1 run=179702823862 event=submit input_id=516 frame_id=1550 t_ns=199558921447 update_cpu_ns=16814694 final=0
K230_CARD_BENCH v=1 run=179702823862 event=present frame_id=1549 t_ns=199541201000 presented=1 clock=monotonic
K230_CARD_BENCH v=1 run=179702823862 event=input input_id=518 gesture_id=53 kind=motion t_ns=199536569137 source=injected
K230_CARD_SHELL state mode=2 actions=1 message=0 cards=2
K230_CARD_BENCH v=1 run=179702823862 event=input input_id=517 gesture_id=53 kind=motion t_ns=199533847882 source=injected
K230_CARD_SHELL state mode=2 actions=1 message=0 cards=2
K230_CARD_BENCH v=1 run=179702823862 event=input input_id=516 gesture_id=53 kind=motion t_ns=199532211005 source=injected
K230_CARD_SHELL state mode=2 actions=1 message=0 cards=2
K230_CARD_SHELL state mode=2 actions=1 message=0 cards=2
K230_CARD_BENCH v=1 run=179702823862 event=present frame_id=1548 t_ns=199502893000 presented=1 clock=monotonic
K230_CARD_BENCH v=1 run=179702823862 event=present frame_id=1547 t_ns=199483734000 presented=1 clock=monotonic
K230_CARD_BENCH v=1 run=179702823862 event=present frame_id=1546 t_ns=199445421000 presented=1 clock=monotonic
K230_CARD_BENCH v=1 run=179702823862 event=present frame_id=1545 t_ns=199426268000 presented=1 clock=monotonic
K230_CARD_BENCH v=1 run=179702823862 event=present frame_id=1544 t_ns=199387956000 presented=1 clock=monotonic
K230_CARD_BENCH v=1 run=179702823862 event=present frame_id=1543 t_ns=199368802000 presented=1 clock=monotonic
K230_CARD_BENCH v=1 run=179702823862 event=present frame_id=1542 t_ns=199330489000 presented=1 clock=monotonic
K230_CARD_BENCH v=1 run=179702823862 event=present frame_id=1541 t_ns=199311335000 presented=1 clock=monotonic
K230_CARD_BENCH v=1 run=179702823862 event=present frame_id=1540 t_ns=199273025000 presented=1 clock=monotonic
K230_CARD_BENCH v=1 run=179702823862 event=present frame_id=1539 t_ns=199253870000 presented=1 clock=monotonic
K230_CARD_BENCH v=1 run=179702823862 event=present frame_id=1538 t_ns=199234716000 presented=1 clock=monotonic
K230_CARD_SHELL frame-cost run=179702823862 frame_id=1538 total_cpu_ns=19085022 render_cpu_ns=14336838 input_cpu_ns=4305444
K230_CARD_BENCH v=1 run=179702823862 event=submit input_id=515 frame_id=1538 t_ns=199234016755 update_cpu_ns=19085022 final=1
K230_CARD_BENCH v=1 run=179702823862 event=submit input_id=514 frame_id=1538 t_ns=199234016755 update_cpu_ns=19085022 final=0
K230_CARD_BENCH v=1 run=179702823862 event=submit input_id=513 frame_id=1538 t_ns=199234016755 update_cpu_ns=19085022 final=0
K230_CARD_BENCH v=1 run=179702823862 event=submit input_id=512 frame_id=1538 t_ns=199234016755 update_cpu_ns=19085022 final=0
K230_CARD_BENCH v=1 run=179702823862 event=present frame_id=1537 t_ns=199196405000 presented=1 clock=monotonic
K230_CARD_BENCH v=1 run=179702823862 event=input input_id=515 gesture_id=52 kind=release t_ns=199200586558 source=injected
K230_CARD_SHELL state mode=1 actions=1 message=0 cards=2
K230_CARD_BENCH v=1 run=179702823862 event=input input_id=514 gesture_id=52 kind=motion t_ns=199198991704 source=injected
K230_CARD_SHELL state mode=2 actions=1 message=0 cards=2
K230_CARD_BENCH v=1 run=179702823862 event=input input_id=513 gesture_id=52 kind=motion t_ns=199197123933 source=injected
K230_CARD_SHELL state mode=2 actions=1 message=0 cards=2
K230_CARD_BENCH v=1 run=179702823862 event=input input_id=512 gesture_id=52 kind=motion t_ns=199192354110 source=injected
K230_CARD_SHELL state mode=2 actions=1 message=0 cards=2
K230_CARD_SHELL frame-cost run=179702823862 frame_id=1537 total_cpu_ns=23238998 render_cpu_ns=20174699 input_cpu_ns=2406928
K230_CARD_BENCH v=1 run=179702823862 event=submit input_id=511 frame_id=1537 t_ns=199185054825 update_cpu_ns=23238998 final=0
K230_CARD_BENCH v=1 run=179702823862 event=submit input_id=510 frame_id=1537 t_ns=199185054825 update_cpu_ns=23238998 final=0
K230_CARD_BENCH v=1 run=179702823862 event=submit input_id=509 frame_id=1537 t_ns=199185054825 update_cpu_ns=23238998 final=0
K230_CARD_BENCH v=1 run=179702823862 event=submit input_id=508 frame_id=1537 t_ns=199185054825 update_cpu_ns=23238998 final=0
K230_CARD_BENCH v=1 run=179702823862 event=present frame_id=1536 t_ns=199158095000 presented=1 clock=monotonic
K230_CARD_BENCH v=1 run=179702823862 event=input input_id=511 gesture_id=52 kind=motion t_ns=199159391623 source=injected
K230_CARD_SHELL state mode=2 actions=1 message=0 cards=2
K230_CARD_BENCH v=1 run=179702823862 event=input input_id=510 gesture_id=52 kind=motion t_ns=199158572944 source=injected
K230_CARD_SHELL state mode=2 actions=1 message=0 cards=2
K230_CARD_BENCH v=1 run=179702823862 event=input input_id=509 gesture_id=52 kind=motion t_ns=199156588430 source=injected
K230_CARD_SHELL state mode=2 actions=1 message=0 cards=2
K230_CARD_BENCH v=1 run=179702823862 event=input input_id=508 gesture_id=52 kind=motion t_ns=199155849060 source=injected
K230_CARD_SHELL state mode=2 actions=1 message=0 cards=2
K230_CARD_SHELL frame-cost run=179702823862 frame_id=1536 total_cpu_ns=21975823 render_cpu_ns=19533523 input_cpu_ns=2098666
K230_CARD_BENCH v=1 run=179702823862 event=submit input_id=507 frame_id=1536 t_ns=199151085901 update_cpu_ns=21975823 final=0
K230_CARD_BENCH v=1 run=179702823862 event=submit input_id=506 frame_id=1536 t_ns=199151085901 update_cpu_ns=21975823 final=0
K230_CARD_BENCH v=1 run=179702823862 event=submit input_id=505 frame_id=1536 t_ns=199151085901 update_cpu_ns=21975823 final=0
K230_CARD_BENCH v=1 run=179702823862 event=submit input_id=504 frame_id=1536 t_ns=199151085901 update_cpu_ns=21975823 final=0
K230_CARD_BENCH v=1 run=179702823862 event=present frame_id=1535 t_ns=199119781000 presented=1 clock=monotonic
K230_CARD_BENCH v=1 run=179702823862 event=input input_id=507 gesture_id=52 kind=motion t_ns=199116987719 source=injected
K230_CARD_SHELL state mode=2 actions=1 message=0 cards=2
K230_CARD_BENCH v=1 run=179702823862 event=input input_id=506 gesture_id=52 kind=motion t_ns=199116347023 source=injected
K230_CARD_SHELL state mode=2 actions=1 message=0 cards=2
K230_CARD_BENCH v=1 run=179702823862 event=input input_id=505 gesture_id=52 kind=motion t_ns=199114777644 source=injected
K230_CARD_SHELL state mode=2 actions=1 message=0 cards=2
K230_CARD_BENCH v=1 run=179702823862 event=input input_id=504 gesture_id=52 kind=motion t_ns=199113903462 source=injected
K230_CARD_SHELL state mode=2 actions=1 message=0 cards=2
K230_CARD_SHELL frame-cost run=179702823862 frame_id=1535 total_cpu_ns=19754584 render_cpu_ns=18018620 input_cpu_ns=1484297
K230_CARD_BENCH v=1 run=179702823862 event=submit input_id=503 frame_id=1535 t_ns=199109172405 update_cpu_ns=19754584 final=0
K230_CARD_BENCH v=1 run=179702823862 event=submit input_id=502 frame_id=1535 t_ns=199109172405 update_cpu_ns=19754584 final=0
K230_CARD_BENCH v=1 run=179702823862 event=submit input_id=501 frame_id=1535 t_ns=199109172405 update_cpu_ns=19754584 final=0
K230_CARD_BENCH v=1 run=179702823862 event=present frame_id=1534 t_ns=199081471000 presented=1 clock=monotonic
K230_CARD_BENCH v=1 run=179702823862 event=input input_id=503 gesture_id=52 kind=motion t_ns=199077959947 source=injected
K230_CARD_SHELL state mode=2 actions=1 message=0 cards=2
K230_CARD_BENCH v=1 run=179702823862 event=input input_id=502 gesture_id=52 kind=motion t_ns=199077354241 source=injected
K230_CARD_SHELL state mode=2 actions=1 message=0 cards=2
K230_CARD_BENCH v=1 run=179702823862 event=input input_id=501 gesture_id=52 kind=motion t_ns=199076674964 source=injected
K230_CARD_SHELL state mode=2 actions=1 message=0 cards=2
K230_CARD_SHELL frame-cost run=179702823862 frame_id=1534 total_cpu_ns=18837111 render_cpu_ns=16803004 input_cpu_ns=1734109
K230_CARD_BENCH v=1 run=179702823862 event=submit input_id=500 frame_id=1534 t_ns=199068660080 update_cpu_ns=18837111 final=0
K230_CARD_BENCH v=1 run=179702823862 event=submit input_id=499 frame_id=1534 t_ns=199068660080 update_cpu_ns=18837111 final=0
K230_CARD_BENCH v=1 run=179702823862 event=submit input_id=498 frame_id=1534 t_ns=199068660080 update_cpu_ns=18837111 final=0
K230_CARD_BENCH v=1 run=179702823862 event=submit input_id=497 frame_id=1534 t_ns=199068660080 update_cpu_ns=18837111 final=0
K230_CARD_BENCH v=1 run=179702823862 event=present frame_id=1533 t_ns=199043160000 presented=1 clock=monotonic
K230_CARD_BENCH v=1 run=179702823862 event=input input_id=500 gesture_id=52 kind=motion t_ns=199042102555 source=injected
K230_CARD_SHELL state mode=2 actions=1 message=0 cards=2
K230_CARD_BENCH v=1 run=179702823862 event=input input_id=499 gesture_id=52 kind=motion t_ns=199039104864 source=injected
K230_CARD_SHELL state mode=2 actions=1 message=0 cards=2
K230_CARD_BENCH v=1 run=179702823862 event=input input_id=498 gesture_id=52 kind=motion t_ns=199037472281 source=injected
K230_CARD_SHELL state mode=2 actions=1 message=0 cards=2
K230_CARD_BENCH v=1 run=179702823862 event=input input_id=497 gesture_id=52 kind=motion t_ns=199036972432 source=injected
K230_CARD_SHELL state mode=2 actions=1 message=0 cards=2
K230_CARD_SHELL frame-cost run=179702823862 frame_id=1533 total_cpu_ns=15399213 render_cpu_ns=14702694 input_cpu_ns=485519
K230_CARD_BENCH v=1 run=179702823862 event=submit input_id=496 frame_id=1533 t_ns=199030880451 update_cpu_ns=15399213 final=0
K230_CARD_BENCH v=1 run=179702823862 event=submit input_id=495 frame_id=1533 t_ns=199030880451 update_cpu_ns=15399213 final=0
K230_CARD_BENCH v=1 run=179702823862 event=present frame_id=1532 t_ns=199004849000 presented=1 clock=monotonic
K230_CARD_BENCH v=1 run=179702823862 event=input input_id=496 gesture_id=52 kind=motion t_ns=199004555620 source=injected
K230_CARD_SHELL state mode=2 actions=1 message=0 cards=2
K230_CARD_BENCH v=1 run=179702823862 event=input input_id=495 gesture_id=52 kind=motion t_ns=199004288295 source=injected
K230_CARD_SHELL state mode=2 actions=1 message=0 cards=2
K230_CARD_BENCH v=1 run=179702823862 event=present frame_id=1531 t_ns=198985692000 presented=1 clock=monotonic
K230_CARD_SHELL state mode=2 actions=1 message=0 cards=2
K230_CARD_SHELL live cards=2 commits=1112 sampled=2213 frame-done=2227 output-presented=1003
K230_CARD_BENCH v=1 run=179702823862 event=resource phase=active t_ns=198970320270 cpu_ns=34109536000 memory_bytes=32104448 scope=session
K230_CARD_BENCH v=1 run=179702823862 event=resource phase=active t_ns=198970320270 cpu_ns=21596313468 memory_bytes=34217984 scope=compositor
K230_CARD_BENCH v=1 run=179702823862 event=present frame_id=1530 t_ns=198947382000 presented=1 clock=monotonic
K230_CARD_BENCH v=1 run=179702823862 event=present frame_id=1529 t_ns=198928226000 presented=1 clock=monotonic
K230_CARD_BENCH v=1 run=179702823862 event=present frame_id=1528 t_ns=198889915000 presented=1 clock=monotonic
K230_CARD_BENCH v=1 run=179702823862 event=present frame_id=1527 t_ns=198870761000 presented=1 clock=monotonic
K230_CARD_BENCH v=1 run=179702823862 event=present frame_id=1526 t_ns=198832448000 presented=1 clock=monotonic
K230_CARD_BENCH v=1 run=179702823862 event=present frame_id=1525 t_ns=198813294000 presented=1 clock=monotonic
K230_CARD_BENCH v=1 run=179702823862 event=present frame_id=1524 t_ns=198774982000 presented=1 clock=monotonic
K230_CARD_BENCH v=1 run=179702823862 event=present frame_id=1523 t_ns=198755828000 presented=1 clock=monotonic
K230_CARD_BENCH v=1 run=179702823862 event=present frame_id=1522 t_ns=198717518000 presented=1 clock=monotonic
K230_CARD_SHELL frame-cost run=179702823862 frame_id=1522 total_cpu_ns=18804334 render_cpu_ns=14190556 input_cpu_ns=4136666
K230_CARD_BENCH v=1 run=179702823862 event=submit input_id=494 frame_id=1522 t_ns=198713676865 update_cpu_ns=18804334 final=1
K230_CARD_BENCH v=1 run=179702823862 event=submit input_id=493 frame_id=1522 t_ns=198713676865 update_cpu_ns=18804334 final=0
K230_CARD_BENCH v=1 run=179702823862 event=submit input_id=492 frame_id=1522 t_ns=198713676865 update_cpu_ns=18804334 final=0
K230_CARD_BENCH v=1 run=179702823862 event=submit input_id=491 frame_id=1522 t_ns=198713676865 update_cpu_ns=18804334 final=0
K230_CARD_BENCH v=1 run=179702823862 event=present frame_id=1521 t_ns=198698363000 presented=1 clock=monotonic
K230_CARD_BENCH v=1 run=179702823862 event=input input_id=494 gesture_id=51 kind=release t_ns=198684287393 source=injected
K230_CARD_SHELL state mode=1 actions=1 message=0 cards=2
K230_CARD_BENCH v=1 run=179702823862 event=input input_id=493 gesture_id=51 kind=motion t_ns=198682161159 source=injected
K230_CARD_SHELL state mode=2 actions=1 message=0 cards=2
K230_CARD_BENCH v=1 run=179702823862 event=input input_id=492 gesture_id=51 kind=motion t_ns=198681577672 source=injected
K230_CARD_SHELL state mode=2 actions=1 message=0 cards=2
K230_CARD_BENCH v=1 run=179702823862 event=input input_id=491 gesture_id=51 kind=motion t_ns=198680953679 source=injected
K230_CARD_SHELL state mode=2 actions=1 message=0 cards=2
K230_CARD_SHELL frame-cost run=179702823862 frame_id=1521 total_cpu_ns=21932379 render_cpu_ns=19982968 input_cpu_ns=1623632
K230_CARD_BENCH v=1 run=179702823862 event=submit input_id=490 frame_id=1521 t_ns=198679974129 update_cpu_ns=21932379 final=0
K230_CARD_BENCH v=1 run=179702823862 event=submit input_id=489 frame_id=1521 t_ns=198679974129 update_cpu_ns=21932379 final=0
K230_CARD_BENCH v=1 run=179702823862 event=submit input_id=488 frame_id=1521 t_ns=198679974129 update_cpu_ns=21932379 final=0
K230_CARD_BENCH v=1 run=179702823862 event=present frame_id=1520 t_ns=198640899000 presented=1 clock=monotonic
K230_CARD_BENCH v=1 run=179702823862 event=input input_id=490 gesture_id=51 kind=motion t_ns=198641645150 source=injected
K230_CARD_SHELL state mode=2 actions=1 message=0 cards=2
K230_CARD_BENCH v=1 run=179702823862 event=input input_id=489 gesture_id=51 kind=motion t_ns=198639745734 source=injected
K230_CARD_SHELL state mode=2 actions=1 message=0 cards=2
K230_CARD_BENCH v=1 run=179702823862 event=input input_id=488 gesture_id=51 kind=motion t_ns=198635523442 source=injected
K230_CARD_SHELL state mode=2 actions=1 message=0 cards=2
K230_CARD_SHELL frame-cost run=179702823862 frame_id=1520 total_cpu_ns=22450856 render_cpu_ns=19898153 input_cpu_ns=2198852
K230_CARD_BENCH v=1 run=179702823862 event=submit input_id=487 frame_id=1520 t_ns=198627878684 update_cpu_ns=22450856 final=0
K230_CARD_BENCH v=1 run=179702823862 event=submit input_id=486 frame_id=1520 t_ns=198627878684 update_cpu_ns=22450856 final=0
K230_CARD_BENCH v=1 run=179702823862 event=submit input_id=485 frame_id=1520 t_ns=198627878684 update_cpu_ns=22450856 final=0
K230_CARD_BENCH v=1 run=179702823862 event=submit input_id=484 frame_id=1520 t_ns=198627878684 update_cpu_ns=22450856 final=0
K230_CARD_BENCH v=1 run=179702823862 event=present frame_id=1519 t_ns=198602587000 presented=1 clock=monotonic
K230_CARD_BENCH v=1 run=179702823862 event=input input_id=487 gesture_id=51 kind=motion t_ns=198604384434 source=injected
K230_CARD_SHELL state mode=2 actions=1 message=0 cards=2
K230_CARD_BENCH v=1 run=179702823862 event=input input_id=486 gesture_id=51 kind=motion t_ns=198600485450 source=injected
K230_CARD_SHELL state mode=2 actions=1 message=0 cards=2
K230_CARD_BENCH v=1 run=179702823862 event=input input_id=485 gesture_id=51 kind=motion t_ns=198599825245 source=injected
K230_CARD_SHELL state mode=2 actions=1 message=0 cards=2
K230_CARD_BENCH v=1 run=179702823862 event=input input_id=484 gesture_id=51 kind=motion t_ns=198598856988 source=injected
K230_CARD_SHELL state mode=2 actions=1 message=0 cards=2
K230_CARD_SHELL frame-cost run=179702823862 frame_id=1519 total_cpu_ns=20564774 render_cpu_ns=18382404 input_cpu_ns=1877850
K230_CARD_BENCH v=1 run=179702823862 event=submit input_id=483 frame_id=1519 t_ns=198595653900 update_cpu_ns=20564774 final=0
K230_CARD_BENCH v=1 run=179702823862 event=submit input_id=482 frame_id=1519 t_ns=198595653900 update_cpu_ns=20564774 final=0
K230_CARD_BENCH v=1 run=179702823862 event=submit input_id=481 frame_id=1519 t_ns=198595653900 update_cpu_ns=20564774 final=0
K230_CARD_BENCH v=1 run=179702823862 event=submit input_id=480 frame_id=1519 t_ns=198595653900 update_cpu_ns=20564774 final=0
K230_CARD_BENCH v=1 run=179702823862 event=present frame_id=1518 t_ns=198564277000 presented=1 clock=monotonic
K230_CARD_BENCH v=1 run=179702823862 event=input input_id=483 gesture_id=51 kind=motion t_ns=198559864028 source=injected
K230_CARD_SHELL state mode=2 actions=1 message=0 cards=2
K230_CARD_BENCH v=1 run=179702823862 event=input input_id=482 gesture_id=51 kind=motion t_ns=198556078194 source=injected
K230_CARD_SHELL state mode=2 actions=1 message=0 cards=2
K230_CARD_BENCH v=1 run=179702823862 event=input input_id=481 gesture_id=51 kind=motion t_ns=198553285905 source=injected
K230_CARD_SHELL state mode=2 actions=1 message=0 cards=2
K230_CARD_BENCH v=1 run=179702823862 event=input input_id=480 gesture_id=51 kind=motion t_ns=198552339900 source=injected
K230_CARD_SHELL state mode=2 actions=1 message=0 cards=2
K230_CARD_SHELL frame-cost run=179702823862 frame_id=1518 total_cpu_ns=19568666 render_cpu_ns=16759667 input_cpu_ns=2522888
K230_CARD_BENCH v=1 run=179702823862 event=submit input_id=479 frame_id=1518 t_ns=198544927552 update_cpu_ns=19568666 final=0
K230_CARD_BENCH v=1 run=179702823862 event=submit input_id=478 frame_id=1518 t_ns=198544927552 update_cpu_ns=19568666 final=0
K230_CARD_BENCH v=1 run=179702823862 event=submit input_id=477 frame_id=1518 t_ns=198544927552 update_cpu_ns=19568666 final=0
K230_CARD_BENCH v=1 run=179702823862 event=submit input_id=476 frame_id=1518 t_ns=198544927552 update_cpu_ns=19568666 final=0
K230_CARD_BENCH v=1 run=179702823862 event=submit input_id=475 frame_id=1518 t_ns=198544927552 update_cpu_ns=19568666 final=0
K230_CARD_BENCH v=1 run=179702823862 event=submit input_id=474 frame_id=1518 t_ns=198544927552 update_cpu_ns=19568666 final=0
K230_CARD_BENCH v=1 run=179702823862 event=present frame_id=1517 t_ns=198525964000 presented=1 clock=monotonic
K230_CARD_BENCH v=1 run=179702823862 event=input input_id=479 gesture_id=51 kind=motion t_ns=198521009211 source=injected
K230_CARD_SHELL state mode=2 actions=1 message=0 cards=2
K230_CARD_BENCH v=1 run=179702823862 event=input input_id=478 gesture_id=51 kind=motion t_ns=198518501539 source=injected
K230_CARD_SHELL state mode=2 actions=1 message=0 cards=2
K230_CARD_BENCH v=1 run=179702823862 event=input input_id=477 gesture_id=51 kind=motion t_ns=198517029992 source=injected
K230_CARD_SHELL state mode=2 actions=1 message=0 cards=2
K230_CARD_BENCH v=1 run=179702823862 event=input input_id=476 gesture_id=51 kind=motion t_ns=198516167257 source=injected
K230_CARD_SHELL state mode=2 actions=1 message=0 cards=2
K230_CARD_BENCH v=1 run=179702823862 event=input input_id=475 gesture_id=51 kind=motion t_ns=198514124034 source=injected
K230_CARD_SHELL state mode=2 actions=1 message=0 cards=2
K230_CARD_BENCH v=1 run=179702823862 event=input input_id=474 gesture_id=51 kind=motion t_ns=198512326032 source=injected
K230_CARD_SHELL state mode=2 actions=1 message=0 cards=2
K230_CARD_BENCH v=1 run=179702823862 event=present frame_id=1516 t_ns=198487652000 presented=1 clock=monotonic
K230_CARD_BENCH v=1 run=179702823862 event=present frame_id=1515 t_ns=198468498000 presented=1 clock=monotonic
K230_CARD_SHELL state mode=2 actions=1 message=0 cards=2
K230_CARD_BENCH v=1 run=179702823862 event=present frame_id=1514 t_ns=198430188000 presented=1 clock=monotonic
K230_CARD_BENCH v=1 run=179702823862 event=present frame_id=1513 t_ns=198411032000 presented=1 clock=monotonic
K230_CARD_BENCH v=1 run=179702823862 event=present frame_id=1512 t_ns=198372722000 presented=1 clock=monotonic
K230_CARD_BENCH v=1 run=179702823862 event=present frame_id=1511 t_ns=198353565000 presented=1 clock=monotonic
K230_CARD_BENCH v=1 run=179702823862 event=present frame_id=1510 t_ns=198315255000 presented=1 clock=monotonic
K230_CARD_BENCH v=1 run=179702823862 event=present frame_id=1509 t_ns=198296101000 presented=1 clock=monotonic
K230_CARD_BENCH v=1 run=179702823862 event=present frame_id=1508 t_ns=198257788000 presented=1 clock=monotonic
K230_CARD_BENCH v=1 run=179702823862 event=present frame_id=1507 t_ns=198238634000 presented=1 clock=monotonic
K230_CARD_BENCH v=1 run=179702823862 event=present frame_id=1506 t_ns=198200324000 presented=1 clock=monotonic
K230_CARD_BENCH v=1 run=179702823862 event=present frame_id=1505 t_ns=198181168000 presented=1 clock=monotonic
K230_CARD_SHELL frame-cost run=179702823862 frame_id=1505 total_cpu_ns=19334652 render_cpu_ns=14018947 input_cpu_ns=5082778
K230_CARD_BENCH v=1 run=179702823862 event=submit input_id=473 frame_id=1505 t_ns=198170763176 update_cpu_ns=19334652 final=1
K230_CARD_BENCH v=1 run=179702823862 event=submit input_id=472 frame_id=1505 t_ns=198170763176 update_cpu_ns=19334652 final=0
K230_CARD_BENCH v=1 run=179702823862 event=submit input_id=471 frame_id=1505 t_ns=198170763176 update_cpu_ns=19334652 final=0
K230_CARD_BENCH v=1 run=179702823862 event=submit input_id=470 frame_id=1505 t_ns=198170763176 update_cpu_ns=19334652 final=0
K230_CARD_BENCH v=1 run=179702823862 event=submit input_id=469 frame_id=1505 t_ns=198170763176 update_cpu_ns=19334652 final=0
K230_CARD_BENCH v=1 run=179702823862 event=present frame_id=1504 t_ns=198142858000 presented=1 clock=monotonic
K230_CARD_BENCH v=1 run=179702823862 event=input input_id=473 gesture_id=50 kind=release t_ns=198150589090 source=injected
K230_CARD_SHELL state mode=1 actions=1 message=0 cards=2
K230_CARD_BENCH v=1 run=179702823862 event=input input_id=472 gesture_id=50 kind=motion t_ns=198148876098 source=injected
K230_CARD_SHELL state mode=2 actions=1 message=0 cards=2
K230_CARD_BENCH v=1 run=179702823862 event=input input_id=471 gesture_id=50 kind=motion t_ns=198148112667 source=injected
K230_CARD_SHELL state mode=2 actions=1 message=0 cards=2
K230_CARD_BENCH v=1 run=179702823862 event=input input_id=470 gesture_id=50 kind=motion t_ns=198146638565 source=injected
K230_CARD_SHELL state mode=2 actions=1 message=0 cards=2
K230_CARD_BENCH v=1 run=179702823862 event=input input_id=469 gesture_id=50 kind=motion t_ns=198145848438 source=injected
K230_CARD_SHELL state mode=2 actions=1 message=0 cards=2
K230_CARD_SHELL frame-cost run=179702823862 frame_id=1504 total_cpu_ns=22862119 render_cpu_ns=20028303 input_cpu_ns=2417445
K230_CARD_BENCH v=1 run=179702823862 event=submit input_id=468 frame_id=1504 t_ns=198142353180 update_cpu_ns=22862119 final=0
K230_CARD_BENCH v=1 run=179702823862 event=submit input_id=467 frame_id=1504 t_ns=198142353180 update_cpu_ns=22862119 final=0
K230_CARD_BENCH v=1 run=179702823862 event=submit input_id=466 frame_id=1504 t_ns=198142353180 update_cpu_ns=22862119 final=0
K230_CARD_BENCH v=1 run=179702823862 event=submit input_id=465 frame_id=1504 t_ns=198142353180 update_cpu_ns=22862119 final=0
K230_CARD_BENCH v=1 run=179702823862 event=present frame_id=1503 t_ns=198104547000 presented=1 clock=monotonic
K230_CARD_BENCH v=1 run=179702823862 event=input input_id=468 gesture_id=50 kind=motion t_ns=198105208763 source=injected
K230_CARD_SHELL state mode=2 actions=1 message=0 cards=2
K230_CARD_BENCH v=1 run=179702823862 event=input input_id=467 gesture_id=50 kind=motion t_ns=198102175696 source=injected
K230_CARD_SHELL state mode=2 actions=1 message=0 cards=2
K230_CARD_BENCH v=1 run=179702823862 event=input input_id=466 gesture_id=50 kind=motion t_ns=198100336041 source=injected
K230_CARD_SHELL state mode=2 actions=1 message=0 cards=2
K230_CARD_BENCH v=1 run=179702823862 event=input input_id=465 gesture_id=50 kind=motion t_ns=198093364409 source=injected
K230_CARD_SHELL state mode=2 actions=1 message=0 cards=2
K230_CARD_SHELL frame-cost run=179702823862 frame_id=1503 total_cpu_ns=22072726 render_cpu_ns=19446576 input_cpu_ns=2041928
K230_CARD_BENCH v=1 run=179702823862 event=submit input_id=464 frame_id=1503 t_ns=198088101622 update_cpu_ns=22072726 final=0
K230_CARD_BENCH v=1 run=179702823862 event=submit input_id=463 frame_id=1503 t_ns=198088101622 update_cpu_ns=22072726 final=0
K230_CARD_BENCH v=1 run=179702823862 event=submit input_id=462 frame_id=1503 t_ns=198088101622 update_cpu_ns=22072726 final=0
K230_CARD_BENCH v=1 run=179702823862 event=submit input_id=461 frame_id=1503 t_ns=198088101622 update_cpu_ns=22072726 final=0
K230_CARD_BENCH v=1 run=179702823862 event=present frame_id=1502 t_ns=198066236000 presented=1 clock=monotonic
K230_CARD_BENCH v=1 run=179702823862 event=input input_id=464 gesture_id=50 kind=motion t_ns=198061847481 source=injected
K230_CARD_SHELL state mode=2 actions=1 message=0 cards=2
K230_CARD_BENCH v=1 run=179702823862 event=input input_id=463 gesture_id=50 kind=motion t_ns=198056942435 source=injected
K230_CARD_SHELL state mode=2 actions=1 message=0 cards=2
K230_CARD_BENCH v=1 run=179702823862 event=input input_id=462 gesture_id=50 kind=motion t_ns=198056249834 source=injected
K230_CARD_SHELL state mode=2 actions=1 message=0 cards=2
K230_CARD_BENCH v=1 run=179702823862 event=input input_id=461 gesture_id=50 kind=motion t_ns=198054095645 source=injected
K230_CARD_SHELL state mode=2 actions=1 message=0 cards=2
K230_CARD_SHELL frame-cost run=179702823862 frame_id=1502 total_cpu_ns=20194754 render_cpu_ns=17425423 input_cpu_ns=2385518
K230_CARD_BENCH v=1 run=179702823862 event=submit input_id=460 frame_id=1502 t_ns=198053132497 update_cpu_ns=20194754 final=0
K230_CARD_BENCH v=1 run=179702823862 event=submit input_id=459 frame_id=1502 t_ns=198053132497 update_cpu_ns=20194754 final=0
K230_CARD_BENCH v=1 run=179702823862 event=submit input_id=458 frame_id=1502 t_ns=198053132497 update_cpu_ns=20194754 final=0
K230_CARD_BENCH v=1 run=179702823862 event=submit input_id=457 frame_id=1502 t_ns=198053132497 update_cpu_ns=20194754 final=0
K230_CARD_BENCH v=1 run=179702823862 event=submit input_id=456 frame_id=1502 t_ns=198053132497 update_cpu_ns=20194754 final=0
K230_CARD_BENCH v=1 run=179702823862 event=submit input_id=455 frame_id=1502 t_ns=198053132497 update_cpu_ns=20194754 final=0
K230_CARD_BENCH v=1 run=179702823862 event=present frame_id=1501 t_ns=198027928000 presented=1 clock=monotonic
K230_CARD_BENCH v=1 run=179702823862 event=input input_id=460 gesture_id=50 kind=motion t_ns=198032160027 source=injected
K230_CARD_SHELL state mode=2 actions=1 message=0 cards=2
K230_CARD_BENCH v=1 run=179702823862 event=input input_id=459 gesture_id=50 kind=motion t_ns=198031140193 source=injected
K230_CARD_SHELL state mode=2 actions=1 message=0 cards=2
K230_CARD_BENCH v=1 run=179702823862 event=input input_id=458 gesture_id=50 kind=motion t_ns=198029430423 source=injected
K230_CARD_SHELL state mode=2 actions=1 message=0 cards=2
K230_CARD_BENCH v=1 run=179702823862 event=input input_id=457 gesture_id=50 kind=motion t_ns=198028919728 source=injected
K230_CARD_SHELL state mode=2 actions=1 message=0 cards=2
K230_CARD_BENCH v=1 run=179702823862 event=input input_id=456 gesture_id=50 kind=motion t_ns=198027378721 source=injected
K230_CARD_SHELL state mode=2 actions=1 message=0 cards=2
K230_CARD_BENCH v=1 run=179702823862 event=input input_id=455 gesture_id=50 kind=motion t_ns=198026906237 source=injected
K230_CARD_SHELL state mode=2 actions=1 message=0 cards=2
K230_CARD_BENCH v=1 run=179702823862 event=present frame_id=1500 t_ns=197989615000 presented=1 clock=monotonic
K230_CARD_SHELL frame-cost run=179702823862 frame_id=1500 total_cpu_ns=16291432 render_cpu_ns=14706690 input_cpu_ns=783813
K230_CARD_BENCH v=1 run=179702823862 event=submit input_id=454 frame_id=1500 t_ns=197987276472 update_cpu_ns=16291432 final=0
K230_CARD_BENCH v=1 run=179702823862 event=submit input_id=453 frame_id=1500 t_ns=197987276472 update_cpu_ns=16291432 final=0
K230_CARD_BENCH v=1 run=179702823862 event=present frame_id=1499 t_ns=197970460000 presented=1 clock=monotonic
K230_CARD_BENCH v=1 run=179702823862 event=input input_id=454 gesture_id=50 kind=motion t_ns=197964598650 source=injected
K230_CARD_SHELL state mode=2 actions=1 message=0 cards=2
K230_CARD_BENCH v=1 run=179702823862 event=resource phase=active t_ns=197962228397 cpu_ns=33375090000 memory_bytes=32104448 scope=session
K230_CARD_BENCH v=1 run=179702823862 event=resource phase=active t_ns=197962228397 cpu_ns=21048219575 memory_bytes=34217984 scope=compositor
K230_CARD_BENCH v=1 run=179702823862 event=input input_id=453 gesture_id=50 kind=motion t_ns=197960257277 source=injected
K230_CARD_SHELL state mode=2 actions=1 message=0 cards=2
K230_CARD_SHELL state mode=2 actions=1 message=0 cards=2
K230_CARD_BENCH v=1 run=179702823862 event=present frame_id=1498 t_ns=197932151000 presented=1 clock=monotonic
K230_CARD_BENCH v=1 run=179702823862 event=present frame_id=1497 t_ns=197912994000 presented=1 clock=monotonic
K230_CARD_BENCH v=1 run=179702823862 event=present frame_id=1496 t_ns=197874682000 presented=1 clock=monotonic
K230_CARD_BENCH v=1 run=179702823862 event=present frame_id=1495 t_ns=197855528000 presented=1 clock=monotonic
K230_CARD_BENCH v=1 run=179702823862 event=present frame_id=1494 t_ns=197817217000 presented=1 clock=monotonic
K230_CARD_BENCH v=1 run=179702823862 event=present frame_id=1493 t_ns=197798063000 presented=1 clock=monotonic
K230_CARD_BENCH v=1 run=179702823862 event=present frame_id=1492 t_ns=197759751000 presented=1 clock=monotonic
K230_CARD_BENCH v=1 run=179702823862 event=present frame_id=1491 t_ns=197740597000 presented=1 clock=monotonic
K230_CARD_BENCH v=1 run=179702823862 event=present frame_id=1490 t_ns=197702287000 presented=1 clock=monotonic
K230_CARD_BENCH v=1 run=179702823862 event=present frame_id=1489 t_ns=197683136000 presented=1 clock=monotonic
K230_CARD_BENCH v=1 run=179702823862 event=present frame_id=1488 t_ns=197663977000 presented=1 clock=monotonic
K230_CARD_SHELL frame-cost run=179702823862 frame_id=1488 total_cpu_ns=18946062 render_cpu_ns=14409364 input_cpu_ns=4199996
K230_CARD_BENCH v=1 run=179702823862 event=submit input_id=452 frame_id=1488 t_ns=197651069529 update_cpu_ns=18946062 final=1
K230_CARD_BENCH v=1 run=179702823862 event=submit input_id=451 frame_id=1488 t_ns=197651069529 update_cpu_ns=18946062 final=0
K230_CARD_BENCH v=1 run=179702823862 event=submit input_id=450 frame_id=1488 t_ns=197651069529 update_cpu_ns=18946062 final=0
K230_CARD_BENCH v=1 run=179702823862 event=submit input_id=449 frame_id=1488 t_ns=197651069529 update_cpu_ns=18946062 final=0
K230_CARD_BENCH v=1 run=179702823862 event=present frame_id=1487 t_ns=197625669000 presented=1 clock=monotonic
K230_CARD_BENCH v=1 run=179702823862 event=input input_id=452 gesture_id=49 kind=release t_ns=197629909267 source=injected
K230_CARD_SHELL state mode=1 actions=1 message=0 cards=2
K230_CARD_BENCH v=1 run=179702823862 event=input input_id=451 gesture_id=49 kind=motion t_ns=197626951828 source=injected
K230_CARD_SHELL state mode=2 actions=1 message=0 cards=2
K230_CARD_BENCH v=1 run=179702823862 event=input input_id=450 gesture_id=49 kind=motion t_ns=197626370937 source=injected
K230_CARD_SHELL state mode=2 actions=1 message=0 cards=2
K230_CARD_BENCH v=1 run=179702823862 event=input input_id=449 gesture_id=49 kind=motion t_ns=197625580075 source=injected
K230_CARD_SHELL state mode=2 actions=1 message=0 cards=2
K230_CARD_SHELL frame-cost run=179702823862 frame_id=1487 total_cpu_ns=22403264 render_cpu_ns=20001225 input_cpu_ns=2049264
K230_CARD_BENCH v=1 run=179702823862 event=submit input_id=448 frame_id=1487 t_ns=197622622228 update_cpu_ns=22403264 final=0
K230_CARD_BENCH v=1 run=179702823862 event=submit input_id=447 frame_id=1487 t_ns=197622622228 update_cpu_ns=22403264 final=0
K230_CARD_BENCH v=1 run=179702823862 event=submit input_id=446 frame_id=1487 t_ns=197622622228 update_cpu_ns=22403264 final=0
K230_CARD_BENCH v=1 run=179702823862 event=submit input_id=445 frame_id=1487 t_ns=197622622228 update_cpu_ns=22403264 final=0
K230_CARD_BENCH v=1 run=179702823862 event=present frame_id=1486 t_ns=197587356000 presented=1 clock=monotonic
K230_CARD_BENCH v=1 run=179702823862 event=input input_id=448 gesture_id=49 kind=motion t_ns=197583301092 source=injected
K230_CARD_SHELL state mode=2 actions=1 message=0 cards=2
K230_CARD_BENCH v=1 run=179702823862 event=input input_id=447 gesture_id=49 kind=motion t_ns=197581709704 source=injected
K230_CARD_SHELL state mode=2 actions=1 message=0 cards=2
K230_CARD_BENCH v=1 run=179702823862 event=input input_id=446 gesture_id=49 kind=motion t_ns=197581026919 source=injected
K230_CARD_SHELL state mode=2 actions=1 message=0 cards=2
K230_CARD_BENCH v=1 run=179702823862 event=input input_id=445 gesture_id=49 kind=motion t_ns=197577342487 source=injected
K230_CARD_SHELL state mode=2 actions=1 message=0 cards=2
K230_CARD_SHELL frame-cost run=179702823862 frame_id=1486 total_cpu_ns=21697605 render_cpu_ns=20159496 input_cpu_ns=1302557
K230_CARD_BENCH v=1 run=179702823862 event=submit input_id=444 frame_id=1486 t_ns=197571972104 update_cpu_ns=21697605 final=0
K230_CARD_BENCH v=1 run=179702823862 event=submit input_id=443 frame_id=1486 t_ns=197571972104 update_cpu_ns=21697605 final=0
K230_CARD_BENCH v=1 run=179702823862 event=submit input_id=442 frame_id=1486 t_ns=197571972104 update_cpu_ns=21697605 final=0
K230_CARD_BENCH v=1 run=179702823862 event=present frame_id=1485 t_ns=197549046000 presented=1 clock=monotonic
K230_CARD_BENCH v=1 run=179702823862 event=input input_id=444 gesture_id=49 kind=motion t_ns=197544515935 source=injected
K230_CARD_SHELL state mode=2 actions=1 message=0 cards=2
K230_CARD_BENCH v=1 run=179702823862 event=input input_id=443 gesture_id=49 kind=motion t_ns=197543875915 source=injected
K230_CARD_SHELL state mode=2 actions=1 message=0 cards=2
K230_CARD_BENCH v=1 run=179702823862 event=input input_id=442 gesture_id=49 kind=motion t_ns=197541783018 source=injected
K230_CARD_SHELL state mode=2 actions=1 message=0 cards=2
K230_CARD_SHELL frame-cost run=179702823862 frame_id=1485 total_cpu_ns=20495175 render_cpu_ns=18355250 input_cpu_ns=1818891
K230_CARD_BENCH v=1 run=179702823862 event=submit input_id=441 frame_id=1485 t_ns=197540866048 update_cpu_ns=20495175 final=0
K230_CARD_BENCH v=1 run=179702823862 event=submit input_id=440 frame_id=1485 t_ns=197540866048 update_cpu_ns=20495175 final=0
K230_CARD_BENCH v=1 run=179702823862 event=submit input_id=439 frame_id=1485 t_ns=197540866048 update_cpu_ns=20495175 final=0
K230_CARD_BENCH v=1 run=179702823862 event=submit input_id=438 frame_id=1485 t_ns=197540866048 update_cpu_ns=20495175 final=0
K230_CARD_BENCH v=1 run=179702823862 event=present frame_id=1484 t_ns=197510737000 presented=1 clock=monotonic
K230_CARD_BENCH v=1 run=179702823862 event=input input_id=441 gesture_id=49 kind=motion t_ns=197510206554 source=injected
K230_CARD_SHELL state mode=2 actions=1 message=0 cards=2
K230_CARD_BENCH v=1 run=179702823862 event=input input_id=440 gesture_id=49 kind=motion t_ns=197500925366 source=injected
K230_CARD_SHELL state mode=2 actions=1 message=0 cards=2
K230_CARD_BENCH v=1 run=179702823862 event=input input_id=439 gesture_id=49 kind=motion t_ns=197500241359 source=injected
K230_CARD_SHELL state mode=2 actions=1 message=0 cards=2
K230_CARD_BENCH v=1 run=179702823862 event=input input_id=438 gesture_id=49 kind=motion t_ns=197497874882 source=injected
K230_CARD_SHELL state mode=2 actions=1 message=0 cards=2
K230_CARD_SHELL frame-cost run=179702823862 frame_id=1484 total_cpu_ns=19581482 render_cpu_ns=16708706 input_cpu_ns=2580366
K230_CARD_BENCH v=1 run=179702823862 event=submit input_id=437 frame_id=1484 t_ns=197491910612 update_cpu_ns=19581482 final=0
K230_CARD_BENCH v=1 run=179702823862 event=submit input_id=436 frame_id=1484 t_ns=197491910612 update_cpu_ns=19581482 final=0
K230_CARD_BENCH v=1 run=179702823862 event=submit input_id=435 frame_id=1484 t_ns=197491910612 update_cpu_ns=19581482 final=0
K230_CARD_BENCH v=1 run=179702823862 event=submit input_id=434 frame_id=1484 t_ns=197491910612 update_cpu_ns=19581482 final=0
K230_CARD_BENCH v=1 run=179702823862 event=submit input_id=433 frame_id=1484 t_ns=197491910612 update_cpu_ns=19581482 final=0
K230_CARD_BENCH v=1 run=179702823862 event=submit input_id=432 frame_id=1484 t_ns=197491910612 update_cpu_ns=19581482 final=0
K230_CARD_BENCH v=1 run=179702823862 event=present frame_id=1483 t_ns=197472425000 presented=1 clock=monotonic
K230_CARD_BENCH v=1 run=179702823862 event=input input_id=437 gesture_id=49 kind=motion t_ns=197470224367 source=injected
K230_CARD_SHELL state mode=2 actions=1 message=0 cards=2
K230_CARD_BENCH v=1 run=179702823862 event=input input_id=436 gesture_id=49 kind=motion t_ns=197466057605 source=injected
K230_CARD_SHELL state mode=2 actions=1 message=0 cards=2
K230_CARD_BENCH v=1 run=179702823862 event=input input_id=435 gesture_id=49 kind=motion t_ns=197465343311 source=injected
K230_CARD_SHELL state mode=2 actions=1 message=0 cards=2
K230_CARD_BENCH v=1 run=179702823862 event=input input_id=434 gesture_id=49 kind=motion t_ns=197463154112 source=injected
K230_CARD_SHELL state mode=2 actions=1 message=0 cards=2
K230_CARD_BENCH v=1 run=179702823862 event=input input_id=433 gesture_id=49 kind=motion t_ns=197461105831 source=injected
K230_CARD_SHELL state mode=2 actions=1 message=0 cards=2
K230_CARD_BENCH v=1 run=179702823862 event=input input_id=432 gesture_id=49 kind=motion t_ns=197458859501 source=injected
K230_CARD_SHELL state mode=2 actions=1 message=0 cards=2
K230_CARD_BENCH v=1 run=179702823862 event=present frame_id=1482 t_ns=197434113000 presented=1 clock=monotonic
K230_CARD_BENCH v=1 run=179702823862 event=present frame_id=1481 t_ns=197414959000 presented=1 clock=monotonic
K230_CARD_SHELL state mode=2 actions=1 message=0 cards=2
K230_CARD_BENCH v=1 run=179702823862 event=present frame_id=1480 t_ns=197376649000 presented=1 clock=monotonic
K230_CARD_BENCH v=1 run=179702823862 event=present frame_id=1479 t_ns=197357494000 presented=1 clock=monotonic
K230_CARD_BENCH v=1 run=179702823862 event=present frame_id=1478 t_ns=197319183000 presented=1 clock=monotonic
K230_CARD_BENCH v=1 run=179702823862 event=present frame_id=1477 t_ns=197300029000 presented=1 clock=monotonic
K230_CARD_BENCH v=1 run=179702823862 event=present frame_id=1476 t_ns=197261716000 presented=1 clock=monotonic
K230_CARD_BENCH v=1 run=179702823862 event=present frame_id=1475 t_ns=197242562000 presented=1 clock=monotonic
K230_CARD_BENCH v=1 run=179702823862 event=present frame_id=1474 t_ns=197204250000 presented=1 clock=monotonic
K230_CARD_BENCH v=1 run=179702823862 event=present frame_id=1473 t_ns=197185096000 presented=1 clock=monotonic
K230_CARD_BENCH v=1 run=179702823862 event=present frame_id=1472 t_ns=197146786000 presented=1 clock=monotonic
K230_CARD_SHELL live cards=2 commits=1048 sampled=2079 frame-done=2093 output-presented=944
K230_CARD_SHELL frame-cost run=179702823862 frame_id=1472 total_cpu_ns=17686330 render_cpu_ns=14326553 input_cpu_ns=3043704
K230_CARD_BENCH v=1 run=179702823862 event=submit input_id=431 frame_id=1472 t_ns=197143476779 update_cpu_ns=17686330 final=1
K230_CARD_BENCH v=1 run=179702823862 event=submit input_id=430 frame_id=1472 t_ns=197143476779 update_cpu_ns=17686330 final=0
K230_CARD_BENCH v=1 run=179702823862 event=present frame_id=1471 t_ns=197127631000 presented=1 clock=monotonic
K230_CARD_BENCH v=1 run=179702823862 event=input input_id=431 gesture_id=48 kind=release t_ns=197119559607 source=injected
K230_CARD_SHELL state mode=1 actions=1 message=0 cards=2
K230_CARD_BENCH v=1 run=179702823862 event=input input_id=430 gesture_id=48 kind=motion t_ns=197118797625 source=injected
K230_CARD_SHELL state mode=2 actions=1 message=0 cards=2
K230_CARD_SHELL frame-cost run=179702823862 frame_id=1471 total_cpu_ns=23008931 render_cpu_ns=20170486 input_cpu_ns=2453369
K230_CARD_BENCH v=1 run=179702823862 event=submit input_id=429 frame_id=1471 t_ns=197115536689 update_cpu_ns=23008931 final=0
K230_CARD_BENCH v=1 run=179702823862 event=submit input_id=428 frame_id=1471 t_ns=197115536689 update_cpu_ns=23008931 final=0
K230_CARD_BENCH v=1 run=179702823862 event=submit input_id=427 frame_id=1471 t_ns=197115536689 update_cpu_ns=23008931 final=0
K230_CARD_BENCH v=1 run=179702823862 event=submit input_id=426 frame_id=1471 t_ns=197115536689 update_cpu_ns=23008931 final=0
K230_CARD_BENCH v=1 run=179702823862 event=present frame_id=1470 t_ns=197070165000 presented=1 clock=monotonic
K230_CARD_BENCH v=1 run=179702823862 event=input input_id=429 gesture_id=48 kind=motion t_ns=197080318446 source=injected
K230_CARD_SHELL state mode=2 actions=1 message=0 cards=2
K230_CARD_BENCH v=1 run=179702823862 event=input input_id=428 gesture_id=48 kind=motion t_ns=197076132134 source=injected
K230_CARD_SHELL state mode=2 actions=1 message=0 cards=2
K230_CARD_BENCH v=1 run=179702823862 event=input input_id=427 gesture_id=48 kind=motion t_ns=197073928643 source=injected
K230_CARD_SHELL state mode=2 actions=1 message=0 cards=2
K230_CARD_BENCH v=1 run=179702823862 event=input input_id=426 gesture_id=48 kind=motion t_ns=197066316484 source=injected
K230_CARD_SHELL state mode=2 actions=1 message=0 cards=2
K230_CARD_SHELL frame-cost run=179702823862 frame_id=1470 total_cpu_ns=23391710 render_cpu_ns=19889039 input_cpu_ns=3162785
K230_CARD_BENCH v=1 run=179702823862 event=submit input_id=425 frame_id=1470 t_ns=197061010229 update_cpu_ns=23391710 final=0
K230_CARD_BENCH v=1 run=179702823862 event=submit input_id=424 frame_id=1470 t_ns=197061010229 update_cpu_ns=23391710 final=0
K230_CARD_BENCH v=1 run=179702823862 event=submit input_id=423 frame_id=1470 t_ns=197061010229 update_cpu_ns=23391710 final=0
K230_CARD_BENCH v=1 run=179702823862 event=submit input_id=422 frame_id=1470 t_ns=197061010229 update_cpu_ns=23391710 final=0
K230_CARD_BENCH v=1 run=179702823862 event=submit input_id=421 frame_id=1470 t_ns=197061010229 update_cpu_ns=23391710 final=0
K230_CARD_BENCH v=1 run=179702823862 event=present frame_id=1469 t_ns=197031857000 presented=1 clock=monotonic
K230_CARD_BENCH v=1 run=179702823862 event=input input_id=425 gesture_id=48 kind=motion t_ns=197036740131 source=injected
K230_CARD_SHELL state mode=2 actions=1 message=0 cards=2
K230_CARD_BENCH v=1 run=179702823862 event=input input_id=424 gesture_id=48 kind=motion t_ns=197033088281 source=injected
K230_CARD_SHELL state mode=2 actions=1 message=0 cards=2
K230_CARD_BENCH v=1 run=179702823862 event=input input_id=423 gesture_id=48 kind=motion t_ns=197031370378 source=injected
K230_CARD_SHELL state mode=2 actions=1 message=0 cards=2
K230_CARD_BENCH v=1 run=179702823862 event=input input_id=422 gesture_id=48 kind=motion t_ns=197030815108 source=injected
K230_CARD_SHELL state mode=2 actions=1 message=0 cards=2
K230_CARD_BENCH v=1 run=179702823862 event=input input_id=421 gesture_id=48 kind=motion t_ns=197030143838 source=injected
K230_CARD_SHELL state mode=2 actions=1 message=0 cards=2
K230_CARD_SHELL frame-cost run=179702823862 frame_id=1469 total_cpu_ns=20422054 render_cpu_ns=18502243 input_cpu_ns=1594554
K230_CARD_BENCH v=1 run=179702823862 event=submit input_id=420 frame_id=1469 t_ns=197026800150 update_cpu_ns=20422054 final=0
K230_CARD_BENCH v=1 run=179702823862 event=submit input_id=419 frame_id=1469 t_ns=197026800150 update_cpu_ns=20422054 final=0
K230_CARD_BENCH v=1 run=179702823862 event=submit input_id=418 frame_id=1469 t_ns=197026800150 update_cpu_ns=20422054 final=0
K230_CARD_BENCH v=1 run=179702823862 event=present frame_id=1468 t_ns=196993545000 presented=1 clock=monotonic
K230_CARD_BENCH v=1 run=179702823862 event=input input_id=420 gesture_id=48 kind=motion t_ns=196990550397 source=injected
K230_CARD_SHELL state mode=2 actions=1 message=0 cards=2
K230_CARD_BENCH v=1 run=179702823862 event=input input_id=419 gesture_id=48 kind=motion t_ns=196988749977 source=injected
K230_CARD_SHELL state mode=2 actions=1 message=0 cards=2
K230_CARD_BENCH v=1 run=179702823862 event=input input_id=418 gesture_id=48 kind=motion t_ns=196984322663 source=injected
K230_CARD_SHELL state mode=2 actions=1 message=0 cards=2
K230_CARD_SHELL frame-cost run=179702823862 frame_id=1468 total_cpu_ns=20883632 render_cpu_ns=17321600 input_cpu_ns=2568477
K230_CARD_BENCH v=1 run=179702823862 event=submit input_id=417 frame_id=1468 t_ns=196975823586 update_cpu_ns=20883632 final=0
K230_CARD_BENCH v=1 run=179702823862 event=submit input_id=416 frame_id=1468 t_ns=196975823586 update_cpu_ns=20883632 final=0
K230_CARD_BENCH v=1 run=179702823862 event=submit input_id=415 frame_id=1468 t_ns=196975823586 update_cpu_ns=20883632 final=0
K230_CARD_BENCH v=1 run=179702823862 event=submit input_id=414 frame_id=1468 t_ns=196975823586 update_cpu_ns=20883632 final=0
K230_CARD_BENCH v=1 run=179702823862 event=submit input_id=413 frame_id=1468 t_ns=196975823586 update_cpu_ns=20883632 final=0
K230_CARD_BENCH v=1 run=179702823862 event=submit input_id=412 frame_id=1468 t_ns=196975823586 update_cpu_ns=20883632 final=0
K230_CARD_BENCH v=1 run=179702823862 event=present frame_id=1467 t_ns=196955236000 presented=1 clock=monotonic
K230_CARD_BENCH v=1 run=179702823862 event=input input_id=417 gesture_id=48 kind=motion t_ns=196954768963 source=injected
K230_CARD_SHELL state mode=2 actions=1 message=0 cards=2
K230_CARD_BENCH v=1 run=179702823862 event=input input_id=416 gesture_id=48 kind=motion t_ns=196949133408 source=injected
K230_CARD_SHELL state mode=2 actions=1 message=0 cards=2
K230_CARD_BENCH v=1 run=179702823862 event=resource phase=active t_ns=196947303331 cpu_ns=32625560000 memory_bytes=32108544 scope=session
K230_CARD_BENCH v=1 run=179702823862 event=resource phase=active t_ns=196947303331 cpu_ns=20494970934 memory_bytes=34217984 scope=compositor
K230_CARD_BENCH v=1 run=179702823862 event=input input_id=415 gesture_id=48 kind=motion t_ns=196946720297 source=injected
K230_CARD_SHELL state mode=2 actions=1 message=0 cards=2
K230_CARD_BENCH v=1 run=179702823862 event=input input_id=414 gesture_id=48 kind=motion t_ns=196945290091 source=injected
K230_CARD_SHELL state mode=2 actions=1 message=0 cards=2
K230_CARD_BENCH v=1 run=179702823862 event=input input_id=413 gesture_id=48 kind=motion t_ns=196944827684 source=injected
K230_CARD_SHELL state mode=2 actions=1 message=0 cards=2
K230_CARD_BENCH v=1 run=179702823862 event=input input_id=412 gesture_id=48 kind=motion t_ns=196942642796 source=injected
K230_CARD_SHELL state mode=2 actions=1 message=0 cards=2
K230_CARD_BENCH v=1 run=179702823862 event=present frame_id=1466 t_ns=196916925000 presented=1 clock=monotonic
K230_CARD_SHELL frame-cost run=179702823862 frame_id=1466 total_cpu_ns=14464644 render_cpu_ns=13940903 input_cpu_ns=378408
K230_CARD_BENCH v=1 run=179702823862 event=submit input_id=411 frame_id=1466 t_ns=196913722891 update_cpu_ns=14464644 final=0
K230_CARD_BENCH v=1 run=179702823862 event=present frame_id=1465 t_ns=196897769000 presented=1 clock=monotonic
K230_CARD_BENCH v=1 run=179702823862 event=input input_id=411 gesture_id=48 kind=motion t_ns=196894770553 source=injected
K230_CARD_SHELL state mode=2 actions=1 message=0 cards=2
K230_CARD_SHELL state mode=2 actions=1 message=0 cards=2
K230_CARD_BENCH v=1 run=179702823862 event=present frame_id=1464 t_ns=196859459000 presented=1 clock=monotonic
K230_CARD_BENCH v=1 run=179702823862 event=present frame_id=1463 t_ns=196840304000 presented=1 clock=monotonic
K230_CARD_BENCH v=1 run=179702823862 event=present frame_id=1462 t_ns=196801992000 presented=1 clock=monotonic
K230_CARD_BENCH v=1 run=179702823862 event=present frame_id=1461 t_ns=196782839000 presented=1 clock=monotonic
K230_CARD_BENCH v=1 run=179702823862 event=present frame_id=1460 t_ns=196744527000 presented=1 clock=monotonic
K230_CARD_BENCH v=1 run=179702823862 event=present frame_id=1459 t_ns=196725374000 presented=1 clock=monotonic
K230_CARD_BENCH v=1 run=179702823862 event=present frame_id=1458 t_ns=196687062000 presented=1 clock=monotonic
K230_CARD_BENCH v=1 run=179702823862 event=present frame_id=1457 t_ns=196667909000 presented=1 clock=monotonic
K230_CARD_BENCH v=1 run=179702823862 event=present frame_id=1456 t_ns=196629597000 presented=1 clock=monotonic
K230_CARD_BENCH v=1 run=179702823862 event=present frame_id=1455 t_ns=196610444000 presented=1 clock=monotonic
K230_CARD_SHELL frame-cost run=179702823862 frame_id=1455 total_cpu_ns=20568979 render_cpu_ns=14128793 input_cpu_ns=5950590
K230_CARD_BENCH v=1 run=179702823862 event=submit input_id=410 frame_id=1455 t_ns=196595020467 update_cpu_ns=20568979 final=1
K230_CARD_BENCH v=1 run=179702823862 event=submit input_id=409 frame_id=1455 t_ns=196595020467 update_cpu_ns=20568979 final=0
K230_CARD_BENCH v=1 run=179702823862 event=submit input_id=408 frame_id=1455 t_ns=196595020467 update_cpu_ns=20568979 final=0
K230_CARD_BENCH v=1 run=179702823862 event=submit input_id=407 frame_id=1455 t_ns=196595020467 update_cpu_ns=20568979 final=0
K230_CARD_BENCH v=1 run=179702823862 event=submit input_id=406 frame_id=1455 t_ns=196595020467 update_cpu_ns=20568979 final=0
K230_CARD_BENCH v=1 run=179702823862 event=submit input_id=405 frame_id=1455 t_ns=196595020467 update_cpu_ns=20568979 final=0
K230_CARD_BENCH v=1 run=179702823862 event=submit input_id=404 frame_id=1455 t_ns=196595020467 update_cpu_ns=20568979 final=0
K230_CARD_BENCH v=1 run=179702823862 event=present frame_id=1454 t_ns=196572135000 presented=1 clock=monotonic
K230_CARD_BENCH v=1 run=179702823862 event=input input_id=410 gesture_id=47 kind=release t_ns=196573436051 source=injected
K230_CARD_SHELL state mode=1 actions=1 message=0 cards=2
K230_CARD_BENCH v=1 run=179702823862 event=input input_id=409 gesture_id=47 kind=motion t_ns=196572824063 source=injected
K230_CARD_SHELL state mode=2 actions=1 message=0 cards=2
K230_CARD_BENCH v=1 run=179702823862 event=input input_id=408 gesture_id=47 kind=motion t_ns=196571548326 source=injected
K230_CARD_SHELL state mode=2 actions=1 message=0 cards=2
K230_CARD_BENCH v=1 run=179702823862 event=input input_id=407 gesture_id=47 kind=motion t_ns=196569904819 source=injected
K230_CARD_SHELL state mode=2 actions=1 message=0 cards=2
K230_CARD_BENCH v=1 run=179702823862 event=input input_id=406 gesture_id=47 kind=motion t_ns=196567639437 source=injected
K230_CARD_SHELL state mode=2 actions=1 message=0 cards=2
K230_CARD_BENCH v=1 run=179702823862 event=input input_id=405 gesture_id=47 kind=motion t_ns=196566953918 source=injected
K230_CARD_SHELL state mode=2 actions=1 message=0 cards=2
K230_CARD_BENCH v=1 run=179702823862 event=input input_id=404 gesture_id=47 kind=motion t_ns=196565011062 source=injected
K230_CARD_SHELL state mode=2 actions=1 message=0 cards=2
K230_CARD_BENCH v=1 run=179702823862 event=present frame_id=1453 t_ns=196533824000 presented=1 clock=monotonic
K230_CARD_SHELL frame-cost run=179702823862 frame_id=1453 total_cpu_ns=22146227 render_cpu_ns=20083523 input_cpu_ns=1766964
K230_CARD_BENCH v=1 run=179702823862 event=submit input_id=403 frame_id=1453 t_ns=196527829116 update_cpu_ns=22146227 final=0
K230_CARD_BENCH v=1 run=179702823862 event=submit input_id=402 frame_id=1453 t_ns=196527829116 update_cpu_ns=22146227 final=0
K230_CARD_BENCH v=1 run=179702823862 event=submit input_id=401 frame_id=1453 t_ns=196527829116 update_cpu_ns=22146227 final=0
K230_CARD_BENCH v=1 run=179702823862 event=submit input_id=400 frame_id=1453 t_ns=196527829116 update_cpu_ns=22146227 final=0
K230_CARD_BENCH v=1 run=179702823862 event=present frame_id=1452 t_ns=196495515000 presented=1 clock=monotonic
K230_CARD_BENCH v=1 run=179702823862 event=input input_id=403 gesture_id=47 kind=motion t_ns=196500793309 source=injected
K230_CARD_SHELL state mode=2 actions=1 message=0 cards=2
K230_CARD_BENCH v=1 run=179702823862 event=input input_id=402 gesture_id=47 kind=motion t_ns=196494474974 source=injected
K230_CARD_SHELL state mode=2 actions=1 message=0 cards=2
K230_CARD_BENCH v=1 run=179702823862 event=input input_id=401 gesture_id=47 kind=motion t_ns=196493933815 source=injected
K230_CARD_SHELL state mode=2 actions=1 message=0 cards=2
K230_CARD_BENCH v=1 run=179702823862 event=input input_id=400 gesture_id=47 kind=motion t_ns=196493336156 source=injected
K230_CARD_SHELL state mode=2 actions=1 message=0 cards=2
K230_CARD_SHELL frame-cost run=179702823862 frame_id=1452 total_cpu_ns=20252152 render_cpu_ns=18341968 input_cpu_ns=1657146
K230_CARD_BENCH v=1 run=179702823862 event=submit input_id=399 frame_id=1452 t_ns=196486763607 update_cpu_ns=20252152 final=0
K230_CARD_BENCH v=1 run=179702823862 event=submit input_id=398 frame_id=1452 t_ns=196486763607 update_cpu_ns=20252152 final=0
K230_CARD_BENCH v=1 run=179702823862 event=submit input_id=397 frame_id=1452 t_ns=196486763607 update_cpu_ns=20252152 final=0
K230_CARD_BENCH v=1 run=179702823862 event=present frame_id=1451 t_ns=196457204000 presented=1 clock=monotonic
K230_CARD_BENCH v=1 run=179702823862 event=input input_id=399 gesture_id=47 kind=motion t_ns=196460163585 source=injected
K230_CARD_SHELL state mode=2 actions=1 message=0 cards=2
K230_CARD_BENCH v=1 run=179702823862 event=input input_id=398 gesture_id=47 kind=motion t_ns=196454725374 source=injected
K230_CARD_SHELL state mode=2 actions=1 message=0 cards=2
K230_CARD_BENCH v=1 run=179702823862 event=input input_id=397 gesture_id=47 kind=motion t_ns=196453781826 source=injected
K230_CARD_SHELL state mode=2 actions=1 message=0 cards=2
K230_CARD_SHELL frame-cost run=179702823862 frame_id=1451 total_cpu_ns=19178374 render_cpu_ns=17051410 input_cpu_ns=1746995
K230_CARD_BENCH v=1 run=179702823862 event=submit input_id=396 frame_id=1451 t_ns=196448166228 update_cpu_ns=19178374 final=0
K230_CARD_BENCH v=1 run=179702823862 event=submit input_id=395 frame_id=1451 t_ns=196448166228 update_cpu_ns=19178374 final=0
K230_CARD_BENCH v=1 run=179702823862 event=submit input_id=394 frame_id=1451 t_ns=196448166228 update_cpu_ns=19178374 final=0
K230_CARD_BENCH v=1 run=179702823862 event=submit input_id=393 frame_id=1451 t_ns=196448166228 update_cpu_ns=19178374 final=0
K230_CARD_BENCH v=1 run=179702823862 event=present frame_id=1450 t_ns=196418893000 presented=1 clock=monotonic
K230_CARD_BENCH v=1 run=179702823862 event=input input_id=396 gesture_id=47 kind=motion t_ns=196425180856 source=injected
K230_CARD_SHELL state mode=2 actions=1 message=0 cards=2
K230_CARD_BENCH v=1 run=179702823862 event=input input_id=395 gesture_id=47 kind=motion t_ns=196419993639 source=injected
K230_CARD_SHELL state mode=2 actions=1 message=0 cards=2
K230_CARD_BENCH v=1 run=179702823862 event=input input_id=394 gesture_id=47 kind=motion t_ns=196417750214 source=injected
K230_CARD_SHELL state mode=2 actions=1 message=0 cards=2
K230_CARD_BENCH v=1 run=179702823862 event=input input_id=393 gesture_id=47 kind=motion t_ns=196417219718 source=injected
K230_CARD_SHELL state mode=2 actions=1 message=0 cards=2
K230_CARD_SHELL frame-cost run=179702823862 frame_id=1450 total_cpu_ns=16544026 render_cpu_ns=15146103 input_cpu_ns=1199813
K230_CARD_BENCH v=1 run=179702823862 event=submit input_id=392 frame_id=1450 t_ns=196410445271 update_cpu_ns=16544026 final=0
K230_CARD_BENCH v=1 run=179702823862 event=submit input_id=391 frame_id=1450 t_ns=196410445271 update_cpu_ns=16544026 final=0
K230_CARD_BENCH v=1 run=179702823862 event=submit input_id=390 frame_id=1450 t_ns=196410445271 update_cpu_ns=16544026 final=0
K230_CARD_BENCH v=1 run=179702823862 event=present frame_id=1449 t_ns=196380585000 presented=1 clock=monotonic
K230_CARD_BENCH v=1 run=179702823862 event=input input_id=392 gesture_id=47 kind=motion t_ns=196382999262 source=injected
K230_CARD_SHELL state mode=2 actions=1 message=0 cards=2
K230_CARD_BENCH v=1 run=179702823862 event=input input_id=391 gesture_id=47 kind=motion t_ns=196380304575 source=injected
K230_CARD_SHELL state mode=2 actions=1 message=0 cards=2
K230_CARD_BENCH v=1 run=179702823862 event=input input_id=390 gesture_id=47 kind=motion t_ns=196378325139 source=injected
K230_CARD_SHELL state mode=2 actions=1 message=0 cards=2
K230_CARD_BENCH v=1 run=179702823862 event=present frame_id=1448 t_ns=196361428000 presented=1 clock=monotonic
K230_CARD_SHELL state mode=2 actions=1 message=0 cards=2
K230_CARD_BENCH v=1 run=179702823862 event=present frame_id=1447 t_ns=196323118000 presented=1 clock=monotonic
K230_CARD_BENCH v=1 run=179702823862 event=present frame_id=1446 t_ns=196303962000 presented=1 clock=monotonic
K230_CARD_BENCH v=1 run=179702823862 event=present frame_id=1445 t_ns=196265652000 presented=1 clock=monotonic
K230_CARD_BENCH v=1 run=179702823862 event=present frame_id=1444 t_ns=196246497000 presented=1 clock=monotonic
K230_CARD_BENCH v=1 run=179702823862 event=present frame_id=1443 t_ns=196208189000 presented=1 clock=monotonic
K230_CARD_BENCH v=1 run=179702823862 event=present frame_id=1442 t_ns=196189032000 presented=1 clock=monotonic
K230_CARD_BENCH v=1 run=179702823862 event=present frame_id=1441 t_ns=196150721000 presented=1 clock=monotonic
K230_CARD_BENCH v=1 run=179702823862 event=present frame_id=1440 t_ns=196131567000 presented=1 clock=monotonic
K230_CARD_BENCH v=1 run=179702823862 event=present frame_id=1439 t_ns=196093258000 presented=1 clock=monotonic
K230_CARD_SHELL frame-cost run=179702823862 frame_id=1439 total_cpu_ns=17766742 render_cpu_ns=14305515 input_cpu_ns=3256225
K230_CARD_BENCH v=1 run=179702823862 event=submit input_id=389 frame_id=1439 t_ns=196089895775 update_cpu_ns=17766742 final=1
K230_CARD_BENCH v=1 run=179702823862 event=submit input_id=388 frame_id=1439 t_ns=196089895775 update_cpu_ns=17766742 final=0
K230_CARD_BENCH v=1 run=179702823862 event=present frame_id=1438 t_ns=196074102000 presented=1 clock=monotonic
K230_CARD_BENCH v=1 run=179702823862 event=input input_id=389 gesture_id=46 kind=release t_ns=196066408491 source=injected
K230_CARD_SHELL state mode=1 actions=1 message=0 cards=2
K230_CARD_BENCH v=1 run=179702823862 event=input input_id=388 gesture_id=46 kind=motion t_ns=196065646810 source=injected
K230_CARD_SHELL state mode=2 actions=1 message=0 cards=2
K230_CARD_SHELL frame-cost run=179702823862 frame_id=1438 total_cpu_ns=22940275 render_cpu_ns=20195088 input_cpu_ns=2480333
K230_CARD_BENCH v=1 run=179702823862 event=submit input_id=387 frame_id=1438 t_ns=196062019905 update_cpu_ns=22940275 final=0
K230_CARD_BENCH v=1 run=179702823862 event=submit input_id=386 frame_id=1438 t_ns=196062019905 update_cpu_ns=22940275 final=0
K230_CARD_BENCH v=1 run=179702823862 event=submit input_id=385 frame_id=1438 t_ns=196062019905 update_cpu_ns=22940275 final=0
K230_CARD_BENCH v=1 run=179702823862 event=submit input_id=384 frame_id=1438 t_ns=196062019905 update_cpu_ns=22940275 final=0
K230_CARD_BENCH v=1 run=179702823862 event=present frame_id=1437 t_ns=196016638000 presented=1 clock=monotonic
K230_CARD_BENCH v=1 run=179702823862 event=input input_id=387 gesture_id=46 kind=motion t_ns=196024312313 source=injected
K230_CARD_SHELL state mode=2 actions=1 message=0 cards=2
K230_CARD_BENCH v=1 run=179702823862 event=input input_id=386 gesture_id=46 kind=motion t_ns=196019038161 source=injected
K230_CARD_SHELL state mode=2 actions=1 message=0 cards=2
K230_CARD_BENCH v=1 run=179702823862 event=input input_id=385 gesture_id=46 kind=motion t_ns=196018267039 source=injected
K230_CARD_SHELL state mode=2 actions=1 message=0 cards=2
K230_CARD_BENCH v=1 run=179702823862 event=input input_id=384 gesture_id=46 kind=motion t_ns=196016065970 source=injected
K230_CARD_SHELL state mode=2 actions=1 message=0 cards=2
K230_CARD_SHELL frame-cost run=179702823862 frame_id=1437 total_cpu_ns=22712233 render_cpu_ns=19768527 input_cpu_ns=2673297
K230_CARD_BENCH v=1 run=179702823862 event=submit input_id=383 frame_id=1437 t_ns=196006719732 update_cpu_ns=22712233 final=0
K230_CARD_BENCH v=1 run=179702823862 event=submit input_id=382 frame_id=1437 t_ns=196006719732 update_cpu_ns=22712233 final=0
K230_CARD_BENCH v=1 run=179702823862 event=submit input_id=381 frame_id=1437 t_ns=196006719732 update_cpu_ns=22712233 final=0
K230_CARD_BENCH v=1 run=179702823862 event=submit input_id=380 frame_id=1437 t_ns=196006719732 update_cpu_ns=22712233 final=0
K230_CARD_BENCH v=1 run=179702823862 event=present frame_id=1436 t_ns=195978328000 presented=1 clock=monotonic
K230_CARD_BENCH v=1 run=179702823862 event=input input_id=383 gesture_id=46 kind=motion t_ns=195983357621 source=injected
K230_CARD_SHELL state mode=2 actions=1 message=0 cards=2
K230_CARD_BENCH v=1 run=179702823862 event=input input_id=382 gesture_id=46 kind=motion t_ns=195980705606 source=injected
K230_CARD_SHELL state mode=2 actions=1 message=0 cards=2
K230_CARD_BENCH v=1 run=179702823862 event=input input_id=381 gesture_id=46 kind=motion t_ns=195979152970 source=injected
K230_CARD_SHELL state mode=2 actions=1 message=0 cards=2
K230_CARD_BENCH v=1 run=179702823862 event=input input_id=380 gesture_id=46 kind=motion t_ns=195977958549 source=injected
K230_CARD_SHELL state mode=2 actions=1 message=0 cards=2
K230_CARD_SHELL frame-cost run=179702823862 frame_id=1436 total_cpu_ns=21934142 render_cpu_ns=18973656 input_cpu_ns=2080407
K230_CARD_BENCH v=1 run=179702823862 event=submit input_id=379 frame_id=1436 t_ns=195974278615 update_cpu_ns=21934142 final=0
K230_CARD_BENCH v=1 run=179702823862 event=submit input_id=378 frame_id=1436 t_ns=195974278615 update_cpu_ns=21934142 final=0
K230_CARD_BENCH v=1 run=179702823862 event=submit input_id=377 frame_id=1436 t_ns=195974278615 update_cpu_ns=21934142 final=0
K230_CARD_BENCH v=1 run=179702823862 event=submit input_id=376 frame_id=1436 t_ns=195974278615 update_cpu_ns=21934142 final=0
K230_CARD_BENCH v=1 run=179702823862 event=present frame_id=1435 t_ns=195940041000 presented=1 clock=monotonic
K230_CARD_BENCH v=1 run=179702823862 event=input input_id=379 gesture_id=46 kind=motion t_ns=195944305757 source=injected
K230_CARD_SHELL state mode=2 actions=1 message=0 cards=2
K230_CARD_BENCH v=1 run=179702823862 event=input input_id=378 gesture_id=46 kind=motion t_ns=195937596562 source=injected
K230_CARD_SHELL state mode=2 actions=1 message=0 cards=2
K230_CARD_BENCH v=1 run=179702823862 event=input input_id=377 gesture_id=46 kind=motion t_ns=195936892276 source=injected
K230_CARD_SHELL state mode=2 actions=1 message=0 cards=2
K230_CARD_BENCH v=1 run=179702823862 event=input input_id=376 gesture_id=46 kind=motion t_ns=195933793816 source=injected
K230_CARD_SHELL state mode=2 actions=1 message=0 cards=2
K230_CARD_BENCH v=1 run=179702823862 event=resource phase=active t_ns=195928272932 cpu_ns=31871650000 memory_bytes=32100352 scope=session
K230_CARD_BENCH v=1 run=179702823862 event=resource phase=active t_ns=195928272932 cpu_ns=19943755241 memory_bytes=34217984 scope=compositor
K230_CARD_SHELL frame-cost run=179702823862 frame_id=1435 total_cpu_ns=20198225 render_cpu_ns=17232855 input_cpu_ns=2676556
K230_CARD_BENCH v=1 run=179702823862 event=submit input_id=375 frame_id=1435 t_ns=195921380538 update_cpu_ns=20198225 final=0
K230_CARD_BENCH v=1 run=179702823862 event=submit input_id=374 frame_id=1435 t_ns=195921380538 update_cpu_ns=20198225 final=0
K230_CARD_BENCH v=1 run=179702823862 event=submit input_id=373 frame_id=1435 t_ns=195921380538 update_cpu_ns=20198225 final=0
K230_CARD_BENCH v=1 run=179702823862 event=submit input_id=372 frame_id=1435 t_ns=195921380538 update_cpu_ns=20198225 final=0
K230_CARD_BENCH v=1 run=179702823862 event=submit input_id=371 frame_id=1435 t_ns=195921380538 update_cpu_ns=20198225 final=0
K230_CARD_BENCH v=1 run=179702823862 event=submit input_id=370 frame_id=1435 t_ns=195921380538 update_cpu_ns=20198225 final=0
K230_CARD_BENCH v=1 run=179702823862 event=present frame_id=1434 t_ns=195901707000 presented=1 clock=monotonic
K230_CARD_BENCH v=1 run=179702823862 event=input input_id=375 gesture_id=46 kind=motion t_ns=195898973742 source=injected
K230_CARD_SHELL state mode=2 actions=1 message=0 cards=2
K230_CARD_BENCH v=1 run=179702823862 event=input input_id=374 gesture_id=46 kind=motion t_ns=195896142971 source=injected
K230_CARD_SHELL state mode=2 actions=1 message=0 cards=2
K230_CARD_BENCH v=1 run=179702823862 event=input input_id=373 gesture_id=46 kind=motion t_ns=195894719108 source=injected
K230_CARD_SHELL state mode=2 actions=1 message=0 cards=2
K230_CARD_BENCH v=1 run=179702823862 event=input input_id=372 gesture_id=46 kind=motion t_ns=195894206684 source=injected
K230_CARD_SHELL state mode=2 actions=1 message=0 cards=2
K230_CARD_BENCH v=1 run=179702823862 event=input input_id=371 gesture_id=46 kind=motion t_ns=195892211157 source=injected
K230_CARD_SHELL state mode=2 actions=1 message=0 cards=2
K230_CARD_BENCH v=1 run=179702823862 event=input input_id=370 gesture_id=46 kind=motion t_ns=195890192082 source=injected
K230_CARD_SHELL state mode=2 actions=1 message=0 cards=2
K230_CARD_BENCH v=1 run=179702823862 event=present frame_id=1433 t_ns=195863398000 presented=1 clock=monotonic
K230_CARD_SHELL frame-cost run=179702823862 frame_id=1433 total_cpu_ns=14598572 render_cpu_ns=14002277 input_cpu_ns=451814
K230_CARD_BENCH v=1 run=179702823862 event=submit input_id=369 frame_id=1433 t_ns=195860682257 update_cpu_ns=14598572 final=0
K230_CARD_BENCH v=1 run=179702823862 event=present frame_id=1432 t_ns=195844243000 presented=1 clock=monotonic
K230_CARD_BENCH v=1 run=179702823862 event=input input_id=369 gesture_id=46 kind=motion t_ns=195838614274 source=injected
K230_CARD_SHELL state mode=2 actions=1 message=0 cards=2
K230_CARD_SHELL state mode=2 actions=1 message=0 cards=2
K230_CARD_BENCH v=1 run=179702823862 event=present frame_id=1431 t_ns=195805933000 presented=1 clock=monotonic
K230_CARD_BENCH v=1 run=179702823862 event=present frame_id=1430 t_ns=195786778000 presented=1 clock=monotonic
K230_CARD_BENCH v=1 run=179702823862 event=present frame_id=1429 t_ns=195748468000 presented=1 clock=monotonic
K230_CARD_BENCH v=1 run=179702823862 event=present frame_id=1428 t_ns=195729313000 presented=1 clock=monotonic
K230_CARD_BENCH v=1 run=179702823862 event=present frame_id=1427 t_ns=195691001000 presented=1 clock=monotonic
K230_CARD_BENCH v=1 run=179702823862 event=present frame_id=1426 t_ns=195671848000 presented=1 clock=monotonic
K230_CARD_BENCH v=1 run=179702823862 event=present frame_id=1425 t_ns=195633537000 presented=1 clock=monotonic
K230_CARD_BENCH v=1 run=179702823862 event=present frame_id=1424 t_ns=195614383000 presented=1 clock=monotonic
K230_CARD_BENCH v=1 run=179702823862 event=present frame_id=1423 t_ns=195576073000 presented=1 clock=monotonic
K230_CARD_BENCH v=1 run=179702823862 event=present frame_id=1422 t_ns=195556919000 presented=1 clock=monotonic
K230_CARD_SHELL frame-cost run=179702823862 frame_id=1422 total_cpu_ns=18091132 render_cpu_ns=14218393 input_cpu_ns=3611777
K230_CARD_BENCH v=1 run=179702823862 event=submit input_id=368 frame_id=1422 t_ns=195550537967 update_cpu_ns=18091132 final=1
K230_CARD_BENCH v=1 run=179702823862 event=submit input_id=367 frame_id=1422 t_ns=195550537967 update_cpu_ns=18091132 final=0
K230_CARD_BENCH v=1 run=179702823862 event=submit input_id=366 frame_id=1422 t_ns=195550537967 update_cpu_ns=18091132 final=0
K230_CARD_BENCH v=1 run=179702823862 event=present frame_id=1421 t_ns=195518611000 presented=1 clock=monotonic
K230_CARD_BENCH v=1 run=179702823862 event=input input_id=368 gesture_id=45 kind=release t_ns=195525586084 source=injected
K230_CARD_SHELL state mode=1 actions=1 message=0 cards=2
K230_CARD_BENCH v=1 run=179702823862 event=input input_id=367 gesture_id=45 kind=motion t_ns=195525001499 source=injected
K230_CARD_SHELL state mode=2 actions=1 message=0 cards=2
K230_CARD_BENCH v=1 run=179702823862 event=input input_id=366 gesture_id=45 kind=motion t_ns=195524342716 source=injected
K230_CARD_SHELL state mode=2 actions=1 message=0 cards=2
K230_CARD_SHELL frame-cost run=179702823862 frame_id=1421 total_cpu_ns=22498571 render_cpu_ns=19929602 input_cpu_ns=2226745
K230_CARD_BENCH v=1 run=179702823862 event=submit input_id=365 frame_id=1421 t_ns=195515341166 update_cpu_ns=22498571 final=0
K230_CARD_BENCH v=1 run=179702823862 event=submit input_id=364 frame_id=1421 t_ns=195515341166 update_cpu_ns=22498571 final=0
K230_CARD_BENCH v=1 run=179702823862 event=submit input_id=363 frame_id=1421 t_ns=195515341166 update_cpu_ns=22498571 final=0
K230_CARD_BENCH v=1 run=179702823862 event=submit input_id=362 frame_id=1421 t_ns=195515341166 update_cpu_ns=22498571 final=0
K230_CARD_BENCH v=1 run=179702823862 event=present frame_id=1420 t_ns=195480300000 presented=1 clock=monotonic
K230_CARD_BENCH v=1 run=179702823862 event=input input_id=365 gesture_id=45 kind=motion t_ns=195483202467 source=injected
K230_CARD_SHELL state mode=2 actions=1 message=0 cards=2
K230_CARD_BENCH v=1 run=179702823862 event=input input_id=364 gesture_id=45 kind=motion t_ns=195480874272 source=injected
K230_CARD_SHELL state mode=2 actions=1 message=0 cards=2
K230_CARD_BENCH v=1 run=179702823862 event=input input_id=363 gesture_id=45 kind=motion t_ns=195480120113 source=injected
K230_CARD_SHELL state mode=2 actions=1 message=0 cards=2
K230_CARD_BENCH v=1 run=179702823862 event=input input_id=362 gesture_id=45 kind=motion t_ns=195479365177 source=injected
K230_CARD_SHELL state mode=2 actions=1 message=0 cards=2
K230_CARD_SHELL frame-cost run=179702823862 frame_id=1420 total_cpu_ns=22507800 render_cpu_ns=19777615 input_cpu_ns=2337672
K230_CARD_BENCH v=1 run=179702823862 event=submit input_id=361 frame_id=1420 t_ns=195470750128 update_cpu_ns=22507800 final=0
K230_CARD_BENCH v=1 run=179702823862 event=submit input_id=360 frame_id=1420 t_ns=195470750128 update_cpu_ns=22507800 final=0
K230_CARD_BENCH v=1 run=179702823862 event=submit input_id=359 frame_id=1420 t_ns=195470750128 update_cpu_ns=22507800 final=0
K230_CARD_BENCH v=1 run=179702823862 event=submit input_id=358 frame_id=1420 t_ns=195470750128 update_cpu_ns=22507800 final=0
K230_CARD_BENCH v=1 run=179702823862 event=submit input_id=357 frame_id=1420 t_ns=195470750128 update_cpu_ns=22507800 final=0
K230_CARD_BENCH v=1 run=179702823862 event=present frame_id=1419 t_ns=195441991000 presented=1 clock=monotonic
K230_CARD_BENCH v=1 run=179702823862 event=input input_id=361 gesture_id=45 kind=motion t_ns=195440521096 source=injected
K230_CARD_SHELL state mode=2 actions=1 message=0 cards=2
K230_CARD_BENCH v=1 run=179702823862 event=input input_id=360 gesture_id=45 kind=motion t_ns=195433417253 source=injected
K230_CARD_SHELL state mode=2 actions=1 message=0 cards=2
K230_CARD_BENCH v=1 run=179702823862 event=input input_id=359 gesture_id=45 kind=motion t_ns=195432858771 source=injected
K230_CARD_SHELL state mode=2 actions=1 message=0 cards=2
K230_CARD_BENCH v=1 run=179702823862 event=input input_id=358 gesture_id=45 kind=motion t_ns=195431351416 source=injected
K230_CARD_SHELL state mode=2 actions=1 message=0 cards=2
K230_CARD_BENCH v=1 run=179702823862 event=input input_id=357 gesture_id=45 kind=motion t_ns=195430790601 source=injected
K230_CARD_SHELL state mode=2 actions=1 message=0 cards=2
K230_CARD_SHELL frame-cost run=179702823862 frame_id=1419 total_cpu_ns=19744929 render_cpu_ns=18184450 input_cpu_ns=1366590
K230_CARD_BENCH v=1 run=179702823862 event=submit input_id=356 frame_id=1419 t_ns=195427843424 update_cpu_ns=19744929 final=0
K230_CARD_BENCH v=1 run=179702823862 event=submit input_id=355 frame_id=1419 t_ns=195427843424 update_cpu_ns=19744929 final=0
K230_CARD_BENCH v=1 run=179702823862 event=submit input_id=354 frame_id=1419 t_ns=195427843424 update_cpu_ns=19744929 final=0
K230_CARD_BENCH v=1 run=179702823862 event=present frame_id=1418 t_ns=195403679000 presented=1 clock=monotonic
K230_CARD_BENCH v=1 run=179702823862 event=input input_id=356 gesture_id=45 kind=motion t_ns=195397168391 source=injected
K230_CARD_SHELL state mode=2 actions=1 message=0 cards=2
K230_CARD_BENCH v=1 run=179702823862 event=input input_id=355 gesture_id=45 kind=motion t_ns=195396632679 source=injected
K230_CARD_SHELL state mode=2 actions=1 message=0 cards=2
K230_CARD_BENCH v=1 run=179702823862 event=input input_id=354 gesture_id=45 kind=motion t_ns=195391885874 source=injected
K230_CARD_SHELL state mode=2 actions=1 message=0 cards=2
K230_CARD_SHELL frame-cost run=179702823862 frame_id=1418 total_cpu_ns=18889010 render_cpu_ns=16780898 input_cpu_ns=1741666
K230_CARD_BENCH v=1 run=179702823862 event=submit input_id=353 frame_id=1418 t_ns=195390850400 update_cpu_ns=18889010 final=0
K230_CARD_BENCH v=1 run=179702823862 event=submit input_id=352 frame_id=1418 t_ns=195390850400 update_cpu_ns=18889010 final=0
K230_CARD_BENCH v=1 run=179702823862 event=submit input_id=351 frame_id=1418 t_ns=195390850400 update_cpu_ns=18889010 final=0
K230_CARD_BENCH v=1 run=179702823862 event=submit input_id=350 frame_id=1418 t_ns=195390850400 update_cpu_ns=18889010 final=0
K230_CARD_BENCH v=1 run=179702823862 event=present frame_id=1417 t_ns=195365370000 presented=1 clock=monotonic
K230_CARD_BENCH v=1 run=179702823862 event=input input_id=353 gesture_id=45 kind=motion t_ns=195365554001 source=injected
K230_CARD_SHELL state mode=2 actions=1 message=0 cards=2
K230_CARD_BENCH v=1 run=179702823862 event=input input_id=352 gesture_id=45 kind=motion t_ns=195362305627 source=injected
K230_CARD_SHELL state mode=2 actions=1 message=0 cards=2
K230_CARD_BENCH v=1 run=179702823862 event=input input_id=351 gesture_id=45 kind=motion t_ns=195360567756 source=injected
K230_CARD_SHELL state mode=2 actions=1 message=0 cards=2
K230_CARD_BENCH v=1 run=179702823862 event=input input_id=350 gesture_id=45 kind=motion t_ns=195359964955 source=injected
K230_CARD_SHELL state mode=2 actions=1 message=0 cards=2
K230_CARD_SHELL frame-cost run=179702823862 frame_id=1417 total_cpu_ns=15493730 render_cpu_ns=14733877 input_cpu_ns=559001
K230_CARD_BENCH v=1 run=179702823862 event=submit input_id=349 frame_id=1417 t_ns=195353961860 update_cpu_ns=15493730 final=0
K230_CARD_BENCH v=1 run=179702823862 event=submit input_id=348 frame_id=1417 t_ns=195353961860 update_cpu_ns=15493730 final=0
K230_CARD_BENCH v=1 run=179702823862 event=present frame_id=1416 t_ns=195327059000 presented=1 clock=monotonic
K230_CARD_BENCH v=1 run=179702823862 event=input input_id=349 gesture_id=45 kind=motion t_ns=195327391473 source=injected
K230_CARD_SHELL state mode=2 actions=1 message=0 cards=2
K230_CARD_BENCH v=1 run=179702823862 event=input input_id=348 gesture_id=45 kind=motion t_ns=195324878968 source=injected
K230_CARD_SHELL state mode=2 actions=1 message=0 cards=2
K230_CARD_BENCH v=1 run=179702823862 event=present frame_id=1415 t_ns=195307904000 presented=1 clock=monotonic
K230_CARD_SHELL state mode=2 actions=1 message=0 cards=2
K230_CARD_BENCH v=1 run=179702823862 event=present frame_id=1414 t_ns=195269594000 presented=1 clock=monotonic
K230_CARD_BENCH v=1 run=179702823862 event=present frame_id=1413 t_ns=195250440000 presented=1 clock=monotonic
K230_CARD_BENCH v=1 run=179702823862 event=present frame_id=1412 t_ns=195212140000 presented=1 clock=monotonic
K230_CARD_SHELL live cards=2 commits=974 sampled=1933 frame-done=1947 output-presented=884
K230_CARD_BENCH v=1 run=179702823862 event=present frame_id=1411 t_ns=195192975000 presented=1 clock=monotonic
K230_CARD_BENCH v=1 run=179702823862 event=present frame_id=1410 t_ns=195154664000 presented=1 clock=monotonic
K230_CARD_BENCH v=1 run=179702823862 event=present frame_id=1409 t_ns=195135510000 presented=1 clock=monotonic
K230_CARD_BENCH v=1 run=179702823862 event=present frame_id=1408 t_ns=195097200000 presented=1 clock=monotonic
K230_CARD_BENCH v=1 run=179702823862 event=present frame_id=1407 t_ns=195078048000 presented=1 clock=monotonic
K230_CARD_BENCH v=1 run=179702823862 event=present frame_id=1406 t_ns=195039737000 presented=1 clock=monotonic
K230_CARD_SHELL frame-cost run=179702823862 frame_id=1406 total_cpu_ns=19791253 render_cpu_ns=14193328 input_cpu_ns=5118331
K230_CARD_BENCH v=1 run=179702823862 event=submit input_id=347 frame_id=1406 t_ns=195036218595 update_cpu_ns=19791253 final=1
K230_CARD_BENCH v=1 run=179702823862 event=submit input_id=346 frame_id=1406 t_ns=195036218595 update_cpu_ns=19791253 final=0
K230_CARD_BENCH v=1 run=179702823862 event=submit input_id=345 frame_id=1406 t_ns=195036218595 update_cpu_ns=19791253 final=0
K230_CARD_BENCH v=1 run=179702823862 event=submit input_id=344 frame_id=1406 t_ns=195036218595 update_cpu_ns=19791253 final=0
K230_CARD_BENCH v=1 run=179702823862 event=submit input_id=343 frame_id=1406 t_ns=195036218595 update_cpu_ns=19791253 final=0
K230_CARD_BENCH v=1 run=179702823862 event=present frame_id=1405 t_ns=195020581000 presented=1 clock=monotonic
K230_CARD_BENCH v=1 run=179702823862 event=input input_id=347 gesture_id=44 kind=release t_ns=195014984449 source=injected
K230_CARD_SHELL state mode=1 actions=1 message=0 cards=2
K230_CARD_BENCH v=1 run=179702823862 event=input input_id=346 gesture_id=44 kind=motion t_ns=195013109030 source=injected
K230_CARD_SHELL state mode=2 actions=1 message=0 cards=2
K230_CARD_BENCH v=1 run=179702823862 event=input input_id=345 gesture_id=44 kind=motion t_ns=195012347281 source=injected
K230_CARD_SHELL state mode=2 actions=1 message=0 cards=2
K230_CARD_BENCH v=1 run=179702823862 event=input input_id=344 gesture_id=44 kind=motion t_ns=195010114054 source=injected
K230_CARD_SHELL state mode=2 actions=1 message=0 cards=2
K230_CARD_BENCH v=1 run=179702823862 event=input input_id=343 gesture_id=44 kind=motion t_ns=195007850395 source=injected
K230_CARD_SHELL state mode=2 actions=1 message=0 cards=2
K230_CARD_BENCH v=1 run=179702823862 event=present frame_id=1404 t_ns=194982273000 presented=1 clock=monotonic
K230_CARD_SHELL frame-cost run=179702823862 frame_id=1404 total_cpu_ns=22467338 render_cpu_ns=19920816 input_cpu_ns=2286186
K230_CARD_BENCH v=1 run=179702823862 event=submit input_id=342 frame_id=1404 t_ns=194980466785 update_cpu_ns=22467338 final=0
K230_CARD_BENCH v=1 run=179702823862 event=submit input_id=341 frame_id=1404 t_ns=194980466785 update_cpu_ns=22467338 final=0
K230_CARD_BENCH v=1 run=179702823862 event=submit input_id=340 frame_id=1404 t_ns=194980466785 update_cpu_ns=22467338 final=0
K230_CARD_BENCH v=1 run=179702823862 event=submit input_id=339 frame_id=1404 t_ns=194980466785 update_cpu_ns=22467338 final=0
K230_CARD_BENCH v=1 run=179702823862 event=present frame_id=1403 t_ns=194943964000 presented=1 clock=monotonic
K230_CARD_BENCH v=1 run=179702823862 event=input input_id=342 gesture_id=44 kind=motion t_ns=194941509490 source=injected
K230_CARD_SHELL state mode=2 actions=1 message=0 cards=2
K230_CARD_BENCH v=1 run=179702823862 event=input input_id=341 gesture_id=44 kind=motion t_ns=194937741169 source=injected
K230_CARD_SHELL state mode=2 actions=1 message=0 cards=2
K230_CARD_BENCH v=1 run=179702823862 event=input input_id=340 gesture_id=44 kind=motion t_ns=194937069396 source=injected
K230_CARD_SHELL state mode=2 actions=1 message=0 cards=2
K230_CARD_BENCH v=1 run=179702823862 event=input input_id=339 gesture_id=44 kind=motion t_ns=194936357599 source=injected
K230_CARD_SHELL state mode=2 actions=1 message=0 cards=2
K230_CARD_SHELL frame-cost run=179702823862 frame_id=1403 total_cpu_ns=22739030 render_cpu_ns=19439326 input_cpu_ns=2094333
K230_CARD_BENCH v=1 run=179702823862 event=submit input_id=338 frame_id=1403 t_ns=194927282477 update_cpu_ns=22739030 final=0
K230_CARD_BENCH v=1 run=179702823862 event=submit input_id=337 frame_id=1403 t_ns=194927282477 update_cpu_ns=22739030 final=0
K230_CARD_BENCH v=1 run=179702823862 event=submit input_id=336 frame_id=1403 t_ns=194927282477 update_cpu_ns=22739030 final=0
K230_CARD_BENCH v=1 run=179702823862 event=submit input_id=335 frame_id=1403 t_ns=194927282477 update_cpu_ns=22739030 final=0
K230_CARD_BENCH v=1 run=179702823862 event=present frame_id=1402 t_ns=194905653000 presented=1 clock=monotonic
K230_CARD_BENCH v=1 run=179702823862 event=input input_id=338 gesture_id=44 kind=motion t_ns=194903633459 source=injected
K230_CARD_SHELL state mode=2 actions=1 message=0 cards=2
K230_CARD_BENCH v=1 run=179702823862 event=resource phase=active t_ns=194900809486 cpu_ns=31112968000 memory_bytes=32104448 scope=session
K230_CARD_BENCH v=1 run=179702823862 event=resource phase=active t_ns=194900809486 cpu_ns=19375441182 memory_bytes=34217984 scope=compositor
K230_CARD_BENCH v=1 run=179702823862 event=input input_id=337 gesture_id=44 kind=motion t_ns=194896754854 source=injected
K230_CARD_SHELL state mode=2 actions=1 message=0 cards=2
K230_CARD_BENCH v=1 run=179702823862 event=input input_id=336 gesture_id=44 kind=motion t_ns=194896070826 source=injected
K230_CARD_SHELL state mode=2 actions=1 message=0 cards=2
K230_CARD_BENCH v=1 run=179702823862 event=input input_id=335 gesture_id=44 kind=motion t_ns=194894558447 source=injected
K230_CARD_SHELL state mode=2 actions=1 message=0 cards=2
K230_CARD_SHELL frame-cost run=179702823862 frame_id=1402 total_cpu_ns=20068954 render_cpu_ns=17416140 input_cpu_ns=2319593
K230_CARD_BENCH v=1 run=179702823862 event=submit input_id=334 frame_id=1402 t_ns=194893613729 update_cpu_ns=20068954 final=0
K230_CARD_BENCH v=1 run=179702823862 event=submit input_id=333 frame_id=1402 t_ns=194893613729 update_cpu_ns=20068954 final=0
K230_CARD_BENCH v=1 run=179702823862 event=submit input_id=332 frame_id=1402 t_ns=194893613729 update_cpu_ns=20068954 final=0
K230_CARD_BENCH v=1 run=179702823862 event=submit input_id=331 frame_id=1402 t_ns=194893613729 update_cpu_ns=20068954 final=0
K230_CARD_BENCH v=1 run=179702823862 event=submit input_id=330 frame_id=1402 t_ns=194893613729 update_cpu_ns=20068954 final=0
K230_CARD_BENCH v=1 run=179702823862 event=submit input_id=329 frame_id=1402 t_ns=194893613729 update_cpu_ns=20068954 final=0
K230_CARD_BENCH v=1 run=179702823862 event=present frame_id=1401 t_ns=194867343000 presented=1 clock=monotonic
K230_CARD_BENCH v=1 run=179702823862 event=input input_id=334 gesture_id=44 kind=motion t_ns=194872303070 source=injected
K230_CARD_SHELL state mode=2 actions=1 message=0 cards=2
K230_CARD_BENCH v=1 run=179702823862 event=input input_id=333 gesture_id=44 kind=motion t_ns=194871659769 source=injected
K230_CARD_SHELL state mode=2 actions=1 message=0 cards=2
K230_CARD_BENCH v=1 run=179702823862 event=input input_id=332 gesture_id=44 kind=motion t_ns=194869196748 source=injected
K230_CARD_SHELL state mode=2 actions=1 message=0 cards=2
K230_CARD_BENCH v=1 run=179702823862 event=input input_id=331 gesture_id=44 kind=motion t_ns=194868695954 source=injected
K230_CARD_SHELL state mode=2 actions=1 message=0 cards=2
K230_CARD_BENCH v=1 run=179702823862 event=input input_id=330 gesture_id=44 kind=motion t_ns=194868123740 source=injected
K230_CARD_SHELL state mode=2 actions=1 message=0 cards=2
K230_CARD_BENCH v=1 run=179702823862 event=input input_id=329 gesture_id=44 kind=motion t_ns=194867593623 source=injected
K230_CARD_SHELL state mode=2 actions=1 message=0 cards=2
K230_CARD_BENCH v=1 run=179702823862 event=present frame_id=1400 t_ns=194829033000 presented=1 clock=monotonic
K230_CARD_SHELL frame-cost run=179702823862 frame_id=1400 total_cpu_ns=15721615 render_cpu_ns=15046095 input_cpu_ns=456854
K230_CARD_BENCH v=1 run=179702823862 event=submit input_id=328 frame_id=1400 t_ns=194827538734 update_cpu_ns=15721615 final=0
K230_CARD_BENCH v=1 run=179702823862 event=submit input_id=327 frame_id=1400 t_ns=194827538734 update_cpu_ns=15721615 final=0
K230_CARD_BENCH v=1 run=179702823862 event=present frame_id=1399 t_ns=194809879000 presented=1 clock=monotonic
K230_CARD_BENCH v=1 run=179702823862 event=input input_id=328 gesture_id=44 kind=motion t_ns=194801470977 source=injected
K230_CARD_SHELL state mode=2 actions=1 message=0 cards=2
K230_CARD_BENCH v=1 run=179702823862 event=input input_id=327 gesture_id=44 kind=motion t_ns=194796492213 source=injected
K230_CARD_SHELL state mode=2 actions=1 message=0 cards=2
K230_CARD_SHELL state mode=2 actions=1 message=0 cards=2
K230_CARD_BENCH v=1 run=179702823862 event=present frame_id=1398 t_ns=194771569000 presented=1 clock=monotonic
K230_CARD_BENCH v=1 run=179702823862 event=present frame_id=1397 t_ns=194733258000 presented=1 clock=monotonic
K230_CARD_BENCH v=1 run=179702823862 event=present frame_id=1396 t_ns=194714104000 presented=1 clock=monotonic
K230_CARD_BENCH v=1 run=179702823862 event=present frame_id=1395 t_ns=194675793000 presented=1 clock=monotonic
K230_CARD_BENCH v=1 run=179702823862 event=present frame_id=1394 t_ns=194656640000 presented=1 clock=monotonic
K230_CARD_BENCH v=1 run=179702823862 event=present frame_id=1393 t_ns=194618329000 presented=1 clock=monotonic
K230_CARD_BENCH v=1 run=179702823862 event=present frame_id=1392 t_ns=194599175000 presented=1 clock=monotonic
K230_CARD_BENCH v=1 run=179702823862 event=present frame_id=1391 t_ns=194560866000 presented=1 clock=monotonic
K230_CARD_BENCH v=1 run=179702823862 event=present frame_id=1390 t_ns=194541713000 presented=1 clock=monotonic
K230_CARD_BENCH v=1 run=179702823862 event=present frame_id=1389 t_ns=194522573000 presented=1 clock=monotonic
K230_CARD_SHELL frame-cost run=179702823862 frame_id=1389 total_cpu_ns=17598070 render_cpu_ns=14267256 input_cpu_ns=3050074
K230_CARD_BENCH v=1 run=179702823862 event=submit input_id=326 frame_id=1389 t_ns=194520656090 update_cpu_ns=17598070 final=1
K230_CARD_BENCH v=1 run=179702823862 event=submit input_id=325 frame_id=1389 t_ns=194520656090 update_cpu_ns=17598070 final=0
K230_CARD_BENCH v=1 run=179702823862 event=present frame_id=1388 t_ns=194484252000 presented=1 clock=monotonic
K230_CARD_BENCH v=1 run=179702823862 event=input input_id=326 gesture_id=43 kind=release t_ns=194488982225 source=injected
K230_CARD_SHELL state mode=1 actions=1 message=0 cards=2
K230_CARD_BENCH v=1 run=179702823862 event=input input_id=325 gesture_id=43 kind=motion t_ns=194488312192 source=injected
K230_CARD_SHELL state mode=2 actions=1 message=0 cards=2
K230_CARD_SHELL frame-cost run=179702823862 frame_id=1388 total_cpu_ns=23135268 render_cpu_ns=19963226 input_cpu_ns=2901707
K230_CARD_BENCH v=1 run=179702823862 event=submit input_id=324 frame_id=1388 t_ns=194475984131 update_cpu_ns=23135268 final=0
K230_CARD_BENCH v=1 run=179702823862 event=submit input_id=323 frame_id=1388 t_ns=194475984131 update_cpu_ns=23135268 final=0
K230_CARD_BENCH v=1 run=179702823862 event=submit input_id=322 frame_id=1388 t_ns=194475984131 update_cpu_ns=23135268 final=0
K230_CARD_BENCH v=1 run=179702823862 event=submit input_id=321 frame_id=1388 t_ns=194475984131 update_cpu_ns=23135268 final=0
K230_CARD_BENCH v=1 run=179702823862 event=submit input_id=320 frame_id=1388 t_ns=194475984131 update_cpu_ns=23135268 final=0
K230_CARD_BENCH v=1 run=179702823862 event=present frame_id=1387 t_ns=194445940000 presented=1 clock=monotonic
K230_CARD_BENCH v=1 run=179702823862 event=input input_id=324 gesture_id=43 kind=motion t_ns=194451690330 source=injected
K230_CARD_SHELL state mode=2 actions=1 message=0 cards=2
K230_CARD_BENCH v=1 run=179702823862 event=input input_id=323 gesture_id=43 kind=motion t_ns=194447332653 source=injected
K230_CARD_SHELL state mode=2 actions=1 message=0 cards=2
K230_CARD_BENCH v=1 run=179702823862 event=input input_id=322 gesture_id=43 kind=motion t_ns=194446769991 source=injected
K230_CARD_SHELL state mode=2 actions=1 message=0 cards=2
K230_CARD_BENCH v=1 run=179702823862 event=input input_id=321 gesture_id=43 kind=motion t_ns=194446148275 source=injected
K230_CARD_SHELL state mode=2 actions=1 message=0 cards=2
K230_CARD_BENCH v=1 run=179702823862 event=input input_id=320 gesture_id=43 kind=motion t_ns=194443895183 source=injected
K230_CARD_SHELL state mode=2 actions=1 message=0 cards=2
K230_CARD_SHELL frame-cost run=179702823862 frame_id=1387 total_cpu_ns=22096413 render_cpu_ns=19871263 input_cpu_ns=1908001
K230_CARD_BENCH v=1 run=179702823862 event=submit input_id=319 frame_id=1387 t_ns=194442967311 update_cpu_ns=22096413 final=0
K230_CARD_BENCH v=1 run=179702823862 event=submit input_id=318 frame_id=1387 t_ns=194442967311 update_cpu_ns=22096413 final=0
K230_CARD_BENCH v=1 run=179702823862 event=submit input_id=317 frame_id=1387 t_ns=194442967311 update_cpu_ns=22096413 final=0
K230_CARD_BENCH v=1 run=179702823862 event=submit input_id=316 frame_id=1387 t_ns=194442967311 update_cpu_ns=22096413 final=0
K230_CARD_BENCH v=1 run=179702823862 event=present frame_id=1386 t_ns=194407630000 presented=1 clock=monotonic
K230_CARD_BENCH v=1 run=179702823862 event=input input_id=319 gesture_id=43 kind=motion t_ns=194407372547 source=injected
K230_CARD_SHELL state mode=2 actions=1 message=0 cards=2
K230_CARD_BENCH v=1 run=179702823862 event=input input_id=318 gesture_id=43 kind=motion t_ns=194404810190 source=injected
K230_CARD_SHELL state mode=2 actions=1 message=0 cards=2
K230_CARD_BENCH v=1 run=179702823862 event=input input_id=317 gesture_id=43 kind=motion t_ns=194404247269 source=injected
K230_CARD_SHELL state mode=2 actions=1 message=0 cards=2
K230_CARD_BENCH v=1 run=179702823862 event=input input_id=316 gesture_id=43 kind=motion t_ns=194396306542 source=injected
K230_CARD_SHELL state mode=2 actions=1 message=0 cards=2
K230_CARD_SHELL frame-cost run=179702823862 frame_id=1386 total_cpu_ns=22222028 render_cpu_ns=18629328 input_cpu_ns=3052147
K230_CARD_BENCH v=1 run=179702823862 event=submit input_id=315 frame_id=1386 t_ns=194391068161 update_cpu_ns=22222028 final=0
K230_CARD_BENCH v=1 run=179702823862 event=submit input_id=314 frame_id=1386 t_ns=194391068161 update_cpu_ns=22222028 final=0
K230_CARD_BENCH v=1 run=179702823862 event=submit input_id=313 frame_id=1386 t_ns=194391068161 update_cpu_ns=22222028 final=0
K230_CARD_BENCH v=1 run=179702823862 event=submit input_id=312 frame_id=1386 t_ns=194391068161 update_cpu_ns=22222028 final=0
K230_CARD_BENCH v=1 run=179702823862 event=submit input_id=311 frame_id=1386 t_ns=194391068161 update_cpu_ns=22222028 final=0
K230_CARD_BENCH v=1 run=179702823862 event=submit input_id=310 frame_id=1386 t_ns=194391068161 update_cpu_ns=22222028 final=0
K230_CARD_BENCH v=1 run=179702823862 event=submit input_id=309 frame_id=1386 t_ns=194391068161 update_cpu_ns=22222028 final=0
K230_CARD_BENCH v=1 run=179702823862 event=present frame_id=1385 t_ns=194369319000 presented=1 clock=monotonic
K230_CARD_BENCH v=1 run=179702823862 event=input input_id=315 gesture_id=43 kind=motion t_ns=194362969090 source=injected
K230_CARD_SHELL state mode=2 actions=1 message=0 cards=2
K230_CARD_BENCH v=1 run=179702823862 event=input input_id=314 gesture_id=43 kind=motion t_ns=194360171590 source=injected
K230_CARD_SHELL state mode=2 actions=1 message=0 cards=2
K230_CARD_BENCH v=1 run=179702823862 event=input input_id=313 gesture_id=43 kind=motion t_ns=194358706677 source=injected
K230_CARD_SHELL state mode=2 actions=1 message=0 cards=2
K230_CARD_BENCH v=1 run=179702823862 event=input input_id=312 gesture_id=43 kind=motion t_ns=194356860744 source=injected
K230_CARD_SHELL state mode=2 actions=1 message=0 cards=2
K230_CARD_BENCH v=1 run=179702823862 event=input input_id=311 gesture_id=43 kind=motion t_ns=194356393976 source=injected
K230_CARD_SHELL state mode=2 actions=1 message=0 cards=2
K230_CARD_BENCH v=1 run=179702823862 event=input input_id=310 gesture_id=43 kind=motion t_ns=194355773555 source=injected
K230_CARD_SHELL state mode=2 actions=1 message=0 cards=2
K230_CARD_BENCH v=1 run=179702823862 event=input input_id=309 gesture_id=43 kind=motion t_ns=194353748646 source=injected
K230_CARD_SHELL state mode=2 actions=1 message=0 cards=2
K230_CARD_BENCH v=1 run=179702823862 event=present frame_id=1384 t_ns=194331010000 presented=1 clock=monotonic
K230_CARD_SHELL frame-cost run=179702823862 frame_id=1384 total_cpu_ns=16194874 render_cpu_ns=15209875 input_cpu_ns=712665
K230_CARD_BENCH v=1 run=179702823862 event=submit input_id=308 frame_id=1384 t_ns=194322533219 update_cpu_ns=16194874 final=0
K230_CARD_BENCH v=1 run=179702823862 event=submit input_id=307 frame_id=1384 t_ns=194322533219 update_cpu_ns=16194874 final=0
K230_CARD_BENCH v=1 run=179702823862 event=present frame_id=1383 t_ns=194292700000 presented=1 clock=monotonic
K230_CARD_BENCH v=1 run=179702823862 event=input input_id=308 gesture_id=43 kind=motion t_ns=194293456922 source=injected
K230_CARD_SHELL state mode=2 actions=1 message=0 cards=2
K230_CARD_BENCH v=1 run=179702823862 event=input input_id=307 gesture_id=43 kind=motion t_ns=194292960645 source=injected
K230_CARD_SHELL state mode=2 actions=1 message=0 cards=2
K230_CARD_SHELL frame-cost run=179702823862 frame_id=1383 total_cpu_ns=14323161 render_cpu_ns=14008827 input_cpu_ns=170408
K230_CARD_BENCH v=1 run=179702823862 event=submit input_id=306 frame_id=1383 t_ns=194289601926 update_cpu_ns=14323161 final=0
K230_CARD_BENCH v=1 run=179702823862 event=present frame_id=1382 t_ns=194273545000 presented=1 clock=monotonic
K230_CARD_BENCH v=1 run=179702823862 event=input input_id=306 gesture_id=43 kind=motion t_ns=194270609300 source=injected
K230_CARD_SHELL state mode=2 actions=1 message=0 cards=2
K230_CARD_SHELL state mode=2 actions=1 message=0 cards=2
K230_CARD_BENCH v=1 run=179702823862 event=present frame_id=1381 t_ns=194235235000 presented=1 clock=monotonic
K230_CARD_BENCH v=1 run=179702823862 event=present frame_id=1380 t_ns=194216082000 presented=1 clock=monotonic
K230_CARD_BENCH v=1 run=179702823862 event=present frame_id=1379 t_ns=194177770000 presented=1 clock=monotonic
K230_CARD_BENCH v=1 run=179702823862 event=present frame_id=1378 t_ns=194158616000 presented=1 clock=monotonic
K230_CARD_BENCH v=1 run=179702823862 event=present frame_id=1377 t_ns=194120308000 presented=1 clock=monotonic
K230_CARD_BENCH v=1 run=179702823862 event=present frame_id=1376 t_ns=194101152000 presented=1 clock=monotonic
K230_CARD_BENCH v=1 run=179702823862 event=present frame_id=1375 t_ns=194062841000 presented=1 clock=monotonic
K230_CARD_BENCH v=1 run=179702823862 event=present frame_id=1374 t_ns=194043688000 presented=1 clock=monotonic
K230_CARD_BENCH v=1 run=179702823862 event=present frame_id=1373 t_ns=194005378000 presented=1 clock=monotonic
K230_CARD_BENCH v=1 run=179702823862 event=present frame_id=1372 t_ns=193986226000 presented=1 clock=monotonic
K230_CARD_SHELL frame-cost run=179702823862 frame_id=1372 total_cpu_ns=19781391 render_cpu_ns=14218611 input_cpu_ns=4862815
K230_CARD_BENCH v=1 run=179702823862 event=submit input_id=305 frame_id=1372 t_ns=193972513789 update_cpu_ns=19781391 final=1
K230_CARD_BENCH v=1 run=179702823862 event=submit input_id=304 frame_id=1372 t_ns=193972513789 update_cpu_ns=19781391 final=0
K230_CARD_BENCH v=1 run=179702823862 event=submit input_id=303 frame_id=1372 t_ns=193972513789 update_cpu_ns=19781391 final=0
K230_CARD_BENCH v=1 run=179702823862 event=submit input_id=302 frame_id=1372 t_ns=193972513789 update_cpu_ns=19781391 final=0
K230_CARD_BENCH v=1 run=179702823862 event=submit input_id=301 frame_id=1372 t_ns=193972513789 update_cpu_ns=19781391 final=0
K230_CARD_BENCH v=1 run=179702823862 event=present frame_id=1371 t_ns=193947914000 presented=1 clock=monotonic
K230_CARD_BENCH v=1 run=179702823862 event=input input_id=305 gesture_id=42 kind=release t_ns=193948811239 source=injected
K230_CARD_SHELL state mode=1 actions=1 message=0 cards=2
K230_CARD_BENCH v=1 run=179702823862 event=input input_id=304 gesture_id=42 kind=motion t_ns=193944275917 source=injected
K230_CARD_SHELL state mode=2 actions=1 message=0 cards=2
K230_CARD_BENCH v=1 run=179702823862 event=input input_id=303 gesture_id=42 kind=motion t_ns=193942226144 source=injected
K230_CARD_SHELL state mode=2 actions=1 message=0 cards=2
K230_CARD_BENCH v=1 run=179702823862 event=input input_id=302 gesture_id=42 kind=motion t_ns=193940418398 source=injected
K230_CARD_SHELL state mode=2 actions=1 message=0 cards=2
K230_CARD_BENCH v=1 run=179702823862 event=input input_id=301 gesture_id=42 kind=motion t_ns=193936917016 source=injected
K230_CARD_SHELL state mode=2 actions=1 message=0 cards=2
K230_CARD_SHELL frame-cost run=179702823862 frame_id=1371 total_cpu_ns=24157605 render_cpu_ns=19976377 input_cpu_ns=3069224
K230_CARD_BENCH v=1 run=179702823862 event=submit input_id=300 frame_id=1371 t_ns=193930154575 update_cpu_ns=24157605 final=0
K230_CARD_BENCH v=1 run=179702823862 event=submit input_id=299 frame_id=1371 t_ns=193930154575 update_cpu_ns=24157605 final=0
K230_CARD_BENCH v=1 run=179702823862 event=submit input_id=298 frame_id=1371 t_ns=193930154575 update_cpu_ns=24157605 final=0
K230_CARD_BENCH v=1 run=179702823862 event=submit input_id=297 frame_id=1371 t_ns=193930154575 update_cpu_ns=24157605 final=0
K230_CARD_BENCH v=1 run=179702823862 event=submit input_id=296 frame_id=1371 t_ns=193930154575 update_cpu_ns=24157605 final=0
K230_CARD_BENCH v=1 run=179702823862 event=present frame_id=1370 t_ns=193890453000 presented=1 clock=monotonic
K230_CARD_BENCH v=1 run=179702823862 event=input input_id=300 gesture_id=42 kind=motion t_ns=193904604403 source=injected
K230_CARD_SHELL state mode=2 actions=1 message=0 cards=2
K230_CARD_BENCH v=1 run=179702823862 event=input input_id=299 gesture_id=42 kind=motion t_ns=193898684856 source=injected
K230_CARD_SHELL state mode=2 actions=1 message=0 cards=2
K230_CARD_BENCH v=1 run=179702823862 event=input input_id=298 gesture_id=42 kind=motion t_ns=193896857858 source=injected
K230_CARD_SHELL state mode=2 actions=1 message=0 cards=2
K230_CARD_BENCH v=1 run=179702823862 event=input input_id=297 gesture_id=42 kind=motion t_ns=193893220189 source=injected
K230_CARD_SHELL state mode=2 actions=1 message=0 cards=2
K230_CARD_BENCH v=1 run=179702823862 event=input input_id=296 gesture_id=42 kind=motion t_ns=193890637748 source=injected
K230_CARD_SHELL state mode=2 actions=1 message=0 cards=2
K230_CARD_BENCH v=1 run=179702823862 event=resource phase=active t_ns=193888511742 cpu_ns=30364559000 memory_bytes=32108544 scope=session
K230_CARD_BENCH v=1 run=179702823862 event=resource phase=active t_ns=193888511742 cpu_ns=18829953880 memory_bytes=34217984 scope=compositor
K230_CARD_SHELL frame-cost run=179702823862 frame_id=1370 total_cpu_ns=21058839 render_cpu_ns=19308985 input_cpu_ns=1440667
K230_CARD_BENCH v=1 run=179702823862 event=submit input_id=295 frame_id=1370 t_ns=193884711907 update_cpu_ns=21058839 final=0
K230_CARD_BENCH v=1 run=179702823862 event=submit input_id=294 frame_id=1370 t_ns=193884711907 update_cpu_ns=21058839 final=0
K230_CARD_BENCH v=1 run=179702823862 event=submit input_id=293 frame_id=1370 t_ns=193884711907 update_cpu_ns=21058839 final=0
K230_CARD_BENCH v=1 run=179702823862 event=present frame_id=1369 t_ns=193852143000 presented=1 clock=monotonic
K230_CARD_BENCH v=1 run=179702823862 event=input input_id=295 gesture_id=42 kind=motion t_ns=193853639644 source=injected
K230_CARD_SHELL state mode=2 actions=1 message=0 cards=2
K230_CARD_BENCH v=1 run=179702823862 event=input input_id=294 gesture_id=42 kind=motion t_ns=193853048737 source=injected
K230_CARD_SHELL state mode=2 actions=1 message=0 cards=2
K230_CARD_BENCH v=1 run=179702823862 event=input input_id=293 gesture_id=42 kind=motion t_ns=193852384596 source=injected
K230_CARD_SHELL state mode=2 actions=1 message=0 cards=2
K230_CARD_SHELL frame-cost run=179702823862 frame_id=1369 total_cpu_ns=20462537 render_cpu_ns=17611833 input_cpu_ns=2526925
K230_CARD_BENCH v=1 run=179702823862 event=submit input_id=292 frame_id=1369 t_ns=193845520782 update_cpu_ns=20462537 final=0
K230_CARD_BENCH v=1 run=179702823862 event=submit input_id=291 frame_id=1369 t_ns=193845520782 update_cpu_ns=20462537 final=0
K230_CARD_BENCH v=1 run=179702823862 event=submit input_id=290 frame_id=1369 t_ns=193845520782 update_cpu_ns=20462537 final=0
K230_CARD_BENCH v=1 run=179702823862 event=submit input_id=289 frame_id=1369 t_ns=193845520782 update_cpu_ns=20462537 final=0
K230_CARD_BENCH v=1 run=179702823862 event=submit input_id=288 frame_id=1369 t_ns=193845520782 update_cpu_ns=20462537 final=0
K230_CARD_BENCH v=1 run=179702823862 event=present frame_id=1368 t_ns=193813834000 presented=1 clock=monotonic
K230_CARD_BENCH v=1 run=179702823862 event=input input_id=292 gesture_id=42 kind=motion t_ns=193824178157 source=injected
K230_CARD_SHELL state mode=2 actions=1 message=0 cards=2
K230_CARD_BENCH v=1 run=179702823862 event=input input_id=291 gesture_id=42 kind=motion t_ns=193817240740 source=injected
K230_CARD_SHELL state mode=2 actions=1 message=0 cards=2
K230_CARD_BENCH v=1 run=179702823862 event=input input_id=290 gesture_id=42 kind=motion t_ns=193816397290 source=injected
K230_CARD_SHELL state mode=2 actions=1 message=0 cards=2
K230_CARD_BENCH v=1 run=179702823862 event=input input_id=289 gesture_id=42 kind=motion t_ns=193813547201 source=injected
K230_CARD_SHELL state mode=2 actions=1 message=0 cards=2
K230_CARD_BENCH v=1 run=179702823862 event=input input_id=288 gesture_id=42 kind=motion t_ns=193813022531 source=injected
K230_CARD_SHELL state mode=2 actions=1 message=0 cards=2
K230_CARD_SHELL frame-cost run=179702823862 frame_id=1368 total_cpu_ns=16309068 render_cpu_ns=15345403 input_cpu_ns=687997
K230_CARD_BENCH v=1 run=179702823862 event=submit input_id=287 frame_id=1368 t_ns=193805629234 update_cpu_ns=16309068 final=0
K230_CARD_BENCH v=1 run=179702823862 event=submit input_id=286 frame_id=1368 t_ns=193805629234 update_cpu_ns=16309068 final=0
K230_CARD_BENCH v=1 run=179702823862 event=present frame_id=1367 t_ns=193775524000 presented=1 clock=monotonic
K230_CARD_BENCH v=1 run=179702823862 event=input input_id=287 gesture_id=42 kind=motion t_ns=193775213410 source=injected
K230_CARD_SHELL state mode=2 actions=1 message=0 cards=2
K230_CARD_BENCH v=1 run=179702823862 event=input input_id=286 gesture_id=42 kind=motion t_ns=193773520366 source=injected
K230_CARD_SHELL state mode=2 actions=1 message=0 cards=2
K230_CARD_SHELL frame-cost run=179702823862 frame_id=1367 total_cpu_ns=14607277 render_cpu_ns=14158091 input_cpu_ns=284555
K230_CARD_BENCH v=1 run=179702823862 event=submit input_id=285 frame_id=1367 t_ns=193772804428 update_cpu_ns=14607277 final=0
K230_CARD_BENCH v=1 run=179702823862 event=present frame_id=1366 t_ns=193756371000 presented=1 clock=monotonic
K230_CARD_BENCH v=1 run=179702823862 event=input input_id=285 gesture_id=42 kind=motion t_ns=193746626696 source=injected
K230_CARD_SHELL state mode=2 actions=1 message=0 cards=2
K230_CARD_SHELL state mode=2 actions=1 message=0 cards=2
K230_CARD_BENCH v=1 run=179702823862 event=present frame_id=1365 t_ns=193718059000 presented=1 clock=monotonic
K230_CARD_BENCH v=1 run=179702823862 event=present frame_id=1364 t_ns=193679751000 presented=1 clock=monotonic
K230_CARD_BENCH v=1 run=179702823862 event=present frame_id=1363 t_ns=193660595000 presented=1 clock=monotonic
K230_CARD_BENCH v=1 run=179702823862 event=present frame_id=1362 t_ns=193622286000 presented=1 clock=monotonic
K230_CARD_BENCH v=1 run=179702823862 event=present frame_id=1361 t_ns=193603132000 presented=1 clock=monotonic
K230_CARD_BENCH v=1 run=179702823862 event=present frame_id=1360 t_ns=193564821000 presented=1 clock=monotonic
K230_CARD_BENCH v=1 run=179702823862 event=present frame_id=1359 t_ns=193545668000 presented=1 clock=monotonic
K230_CARD_BENCH v=1 run=179702823862 event=present frame_id=1358 t_ns=193507358000 presented=1 clock=monotonic
K230_CARD_BENCH v=1 run=179702823862 event=present frame_id=1357 t_ns=193488204000 presented=1 clock=monotonic
K230_CARD_SHELL frame-cost run=179702823862 frame_id=1357 total_cpu_ns=17689225 render_cpu_ns=14268520 input_cpu_ns=3188373
K230_CARD_BENCH v=1 run=179702823862 event=submit input_id=284 frame_id=1357 t_ns=193478240843 update_cpu_ns=17689225 final=1
K230_CARD_BENCH v=1 run=179702823862 event=submit input_id=283 frame_id=1357 t_ns=193478240843 update_cpu_ns=17689225 final=0
K230_CARD_BENCH v=1 run=179702823862 event=present frame_id=1356 t_ns=193449897000 presented=1 clock=monotonic
K230_CARD_BENCH v=1 run=179702823862 event=input input_id=284 gesture_id=41 kind=release t_ns=193448050201 source=injected
K230_CARD_SHELL state mode=1 actions=1 message=0 cards=2
K230_CARD_BENCH v=1 run=179702823862 event=input input_id=283 gesture_id=41 kind=motion t_ns=193444274432 source=injected
K230_CARD_SHELL state mode=2 actions=1 message=0 cards=2
K230_CARD_SHELL frame-cost run=179702823862 frame_id=1356 total_cpu_ns=23212892 render_cpu_ns=19985746 input_cpu_ns=2819961
K230_CARD_BENCH v=1 run=179702823862 event=submit input_id=282 frame_id=1356 t_ns=193435170577 update_cpu_ns=23212892 final=0
K230_CARD_BENCH v=1 run=179702823862 event=submit input_id=281 frame_id=1356 t_ns=193435170577 update_cpu_ns=23212892 final=0
K230_CARD_BENCH v=1 run=179702823862 event=submit input_id=280 frame_id=1356 t_ns=193435170577 update_cpu_ns=23212892 final=0
K230_CARD_BENCH v=1 run=179702823862 event=submit input_id=279 frame_id=1356 t_ns=193435170577 update_cpu_ns=23212892 final=0
K230_CARD_BENCH v=1 run=179702823862 event=submit input_id=278 frame_id=1356 t_ns=193435170577 update_cpu_ns=23212892 final=0
K230_CARD_BENCH v=1 run=179702823862 event=present frame_id=1355 t_ns=193411585000 presented=1 clock=monotonic
K230_CARD_BENCH v=1 run=179702823862 event=input input_id=282 gesture_id=41 kind=motion t_ns=193402652888 source=injected
K230_CARD_SHELL state mode=2 actions=1 message=0 cards=2
K230_CARD_BENCH v=1 run=179702823862 event=input input_id=281 gesture_id=41 kind=motion t_ns=193398838539 source=injected
K230_CARD_SHELL state mode=2 actions=1 message=0 cards=2
K230_CARD_BENCH v=1 run=179702823862 event=input input_id=280 gesture_id=41 kind=motion t_ns=193398153183 source=injected
K230_CARD_SHELL state mode=2 actions=1 message=0 cards=2
K230_CARD_BENCH v=1 run=179702823862 event=input input_id=279 gesture_id=41 kind=motion t_ns=193396271834 source=injected
K230_CARD_SHELL state mode=2 actions=1 message=0 cards=2
K230_CARD_BENCH v=1 run=179702823862 event=input input_id=278 gesture_id=41 kind=motion t_ns=193394314103 source=injected
K230_CARD_SHELL state mode=2 actions=1 message=0 cards=2
K230_CARD_SHELL frame-cost run=179702823862 frame_id=1355 total_cpu_ns=22157860 render_cpu_ns=19987856 input_cpu_ns=1777669
K230_CARD_BENCH v=1 run=179702823862 event=submit input_id=277 frame_id=1355 t_ns=193393437702 update_cpu_ns=22157860 final=0
K230_CARD_BENCH v=1 run=179702823862 event=submit input_id=276 frame_id=1355 t_ns=193393437702 update_cpu_ns=22157860 final=0
K230_CARD_BENCH v=1 run=179702823862 event=submit input_id=275 frame_id=1355 t_ns=193393437702 update_cpu_ns=22157860 final=0
K230_CARD_BENCH v=1 run=179702823862 event=submit input_id=274 frame_id=1355 t_ns=193393437702 update_cpu_ns=22157860 final=0
K230_CARD_BENCH v=1 run=179702823862 event=present frame_id=1354 t_ns=193354124000 presented=1 clock=monotonic
K230_CARD_BENCH v=1 run=179702823862 event=input input_id=277 gesture_id=41 kind=motion t_ns=193354838336 source=injected
K230_CARD_SHELL state mode=2 actions=1 message=0 cards=2
K230_CARD_BENCH v=1 run=179702823862 event=input input_id=276 gesture_id=41 kind=motion t_ns=193352824920 source=injected
K230_CARD_SHELL state mode=2 actions=1 message=0 cards=2
K230_CARD_BENCH v=1 run=179702823862 event=input input_id=275 gesture_id=41 kind=motion t_ns=193352232385 source=injected
K230_CARD_SHELL state mode=2 actions=1 message=0 cards=2
K230_CARD_BENCH v=1 run=179702823862 event=input input_id=274 gesture_id=41 kind=motion t_ns=193348425033 source=injected
K230_CARD_SHELL state mode=2 actions=1 message=0 cards=2
K230_CARD_SHELL live cards=2 commits=901 sampled=1793 frame-done=1807 output-presented=826
K230_CARD_SHELL frame-cost run=179702823862 frame_id=1354 total_cpu_ns=22856894 render_cpu_ns=18454713 input_cpu_ns=4026221
K230_CARD_BENCH v=1 run=179702823862 event=submit input_id=273 frame_id=1354 t_ns=193336875395 update_cpu_ns=22856894 final=0
K230_CARD_BENCH v=1 run=179702823862 event=submit input_id=272 frame_id=1354 t_ns=193336875395 update_cpu_ns=22856894 final=0
K230_CARD_BENCH v=1 run=179702823862 event=submit input_id=271 frame_id=1354 t_ns=193336875395 update_cpu_ns=22856894 final=0
K230_CARD_BENCH v=1 run=179702823862 event=submit input_id=270 frame_id=1354 t_ns=193336875395 update_cpu_ns=22856894 final=0
K230_CARD_BENCH v=1 run=179702823862 event=submit input_id=269 frame_id=1354 t_ns=193336875395 update_cpu_ns=22856894 final=0
K230_CARD_BENCH v=1 run=179702823862 event=submit input_id=268 frame_id=1354 t_ns=193336875395 update_cpu_ns=22856894 final=0
K230_CARD_BENCH v=1 run=179702823862 event=submit input_id=267 frame_id=1354 t_ns=193336875395 update_cpu_ns=22856894 final=0
K230_CARD_BENCH v=1 run=179702823862 event=submit input_id=266 frame_id=1354 t_ns=193336875395 update_cpu_ns=22856894 final=0
K230_CARD_BENCH v=1 run=179702823862 event=present frame_id=1353 t_ns=193315812000 presented=1 clock=monotonic
K230_CARD_BENCH v=1 run=179702823862 event=input input_id=273 gesture_id=41 kind=motion t_ns=193312649729 source=injected
K230_CARD_SHELL state mode=2 actions=1 message=0 cards=2
K230_CARD_BENCH v=1 run=179702823862 event=input input_id=272 gesture_id=41 kind=motion t_ns=193307309204 source=injected
K230_CARD_SHELL state mode=2 actions=1 message=0 cards=2
K230_CARD_BENCH v=1 run=179702823862 event=input input_id=271 gesture_id=41 kind=motion t_ns=193305431630 source=injected
K230_CARD_SHELL state mode=2 actions=1 message=0 cards=2
K230_CARD_BENCH v=1 run=179702823862 event=input input_id=270 gesture_id=41 kind=motion t_ns=193304906479 source=injected
K230_CARD_SHELL state mode=2 actions=1 message=0 cards=2
K230_CARD_BENCH v=1 run=179702823862 event=input input_id=269 gesture_id=41 kind=motion t_ns=193303606594 source=injected
K230_CARD_SHELL state mode=2 actions=1 message=0 cards=2
K230_CARD_BENCH v=1 run=179702823862 event=input input_id=268 gesture_id=41 kind=motion t_ns=193301138336 source=injected
K230_CARD_SHELL state mode=2 actions=1 message=0 cards=2
K230_CARD_BENCH v=1 run=179702823862 event=input input_id=267 gesture_id=41 kind=motion t_ns=193299192194 source=injected
K230_CARD_SHELL state mode=2 actions=1 message=0 cards=2
K230_CARD_BENCH v=1 run=179702823862 event=input input_id=266 gesture_id=41 kind=motion t_ns=193297299885 source=injected
K230_CARD_SHELL state mode=2 actions=1 message=0 cards=2
K230_CARD_BENCH v=1 run=179702823862 event=present frame_id=1352 t_ns=193258350000 presented=1 clock=monotonic
K230_CARD_SHELL frame-cost run=179702823862 frame_id=1352 total_cpu_ns=15704320 render_cpu_ns=14571173 input_cpu_ns=651889
K230_CARD_BENCH v=1 run=179702823862 event=submit input_id=265 frame_id=1352 t_ns=193255701111 update_cpu_ns=15704320 final=0
K230_CARD_BENCH v=1 run=179702823862 event=submit input_id=264 frame_id=1352 t_ns=193255701111 update_cpu_ns=15704320 final=0
K230_CARD_BENCH v=1 run=179702823862 event=present frame_id=1351 t_ns=193239194000 presented=1 clock=monotonic
K230_CARD_BENCH v=1 run=179702823862 event=input input_id=265 gesture_id=41 kind=motion t_ns=193232621530 source=injected
K230_CARD_SHELL state mode=2 actions=1 message=0 cards=2
K230_CARD_BENCH v=1 run=179702823862 event=input input_id=264 gesture_id=41 kind=motion t_ns=193223593983 source=injected
K230_CARD_SHELL state mode=2 actions=1 message=0 cards=2
K230_CARD_SHELL state mode=2 actions=1 message=0 cards=2
K230_CARD_BENCH v=1 run=179702823862 event=present frame_id=1350 t_ns=193200884000 presented=1 clock=monotonic
K230_CARD_BENCH v=1 run=179702823862 event=present frame_id=1349 t_ns=193162574000 presented=1 clock=monotonic
K230_CARD_BENCH v=1 run=179702823862 event=present frame_id=1348 t_ns=193143420000 presented=1 clock=monotonic
K230_CARD_BENCH v=1 run=179702823862 event=present frame_id=1347 t_ns=193105110000 presented=1 clock=monotonic
K230_CARD_BENCH v=1 run=179702823862 event=present frame_id=1346 t_ns=193085957000 presented=1 clock=monotonic
K230_CARD_BENCH v=1 run=179702823862 event=present frame_id=1345 t_ns=193047646000 presented=1 clock=monotonic
K230_CARD_BENCH v=1 run=179702823862 event=present frame_id=1344 t_ns=193028492000 presented=1 clock=monotonic
K230_CARD_BENCH v=1 run=179702823862 event=present frame_id=1343 t_ns=192990183000 presented=1 clock=monotonic
K230_CARD_BENCH v=1 run=179702823862 event=present frame_id=1342 t_ns=192971030000 presented=1 clock=monotonic
K230_CARD_BENCH v=1 run=179702823862 event=present frame_id=1341 t_ns=192951875000 presented=1 clock=monotonic
K230_CARD_SHELL frame-cost run=179702823862 frame_id=1341 total_cpu_ns=21184031 render_cpu_ns=14071397 input_cpu_ns=6490374
K230_CARD_BENCH v=1 run=179702823862 event=submit input_id=263 frame_id=1341 t_ns=192939190565 update_cpu_ns=21184031 final=1
K230_CARD_BENCH v=1 run=179702823862 event=submit input_id=262 frame_id=1341 t_ns=192939190565 update_cpu_ns=21184031 final=0
K230_CARD_BENCH v=1 run=179702823862 event=submit input_id=261 frame_id=1341 t_ns=192939190565 update_cpu_ns=21184031 final=0
K230_CARD_BENCH v=1 run=179702823862 event=submit input_id=260 frame_id=1341 t_ns=192939190565 update_cpu_ns=21184031 final=0
K230_CARD_BENCH v=1 run=179702823862 event=submit input_id=259 frame_id=1341 t_ns=192939190565 update_cpu_ns=21184031 final=0
K230_CARD_BENCH v=1 run=179702823862 event=submit input_id=258 frame_id=1341 t_ns=192939190565 update_cpu_ns=21184031 final=0
K230_CARD_BENCH v=1 run=179702823862 event=submit input_id=257 frame_id=1341 t_ns=192939190565 update_cpu_ns=21184031 final=0
K230_CARD_BENCH v=1 run=179702823862 event=present frame_id=1340 t_ns=192913585000 presented=1 clock=monotonic
K230_CARD_BENCH v=1 run=179702823862 event=input input_id=263 gesture_id=40 kind=release t_ns=192917858891 source=injected
K230_CARD_SHELL state mode=1 actions=1 message=0 cards=2
K230_CARD_BENCH v=1 run=179702823862 event=input input_id=262 gesture_id=40 kind=motion t_ns=192916271341 source=injected
K230_CARD_SHELL state mode=2 actions=1 message=0 cards=2
K230_CARD_BENCH v=1 run=179702823862 event=input input_id=261 gesture_id=40 kind=motion t_ns=192914592121 source=injected
K230_CARD_SHELL state mode=2 actions=1 message=0 cards=2
K230_CARD_BENCH v=1 run=179702823862 event=input input_id=260 gesture_id=40 kind=motion t_ns=192912923007 source=injected
K230_CARD_SHELL state mode=2 actions=1 message=0 cards=2
K230_CARD_BENCH v=1 run=179702823862 event=input input_id=259 gesture_id=40 kind=motion t_ns=192911272962 source=injected
K230_CARD_SHELL state mode=2 actions=1 message=0 cards=2
K230_CARD_BENCH v=1 run=179702823862 event=input input_id=258 gesture_id=40 kind=motion t_ns=192909739800 source=injected
K230_CARD_SHELL state mode=2 actions=1 message=0 cards=2
K230_CARD_BENCH v=1 run=179702823862 event=input input_id=257 gesture_id=40 kind=motion t_ns=192908250698 source=injected
K230_CARD_SHELL state mode=2 actions=1 message=0 cards=2
K230_CARD_BENCH v=1 run=179702823862 event=present frame_id=1339 t_ns=192875258000 presented=1 clock=monotonic
K230_CARD_BENCH v=1 run=179702823862 event=resource phase=active t_ns=192875527128 cpu_ns=29624384000 memory_bytes=32096256 scope=session
K230_CARD_BENCH v=1 run=179702823862 event=resource phase=active t_ns=192875527128 cpu_ns=18294825280 memory_bytes=34217984 scope=compositor
K230_CARD_SHELL frame-cost run=179702823862 frame_id=1339 total_cpu_ns=22542714 render_cpu_ns=20161748 input_cpu_ns=2067484
K230_CARD_BENCH v=1 run=179702823862 event=submit input_id=256 frame_id=1339 t_ns=192867641881 update_cpu_ns=22542714 final=0
K230_CARD_BENCH v=1 run=179702823862 event=submit input_id=255 frame_id=1339 t_ns=192867641881 update_cpu_ns=22542714 final=0
K230_CARD_BENCH v=1 run=179702823862 event=submit input_id=254 frame_id=1339 t_ns=192867641881 update_cpu_ns=22542714 final=0
K230_CARD_BENCH v=1 run=179702823862 event=submit input_id=253 frame_id=1339 t_ns=192867641881 update_cpu_ns=22542714 final=0
K230_CARD_BENCH v=1 run=179702823862 event=present frame_id=1338 t_ns=192836950000 presented=1 clock=monotonic
K230_CARD_BENCH v=1 run=179702823862 event=input input_id=256 gesture_id=40 kind=motion t_ns=192836250729 source=injected
K230_CARD_SHELL state mode=2 actions=1 message=0 cards=2
K230_CARD_BENCH v=1 run=179702823862 event=input input_id=255 gesture_id=40 kind=motion t_ns=192834400014 source=injected
K230_CARD_SHELL state mode=2 actions=1 message=0 cards=2
K230_CARD_BENCH v=1 run=179702823862 event=input input_id=254 gesture_id=40 kind=motion t_ns=192833847358 source=injected
K230_CARD_SHELL state mode=2 actions=1 message=0 cards=2
K230_CARD_BENCH v=1 run=179702823862 event=input input_id=253 gesture_id=40 kind=motion t_ns=192833095438 source=injected
K230_CARD_SHELL state mode=2 actions=1 message=0 cards=2
K230_CARD_SHELL frame-cost run=179702823862 frame_id=1338 total_cpu_ns=20513153 render_cpu_ns=18678191 input_cpu_ns=1566258
K230_CARD_BENCH v=1 run=179702823862 event=submit input_id=252 frame_id=1338 t_ns=192826822362 update_cpu_ns=20513153 final=0
K230_CARD_BENCH v=1 run=179702823862 event=submit input_id=251 frame_id=1338 t_ns=192826822362 update_cpu_ns=20513153 final=0
K230_CARD_BENCH v=1 run=179702823862 event=submit input_id=250 frame_id=1338 t_ns=192826822362 update_cpu_ns=20513153 final=0
K230_CARD_BENCH v=1 run=179702823862 event=present frame_id=1337 t_ns=192798641000 presented=1 clock=monotonic
K230_CARD_BENCH v=1 run=179702823862 event=input input_id=252 gesture_id=40 kind=motion t_ns=192798394902 source=injected
K230_CARD_SHELL state mode=2 actions=1 message=0 cards=2
K230_CARD_BENCH v=1 run=179702823862 event=input input_id=251 gesture_id=40 kind=motion t_ns=192794485952 source=injected
K230_CARD_SHELL state mode=2 actions=1 message=0 cards=2
K230_CARD_BENCH v=1 run=179702823862 event=input input_id=250 gesture_id=40 kind=motion t_ns=192793802194 source=injected
K230_CARD_SHELL state mode=2 actions=1 message=0 cards=2
K230_CARD_SHELL frame-cost run=179702823862 frame_id=1337 total_cpu_ns=19588521 render_cpu_ns=17380815 input_cpu_ns=1849038
K230_CARD_BENCH v=1 run=179702823862 event=submit input_id=249 frame_id=1337 t_ns=192788941173 update_cpu_ns=19588521 final=0
K230_CARD_BENCH v=1 run=179702823862 event=submit input_id=248 frame_id=1337 t_ns=192788941173 update_cpu_ns=19588521 final=0
K230_CARD_BENCH v=1 run=179702823862 event=submit input_id=247 frame_id=1337 t_ns=192788941173 update_cpu_ns=19588521 final=0
K230_CARD_BENCH v=1 run=179702823862 event=submit input_id=246 frame_id=1337 t_ns=192788941173 update_cpu_ns=19588521 final=0
K230_CARD_BENCH v=1 run=179702823862 event=present frame_id=1336 t_ns=192760333000 presented=1 clock=monotonic
K230_CARD_BENCH v=1 run=179702823862 event=input input_id=249 gesture_id=40 kind=motion t_ns=192761690223 source=injected
K230_CARD_SHELL state mode=2 actions=1 message=0 cards=2
K230_CARD_BENCH v=1 run=179702823862 event=input input_id=248 gesture_id=40 kind=motion t_ns=192758478285 source=injected
K230_CARD_SHELL state mode=2 actions=1 message=0 cards=2
K230_CARD_BENCH v=1 run=179702823862 event=input input_id=247 gesture_id=40 kind=motion t_ns=192757910523 source=injected
K230_CARD_SHELL state mode=2 actions=1 message=0 cards=2
K230_CARD_BENCH v=1 run=179702823862 event=input input_id=246 gesture_id=40 kind=motion t_ns=192756277397 source=injected
K230_CARD_SHELL state mode=2 actions=1 message=0 cards=2
K230_CARD_SHELL frame-cost run=179702823862 frame_id=1336 total_cpu_ns=16054955 render_cpu_ns=15221439 input_cpu_ns=625961
K230_CARD_BENCH v=1 run=179702823862 event=submit input_id=245 frame_id=1336 t_ns=192750103582 update_cpu_ns=16054955 final=0
K230_CARD_BENCH v=1 run=179702823862 event=submit input_id=244 frame_id=1336 t_ns=192750103582 update_cpu_ns=16054955 final=0
K230_CARD_BENCH v=1 run=179702823862 event=present frame_id=1335 t_ns=192722022000 presented=1 clock=monotonic
K230_CARD_BENCH v=1 run=179702823862 event=input input_id=245 gesture_id=40 kind=motion t_ns=192724308116 source=injected
K230_CARD_SHELL state mode=2 actions=1 message=0 cards=2
K230_CARD_BENCH v=1 run=179702823862 event=input input_id=244 gesture_id=40 kind=motion t_ns=192720437042 source=injected
K230_CARD_SHELL state mode=2 actions=1 message=0 cards=2
K230_CARD_SHELL frame-cost run=179702823862 frame_id=1335 total_cpu_ns=14360054 render_cpu_ns=14027648 input_cpu_ns=167408
K230_CARD_BENCH v=1 run=179702823862 event=submit input_id=243 frame_id=1335 t_ns=192719427177 update_cpu_ns=14360054 final=0
K230_CARD_BENCH v=1 run=179702823862 event=present frame_id=1334 t_ns=192702867000 presented=1 clock=monotonic
K230_CARD_BENCH v=1 run=179702823862 event=input input_id=243 gesture_id=40 kind=motion t_ns=192698630054 source=injected
K230_CARD_SHELL state mode=2 actions=1 message=0 cards=2
K230_CARD_SHELL state mode=2 actions=1 message=0 cards=2
K230_CARD_BENCH v=1 run=179702823862 event=present frame_id=1333 t_ns=192664558000 presented=1 clock=monotonic
K230_CARD_BENCH v=1 run=179702823862 event=present frame_id=1332 t_ns=192645403000 presented=1 clock=monotonic
K230_CARD_BENCH v=1 run=179702823862 event=present frame_id=1331 t_ns=192607093000 presented=1 clock=monotonic
K230_CARD_BENCH v=1 run=179702823862 event=present frame_id=1330 t_ns=192587940000 presented=1 clock=monotonic
K230_CARD_BENCH v=1 run=179702823862 event=present frame_id=1329 t_ns=192549630000 presented=1 clock=monotonic
K230_CARD_BENCH v=1 run=179702823862 event=present frame_id=1328 t_ns=192530476000 presented=1 clock=monotonic
K230_CARD_BENCH v=1 run=179702823862 event=present frame_id=1327 t_ns=192492170000 presented=1 clock=monotonic
K230_CARD_BENCH v=1 run=179702823862 event=present frame_id=1326 t_ns=192473014000 presented=1 clock=monotonic
K230_CARD_BENCH v=1 run=179702823862 event=present frame_id=1325 t_ns=192434706000 presented=1 clock=monotonic
K230_CARD_BENCH v=1 run=179702823862 event=present frame_id=1324 t_ns=192415553000 presented=1 clock=monotonic
K230_CARD_SHELL frame-cost run=179702823862 frame_id=1324 total_cpu_ns=18956136 render_cpu_ns=14203391 input_cpu_ns=4082075
K230_CARD_BENCH v=1 run=179702823862 event=submit input_id=242 frame_id=1324 t_ns=192402651818 update_cpu_ns=18956136 final=1
K230_CARD_BENCH v=1 run=179702823862 event=submit input_id=241 frame_id=1324 t_ns=192402651818 update_cpu_ns=18956136 final=0
K230_CARD_BENCH v=1 run=179702823862 event=submit input_id=240 frame_id=1324 t_ns=192402651818 update_cpu_ns=18956136 final=0
K230_CARD_BENCH v=1 run=179702823862 event=submit input_id=239 frame_id=1324 t_ns=192402651818 update_cpu_ns=18956136 final=0
K230_CARD_BENCH v=1 run=179702823862 event=present frame_id=1323 t_ns=192377242000 presented=1 clock=monotonic
K230_CARD_BENCH v=1 run=179702823862 event=input input_id=242 gesture_id=39 kind=release t_ns=192384140554 source=injected
K230_CARD_SHELL state mode=1 actions=1 message=0 cards=2
K230_CARD_BENCH v=1 run=179702823862 event=input input_id=241 gesture_id=39 kind=motion t_ns=192382605134 source=injected
K230_CARD_SHELL state mode=2 actions=1 message=0 cards=2
K230_CARD_BENCH v=1 run=179702823862 event=input input_id=240 gesture_id=39 kind=motion t_ns=192381078415 source=injected
K230_CARD_SHELL state mode=2 actions=1 message=0 cards=2
K230_CARD_BENCH v=1 run=179702823862 event=input input_id=239 gesture_id=39 kind=motion t_ns=192380442270 source=injected
K230_CARD_SHELL state mode=2 actions=1 message=0 cards=2
K230_CARD_SHELL frame-cost run=179702823862 frame_id=1323 total_cpu_ns=21834300 render_cpu_ns=19915631 input_cpu_ns=1620261
K230_CARD_BENCH v=1 run=179702823862 event=submit input_id=238 frame_id=1323 t_ns=192375418269 update_cpu_ns=21834300 final=0
K230_CARD_BENCH v=1 run=179702823862 event=submit input_id=237 frame_id=1323 t_ns=192375418269 update_cpu_ns=21834300 final=0
K230_CARD_BENCH v=1 run=179702823862 event=submit input_id=236 frame_id=1323 t_ns=192375418269 update_cpu_ns=21834300 final=0
K230_CARD_BENCH v=1 run=179702823862 event=present frame_id=1322 t_ns=192338933000 presented=1 clock=monotonic
K230_CARD_BENCH v=1 run=179702823862 event=input input_id=238 gesture_id=39 kind=motion t_ns=192343622779 source=injected
K230_CARD_SHELL state mode=2 actions=1 message=0 cards=2
K230_CARD_BENCH v=1 run=179702823862 event=input input_id=237 gesture_id=39 kind=motion t_ns=192341827636 source=injected
K230_CARD_SHELL state mode=2 actions=1 message=0 cards=2
K230_CARD_BENCH v=1 run=179702823862 event=input input_id=236 gesture_id=39 kind=motion t_ns=192340747463 source=injected
K230_CARD_SHELL state mode=2 actions=1 message=0 cards=2
K230_CARD_SHELL frame-cost run=179702823862 frame_id=1322 total_cpu_ns=22310605 render_cpu_ns=19836493 input_cpu_ns=2147741
K230_CARD_BENCH v=1 run=179702823862 event=submit input_id=235 frame_id=1322 t_ns=192334406114 update_cpu_ns=22310605 final=0
K230_CARD_BENCH v=1 run=179702823862 event=submit input_id=234 frame_id=1322 t_ns=192334406114 update_cpu_ns=22310605 final=0
K230_CARD_BENCH v=1 run=179702823862 event=submit input_id=233 frame_id=1322 t_ns=192334406114 update_cpu_ns=22310605 final=0
K230_CARD_BENCH v=1 run=179702823862 event=submit input_id=232 frame_id=1322 t_ns=192334406114 update_cpu_ns=22310605 final=0
K230_CARD_BENCH v=1 run=179702823862 event=present frame_id=1321 t_ns=192300636000 presented=1 clock=monotonic
K230_CARD_BENCH v=1 run=179702823862 event=input input_id=235 gesture_id=39 kind=motion t_ns=192304780301 source=injected
K230_CARD_SHELL state mode=2 actions=1 message=0 cards=2
K230_CARD_BENCH v=1 run=179702823862 event=input input_id=234 gesture_id=39 kind=motion t_ns=192302667715 source=injected
K230_CARD_SHELL state mode=2 actions=1 message=0 cards=2
K230_CARD_BENCH v=1 run=179702823862 event=input input_id=233 gesture_id=39 kind=motion t_ns=192301258621 source=injected
K230_CARD_SHELL state mode=2 actions=1 message=0 cards=2
K230_CARD_BENCH v=1 run=179702823862 event=input input_id=232 gesture_id=39 kind=motion t_ns=192299585583 source=injected
K230_CARD_SHELL state mode=2 actions=1 message=0 cards=2
K230_CARD_SHELL frame-cost run=179702823862 frame_id=1321 total_cpu_ns=20725293 render_cpu_ns=18386182 input_cpu_ns=2088404
K230_CARD_BENCH v=1 run=179702823862 event=submit input_id=231 frame_id=1321 t_ns=192291041051 update_cpu_ns=20725293 final=0
K230_CARD_BENCH v=1 run=179702823862 event=submit input_id=230 frame_id=1321 t_ns=192291041051 update_cpu_ns=20725293 final=0
K230_CARD_BENCH v=1 run=179702823862 event=submit input_id=229 frame_id=1321 t_ns=192291041051 update_cpu_ns=20725293 final=0
K230_CARD_BENCH v=1 run=179702823862 event=submit input_id=228 frame_id=1321 t_ns=192291041051 update_cpu_ns=20725293 final=0
K230_CARD_BENCH v=1 run=179702823862 event=present frame_id=1320 t_ns=192262316000 presented=1 clock=monotonic
K230_CARD_BENCH v=1 run=179702823862 event=input input_id=231 gesture_id=39 kind=motion t_ns=192263164766 source=injected
K230_CARD_SHELL state mode=2 actions=1 message=0 cards=2
K230_CARD_BENCH v=1 run=179702823862 event=input input_id=230 gesture_id=39 kind=motion t_ns=192260185932 source=injected
K230_CARD_SHELL state mode=2 actions=1 message=0 cards=2
K230_CARD_BENCH v=1 run=179702823862 event=input input_id=229 gesture_id=39 kind=motion t_ns=192259566262 source=injected
K230_CARD_SHELL state mode=2 actions=1 message=0 cards=2
K230_CARD_BENCH v=1 run=179702823862 event=input input_id=228 gesture_id=39 kind=motion t_ns=192256374725 source=injected
K230_CARD_SHELL state mode=2 actions=1 message=0 cards=2
K230_CARD_SHELL frame-cost run=179702823862 frame_id=1320 total_cpu_ns=18811112 render_cpu_ns=16988705 input_cpu_ns=1446073
K230_CARD_BENCH v=1 run=179702823862 event=submit input_id=227 frame_id=1320 t_ns=192250132452 update_cpu_ns=18811112 final=0
K230_CARD_BENCH v=1 run=179702823862 event=submit input_id=226 frame_id=1320 t_ns=192250132452 update_cpu_ns=18811112 final=0
K230_CARD_BENCH v=1 run=179702823862 event=submit input_id=225 frame_id=1320 t_ns=192250132452 update_cpu_ns=18811112 final=0
K230_CARD_BENCH v=1 run=179702823862 event=submit input_id=224 frame_id=1320 t_ns=192250132452 update_cpu_ns=18811112 final=0
K230_CARD_BENCH v=1 run=179702823862 event=present frame_id=1319 t_ns=192224041000 presented=1 clock=monotonic
K230_CARD_BENCH v=1 run=179702823862 event=input input_id=227 gesture_id=39 kind=motion t_ns=192225658445 source=injected
K230_CARD_SHELL state mode=2 actions=1 message=0 cards=2
K230_CARD_BENCH v=1 run=179702823862 event=input input_id=226 gesture_id=39 kind=motion t_ns=192225160547 source=injected
K230_CARD_SHELL state mode=2 actions=1 message=0 cards=2
K230_CARD_BENCH v=1 run=179702823862 event=input input_id=225 gesture_id=39 kind=motion t_ns=192220882394 source=injected
K230_CARD_SHELL state mode=2 actions=1 message=0 cards=2
K230_CARD_BENCH v=1 run=179702823862 event=input input_id=224 gesture_id=39 kind=motion t_ns=192220363504 source=injected
K230_CARD_SHELL state mode=2 actions=1 message=0 cards=2
K230_CARD_SHELL frame-cost run=179702823862 frame_id=1319 total_cpu_ns=15462291 render_cpu_ns=14685439 input_cpu_ns=558555
K230_CARD_BENCH v=1 run=179702823862 event=submit input_id=223 frame_id=1319 t_ns=192213074564 update_cpu_ns=15462291 final=0
K230_CARD_BENCH v=1 run=179702823862 event=submit input_id=222 frame_id=1319 t_ns=192213074564 update_cpu_ns=15462291 final=0
K230_CARD_BENCH v=1 run=179702823862 event=present frame_id=1318 t_ns=192185696000 presented=1 clock=monotonic
K230_CARD_BENCH v=1 run=179702823862 event=input input_id=223 gesture_id=39 kind=motion t_ns=192186020396 source=injected
K230_CARD_SHELL state mode=2 actions=1 message=0 cards=2
K230_CARD_BENCH v=1 run=179702823862 event=input input_id=222 gesture_id=39 kind=motion t_ns=192183469373 source=injected
K230_CARD_SHELL state mode=2 actions=1 message=0 cards=2
K230_CARD_BENCH v=1 run=179702823862 event=present frame_id=1317 t_ns=192166542000 presented=1 clock=monotonic
K230_CARD_SHELL state mode=2 actions=1 message=0 cards=2
K230_CARD_BENCH v=1 run=179702823862 event=present frame_id=1316 t_ns=192128233000 presented=1 clock=monotonic
K230_CARD_BENCH v=1 run=179702823862 event=present frame_id=1315 t_ns=192109079000 presented=1 clock=monotonic
K230_CARD_BENCH v=1 run=179702823862 event=present frame_id=1314 t_ns=192070769000 presented=1 clock=monotonic
K230_CARD_BENCH v=1 run=179702823862 event=present frame_id=1313 t_ns=192051617000 presented=1 clock=monotonic
K230_CARD_BENCH v=1 run=179702823862 event=present frame_id=1312 t_ns=192013306000 presented=1 clock=monotonic
K230_CARD_BENCH v=1 run=179702823862 event=present frame_id=1311 t_ns=191994152000 presented=1 clock=monotonic
K230_CARD_BENCH v=1 run=179702823862 event=present frame_id=1310 t_ns=191955843000 presented=1 clock=monotonic
K230_CARD_BENCH v=1 run=179702823862 event=present frame_id=1309 t_ns=191936689000 presented=1 clock=monotonic
K230_CARD_SHELL frame-cost run=179702823862 frame_id=1309 total_cpu_ns=18259973 render_cpu_ns=14341532 input_cpu_ns=3584518
K230_CARD_BENCH v=1 run=179702823862 event=submit input_id=221 frame_id=1309 t_ns=191928600379 update_cpu_ns=18259973 final=1
K230_CARD_BENCH v=1 run=179702823862 event=submit input_id=220 frame_id=1309 t_ns=191928600379 update_cpu_ns=18259973 final=0
K230_CARD_BENCH v=1 run=179702823862 event=submit input_id=219 frame_id=1309 t_ns=191928600379 update_cpu_ns=18259973 final=0
K230_CARD_BENCH v=1 run=179702823862 event=present frame_id=1308 t_ns=191898382000 presented=1 clock=monotonic
K230_CARD_BENCH v=1 run=179702823862 event=input input_id=221 gesture_id=38 kind=release t_ns=191888215570 source=injected
K230_CARD_SHELL state mode=1 actions=1 message=0 cards=2
K230_CARD_BENCH v=1 run=179702823862 event=input input_id=220 gesture_id=38 kind=motion t_ns=191886426404 source=injected
K230_CARD_SHELL state mode=2 actions=1 message=0 cards=2
K230_CARD_BENCH v=1 run=179702823862 event=input input_id=219 gesture_id=38 kind=motion t_ns=191885673713 source=injected
K230_CARD_SHELL state mode=2 actions=1 message=0 cards=2
K230_CARD_BENCH v=1 run=179702823862 event=present frame_id=1307 t_ns=191860073000 presented=1 clock=monotonic
K230_CARD_SHELL frame-cost run=179702823862 frame_id=1307 total_cpu_ns=24231381 render_cpu_ns=20110677 input_cpu_ns=3166000
K230_CARD_BENCH v=1 run=179702823862 event=submit input_id=218 frame_id=1307 t_ns=191858369423 update_cpu_ns=24231381 final=0
K230_CARD_BENCH v=1 run=179702823862 event=submit input_id=217 frame_id=1307 t_ns=191858369423 update_cpu_ns=24231381 final=0
K230_CARD_BENCH v=1 run=179702823862 event=submit input_id=216 frame_id=1307 t_ns=191858369423 update_cpu_ns=24231381 final=0
K230_CARD_BENCH v=1 run=179702823862 event=submit input_id=215 frame_id=1307 t_ns=191858369423 update_cpu_ns=24231381 final=0
K230_CARD_BENCH v=1 run=179702823862 event=submit input_id=214 frame_id=1307 t_ns=191858369423 update_cpu_ns=24231381 final=0
K230_CARD_BENCH v=1 run=179702823862 event=present frame_id=1306 t_ns=191821781000 presented=1 clock=monotonic
K230_CARD_BENCH v=1 run=179702823862 event=resource phase=active t_ns=191831308008 cpu_ns=28839854000 memory_bytes=32100352 scope=session
K230_CARD_BENCH v=1 run=179702823862 event=resource phase=active t_ns=191831308008 cpu_ns=17719272114 memory_bytes=34217984 scope=compositor
K230_CARD_BENCH v=1 run=179702823862 event=input input_id=218 gesture_id=38 kind=motion t_ns=191829629394 source=injected
K230_CARD_SHELL state mode=2 actions=1 message=0 cards=2
K230_CARD_BENCH v=1 run=179702823862 event=input input_id=217 gesture_id=38 kind=motion t_ns=191828260371 source=injected
K230_CARD_SHELL state mode=2 actions=1 message=0 cards=2
K230_CARD_BENCH v=1 run=179702823862 event=input input_id=216 gesture_id=38 kind=motion t_ns=191826721485 source=injected
K230_CARD_SHELL state mode=2 actions=1 message=0 cards=2
K230_CARD_BENCH v=1 run=179702823862 event=input input_id=215 gesture_id=38 kind=motion t_ns=191825080376 source=injected
K230_CARD_SHELL state mode=2 actions=1 message=0 cards=2
K230_CARD_BENCH v=1 run=179702823862 event=input input_id=214 gesture_id=38 kind=motion t_ns=191822974213 source=injected
K230_CARD_SHELL state mode=2 actions=1 message=0 cards=2
K230_CARD_SHELL frame-cost run=179702823862 frame_id=1306 total_cpu_ns=21556494 render_cpu_ns=19767787 input_cpu_ns=1537374
K230_CARD_BENCH v=1 run=179702823862 event=submit input_id=213 frame_id=1306 t_ns=191818231783 update_cpu_ns=21556494 final=0
K230_CARD_BENCH v=1 run=179702823862 event=submit input_id=212 frame_id=1306 t_ns=191818231783 update_cpu_ns=21556494 final=0
K230_CARD_BENCH v=1 run=179702823862 event=submit input_id=211 frame_id=1306 t_ns=191818231783 update_cpu_ns=21556494 final=0
K230_CARD_BENCH v=1 run=179702823862 event=present frame_id=1305 t_ns=191783456000 presented=1 clock=monotonic
K230_CARD_BENCH v=1 run=179702823862 event=input input_id=213 gesture_id=38 kind=motion t_ns=191780238367 source=injected
K230_CARD_SHELL state mode=2 actions=1 message=0 cards=2
K230_CARD_BENCH v=1 run=179702823862 event=input input_id=212 gesture_id=38 kind=motion t_ns=191776782101 source=injected
K230_CARD_SHELL state mode=2 actions=1 message=0 cards=2
K230_CARD_BENCH v=1 run=179702823862 event=input input_id=211 gesture_id=38 kind=motion t_ns=191776072136 source=injected
K230_CARD_SHELL state mode=2 actions=1 message=0 cards=2
K230_CARD_SHELL frame-cost run=179702823862 frame_id=1305 total_cpu_ns=22679852 render_cpu_ns=18446665 input_cpu_ns=3836743
K230_CARD_BENCH v=1 run=179702823862 event=submit input_id=210 frame_id=1305 t_ns=191765840362 update_cpu_ns=22679852 final=0
K230_CARD_BENCH v=1 run=179702823862 event=submit input_id=209 frame_id=1305 t_ns=191765840362 update_cpu_ns=22679852 final=0
K230_CARD_BENCH v=1 run=179702823862 event=submit input_id=208 frame_id=1305 t_ns=191765840362 update_cpu_ns=22679852 final=0
K230_CARD_BENCH v=1 run=179702823862 event=submit input_id=207 frame_id=1305 t_ns=191765840362 update_cpu_ns=22679852 final=0
K230_CARD_BENCH v=1 run=179702823862 event=submit input_id=206 frame_id=1305 t_ns=191765840362 update_cpu_ns=22679852 final=0
K230_CARD_BENCH v=1 run=179702823862 event=submit input_id=205 frame_id=1305 t_ns=191765840362 update_cpu_ns=22679852 final=0
K230_CARD_BENCH v=1 run=179702823862 event=submit input_id=204 frame_id=1305 t_ns=191765840362 update_cpu_ns=22679852 final=0
K230_CARD_BENCH v=1 run=179702823862 event=submit input_id=203 frame_id=1305 t_ns=191765840362 update_cpu_ns=22679852 final=0
K230_CARD_BENCH v=1 run=179702823862 event=present frame_id=1304 t_ns=191745147000 presented=1 clock=monotonic
K230_CARD_BENCH v=1 run=179702823862 event=input input_id=210 gesture_id=38 kind=motion t_ns=191741755053 source=injected
K230_CARD_SHELL state mode=2 actions=1 message=0 cards=2
K230_CARD_BENCH v=1 run=179702823862 event=input input_id=209 gesture_id=38 kind=motion t_ns=191736630133 source=injected
K230_CARD_SHELL state mode=2 actions=1 message=0 cards=2
K230_CARD_BENCH v=1 run=179702823862 event=input input_id=208 gesture_id=38 kind=motion t_ns=191734907017 source=injected
K230_CARD_SHELL state mode=2 actions=1 message=0 cards=2
K230_CARD_BENCH v=1 run=179702823862 event=input input_id=207 gesture_id=38 kind=motion t_ns=191732771975 source=injected
K230_CARD_SHELL state mode=2 actions=1 message=0 cards=2
K230_CARD_BENCH v=1 run=179702823862 event=input input_id=206 gesture_id=38 kind=motion t_ns=191732263234 source=injected
K230_CARD_SHELL state mode=2 actions=1 message=0 cards=2
K230_CARD_BENCH v=1 run=179702823862 event=input input_id=205 gesture_id=38 kind=motion t_ns=191730381212 source=injected
K230_CARD_SHELL state mode=2 actions=1 message=0 cards=2
K230_CARD_BENCH v=1 run=179702823862 event=input input_id=204 gesture_id=38 kind=motion t_ns=191729902756 source=injected
K230_CARD_SHELL state mode=2 actions=1 message=0 cards=2
K230_CARD_BENCH v=1 run=179702823862 event=input input_id=203 gesture_id=38 kind=motion t_ns=191728402781 source=injected
K230_CARD_SHELL state mode=2 actions=1 message=0 cards=2
K230_CARD_BENCH v=1 run=179702823862 event=present frame_id=1303 t_ns=191687686000 presented=1 clock=monotonic
K230_CARD_SHELL frame-cost run=179702823862 frame_id=1303 total_cpu_ns=15664688 render_cpu_ns=14674317 input_cpu_ns=802001
K230_CARD_BENCH v=1 run=179702823862 event=submit input_id=202 frame_id=1303 t_ns=191685175668 update_cpu_ns=15664688 final=0
K230_CARD_BENCH v=1 run=179702823862 event=submit input_id=201 frame_id=1303 t_ns=191685175668 update_cpu_ns=15664688 final=0
K230_CARD_BENCH v=1 run=179702823862 event=present frame_id=1302 t_ns=191668530000 presented=1 clock=monotonic
K230_CARD_BENCH v=1 run=179702823862 event=input input_id=202 gesture_id=38 kind=motion t_ns=191663512630 source=injected
K230_CARD_SHELL state mode=2 actions=1 message=0 cards=2
K230_CARD_BENCH v=1 run=179702823862 event=input input_id=201 gesture_id=38 kind=motion t_ns=191660698761 source=injected
K230_CARD_SHELL state mode=2 actions=1 message=0 cards=2
K230_CARD_SHELL state mode=2 actions=1 message=0 cards=2
K230_CARD_BENCH v=1 run=179702823862 event=present frame_id=1301 t_ns=191630225000 presented=1 clock=monotonic
K230_CARD_BENCH v=1 run=179702823862 event=present frame_id=1300 t_ns=191611066000 presented=1 clock=monotonic
K230_CARD_BENCH v=1 run=179702823862 event=present frame_id=1299 t_ns=191572757000 presented=1 clock=monotonic
K230_CARD_BENCH v=1 run=179702823862 event=present frame_id=1298 t_ns=191553604000 presented=1 clock=monotonic
K230_CARD_BENCH v=1 run=179702823862 event=present frame_id=1297 t_ns=191515294000 presented=1 clock=monotonic
K230_CARD_BENCH v=1 run=179702823862 event=present frame_id=1296 t_ns=191496141000 presented=1 clock=monotonic
K230_CARD_BENCH v=1 run=179702823862 event=present frame_id=1295 t_ns=191457832000 presented=1 clock=monotonic
K230_CARD_SHELL live cards=2 commits=829 sampled=1648 frame-done=1662 output-presented=767
K230_CARD_BENCH v=1 run=179702823862 event=present frame_id=1294 t_ns=191438681000 presented=1 clock=monotonic
K230_CARD_BENCH v=1 run=179702823862 event=present frame_id=1293 t_ns=191400370000 presented=1 clock=monotonic
K230_CARD_BENCH v=1 run=179702823862 event=present frame_id=1292 t_ns=191381215000 presented=1 clock=monotonic
K230_CARD_SHELL frame-cost run=179702823862 frame_id=1292 total_cpu_ns=17617735 render_cpu_ns=14243218 input_cpu_ns=3071998
K230_CARD_BENCH v=1 run=179702823862 event=submit input_id=200 frame_id=1292 t_ns=191375595191 update_cpu_ns=17617735 final=1
K230_CARD_BENCH v=1 run=179702823862 event=submit input_id=199 frame_id=1292 t_ns=191375595191 update_cpu_ns=17617735 final=0
K230_CARD_BENCH v=1 run=179702823862 event=present frame_id=1291 t_ns=191342907000 presented=1 clock=monotonic
K230_CARD_BENCH v=1 run=179702823862 event=input input_id=200 gesture_id=37 kind=release t_ns=191344291609 source=injected
K230_CARD_SHELL state mode=1 actions=1 message=0 cards=2
K230_CARD_BENCH v=1 run=179702823862 event=input input_id=199 gesture_id=37 kind=motion t_ns=191340374732 source=injected
K230_CARD_SHELL state mode=2 actions=1 message=0 cards=2
K230_CARD_SHELL frame-cost run=179702823862 frame_id=1291 total_cpu_ns=22657450 render_cpu_ns=20396929 input_cpu_ns=1992151
K230_CARD_BENCH v=1 run=179702823862 event=submit input_id=198 frame_id=1291 t_ns=191332255601 update_cpu_ns=22657450 final=0
K230_CARD_BENCH v=1 run=179702823862 event=submit input_id=197 frame_id=1291 t_ns=191332255601 update_cpu_ns=22657450 final=0
K230_CARD_BENCH v=1 run=179702823862 event=submit input_id=196 frame_id=1291 t_ns=191332255601 update_cpu_ns=22657450 final=0
K230_CARD_BENCH v=1 run=179702823862 event=submit input_id=195 frame_id=1291 t_ns=191332255601 update_cpu_ns=22657450 final=0
K230_CARD_BENCH v=1 run=179702823862 event=present frame_id=1290 t_ns=191304599000 presented=1 clock=monotonic
K230_CARD_BENCH v=1 run=179702823862 event=input input_id=198 gesture_id=37 kind=motion t_ns=191306336697 source=injected
K230_CARD_SHELL state mode=2 actions=1 message=0 cards=2
K230_CARD_BENCH v=1 run=179702823862 event=input input_id=197 gesture_id=37 kind=motion t_ns=191304219279 source=injected
K230_CARD_SHELL state mode=2 actions=1 message=0 cards=2
K230_CARD_BENCH v=1 run=179702823862 event=input input_id=196 gesture_id=37 kind=motion t_ns=191303555964 source=injected
K230_CARD_SHELL state mode=2 actions=1 message=0 cards=2
K230_CARD_BENCH v=1 run=179702823862 event=input input_id=195 gesture_id=37 kind=motion t_ns=191302899202 source=injected
K230_CARD_SHELL state mode=2 actions=1 message=0 cards=2
K230_CARD_SHELL frame-cost run=179702823862 frame_id=1290 total_cpu_ns=22021813 render_cpu_ns=19868441 input_cpu_ns=1896742
K230_CARD_BENCH v=1 run=179702823862 event=submit input_id=194 frame_id=1290 t_ns=191300250347 update_cpu_ns=22021813 final=0
K230_CARD_BENCH v=1 run=179702823862 event=submit input_id=193 frame_id=1290 t_ns=191300250347 update_cpu_ns=22021813 final=0
K230_CARD_BENCH v=1 run=179702823862 event=submit input_id=192 frame_id=1290 t_ns=191300250347 update_cpu_ns=22021813 final=0
K230_CARD_BENCH v=1 run=179702823862 event=submit input_id=191 frame_id=1290 t_ns=191300250347 update_cpu_ns=22021813 final=0
K230_CARD_BENCH v=1 run=179702823862 event=present frame_id=1289 t_ns=191266290000 presented=1 clock=monotonic
K230_CARD_BENCH v=1 run=179702823862 event=input input_id=194 gesture_id=37 kind=motion t_ns=191263737098 source=injected
K230_CARD_SHELL state mode=2 actions=1 message=0 cards=2
K230_CARD_BENCH v=1 run=179702823862 event=input input_id=193 gesture_id=37 kind=motion t_ns=191261395502 source=injected
K230_CARD_SHELL state mode=2 actions=1 message=0 cards=2
K230_CARD_BENCH v=1 run=179702823862 event=input input_id=192 gesture_id=37 kind=motion t_ns=191260854217 source=injected
K230_CARD_SHELL state mode=2 actions=1 message=0 cards=2
K230_CARD_BENCH v=1 run=179702823862 event=input input_id=191 gesture_id=37 kind=motion t_ns=191260200490 source=injected
K230_CARD_SHELL state mode=2 actions=1 message=0 cards=2
K230_CARD_SHELL frame-cost run=179702823862 frame_id=1289 total_cpu_ns=21263962 render_cpu_ns=18910110 input_cpu_ns=1680666
K230_CARD_BENCH v=1 run=179702823862 event=submit input_id=190 frame_id=1289 t_ns=191249706849 update_cpu_ns=21263962 final=0
K230_CARD_BENCH v=1 run=179702823862 event=submit input_id=189 frame_id=1289 t_ns=191249706849 update_cpu_ns=21263962 final=0
K230_CARD_BENCH v=1 run=179702823862 event=submit input_id=188 frame_id=1289 t_ns=191249706849 update_cpu_ns=21263962 final=0
K230_CARD_BENCH v=1 run=179702823862 event=submit input_id=187 frame_id=1289 t_ns=191249706849 update_cpu_ns=21263962 final=0
K230_CARD_BENCH v=1 run=179702823862 event=present frame_id=1288 t_ns=191227981000 presented=1 clock=monotonic
K230_CARD_BENCH v=1 run=179702823862 event=input input_id=190 gesture_id=37 kind=motion t_ns=191224845562 source=injected
K230_CARD_SHELL state mode=2 actions=1 message=0 cards=2
K230_CARD_BENCH v=1 run=179702823862 event=input input_id=189 gesture_id=37 kind=motion t_ns=191222879201 source=injected
K230_CARD_SHELL state mode=2 actions=1 message=0 cards=2
K230_CARD_BENCH v=1 run=179702823862 event=input input_id=188 gesture_id=37 kind=motion t_ns=191222350429 source=injected
K230_CARD_SHELL state mode=2 actions=1 message=0 cards=2
K230_CARD_BENCH v=1 run=179702823862 event=input input_id=187 gesture_id=37 kind=motion t_ns=191221776526 source=injected
K230_CARD_SHELL state mode=2 actions=1 message=0 cards=2
K230_CARD_SHELL frame-cost run=179702823862 frame_id=1288 total_cpu_ns=19660327 render_cpu_ns=16985923 input_cpu_ns=2431037
K230_CARD_BENCH v=1 run=179702823862 event=submit input_id=186 frame_id=1288 t_ns=191217582157 update_cpu_ns=19660327 final=0
K230_CARD_BENCH v=1 run=179702823862 event=submit input_id=185 frame_id=1288 t_ns=191217582157 update_cpu_ns=19660327 final=0
K230_CARD_BENCH v=1 run=179702823862 event=submit input_id=184 frame_id=1288 t_ns=191217582157 update_cpu_ns=19660327 final=0
K230_CARD_BENCH v=1 run=179702823862 event=submit input_id=183 frame_id=1288 t_ns=191217582157 update_cpu_ns=19660327 final=0
K230_CARD_BENCH v=1 run=179702823862 event=submit input_id=182 frame_id=1288 t_ns=191217582157 update_cpu_ns=19660327 final=0
K230_CARD_BENCH v=1 run=179702823862 event=present frame_id=1287 t_ns=191189674000 presented=1 clock=monotonic
K230_CARD_BENCH v=1 run=179702823862 event=input input_id=186 gesture_id=37 kind=motion t_ns=191195674282 source=injected
K230_CARD_SHELL state mode=2 actions=1 message=0 cards=2
K230_CARD_BENCH v=1 run=179702823862 event=input input_id=185 gesture_id=37 kind=motion t_ns=191195181016 source=injected
K230_CARD_SHELL state mode=2 actions=1 message=0 cards=2
K230_CARD_BENCH v=1 run=179702823862 event=input input_id=184 gesture_id=37 kind=motion t_ns=191194356685 source=injected
K230_CARD_SHELL state mode=2 actions=1 message=0 cards=2
K230_CARD_BENCH v=1 run=179702823862 event=input input_id=183 gesture_id=37 kind=motion t_ns=191192373552 source=injected
K230_CARD_SHELL state mode=2 actions=1 message=0 cards=2
K230_CARD_BENCH v=1 run=179702823862 event=input input_id=182 gesture_id=37 kind=motion t_ns=191189478231 source=injected
K230_CARD_SHELL state mode=2 actions=1 message=0 cards=2
K230_CARD_BENCH v=1 run=179702823862 event=present frame_id=1286 t_ns=191151365000 presented=1 clock=monotonic
K230_CARD_SHELL frame-cost run=179702823862 frame_id=1286 total_cpu_ns=15778896 render_cpu_ns=14713119 input_cpu_ns=747888
K230_CARD_BENCH v=1 run=179702823862 event=submit input_id=181 frame_id=1286 t_ns=191149155621 update_cpu_ns=15778896 final=0
K230_CARD_BENCH v=1 run=179702823862 event=submit input_id=180 frame_id=1286 t_ns=191149155621 update_cpu_ns=15778896 final=0
K230_CARD_BENCH v=1 run=179702823862 event=present frame_id=1285 t_ns=191132211000 presented=1 clock=monotonic
K230_CARD_BENCH v=1 run=179702823862 event=input input_id=181 gesture_id=37 kind=motion t_ns=191130656510 source=injected
K230_CARD_SHELL state mode=2 actions=1 message=0 cards=2
K230_CARD_BENCH v=1 run=179702823862 event=input input_id=180 gesture_id=37 kind=motion t_ns=191120653728 source=injected
K230_CARD_SHELL state mode=2 actions=1 message=0 cards=2
K230_CARD_SHELL state mode=2 actions=1 message=0 cards=2
K230_CARD_BENCH v=1 run=179702823862 event=present frame_id=1284 t_ns=191093900000 presented=1 clock=monotonic
K230_CARD_BENCH v=1 run=179702823862 event=present frame_id=1283 t_ns=191055591000 presented=1 clock=monotonic
K230_CARD_BENCH v=1 run=179702823862 event=present frame_id=1282 t_ns=191036438000 presented=1 clock=monotonic
K230_CARD_BENCH v=1 run=179702823862 event=present frame_id=1281 t_ns=190998129000 presented=1 clock=monotonic
K230_CARD_BENCH v=1 run=179702823862 event=present frame_id=1280 t_ns=190978976000 presented=1 clock=monotonic
K230_CARD_BENCH v=1 run=179702823862 event=present frame_id=1279 t_ns=190940667000 presented=1 clock=monotonic
K230_CARD_BENCH v=1 run=179702823862 event=present frame_id=1278 t_ns=190921513000 presented=1 clock=monotonic
K230_CARD_BENCH v=1 run=179702823862 event=present frame_id=1277 t_ns=190883204000 presented=1 clock=monotonic
K230_CARD_BENCH v=1 run=179702823862 event=present frame_id=1276 t_ns=190864051000 presented=1 clock=monotonic
K230_CARD_BENCH v=1 run=179702823862 event=present frame_id=1275 t_ns=190825742000 presented=1 clock=monotonic
K230_CARD_BENCH v=1 run=179702823862 event=resource phase=active t_ns=190820193973 cpu_ns=28107708000 memory_bytes=32100352 scope=session
K230_CARD_BENCH v=1 run=179702823862 event=resource phase=active t_ns=190820193973 cpu_ns=17189314789 memory_bytes=34217984 scope=compositor
K230_CARD_SHELL frame-cost run=179702823862 frame_id=1275 total_cpu_ns=20217195 render_cpu_ns=14301194 input_cpu_ns=5618740
K230_CARD_BENCH v=1 run=179702823862 event=submit input_id=179 frame_id=1275 t_ns=190815962136 update_cpu_ns=20217195 final=1
K230_CARD_BENCH v=1 run=179702823862 event=submit input_id=178 frame_id=1275 t_ns=190815962136 update_cpu_ns=20217195 final=0
K230_CARD_BENCH v=1 run=179702823862 event=submit input_id=177 frame_id=1275 t_ns=190815962136 update_cpu_ns=20217195 final=0
K230_CARD_BENCH v=1 run=179702823862 event=submit input_id=176 frame_id=1275 t_ns=190815962136 update_cpu_ns=20217195 final=0
K230_CARD_BENCH v=1 run=179702823862 event=submit input_id=175 frame_id=1275 t_ns=190815962136 update_cpu_ns=20217195 final=0
K230_CARD_BENCH v=1 run=179702823862 event=present frame_id=1274 t_ns=190787435000 presented=1 clock=monotonic
K230_CARD_BENCH v=1 run=179702823862 event=input input_id=179 gesture_id=36 kind=release t_ns=190794884516 source=injected
K230_CARD_SHELL state mode=1 actions=1 message=0 cards=2
K230_CARD_BENCH v=1 run=179702823862 event=input input_id=178 gesture_id=36 kind=motion t_ns=190793678779 source=injected
K230_CARD_SHELL state mode=2 actions=1 message=0 cards=2
K230_CARD_BENCH v=1 run=179702823862 event=input input_id=177 gesture_id=36 kind=motion t_ns=190790645423 source=injected
K230_CARD_SHELL state mode=2 actions=1 message=0 cards=2
K230_CARD_BENCH v=1 run=179702823862 event=input input_id=176 gesture_id=36 kind=motion t_ns=190787907328 source=injected
K230_CARD_SHELL state mode=2 actions=1 message=0 cards=2
K230_CARD_BENCH v=1 run=179702823862 event=input input_id=175 gesture_id=36 kind=motion t_ns=190785808626 source=injected
K230_CARD_SHELL state mode=2 actions=1 message=0 cards=2
K230_CARD_SHELL frame-cost run=179702823862 frame_id=1274 total_cpu_ns=22601561 render_cpu_ns=19855666 input_cpu_ns=2430896
K230_CARD_BENCH v=1 run=179702823862 event=submit input_id=174 frame_id=1274 t_ns=190784873121 update_cpu_ns=22601561 final=0
K230_CARD_BENCH v=1 run=179702823862 event=submit input_id=173 frame_id=1274 t_ns=190784873121 update_cpu_ns=22601561 final=0
K230_CARD_BENCH v=1 run=179702823862 event=submit input_id=172 frame_id=1274 t_ns=190784873121 update_cpu_ns=22601561 final=0
K230_CARD_BENCH v=1 run=179702823862 event=submit input_id=171 frame_id=1274 t_ns=190784873121 update_cpu_ns=22601561 final=0
K230_CARD_BENCH v=1 run=179702823862 event=present frame_id=1273 t_ns=190749127000 presented=1 clock=monotonic
K230_CARD_BENCH v=1 run=179702823862 event=input input_id=174 gesture_id=36 kind=motion t_ns=190749297365 source=injected
K230_CARD_SHELL state mode=2 actions=1 message=0 cards=2
K230_CARD_BENCH v=1 run=179702823862 event=input input_id=173 gesture_id=36 kind=motion t_ns=190748046866 source=injected
K230_CARD_SHELL state mode=2 actions=1 message=0 cards=2
K230_CARD_BENCH v=1 run=179702823862 event=input input_id=172 gesture_id=36 kind=motion t_ns=190739056019 source=injected
K230_CARD_SHELL state mode=2 actions=1 message=0 cards=2
K230_CARD_BENCH v=1 run=179702823862 event=input input_id=171 gesture_id=36 kind=motion t_ns=190738330695 source=injected
K230_CARD_SHELL state mode=2 actions=1 message=0 cards=2
K230_CARD_SHELL frame-cost run=179702823862 frame_id=1273 total_cpu_ns=22014543 render_cpu_ns=19438687 input_cpu_ns=1920596
K230_CARD_BENCH v=1 run=179702823862 event=submit input_id=170 frame_id=1273 t_ns=190733420629 update_cpu_ns=22014543 final=0
K230_CARD_BENCH v=1 run=179702823862 event=submit input_id=169 frame_id=1273 t_ns=190733420629 update_cpu_ns=22014543 final=0
K230_CARD_BENCH v=1 run=179702823862 event=submit input_id=168 frame_id=1273 t_ns=190733420629 update_cpu_ns=22014543 final=0
K230_CARD_BENCH v=1 run=179702823862 event=submit input_id=167 frame_id=1273 t_ns=190733420629 update_cpu_ns=22014543 final=0
K230_CARD_BENCH v=1 run=179702823862 event=present frame_id=1272 t_ns=190710821000 presented=1 clock=monotonic
K230_CARD_BENCH v=1 run=179702823862 event=input input_id=170 gesture_id=36 kind=motion t_ns=190710105840 source=injected
K230_CARD_SHELL state mode=2 actions=1 message=0 cards=2
K230_CARD_BENCH v=1 run=179702823862 event=input input_id=169 gesture_id=36 kind=motion t_ns=190707229907 source=injected
K230_CARD_SHELL state mode=2 actions=1 message=0 cards=2
K230_CARD_BENCH v=1 run=179702823862 event=input input_id=168 gesture_id=36 kind=motion t_ns=190706632240 source=injected
K230_CARD_SHELL state mode=2 actions=1 message=0 cards=2
K230_CARD_BENCH v=1 run=179702823862 event=input input_id=167 gesture_id=36 kind=motion t_ns=190705988035 source=injected
K230_CARD_SHELL state mode=2 actions=1 message=0 cards=2
K230_CARD_SHELL frame-cost run=179702823862 frame_id=1272 total_cpu_ns=20133439 render_cpu_ns=17557918 input_cpu_ns=2269779
K230_CARD_BENCH v=1 run=179702823862 event=submit input_id=166 frame_id=1272 t_ns=190700801257 update_cpu_ns=20133439 final=0
K230_CARD_BENCH v=1 run=179702823862 event=submit input_id=165 frame_id=1272 t_ns=190700801257 update_cpu_ns=20133439 final=0
K230_CARD_BENCH v=1 run=179702823862 event=submit input_id=164 frame_id=1272 t_ns=190700801257 update_cpu_ns=20133439 final=0
K230_CARD_BENCH v=1 run=179702823862 event=submit input_id=163 frame_id=1272 t_ns=190700801257 update_cpu_ns=20133439 final=0
K230_CARD_BENCH v=1 run=179702823862 event=submit input_id=162 frame_id=1272 t_ns=190700801257 update_cpu_ns=20133439 final=0
K230_CARD_BENCH v=1 run=179702823862 event=submit input_id=161 frame_id=1272 t_ns=190700801257 update_cpu_ns=20133439 final=0
K230_CARD_BENCH v=1 run=179702823862 event=present frame_id=1271 t_ns=190672509000 presented=1 clock=monotonic
K230_CARD_BENCH v=1 run=179702823862 event=input input_id=166 gesture_id=36 kind=motion t_ns=190677310088 source=injected
K230_CARD_SHELL state mode=2 actions=1 message=0 cards=2
K230_CARD_BENCH v=1 run=179702823862 event=input input_id=165 gesture_id=36 kind=motion t_ns=190676793651 source=injected
K230_CARD_SHELL state mode=2 actions=1 message=0 cards=2
K230_CARD_BENCH v=1 run=179702823862 event=input input_id=164 gesture_id=36 kind=motion t_ns=190676276768 source=injected
K230_CARD_SHELL state mode=2 actions=1 message=0 cards=2
K230_CARD_BENCH v=1 run=179702823862 event=input input_id=163 gesture_id=36 kind=motion t_ns=190673635638 source=injected
K230_CARD_SHELL state mode=2 actions=1 message=0 cards=2
K230_CARD_BENCH v=1 run=179702823862 event=input input_id=162 gesture_id=36 kind=motion t_ns=190673173328 source=injected
K230_CARD_SHELL state mode=2 actions=1 message=0 cards=2
K230_CARD_BENCH v=1 run=179702823862 event=input input_id=161 gesture_id=36 kind=motion t_ns=190672611907 source=injected
K230_CARD_SHELL state mode=2 actions=1 message=0 cards=2
K230_CARD_BENCH v=1 run=179702823862 event=present frame_id=1270 t_ns=190634202000 presented=1 clock=monotonic
K230_CARD_SHELL frame-cost run=179702823862 frame_id=1270 total_cpu_ns=15794876 render_cpu_ns=14793801 input_cpu_ns=516038
K230_CARD_BENCH v=1 run=179702823862 event=submit input_id=160 frame_id=1270 t_ns=190632822270 update_cpu_ns=15794876 final=0
K230_CARD_BENCH v=1 run=179702823862 event=submit input_id=159 frame_id=1270 t_ns=190632822270 update_cpu_ns=15794876 final=0
K230_CARD_BENCH v=1 run=179702823862 event=present frame_id=1269 t_ns=190615047000 presented=1 clock=monotonic
K230_CARD_BENCH v=1 run=179702823862 event=input input_id=160 gesture_id=36 kind=motion t_ns=190608634027 source=injected
K230_CARD_SHELL state mode=2 actions=1 message=0 cards=2
K230_CARD_BENCH v=1 run=179702823862 event=input input_id=159 gesture_id=36 kind=motion t_ns=190598639589 source=injected
K230_CARD_SHELL state mode=2 actions=1 message=0 cards=2
K230_CARD_SHELL state mode=2 actions=1 message=0 cards=2
K230_CARD_BENCH v=1 run=179702823862 event=present frame_id=1268 t_ns=190576738000 presented=1 clock=monotonic
K230_CARD_BENCH v=1 run=179702823862 event=present frame_id=1267 t_ns=190538430000 presented=1 clock=monotonic
K230_CARD_BENCH v=1 run=179702823862 event=present frame_id=1266 t_ns=190519276000 presented=1 clock=monotonic
K230_CARD_BENCH v=1 run=179702823862 event=present frame_id=1265 t_ns=190480967000 presented=1 clock=monotonic
K230_CARD_BENCH v=1 run=179702823862 event=present frame_id=1264 t_ns=190461814000 presented=1 clock=monotonic
K230_CARD_BENCH v=1 run=179702823862 event=present frame_id=1263 t_ns=190423504000 presented=1 clock=monotonic
K230_CARD_BENCH v=1 run=179702823862 event=present frame_id=1262 t_ns=190404351000 presented=1 clock=monotonic
K230_CARD_BENCH v=1 run=179702823862 event=present frame_id=1261 t_ns=190366042000 presented=1 clock=monotonic
K230_CARD_BENCH v=1 run=179702823862 event=present frame_id=1260 t_ns=190346890000 presented=1 clock=monotonic
K230_CARD_BENCH v=1 run=179702823862 event=present frame_id=1259 t_ns=190327737000 presented=1 clock=monotonic
K230_CARD_SHELL frame-cost run=179702823862 frame_id=1259 total_cpu_ns=18275555 render_cpu_ns=14148770 input_cpu_ns=3552229
K230_CARD_BENCH v=1 run=179702823862 event=submit input_id=158 frame_id=1259 t_ns=190315681556 update_cpu_ns=18275555 final=1
K230_CARD_BENCH v=1 run=179702823862 event=submit input_id=157 frame_id=1259 t_ns=190315681556 update_cpu_ns=18275555 final=0
K230_CARD_BENCH v=1 run=179702823862 event=submit input_id=156 frame_id=1259 t_ns=190315681556 update_cpu_ns=18275555 final=0
K230_CARD_BENCH v=1 run=179702823862 event=present frame_id=1258 t_ns=190289434000 presented=1 clock=monotonic
K230_CARD_BENCH v=1 run=179702823862 event=input input_id=158 gesture_id=35 kind=release t_ns=190295718559 source=injected
K230_CARD_SHELL state mode=1 actions=1 message=0 cards=2
K230_CARD_BENCH v=1 run=179702823862 event=input input_id=157 gesture_id=35 kind=motion t_ns=190293972207 source=injected
K230_CARD_SHELL state mode=2 actions=1 message=0 cards=2
K230_CARD_BENCH v=1 run=179702823862 event=input input_id=156 gesture_id=35 kind=motion t_ns=190293322967 source=injected
K230_CARD_SHELL state mode=2 actions=1 message=0 cards=2
K230_CARD_SHELL frame-cost run=179702823862 frame_id=1258 total_cpu_ns=22082080 render_cpu_ns=19880117 input_cpu_ns=1930964
K230_CARD_BENCH v=1 run=179702823862 event=submit input_id=155 frame_id=1258 t_ns=190288889131 update_cpu_ns=22082080 final=0
K230_CARD_BENCH v=1 run=179702823862 event=submit input_id=154 frame_id=1258 t_ns=190288889131 update_cpu_ns=22082080 final=0
K230_CARD_BENCH v=1 run=179702823862 event=submit input_id=153 frame_id=1258 t_ns=190288889131 update_cpu_ns=22082080 final=0
K230_CARD_BENCH v=1 run=179702823862 event=submit input_id=152 frame_id=1258 t_ns=190288889131 update_cpu_ns=22082080 final=0
K230_CARD_BENCH v=1 run=179702823862 event=present frame_id=1257 t_ns=190251119000 presented=1 clock=monotonic
K230_CARD_BENCH v=1 run=179702823862 event=input input_id=155 gesture_id=35 kind=motion t_ns=190257454467 source=injected
K230_CARD_SHELL state mode=2 actions=1 message=0 cards=2
K230_CARD_BENCH v=1 run=179702823862 event=input input_id=154 gesture_id=35 kind=motion t_ns=190256888196 source=injected
K230_CARD_SHELL state mode=2 actions=1 message=0 cards=2
K230_CARD_BENCH v=1 run=179702823862 event=input input_id=153 gesture_id=35 kind=motion t_ns=190256259207 source=injected
K230_CARD_SHELL state mode=2 actions=1 message=0 cards=2
K230_CARD_BENCH v=1 run=179702823862 event=input input_id=152 gesture_id=35 kind=motion t_ns=190252353509 source=injected
K230_CARD_SHELL state mode=2 actions=1 message=0 cards=2
K230_CARD_SHELL frame-cost run=179702823862 frame_id=1257 total_cpu_ns=22182049 render_cpu_ns=19795267 input_cpu_ns=2076150
K230_CARD_BENCH v=1 run=179702823862 event=submit input_id=151 frame_id=1257 t_ns=190245061216 update_cpu_ns=22182049 final=0
K230_CARD_BENCH v=1 run=179702823862 event=submit input_id=150 frame_id=1257 t_ns=190245061216 update_cpu_ns=22182049 final=0
K230_CARD_BENCH v=1 run=179702823862 event=submit input_id=149 frame_id=1257 t_ns=190245061216 update_cpu_ns=22182049 final=0
K230_CARD_BENCH v=1 run=179702823862 event=submit input_id=148 frame_id=1257 t_ns=190245061216 update_cpu_ns=22182049 final=0
K230_CARD_BENCH v=1 run=179702823862 event=present frame_id=1256 t_ns=190212827000 presented=1 clock=monotonic
K230_CARD_BENCH v=1 run=179702823862 event=input input_id=151 gesture_id=35 kind=motion t_ns=190214841360 source=injected
K230_CARD_SHELL state mode=2 actions=1 message=0 cards=2
K230_CARD_BENCH v=1 run=179702823862 event=input input_id=150 gesture_id=35 kind=motion t_ns=190211730700 source=injected
K230_CARD_SHELL state mode=2 actions=1 message=0 cards=2
K230_CARD_BENCH v=1 run=179702823862 event=input input_id=149 gesture_id=35 kind=motion t_ns=190210791234 source=injected
K230_CARD_SHELL state mode=2 actions=1 message=0 cards=2
K230_CARD_BENCH v=1 run=179702823862 event=input input_id=148 gesture_id=35 kind=motion t_ns=190210146918 source=injected
K230_CARD_SHELL state mode=2 actions=1 message=0 cards=2
K230_CARD_SHELL frame-cost run=179702823862 frame_id=1256 total_cpu_ns=20651783 render_cpu_ns=18465410 input_cpu_ns=1837781
K230_CARD_BENCH v=1 run=179702823862 event=submit input_id=147 frame_id=1256 t_ns=190203799089 update_cpu_ns=20651783 final=0
K230_CARD_BENCH v=1 run=179702823862 event=submit input_id=146 frame_id=1256 t_ns=190203799089 update_cpu_ns=20651783 final=0
K230_CARD_BENCH v=1 run=179702823862 event=submit input_id=145 frame_id=1256 t_ns=190203799089 update_cpu_ns=20651783 final=0
K230_CARD_BENCH v=1 run=179702823862 event=submit input_id=144 frame_id=1256 t_ns=190203799089 update_cpu_ns=20651783 final=0
K230_CARD_BENCH v=1 run=179702823862 event=present frame_id=1255 t_ns=190174505000 presented=1 clock=monotonic
K230_CARD_BENCH v=1 run=179702823862 event=input input_id=147 gesture_id=35 kind=motion t_ns=190175065126 source=injected
K230_CARD_SHELL state mode=2 actions=1 message=0 cards=2
K230_CARD_BENCH v=1 run=179702823862 event=input input_id=146 gesture_id=35 kind=motion t_ns=190172816332 source=injected
K230_CARD_SHELL state mode=2 actions=1 message=0 cards=2
K230_CARD_BENCH v=1 run=179702823862 event=input input_id=145 gesture_id=35 kind=motion t_ns=190172252578 source=injected
K230_CARD_SHELL state mode=2 actions=1 message=0 cards=2
K230_CARD_BENCH v=1 run=179702823862 event=input input_id=144 gesture_id=35 kind=motion t_ns=190168314558 source=injected
K230_CARD_SHELL state mode=2 actions=1 message=0 cards=2
K230_CARD_SHELL frame-cost run=179702823862 frame_id=1255 total_cpu_ns=18261886 render_cpu_ns=16869554 input_cpu_ns=1073294
K230_CARD_BENCH v=1 run=179702823862 event=submit input_id=143 frame_id=1255 t_ns=190162318007 update_cpu_ns=18261886 final=0
K230_CARD_BENCH v=1 run=179702823862 event=submit input_id=142 frame_id=1255 t_ns=190162318007 update_cpu_ns=18261886 final=0
K230_CARD_BENCH v=1 run=179702823862 event=submit input_id=141 frame_id=1255 t_ns=190162318007 update_cpu_ns=18261886 final=0
K230_CARD_BENCH v=1 run=179702823862 event=present frame_id=1254 t_ns=190136195000 presented=1 clock=monotonic
K230_CARD_BENCH v=1 run=179702823862 event=input input_id=143 gesture_id=35 kind=motion t_ns=190134746908 source=injected
K230_CARD_SHELL state mode=2 actions=1 message=0 cards=2
K230_CARD_BENCH v=1 run=179702823862 event=input input_id=142 gesture_id=35 kind=motion t_ns=190134253758 source=injected
K230_CARD_SHELL state mode=2 actions=1 message=0 cards=2
K230_CARD_BENCH v=1 run=179702823862 event=input input_id=141 gesture_id=35 kind=motion t_ns=190132273789 source=injected
K230_CARD_SHELL state mode=2 actions=1 message=0 cards=2
K230_CARD_SHELL frame-cost run=179702823862 frame_id=1254 total_cpu_ns=16347769 render_cpu_ns=15140252 input_cpu_ns=937259
K230_CARD_BENCH v=1 run=179702823862 event=submit input_id=140 frame_id=1254 t_ns=190126615890 update_cpu_ns=16347769 final=0
K230_CARD_BENCH v=1 run=179702823862 event=submit input_id=139 frame_id=1254 t_ns=190126615890 update_cpu_ns=16347769 final=0
K230_CARD_BENCH v=1 run=179702823862 event=submit input_id=138 frame_id=1254 t_ns=190126615890 update_cpu_ns=16347769 final=0
K230_CARD_BENCH v=1 run=179702823862 event=present frame_id=1253 t_ns=190097885000 presented=1 clock=monotonic
K230_CARD_BENCH v=1 run=179702823862 event=input input_id=140 gesture_id=35 kind=motion t_ns=190100365412 source=injected
K230_CARD_SHELL state mode=2 actions=1 message=0 cards=2
K230_CARD_BENCH v=1 run=179702823862 event=input input_id=139 gesture_id=35 kind=motion t_ns=190098212693 source=injected
K230_CARD_SHELL state mode=2 actions=1 message=0 cards=2
K230_CARD_BENCH v=1 run=179702823862 event=input input_id=138 gesture_id=35 kind=motion t_ns=190095687519 source=injected
K230_CARD_SHELL state mode=2 actions=1 message=0 cards=2
K230_CARD_BENCH v=1 run=179702823862 event=present frame_id=1252 t_ns=190078731000 presented=1 clock=monotonic
K230_CARD_SHELL state mode=2 actions=1 message=0 cards=2
K230_CARD_BENCH v=1 run=179702823862 event=present frame_id=1251 t_ns=190040424000 presented=1 clock=monotonic
K230_CARD_BENCH v=1 run=179702823862 event=present frame_id=1250 t_ns=190021268000 presented=1 clock=monotonic
K230_CARD_BENCH v=1 run=179702823862 event=present frame_id=1249 t_ns=189982960000 presented=1 clock=monotonic
K230_CARD_BENCH v=1 run=179702823862 event=present frame_id=1248 t_ns=189963807000 presented=1 clock=monotonic
K230_CARD_BENCH v=1 run=179702823862 event=present frame_id=1247 t_ns=189925500000 presented=1 clock=monotonic
K230_CARD_BENCH v=1 run=179702823862 event=present frame_id=1246 t_ns=189906345000 presented=1 clock=monotonic
K230_CARD_BENCH v=1 run=179702823862 event=present frame_id=1245 t_ns=189868048000 presented=1 clock=monotonic
K230_CARD_BENCH v=1 run=179702823862 event=present frame_id=1244 t_ns=189848884000 presented=1 clock=monotonic
K230_CARD_BENCH v=1 run=179702823862 event=present frame_id=1243 t_ns=189810577000 presented=1 clock=monotonic
K230_CARD_BENCH v=1 run=179702823862 event=resource phase=active t_ns=189816181028 cpu_ns=27359994000 memory_bytes=32096256 scope=session
K230_CARD_BENCH v=1 run=179702823862 event=resource phase=active t_ns=189816181028 cpu_ns=16637936088 memory_bytes=34217984 scope=compositor
K230_CARD_SHELL frame-cost run=179702823862 frame_id=1243 total_cpu_ns=18773737 render_cpu_ns=14652851 input_cpu_ns=3847701
K230_CARD_BENCH v=1 run=179702823862 event=submit input_id=137 frame_id=1243 t_ns=189808470479 update_cpu_ns=18773737 final=1
K230_CARD_BENCH v=1 run=179702823862 event=submit input_id=136 frame_id=1243 t_ns=189808470479 update_cpu_ns=18773737 final=0
K230_CARD_BENCH v=1 run=179702823862 event=submit input_id=135 frame_id=1243 t_ns=189808470479 update_cpu_ns=18773737 final=0
K230_CARD_BENCH v=1 run=179702823862 event=present frame_id=1242 t_ns=189791423000 presented=1 clock=monotonic
K230_CARD_BENCH v=1 run=179702823862 event=input input_id=137 gesture_id=34 kind=release t_ns=189782647856 source=injected
K230_CARD_SHELL state mode=1 actions=1 message=0 cards=2
K230_CARD_BENCH v=1 run=179702823862 event=input input_id=136 gesture_id=34 kind=motion t_ns=189781038357 source=injected
K230_CARD_SHELL state mode=2 actions=1 message=0 cards=2
K230_CARD_BENCH v=1 run=179702823862 event=input input_id=135 gesture_id=34 kind=motion t_ns=189779160479 source=injected
K230_CARD_SHELL state mode=2 actions=1 message=0 cards=2
K230_CARD_SHELL frame-cost run=179702823862 frame_id=1242 total_cpu_ns=22276086 render_cpu_ns=20156495 input_cpu_ns=1785592
K230_CARD_BENCH v=1 run=179702823862 event=submit input_id=134 frame_id=1242 t_ns=189775843555 update_cpu_ns=22276086 final=0
K230_CARD_BENCH v=1 run=179702823862 event=submit input_id=133 frame_id=1242 t_ns=189775843555 update_cpu_ns=22276086 final=0
K230_CARD_BENCH v=1 run=179702823862 event=submit input_id=132 frame_id=1242 t_ns=189775843555 update_cpu_ns=22276086 final=0
K230_CARD_BENCH v=1 run=179702823862 event=present frame_id=1241 t_ns=189733960000 presented=1 clock=monotonic
K230_CARD_BENCH v=1 run=179702823862 event=input input_id=134 gesture_id=34 kind=motion t_ns=189735350401 source=injected
K230_CARD_SHELL state mode=2 actions=1 message=0 cards=2
K230_CARD_BENCH v=1 run=179702823862 event=input input_id=133 gesture_id=34 kind=motion t_ns=189733105180 source=injected
K230_CARD_SHELL state mode=2 actions=1 message=0 cards=2
K230_CARD_BENCH v=1 run=179702823862 event=input input_id=132 gesture_id=34 kind=motion t_ns=189732345617 source=injected
K230_CARD_SHELL state mode=2 actions=1 message=0 cards=2
K230_CARD_SHELL frame-cost run=179702823862 frame_id=1241 total_cpu_ns=22995568 render_cpu_ns=20443677 input_cpu_ns=2220300
K230_CARD_BENCH v=1 run=179702823862 event=submit input_id=131 frame_id=1241 t_ns=189725799811 update_cpu_ns=22995568 final=0
K230_CARD_BENCH v=1 run=179702823862 event=submit input_id=130 frame_id=1241 t_ns=189725799811 update_cpu_ns=22995568 final=0
K230_CARD_BENCH v=1 run=179702823862 event=submit input_id=129 frame_id=1241 t_ns=189725799811 update_cpu_ns=22995568 final=0
K230_CARD_BENCH v=1 run=179702823862 event=submit input_id=128 frame_id=1241 t_ns=189725799811 update_cpu_ns=22995568 final=0
K230_CARD_BENCH v=1 run=179702823862 event=present frame_id=1240 t_ns=189695654000 presented=1 clock=monotonic
K230_CARD_BENCH v=1 run=179702823862 event=input input_id=131 gesture_id=34 kind=motion t_ns=189699696813 source=injected
K230_CARD_SHELL state mode=2 actions=1 message=0 cards=2
K230_CARD_BENCH v=1 run=179702823862 event=input input_id=130 gesture_id=34 kind=motion t_ns=189698963647 source=injected
K230_CARD_SHELL state mode=2 actions=1 message=0 cards=2
K230_CARD_BENCH v=1 run=179702823862 event=input input_id=129 gesture_id=34 kind=motion t_ns=189697175735 source=injected
K230_CARD_SHELL state mode=2 actions=1 message=0 cards=2
K230_CARD_BENCH v=1 run=179702823862 event=input input_id=128 gesture_id=34 kind=motion t_ns=189696544975 source=injected
K230_CARD_SHELL state mode=2 actions=1 message=0 cards=2
K230_CARD_SHELL frame-cost run=179702823862 frame_id=1240 total_cpu_ns=21359234 render_cpu_ns=18905828 input_cpu_ns=2131702
K230_CARD_BENCH v=1 run=179702823862 event=submit input_id=127 frame_id=1240 t_ns=189691568349 update_cpu_ns=21359234 final=0
K230_CARD_BENCH v=1 run=179702823862 event=submit input_id=126 frame_id=1240 t_ns=189691568349 update_cpu_ns=21359234 final=0
K230_CARD_BENCH v=1 run=179702823862 event=submit input_id=125 frame_id=1240 t_ns=189691568349 update_cpu_ns=21359234 final=0
K230_CARD_BENCH v=1 run=179702823862 event=submit input_id=124 frame_id=1240 t_ns=189691568349 update_cpu_ns=21359234 final=0
K230_CARD_BENCH v=1 run=179702823862 event=present frame_id=1239 t_ns=189657345000 presented=1 clock=monotonic
K230_CARD_BENCH v=1 run=179702823862 event=input input_id=127 gesture_id=34 kind=motion t_ns=189656455556 source=injected
K230_CARD_SHELL state mode=2 actions=1 message=0 cards=2
K230_CARD_BENCH v=1 run=179702823862 event=input input_id=126 gesture_id=34 kind=motion t_ns=189651750604 source=injected
K230_CARD_SHELL state mode=2 actions=1 message=0 cards=2
K230_CARD_BENCH v=1 run=179702823862 event=input input_id=125 gesture_id=34 kind=motion t_ns=189648301213 source=injected
K230_CARD_SHELL state mode=2 actions=1 message=0 cards=2
K230_CARD_BENCH v=1 run=179702823862 event=input input_id=124 gesture_id=34 kind=motion t_ns=189645807420 source=injected
K230_CARD_SHELL state mode=2 actions=1 message=0 cards=2
K230_CARD_SHELL frame-cost run=179702823862 frame_id=1239 total_cpu_ns=20087594 render_cpu_ns=17236856 input_cpu_ns=2459219
K230_CARD_BENCH v=1 run=179702823862 event=submit input_id=123 frame_id=1239 t_ns=189638533780 update_cpu_ns=20087594 final=0
K230_CARD_BENCH v=1 run=179702823862 event=submit input_id=122 frame_id=1239 t_ns=189638533780 update_cpu_ns=20087594 final=0
K230_CARD_BENCH v=1 run=179702823862 event=submit input_id=121 frame_id=1239 t_ns=189638533780 update_cpu_ns=20087594 final=0
K230_CARD_BENCH v=1 run=179702823862 event=submit input_id=120 frame_id=1239 t_ns=189638533780 update_cpu_ns=20087594 final=0
K230_CARD_BENCH v=1 run=179702823862 event=submit input_id=119 frame_id=1239 t_ns=189638533780 update_cpu_ns=20087594 final=0
K230_CARD_BENCH v=1 run=179702823862 event=submit input_id=118 frame_id=1239 t_ns=189638533780 update_cpu_ns=20087594 final=0
K230_CARD_BENCH v=1 run=179702823862 event=present frame_id=1238 t_ns=189619036000 presented=1 clock=monotonic
K230_CARD_BENCH v=1 run=179702823862 event=input input_id=123 gesture_id=34 kind=motion t_ns=189615525123 source=injected
K230_CARD_SHELL state mode=2 actions=1 message=0 cards=2
K230_CARD_SHELL live cards=2 commits=757 sampled=1507 frame-done=1521 output-presented=710
K230_CARD_BENCH v=1 run=179702823862 event=input input_id=122 gesture_id=34 kind=motion t_ns=189612264919 source=injected
K230_CARD_SHELL state mode=2 actions=1 message=0 cards=2
K230_CARD_BENCH v=1 run=179702823862 event=input input_id=121 gesture_id=34 kind=motion t_ns=189610530541 source=injected
K230_CARD_SHELL state mode=2 actions=1 message=0 cards=2
K230_CARD_BENCH v=1 run=179702823862 event=input input_id=120 gesture_id=34 kind=motion t_ns=189610049539 source=injected
K230_CARD_SHELL state mode=2 actions=1 message=0 cards=2
K230_CARD_BENCH v=1 run=179702823862 event=input input_id=119 gesture_id=34 kind=motion t_ns=189608820488 source=injected
K230_CARD_SHELL state mode=2 actions=1 message=0 cards=2
K230_CARD_BENCH v=1 run=179702823862 event=input input_id=118 gesture_id=34 kind=motion t_ns=189608205611 source=injected
K230_CARD_SHELL state mode=2 actions=1 message=0 cards=2
K230_CARD_BENCH v=1 run=179702823862 event=present frame_id=1237 t_ns=189580729000 presented=1 clock=monotonic
K230_CARD_SHELL frame-cost run=179702823862 frame_id=1237 total_cpu_ns=14553130 render_cpu_ns=14025130 input_cpu_ns=376259
K230_CARD_BENCH v=1 run=179702823862 event=submit input_id=117 frame_id=1237 t_ns=189577995138 update_cpu_ns=14553130 final=0
K230_CARD_BENCH v=1 run=179702823862 event=present frame_id=1236 t_ns=189561575000 presented=1 clock=monotonic
K230_CARD_BENCH v=1 run=179702823862 event=input input_id=117 gesture_id=34 kind=motion t_ns=189555528942 source=injected
K230_CARD_SHELL state mode=2 actions=1 message=0 cards=2
K230_CARD_SHELL state mode=2 actions=1 message=0 cards=2
K230_CARD_BENCH v=1 run=179702823862 event=present frame_id=1235 t_ns=189523265000 presented=1 clock=monotonic
K230_CARD_BENCH v=1 run=179702823862 event=present frame_id=1234 t_ns=189504112000 presented=1 clock=monotonic
K230_CARD_BENCH v=1 run=179702823862 event=present frame_id=1233 t_ns=189465803000 presented=1 clock=monotonic
K230_CARD_BENCH v=1 run=179702823862 event=present frame_id=1232 t_ns=189446651000 presented=1 clock=monotonic
K230_CARD_BENCH v=1 run=179702823862 event=present frame_id=1231 t_ns=189408342000 presented=1 clock=monotonic
K230_CARD_BENCH v=1 run=179702823862 event=present frame_id=1230 t_ns=189389189000 presented=1 clock=monotonic
K230_CARD_BENCH v=1 run=179702823862 event=present frame_id=1229 t_ns=189350881000 presented=1 clock=monotonic
K230_CARD_BENCH v=1 run=179702823862 event=present frame_id=1228 t_ns=189331727000 presented=1 clock=monotonic
K230_CARD_BENCH v=1 run=179702823862 event=present frame_id=1227 t_ns=189293419000 presented=1 clock=monotonic
K230_CARD_SHELL frame-cost run=179702823862 frame_id=1227 total_cpu_ns=18841342 render_cpu_ns=14192491 input_cpu_ns=4161628
K230_CARD_BENCH v=1 run=179702823862 event=submit input_id=116 frame_id=1227 t_ns=189290039845 update_cpu_ns=18841342 final=1
K230_CARD_BENCH v=1 run=179702823862 event=submit input_id=115 frame_id=1227 t_ns=189290039845 update_cpu_ns=18841342 final=0
K230_CARD_BENCH v=1 run=179702823862 event=submit input_id=114 frame_id=1227 t_ns=189290039845 update_cpu_ns=18841342 final=0
K230_CARD_BENCH v=1 run=179702823862 event=submit input_id=113 frame_id=1227 t_ns=189290039845 update_cpu_ns=18841342 final=0
K230_CARD_BENCH v=1 run=179702823862 event=present frame_id=1226 t_ns=189274266000 presented=1 clock=monotonic
K230_CARD_BENCH v=1 run=179702823862 event=input input_id=116 gesture_id=33 kind=release t_ns=189265195035 source=injected
K230_CARD_SHELL state mode=1 actions=1 message=0 cards=2
K230_CARD_BENCH v=1 run=179702823862 event=input input_id=115 gesture_id=33 kind=motion t_ns=189264504705 source=injected
K230_CARD_SHELL state mode=2 actions=1 message=0 cards=2
K230_CARD_BENCH v=1 run=179702823862 event=input input_id=114 gesture_id=33 kind=motion t_ns=189262782360 source=injected
K230_CARD_SHELL state mode=2 actions=1 message=0 cards=2
K230_CARD_BENCH v=1 run=179702823862 event=input input_id=113 gesture_id=33 kind=motion t_ns=189261225619 source=injected
K230_CARD_SHELL state mode=2 actions=1 message=0 cards=2
K230_CARD_BENCH v=1 run=179702823862 event=present frame_id=1225 t_ns=189235957000 presented=1 clock=monotonic
K230_CARD_SHELL frame-cost run=179702823862 frame_id=1225 total_cpu_ns=21709635 render_cpu_ns=20038263 input_cpu_ns=1433742
K230_CARD_BENCH v=1 run=179702823862 event=submit input_id=112 frame_id=1225 t_ns=189235526467 update_cpu_ns=21709635 final=0
K230_CARD_BENCH v=1 run=179702823862 event=submit input_id=111 frame_id=1225 t_ns=189235526467 update_cpu_ns=21709635 final=0
K230_CARD_BENCH v=1 run=179702823862 event=submit input_id=110 frame_id=1225 t_ns=189235526467 update_cpu_ns=21709635 final=0
K230_CARD_BENCH v=1 run=179702823862 event=present frame_id=1224 t_ns=189197654000 presented=1 clock=monotonic
K230_CARD_BENCH v=1 run=179702823862 event=input input_id=112 gesture_id=33 kind=motion t_ns=189193913850 source=injected
K230_CARD_SHELL state mode=2 actions=1 message=0 cards=2
K230_CARD_BENCH v=1 run=179702823862 event=input input_id=111 gesture_id=33 kind=motion t_ns=189193319224 source=injected
K230_CARD_SHELL state mode=2 actions=1 message=0 cards=2
K230_CARD_BENCH v=1 run=179702823862 event=input input_id=110 gesture_id=33 kind=motion t_ns=189192662955 source=injected
K230_CARD_SHELL state mode=2 actions=1 message=0 cards=2
K230_CARD_SHELL frame-cost run=179702823862 frame_id=1224 total_cpu_ns=22293204 render_cpu_ns=19888465 input_cpu_ns=2168666
K230_CARD_BENCH v=1 run=179702823862 event=submit input_id=109 frame_id=1224 t_ns=189184828379 update_cpu_ns=22293204 final=0
K230_CARD_BENCH v=1 run=179702823862 event=submit input_id=108 frame_id=1224 t_ns=189184828379 update_cpu_ns=22293204 final=0
K230_CARD_BENCH v=1 run=179702823862 event=submit input_id=107 frame_id=1224 t_ns=189184828379 update_cpu_ns=22293204 final=0
K230_CARD_BENCH v=1 run=179702823862 event=submit input_id=106 frame_id=1224 t_ns=189184828379 update_cpu_ns=22293204 final=0
K230_CARD_BENCH v=1 run=179702823862 event=present frame_id=1223 t_ns=189159343000 presented=1 clock=monotonic
K230_CARD_BENCH v=1 run=179702823862 event=input input_id=109 gesture_id=33 kind=motion t_ns=189160711182 source=injected
K230_CARD_SHELL state mode=2 actions=1 message=0 cards=2
K230_CARD_BENCH v=1 run=179702823862 event=input input_id=108 gesture_id=33 kind=motion t_ns=189156818218 source=injected
K230_CARD_SHELL state mode=2 actions=1 message=0 cards=2
K230_CARD_BENCH v=1 run=179702823862 event=input input_id=107 gesture_id=33 kind=motion t_ns=189156253026 source=injected
K230_CARD_SHELL state mode=2 actions=1 message=0 cards=2
K230_CARD_BENCH v=1 run=179702823862 event=input input_id=106 gesture_id=33 kind=motion t_ns=189154380034 source=injected
K230_CARD_SHELL state mode=2 actions=1 message=0 cards=2
K230_CARD_SHELL frame-cost run=179702823862 frame_id=1223 total_cpu_ns=20646693 render_cpu_ns=18397877 input_cpu_ns=1981187
K230_CARD_BENCH v=1 run=179702823862 event=submit input_id=105 frame_id=1223 t_ns=189152655764 update_cpu_ns=20646693 final=0
K230_CARD_BENCH v=1 run=179702823862 event=submit input_id=104 frame_id=1223 t_ns=189152655764 update_cpu_ns=20646693 final=0
K230_CARD_BENCH v=1 run=179702823862 event=submit input_id=103 frame_id=1223 t_ns=189152655764 update_cpu_ns=20646693 final=0
K230_CARD_BENCH v=1 run=179702823862 event=submit input_id=102 frame_id=1223 t_ns=189152655764 update_cpu_ns=20646693 final=0
K230_CARD_BENCH v=1 run=179702823862 event=present frame_id=1222 t_ns=189121035000 presented=1 clock=monotonic
K230_CARD_BENCH v=1 run=179702823862 event=input input_id=105 gesture_id=33 kind=motion t_ns=189119404374 source=injected
K230_CARD_SHELL state mode=2 actions=1 message=0 cards=2
K230_CARD_BENCH v=1 run=179702823862 event=input input_id=104 gesture_id=33 kind=motion t_ns=189111418597 source=injected
K230_CARD_SHELL state mode=2 actions=1 message=0 cards=2
K230_CARD_BENCH v=1 run=179702823862 event=input input_id=103 gesture_id=33 kind=motion t_ns=189110755886 source=injected
K230_CARD_SHELL state mode=2 actions=1 message=0 cards=2
K230_CARD_BENCH v=1 run=179702823862 event=input input_id=102 gesture_id=33 kind=motion t_ns=189109854784 source=injected
K230_CARD_SHELL state mode=2 actions=1 message=0 cards=2
K230_CARD_SHELL frame-cost run=179702823862 frame_id=1222 total_cpu_ns=19837217 render_cpu_ns=16832032 input_cpu_ns=2747186
K230_CARD_BENCH v=1 run=179702823862 event=submit input_id=101 frame_id=1222 t_ns=189101696331 update_cpu_ns=19837217 final=0
K230_CARD_BENCH v=1 run=179702823862 event=submit input_id=100 frame_id=1222 t_ns=189101696331 update_cpu_ns=19837217 final=0
K230_CARD_BENCH v=1 run=179702823862 event=submit input_id=99 frame_id=1222 t_ns=189101696331 update_cpu_ns=19837217 final=0
K230_CARD_BENCH v=1 run=179702823862 event=submit input_id=98 frame_id=1222 t_ns=189101696331 update_cpu_ns=19837217 final=0
K230_CARD_BENCH v=1 run=179702823862 event=submit input_id=97 frame_id=1222 t_ns=189101696331 update_cpu_ns=19837217 final=0
K230_CARD_BENCH v=1 run=179702823862 event=submit input_id=96 frame_id=1222 t_ns=189101696331 update_cpu_ns=19837217 final=0
K230_CARD_BENCH v=1 run=179702823862 event=present frame_id=1221 t_ns=189082725000 presented=1 clock=monotonic
K230_CARD_BENCH v=1 run=179702823862 event=input input_id=101 gesture_id=33 kind=motion t_ns=189079877482 source=injected
K230_CARD_SHELL state mode=2 actions=1 message=0 cards=2
K230_CARD_BENCH v=1 run=179702823862 event=input input_id=100 gesture_id=33 kind=motion t_ns=189077163773 source=injected
K230_CARD_SHELL state mode=2 actions=1 message=0 cards=2
K230_CARD_BENCH v=1 run=179702823862 event=input input_id=99 gesture_id=33 kind=motion t_ns=189075001336 source=injected
K230_CARD_SHELL state mode=2 actions=1 message=0 cards=2
K230_CARD_BENCH v=1 run=179702823862 event=input input_id=98 gesture_id=33 kind=motion t_ns=189072959891 source=injected
K230_CARD_SHELL state mode=2 actions=1 message=0 cards=2
K230_CARD_BENCH v=1 run=179702823862 event=input input_id=97 gesture_id=33 kind=motion t_ns=189071018037 source=injected
K230_CARD_SHELL state mode=2 actions=1 message=0 cards=2
K230_CARD_BENCH v=1 run=179702823862 event=input input_id=96 gesture_id=33 kind=motion t_ns=189069263815 source=injected
K230_CARD_SHELL state mode=2 actions=1 message=0 cards=2
K230_CARD_BENCH v=1 run=179702823862 event=present frame_id=1220 t_ns=189044416000 presented=1 clock=monotonic
K230_CARD_BENCH v=1 run=179702823862 event=present frame_id=1219 t_ns=189025264000 presented=1 clock=monotonic
K230_CARD_SHELL state mode=2 actions=1 message=0 cards=2
K230_CARD_BENCH v=1 run=179702823862 event=present frame_id=1218 t_ns=188986956000 presented=1 clock=monotonic
K230_CARD_BENCH v=1 run=179702823862 event=present frame_id=1217 t_ns=188967802000 presented=1 clock=monotonic
K230_CARD_BENCH v=1 run=179702823862 event=present frame_id=1216 t_ns=188929495000 presented=1 clock=monotonic
K230_CARD_BENCH v=1 run=179702823862 event=present frame_id=1215 t_ns=188910341000 presented=1 clock=monotonic
K230_CARD_BENCH v=1 run=179702823862 event=present frame_id=1214 t_ns=188872045000 presented=1 clock=monotonic
K230_CARD_BENCH v=1 run=179702823862 event=present frame_id=1213 t_ns=188852880000 presented=1 clock=monotonic
K230_CARD_BENCH v=1 run=179702823862 event=present frame_id=1212 t_ns=188814572000 presented=1 clock=monotonic
K230_CARD_BENCH v=1 run=179702823862 event=present frame_id=1211 t_ns=188795418000 presented=1 clock=monotonic
K230_CARD_BENCH v=1 run=179702823862 event=resource phase=active t_ns=188790810693 cpu_ns=26607450000 memory_bytes=32100352 scope=session
K230_CARD_BENCH v=1 run=179702823862 event=resource phase=active t_ns=188790810693 cpu_ns=16074276262 memory_bytes=34217984 scope=compositor
K230_CARD_SHELL frame-cost run=179702823862 frame_id=1211 total_cpu_ns=18578387 render_cpu_ns=14349238 input_cpu_ns=3997444
K230_CARD_BENCH v=1 run=179702823862 event=submit input_id=95 frame_id=1211 t_ns=188786727248 update_cpu_ns=18578387 final=1
K230_CARD_BENCH v=1 run=179702823862 event=submit input_id=94 frame_id=1211 t_ns=188786727248 update_cpu_ns=18578387 final=0
K230_CARD_BENCH v=1 run=179702823862 event=submit input_id=93 frame_id=1211 t_ns=188786727248 update_cpu_ns=18578387 final=0
K230_CARD_BENCH v=1 run=179702823862 event=present frame_id=1210 t_ns=188757111000 presented=1 clock=monotonic
K230_CARD_BENCH v=1 run=179702823862 event=input input_id=95 gesture_id=32 kind=release t_ns=188746132625 source=injected
K230_CARD_SHELL state mode=1 actions=1 message=0 cards=2
K230_CARD_BENCH v=1 run=179702823862 event=input input_id=94 gesture_id=32 kind=motion t_ns=188743875171 source=injected
K230_CARD_SHELL state mode=2 actions=1 message=0 cards=2
K230_CARD_BENCH v=1 run=179702823862 event=input input_id=93 gesture_id=32 kind=motion t_ns=188741582472 source=injected
K230_CARD_SHELL state mode=2 actions=1 message=0 cards=2
K230_CARD_BENCH v=1 run=179702823862 event=present frame_id=1209 t_ns=188718822000 presented=1 clock=monotonic
K230_CARD_SHELL frame-cost run=179702823862 frame_id=1209 total_cpu_ns=23323670 render_cpu_ns=19848817 input_cpu_ns=3004409
K230_CARD_BENCH v=1 run=179702823862 event=submit input_id=92 frame_id=1209 t_ns=188715360989 update_cpu_ns=23323670 final=0
K230_CARD_BENCH v=1 run=179702823862 event=submit input_id=91 frame_id=1209 t_ns=188715360989 update_cpu_ns=23323670 final=0
K230_CARD_BENCH v=1 run=179702823862 event=submit input_id=90 frame_id=1209 t_ns=188715360989 update_cpu_ns=23323670 final=0
K230_CARD_BENCH v=1 run=179702823862 event=submit input_id=89 frame_id=1209 t_ns=188715360989 update_cpu_ns=23323670 final=0
K230_CARD_BENCH v=1 run=179702823862 event=submit input_id=88 frame_id=1209 t_ns=188715360989 update_cpu_ns=23323670 final=0
K230_CARD_BENCH v=1 run=179702823862 event=present frame_id=1208 t_ns=188680503000 presented=1 clock=monotonic
K230_CARD_BENCH v=1 run=179702823862 event=input input_id=92 gesture_id=32 kind=motion t_ns=188690303977 source=injected
K230_CARD_SHELL state mode=2 actions=1 message=0 cards=2
K230_CARD_BENCH v=1 run=179702823862 event=input input_id=91 gesture_id=32 kind=motion t_ns=188688775202 source=injected
K230_CARD_SHELL state mode=2 actions=1 message=0 cards=2
K230_CARD_BENCH v=1 run=179702823862 event=input input_id=90 gesture_id=32 kind=motion t_ns=188687154242 source=injected
K230_CARD_SHELL state mode=2 actions=1 message=0 cards=2
K230_CARD_BENCH v=1 run=179702823862 event=input input_id=89 gesture_id=32 kind=motion t_ns=188685565046 source=injected
K230_CARD_SHELL state mode=2 actions=1 message=0 cards=2
K230_CARD_BENCH v=1 run=179702823862 event=input input_id=88 gesture_id=32 kind=motion t_ns=188684372622 source=injected
K230_CARD_SHELL state mode=2 actions=1 message=0 cards=2
K230_CARD_SHELL frame-cost run=179702823862 frame_id=1208 total_cpu_ns=21557338 render_cpu_ns=19785746 input_cpu_ns=1479183
K230_CARD_BENCH v=1 run=179702823862 event=submit input_id=87 frame_id=1208 t_ns=188677937797 update_cpu_ns=21557338 final=0
K230_CARD_BENCH v=1 run=179702823862 event=submit input_id=86 frame_id=1208 t_ns=188677937797 update_cpu_ns=21557338 final=0
K230_CARD_BENCH v=1 run=179702823862 event=submit input_id=85 frame_id=1208 t_ns=188677937797 update_cpu_ns=21557338 final=0
K230_CARD_BENCH v=1 run=179702823862 event=present frame_id=1207 t_ns=188642190000 presented=1 clock=monotonic
K230_CARD_BENCH v=1 run=179702823862 event=input input_id=87 gesture_id=32 kind=motion t_ns=188637938757 source=injected
K230_CARD_SHELL state mode=2 actions=1 message=0 cards=2
K230_CARD_BENCH v=1 run=179702823862 event=input input_id=86 gesture_id=32 kind=motion t_ns=188637378309 source=injected
K230_CARD_SHELL state mode=2 actions=1 message=0 cards=2
K230_CARD_BENCH v=1 run=179702823862 event=input input_id=85 gesture_id=32 kind=motion t_ns=188636694723 source=injected
K230_CARD_SHELL state mode=2 actions=1 message=0 cards=2
K230_CARD_SHELL frame-cost run=179702823862 frame_id=1207 total_cpu_ns=22672916 render_cpu_ns=18432618 input_cpu_ns=3808740
K230_CARD_BENCH v=1 run=179702823862 event=submit input_id=84 frame_id=1207 t_ns=188625046819 update_cpu_ns=22672916 final=0
K230_CARD_BENCH v=1 run=179702823862 event=submit input_id=83 frame_id=1207 t_ns=188625046819 update_cpu_ns=22672916 final=0
K230_CARD_BENCH v=1 run=179702823862 event=submit input_id=82 frame_id=1207 t_ns=188625046819 update_cpu_ns=22672916 final=0
K230_CARD_BENCH v=1 run=179702823862 event=submit input_id=81 frame_id=1207 t_ns=188625046819 update_cpu_ns=22672916 final=0
K230_CARD_BENCH v=1 run=179702823862 event=submit input_id=80 frame_id=1207 t_ns=188625046819 update_cpu_ns=22672916 final=0
K230_CARD_BENCH v=1 run=179702823862 event=submit input_id=79 frame_id=1207 t_ns=188625046819 update_cpu_ns=22672916 final=0
K230_CARD_BENCH v=1 run=179702823862 event=submit input_id=78 frame_id=1207 t_ns=188625046819 update_cpu_ns=22672916 final=0
K230_CARD_BENCH v=1 run=179702823862 event=submit input_id=77 frame_id=1207 t_ns=188625046819 update_cpu_ns=22672916 final=0
K230_CARD_BENCH v=1 run=179702823862 event=present frame_id=1206 t_ns=188603891000 presented=1 clock=monotonic
K230_CARD_BENCH v=1 run=179702823862 event=input input_id=84 gesture_id=32 kind=motion t_ns=188602515933 source=injected
K230_CARD_SHELL state mode=2 actions=1 message=0 cards=2
K230_CARD_BENCH v=1 run=179702823862 event=input input_id=83 gesture_id=32 kind=motion t_ns=188594321090 source=injected
K230_CARD_SHELL state mode=2 actions=1 message=0 cards=2
K230_CARD_BENCH v=1 run=179702823862 event=input input_id=82 gesture_id=32 kind=motion t_ns=188591209970 source=injected
K230_CARD_SHELL state mode=2 actions=1 message=0 cards=2
K230_CARD_BENCH v=1 run=179702823862 event=input input_id=81 gesture_id=32 kind=motion t_ns=188589564870 source=injected
K230_CARD_SHELL state mode=2 actions=1 message=0 cards=2
K230_CARD_BENCH v=1 run=179702823862 event=input input_id=80 gesture_id=32 kind=motion t_ns=188589057401 source=injected
K230_CARD_SHELL state mode=2 actions=1 message=0 cards=2
K230_CARD_BENCH v=1 run=179702823862 event=input input_id=79 gesture_id=32 kind=motion t_ns=188587337553 source=injected
K230_CARD_SHELL state mode=2 actions=1 message=0 cards=2
K230_CARD_BENCH v=1 run=179702823862 event=input input_id=78 gesture_id=32 kind=motion t_ns=188586856037 source=injected
K230_CARD_SHELL state mode=2 actions=1 message=0 cards=2
K230_CARD_BENCH v=1 run=179702823862 event=input input_id=77 gesture_id=32 kind=motion t_ns=188585389164 source=injected
K230_CARD_SHELL state mode=2 actions=1 message=0 cards=2
K230_CARD_BENCH v=1 run=179702823862 event=present frame_id=1205 t_ns=188546420000 presented=1 clock=monotonic
K230_CARD_SHELL frame-cost run=179702823862 frame_id=1205 total_cpu_ns=15668770 render_cpu_ns=14695772 input_cpu_ns=813517
K230_CARD_BENCH v=1 run=179702823862 event=submit input_id=76 frame_id=1205 t_ns=188544297032 update_cpu_ns=15668770 final=0
K230_CARD_BENCH v=1 run=179702823862 event=submit input_id=75 frame_id=1205 t_ns=188544297032 update_cpu_ns=15668770 final=0
K230_CARD_BENCH v=1 run=179702823862 event=present frame_id=1204 t_ns=188527266000 presented=1 clock=monotonic
K230_CARD_BENCH v=1 run=179702823862 event=input input_id=76 gesture_id=32 kind=motion t_ns=188522515373 source=injected
K230_CARD_SHELL state mode=2 actions=1 message=0 cards=2
K230_CARD_BENCH v=1 run=179702823862 event=input input_id=75 gesture_id=32 kind=motion t_ns=188517710431 source=injected
K230_CARD_SHELL state mode=2 actions=1 message=0 cards=2
K230_CARD_SHELL state mode=2 actions=1 message=0 cards=2
K230_CARD_BENCH v=1 run=179702823862 event=present frame_id=1203 t_ns=188488960000 presented=1 clock=monotonic
K230_CARD_BENCH v=1 run=179702823862 event=present frame_id=1202 t_ns=188469806000 presented=1 clock=monotonic
K230_CARD_BENCH v=1 run=179702823862 event=present frame_id=1201 t_ns=188431495000 presented=1 clock=monotonic
K230_CARD_BENCH v=1 run=179702823862 event=present frame_id=1200 t_ns=188412343000 presented=1 clock=monotonic
K230_CARD_BENCH v=1 run=179702823862 event=present frame_id=1199 t_ns=188374034000 presented=1 clock=monotonic
K230_CARD_BENCH v=1 run=179702823862 event=present frame_id=1198 t_ns=188354882000 presented=1 clock=monotonic
K230_CARD_BENCH v=1 run=179702823862 event=present frame_id=1197 t_ns=188316574000 presented=1 clock=monotonic
K230_CARD_BENCH v=1 run=179702823862 event=present frame_id=1196 t_ns=188297420000 presented=1 clock=monotonic
K230_CARD_BENCH v=1 run=179702823862 event=present frame_id=1195 t_ns=188259112000 presented=1 clock=monotonic
K230_CARD_BENCH v=1 run=179702823862 event=present frame_id=1194 t_ns=188239960000 presented=1 clock=monotonic
K230_CARD_BENCH v=1 run=179702823862 event=present frame_id=1193 t_ns=188220806000 presented=1 clock=monotonic
K230_CARD_SHELL frame-cost run=179702823862 frame_id=1193 total_cpu_ns=19360354 render_cpu_ns=14413434 input_cpu_ns=4600886
K230_CARD_BENCH v=1 run=179702823862 event=submit input_id=74 frame_id=1193 t_ns=188210823597 update_cpu_ns=19360354 final=1
K230_CARD_BENCH v=1 run=179702823862 event=submit input_id=73 frame_id=1193 t_ns=188210823597 update_cpu_ns=19360354 final=0
K230_CARD_BENCH v=1 run=179702823862 event=submit input_id=72 frame_id=1193 t_ns=188210823597 update_cpu_ns=19360354 final=0
K230_CARD_BENCH v=1 run=179702823862 event=submit input_id=71 frame_id=1193 t_ns=188210823597 update_cpu_ns=19360354 final=0
K230_CARD_BENCH v=1 run=179702823862 event=submit input_id=70 frame_id=1193 t_ns=188210823597 update_cpu_ns=19360354 final=0
K230_CARD_BENCH v=1 run=179702823862 event=present frame_id=1192 t_ns=188182504000 presented=1 clock=monotonic
K230_CARD_BENCH v=1 run=179702823862 event=input input_id=74 gesture_id=31 kind=release t_ns=188188946235 source=injected
K230_CARD_SHELL state mode=1 actions=1 message=0 cards=2
K230_CARD_BENCH v=1 run=179702823862 event=input input_id=73 gesture_id=31 kind=motion t_ns=188187232717 source=injected
K230_CARD_SHELL state mode=2 actions=1 message=0 cards=2
K230_CARD_BENCH v=1 run=179702823862 event=input input_id=72 gesture_id=31 kind=motion t_ns=188185358522 source=injected
K230_CARD_SHELL state mode=2 actions=1 message=0 cards=2
K230_CARD_BENCH v=1 run=179702823862 event=input input_id=71 gesture_id=31 kind=motion t_ns=188184759903 source=injected
K230_CARD_SHELL state mode=2 actions=1 message=0 cards=2
K230_CARD_BENCH v=1 run=179702823862 event=input input_id=70 gesture_id=31 kind=motion t_ns=188183888650 source=injected
K230_CARD_SHELL state mode=2 actions=1 message=0 cards=2
K230_CARD_SHELL frame-cost run=179702823862 frame_id=1192 total_cpu_ns=22252453 render_cpu_ns=19932896 input_cpu_ns=1991705
K230_CARD_BENCH v=1 run=179702823862 event=submit input_id=69 frame_id=1192 t_ns=188180767496 update_cpu_ns=22252453 final=0
K230_CARD_BENCH v=1 run=179702823862 event=submit input_id=68 frame_id=1192 t_ns=188180767496 update_cpu_ns=22252453 final=0
K230_CARD_BENCH v=1 run=179702823862 event=submit input_id=67 frame_id=1192 t_ns=188180767496 update_cpu_ns=22252453 final=0
K230_CARD_BENCH v=1 run=179702823862 event=submit input_id=66 frame_id=1192 t_ns=188180767496 update_cpu_ns=22252453 final=0
K230_CARD_BENCH v=1 run=179702823862 event=present frame_id=1191 t_ns=188144190000 presented=1 clock=monotonic
K230_CARD_BENCH v=1 run=179702823862 event=input input_id=69 gesture_id=31 kind=motion t_ns=188142839760 source=injected
K230_CARD_SHELL state mode=2 actions=1 message=0 cards=2
K230_CARD_BENCH v=1 run=179702823862 event=input input_id=68 gesture_id=31 kind=motion t_ns=188140622921 source=injected
K230_CARD_SHELL state mode=2 actions=1 message=0 cards=2
K230_CARD_BENCH v=1 run=179702823862 event=input input_id=67 gesture_id=31 kind=motion t_ns=188136843542 source=injected
K230_CARD_SHELL state mode=2 actions=1 message=0 cards=2
K230_CARD_BENCH v=1 run=179702823862 event=input input_id=66 gesture_id=31 kind=motion t_ns=188136193647 source=injected
K230_CARD_SHELL state mode=2 actions=1 message=0 cards=2
K230_CARD_SHELL frame-cost run=179702823862 frame_id=1191 total_cpu_ns=23434047 render_cpu_ns=19841749 input_cpu_ns=3285594
K230_CARD_BENCH v=1 run=179702823862 event=submit input_id=65 frame_id=1191 t_ns=188128496943 update_cpu_ns=23434047 final=0
K230_CARD_BENCH v=1 run=179702823862 event=submit input_id=64 frame_id=1191 t_ns=188128496943 update_cpu_ns=23434047 final=0
K230_CARD_BENCH v=1 run=179702823862 event=submit input_id=63 frame_id=1191 t_ns=188128496943 update_cpu_ns=23434047 final=0
K230_CARD_BENCH v=1 run=179702823862 event=submit input_id=62 frame_id=1191 t_ns=188128496943 update_cpu_ns=23434047 final=0
K230_CARD_BENCH v=1 run=179702823862 event=submit input_id=61 frame_id=1191 t_ns=188128496943 update_cpu_ns=23434047 final=0
K230_CARD_BENCH v=1 run=179702823862 event=submit input_id=60 frame_id=1191 t_ns=188128496943 update_cpu_ns=23434047 final=0
K230_CARD_BENCH v=1 run=179702823862 event=submit input_id=59 frame_id=1191 t_ns=188128496943 update_cpu_ns=23434047 final=0
K230_CARD_BENCH v=1 run=179702823862 event=present frame_id=1190 t_ns=188105883000 presented=1 clock=monotonic
K230_CARD_BENCH v=1 run=179702823862 event=input input_id=65 gesture_id=31 kind=motion t_ns=188102344358 source=injected
K230_CARD_SHELL state mode=2 actions=1 message=0 cards=2
K230_CARD_BENCH v=1 run=179702823862 event=input input_id=64 gesture_id=31 kind=motion t_ns=188100206525 source=injected
K230_CARD_SHELL state mode=2 actions=1 message=0 cards=2
K230_CARD_BENCH v=1 run=179702823862 event=input input_id=63 gesture_id=31 kind=motion t_ns=188098530956 source=injected
K230_CARD_SHELL state mode=2 actions=1 message=0 cards=2
K230_CARD_BENCH v=1 run=179702823862 event=input input_id=62 gesture_id=31 kind=motion t_ns=188098008530 source=injected
K230_CARD_SHELL state mode=2 actions=1 message=0 cards=2
K230_CARD_BENCH v=1 run=179702823862 event=input input_id=61 gesture_id=31 kind=motion t_ns=188096453543 source=injected
K230_CARD_SHELL state mode=2 actions=1 message=0 cards=2
K230_CARD_BENCH v=1 run=179702823862 event=input input_id=60 gesture_id=31 kind=motion t_ns=188094873122 source=injected
K230_CARD_SHELL state mode=2 actions=1 message=0 cards=2
K230_CARD_BENCH v=1 run=179702823862 event=input input_id=59 gesture_id=31 kind=motion t_ns=188092832399 source=injected
K230_CARD_SHELL state mode=2 actions=1 message=0 cards=2
K230_CARD_BENCH v=1 run=179702823862 event=present frame_id=1189 t_ns=188048421000 presented=1 clock=monotonic
K230_CARD_SHELL frame-cost run=179702823862 frame_id=1189 total_cpu_ns=18596072 render_cpu_ns=16373818 input_cpu_ns=1887957
K230_CARD_BENCH v=1 run=179702823862 event=submit input_id=58 frame_id=1189 t_ns=188047924791 update_cpu_ns=18596072 final=0
K230_CARD_BENCH v=1 run=179702823862 event=submit input_id=57 frame_id=1189 t_ns=188047924791 update_cpu_ns=18596072 final=0
K230_CARD_BENCH v=1 run=179702823862 event=submit input_id=56 frame_id=1189 t_ns=188047924791 update_cpu_ns=18596072 final=0
K230_CARD_BENCH v=1 run=179702823862 event=submit input_id=55 frame_id=1189 t_ns=188047924791 update_cpu_ns=18596072 final=0
K230_CARD_BENCH v=1 run=179702823862 event=submit input_id=54 frame_id=1189 t_ns=188047924791 update_cpu_ns=18596072 final=0
K230_CARD_BENCH v=1 run=179702823862 event=present frame_id=1188 t_ns=188029268000 presented=1 clock=monotonic
K230_CARD_BENCH v=1 run=179702823862 event=input input_id=58 gesture_id=31 kind=motion t_ns=188026920163 source=injected
K230_CARD_SHELL state mode=2 actions=1 message=0 cards=2
K230_CARD_BENCH v=1 run=179702823862 event=input input_id=57 gesture_id=31 kind=motion t_ns=188021207908 source=injected
K230_CARD_SHELL state mode=2 actions=1 message=0 cards=2
K230_CARD_BENCH v=1 run=179702823862 event=input input_id=56 gesture_id=31 kind=motion t_ns=188020716469 source=injected
K230_CARD_SHELL state mode=2 actions=1 message=0 cards=2
K230_CARD_BENCH v=1 run=179702823862 event=input input_id=55 gesture_id=31 kind=motion t_ns=188019375770 source=injected
K230_CARD_SHELL state mode=2 actions=1 message=0 cards=2
K230_CARD_BENCH v=1 run=179702823862 event=input input_id=54 gesture_id=31 kind=motion t_ns=188018381194 source=injected
K230_CARD_SHELL state mode=2 actions=1 message=0 cards=2
K230_CARD_SHELL state mode=2 actions=1 message=0 cards=2
K230_CARD_BENCH v=1 run=179702823862 event=present frame_id=1187 t_ns=187990961000 presented=1 clock=monotonic
K230_CARD_BENCH v=1 run=179702823862 event=present frame_id=1186 t_ns=187971809000 presented=1 clock=monotonic
K230_CARD_BENCH v=1 run=179702823862 event=present frame_id=1185 t_ns=187933499000 presented=1 clock=monotonic
K230_CARD_BENCH v=1 run=179702823862 event=present frame_id=1184 t_ns=187914345000 presented=1 clock=monotonic
K230_CARD_BENCH v=1 run=179702823862 event=present frame_id=1183 t_ns=187876046000 presented=1 clock=monotonic
K230_CARD_BENCH v=1 run=179702823862 event=present frame_id=1182 t_ns=187856885000 presented=1 clock=monotonic
K230_CARD_BENCH v=1 run=179702823862 event=present frame_id=1181 t_ns=187818577000 presented=1 clock=monotonic
K230_CARD_BENCH v=1 run=179702823862 event=present frame_id=1180 t_ns=187799425000 presented=1 clock=monotonic
K230_CARD_BENCH v=1 run=179702823862 event=resource phase=active t_ns=187784905656 cpu_ns=25870057000 memory_bytes=32092160 scope=session
K230_CARD_BENCH v=1 run=179702823862 event=resource phase=active t_ns=187784905656 cpu_ns=15532206408 memory_bytes=34217984 scope=compositor
K230_CARD_BENCH v=1 run=179702823862 event=present frame_id=1179 t_ns=187761117000 presented=1 clock=monotonic
K230_CARD_BENCH v=1 run=179702823862 event=present frame_id=1178 t_ns=187741964000 presented=1 clock=monotonic
K230_CARD_SHELL live cards=2 commits=690 sampled=1368 frame-done=1382 output-presented=650
K230_CARD_BENCH v=1 run=179702823862 event=present frame_id=1177 t_ns=187703655000 presented=1 clock=monotonic
K230_CARD_BENCH v=1 run=179702823862 event=present frame_id=1176 t_ns=187684503000 presented=1 clock=monotonic
K230_CARD_BENCH v=1 run=179702823862 event=present frame_id=1175 t_ns=187646196000 presented=1 clock=monotonic
K230_CARD_BENCH v=1 run=179702823862 event=present frame_id=1174 t_ns=187627042000 presented=1 clock=monotonic
K230_CARD_BENCH v=1 run=179702823862 event=present frame_id=1173 t_ns=187607889000 presented=1 clock=monotonic
K230_CARD_BENCH v=1 run=179702823862 event=present frame_id=1172 t_ns=187569583000 presented=1 clock=monotonic
K230_CARD_BENCH v=1 run=179702823862 event=present frame_id=1171 t_ns=187531276000 presented=1 clock=monotonic
K230_CARD_BENCH v=1 run=179702823862 event=present frame_id=1170 t_ns=187512126000 presented=1 clock=monotonic
K230_CARD_BENCH v=1 run=179702823862 event=present frame_id=1169 t_ns=187473814000 presented=1 clock=monotonic
K230_CARD_BENCH v=1 run=179702823862 event=present frame_id=1168 t_ns=187435507000 presented=1 clock=monotonic
K230_CARD_BENCH v=1 run=179702823862 event=present frame_id=1167 t_ns=187416350000 presented=1 clock=monotonic
K230_CARD_BENCH v=1 run=179702823862 event=present frame_id=1166 t_ns=187378046000 presented=1 clock=monotonic
K230_CARD_BENCH v=1 run=179702823862 event=present frame_id=1165 t_ns=187339740000 presented=1 clock=monotonic
K230_CARD_BENCH v=1 run=179702823862 event=present frame_id=1164 t_ns=187282279000 presented=1 clock=monotonic
K230_CARD_BENCH v=1 run=179702823862 event=present frame_id=1163 t_ns=187263124000 presented=1 clock=monotonic
K230_CARD_SHELL frame-cost run=179702823862 frame_id=1163 total_cpu_ns=21006478 render_cpu_ns=14324110 input_cpu_ns=6223406
K230_CARD_BENCH v=1 run=179702823862 event=submit input_id=53 frame_id=1163 t_ns=187251644788 update_cpu_ns=21006478 final=1
K230_CARD_BENCH v=1 run=179702823862 event=submit input_id=52 frame_id=1163 t_ns=187251644788 update_cpu_ns=21006478 final=0
K230_CARD_BENCH v=1 run=179702823862 event=submit input_id=51 frame_id=1163 t_ns=187251644788 update_cpu_ns=21006478 final=0
K230_CARD_BENCH v=1 run=179702823862 event=submit input_id=50 frame_id=1163 t_ns=187251644788 update_cpu_ns=21006478 final=0
K230_CARD_BENCH v=1 run=179702823862 event=submit input_id=49 frame_id=1163 t_ns=187251644788 update_cpu_ns=21006478 final=0
K230_CARD_BENCH v=1 run=179702823862 event=submit input_id=48 frame_id=1163 t_ns=187251644788 update_cpu_ns=21006478 final=0
K230_CARD_BENCH v=1 run=179702823862 event=submit input_id=47 frame_id=1163 t_ns=187251644788 update_cpu_ns=21006478 final=0
K230_CARD_BENCH v=1 run=179702823862 event=present frame_id=1162 t_ns=187224819000 presented=1 clock=monotonic
K230_CARD_BENCH v=1 run=179702823862 event=input input_id=53 gesture_id=30 kind=release t_ns=187224238107 source=injected
K230_CARD_SHELL state mode=1 actions=1 message=0 cards=2
K230_CARD_BENCH v=1 run=179702823862 event=input input_id=52 gesture_id=30 kind=motion t_ns=187220351178 source=injected
K230_CARD_SHELL state mode=2 actions=1 message=0 cards=2
K230_CARD_BENCH v=1 run=179702823862 event=input input_id=51 gesture_id=30 kind=motion t_ns=187216654174 source=injected
K230_CARD_SHELL state mode=2 actions=1 message=0 cards=2
K230_CARD_BENCH v=1 run=179702823862 event=input input_id=50 gesture_id=30 kind=motion t_ns=187214653158 source=injected
K230_CARD_SHELL state mode=2 actions=1 message=0 cards=2
K230_CARD_BENCH v=1 run=179702823862 event=input input_id=49 gesture_id=30 kind=motion t_ns=187213060498 source=injected
K230_CARD_SHELL state mode=2 actions=1 message=0 cards=2
K230_CARD_BENCH v=1 run=179702823862 event=input input_id=48 gesture_id=30 kind=motion t_ns=187211231525 source=injected
K230_CARD_SHELL state mode=2 actions=1 message=0 cards=2
K230_CARD_BENCH v=1 run=179702823862 event=input input_id=47 gesture_id=30 kind=motion t_ns=187209418175 source=injected
K230_CARD_SHELL state mode=2 actions=1 message=0 cards=2
K230_CARD_SHELL frame-cost run=179702823862 frame_id=1162 total_cpu_ns=23151852 render_cpu_ns=19985851 input_cpu_ns=2686928
K230_CARD_BENCH v=1 run=179702823862 event=submit input_id=46 frame_id=1162 t_ns=187205904875 update_cpu_ns=23151852 final=0
K230_CARD_BENCH v=1 run=179702823862 event=submit input_id=45 frame_id=1162 t_ns=187205904875 update_cpu_ns=23151852 final=0
K230_CARD_BENCH v=1 run=179702823862 event=submit input_id=44 frame_id=1162 t_ns=187205904875 update_cpu_ns=23151852 final=0
K230_CARD_BENCH v=1 run=179702823862 event=submit input_id=43 frame_id=1162 t_ns=187205904875 update_cpu_ns=23151852 final=0
K230_CARD_BENCH v=1 run=179702823862 event=submit input_id=42 frame_id=1162 t_ns=187205904875 update_cpu_ns=23151852 final=0
K230_CARD_BENCH v=1 run=179702823862 event=present frame_id=1161 t_ns=187167358000 presented=1 clock=monotonic
K230_CARD_BENCH v=1 run=179702823862 event=input input_id=46 gesture_id=30 kind=motion t_ns=187169602043 source=injected
K230_CARD_SHELL state mode=2 actions=1 message=0 cards=2
K230_CARD_BENCH v=1 run=179702823862 event=input input_id=45 gesture_id=30 kind=motion t_ns=187168956412 source=injected
K230_CARD_SHELL state mode=2 actions=1 message=0 cards=2
K230_CARD_BENCH v=1 run=179702823862 event=input input_id=44 gesture_id=30 kind=motion t_ns=187167075312 source=injected
K230_CARD_SHELL state mode=2 actions=1 message=0 cards=2
K230_CARD_BENCH v=1 run=179702823862 event=input input_id=43 gesture_id=30 kind=motion t_ns=187164781154 source=injected
K230_CARD_SHELL state mode=2 actions=1 message=0 cards=2
K230_CARD_BENCH v=1 run=179702823862 event=input input_id=42 gesture_id=30 kind=motion t_ns=187164088653 source=injected
K230_CARD_SHELL state mode=2 actions=1 message=0 cards=2
K230_CARD_SHELL frame-cost run=179702823862 frame_id=1161 total_cpu_ns=21823901 render_cpu_ns=18409347 input_cpu_ns=2733891
K230_CARD_BENCH v=1 run=179702823862 event=submit input_id=41 frame_id=1161 t_ns=187161178927 update_cpu_ns=21823901 final=0
K230_CARD_BENCH v=1 run=179702823862 event=submit input_id=40 frame_id=1161 t_ns=187161178927 update_cpu_ns=21823901 final=0
K230_CARD_BENCH v=1 run=179702823862 event=submit input_id=39 frame_id=1161 t_ns=187161178927 update_cpu_ns=21823901 final=0
K230_CARD_BENCH v=1 run=179702823862 event=submit input_id=38 frame_id=1161 t_ns=187161178927 update_cpu_ns=21823901 final=0
K230_CARD_BENCH v=1 run=179702823862 event=submit input_id=37 frame_id=1161 t_ns=187161178927 update_cpu_ns=21823901 final=0
K230_CARD_BENCH v=1 run=179702823862 event=submit input_id=36 frame_id=1161 t_ns=187161178927 update_cpu_ns=21823901 final=0
K230_CARD_BENCH v=1 run=179702823862 event=present frame_id=1160 t_ns=187129051000 presented=1 clock=monotonic
K230_CARD_BENCH v=1 run=179702823862 event=input input_id=41 gesture_id=30 kind=motion t_ns=187128516086 source=injected
K230_CARD_SHELL state mode=2 actions=1 message=0 cards=2
K230_CARD_BENCH v=1 run=179702823862 event=input input_id=40 gesture_id=30 kind=motion t_ns=187126298786 source=injected
K230_CARD_SHELL state mode=2 actions=1 message=0 cards=2
K230_CARD_BENCH v=1 run=179702823862 event=input input_id=39 gesture_id=30 kind=motion t_ns=187125739306 source=injected
K230_CARD_SHELL state mode=2 actions=1 message=0 cards=2
K230_CARD_BENCH v=1 run=179702823862 event=input input_id=38 gesture_id=30 kind=motion t_ns=187120732232 source=injected
K230_CARD_SHELL state mode=2 actions=1 message=0 cards=2
K230_CARD_BENCH v=1 run=179702823862 event=input input_id=37 gesture_id=30 kind=motion t_ns=187120130695 source=injected
K230_CARD_SHELL state mode=2 actions=1 message=0 cards=2
K230_CARD_BENCH v=1 run=179702823862 event=input input_id=36 gesture_id=30 kind=motion t_ns=187115811383 source=injected
K230_CARD_SHELL state mode=2 actions=1 message=0 cards=2
K230_CARD_BENCH v=1 run=179702823862 event=present frame_id=1159 t_ns=187090742000 presented=1 clock=monotonic
K230_CARD_SHELL frame-cost run=179702823862 frame_id=1159 total_cpu_ns=16105312 render_cpu_ns=15185053 input_cpu_ns=671779
K230_CARD_BENCH v=1 run=179702823862 event=submit input_id=35 frame_id=1159 t_ns=187081763318 update_cpu_ns=16105312 final=0
K230_CARD_BENCH v=1 run=179702823862 event=submit input_id=34 frame_id=1159 t_ns=187081763318 update_cpu_ns=16105312 final=0
K230_CARD_BENCH v=1 run=179702823862 event=present frame_id=1158 t_ns=187052435000 presented=1 clock=monotonic
K230_CARD_BENCH v=1 run=179702823862 event=input input_id=35 gesture_id=30 kind=motion t_ns=187053103840 source=injected
K230_CARD_SHELL state mode=2 actions=1 message=0 cards=2
K230_CARD_BENCH v=1 run=179702823862 event=input input_id=34 gesture_id=30 kind=motion t_ns=187052561760 source=injected
K230_CARD_SHELL state mode=2 actions=1 message=0 cards=2
K230_CARD_SHELL frame-cost run=179702823862 frame_id=1158 total_cpu_ns=14690217 render_cpu_ns=14034660 input_cpu_ns=178444
K230_CARD_BENCH v=1 run=179702823862 event=submit input_id=33 frame_id=1158 t_ns=187049536784 update_cpu_ns=14690217 final=0
K230_CARD_BENCH v=1 run=179702823862 event=present frame_id=1157 t_ns=187033282000 presented=1 clock=monotonic
K230_CARD_BENCH v=1 run=179702823862 event=input input_id=33 gesture_id=30 kind=motion t_ns=187025303982 source=injected
K230_CARD_SHELL state mode=2 actions=1 message=0 cards=2
K230_CARD_SHELL state mode=2 actions=1 message=0 cards=2
K230_CARD_BENCH v=1 run=179702823862 event=present frame_id=1156 t_ns=186994974000 presented=1 clock=monotonic
K230_CARD_BENCH v=1 run=179702823862 event=present frame_id=1155 t_ns=186956674000 presented=1 clock=monotonic
K230_CARD_BENCH v=1 run=179702823862 event=present frame_id=1154 t_ns=186937515000 presented=1 clock=monotonic
K230_CARD_BENCH v=1 run=179702823862 event=present frame_id=1153 t_ns=186899207000 presented=1 clock=monotonic
K230_CARD_BENCH v=1 run=179702823862 event=present frame_id=1152 t_ns=186880059000 presented=1 clock=monotonic
K230_CARD_BENCH v=1 run=179702823862 event=present frame_id=1151 t_ns=186841747000 presented=1 clock=monotonic
K230_CARD_BENCH v=1 run=179702823862 event=present frame_id=1150 t_ns=186822594000 presented=1 clock=monotonic
K230_CARD_BENCH v=1 run=179702823862 event=present frame_id=1149 t_ns=186784288000 presented=1 clock=monotonic
K230_CARD_BENCH v=1 run=179702823862 event=resource phase=active t_ns=186781537927 cpu_ns=25252378000 memory_bytes=32092160 scope=session
K230_CARD_BENCH v=1 run=179702823862 event=resource phase=active t_ns=186781537927 cpu_ns=15072005783 memory_bytes=34217984 scope=compositor
K230_CARD_BENCH v=1 run=179702823862 event=present frame_id=1148 t_ns=186765134000 presented=1 clock=monotonic
K230_CARD_BENCH v=1 run=179702823862 event=present frame_id=1147 t_ns=186726827000 presented=1 clock=monotonic
K230_CARD_SHELL frame-cost run=179702823862 frame_id=1147 total_cpu_ns=22181887 render_cpu_ns=15264518 input_cpu_ns=6765145
K230_CARD_BENCH v=1 run=179702823862 event=submit input_id=32 frame_id=1147 t_ns=186724764990 update_cpu_ns=22181887 final=1
K230_CARD_BENCH v=1 run=179702823862 event=present frame_id=1146 t_ns=186707673000 presented=1 clock=monotonic
K230_CARD_BENCH v=1 run=179702823862 event=input input_id=32 gesture_id=29 kind=release t_ns=186693851760 source=injected
K230_CARD_SHELL state mode=1 actions=1 message=0 cards=2
K230_CARD_BENCH v=1 run=179702823862 event=present frame_id=1145 t_ns=186669366000 presented=1 clock=monotonic
K230_CARD_BENCH v=1 run=179702823862 event=present frame_id=1144 t_ns=186650214000 presented=1 clock=monotonic
K230_CARD_BENCH v=1 run=179702823862 event=present frame_id=1143 t_ns=186611907000 presented=1 clock=monotonic
K230_CARD_BENCH v=1 run=179702823862 event=present frame_id=1142 t_ns=186573599000 presented=1 clock=monotonic
K230_CARD_BENCH v=1 run=179702823862 event=present frame_id=1141 t_ns=186554446000 presented=1 clock=monotonic
K230_CARD_BENCH v=1 run=179702823862 event=present frame_id=1140 t_ns=186516139000 presented=1 clock=monotonic
K230_CARD_BENCH v=1 run=179702823862 event=present frame_id=1139 t_ns=186496986000 presented=1 clock=monotonic
K230_CARD_BENCH v=1 run=179702823862 event=present frame_id=1138 t_ns=186458678000 presented=1 clock=monotonic
K230_CARD_BENCH v=1 run=179702823862 event=present frame_id=1137 t_ns=186439526000 presented=1 clock=monotonic
K230_CARD_BENCH v=1 run=179702823862 event=present frame_id=1136 t_ns=186401219000 presented=1 clock=monotonic
K230_CARD_BENCH v=1 run=179702823862 event=present frame_id=1135 t_ns=186382066000 presented=1 clock=monotonic
K230_CARD_BENCH v=1 run=179702823862 event=present frame_id=1134 t_ns=186343759000 presented=1 clock=monotonic
K230_CARD_BENCH v=1 run=179702823862 event=present frame_id=1133 t_ns=186324606000 presented=1 clock=monotonic
K230_CARD_SHELL frame-cost run=179702823862 frame_id=1133 total_cpu_ns=17576121 render_cpu_ns=14253714 input_cpu_ns=3035370
K230_CARD_BENCH v=1 run=179702823862 event=submit input_id=31 frame_id=1133 t_ns=186316715900 update_cpu_ns=17576121 final=1
K230_CARD_BENCH v=1 run=179702823862 event=present frame_id=1132 t_ns=186286301000 presented=1 clock=monotonic
K230_CARD_BENCH v=1 run=179702823862 event=input input_id=31 gesture_id=28 kind=release t_ns=186285992334 source=injected
K230_CARD_SHELL state mode=1 actions=1 message=0 cards=2
K230_CARD_BENCH v=1 run=179702823862 event=present frame_id=1131 t_ns=186247992000 presented=1 clock=monotonic
K230_CARD_BENCH v=1 run=179702823862 event=present frame_id=1130 t_ns=186190533000 presented=1 clock=monotonic
K230_CARD_BENCH v=1 run=179702823862 event=present frame_id=1129 t_ns=186133074000 presented=1 clock=monotonic
K230_CARD_BENCH v=1 run=179702823862 event=present frame_id=1128 t_ns=186075613000 presented=1 clock=monotonic
K230_CARD_BENCH v=1 run=179702823862 event=present frame_id=1127 t_ns=186018152000 presented=1 clock=monotonic
K230_CARD_BENCH v=1 run=179702823862 event=present frame_id=1126 t_ns=185960692000 presented=1 clock=monotonic
K230_CARD_BENCH v=1 run=179702823862 event=present frame_id=1125 t_ns=185903235000 presented=1 clock=monotonic
K230_CARD_BENCH v=1 run=179702823862 event=present frame_id=1124 t_ns=185884082000 presented=1 clock=monotonic
K230_CARD_BENCH v=1 run=179702823862 event=present frame_id=1123 t_ns=185826620000 presented=1 clock=monotonic
K230_CARD_BENCH v=1 run=179702823862 event=present frame_id=1122 t_ns=185788313000 presented=1 clock=monotonic
K230_CARD_BENCH v=1 run=179702823862 event=resource phase=active t_ns=185776532168 cpu_ns=24602593000 memory_bytes=31965184 scope=session
K230_CARD_BENCH v=1 run=179702823862 event=resource phase=active t_ns=185776532168 cpu_ns=14598267876 memory_bytes=33992704 scope=compositor
K230_CARD_BENCH v=1 run=179702823862 event=present frame_id=1121 t_ns=185730854000 presented=1 clock=monotonic
K230_CARD_SHELL live cards=2 commits=622 sampled=1236 frame-done=1240 output-presented=593
K230_CARD_BENCH v=1 run=179702823862 event=present frame_id=1120 t_ns=185692547000 presented=1 clock=monotonic
K230_CARD_BENCH v=1 run=179702823862 event=present frame_id=1119 t_ns=185654242000 presented=1 clock=monotonic
K230_CARD_BENCH v=1 run=179702823862 event=present frame_id=1118 t_ns=185615935000 presented=1 clock=monotonic
K230_CARD_BENCH v=1 run=179702823862 event=present frame_id=1117 t_ns=185577628000 presented=1 clock=monotonic
K230_CARD_BENCH v=1 run=179702823862 event=present frame_id=1116 t_ns=185539321000 presented=1 clock=monotonic
K230_CARD_BENCH v=1 run=179702823862 event=present frame_id=1115 t_ns=185501015000 presented=1 clock=monotonic
K230_CARD_BENCH v=1 run=179702823862 event=present frame_id=1114 t_ns=185462709000 presented=1 clock=monotonic
K230_CARD_BENCH v=1 run=179702823862 event=present frame_id=1113 t_ns=185424403000 presented=1 clock=monotonic
K230_CARD_BENCH v=1 run=179702823862 event=present frame_id=1112 t_ns=185386096000 presented=1 clock=monotonic
K230_CARD_BENCH v=1 run=179702823862 event=present frame_id=1111 t_ns=185347789000 presented=1 clock=monotonic
K230_CARD_BENCH v=1 run=179702823862 event=present frame_id=1110 t_ns=185309484000 presented=1 clock=monotonic
K230_CARD_BENCH v=1 run=179702823862 event=present frame_id=1109 t_ns=185271177000 presented=1 clock=monotonic
K230_CARD_BENCH v=1 run=179702823862 event=present frame_id=1108 t_ns=185232871000 presented=1 clock=monotonic
K230_CARD_BENCH v=1 run=179702823862 event=present frame_id=1107 t_ns=185194565000 presented=1 clock=monotonic
K230_CARD_BENCH v=1 run=179702823862 event=present frame_id=1106 t_ns=185156258000 presented=1 clock=monotonic
K230_CARD_BENCH v=1 run=179702823862 event=present frame_id=1105 t_ns=185117951000 presented=1 clock=monotonic
K230_CARD_BENCH v=1 run=179702823862 event=present frame_id=1104 t_ns=185079648000 presented=1 clock=monotonic
K230_CARD_BENCH v=1 run=179702823862 event=present frame_id=1103 t_ns=185041339000 presented=1 clock=monotonic
K230_CARD_BENCH v=1 run=179702823862 event=present frame_id=1102 t_ns=185003032000 presented=1 clock=monotonic
K230_CARD_BENCH v=1 run=179702823862 event=present frame_id=1101 t_ns=184964729000 presented=1 clock=monotonic
K230_CARD_BENCH v=1 run=179702823862 event=present frame_id=1100 t_ns=184926420000 presented=1 clock=monotonic
K230_CARD_BENCH v=1 run=179702823862 event=present frame_id=1099 t_ns=184888116000 presented=1 clock=monotonic
K230_CARD_SHELL frame-cost run=179702823862 frame_id=1099 total_cpu_ns=23534756 render_cpu_ns=20016946 input_cpu_ns=3230626
K230_CARD_BENCH v=1 run=179702823862 event=submit input_id=30 frame_id=1099 t_ns=184873285245 update_cpu_ns=23534756 final=0
K230_CARD_BENCH v=1 run=179702823862 event=submit input_id=29 frame_id=1099 t_ns=184873285245 update_cpu_ns=23534756 final=0
K230_CARD_BENCH v=1 run=179702823862 event=submit input_id=28 frame_id=1099 t_ns=184873285245 update_cpu_ns=23534756 final=0
K230_CARD_BENCH v=1 run=179702823862 event=submit input_id=27 frame_id=1099 t_ns=184873285245 update_cpu_ns=23534756 final=0
K230_CARD_BENCH v=1 run=179702823862 event=submit input_id=26 frame_id=1099 t_ns=184873285245 update_cpu_ns=23534756 final=0
K230_CARD_BENCH v=1 run=179702823862 event=present frame_id=1098 t_ns=184830658000 presented=1 clock=monotonic
K230_CARD_BENCH v=1 run=179702823862 event=input input_id=30 gesture_id=28 kind=motion t_ns=184840245099 source=injected
K230_CARD_SHELL state mode=2 actions=1 message=0 cards=2
K230_CARD_BENCH v=1 run=179702823862 event=input input_id=29 gesture_id=28 kind=motion t_ns=184837061396 source=injected
K230_CARD_SHELL state mode=2 actions=1 message=0 cards=2
K230_CARD_BENCH v=1 run=179702823862 event=input input_id=28 gesture_id=28 kind=motion t_ns=184836312311 source=injected
K230_CARD_SHELL state mode=2 actions=1 message=0 cards=2
K230_CARD_BENCH v=1 run=179702823862 event=input input_id=27 gesture_id=28 kind=motion t_ns=184831128062 source=injected
K230_CARD_SHELL state mode=2 actions=1 message=0 cards=2
K230_CARD_BENCH v=1 run=179702823862 event=input input_id=26 gesture_id=28 kind=motion t_ns=184829338832 source=injected
K230_CARD_SHELL state mode=2 actions=1 message=0 cards=2
K230_CARD_SHELL frame-cost run=179702823862 frame_id=1098 total_cpu_ns=21632206 render_cpu_ns=19828355 input_cpu_ns=1531592
K230_CARD_BENCH v=1 run=179702823862 event=submit input_id=25 frame_id=1098 t_ns=184825730830 update_cpu_ns=21632206 final=0
K230_CARD_BENCH v=1 run=179702823862 event=submit input_id=24 frame_id=1098 t_ns=184825730830 update_cpu_ns=21632206 final=0
K230_CARD_BENCH v=1 run=179702823862 event=submit input_id=23 frame_id=1098 t_ns=184825730830 update_cpu_ns=21632206 final=0
K230_CARD_BENCH v=1 run=179702823862 event=present frame_id=1097 t_ns=184792351000 presented=1 clock=monotonic
K230_CARD_BENCH v=1 run=179702823862 event=input input_id=25 gesture_id=28 kind=motion t_ns=184792024860 source=injected
K230_CARD_SHELL state mode=2 actions=1 message=0 cards=2
K230_CARD_BENCH v=1 run=179702823862 event=input input_id=24 gesture_id=28 kind=motion t_ns=184782776990 source=injected
K230_CARD_SHELL state mode=2 actions=1 message=0 cards=2
K230_CARD_BENCH v=1 run=179702823862 event=input input_id=23 gesture_id=28 kind=motion t_ns=184780354662 source=injected
K230_CARD_SHELL state mode=2 actions=1 message=0 cards=2
K230_CARD_SHELL frame-cost run=179702823862 frame_id=1097 total_cpu_ns=21821744 render_cpu_ns=18640405 input_cpu_ns=2016411
K230_CARD_BENCH v=1 run=179702823862 event=submit input_id=22 frame_id=1097 t_ns=184775927938 update_cpu_ns=21821744 final=0
K230_CARD_BENCH v=1 run=179702823862 event=submit input_id=21 frame_id=1097 t_ns=184775927938 update_cpu_ns=21821744 final=0
K230_CARD_BENCH v=1 run=179702823862 event=submit input_id=20 frame_id=1097 t_ns=184775927938 update_cpu_ns=21821744 final=0
K230_CARD_BENCH v=1 run=179702823862 event=submit input_id=19 frame_id=1097 t_ns=184775927938 update_cpu_ns=21821744 final=0
K230_CARD_BENCH v=1 run=179702823862 event=present frame_id=1096 t_ns=184754045000 presented=1 clock=monotonic
K230_CARD_BENCH v=1 run=179702823862 event=input input_id=22 gesture_id=28 kind=motion t_ns=184752981447 source=injected
K230_CARD_SHELL state mode=2 actions=1 message=0 cards=2
K230_CARD_BENCH v=1 run=179702823862 event=resource phase=active t_ns=184750164068 cpu_ns=23790420000 memory_bytes=31965184 scope=session
K230_CARD_BENCH v=1 run=179702823862 event=resource phase=active t_ns=184750164068 cpu_ns=14040476404 memory_bytes=33992704 scope=compositor
K230_CARD_BENCH v=1 run=179702823862 event=input input_id=21 gesture_id=28 kind=motion t_ns=184746786078 source=injected
K230_CARD_SHELL state mode=2 actions=1 message=0 cards=2
K230_CARD_BENCH v=1 run=179702823862 event=input input_id=20 gesture_id=28 kind=motion t_ns=184746181708 source=injected
K230_CARD_SHELL state mode=2 actions=1 message=0 cards=2
K230_CARD_BENCH v=1 run=179702823862 event=input input_id=19 gesture_id=28 kind=motion t_ns=184745555052 source=injected
K230_CARD_SHELL state mode=2 actions=1 message=0 cards=2
K230_CARD_SHELL frame-cost run=179702823862 frame_id=1096 total_cpu_ns=19700573 render_cpu_ns=16935123 input_cpu_ns=2438080
K230_CARD_BENCH v=1 run=179702823862 event=submit input_id=18 frame_id=1096 t_ns=184742634273 update_cpu_ns=19700573 final=0
K230_CARD_BENCH v=1 run=179702823862 event=submit input_id=17 frame_id=1096 t_ns=184742634273 update_cpu_ns=19700573 final=0
K230_CARD_BENCH v=1 run=179702823862 event=submit input_id=16 frame_id=1096 t_ns=184742634273 update_cpu_ns=19700573 final=0
K230_CARD_BENCH v=1 run=179702823862 event=submit input_id=15 frame_id=1096 t_ns=184742634273 update_cpu_ns=19700573 final=0
K230_CARD_BENCH v=1 run=179702823862 event=submit input_id=14 frame_id=1096 t_ns=184742634273 update_cpu_ns=19700573 final=0
K230_CARD_BENCH v=1 run=179702823862 event=submit input_id=13 frame_id=1096 t_ns=184742634273 update_cpu_ns=19700573 final=0
K230_CARD_BENCH v=1 run=179702823862 event=present frame_id=1095 t_ns=184715739000 presented=1 clock=monotonic
K230_CARD_BENCH v=1 run=179702823862 event=input input_id=18 gesture_id=28 kind=motion t_ns=184721387716 source=injected
K230_CARD_SHELL state mode=2 actions=1 message=0 cards=2
K230_CARD_BENCH v=1 run=179702823862 event=input input_id=17 gesture_id=28 kind=motion t_ns=184719789479 source=injected
K230_CARD_SHELL state mode=2 actions=1 message=0 cards=2
K230_CARD_BENCH v=1 run=179702823862 event=input input_id=16 gesture_id=28 kind=motion t_ns=184719285029 source=injected
K230_CARD_SHELL state mode=2 actions=1 message=0 cards=2
K230_CARD_BENCH v=1 run=179702823862 event=input input_id=15 gesture_id=28 kind=motion t_ns=184717413353 source=injected
K230_CARD_SHELL state mode=2 actions=1 message=0 cards=2
K230_CARD_BENCH v=1 run=179702823862 event=input input_id=14 gesture_id=28 kind=motion t_ns=184716947850 source=injected
K230_CARD_SHELL state mode=2 actions=1 message=0 cards=2
K230_CARD_BENCH v=1 run=179702823862 event=input input_id=13 gesture_id=28 kind=motion t_ns=184716287912 source=injected
K230_CARD_SHELL state mode=2 actions=1 message=0 cards=2
K230_CARD_BENCH v=1 run=179702823862 event=present frame_id=1094 t_ns=184677432000 presented=1 clock=monotonic
K230_CARD_SHELL frame-cost run=179702823862 frame_id=1094 total_cpu_ns=15600277 render_cpu_ns=14581980 input_cpu_ns=539778
K230_CARD_BENCH v=1 run=179702823862 event=submit input_id=12 frame_id=1094 t_ns=184674696782 update_cpu_ns=15600277 final=0
K230_CARD_BENCH v=1 run=179702823862 event=submit input_id=11 frame_id=1094 t_ns=184674696782 update_cpu_ns=15600277 final=0
K230_CARD_BENCH v=1 run=179702823862 event=present frame_id=1093 t_ns=184658279000 presented=1 clock=monotonic
K230_CARD_BENCH v=1 run=179702823862 event=input input_id=12 gesture_id=28 kind=motion t_ns=184652605959 source=injected
K230_CARD_SHELL state mode=2 actions=1 message=0 cards=2
K230_CARD_BENCH v=1 run=179702823862 event=input input_id=11 gesture_id=28 kind=motion t_ns=184643657923 source=injected
K230_CARD_SHELL state mode=2 actions=1 message=0 cards=2
K230_CARD_SHELL state mode=2 actions=1 message=0 cards=2
K230_CARD_BENCH v=1 run=179702823862 event=present frame_id=1092 t_ns=184619973000 presented=1 clock=monotonic
K230_CARD_BENCH v=1 run=179702823862 event=present frame_id=1091 t_ns=184581665000 presented=1 clock=monotonic
K230_CARD_BENCH v=1 run=179702823862 event=present frame_id=1090 t_ns=184562514000 presented=1 clock=monotonic
K230_CARD_BENCH v=1 run=179702823862 event=present frame_id=1089 t_ns=184524208000 presented=1 clock=monotonic
K230_CARD_BENCH v=1 run=179702823862 event=present frame_id=1088 t_ns=184505056000 presented=1 clock=monotonic
K230_CARD_BENCH v=1 run=179702823862 event=present frame_id=1087 t_ns=184466747000 presented=1 clock=monotonic
K230_CARD_BENCH v=1 run=179702823862 event=present frame_id=1086 t_ns=184447596000 presented=1 clock=monotonic
K230_CARD_BENCH v=1 run=179702823862 event=present frame_id=1085 t_ns=184409289000 presented=1 clock=monotonic
K230_CARD_BENCH v=1 run=179702823862 event=present frame_id=1084 t_ns=184390137000 presented=1 clock=monotonic
K230_CARD_BENCH v=1 run=179702823862 event=present frame_id=1083 t_ns=184351831000 presented=1 clock=monotonic
K230_CARD_BENCH v=1 run=179702823862 event=present frame_id=1082 t_ns=184332677000 presented=1 clock=monotonic
K230_CARD_BENCH v=1 run=179702823862 event=present frame_id=1081 t_ns=184294370000 presented=1 clock=monotonic
K230_CARD_BENCH v=1 run=179702823862 event=present frame_id=1080 t_ns=184275219000 presented=1 clock=monotonic
K230_CARD_BENCH v=1 run=179702823862 event=present frame_id=1079 t_ns=184236912000 presented=1 clock=monotonic
K230_CARD_BENCH v=1 run=179702823862 event=present frame_id=1078 t_ns=184217760000 presented=1 clock=monotonic
K230_CARD_BENCH v=1 run=179702823862 event=present frame_id=1077 t_ns=184179451000 presented=1 clock=monotonic
K230_CARD_BENCH v=1 run=179702823862 event=present frame_id=1076 t_ns=184160301000 presented=1 clock=monotonic
K230_CARD_BENCH v=1 run=179702823862 event=present frame_id=1075 t_ns=184121995000 presented=1 clock=monotonic
K230_CARD_BENCH v=1 run=179702823862 event=present frame_id=1074 t_ns=184102841000 presented=1 clock=monotonic
K230_CARD_BENCH v=1 run=179702823862 event=present frame_id=1073 t_ns=184064535000 presented=1 clock=monotonic
K230_CARD_BENCH v=1 run=179702823862 event=present frame_id=1072 t_ns=184045383000 presented=1 clock=monotonic
K230_CARD_BENCH v=1 run=179702823862 event=present frame_id=1071 t_ns=184007077000 presented=1 clock=monotonic
K230_CARD_BENCH v=1 run=179702823862 event=present frame_id=1070 t_ns=183987924000 presented=1 clock=monotonic
K230_CARD_BENCH v=1 run=179702823862 event=present frame_id=1069 t_ns=183949618000 presented=1 clock=monotonic
K230_CARD_BENCH v=1 run=179702823862 event=present frame_id=1068 t_ns=183930466000 presented=1 clock=monotonic
K230_CARD_BENCH v=1 run=179702823862 event=present frame_id=1067 t_ns=183892160000 presented=1 clock=monotonic
K230_CARD_BENCH v=1 run=179702823862 event=present frame_id=1066 t_ns=183873007000 presented=1 clock=monotonic
K230_CARD_BENCH v=1 run=179702823862 event=present frame_id=1065 t_ns=183834700000 presented=1 clock=monotonic
K230_CARD_SHELL live cards=2 commits=540 sampled=1070 frame-done=1074 output-presented=537
K230_CARD_BENCH v=1 run=179702823862 event=present frame_id=1064 t_ns=183815549000 presented=1 clock=monotonic
K230_CARD_BENCH v=1 run=179702823862 event=present frame_id=1063 t_ns=183777244000 presented=1 clock=monotonic
K230_CARD_BENCH v=1 run=179702823862 event=present frame_id=1062 t_ns=183758092000 presented=1 clock=monotonic
K230_CARD_BENCH v=1 run=179702823862 event=resource phase=active t_ns=183742955116 cpu_ns=23096376000 memory_bytes=31961088 scope=session
K230_CARD_BENCH v=1 run=179702823862 event=resource phase=active t_ns=183742955116 cpu_ns=13522419460 memory_bytes=33992704 scope=compositor
K230_CARD_BENCH v=1 run=179702823862 event=present frame_id=1061 t_ns=183719784000 presented=1 clock=monotonic
K230_CARD_BENCH v=1 run=179702823862 event=present frame_id=1060 t_ns=183700632000 presented=1 clock=monotonic
K230_CARD_BENCH v=1 run=179702823862 event=present frame_id=1059 t_ns=183662328000 presented=1 clock=monotonic
K230_CARD_BENCH v=1 run=179702823862 event=present frame_id=1058 t_ns=183643174000 presented=1 clock=monotonic
K230_CARD_BENCH v=1 run=179702823862 event=present frame_id=1057 t_ns=183604867000 presented=1 clock=monotonic
K230_CARD_BENCH v=1 run=179702823862 event=present frame_id=1056 t_ns=183585716000 presented=1 clock=monotonic
K230_CARD_BENCH v=1 run=179702823862 event=present frame_id=1055 t_ns=183547409000 presented=1 clock=monotonic
K230_CARD_BENCH v=1 run=179702823862 event=present frame_id=1054 t_ns=183528258000 presented=1 clock=monotonic
K230_CARD_BENCH v=1 run=179702823862 event=present frame_id=1053 t_ns=183489952000 presented=1 clock=monotonic
K230_CARD_BENCH v=1 run=179702823862 event=present frame_id=1052 t_ns=183470800000 presented=1 clock=monotonic
K230_CARD_BENCH v=1 run=179702823862 event=present frame_id=1051 t_ns=183432493000 presented=1 clock=monotonic
K230_CARD_BENCH v=1 run=179702823862 event=present frame_id=1050 t_ns=183413341000 presented=1 clock=monotonic
K230_CARD_BENCH v=1 run=179702823862 event=present frame_id=1049 t_ns=183375036000 presented=1 clock=monotonic
K230_CARD_BENCH v=1 run=179702823862 event=present frame_id=1048 t_ns=183355882000 presented=1 clock=monotonic
K230_CARD_BENCH v=1 run=179702823862 event=present frame_id=1047 t_ns=183317576000 presented=1 clock=monotonic
K230_CARD_BENCH v=1 run=179702823862 event=present frame_id=1046 t_ns=183298424000 presented=1 clock=monotonic
K230_CARD_BENCH v=1 run=179702823862 event=present frame_id=1045 t_ns=183260119000 presented=1 clock=monotonic
K230_CARD_BENCH v=1 run=179702823862 event=present frame_id=1044 t_ns=183240966000 presented=1 clock=monotonic
K230_CARD_BENCH v=1 run=179702823862 event=present frame_id=1043 t_ns=183202660000 presented=1 clock=monotonic
K230_CARD_BENCH v=1 run=179702823862 event=present frame_id=1042 t_ns=183183507000 presented=1 clock=monotonic
K230_CARD_BENCH v=1 run=179702823862 event=present frame_id=1041 t_ns=183145202000 presented=1 clock=monotonic
K230_CARD_SHELL frame-cost run=179702823862 frame_id=1041 total_cpu_ns=14521688 render_cpu_ns=14286390 input_cpu_ns=15814
K230_CARD_BENCH v=1 run=179702823862 event=submit input_id=10 frame_id=1041 t_ns=183141910779 update_cpu_ns=14521688 final=1
K230_CARD_BENCH v=1 run=179702823862 event=submit input_id=9 frame_id=1041 t_ns=183141910779 update_cpu_ns=14521688 final=0
K230_CARD_BENCH v=1 run=179702823862 event=submit input_id=8 frame_id=1041 t_ns=183141910779 update_cpu_ns=14521688 final=0
K230_CARD_BENCH v=1 run=179702823862 event=submit input_id=7 frame_id=1041 t_ns=183141910779 update_cpu_ns=14521688 final=0
K230_CARD_BENCH v=1 run=179702823862 event=present frame_id=1040 t_ns=183126050000 presented=1 clock=monotonic
K230_CARD_BENCH v=1 run=179702823862 event=input input_id=10 gesture_id=27 kind=release t_ns=183120358444 source=injected
K230_CARD_BENCH v=1 run=179702823862 event=input input_id=9 gesture_id=27 kind=motion t_ns=183120286994 source=injected
K230_CARD_BENCH v=1 run=179702823862 event=input input_id=8 gesture_id=27 kind=motion t_ns=183120197404 source=injected
K230_CARD_BENCH v=1 run=179702823862 event=input input_id=7 gesture_id=27 kind=motion t_ns=183119934446 source=injected
K230_CARD_SHELL frame-cost run=179702823862 frame_id=1040 total_cpu_ns=15605772 render_cpu_ns=15386736 input_cpu_ns=11702
K230_CARD_BENCH v=1 run=179702823862 event=submit input_id=6 frame_id=1040 t_ns=183116218902 update_cpu_ns=15605772 final=0
K230_CARD_BENCH v=1 run=179702823862 event=submit input_id=5 frame_id=1040 t_ns=183116218902 update_cpu_ns=15605772 final=0
K230_CARD_BENCH v=1 run=179702823862 event=submit input_id=4 frame_id=1040 t_ns=183116218902 update_cpu_ns=15605772 final=0
K230_CARD_BENCH v=1 run=179702823862 event=present frame_id=1039 t_ns=183087745000 presented=1 clock=monotonic
K230_CARD_BENCH v=1 run=179702823862 event=input input_id=6 gesture_id=27 kind=motion t_ns=183093482571 source=injected
K230_CARD_BENCH v=1 run=179702823862 event=input input_id=5 gesture_id=27 kind=motion t_ns=183093396424 source=injected
K230_CARD_BENCH v=1 run=179702823862 event=input input_id=4 gesture_id=27 kind=motion t_ns=183093219613 source=injected
K230_CARD_SHELL frame-cost run=179702823862 frame_id=1039 total_cpu_ns=23965694 render_cpu_ns=15460327 input_cpu_ns=8250071
K230_CARD_BENCH v=1 run=179702823862 event=submit input_id=3 frame_id=1039 t_ns=183083962886 update_cpu_ns=23965694 final=0
K230_CARD_BENCH v=1 run=179702823862 event=submit input_id=2 frame_id=1039 t_ns=183083962886 update_cpu_ns=23965694 final=0
K230_CARD_BENCH v=1 run=179702823862 event=submit input_id=1 frame_id=1039 t_ns=183083962886 update_cpu_ns=23965694 final=0
K230_CARD_BENCH v=1 run=179702823862 event=present frame_id=1038 t_ns=183049438000 presented=1 clock=monotonic
K230_CARD_BENCH v=1 run=179702823862 event=input input_id=3 gesture_id=27 kind=motion t_ns=183066169965 source=injected
K230_CARD_BENCH v=1 run=179702823862 event=input input_id=2 gesture_id=27 kind=motion t_ns=183064130347 source=injected
K230_CARD_BENCH v=1 run=179702823862 event=input input_id=1 gesture_id=27 kind=motion t_ns=183041172706 source=injected
K230_CARD_SHELL state mode=1 actions=35 message=0 cards=2
K230_CARD_SHELL mirror id=9 format=34325258 width=128 height=96 stride=512
K230_CARD_SHELL mirror id=9 format=34325258 width=520 height=1040 stride=2080
K230_CARD_SHELL mirror id=7 format=34325258 width=128 height=96 stride=512
K230_CARD_SHELL mirror id=7 format=34325258 width=520 height=1040 stride=2080
K230_CARD_BENCH v=1 run=179702823862 event=session t_ns=183041172706 clock=monotonic backend=drm renderer=pixman width=568 height=1232 output_format=RGB565 input=injected cards=2
K230_CARD_BENCH v=1 run=179702823862 event=present frame_id=1037 t_ns=183030286000 presented=1 clock=monotonic
K230_CARD_BENCH v=1 run=179702823862 event=present frame_id=1036 t_ns=182991980000 presented=1 clock=monotonic
K230_CARD_BENCH v=1 run=179702823862 event=present frame_id=1035 t_ns=182972828000 presented=1 clock=monotonic
K230_CARD_BENCH v=1 run=179702823862 event=present frame_id=1034 t_ns=182953676000 presented=1 clock=monotonic
K230_CARD_BENCH v=1 run=179702823862 event=present frame_id=1033 t_ns=182934522000 presented=1 clock=monotonic
K230_CARD_BENCH v=1 run=179702823862 event=present frame_id=1032 t_ns=182915373000 presented=1 clock=monotonic
K230_CARD_BENCH v=1 run=179702823862 event=present frame_id=1031 t_ns=182877065000 presented=1 clock=monotonic
K230_CARD_BENCH v=1 run=179702823862 event=present frame_id=1030 t_ns=182857912000 presented=1 clock=monotonic
K230_CARD_BENCH v=1 run=179702823862 event=present frame_id=1029 t_ns=182838760000 presented=1 clock=monotonic
K230_CARD_BENCH v=1 run=179702823862 event=present frame_id=1028 t_ns=182819607000 presented=1 clock=monotonic
K230_CARD_BENCH v=1 run=179702823862 event=present frame_id=1027 t_ns=182800454000 presented=1 clock=monotonic
K230_CARD_BENCH v=1 run=179702823862 event=present frame_id=1026 t_ns=182781302000 presented=1 clock=monotonic
K230_CARD_BENCH v=1 run=179702823862 event=present frame_id=1025 t_ns=182762149000 presented=1 clock=monotonic
K230_CARD_BENCH v=1 run=179702823862 event=resource phase=baseline t_ns=182724340183 cpu_ns=22333767000 memory_bytes=31707136 scope=session
K230_CARD_BENCH v=1 run=179702823862 event=resource phase=baseline t_ns=182724340183 cpu_ns=13021786384 memory_bytes=33730560 scope=compositor
K230_CARD_BENCH v=1 run=179702823862 event=present frame_id=1024 t_ns=182723844000 presented=1 clock=monotonic
K230_CARD_BENCH v=1 run=179702823862 event=present frame_id=1023 t_ns=182704692000 presented=1 clock=monotonic
K230_CARD_BENCH v=1 run=179702823862 event=present frame_id=1022 t_ns=182685539000 presented=1 clock=monotonic
K230_CARD_BENCH v=1 run=179702823862 event=present frame_id=1021 t_ns=182666386000 presented=1 clock=monotonic
K230_CARD_BENCH v=1 run=179702823862 event=present frame_id=1020 t_ns=182647234000 presented=1 clock=monotonic
K230_CARD_BENCH v=1 run=179702823862 event=present frame_id=1019 t_ns=182628087000 presented=1 clock=monotonic
K230_CARD_BENCH v=1 run=179702823862 event=present frame_id=1018 t_ns=182589777000 presented=1 clock=monotonic
K230_CARD_BENCH v=1 run=179702823862 event=present frame_id=1017 t_ns=182570623000 presented=1 clock=monotonic
K230_CARD_BENCH v=1 run=179702823862 event=present frame_id=1016 t_ns=182551471000 presented=1 clock=monotonic
K230_CARD_BENCH v=1 run=179702823862 event=present frame_id=1015 t_ns=182532319000 presented=1 clock=monotonic
K230_CARD_BENCH v=1 run=179702823862 event=present frame_id=1014 t_ns=182513167000 presented=1 clock=monotonic
K230_CARD_BENCH v=1 run=179702823862 event=present frame_id=1013 t_ns=182494014000 presented=1 clock=monotonic
K230_CARD_BENCH v=1 run=179702823862 event=present frame_id=1012 t_ns=182455709000 presented=1 clock=monotonic
K230_CARD_BENCH v=1 run=179702823862 event=present frame_id=1011 t_ns=182436556000 presented=1 clock=monotonic
K230_CARD_BENCH v=1 run=179702823862 event=present frame_id=1010 t_ns=182417404000 presented=1 clock=monotonic
K230_CARD_BENCH v=1 run=179702823862 event=present frame_id=1009 t_ns=182398251000 presented=1 clock=monotonic
K230_CARD_BENCH v=1 run=179702823862 event=present frame_id=1008 t_ns=182379099000 presented=1 clock=monotonic
K230_CARD_BENCH v=1 run=179702823862 event=present frame_id=1007 t_ns=182359946000 presented=1 clock=monotonic
K230_CARD_BENCH v=1 run=179702823862 event=present frame_id=1006 t_ns=182340793000 presented=1 clock=monotonic
K230_CARD_BENCH v=1 run=179702823862 event=present frame_id=1005 t_ns=182321640000 presented=1 clock=monotonic
K230_CARD_BENCH v=1 run=179702823862 event=present frame_id=1004 t_ns=182283334000 presented=1 clock=monotonic
K230_CARD_BENCH v=1 run=179702823862 event=present frame_id=1003 t_ns=182264183000 presented=1 clock=monotonic
K230_CARD_BENCH v=1 run=179702823862 event=present frame_id=1002 t_ns=182245030000 presented=1 clock=monotonic
K230_CARD_BENCH v=1 run=179702823862 event=present frame_id=1001 t_ns=182225878000 presented=1 clock=monotonic
K230_CARD_BENCH v=1 run=179702823862 event=present frame_id=1000 t_ns=182206725000 presented=1 clock=monotonic
K230_CARD_BENCH v=1 run=179702823862 event=present frame_id=999 t_ns=182187573000 presented=1 clock=monotonic
K230_CARD_BENCH v=1 run=179702823862 event=present frame_id=998 t_ns=182168419000 presented=1 clock=monotonic
K230_CARD_BENCH v=1 run=179702823862 event=present frame_id=997 t_ns=182149268000 presented=1 clock=monotonic
K230_CARD_BENCH v=1 run=179702823862 event=present frame_id=996 t_ns=182110963000 presented=1 clock=monotonic
K230_CARD_BENCH v=1 run=179702823862 event=present frame_id=995 t_ns=182091811000 presented=1 clock=monotonic
K230_CARD_BENCH v=1 run=179702823862 event=present frame_id=994 t_ns=182072658000 presented=1 clock=monotonic
K230_CARD_BENCH v=1 run=179702823862 event=present frame_id=993 t_ns=182053505000 presented=1 clock=monotonic
K230_CARD_BENCH v=1 run=179702823862 event=present frame_id=992 t_ns=182034353000 presented=1 clock=monotonic
K230_CARD_BENCH v=1 run=179702823862 event=present frame_id=991 t_ns=182015200000 presented=1 clock=monotonic
K230_CARD_BENCH v=1 run=179702823862 event=present frame_id=990 t_ns=181976895000 presented=1 clock=monotonic
K230_CARD_BENCH v=1 run=179702823862 event=present frame_id=989 t_ns=181938590000 presented=1 clock=monotonic
K230_CARD_BENCH v=1 run=179702823862 event=present frame_id=988 t_ns=181900288000 presented=1 clock=monotonic
K230_CARD_BENCH v=1 run=179702823862 event=present frame_id=987 t_ns=181861983000 presented=1 clock=monotonic
K230_CARD_BENCH v=1 run=179702823862 event=present frame_id=986 t_ns=181804526000 presented=1 clock=monotonic
K230_CARD_BENCH v=1 run=179702823862 event=present frame_id=985 t_ns=181766219000 presented=1 clock=monotonic
K230_CARD_BENCH v=1 run=179702823862 event=present frame_id=984 t_ns=181747067000 presented=1 clock=monotonic
K230_CARD_BENCH v=1 run=179702823862 event=present frame_id=983 t_ns=181708762000 presented=1 clock=monotonic
K230_CARD_BENCH v=1 run=179702823862 event=resource phase=baseline t_ns=181708946233 cpu_ns=21553143000 memory_bytes=31707136 scope=session
K230_CARD_BENCH v=1 run=179702823862 event=resource phase=baseline t_ns=181708946233 cpu_ns=12640069334 memory_bytes=33730560 scope=compositor
K230_CARD_BENCH v=1 run=179702823862 event=present frame_id=982 t_ns=181689609000 presented=1 clock=monotonic
K230_CARD_BENCH v=1 run=179702823862 event=present frame_id=981 t_ns=181670457000 presented=1 clock=monotonic
K230_CARD_BENCH v=1 run=179702823862 event=present frame_id=980 t_ns=181651305000 presented=1 clock=monotonic
K230_CARD_BENCH v=1 run=179702823862 event=present frame_id=979 t_ns=181632153000 presented=1 clock=monotonic
K230_CARD_BENCH v=1 run=179702823862 event=present frame_id=978 t_ns=181613002000 presented=1 clock=monotonic
K230_CARD_BENCH v=1 run=179702823862 event=present frame_id=977 t_ns=181593849000 presented=1 clock=monotonic
K230_CARD_BENCH v=1 run=179702823862 event=present frame_id=976 t_ns=181555544000 presented=1 clock=monotonic
K230_CARD_BENCH v=1 run=179702823862 event=present frame_id=975 t_ns=181536391000 presented=1 clock=monotonic
K230_CARD_BENCH v=1 run=179702823862 event=present frame_id=974 t_ns=181517239000 presented=1 clock=monotonic
K230_CARD_BENCH v=1 run=179702823862 event=present frame_id=973 t_ns=181498088000 presented=1 clock=monotonic
K230_CARD_BENCH v=1 run=179702823862 event=present frame_id=972 t_ns=181478934000 presented=1 clock=monotonic
K230_CARD_BENCH v=1 run=179702823862 event=present frame_id=971 t_ns=181459782000 presented=1 clock=monotonic
K230_CARD_BENCH v=1 run=179702823862 event=present frame_id=970 t_ns=181440630000 presented=1 clock=monotonic
K230_CARD_BENCH v=1 run=179702823862 event=present frame_id=969 t_ns=181402325000 presented=1 clock=monotonic
K230_CARD_BENCH v=1 run=179702823862 event=present frame_id=968 t_ns=181383171000 presented=1 clock=monotonic
K230_CARD_BENCH v=1 run=179702823862 event=present frame_id=967 t_ns=181364030000 presented=1 clock=monotonic
K230_CARD_BENCH v=1 run=179702823862 event=present frame_id=966 t_ns=181344868000 presented=1 clock=monotonic
K230_CARD_BENCH v=1 run=179702823862 event=present frame_id=965 t_ns=181325716000 presented=1 clock=monotonic
K230_CARD_BENCH v=1 run=179702823862 event=present frame_id=964 t_ns=181306563000 presented=1 clock=monotonic
K230_CARD_BENCH v=1 run=179702823862 event=present frame_id=963 t_ns=181287411000 presented=1 clock=monotonic
K230_CARD_BENCH v=1 run=179702823862 event=present frame_id=962 t_ns=181249107000 presented=1 clock=monotonic
K230_CARD_BENCH v=1 run=179702823862 event=present frame_id=961 t_ns=181229953000 presented=1 clock=monotonic
K230_CARD_BENCH v=1 run=179702823862 event=present frame_id=960 t_ns=181210802000 presented=1 clock=monotonic
K230_CARD_BENCH v=1 run=179702823862 event=present frame_id=959 t_ns=181191650000 presented=1 clock=monotonic
K230_CARD_BENCH v=1 run=179702823862 event=present frame_id=958 t_ns=181172497000 presented=1 clock=monotonic
K230_CARD_BENCH v=1 run=179702823862 event=present frame_id=957 t_ns=181153345000 presented=1 clock=monotonic
K230_CARD_BENCH v=1 run=179702823862 event=present frame_id=956 t_ns=181134194000 presented=1 clock=monotonic
K230_CARD_BENCH v=1 run=179702823862 event=present frame_id=955 t_ns=181095889000 presented=1 clock=monotonic
K230_CARD_BENCH v=1 run=179702823862 event=present frame_id=954 t_ns=181076736000 presented=1 clock=monotonic
K230_CARD_BENCH v=1 run=179702823862 event=present frame_id=953 t_ns=181038432000 presented=1 clock=monotonic
K230_CARD_BENCH v=1 run=179702823862 event=present frame_id=952 t_ns=181019279000 presented=1 clock=monotonic
K230_CARD_BENCH v=1 run=179702823862 event=present frame_id=951 t_ns=180980975000 presented=1 clock=monotonic
K230_CARD_BENCH v=1 run=179702823862 event=present frame_id=950 t_ns=180961822000 presented=1 clock=monotonic
K230_CARD_BENCH v=1 run=179702823862 event=present frame_id=949 t_ns=180942670000 presented=1 clock=monotonic
K230_CARD_BENCH v=1 run=179702823862 event=present frame_id=948 t_ns=180923518000 presented=1 clock=monotonic
K230_CARD_BENCH v=1 run=179702823862 event=present frame_id=947 t_ns=180904366000 presented=1 clock=monotonic
K230_CARD_BENCH v=1 run=179702823862 event=present frame_id=946 t_ns=180885214000 presented=1 clock=monotonic
K230_CARD_BENCH v=1 run=179702823862 event=present frame_id=945 t_ns=180846909000 presented=1 clock=monotonic
K230_CARD_BENCH v=1 run=179702823862 event=present frame_id=944 t_ns=180827758000 presented=1 clock=monotonic
K230_CARD_BENCH v=1 run=179702823862 event=present frame_id=943 t_ns=180808606000 presented=1 clock=monotonic
K230_CARD_BENCH v=1 run=179702823862 event=present frame_id=942 t_ns=180789453000 presented=1 clock=monotonic
K230_CARD_BENCH v=1 run=179702823862 event=present frame_id=941 t_ns=180770301000 presented=1 clock=monotonic
K230_CARD_BENCH v=1 run=179702823862 event=present frame_id=940 t_ns=180751149000 presented=1 clock=monotonic
K230_CARD_BENCH v=1 run=179702823862 event=present frame_id=939 t_ns=180731997000 presented=1 clock=monotonic
K230_CARD_BENCH v=1 run=179702823862 event=present frame_id=938 t_ns=180712845000 presented=1 clock=monotonic
K230_CARD_BENCH v=1 run=179702823862 event=resource phase=baseline t_ns=180703806077 cpu_ns=20694639000 memory_bytes=31703040 scope=session
K230_CARD_BENCH v=1 run=179702823862 event=resource phase=baseline t_ns=180703806077 cpu_ns=12221290930 memory_bytes=33730560 scope=compositor
K230_CARD_BENCH v=1 run=179702823862 event=present frame_id=937 t_ns=180693693000 presented=1 clock=monotonic
K230_CARD_BENCH v=1 run=179702823862 event=present frame_id=936 t_ns=180655388000 presented=1 clock=monotonic
K230_CARD_BENCH v=1 run=179702823862 event=present frame_id=935 t_ns=180636237000 presented=1 clock=monotonic
K230_CARD_BENCH v=1 run=179702823862 event=present frame_id=934 t_ns=180617085000 presented=1 clock=monotonic
K230_CARD_BENCH v=1 run=179702823862 event=present frame_id=933 t_ns=180597932000 presented=1 clock=monotonic
K230_CARD_BENCH v=1 run=179702823862 event=present frame_id=932 t_ns=180578780000 presented=1 clock=monotonic
K230_CARD_BENCH v=1 run=179702823862 event=present frame_id=931 t_ns=180559628000 presented=1 clock=monotonic
K230_CARD_BENCH v=1 run=179702823862 event=present frame_id=930 t_ns=180521324000 presented=1 clock=monotonic
K230_CARD_BENCH v=1 run=179702823862 event=present frame_id=929 t_ns=180502171000 presented=1 clock=monotonic
K230_CARD_BENCH v=1 run=179702823862 event=present frame_id=928 t_ns=180483019000 presented=1 clock=monotonic
K230_CARD_BENCH v=1 run=179702823862 event=present frame_id=927 t_ns=180463868000 presented=1 clock=monotonic
K230_CARD_BENCH v=1 run=179702823862 event=present frame_id=926 t_ns=180444715000 presented=1 clock=monotonic
K230_CARD_BENCH v=1 run=179702823862 event=present frame_id=925 t_ns=180425563000 presented=1 clock=monotonic
K230_CARD_BENCH v=1 run=179702823862 event=present frame_id=924 t_ns=180406411000 presented=1 clock=monotonic
K230_CARD_BENCH v=1 run=179702823862 event=present frame_id=923 t_ns=180368108000 presented=1 clock=monotonic
K230_CARD_BENCH v=1 run=179702823862 event=present frame_id=922 t_ns=180348955000 presented=1 clock=monotonic
K230_CARD_BENCH v=1 run=179702823862 event=present frame_id=921 t_ns=180329803000 presented=1 clock=monotonic
K230_CARD_BENCH v=1 run=179702823862 event=present frame_id=920 t_ns=180310650000 presented=1 clock=monotonic
K230_CARD_BENCH v=1 run=179702823862 event=present frame_id=919 t_ns=180291499000 presented=1 clock=monotonic
K230_CARD_BENCH v=1 run=179702823862 event=present frame_id=918 t_ns=180272346000 presented=1 clock=monotonic
K230_CARD_BENCH v=1 run=179702823862 event=present frame_id=917 t_ns=180253195000 presented=1 clock=monotonic
K230_CARD_BENCH v=1 run=179702823862 event=present frame_id=916 t_ns=180234043000 presented=1 clock=monotonic
K230_CARD_BENCH v=1 run=179702823862 event=present frame_id=915 t_ns=180214890000 presented=1 clock=monotonic
K230_CARD_BENCH v=1 run=179702823862 event=present frame_id=914 t_ns=180176585000 presented=1 clock=monotonic
K230_CARD_BENCH v=1 run=179702823862 event=present frame_id=913 t_ns=180157434000 presented=1 clock=monotonic
K230_CARD_BENCH v=1 run=179702823862 event=present frame_id=912 t_ns=180138281000 presented=1 clock=monotonic
K230_CARD_BENCH v=1 run=179702823862 event=present frame_id=911 t_ns=180119130000 presented=1 clock=monotonic
K230_CARD_BENCH v=1 run=179702823862 event=present frame_id=910 t_ns=180080825000 presented=1 clock=monotonic
K230_CARD_BENCH v=1 run=179702823862 event=present frame_id=909 t_ns=180061674000 presented=1 clock=monotonic
K230_CARD_BENCH v=1 run=179702823862 event=present frame_id=908 t_ns=180023369000 presented=1 clock=monotonic
K230_CARD_BENCH v=1 run=179702823862 event=present frame_id=907 t_ns=180004216000 presented=1 clock=monotonic
K230_CARD_BENCH v=1 run=179702823862 event=present frame_id=906 t_ns=179985066000 presented=1 clock=monotonic
K230_CARD_BENCH v=1 run=179702823862 event=present frame_id=905 t_ns=179946762000 presented=1 clock=monotonic
K230_CARD_BENCH v=1 run=179702823862 event=present frame_id=904 t_ns=179927612000 presented=1 clock=monotonic
K230_CARD_BENCH v=1 run=179702823862 event=present frame_id=903 t_ns=179908458000 presented=1 clock=monotonic
K230_CARD_BENCH v=1 run=179702823862 event=present frame_id=902 t_ns=179870159000 presented=1 clock=monotonic
K230_CARD_BENCH v=1 run=179702823862 event=present frame_id=901 t_ns=179851002000 presented=1 clock=monotonic
K230_CARD_BENCH v=1 run=179702823862 event=present frame_id=900 t_ns=179812701000 presented=1 clock=monotonic
K230_CARD_BENCH v=1 run=179702823862 event=present frame_id=899 t_ns=179774396000 presented=1 clock=monotonic
K230_CARD_SHELL input=injected operation=benchmark accepted=1
K230_CARD_BENCH v=1 run=179702823862 event=resource phase=baseline t_ns=179702969050 cpu_ns=19882060000 memory_bytes=28164096 scope=session
K230_CARD_BENCH v=1 run=179702823862 event=resource phase=baseline t_ns=179702969050 cpu_ns=11838045956 memory_bytes=27176960 scope=compositor
K230_CARD_SHELL map id=9 class=2
K230_CARD_SHELL state mode=0 actions=32 message=0 cards=2
K230_CARD_SHELL input=injected operation=benchmark-stop accepted=1
K230_CARD_BENCH v=1 run=156580336561 event=present frame_id=893 t_ns=179448813000 presented=1 clock=monotonic
K230_CARD_BENCH v=1 run=156580336561 event=present frame_id=892 t_ns=179429661000 presented=1 clock=monotonic
K230_CARD_BENCH v=1 run=156580336561 event=present frame_id=891 t_ns=179410510000 presented=1 clock=monotonic
K230_CARD_BENCH v=1 run=156580336561 event=present frame_id=890 t_ns=179391358000 presented=1 clock=monotonic
K230_CARD_BENCH v=1 run=156580336561 event=present frame_id=889 t_ns=179372206000 presented=1 clock=monotonic
K230_CARD_BENCH v=1 run=156580336561 event=present frame_id=888 t_ns=179333902000 presented=1 clock=monotonic
K230_CARD_BENCH v=1 run=156580336561 event=present frame_id=887 t_ns=179314750000 presented=1 clock=monotonic
K230_CARD_BENCH v=1 run=156580336561 event=present frame_id=886 t_ns=179295598000 presented=1 clock=monotonic
K230_CARD_BENCH v=1 run=156580336561 event=present frame_id=885 t_ns=179276446000 presented=1 clock=monotonic
K230_CARD_BENCH v=1 run=156580336561 event=present frame_id=884 t_ns=179257295000 presented=1 clock=monotonic
K230_CARD_BENCH v=1 run=156580336561 event=present frame_id=883 t_ns=179238143000 presented=1 clock=monotonic
K230_CARD_BENCH v=1 run=156580336561 event=present frame_id=882 t_ns=179199839000 presented=1 clock=monotonic
K230_CARD_BENCH v=1 run=156580336561 event=present frame_id=881 t_ns=179180686000 presented=1 clock=monotonic
K230_CARD_BENCH v=1 run=156580336561 event=present frame_id=880 t_ns=179161534000 presented=1 clock=monotonic
K230_CARD_BENCH v=1 run=156580336561 event=present frame_id=879 t_ns=179142384000 presented=1 clock=monotonic
K230_CARD_BENCH v=1 run=156580336561 event=present frame_id=878 t_ns=179123233000 presented=1 clock=monotonic
K230_CARD_BENCH v=1 run=156580336561 event=present frame_id=877 t_ns=179104080000 presented=1 clock=monotonic
K230_CARD_BENCH v=1 run=156580336561 event=present frame_id=876 t_ns=179084927000 presented=1 clock=monotonic
K230_CARD_BENCH v=1 run=156580336561 event=present frame_id=875 t_ns=179065776000 presented=1 clock=monotonic
K230_CARD_BENCH v=1 run=156580336561 event=present frame_id=874 t_ns=179027470000 presented=1 clock=monotonic
K230_CARD_BENCH v=1 run=156580336561 event=present frame_id=873 t_ns=179008320000 presented=1 clock=monotonic
K230_CARD_BENCH v=1 run=156580336561 event=present frame_id=872 t_ns=178989168000 presented=1 clock=monotonic
K230_CARD_BENCH v=1 run=156580336561 event=present frame_id=871 t_ns=178970017000 presented=1 clock=monotonic
K230_CARD_BENCH v=1 run=156580336561 event=present frame_id=870 t_ns=178950866000 presented=1 clock=monotonic
K230_CARD_BENCH v=1 run=156580336561 event=present frame_id=869 t_ns=178931714000 presented=1 clock=monotonic
K230_CARD_BENCH v=1 run=156580336561 event=present frame_id=868 t_ns=178912563000 presented=1 clock=monotonic
K230_CARD_BENCH v=1 run=156580336561 event=resource phase=restored t_ns=178903370317 cpu_ns=19233158000 memory_bytes=24158208 scope=session
K230_CARD_BENCH v=1 run=156580336561 event=resource phase=restored t_ns=178903370317 cpu_ns=11540614417 memory_bytes=27176960 scope=compositor
K230_CARD_BENCH v=1 run=156580336561 event=present frame_id=867 t_ns=178893411000 presented=1 clock=monotonic
K230_CARD_BENCH v=1 run=156580336561 event=present frame_id=866 t_ns=178855108000 presented=1 clock=monotonic
K230_CARD_BENCH v=1 run=156580336561 event=present frame_id=865 t_ns=178835956000 presented=1 clock=monotonic
K230_CARD_BENCH v=1 run=156580336561 event=present frame_id=864 t_ns=178816805000 presented=1 clock=monotonic
K230_CARD_BENCH v=1 run=156580336561 event=present frame_id=863 t_ns=178797653000 presented=1 clock=monotonic
K230_CARD_BENCH v=1 run=156580336561 event=present frame_id=862 t_ns=178778501000 presented=1 clock=monotonic
K230_CARD_BENCH v=1 run=156580336561 event=present frame_id=861 t_ns=178759349000 presented=1 clock=monotonic
K230_CARD_BENCH v=1 run=156580336561 event=present frame_id=860 t_ns=178740198000 presented=1 clock=monotonic
K230_CARD_BENCH v=1 run=156580336561 event=present frame_id=859 t_ns=178701895000 presented=1 clock=monotonic
K230_CARD_BENCH v=1 run=156580336561 event=present frame_id=858 t_ns=178682743000 presented=1 clock=monotonic
K230_CARD_BENCH v=1 run=156580336561 event=present frame_id=857 t_ns=178663591000 presented=1 clock=monotonic
K230_CARD_BENCH v=1 run=156580336561 event=present frame_id=856 t_ns=178644440000 presented=1 clock=monotonic
K230_CARD_BENCH v=1 run=156580336561 event=present frame_id=855 t_ns=178625289000 presented=1 clock=monotonic
K230_CARD_BENCH v=1 run=156580336561 event=present frame_id=854 t_ns=178606137000 presented=1 clock=monotonic
K230_CARD_BENCH v=1 run=156580336561 event=present frame_id=853 t_ns=178586984000 presented=1 clock=monotonic
K230_CARD_BENCH v=1 run=156580336561 event=present frame_id=852 t_ns=178567833000 presented=1 clock=monotonic
K230_CARD_BENCH v=1 run=156580336561 event=present frame_id=851 t_ns=178529530000 presented=1 clock=monotonic
K230_CARD_BENCH v=1 run=156580336561 event=present frame_id=850 t_ns=178510378000 presented=1 clock=monotonic
K230_CARD_BENCH v=1 run=156580336561 event=present frame_id=849 t_ns=178491227000 presented=1 clock=monotonic
K230_CARD_BENCH v=1 run=156580336561 event=present frame_id=848 t_ns=178472077000 presented=1 clock=monotonic
K230_CARD_BENCH v=1 run=156580336561 event=present frame_id=847 t_ns=178452924000 presented=1 clock=monotonic
K230_CARD_BENCH v=1 run=156580336561 event=present frame_id=846 t_ns=178433772000 presented=1 clock=monotonic
K230_CARD_BENCH v=1 run=156580336561 event=present frame_id=845 t_ns=178414621000 presented=1 clock=monotonic
K230_CARD_BENCH v=1 run=156580336561 event=present frame_id=844 t_ns=178395469000 presented=1 clock=monotonic
K230_CARD_BENCH v=1 run=156580336561 event=present frame_id=843 t_ns=178376317000 presented=1 clock=monotonic
K230_CARD_BENCH v=1 run=156580336561 event=present frame_id=842 t_ns=178338013000 presented=1 clock=monotonic
K230_CARD_BENCH v=1 run=156580336561 event=present frame_id=841 t_ns=178318862000 presented=1 clock=monotonic
K230_CARD_BENCH v=1 run=156580336561 event=present frame_id=840 t_ns=178299711000 presented=1 clock=monotonic
K230_CARD_BENCH v=1 run=156580336561 event=present frame_id=839 t_ns=178280559000 presented=1 clock=monotonic
K230_CARD_BENCH v=1 run=156580336561 event=present frame_id=838 t_ns=178261408000 presented=1 clock=monotonic
K230_CARD_BENCH v=1 run=156580336561 event=present frame_id=837 t_ns=178242256000 presented=1 clock=monotonic
K230_CARD_BENCH v=1 run=156580336561 event=present frame_id=836 t_ns=178203953000 presented=1 clock=monotonic
K230_CARD_BENCH v=1 run=156580336561 event=present frame_id=835 t_ns=178184801000 presented=1 clock=monotonic
K230_CARD_BENCH v=1 run=156580336561 event=present frame_id=834 t_ns=178165649000 presented=1 clock=monotonic
K230_CARD_BENCH v=1 run=156580336561 event=present frame_id=833 t_ns=178146497000 presented=1 clock=monotonic
K230_CARD_BENCH v=1 run=156580336561 event=present frame_id=832 t_ns=178127346000 presented=1 clock=monotonic
K230_CARD_BENCH v=1 run=156580336561 event=present frame_id=831 t_ns=178108195000 presented=1 clock=monotonic
K230_CARD_BENCH v=1 run=156580336561 event=present frame_id=830 t_ns=178089043000 presented=1 clock=monotonic
K230_CARD_BENCH v=1 run=156580336561 event=present frame_id=829 t_ns=178069891000 presented=1 clock=monotonic
K230_CARD_BENCH v=1 run=156580336561 event=present frame_id=828 t_ns=178050740000 presented=1 clock=monotonic
K230_CARD_BENCH v=1 run=156580336561 event=present frame_id=827 t_ns=178012436000 presented=1 clock=monotonic
K230_CARD_BENCH v=1 run=156580336561 event=present frame_id=826 t_ns=177993285000 presented=1 clock=monotonic
K230_CARD_BENCH v=1 run=156580336561 event=present frame_id=825 t_ns=177974134000 presented=1 clock=monotonic
K230_CARD_BENCH v=1 run=156580336561 event=present frame_id=824 t_ns=177954983000 presented=1 clock=monotonic
K230_CARD_BENCH v=1 run=156580336561 event=present frame_id=823 t_ns=177935831000 presented=1 clock=monotonic
K230_CARD_BENCH v=1 run=156580336561 event=present frame_id=822 t_ns=177916681000 presented=1 clock=monotonic
K230_CARD_BENCH v=1 run=156580336561 event=present frame_id=821 t_ns=177897530000 presented=1 clock=monotonic
K230_CARD_BENCH v=1 run=156580336561 event=resource phase=restored t_ns=177888309123 cpu_ns=18342936000 memory_bytes=24158208 scope=session
K230_CARD_BENCH v=1 run=156580336561 event=resource phase=restored t_ns=177888309123 cpu_ns=11108049392 memory_bytes=27176960 scope=compositor
K230_CARD_BENCH v=1 run=156580336561 event=present frame_id=820 t_ns=177878377000 presented=1 clock=monotonic
K230_CARD_BENCH v=1 run=156580336561 event=present frame_id=819 t_ns=177840081000 presented=1 clock=monotonic
K230_CARD_BENCH v=1 run=156580336561 event=present frame_id=818 t_ns=177820923000 presented=1 clock=monotonic
K230_CARD_BENCH v=1 run=156580336561 event=present frame_id=817 t_ns=177801772000 presented=1 clock=monotonic
K230_CARD_BENCH v=1 run=156580336561 event=present frame_id=816 t_ns=177782620000 presented=1 clock=monotonic
K230_CARD_BENCH v=1 run=156580336561 event=present frame_id=815 t_ns=177763469000 presented=1 clock=monotonic
K230_CARD_BENCH v=1 run=156580336561 event=present frame_id=814 t_ns=177744318000 presented=1 clock=monotonic
K230_CARD_BENCH v=1 run=156580336561 event=present frame_id=813 t_ns=177725166000 presented=1 clock=monotonic
K230_CARD_BENCH v=1 run=156580336561 event=present frame_id=812 t_ns=177686864000 presented=1 clock=monotonic
K230_CARD_BENCH v=1 run=156580336561 event=present frame_id=811 t_ns=177667712000 presented=1 clock=monotonic
K230_CARD_BENCH v=1 run=156580336561 event=present frame_id=810 t_ns=177648561000 presented=1 clock=monotonic
K230_CARD_BENCH v=1 run=156580336561 event=present frame_id=809 t_ns=177629409000 presented=1 clock=monotonic
K230_CARD_BENCH v=1 run=156580336561 event=present frame_id=808 t_ns=177610259000 presented=1 clock=monotonic
K230_CARD_BENCH v=1 run=156580336561 event=present frame_id=807 t_ns=177591107000 presented=1 clock=monotonic
K230_CARD_BENCH v=1 run=156580336561 event=present frame_id=806 t_ns=177571954000 presented=1 clock=monotonic
K230_CARD_BENCH v=1 run=156580336561 event=present frame_id=805 t_ns=177552805000 presented=1 clock=monotonic
K230_CARD_BENCH v=1 run=156580336561 event=present frame_id=804 t_ns=177514501000 presented=1 clock=monotonic
K230_CARD_BENCH v=1 run=156580336561 event=present frame_id=803 t_ns=177495350000 presented=1 clock=monotonic
K230_CARD_BENCH v=1 run=156580336561 event=present frame_id=802 t_ns=177476201000 presented=1 clock=monotonic
K230_CARD_BENCH v=1 run=156580336561 event=present frame_id=801 t_ns=177457048000 presented=1 clock=monotonic
K230_CARD_BENCH v=1 run=156580336561 event=present frame_id=800 t_ns=177437896000 presented=1 clock=monotonic
K230_CARD_BENCH v=1 run=156580336561 event=present frame_id=799 t_ns=177418745000 presented=1 clock=monotonic
K230_CARD_BENCH v=1 run=156580336561 event=present frame_id=798 t_ns=177399593000 presented=1 clock=monotonic
K230_CARD_BENCH v=1 run=156580336561 event=present frame_id=797 t_ns=177380441000 presented=1 clock=monotonic
K230_CARD_BENCH v=1 run=156580336561 event=present frame_id=796 t_ns=177361291000 presented=1 clock=monotonic
K230_CARD_BENCH v=1 run=156580336561 event=present frame_id=795 t_ns=177322987000 presented=1 clock=monotonic
K230_CARD_BENCH v=1 run=156580336561 event=present frame_id=794 t_ns=177303835000 presented=1 clock=monotonic
K230_CARD_BENCH v=1 run=156580336561 event=present frame_id=793 t_ns=177284685000 presented=1 clock=monotonic
K230_CARD_BENCH v=1 run=156580336561 event=present frame_id=792 t_ns=177265534000 presented=1 clock=monotonic
K230_CARD_BENCH v=1 run=156580336561 event=present frame_id=791 t_ns=177246382000 presented=1 clock=monotonic
K230_CARD_BENCH v=1 run=156580336561 event=present frame_id=790 t_ns=177227231000 presented=1 clock=monotonic
K230_CARD_BENCH v=1 run=156580336561 event=present frame_id=789 t_ns=177208080000 presented=1 clock=monotonic
K230_CARD_BENCH v=1 run=156580336561 event=present frame_id=788 t_ns=177188928000 presented=1 clock=monotonic
K230_CARD_BENCH v=1 run=156580336561 event=present frame_id=787 t_ns=177150625000 presented=1 clock=monotonic
K230_CARD_BENCH v=1 run=156580336561 event=present frame_id=786 t_ns=177131474000 presented=1 clock=monotonic
K230_CARD_BENCH v=1 run=156580336561 event=present frame_id=785 t_ns=177112322000 presented=1 clock=monotonic
K230_CARD_BENCH v=1 run=156580336561 event=present frame_id=784 t_ns=177093172000 presented=1 clock=monotonic
K230_CARD_BENCH v=1 run=156580336561 event=present frame_id=783 t_ns=177074021000 presented=1 clock=monotonic
K230_CARD_BENCH v=1 run=156580336561 event=present frame_id=782 t_ns=177054869000 presented=1 clock=monotonic
K230_CARD_BENCH v=1 run=156580336561 event=present frame_id=781 t_ns=177035718000 presented=1 clock=monotonic
K230_CARD_BENCH v=1 run=156580336561 event=present frame_id=780 t_ns=177016566000 presented=1 clock=monotonic
K230_CARD_BENCH v=1 run=156580336561 event=present frame_id=779 t_ns=176997415000 presented=1 clock=monotonic
K230_CARD_BENCH v=1 run=156580336561 event=present frame_id=778 t_ns=176959117000 presented=1 clock=monotonic
K230_CARD_BENCH v=1 run=156580336561 event=present frame_id=777 t_ns=176939961000 presented=1 clock=monotonic
K230_CARD_BENCH v=1 run=156580336561 event=present frame_id=776 t_ns=176920810000 presented=1 clock=monotonic
K230_CARD_BENCH v=1 run=156580336561 event=present frame_id=775 t_ns=176901659000 presented=1 clock=monotonic
K230_CARD_BENCH v=1 run=156580336561 event=present frame_id=774 t_ns=176882509000 presented=1 clock=monotonic
K230_CARD_BENCH v=1 run=156580336561 event=resource phase=restored t_ns=176880129947 cpu_ns=17458636000 memory_bytes=24158208 scope=session
K230_CARD_BENCH v=1 run=156580336561 event=resource phase=restored t_ns=176880129947 cpu_ns=10676955981 memory_bytes=27176960 scope=compositor
K230_CARD_BENCH v=1 run=156580336561 event=present frame_id=773 t_ns=176863357000 presented=1 clock=monotonic
K230_CARD_BENCH v=1 run=156580336561 event=present frame_id=772 t_ns=176844206000 presented=1 clock=monotonic
K230_CARD_BENCH v=1 run=156580336561 event=present frame_id=771 t_ns=176825055000 presented=1 clock=monotonic
K230_CARD_BENCH v=1 run=156580336561 event=present frame_id=770 t_ns=176786759000 presented=1 clock=monotonic
K230_CARD_BENCH v=1 run=156580336561 event=present frame_id=769 t_ns=176767601000 presented=1 clock=monotonic
K230_CARD_BENCH v=1 run=156580336561 event=present frame_id=768 t_ns=176748450000 presented=1 clock=monotonic
K230_CARD_BENCH v=1 run=156580336561 event=present frame_id=767 t_ns=176729299000 presented=1 clock=monotonic
K230_CARD_BENCH v=1 run=156580336561 event=present frame_id=766 t_ns=176710149000 presented=1 clock=monotonic
K230_CARD_BENCH v=1 run=156580336561 event=present frame_id=765 t_ns=176690998000 presented=1 clock=monotonic
K230_CARD_BENCH v=1 run=156580336561 event=present frame_id=764 t_ns=176671847000 presented=1 clock=monotonic
K230_CARD_BENCH v=1 run=156580336561 event=present frame_id=763 t_ns=176652695000 presented=1 clock=monotonic
K230_CARD_BENCH v=1 run=156580336561 event=present frame_id=762 t_ns=176633544000 presented=1 clock=monotonic
K230_CARD_BENCH v=1 run=156580336561 event=present frame_id=761 t_ns=176595243000 presented=1 clock=monotonic
K230_CARD_BENCH v=1 run=156580336561 event=present frame_id=760 t_ns=176576097000 presented=1 clock=monotonic
K230_CARD_BENCH v=1 run=156580336561 event=present frame_id=759 t_ns=176556938000 presented=1 clock=monotonic
K230_CARD_BENCH v=1 run=156580336561 event=present frame_id=758 t_ns=176537789000 presented=1 clock=monotonic
K230_CARD_BENCH v=1 run=156580336561 event=present frame_id=757 t_ns=176518638000 presented=1 clock=monotonic
K230_CARD_BENCH v=1 run=156580336561 event=present frame_id=756 t_ns=176499487000 presented=1 clock=monotonic
K230_CARD_BENCH v=1 run=156580336561 event=present frame_id=755 t_ns=176480335000 presented=1 clock=monotonic
K230_CARD_BENCH v=1 run=156580336561 event=present frame_id=754 t_ns=176461184000 presented=1 clock=monotonic
K230_CARD_BENCH v=1 run=156580336561 event=present frame_id=753 t_ns=176422882000 presented=1 clock=monotonic
K230_CARD_BENCH v=1 run=156580336561 event=present frame_id=752 t_ns=176403731000 presented=1 clock=monotonic
K230_CARD_BENCH v=1 run=156580336561 event=present frame_id=751 t_ns=176384580000 presented=1 clock=monotonic
K230_CARD_BENCH v=1 run=156580336561 event=present frame_id=750 t_ns=176365429000 presented=1 clock=monotonic
K230_CARD_BENCH v=1 run=156580336561 event=present frame_id=749 t_ns=176346278000 presented=1 clock=monotonic
K230_CARD_BENCH v=1 run=156580336561 event=present frame_id=748 t_ns=176327128000 presented=1 clock=monotonic
K230_CARD_BENCH v=1 run=156580336561 event=present frame_id=747 t_ns=176307976000 presented=1 clock=monotonic
K230_CARD_BENCH v=1 run=156580336561 event=present frame_id=746 t_ns=176269672000 presented=1 clock=monotonic
K230_CARD_BENCH v=1 run=156580336561 event=present frame_id=745 t_ns=176250522000 presented=1 clock=monotonic
K230_CARD_BENCH v=1 run=156580336561 event=present frame_id=744 t_ns=176231371000 presented=1 clock=monotonic
K230_CARD_BENCH v=1 run=156580336561 event=present frame_id=743 t_ns=176212221000 presented=1 clock=monotonic
K230_CARD_BENCH v=1 run=156580336561 event=present frame_id=742 t_ns=176193069000 presented=1 clock=monotonic
K230_CARD_BENCH v=1 run=156580336561 event=present frame_id=741 t_ns=176173918000 presented=1 clock=monotonic
K230_CARD_BENCH v=1 run=156580336561 event=present frame_id=740 t_ns=176154767000 presented=1 clock=monotonic
K230_CARD_BENCH v=1 run=156580336561 event=present frame_id=739 t_ns=176135615000 presented=1 clock=monotonic
K230_CARD_BENCH v=1 run=156580336561 event=present frame_id=738 t_ns=176116466000 presented=1 clock=monotonic
K230_CARD_BENCH v=1 run=156580336561 event=present frame_id=737 t_ns=176078162000 presented=1 clock=monotonic
K230_CARD_BENCH v=1 run=156580336561 event=present frame_id=736 t_ns=176059009000 presented=1 clock=monotonic
K230_CARD_BENCH v=1 run=156580336561 event=present frame_id=735 t_ns=176039860000 presented=1 clock=monotonic
K230_CARD_BENCH v=1 run=156580336561 event=present frame_id=734 t_ns=176020709000 presented=1 clock=monotonic
K230_CARD_BENCH v=1 run=156580336561 event=present frame_id=733 t_ns=176001558000 presented=1 clock=monotonic
K230_CARD_BENCH v=1 run=156580336561 event=present frame_id=732 t_ns=175982408000 presented=1 clock=monotonic
K230_CARD_BENCH v=1 run=156580336561 event=present frame_id=731 t_ns=175963255000 presented=1 clock=monotonic
K230_CARD_BENCH v=1 run=156580336561 event=present frame_id=730 t_ns=175944106000 presented=1 clock=monotonic
K230_CARD_BENCH v=1 run=156580336561 event=present frame_id=729 t_ns=175905804000 presented=1 clock=monotonic
K230_CARD_BENCH v=1 run=156580336561 event=present frame_id=728 t_ns=175886653000 presented=1 clock=monotonic
K230_CARD_BENCH v=1 run=156580336561 event=present frame_id=727 t_ns=175867502000 presented=1 clock=monotonic
K230_CARD_BENCH v=1 run=156580336561 event=resource phase=restored t_ns=175864181654 cpu_ns=16568853000 memory_bytes=24158208 scope=session
K230_CARD_BENCH v=1 run=156580336561 event=resource phase=restored t_ns=175864181654 cpu_ns=10243922342 memory_bytes=27176960 scope=compositor
K230_CARD_BENCH v=1 run=156580336561 event=present frame_id=726 t_ns=175848352000 presented=1 clock=monotonic
K230_CARD_BENCH v=1 run=156580336561 event=present frame_id=725 t_ns=175829201000 presented=1 clock=monotonic
K230_CARD_BENCH v=1 run=156580336561 event=present frame_id=724 t_ns=175810050000 presented=1 clock=monotonic
K230_CARD_BENCH v=1 run=156580336561 event=present frame_id=723 t_ns=175790900000 presented=1 clock=monotonic
K230_CARD_BENCH v=1 run=156580336561 event=present frame_id=722 t_ns=175752597000 presented=1 clock=monotonic
K230_CARD_BENCH v=1 run=156580336561 event=present frame_id=721 t_ns=175733446000 presented=1 clock=monotonic
K230_CARD_BENCH v=1 run=156580336561 event=present frame_id=720 t_ns=175714296000 presented=1 clock=monotonic
K230_CARD_BENCH v=1 run=156580336561 event=present frame_id=719 t_ns=175695144000 presented=1 clock=monotonic
K230_CARD_BENCH v=1 run=156580336561 event=present frame_id=718 t_ns=175675995000 presented=1 clock=monotonic
K230_CARD_BENCH v=1 run=156580336561 event=present frame_id=717 t_ns=175656843000 presented=1 clock=monotonic
K230_CARD_BENCH v=1 run=156580336561 event=present frame_id=716 t_ns=175637693000 presented=1 clock=monotonic
K230_CARD_BENCH v=1 run=156580336561 event=present frame_id=715 t_ns=175618541000 presented=1 clock=monotonic
K230_CARD_BENCH v=1 run=156580336561 event=present frame_id=714 t_ns=175599391000 presented=1 clock=monotonic
K230_CARD_BENCH v=1 run=156580336561 event=present frame_id=713 t_ns=175561089000 presented=1 clock=monotonic
K230_CARD_BENCH v=1 run=156580336561 event=present frame_id=712 t_ns=175541938000 presented=1 clock=monotonic
K230_CARD_BENCH v=1 run=156580336561 event=present frame_id=711 t_ns=175522787000 presented=1 clock=monotonic
K230_CARD_BENCH v=1 run=156580336561 event=present frame_id=710 t_ns=175503637000 presented=1 clock=monotonic
K230_CARD_BENCH v=1 run=156580336561 event=present frame_id=709 t_ns=175484486000 presented=1 clock=monotonic
K230_CARD_BENCH v=1 run=156580336561 event=present frame_id=708 t_ns=175465335000 presented=1 clock=monotonic
K230_CARD_BENCH v=1 run=156580336561 event=present frame_id=707 t_ns=175446184000 presented=1 clock=monotonic
K230_CARD_BENCH v=1 run=156580336561 event=present frame_id=706 t_ns=175427034000 presented=1 clock=monotonic
K230_CARD_BENCH v=1 run=156580336561 event=present frame_id=705 t_ns=175407883000 presented=1 clock=monotonic
K230_CARD_BENCH v=1 run=156580336561 event=present frame_id=704 t_ns=175369581000 presented=1 clock=monotonic
K230_CARD_BENCH v=1 run=156580336561 event=present frame_id=703 t_ns=175350430000 presented=1 clock=monotonic
K230_CARD_BENCH v=1 run=156580336561 event=present frame_id=702 t_ns=175331279000 presented=1 clock=monotonic
K230_CARD_BENCH v=1 run=156580336561 event=present frame_id=701 t_ns=175312130000 presented=1 clock=monotonic
K230_CARD_BENCH v=1 run=156580336561 event=present frame_id=700 t_ns=175292978000 presented=1 clock=monotonic
K230_CARD_BENCH v=1 run=156580336561 event=present frame_id=699 t_ns=175273828000 presented=1 clock=monotonic
K230_CARD_BENCH v=1 run=156580336561 event=present frame_id=698 t_ns=175254676000 presented=1 clock=monotonic
K230_CARD_BENCH v=1 run=156580336561 event=present frame_id=697 t_ns=175216375000 presented=1 clock=monotonic
K230_CARD_BENCH v=1 run=156580336561 event=present frame_id=696 t_ns=175197222000 presented=1 clock=monotonic
K230_CARD_BENCH v=1 run=156580336561 event=present frame_id=695 t_ns=175178073000 presented=1 clock=monotonic
K230_CARD_BENCH v=1 run=156580336561 event=present frame_id=694 t_ns=175158920000 presented=1 clock=monotonic
K230_CARD_BENCH v=1 run=156580336561 event=present frame_id=693 t_ns=175139772000 presented=1 clock=monotonic
K230_CARD_BENCH v=1 run=156580336561 event=present frame_id=692 t_ns=175120621000 presented=1 clock=monotonic
K230_CARD_BENCH v=1 run=156580336561 event=present frame_id=691 t_ns=175101469000 presented=1 clock=monotonic
K230_CARD_BENCH v=1 run=156580336561 event=present frame_id=690 t_ns=175082318000 presented=1 clock=monotonic
K230_CARD_BENCH v=1 run=156580336561 event=present frame_id=689 t_ns=175063168000 presented=1 clock=monotonic
K230_CARD_BENCH v=1 run=156580336561 event=present frame_id=688 t_ns=175024866000 presented=1 clock=monotonic
K230_CARD_BENCH v=1 run=156580336561 event=present frame_id=687 t_ns=175005716000 presented=1 clock=monotonic
K230_CARD_BENCH v=1 run=156580336561 event=present frame_id=686 t_ns=174986564000 presented=1 clock=monotonic
K230_CARD_BENCH v=1 run=156580336561 event=present frame_id=685 t_ns=174967414000 presented=1 clock=monotonic
K230_CARD_BENCH v=1 run=156580336561 event=present frame_id=684 t_ns=174948264000 presented=1 clock=monotonic
K230_CARD_BENCH v=1 run=156580336561 event=present frame_id=683 t_ns=174929114000 presented=1 clock=monotonic
K230_CARD_BENCH v=1 run=156580336561 event=present frame_id=682 t_ns=174909962000 presented=1 clock=monotonic
K230_CARD_BENCH v=1 run=156580336561 event=present frame_id=681 t_ns=174890812000 presented=1 clock=monotonic
K230_CARD_BENCH v=1 run=156580336561 event=present frame_id=680 t_ns=174852512000 presented=1 clock=monotonic
K230_CARD_BENCH v=1 run=156580336561 event=resource phase=restored t_ns=174852694236 cpu_ns=15682865000 memory_bytes=24158208 scope=session
K230_CARD_BENCH v=1 run=156580336561 event=resource phase=restored t_ns=174852694236 cpu_ns=9811947194 memory_bytes=27176960 scope=compositor
K230_CARD_BENCH v=1 run=156580336561 event=present frame_id=679 t_ns=174833359000 presented=1 clock=monotonic
K230_CARD_BENCH v=1 run=156580336561 event=present frame_id=678 t_ns=174814210000 presented=1 clock=monotonic
K230_CARD_BENCH v=1 run=156580336561 event=present frame_id=677 t_ns=174795060000 presented=1 clock=monotonic
K230_CARD_SHELL frame-cost run=156580336561 frame_id=677 total_cpu_ns=10749661 render_cpu_ns=8845920 input_cpu_ns=1780112
K230_CARD_BENCH v=1 run=156580336561 event=submit input_id=515 frame_id=677 t_ns=174785785891 update_cpu_ns=10749661 final=1
K230_CARD_BENCH v=1 run=156580336561 event=present frame_id=676 t_ns=174775910000 presented=1 clock=monotonic
K230_CARD_BENCH v=1 run=156580336561 event=input input_id=515 gesture_id=26 kind=release t_ns=174762855435 source=injected
K230_CARD_SHELL restored focus=7 message=0
K230_CARD_SHELL mirror-release id=7
K230_CARD_SHELL mirror-release id=7
K230_CARD_BENCH v=1 run=156580336561 event=present frame_id=675 t_ns=174737608000 presented=1 clock=monotonic
K230_CARD_BENCH v=1 run=156580336561 event=present frame_id=674 t_ns=174718458000 presented=1 clock=monotonic
K230_CARD_BENCH v=1 run=156580336561 event=present frame_id=673 t_ns=174680158000 presented=1 clock=monotonic
K230_CARD_SHELL state mode=2 actions=1 message=0 cards=1
K230_CARD_BENCH v=1 run=156580336561 event=present frame_id=672 t_ns=174661008000 presented=1 clock=monotonic
K230_CARD_BENCH v=1 run=156580336561 event=present frame_id=671 t_ns=174622705000 presented=1 clock=monotonic
K230_CARD_BENCH v=1 run=156580336561 event=present frame_id=670 t_ns=174603554000 presented=1 clock=monotonic
K230_CARD_BENCH v=1 run=156580336561 event=present frame_id=669 t_ns=174565253000 presented=1 clock=monotonic
K230_CARD_BENCH v=1 run=156580336561 event=present frame_id=668 t_ns=174546103000 presented=1 clock=monotonic
K230_CARD_BENCH v=1 run=156580336561 event=present frame_id=667 t_ns=174507800000 presented=1 clock=monotonic
K230_CARD_BENCH v=1 run=156580336561 event=present frame_id=666 t_ns=174488651000 presented=1 clock=monotonic
K230_CARD_BENCH v=1 run=156580336561 event=present frame_id=665 t_ns=174450350000 presented=1 clock=monotonic
K230_CARD_BENCH v=1 run=156580336561 event=present frame_id=664 t_ns=174431199000 presented=1 clock=monotonic
K230_CARD_BENCH v=1 run=156580336561 event=present frame_id=663 t_ns=174392899000 presented=1 clock=monotonic
K230_CARD_SHELL frame-cost run=156580336561 frame_id=663 total_cpu_ns=15085756 render_cpu_ns=13937349 input_cpu_ns=649296
K230_CARD_BENCH v=1 run=156580336561 event=submit input_id=514 frame_id=663 t_ns=174388976227 update_cpu_ns=15085756 final=1
K230_CARD_BENCH v=1 run=156580336561 event=submit input_id=513 frame_id=663 t_ns=174388976227 update_cpu_ns=15085756 final=0
K230_CARD_BENCH v=1 run=156580336561 event=present frame_id=662 t_ns=174373748000 presented=1 clock=monotonic
K230_CARD_BENCH v=1 run=156580336561 event=input input_id=514 gesture_id=25 kind=release t_ns=174368238805 source=injected
K230_CARD_SHELL state mode=1 actions=1 message=0 cards=1
K230_CARD_BENCH v=1 run=156580336561 event=input input_id=513 gesture_id=25 kind=motion t_ns=174367587317 source=injected
K230_CARD_SHELL state mode=2 actions=1 message=0 cards=1
K230_CARD_SHELL frame-cost run=156580336561 frame_id=662 total_cpu_ns=14572959 render_cpu_ns=12454252 input_cpu_ns=1830818
K230_CARD_BENCH v=1 run=156580336561 event=submit input_id=512 frame_id=662 t_ns=174362682945 update_cpu_ns=14572959 final=0
K230_CARD_BENCH v=1 run=156580336561 event=submit input_id=511 frame_id=662 t_ns=174362682945 update_cpu_ns=14572959 final=0
K230_CARD_BENCH v=1 run=156580336561 event=submit input_id=510 frame_id=662 t_ns=174362682945 update_cpu_ns=14572959 final=0
K230_CARD_BENCH v=1 run=156580336561 event=submit input_id=509 frame_id=662 t_ns=174362682945 update_cpu_ns=14572959 final=0
K230_CARD_BENCH v=1 run=156580336561 event=submit input_id=508 frame_id=662 t_ns=174362682945 update_cpu_ns=14572959 final=0
K230_CARD_BENCH v=1 run=156580336561 event=submit input_id=507 frame_id=662 t_ns=174362682945 update_cpu_ns=14572959 final=0
K230_CARD_BENCH v=1 run=156580336561 event=present frame_id=661 t_ns=174335448000 presented=1 clock=monotonic
K230_CARD_BENCH v=1 run=156580336561 event=input input_id=512 gesture_id=25 kind=motion t_ns=174339484638 source=injected
K230_CARD_SHELL state mode=2 actions=1 message=0 cards=1
K230_CARD_BENCH v=1 run=156580336561 event=input input_id=511 gesture_id=25 kind=motion t_ns=174338099856 source=injected
K230_CARD_SHELL state mode=2 actions=1 message=0 cards=1
K230_CARD_BENCH v=1 run=156580336561 event=input input_id=510 gesture_id=25 kind=motion t_ns=174336509225 source=injected
K230_CARD_SHELL state mode=2 actions=1 message=0 cards=1
K230_CARD_BENCH v=1 run=156580336561 event=input input_id=509 gesture_id=25 kind=motion t_ns=174335080504 source=injected
K230_CARD_SHELL state mode=2 actions=1 message=0 cards=1
K230_CARD_BENCH v=1 run=156580336561 event=input input_id=508 gesture_id=25 kind=motion t_ns=174334672029 source=injected
K230_CARD_SHELL state mode=2 actions=1 message=0 cards=1
K230_CARD_BENCH v=1 run=156580336561 event=input input_id=507 gesture_id=25 kind=motion t_ns=174334227462 source=injected
K230_CARD_SHELL state mode=2 actions=1 message=0 cards=1
K230_CARD_BENCH v=1 run=156580336561 event=present frame_id=660 t_ns=174297145000 presented=1 clock=monotonic
K230_CARD_SHELL frame-cost run=156580336561 frame_id=660 total_cpu_ns=16047858 render_cpu_ns=14023525 input_cpu_ns=1732444
K230_CARD_BENCH v=1 run=156580336561 event=submit input_id=506 frame_id=660 t_ns=174296359310 update_cpu_ns=16047858 final=0
K230_CARD_BENCH v=1 run=156580336561 event=submit input_id=505 frame_id=660 t_ns=174296359310 update_cpu_ns=16047858 final=0
K230_CARD_BENCH v=1 run=156580336561 event=submit input_id=504 frame_id=660 t_ns=174296359310 update_cpu_ns=16047858 final=0
K230_CARD_BENCH v=1 run=156580336561 event=submit input_id=503 frame_id=660 t_ns=174296359310 update_cpu_ns=16047858 final=0
K230_CARD_BENCH v=1 run=156580336561 event=submit input_id=502 frame_id=660 t_ns=174296359310 update_cpu_ns=16047858 final=0
K230_CARD_BENCH v=1 run=156580336561 event=submit input_id=501 frame_id=660 t_ns=174296359310 update_cpu_ns=16047858 final=0
K230_CARD_BENCH v=1 run=156580336561 event=present frame_id=659 t_ns=174277996000 presented=1 clock=monotonic
K230_CARD_BENCH v=1 run=156580336561 event=input input_id=506 gesture_id=25 kind=motion t_ns=174271551013 source=injected
K230_CARD_SHELL state mode=2 actions=1 message=0 cards=1
K230_CARD_BENCH v=1 run=156580336561 event=input input_id=505 gesture_id=25 kind=motion t_ns=174268838380 source=injected
K230_CARD_SHELL state mode=2 actions=1 message=0 cards=1
K230_CARD_BENCH v=1 run=156580336561 event=input input_id=504 gesture_id=25 kind=motion t_ns=174267554282 source=injected
K230_CARD_SHELL state mode=2 actions=1 message=0 cards=1
K230_CARD_BENCH v=1 run=156580336561 event=input input_id=503 gesture_id=25 kind=motion t_ns=174267192262 source=injected
K230_CARD_SHELL state mode=2 actions=1 message=0 cards=1
K230_CARD_BENCH v=1 run=156580336561 event=input input_id=502 gesture_id=25 kind=motion t_ns=174265892469 source=injected
K230_CARD_SHELL state mode=2 actions=1 message=0 cards=1
K230_CARD_BENCH v=1 run=156580336561 event=input input_id=501 gesture_id=25 kind=motion t_ns=174265331227 source=injected
K230_CARD_SHELL state mode=2 actions=1 message=0 cards=1
K230_CARD_BENCH v=1 run=156580336561 event=present frame_id=658 t_ns=174239693000 presented=1 clock=monotonic
K230_CARD_SHELL frame-cost run=156580336561 frame_id=658 total_cpu_ns=15095582 render_cpu_ns=14228764 input_cpu_ns=720705
K230_CARD_BENCH v=1 run=156580336561 event=submit input_id=500 frame_id=658 t_ns=174236630844 update_cpu_ns=15095582 final=0
K230_CARD_BENCH v=1 run=156580336561 event=submit input_id=499 frame_id=658 t_ns=174236630844 update_cpu_ns=15095582 final=0
K230_CARD_BENCH v=1 run=156580336561 event=submit input_id=498 frame_id=658 t_ns=174236630844 update_cpu_ns=15095582 final=0
K230_CARD_BENCH v=1 run=156580336561 event=present frame_id=657 t_ns=174220544000 presented=1 clock=monotonic
K230_CARD_BENCH v=1 run=156580336561 event=input input_id=500 gesture_id=25 kind=motion t_ns=174214732367 source=injected
K230_CARD_SHELL state mode=2 actions=1 message=0 cards=1
K230_CARD_BENCH v=1 run=156580336561 event=input input_id=499 gesture_id=25 kind=motion t_ns=174214397221 source=injected
K230_CARD_SHELL state mode=2 actions=1 message=0 cards=1
K230_CARD_BENCH v=1 run=156580336561 event=input input_id=498 gesture_id=25 kind=motion t_ns=174212564467 source=injected
K230_CARD_SHELL state mode=2 actions=1 message=0 cards=1
K230_CARD_SHELL frame-cost run=156580336561 frame_id=657 total_cpu_ns=14809900 render_cpu_ns=14198196 input_cpu_ns=404222
K230_CARD_BENCH v=1 run=156580336561 event=submit input_id=497 frame_id=657 t_ns=174208700698 update_cpu_ns=14809900 final=0
K230_CARD_BENCH v=1 run=156580336561 event=submit input_id=496 frame_id=657 t_ns=174208700698 update_cpu_ns=14809900 final=0
K230_CARD_BENCH v=1 run=156580336561 event=present frame_id=656 t_ns=174182245000 presented=1 clock=monotonic
K230_CARD_BENCH v=1 run=156580336561 event=input input_id=497 gesture_id=25 kind=motion t_ns=174183464566 source=injected
K230_CARD_SHELL state mode=2 actions=1 message=0 cards=1
K230_CARD_BENCH v=1 run=156580336561 event=input input_id=496 gesture_id=25 kind=motion t_ns=174181408307 source=injected
K230_CARD_SHELL state mode=2 actions=1 message=0 cards=1
K230_CARD_SHELL frame-cost run=156580336561 frame_id=656 total_cpu_ns=14801214 render_cpu_ns=14029438 input_cpu_ns=635887
K230_CARD_BENCH v=1 run=156580336561 event=submit input_id=495 frame_id=656 t_ns=174179058138 update_cpu_ns=14801214 final=0
K230_CARD_BENCH v=1 run=156580336561 event=submit input_id=494 frame_id=656 t_ns=174179058138 update_cpu_ns=14801214 final=0
K230_CARD_BENCH v=1 run=156580336561 event=present frame_id=655 t_ns=174163092000 presented=1 clock=monotonic
K230_CARD_BENCH v=1 run=156580336561 event=input input_id=495 gesture_id=25 kind=motion t_ns=174161537180 source=injected
K230_CARD_SHELL state mode=2 actions=1 message=0 cards=1
K230_CARD_BENCH v=1 run=156580336561 event=input input_id=494 gesture_id=25 kind=motion t_ns=174154210012 source=injected
K230_CARD_SHELL state mode=2 actions=1 message=0 cards=1
K230_CARD_SHELL state mode=2 actions=1 message=0 cards=1
K230_CARD_BENCH v=1 run=156580336561 event=present frame_id=654 t_ns=174124791000 presented=1 clock=monotonic
K230_CARD_BENCH v=1 run=156580336561 event=present frame_id=653 t_ns=174105640000 presented=1 clock=monotonic
K230_CARD_BENCH v=1 run=156580336561 event=present frame_id=652 t_ns=174067338000 presented=1 clock=monotonic
K230_CARD_BENCH v=1 run=156580336561 event=present frame_id=651 t_ns=174048190000 presented=1 clock=monotonic
K230_CARD_BENCH v=1 run=156580336561 event=present frame_id=650 t_ns=174009888000 presented=1 clock=monotonic
K230_CARD_BENCH v=1 run=156580336561 event=present frame_id=649 t_ns=173990737000 presented=1 clock=monotonic
K230_CARD_BENCH v=1 run=156580336561 event=present frame_id=648 t_ns=173952436000 presented=1 clock=monotonic
K230_CARD_BENCH v=1 run=156580336561 event=present frame_id=647 t_ns=173933286000 presented=1 clock=monotonic
K230_CARD_BENCH v=1 run=156580336561 event=present frame_id=646 t_ns=173894986000 presented=1 clock=monotonic
K230_CARD_BENCH v=1 run=156580336561 event=present frame_id=645 t_ns=173875835000 presented=1 clock=monotonic
K230_CARD_BENCH v=1 run=156580336561 event=present frame_id=644 t_ns=173837537000 presented=1 clock=monotonic
K230_CARD_SHELL live cards=1 commits=482 sampled=952 frame-done=956 output-presented=478
K230_CARD_BENCH v=1 run=156580336561 event=resource phase=active t_ns=173837692418 cpu_ns=14970862000 memory_bytes=24195072 scope=session
K230_CARD_BENCH v=1 run=156580336561 event=resource phase=active t_ns=173837692418 cpu_ns=9287249198 memory_bytes=27176960 scope=compositor
K230_CARD_SHELL frame-cost run=156580336561 frame_id=644 total_cpu_ns=18171958 render_cpu_ns=14280331 input_cpu_ns=3501889
K230_CARD_BENCH v=1 run=156580336561 event=submit input_id=493 frame_id=644 t_ns=173836608485 update_cpu_ns=18171958 final=1
K230_CARD_BENCH v=1 run=156580336561 event=submit input_id=492 frame_id=644 t_ns=173836608485 update_cpu_ns=18171958 final=0
K230_CARD_BENCH v=1 run=156580336561 event=submit input_id=491 frame_id=644 t_ns=173836608485 update_cpu_ns=18171958 final=0
K230_CARD_BENCH v=1 run=156580336561 event=submit input_id=490 frame_id=644 t_ns=173836608485 update_cpu_ns=18171958 final=0
K230_CARD_BENCH v=1 run=156580336561 event=submit input_id=489 frame_id=644 t_ns=173836608485 update_cpu_ns=18171958 final=0
K230_CARD_BENCH v=1 run=156580336561 event=submit input_id=488 frame_id=644 t_ns=173836608485 update_cpu_ns=18171958 final=0
K230_CARD_BENCH v=1 run=156580336561 event=submit input_id=487 frame_id=644 t_ns=173836608485 update_cpu_ns=18171958 final=0
K230_CARD_BENCH v=1 run=156580336561 event=present frame_id=643 t_ns=173818386000 presented=1 clock=monotonic
K230_CARD_BENCH v=1 run=156580336561 event=input input_id=493 gesture_id=24 kind=release t_ns=173818357248 source=injected
K230_CARD_SHELL state mode=1 actions=1 message=0 cards=1
K230_CARD_BENCH v=1 run=156580336561 event=input input_id=492 gesture_id=24 kind=motion t_ns=173816885203 source=injected
K230_CARD_SHELL state mode=2 actions=1 message=0 cards=1
K230_CARD_BENCH v=1 run=156580336561 event=input input_id=491 gesture_id=24 kind=motion t_ns=173813693960 source=injected
K230_CARD_SHELL state mode=2 actions=1 message=0 cards=1
K230_CARD_BENCH v=1 run=156580336561 event=input input_id=490 gesture_id=24 kind=motion t_ns=173813085086 source=injected
K230_CARD_SHELL state mode=2 actions=1 message=0 cards=1
K230_CARD_BENCH v=1 run=156580336561 event=input input_id=489 gesture_id=24 kind=motion t_ns=173811656795 source=injected
K230_CARD_SHELL state mode=2 actions=1 message=0 cards=1
K230_CARD_BENCH v=1 run=156580336561 event=input input_id=488 gesture_id=24 kind=motion t_ns=173810267036 source=injected
K230_CARD_SHELL state mode=2 actions=1 message=0 cards=1
K230_CARD_BENCH v=1 run=156580336561 event=input input_id=487 gesture_id=24 kind=motion t_ns=173808313749 source=injected
K230_CARD_SHELL state mode=2 actions=1 message=0 cards=1
K230_CARD_BENCH v=1 run=156580336561 event=present frame_id=642 t_ns=173780086000 presented=1 clock=monotonic
K230_CARD_SHELL frame-cost run=156580336561 frame_id=642 total_cpu_ns=16348750 render_cpu_ns=14042972 input_cpu_ns=2024852
K230_CARD_BENCH v=1 run=156580336561 event=submit input_id=486 frame_id=642 t_ns=173776806818 update_cpu_ns=16348750 final=0
K230_CARD_BENCH v=1 run=156580336561 event=submit input_id=485 frame_id=642 t_ns=173776806818 update_cpu_ns=16348750 final=0
K230_CARD_BENCH v=1 run=156580336561 event=submit input_id=484 frame_id=642 t_ns=173776806818 update_cpu_ns=16348750 final=0
K230_CARD_BENCH v=1 run=156580336561 event=submit input_id=483 frame_id=642 t_ns=173776806818 update_cpu_ns=16348750 final=0
K230_CARD_BENCH v=1 run=156580336561 event=submit input_id=482 frame_id=642 t_ns=173776806818 update_cpu_ns=16348750 final=0
K230_CARD_BENCH v=1 run=156580336561 event=submit input_id=481 frame_id=642 t_ns=173776806818 update_cpu_ns=16348750 final=0
K230_CARD_BENCH v=1 run=156580336561 event=present frame_id=641 t_ns=173760934000 presented=1 clock=monotonic
K230_CARD_BENCH v=1 run=156580336561 event=input input_id=486 gesture_id=24 kind=motion t_ns=173757130436 source=injected
K230_CARD_SHELL state mode=2 actions=1 message=0 cards=1
K230_CARD_BENCH v=1 run=156580336561 event=input input_id=485 gesture_id=24 kind=motion t_ns=173754924220 source=injected
K230_CARD_SHELL state mode=2 actions=1 message=0 cards=1
K230_CARD_BENCH v=1 run=156580336561 event=input input_id=484 gesture_id=24 kind=motion t_ns=173754505016 source=injected
K230_CARD_SHELL state mode=2 actions=1 message=0 cards=1
K230_CARD_BENCH v=1 run=156580336561 event=input input_id=483 gesture_id=24 kind=motion t_ns=173753346162 source=injected
K230_CARD_SHELL state mode=2 actions=1 message=0 cards=1
K230_CARD_BENCH v=1 run=156580336561 event=input input_id=482 gesture_id=24 kind=motion t_ns=173752873026 source=injected
K230_CARD_SHELL state mode=2 actions=1 message=0 cards=1
K230_CARD_BENCH v=1 run=156580336561 event=input input_id=481 gesture_id=24 kind=motion t_ns=173751202466 source=injected
K230_CARD_SHELL state mode=2 actions=1 message=0 cards=1
K230_CARD_BENCH v=1 run=156580336561 event=present frame_id=640 t_ns=173722640000 presented=1 clock=monotonic
K230_CARD_SHELL frame-cost run=156580336561 frame_id=640 total_cpu_ns=15460763 render_cpu_ns=14134019 input_cpu_ns=1103259
K230_CARD_BENCH v=1 run=156580336561 event=submit input_id=480 frame_id=640 t_ns=173719590299 update_cpu_ns=15460763 final=0
K230_CARD_BENCH v=1 run=156580336561 event=submit input_id=479 frame_id=640 t_ns=173719590299 update_cpu_ns=15460763 final=0
K230_CARD_BENCH v=1 run=156580336561 event=submit input_id=478 frame_id=640 t_ns=173719590299 update_cpu_ns=15460763 final=0
K230_CARD_BENCH v=1 run=156580336561 event=submit input_id=477 frame_id=640 t_ns=173719590299 update_cpu_ns=15460763 final=0
K230_CARD_BENCH v=1 run=156580336561 event=present frame_id=639 t_ns=173703483000 presented=1 clock=monotonic
K230_CARD_BENCH v=1 run=156580336561 event=input input_id=480 gesture_id=24 kind=motion t_ns=173696969643 source=injected
K230_CARD_SHELL state mode=2 actions=1 message=0 cards=1
K230_CARD_BENCH v=1 run=156580336561 event=input input_id=479 gesture_id=24 kind=motion t_ns=173695485642 source=injected
K230_CARD_SHELL state mode=2 actions=1 message=0 cards=1
K230_CARD_BENCH v=1 run=156580336561 event=input input_id=478 gesture_id=24 kind=motion t_ns=173693591617 source=injected
K230_CARD_SHELL state mode=2 actions=1 message=0 cards=1
K230_CARD_BENCH v=1 run=156580336561 event=input input_id=477 gesture_id=24 kind=motion t_ns=173693306003 source=injected
K230_CARD_SHELL state mode=2 actions=1 message=0 cards=1
K230_CARD_SHELL frame-cost run=156580336561 frame_id=639 total_cpu_ns=14649255 render_cpu_ns=14067847 input_cpu_ns=411481
K230_CARD_BENCH v=1 run=156580336561 event=submit input_id=476 frame_id=639 t_ns=173692512791 update_cpu_ns=14649255 final=0
K230_CARD_BENCH v=1 run=156580336561 event=submit input_id=475 frame_id=639 t_ns=173692512791 update_cpu_ns=14649255 final=0
K230_CARD_BENCH v=1 run=156580336561 event=present frame_id=638 t_ns=173665182000 presented=1 clock=monotonic
K230_CARD_BENCH v=1 run=156580336561 event=input input_id=476 gesture_id=24 kind=motion t_ns=173666345872 source=injected
K230_CARD_SHELL state mode=2 actions=1 message=0 cards=1
K230_CARD_BENCH v=1 run=156580336561 event=input input_id=475 gesture_id=24 kind=motion t_ns=173663619658 source=injected
K230_CARD_SHELL state mode=2 actions=1 message=0 cards=1
K230_CARD_SHELL frame-cost run=156580336561 frame_id=638 total_cpu_ns=14749614 render_cpu_ns=14234689 input_cpu_ns=332407
K230_CARD_BENCH v=1 run=156580336561 event=submit input_id=474 frame_id=638 t_ns=173662824336 update_cpu_ns=14749614 final=0
K230_CARD_BENCH v=1 run=156580336561 event=submit input_id=473 frame_id=638 t_ns=173662824336 update_cpu_ns=14749614 final=0
K230_CARD_BENCH v=1 run=156580336561 event=present frame_id=637 t_ns=173646033000 presented=1 clock=monotonic
K230_CARD_BENCH v=1 run=156580336561 event=input input_id=474 gesture_id=24 kind=motion t_ns=173636671113 source=injected
K230_CARD_SHELL state mode=2 actions=1 message=0 cards=1
K230_CARD_BENCH v=1 run=156580336561 event=input input_id=473 gesture_id=24 kind=motion t_ns=173632462083 source=injected
K230_CARD_SHELL state mode=2 actions=1 message=0 cards=1
K230_CARD_SHELL state mode=2 actions=1 message=0 cards=1
K230_CARD_BENCH v=1 run=156580336561 event=present frame_id=636 t_ns=173607733000 presented=1 clock=monotonic
K230_CARD_BENCH v=1 run=156580336561 event=present frame_id=635 t_ns=173569432000 presented=1 clock=monotonic
K230_CARD_BENCH v=1 run=156580336561 event=present frame_id=634 t_ns=173550281000 presented=1 clock=monotonic
K230_CARD_BENCH v=1 run=156580336561 event=present frame_id=633 t_ns=173511979000 presented=1 clock=monotonic
K230_CARD_BENCH v=1 run=156580336561 event=present frame_id=632 t_ns=173492831000 presented=1 clock=monotonic
K230_CARD_BENCH v=1 run=156580336561 event=present frame_id=631 t_ns=173454529000 presented=1 clock=monotonic
K230_CARD_BENCH v=1 run=156580336561 event=present frame_id=630 t_ns=173435380000 presented=1 clock=monotonic
K230_CARD_BENCH v=1 run=156580336561 event=present frame_id=629 t_ns=173397079000 presented=1 clock=monotonic
K230_CARD_BENCH v=1 run=156580336561 event=present frame_id=628 t_ns=173377929000 presented=1 clock=monotonic
K230_CARD_BENCH v=1 run=156580336561 event=present frame_id=627 t_ns=173339633000 presented=1 clock=monotonic
K230_CARD_SHELL frame-cost run=156580336561 frame_id=627 total_cpu_ns=15818216 render_cpu_ns=14278027 input_cpu_ns=1321929
K230_CARD_BENCH v=1 run=156580336561 event=submit input_id=472 frame_id=627 t_ns=173336943602 update_cpu_ns=15818216 final=1
K230_CARD_BENCH v=1 run=156580336561 event=submit input_id=471 frame_id=627 t_ns=173336943602 update_cpu_ns=15818216 final=0
K230_CARD_BENCH v=1 run=156580336561 event=submit input_id=470 frame_id=627 t_ns=173336943602 update_cpu_ns=15818216 final=0
K230_CARD_BENCH v=1 run=156580336561 event=submit input_id=469 frame_id=627 t_ns=173336943602 update_cpu_ns=15818216 final=0
K230_CARD_BENCH v=1 run=156580336561 event=present frame_id=626 t_ns=173320479000 presented=1 clock=monotonic
K230_CARD_BENCH v=1 run=156580336561 event=input input_id=472 gesture_id=23 kind=release t_ns=173314611409 source=injected
K230_CARD_SHELL state mode=1 actions=1 message=0 cards=1
K230_CARD_BENCH v=1 run=156580336561 event=input input_id=471 gesture_id=23 kind=motion t_ns=173313002221 source=injected
K230_CARD_SHELL state mode=2 actions=1 message=0 cards=1
K230_CARD_BENCH v=1 run=156580336561 event=input input_id=470 gesture_id=23 kind=motion t_ns=173312574837 source=injected
K230_CARD_SHELL state mode=2 actions=1 message=0 cards=1
K230_CARD_BENCH v=1 run=156580336561 event=input input_id=469 gesture_id=23 kind=motion t_ns=173310653568 source=injected
K230_CARD_SHELL state mode=2 actions=1 message=0 cards=1
K230_CARD_BENCH v=1 run=156580336561 event=present frame_id=625 t_ns=173282180000 presented=1 clock=monotonic
K230_CARD_SHELL frame-cost run=156580336561 frame_id=625 total_cpu_ns=14883168 render_cpu_ns=12453983 input_cpu_ns=2125111
K230_CARD_BENCH v=1 run=156580336561 event=submit input_id=468 frame_id=625 t_ns=173277366695 update_cpu_ns=14883168 final=0
K230_CARD_BENCH v=1 run=156580336561 event=submit input_id=467 frame_id=625 t_ns=173277366695 update_cpu_ns=14883168 final=0
K230_CARD_BENCH v=1 run=156580336561 event=submit input_id=466 frame_id=625 t_ns=173277366695 update_cpu_ns=14883168 final=0
K230_CARD_BENCH v=1 run=156580336561 event=submit input_id=465 frame_id=625 t_ns=173277366695 update_cpu_ns=14883168 final=0
K230_CARD_BENCH v=1 run=156580336561 event=submit input_id=464 frame_id=625 t_ns=173277366695 update_cpu_ns=14883168 final=0
K230_CARD_BENCH v=1 run=156580336561 event=submit input_id=463 frame_id=625 t_ns=173277366695 update_cpu_ns=14883168 final=0
K230_CARD_BENCH v=1 run=156580336561 event=present frame_id=624 t_ns=173263028000 presented=1 clock=monotonic
K230_CARD_BENCH v=1 run=156580336561 event=input input_id=468 gesture_id=23 kind=motion t_ns=173260414158 source=injected
K230_CARD_SHELL state mode=2 actions=1 message=0 cards=1
K230_CARD_BENCH v=1 run=156580336561 event=input input_id=467 gesture_id=23 kind=motion t_ns=173257202482 source=injected
K230_CARD_SHELL state mode=2 actions=1 message=0 cards=1
K230_CARD_BENCH v=1 run=156580336561 event=input input_id=466 gesture_id=23 kind=motion t_ns=173256774579 source=injected
K230_CARD_SHELL state mode=2 actions=1 message=0 cards=1
K230_CARD_BENCH v=1 run=156580336561 event=input input_id=465 gesture_id=23 kind=motion t_ns=173255509934 source=injected
K230_CARD_SHELL state mode=2 actions=1 message=0 cards=1
K230_CARD_BENCH v=1 run=156580336561 event=input input_id=464 gesture_id=23 kind=motion t_ns=173254378731 source=injected
K230_CARD_SHELL state mode=2 actions=1 message=0 cards=1
K230_CARD_BENCH v=1 run=156580336561 event=input input_id=463 gesture_id=23 kind=motion t_ns=173252351634 source=injected
K230_CARD_SHELL state mode=2 actions=1 message=0 cards=1
K230_CARD_BENCH v=1 run=156580336561 event=present frame_id=623 t_ns=173224729000 presented=1 clock=monotonic
K230_CARD_SHELL frame-cost run=156580336561 frame_id=623 total_cpu_ns=15576528 render_cpu_ns=14093823 input_cpu_ns=1290558
K230_CARD_BENCH v=1 run=156580336561 event=submit input_id=462 frame_id=623 t_ns=173221498995 update_cpu_ns=15576528 final=0
K230_CARD_BENCH v=1 run=156580336561 event=submit input_id=461 frame_id=623 t_ns=173221498995 update_cpu_ns=15576528 final=0
K230_CARD_BENCH v=1 run=156580336561 event=submit input_id=460 frame_id=623 t_ns=173221498995 update_cpu_ns=15576528 final=0
K230_CARD_BENCH v=1 run=156580336561 event=submit input_id=459 frame_id=623 t_ns=173221498995 update_cpu_ns=15576528 final=0
K230_CARD_BENCH v=1 run=156580336561 event=present frame_id=622 t_ns=173205577000 presented=1 clock=monotonic
K230_CARD_BENCH v=1 run=156580336561 event=input input_id=462 gesture_id=23 kind=motion t_ns=173200514252 source=injected
K230_CARD_SHELL state mode=2 actions=1 message=0 cards=1
K230_CARD_BENCH v=1 run=156580336561 event=input input_id=461 gesture_id=23 kind=motion t_ns=173197567165 source=injected
K230_CARD_SHELL state mode=2 actions=1 message=0 cards=1
K230_CARD_BENCH v=1 run=156580336561 event=input input_id=460 gesture_id=23 kind=motion t_ns=173197198709 source=injected
K230_CARD_SHELL state mode=2 actions=1 message=0 cards=1
K230_CARD_BENCH v=1 run=156580336561 event=input input_id=459 gesture_id=23 kind=motion t_ns=173195755870 source=injected
K230_CARD_SHELL state mode=2 actions=1 message=0 cards=1
K230_CARD_SHELL frame-cost run=156580336561 frame_id=622 total_cpu_ns=14714129 render_cpu_ns=14098831 input_cpu_ns=446815
K230_CARD_BENCH v=1 run=156580336561 event=submit input_id=458 frame_id=622 t_ns=173194716244 update_cpu_ns=14714129 final=0
K230_CARD_BENCH v=1 run=156580336561 event=submit input_id=457 frame_id=622 t_ns=173194716244 update_cpu_ns=14714129 final=0
K230_CARD_BENCH v=1 run=156580336561 event=present frame_id=621 t_ns=173167278000 presented=1 clock=monotonic
K230_CARD_BENCH v=1 run=156580336561 event=input input_id=458 gesture_id=23 kind=motion t_ns=173170046466 source=injected
K230_CARD_SHELL state mode=2 actions=1 message=0 cards=1
K230_CARD_BENCH v=1 run=156580336561 event=input input_id=457 gesture_id=23 kind=motion t_ns=173166176020 source=injected
K230_CARD_SHELL state mode=2 actions=1 message=0 cards=1
K230_CARD_SHELL frame-cost run=156580336561 frame_id=621 total_cpu_ns=15117776 render_cpu_ns=14242555 input_cpu_ns=682260
K230_CARD_BENCH v=1 run=156580336561 event=submit input_id=456 frame_id=621 t_ns=173164368019 update_cpu_ns=15117776 final=0
K230_CARD_BENCH v=1 run=156580336561 event=submit input_id=455 frame_id=621 t_ns=173164368019 update_cpu_ns=15117776 final=0
K230_CARD_BENCH v=1 run=156580336561 event=submit input_id=454 frame_id=621 t_ns=173164368019 update_cpu_ns=15117776 final=0
K230_CARD_BENCH v=1 run=156580336561 event=present frame_id=620 t_ns=173148127000 presented=1 clock=monotonic
K230_CARD_BENCH v=1 run=156580336561 event=input input_id=456 gesture_id=23 kind=motion t_ns=173142655361 source=injected
K230_CARD_SHELL state mode=2 actions=1 message=0 cards=1
K230_CARD_BENCH v=1 run=156580336561 event=input input_id=455 gesture_id=23 kind=motion t_ns=173141270451 source=injected
K230_CARD_SHELL state mode=2 actions=1 message=0 cards=1
K230_CARD_BENCH v=1 run=156580336561 event=input input_id=454 gesture_id=23 kind=motion t_ns=173140759744 source=injected
K230_CARD_SHELL state mode=2 actions=1 message=0 cards=1
K230_CARD_SHELL frame-cost run=156580336561 frame_id=620 total_cpu_ns=14826285 render_cpu_ns=14074544 input_cpu_ns=534964
K230_CARD_BENCH v=1 run=156580336561 event=submit input_id=453 frame_id=620 t_ns=173137099362 update_cpu_ns=14826285 final=0
K230_CARD_BENCH v=1 run=156580336561 event=submit input_id=452 frame_id=620 t_ns=173137099362 update_cpu_ns=14826285 final=0
K230_CARD_BENCH v=1 run=156580336561 event=present frame_id=619 t_ns=173109826000 presented=1 clock=monotonic
K230_CARD_BENCH v=1 run=156580336561 event=input input_id=453 gesture_id=23 kind=motion t_ns=173111673536 source=injected
K230_CARD_SHELL state mode=2 actions=1 message=0 cards=1
K230_CARD_BENCH v=1 run=156580336561 event=input input_id=452 gesture_id=23 kind=motion t_ns=173108277040 source=injected
K230_CARD_SHELL state mode=2 actions=1 message=0 cards=1
K230_CARD_BENCH v=1 run=156580336561 event=present frame_id=618 t_ns=173090675000 presented=1 clock=monotonic
K230_CARD_SHELL state mode=2 actions=1 message=0 cards=1
K230_CARD_BENCH v=1 run=156580336561 event=present frame_id=617 t_ns=173052375000 presented=1 clock=monotonic
K230_CARD_BENCH v=1 run=156580336561 event=present frame_id=616 t_ns=173033225000 presented=1 clock=monotonic
K230_CARD_BENCH v=1 run=156580336561 event=present frame_id=615 t_ns=172994923000 presented=1 clock=monotonic
K230_CARD_BENCH v=1 run=156580336561 event=present frame_id=614 t_ns=172975774000 presented=1 clock=monotonic
K230_CARD_BENCH v=1 run=156580336561 event=present frame_id=613 t_ns=172937475000 presented=1 clock=monotonic
K230_CARD_BENCH v=1 run=156580336561 event=present frame_id=612 t_ns=172918325000 presented=1 clock=monotonic
K230_CARD_BENCH v=1 run=156580336561 event=present frame_id=611 t_ns=172880044000 presented=1 clock=monotonic
K230_CARD_BENCH v=1 run=156580336561 event=present frame_id=610 t_ns=172860875000 presented=1 clock=monotonic
K230_CARD_BENCH v=1 run=156580336561 event=present frame_id=609 t_ns=172822574000 presented=1 clock=monotonic
K230_CARD_BENCH v=1 run=156580336561 event=resource phase=active t_ns=172822776256 cpu_ns=14252959000 memory_bytes=24158208 scope=session
K230_CARD_BENCH v=1 run=156580336561 event=resource phase=active t_ns=172822776256 cpu_ns=8744680104 memory_bytes=27176960 scope=compositor
K230_CARD_BENCH v=1 run=156580336561 event=present frame_id=608 t_ns=172803425000 presented=1 clock=monotonic
K230_CARD_SHELL frame-cost run=156580336561 frame_id=608 total_cpu_ns=15672558 render_cpu_ns=14138451 input_cpu_ns=1288924
K230_CARD_BENCH v=1 run=156580336561 event=submit input_id=451 frame_id=608 t_ns=172793535188 update_cpu_ns=15672558 final=1
K230_CARD_BENCH v=1 run=156580336561 event=submit input_id=450 frame_id=608 t_ns=172793535188 update_cpu_ns=15672558 final=0
K230_CARD_BENCH v=1 run=156580336561 event=submit input_id=449 frame_id=608 t_ns=172793535188 update_cpu_ns=15672558 final=0
K230_CARD_BENCH v=1 run=156580336561 event=present frame_id=607 t_ns=172765132000 presented=1 clock=monotonic
K230_CARD_BENCH v=1 run=156580336561 event=input input_id=451 gesture_id=22 kind=release t_ns=172772214267 source=injected
K230_CARD_SHELL state mode=1 actions=1 message=0 cards=1
K230_CARD_BENCH v=1 run=156580336561 event=input input_id=450 gesture_id=22 kind=motion t_ns=172766316853 source=injected
K230_CARD_SHELL state mode=2 actions=1 message=0 cards=1
K230_CARD_BENCH v=1 run=156580336561 event=input input_id=449 gesture_id=22 kind=motion t_ns=172765638475 source=injected
K230_CARD_SHELL state mode=2 actions=1 message=0 cards=1
K230_CARD_SHELL frame-cost run=156580336561 frame_id=607 total_cpu_ns=15409283 render_cpu_ns=12193058 input_cpu_ns=2886967
K230_CARD_BENCH v=1 run=156580336561 event=submit input_id=448 frame_id=607 t_ns=172760699163 update_cpu_ns=15409283 final=0
K230_CARD_BENCH v=1 run=156580336561 event=submit input_id=447 frame_id=607 t_ns=172760699163 update_cpu_ns=15409283 final=0
K230_CARD_BENCH v=1 run=156580336561 event=submit input_id=446 frame_id=607 t_ns=172760699163 update_cpu_ns=15409283 final=0
K230_CARD_BENCH v=1 run=156580336561 event=submit input_id=445 frame_id=607 t_ns=172760699163 update_cpu_ns=15409283 final=0
K230_CARD_BENCH v=1 run=156580336561 event=submit input_id=444 frame_id=607 t_ns=172760699163 update_cpu_ns=15409283 final=0
K230_CARD_BENCH v=1 run=156580336561 event=submit input_id=443 frame_id=607 t_ns=172760699163 update_cpu_ns=15409283 final=0
K230_CARD_BENCH v=1 run=156580336561 event=present frame_id=606 t_ns=172745979000 presented=1 clock=monotonic
K230_CARD_BENCH v=1 run=156580336561 event=input input_id=448 gesture_id=22 kind=motion t_ns=172746062638 source=injected
K230_CARD_SHELL state mode=2 actions=1 message=0 cards=1
K230_CARD_BENCH v=1 run=156580336561 event=input input_id=447 gesture_id=22 kind=motion t_ns=172742929151 source=injected
K230_CARD_SHELL state mode=2 actions=1 message=0 cards=1
K230_CARD_BENCH v=1 run=156580336561 event=input input_id=446 gesture_id=22 kind=motion t_ns=172741420817 source=injected
K230_CARD_SHELL state mode=2 actions=1 message=0 cards=1
K230_CARD_BENCH v=1 run=156580336561 event=input input_id=445 gesture_id=22 kind=motion t_ns=172740662412 source=injected
K230_CARD_SHELL state mode=2 actions=1 message=0 cards=1
K230_CARD_BENCH v=1 run=156580336561 event=input input_id=444 gesture_id=22 kind=motion t_ns=172738651486 source=injected
K230_CARD_SHELL state mode=2 actions=1 message=0 cards=1
K230_CARD_BENCH v=1 run=156580336561 event=input input_id=443 gesture_id=22 kind=motion t_ns=172736520001 source=injected
K230_CARD_SHELL state mode=2 actions=1 message=0 cards=1
K230_CARD_BENCH v=1 run=156580336561 event=present frame_id=605 t_ns=172707678000 presented=1 clock=monotonic
K230_CARD_SHELL frame-cost run=156580336561 frame_id=605 total_cpu_ns=15819824 render_cpu_ns=14208341 input_cpu_ns=1369150
K230_CARD_BENCH v=1 run=156580336561 event=submit input_id=442 frame_id=605 t_ns=172704551613 update_cpu_ns=15819824 final=0
K230_CARD_BENCH v=1 run=156580336561 event=submit input_id=441 frame_id=605 t_ns=172704551613 update_cpu_ns=15819824 final=0
K230_CARD_BENCH v=1 run=156580336561 event=submit input_id=440 frame_id=605 t_ns=172704551613 update_cpu_ns=15819824 final=0
K230_CARD_BENCH v=1 run=156580336561 event=submit input_id=439 frame_id=605 t_ns=172704551613 update_cpu_ns=15819824 final=0
K230_CARD_BENCH v=1 run=156580336561 event=present frame_id=604 t_ns=172688525000 presented=1 clock=monotonic
K230_CARD_BENCH v=1 run=156580336561 event=input input_id=442 gesture_id=22 kind=motion t_ns=172685456974 source=injected
K230_CARD_SHELL state mode=2 actions=1 message=0 cards=1
K230_CARD_BENCH v=1 run=156580336561 event=input input_id=441 gesture_id=22 kind=motion t_ns=172680453588 source=injected
K230_CARD_SHELL state mode=2 actions=1 message=0 cards=1
K230_CARD_BENCH v=1 run=156580336561 event=input input_id=440 gesture_id=22 kind=motion t_ns=172679987899 source=injected
K230_CARD_SHELL state mode=2 actions=1 message=0 cards=1
K230_CARD_BENCH v=1 run=156580336561 event=input input_id=439 gesture_id=22 kind=motion t_ns=172678282016 source=injected
K230_CARD_SHELL state mode=2 actions=1 message=0 cards=1
K230_CARD_SHELL frame-cost run=156580336561 frame_id=604 total_cpu_ns=14786907 render_cpu_ns=14076314 input_cpu_ns=535481
K230_CARD_BENCH v=1 run=156580336561 event=submit input_id=438 frame_id=604 t_ns=172677502031 update_cpu_ns=14786907 final=0
K230_CARD_BENCH v=1 run=156580336561 event=submit input_id=437 frame_id=604 t_ns=172677502031 update_cpu_ns=14786907 final=0
K230_CARD_BENCH v=1 run=156580336561 event=present frame_id=603 t_ns=172650227000 presented=1 clock=monotonic
K230_CARD_BENCH v=1 run=156580336561 event=input input_id=438 gesture_id=22 kind=motion t_ns=172652249686 source=injected
K230_CARD_SHELL state mode=2 actions=1 message=0 cards=1
K230_CARD_BENCH v=1 run=156580336561 event=input input_id=437 gesture_id=22 kind=motion t_ns=172648327219 source=injected
K230_CARD_SHELL state mode=2 actions=1 message=0 cards=1
K230_CARD_SHELL frame-cost run=156580336561 frame_id=603 total_cpu_ns=15523507 render_cpu_ns=14184841 input_cpu_ns=1049925
K230_CARD_BENCH v=1 run=156580336561 event=submit input_id=436 frame_id=603 t_ns=172647382739 update_cpu_ns=15523507 final=0
K230_CARD_BENCH v=1 run=156580336561 event=submit input_id=435 frame_id=603 t_ns=172647382739 update_cpu_ns=15523507 final=0
K230_CARD_BENCH v=1 run=156580336561 event=submit input_id=434 frame_id=603 t_ns=172647382739 update_cpu_ns=15523507 final=0
K230_CARD_BENCH v=1 run=156580336561 event=submit input_id=433 frame_id=603 t_ns=172647382739 update_cpu_ns=15523507 final=0
K230_CARD_BENCH v=1 run=156580336561 event=present frame_id=602 t_ns=172631076000 presented=1 clock=monotonic
K230_CARD_BENCH v=1 run=156580336561 event=input input_id=436 gesture_id=22 kind=motion t_ns=172625472277 source=injected
K230_CARD_SHELL state mode=2 actions=1 message=0 cards=1
K230_CARD_BENCH v=1 run=156580336561 event=input input_id=435 gesture_id=22 kind=motion t_ns=172623449209 source=injected
K230_CARD_SHELL state mode=2 actions=1 message=0 cards=1
K230_CARD_BENCH v=1 run=156580336561 event=input input_id=434 gesture_id=22 kind=motion t_ns=172622253803 source=injected
K230_CARD_SHELL state mode=2 actions=1 message=0 cards=1
K230_CARD_BENCH v=1 run=156580336561 event=input input_id=433 gesture_id=22 kind=motion t_ns=172621913114 source=injected
K230_CARD_SHELL state mode=2 actions=1 message=0 cards=1
K230_CARD_SHELL frame-cost run=156580336561 frame_id=602 total_cpu_ns=14724546 render_cpu_ns=14169584 input_cpu_ns=366370
K230_CARD_BENCH v=1 run=156580336561 event=submit input_id=432 frame_id=602 t_ns=172618836298 update_cpu_ns=14724546 final=0
K230_CARD_BENCH v=1 run=156580336561 event=submit input_id=431 frame_id=602 t_ns=172618836298 update_cpu_ns=14724546 final=0
K230_CARD_BENCH v=1 run=156580336561 event=present frame_id=601 t_ns=172592778000 presented=1 clock=monotonic
K230_CARD_BENCH v=1 run=156580336561 event=input input_id=432 gesture_id=22 kind=motion t_ns=172592286199 source=injected
K230_CARD_SHELL state mode=2 actions=1 message=0 cards=1
K230_CARD_BENCH v=1 run=156580336561 event=input input_id=431 gesture_id=22 kind=motion t_ns=172590280603 source=injected
K230_CARD_SHELL state mode=2 actions=1 message=0 cards=1
K230_CARD_BENCH v=1 run=156580336561 event=present frame_id=600 t_ns=172573626000 presented=1 clock=monotonic
K230_CARD_SHELL state mode=2 actions=1 message=0 cards=1
K230_CARD_BENCH v=1 run=156580336561 event=present frame_id=599 t_ns=172535325000 presented=1 clock=monotonic
K230_CARD_BENCH v=1 run=156580336561 event=present frame_id=598 t_ns=172516176000 presented=1 clock=monotonic
K230_CARD_BENCH v=1 run=156580336561 event=present frame_id=597 t_ns=172477875000 presented=1 clock=monotonic
K230_CARD_BENCH v=1 run=156580336561 event=present frame_id=596 t_ns=172458726000 presented=1 clock=monotonic
K230_CARD_BENCH v=1 run=156580336561 event=present frame_id=595 t_ns=172420426000 presented=1 clock=monotonic
K230_CARD_BENCH v=1 run=156580336561 event=present frame_id=594 t_ns=172401276000 presented=1 clock=monotonic
K230_CARD_BENCH v=1 run=156580336561 event=present frame_id=593 t_ns=172362975000 presented=1 clock=monotonic
K230_CARD_BENCH v=1 run=156580336561 event=present frame_id=592 t_ns=172343826000 presented=1 clock=monotonic
K230_CARD_BENCH v=1 run=156580336561 event=present frame_id=591 t_ns=172305527000 presented=1 clock=monotonic
K230_CARD_SHELL frame-cost run=156580336561 frame_id=591 total_cpu_ns=15604106 render_cpu_ns=14305476 input_cpu_ns=1120815
K230_CARD_BENCH v=1 run=156580336561 event=submit input_id=430 frame_id=591 t_ns=172303068260 update_cpu_ns=15604106 final=1
K230_CARD_BENCH v=1 run=156580336561 event=submit input_id=429 frame_id=591 t_ns=172303068260 update_cpu_ns=15604106 final=0
K230_CARD_BENCH v=1 run=156580336561 event=submit input_id=428 frame_id=591 t_ns=172303068260 update_cpu_ns=15604106 final=0
K230_CARD_BENCH v=1 run=156580336561 event=present frame_id=590 t_ns=172286376000 presented=1 clock=monotonic
K230_CARD_BENCH v=1 run=156580336561 event=input input_id=430 gesture_id=21 kind=release t_ns=172277021939 source=injected
K230_CARD_SHELL state mode=1 actions=1 message=0 cards=1
K230_CARD_BENCH v=1 run=156580336561 event=input input_id=429 gesture_id=21 kind=motion t_ns=172275532927 source=injected
K230_CARD_SHELL state mode=2 actions=1 message=0 cards=1
K230_CARD_BENCH v=1 run=156580336561 event=input input_id=428 gesture_id=21 kind=motion t_ns=172272300202 source=injected
K230_CARD_SHELL state mode=2 actions=1 message=0 cards=1
K230_CARD_BENCH v=1 run=156580336561 event=present frame_id=589 t_ns=172248078000 presented=1 clock=monotonic
K230_CARD_SHELL frame-cost run=156580336561 frame_id=589 total_cpu_ns=13647283 render_cpu_ns=12042949 input_cpu_ns=1358035
K230_CARD_BENCH v=1 run=156580336561 event=submit input_id=427 frame_id=589 t_ns=172242666587 update_cpu_ns=13647283 final=0
K230_CARD_BENCH v=1 run=156580336561 event=submit input_id=426 frame_id=589 t_ns=172242666587 update_cpu_ns=13647283 final=0
K230_CARD_BENCH v=1 run=156580336561 event=submit input_id=425 frame_id=589 t_ns=172242666587 update_cpu_ns=13647283 final=0
K230_CARD_BENCH v=1 run=156580336561 event=submit input_id=424 frame_id=589 t_ns=172242666587 update_cpu_ns=13647283 final=0
K230_CARD_BENCH v=1 run=156580336561 event=present frame_id=588 t_ns=172228927000 presented=1 clock=monotonic
K230_CARD_BENCH v=1 run=156580336561 event=input input_id=427 gesture_id=21 kind=motion t_ns=172227383517 source=injected
K230_CARD_SHELL state mode=2 actions=1 message=0 cards=1
K230_CARD_BENCH v=1 run=156580336561 event=input input_id=426 gesture_id=21 kind=motion t_ns=172221759053 source=injected
K230_CARD_SHELL state mode=2 actions=1 message=0 cards=1
K230_CARD_BENCH v=1 run=156580336561 event=input input_id=425 gesture_id=21 kind=motion t_ns=172221334377 source=injected
K230_CARD_SHELL state mode=2 actions=1 message=0 cards=1
K230_CARD_BENCH v=1 run=156580336561 event=input input_id=424 gesture_id=21 kind=motion t_ns=172219679759 source=injected
K230_CARD_SHELL state mode=2 actions=1 message=0 cards=1
K230_CARD_SHELL frame-cost run=156580336561 frame_id=588 total_cpu_ns=14368824 render_cpu_ns=13632049 input_cpu_ns=563000
K230_CARD_BENCH v=1 run=156580336561 event=submit input_id=423 frame_id=588 t_ns=172218887152 update_cpu_ns=14368824 final=0
K230_CARD_BENCH v=1 run=156580336561 event=submit input_id=422 frame_id=588 t_ns=172218887152 update_cpu_ns=14368824 final=0
K230_CARD_BENCH v=1 run=156580336561 event=present frame_id=587 t_ns=172190628000 presented=1 clock=monotonic
K230_CARD_BENCH v=1 run=156580336561 event=input input_id=423 gesture_id=21 kind=motion t_ns=172196312341 source=injected
K230_CARD_SHELL state mode=2 actions=1 message=0 cards=1
K230_CARD_BENCH v=1 run=156580336561 event=input input_id=422 gesture_id=21 kind=motion t_ns=172189745506 source=injected
K230_CARD_SHELL state mode=2 actions=1 message=0 cards=1
K230_CARD_SHELL frame-cost run=156580336561 frame_id=587 total_cpu_ns=15975072 render_cpu_ns=13922300 input_cpu_ns=1834776
K230_CARD_BENCH v=1 run=156580336561 event=submit input_id=421 frame_id=587 t_ns=172187651703 update_cpu_ns=15975072 final=0
K230_CARD_BENCH v=1 run=156580336561 event=submit input_id=420 frame_id=587 t_ns=172187651703 update_cpu_ns=15975072 final=0
K230_CARD_BENCH v=1 run=156580336561 event=submit input_id=419 frame_id=587 t_ns=172187651703 update_cpu_ns=15975072 final=0
K230_CARD_BENCH v=1 run=156580336561 event=submit input_id=418 frame_id=587 t_ns=172187651703 update_cpu_ns=15975072 final=0
K230_CARD_BENCH v=1 run=156580336561 event=submit input_id=417 frame_id=587 t_ns=172187651703 update_cpu_ns=15975072 final=0
K230_CARD_BENCH v=1 run=156580336561 event=submit input_id=416 frame_id=587 t_ns=172187651703 update_cpu_ns=15975072 final=0
K230_CARD_BENCH v=1 run=156580336561 event=present frame_id=586 t_ns=172171477000 presented=1 clock=monotonic
K230_CARD_BENCH v=1 run=156580336561 event=input input_id=421 gesture_id=21 kind=motion t_ns=172167995061 source=injected
K230_CARD_SHELL state mode=2 actions=1 message=0 cards=1
K230_CARD_BENCH v=1 run=156580336561 event=input input_id=420 gesture_id=21 kind=motion t_ns=172165470030 source=injected
K230_CARD_SHELL state mode=2 actions=1 message=0 cards=1
K230_CARD_BENCH v=1 run=156580336561 event=input input_id=419 gesture_id=21 kind=motion t_ns=172165151625 source=injected
K230_CARD_SHELL state mode=2 actions=1 message=0 cards=1
K230_CARD_BENCH v=1 run=156580336561 event=input input_id=418 gesture_id=21 kind=motion t_ns=172164772256 source=injected
K230_CARD_SHELL state mode=2 actions=1 message=0 cards=1
K230_CARD_BENCH v=1 run=156580336561 event=input input_id=417 gesture_id=21 kind=motion t_ns=172163378337 source=injected
K230_CARD_SHELL state mode=2 actions=1 message=0 cards=1
K230_CARD_BENCH v=1 run=156580336561 event=input input_id=416 gesture_id=21 kind=motion t_ns=172161587651 source=injected
K230_CARD_SHELL state mode=2 actions=1 message=0 cards=1
K230_CARD_BENCH v=1 run=156580336561 event=present frame_id=585 t_ns=172133179000 presented=1 clock=monotonic
K230_CARD_SHELL frame-cost run=156580336561 frame_id=585 total_cpu_ns=15912177 render_cpu_ns=14096250 input_cpu_ns=1502888
K230_CARD_BENCH v=1 run=156580336561 event=submit input_id=415 frame_id=585 t_ns=172130089060 update_cpu_ns=15912177 final=0
K230_CARD_BENCH v=1 run=156580336561 event=submit input_id=414 frame_id=585 t_ns=172130089060 update_cpu_ns=15912177 final=0
K230_CARD_BENCH v=1 run=156580336561 event=submit input_id=413 frame_id=585 t_ns=172130089060 update_cpu_ns=15912177 final=0
K230_CARD_BENCH v=1 run=156580336561 event=submit input_id=412 frame_id=585 t_ns=172130089060 update_cpu_ns=15912177 final=0
K230_CARD_BENCH v=1 run=156580336561 event=submit input_id=411 frame_id=585 t_ns=172130089060 update_cpu_ns=15912177 final=0
K230_CARD_BENCH v=1 run=156580336561 event=submit input_id=410 frame_id=585 t_ns=172130089060 update_cpu_ns=15912177 final=0
K230_CARD_BENCH v=1 run=156580336561 event=present frame_id=584 t_ns=172114027000 presented=1 clock=monotonic
K230_CARD_BENCH v=1 run=156580336561 event=input input_id=415 gesture_id=21 kind=motion t_ns=172107397096 source=injected
K230_CARD_SHELL state mode=2 actions=1 message=0 cards=1
K230_CARD_SHELL live cards=1 commits=420 sampled=832 frame-done=836 output-presented=418
K230_CARD_BENCH v=1 run=156580336561 event=input input_id=414 gesture_id=21 kind=motion t_ns=172105737741 source=injected
K230_CARD_SHELL state mode=2 actions=1 message=0 cards=1
K230_CARD_BENCH v=1 run=156580336561 event=input input_id=413 gesture_id=21 kind=motion t_ns=172103967598 source=injected
K230_CARD_SHELL state mode=2 actions=1 message=0 cards=1
K230_CARD_BENCH v=1 run=156580336561 event=input input_id=412 gesture_id=21 kind=motion t_ns=172103680656 source=injected
K230_CARD_SHELL state mode=2 actions=1 message=0 cards=1
K230_CARD_BENCH v=1 run=156580336561 event=input input_id=411 gesture_id=21 kind=motion t_ns=172103006794 source=injected
K230_CARD_SHELL state mode=2 actions=1 message=0 cards=1
K230_CARD_BENCH v=1 run=156580336561 event=input input_id=410 gesture_id=21 kind=motion t_ns=172101377976 source=injected
K230_CARD_SHELL state mode=2 actions=1 message=0 cards=1
K230_CARD_BENCH v=1 run=156580336561 event=present frame_id=583 t_ns=172075726000 presented=1 clock=monotonic
K230_CARD_BENCH v=1 run=156580336561 event=present frame_id=582 t_ns=172056577000 presented=1 clock=monotonic
K230_CARD_SHELL state mode=2 actions=1 message=0 cards=1
K230_CARD_BENCH v=1 run=156580336561 event=present frame_id=581 t_ns=172018276000 presented=1 clock=monotonic
K230_CARD_BENCH v=1 run=156580336561 event=present frame_id=580 t_ns=171999128000 presented=1 clock=monotonic
K230_CARD_BENCH v=1 run=156580336561 event=present frame_id=579 t_ns=171960827000 presented=1 clock=monotonic
K230_CARD_BENCH v=1 run=156580336561 event=present frame_id=578 t_ns=171941678000 presented=1 clock=monotonic
K230_CARD_BENCH v=1 run=156580336561 event=present frame_id=577 t_ns=171903377000 presented=1 clock=monotonic
K230_CARD_BENCH v=1 run=156580336561 event=present frame_id=576 t_ns=171884230000 presented=1 clock=monotonic
K230_CARD_BENCH v=1 run=156580336561 event=present frame_id=575 t_ns=171845930000 presented=1 clock=monotonic
K230_CARD_BENCH v=1 run=156580336561 event=present frame_id=574 t_ns=171826781000 presented=1 clock=monotonic
K230_CARD_BENCH v=1 run=156580336561 event=resource phase=active t_ns=171811547044 cpu_ns=13543189000 memory_bytes=24158208 scope=session
K230_CARD_BENCH v=1 run=156580336561 event=resource phase=active t_ns=171811547044 cpu_ns=8204577075 memory_bytes=27176960 scope=compositor
K230_CARD_BENCH v=1 run=156580336561 event=present frame_id=573 t_ns=171788481000 presented=1 clock=monotonic
K230_CARD_BENCH v=1 run=156580336561 event=present frame_id=572 t_ns=171769332000 presented=1 clock=monotonic
K230_CARD_SHELL frame-cost run=156580336561 frame_id=572 total_cpu_ns=15283452 render_cpu_ns=14117713 input_cpu_ns=999998
K230_CARD_BENCH v=1 run=156580336561 event=submit input_id=409 frame_id=572 t_ns=171758407025 update_cpu_ns=15283452 final=1
K230_CARD_BENCH v=1 run=156580336561 event=submit input_id=408 frame_id=572 t_ns=171758407025 update_cpu_ns=15283452 final=0
K230_CARD_BENCH v=1 run=156580336561 event=present frame_id=571 t_ns=171731033000 presented=1 clock=monotonic
K230_CARD_BENCH v=1 run=156580336561 event=input input_id=409 gesture_id=20 kind=release t_ns=171731719068 source=injected
K230_CARD_SHELL state mode=1 actions=1 message=0 cards=1
K230_CARD_BENCH v=1 run=156580336561 event=input input_id=408 gesture_id=20 kind=motion t_ns=171727671962 source=injected
K230_CARD_SHELL state mode=2 actions=1 message=0 cards=1
K230_CARD_SHELL frame-cost run=156580336561 frame_id=571 total_cpu_ns=15074873 render_cpu_ns=11848915 input_cpu_ns=2929035
K230_CARD_BENCH v=1 run=156580336561 event=submit input_id=407 frame_id=571 t_ns=171725760638 update_cpu_ns=15074873 final=0
K230_CARD_BENCH v=1 run=156580336561 event=submit input_id=406 frame_id=571 t_ns=171725760638 update_cpu_ns=15074873 final=0
K230_CARD_BENCH v=1 run=156580336561 event=submit input_id=405 frame_id=571 t_ns=171725760638 update_cpu_ns=15074873 final=0
K230_CARD_BENCH v=1 run=156580336561 event=submit input_id=404 frame_id=571 t_ns=171725760638 update_cpu_ns=15074873 final=0
K230_CARD_BENCH v=1 run=156580336561 event=submit input_id=403 frame_id=571 t_ns=171725760638 update_cpu_ns=15074873 final=0
K230_CARD_BENCH v=1 run=156580336561 event=submit input_id=402 frame_id=571 t_ns=171725760638 update_cpu_ns=15074873 final=0
K230_CARD_BENCH v=1 run=156580336561 event=present frame_id=570 t_ns=171711885000 presented=1 clock=monotonic
K230_CARD_BENCH v=1 run=156580336561 event=input input_id=407 gesture_id=20 kind=motion t_ns=171710593337 source=injected
K230_CARD_SHELL state mode=2 actions=1 message=0 cards=1
K230_CARD_BENCH v=1 run=156580336561 event=input input_id=406 gesture_id=20 kind=motion t_ns=171707367919 source=injected
K230_CARD_SHELL state mode=2 actions=1 message=0 cards=1
K230_CARD_BENCH v=1 run=156580336561 event=input input_id=405 gesture_id=20 kind=motion t_ns=171706816512 source=injected
K230_CARD_SHELL state mode=2 actions=1 message=0 cards=1
K230_CARD_BENCH v=1 run=156580336561 event=input input_id=404 gesture_id=20 kind=motion t_ns=171705750898 source=injected
K230_CARD_SHELL state mode=2 actions=1 message=0 cards=1
K230_CARD_BENCH v=1 run=156580336561 event=input input_id=403 gesture_id=20 kind=motion t_ns=171703730528 source=injected
K230_CARD_SHELL state mode=2 actions=1 message=0 cards=1
K230_CARD_BENCH v=1 run=156580336561 event=input input_id=402 gesture_id=20 kind=motion t_ns=171701605851 source=injected
K230_CARD_SHELL state mode=2 actions=1 message=0 cards=1
K230_CARD_BENCH v=1 run=156580336561 event=present frame_id=569 t_ns=171673585000 presented=1 clock=monotonic
K230_CARD_SHELL frame-cost run=156580336561 frame_id=569 total_cpu_ns=16769826 render_cpu_ns=14297863 input_cpu_ns=2233370
K230_CARD_BENCH v=1 run=156580336561 event=submit input_id=401 frame_id=569 t_ns=171670592698 update_cpu_ns=16769826 final=0
K230_CARD_BENCH v=1 run=156580336561 event=submit input_id=400 frame_id=569 t_ns=171670592698 update_cpu_ns=16769826 final=0
K230_CARD_BENCH v=1 run=156580336561 event=submit input_id=399 frame_id=569 t_ns=171670592698 update_cpu_ns=16769826 final=0
K230_CARD_BENCH v=1 run=156580336561 event=submit input_id=398 frame_id=569 t_ns=171670592698 update_cpu_ns=16769826 final=0
K230_CARD_BENCH v=1 run=156580336561 event=submit input_id=397 frame_id=569 t_ns=171670592698 update_cpu_ns=16769826 final=0
K230_CARD_BENCH v=1 run=156580336561 event=submit input_id=396 frame_id=569 t_ns=171670592698 update_cpu_ns=16769826 final=0
K230_CARD_BENCH v=1 run=156580336561 event=present frame_id=568 t_ns=171654434000 presented=1 clock=monotonic
K230_CARD_BENCH v=1 run=156580336561 event=input input_id=401 gesture_id=20 kind=motion t_ns=171652044333 source=injected
K230_CARD_SHELL state mode=2 actions=1 message=0 cards=1
K230_CARD_BENCH v=1 run=156580336561 event=input input_id=400 gesture_id=20 kind=motion t_ns=171650051428 source=injected
K230_CARD_SHELL state mode=2 actions=1 message=0 cards=1
K230_CARD_BENCH v=1 run=156580336561 event=input input_id=399 gesture_id=20 kind=motion t_ns=171648614002 source=injected
K230_CARD_SHELL state mode=2 actions=1 message=0 cards=1
K230_CARD_BENCH v=1 run=156580336561 event=input input_id=398 gesture_id=20 kind=motion t_ns=171648211061 source=injected
K230_CARD_SHELL state mode=2 actions=1 message=0 cards=1
K230_CARD_BENCH v=1 run=156580336561 event=input input_id=397 gesture_id=20 kind=motion t_ns=171646990170 source=injected
K230_CARD_SHELL state mode=2 actions=1 message=0 cards=1
K230_CARD_BENCH v=1 run=156580336561 event=input input_id=396 gesture_id=20 kind=motion t_ns=171644993342 source=injected
K230_CARD_SHELL state mode=2 actions=1 message=0 cards=1
K230_CARD_BENCH v=1 run=156580336561 event=present frame_id=567 t_ns=171616137000 presented=1 clock=monotonic
K230_CARD_SHELL frame-cost run=156580336561 frame_id=567 total_cpu_ns=15133388 render_cpu_ns=14074275 input_cpu_ns=896999
K230_CARD_BENCH v=1 run=156580336561 event=submit input_id=395 frame_id=567 t_ns=171613088765 update_cpu_ns=15133388 final=0
K230_CARD_BENCH v=1 run=156580336561 event=submit input_id=394 frame_id=567 t_ns=171613088765 update_cpu_ns=15133388 final=0
K230_CARD_BENCH v=1 run=156580336561 event=submit input_id=393 frame_id=567 t_ns=171613088765 update_cpu_ns=15133388 final=0
K230_CARD_BENCH v=1 run=156580336561 event=submit input_id=392 frame_id=567 t_ns=171613088765 update_cpu_ns=15133388 final=0
K230_CARD_BENCH v=1 run=156580336561 event=present frame_id=566 t_ns=171596985000 presented=1 clock=monotonic
K230_CARD_BENCH v=1 run=156580336561 event=input input_id=395 gesture_id=20 kind=motion t_ns=171590787893 source=injected
K230_CARD_SHELL state mode=2 actions=1 message=0 cards=1
K230_CARD_BENCH v=1 run=156580336561 event=input input_id=394 gesture_id=20 kind=motion t_ns=171587923109 source=injected
K230_CARD_SHELL state mode=2 actions=1 message=0 cards=1
K230_CARD_BENCH v=1 run=156580336561 event=input input_id=393 gesture_id=20 kind=motion t_ns=171587676221 source=injected
K230_CARD_SHELL state mode=2 actions=1 message=0 cards=1
K230_CARD_BENCH v=1 run=156580336561 event=input input_id=392 gesture_id=20 kind=motion t_ns=171587383325 source=injected
K230_CARD_SHELL state mode=2 actions=1 message=0 cards=1
K230_CARD_SHELL frame-cost run=156580336561 frame_id=566 total_cpu_ns=14748527 render_cpu_ns=14126563 input_cpu_ns=441074
K230_CARD_BENCH v=1 run=156580336561 event=submit input_id=391 frame_id=566 t_ns=171586598022 update_cpu_ns=14748527 final=0
K230_CARD_BENCH v=1 run=156580336561 event=submit input_id=390 frame_id=566 t_ns=171586598022 update_cpu_ns=14748527 final=0
K230_CARD_BENCH v=1 run=156580336561 event=present frame_id=565 t_ns=171558687000 presented=1 clock=monotonic
K230_CARD_BENCH v=1 run=156580336561 event=input input_id=391 gesture_id=20 kind=motion t_ns=171560316449 source=injected
K230_CARD_SHELL state mode=2 actions=1 message=0 cards=1
K230_CARD_BENCH v=1 run=156580336561 event=input input_id=390 gesture_id=20 kind=motion t_ns=171558433774 source=injected
K230_CARD_SHELL state mode=2 actions=1 message=0 cards=1
K230_CARD_SHELL frame-cost run=156580336561 frame_id=565 total_cpu_ns=14487858 render_cpu_ns=13913933 input_cpu_ns=450703
K230_CARD_BENCH v=1 run=156580336561 event=submit input_id=389 frame_id=565 t_ns=171555944984 update_cpu_ns=14487858 final=0
K230_CARD_BENCH v=1 run=156580336561 event=present frame_id=564 t_ns=171539536000 presented=1 clock=monotonic
K230_CARD_BENCH v=1 run=156580336561 event=input input_id=389 gesture_id=20 kind=motion t_ns=171531436449 source=injected
K230_CARD_SHELL state mode=2 actions=1 message=0 cards=1
K230_CARD_SHELL state mode=2 actions=1 message=0 cards=1
K230_CARD_BENCH v=1 run=156580336561 event=present frame_id=563 t_ns=171501236000 presented=1 clock=monotonic
K230_CARD_BENCH v=1 run=156580336561 event=present frame_id=562 t_ns=171482087000 presented=1 clock=monotonic
K230_CARD_BENCH v=1 run=156580336561 event=present frame_id=561 t_ns=171443787000 presented=1 clock=monotonic
K230_CARD_BENCH v=1 run=156580336561 event=present frame_id=560 t_ns=171424638000 presented=1 clock=monotonic
K230_CARD_BENCH v=1 run=156580336561 event=present frame_id=559 t_ns=171386338000 presented=1 clock=monotonic
K230_CARD_BENCH v=1 run=156580336561 event=present frame_id=558 t_ns=171367190000 presented=1 clock=monotonic
K230_CARD_BENCH v=1 run=156580336561 event=present frame_id=557 t_ns=171328890000 presented=1 clock=monotonic
K230_CARD_BENCH v=1 run=156580336561 event=present frame_id=556 t_ns=171309740000 presented=1 clock=monotonic
K230_CARD_BENCH v=1 run=156580336561 event=present frame_id=555 t_ns=171271441000 presented=1 clock=monotonic
K230_CARD_BENCH v=1 run=156580336561 event=present frame_id=554 t_ns=171252291000 presented=1 clock=monotonic
K230_CARD_SHELL frame-cost run=156580336561 frame_id=554 total_cpu_ns=14811428 render_cpu_ns=13985464 input_cpu_ns=598372
K230_CARD_BENCH v=1 run=156580336561 event=submit input_id=388 frame_id=554 t_ns=171240459654 update_cpu_ns=14811428 final=1
K230_CARD_BENCH v=1 run=156580336561 event=submit input_id=387 frame_id=554 t_ns=171240459654 update_cpu_ns=14811428 final=0
K230_CARD_BENCH v=1 run=156580336561 event=present frame_id=553 t_ns=171213992000 presented=1 clock=monotonic
K230_CARD_BENCH v=1 run=156580336561 event=input input_id=388 gesture_id=19 kind=release t_ns=171215533557 source=injected
K230_CARD_SHELL state mode=1 actions=1 message=0 cards=1
K230_CARD_BENCH v=1 run=156580336561 event=input input_id=387 gesture_id=19 kind=motion t_ns=171214299304 source=injected
K230_CARD_SHELL state mode=2 actions=1 message=0 cards=1
K230_CARD_SHELL frame-cost run=156580336561 frame_id=553 total_cpu_ns=13012101 render_cpu_ns=11730027 input_cpu_ns=1079260
K230_CARD_BENCH v=1 run=156580336561 event=submit input_id=386 frame_id=553 t_ns=171209021758 update_cpu_ns=13012101 final=0
K230_CARD_BENCH v=1 run=156580336561 event=submit input_id=385 frame_id=553 t_ns=171209021758 update_cpu_ns=13012101 final=0
K230_CARD_BENCH v=1 run=156580336561 event=submit input_id=384 frame_id=553 t_ns=171209021758 update_cpu_ns=13012101 final=0
K230_CARD_BENCH v=1 run=156580336561 event=present frame_id=552 t_ns=171194843000 presented=1 clock=monotonic
K230_CARD_BENCH v=1 run=156580336561 event=input input_id=386 gesture_id=19 kind=motion t_ns=171188809585 source=injected
K230_CARD_SHELL state mode=2 actions=1 message=0 cards=1
K230_CARD_BENCH v=1 run=156580336561 event=input input_id=385 gesture_id=19 kind=motion t_ns=171187312787 source=injected
K230_CARD_SHELL state mode=2 actions=1 message=0 cards=1
K230_CARD_BENCH v=1 run=156580336561 event=input input_id=384 gesture_id=19 kind=motion t_ns=171186845255 source=injected
K230_CARD_SHELL state mode=2 actions=1 message=0 cards=1
K230_CARD_SHELL frame-cost run=156580336561 frame_id=552 total_cpu_ns=14049134 render_cpu_ns=12862652 input_cpu_ns=946520
K230_CARD_BENCH v=1 run=156580336561 event=submit input_id=383 frame_id=552 t_ns=171184342178 update_cpu_ns=14049134 final=0
K230_CARD_BENCH v=1 run=156580336561 event=submit input_id=382 frame_id=552 t_ns=171184342178 update_cpu_ns=14049134 final=0
K230_CARD_BENCH v=1 run=156580336561 event=submit input_id=381 frame_id=552 t_ns=171184342178 update_cpu_ns=14049134 final=0
K230_CARD_BENCH v=1 run=156580336561 event=present frame_id=551 t_ns=171156544000 presented=1 clock=monotonic
K230_CARD_BENCH v=1 run=156580336561 event=input input_id=383 gesture_id=19 kind=motion t_ns=171160800354 source=injected
K230_CARD_SHELL state mode=2 actions=1 message=0 cards=1
K230_CARD_BENCH v=1 run=156580336561 event=input input_id=382 gesture_id=19 kind=motion t_ns=171159229379 source=injected
K230_CARD_SHELL state mode=2 actions=1 message=0 cards=1
K230_CARD_BENCH v=1 run=156580336561 event=input input_id=381 gesture_id=19 kind=motion t_ns=171158740156 source=injected
K230_CARD_SHELL state mode=2 actions=1 message=0 cards=1
K230_CARD_SHELL frame-cost run=156580336561 frame_id=551 total_cpu_ns=15803047 render_cpu_ns=14136305 input_cpu_ns=1397222
K230_CARD_BENCH v=1 run=156580336561 event=submit input_id=380 frame_id=551 t_ns=171153401351 update_cpu_ns=15803047 final=0
K230_CARD_BENCH v=1 run=156580336561 event=submit input_id=379 frame_id=551 t_ns=171153401351 update_cpu_ns=15803047 final=0
K230_CARD_BENCH v=1 run=156580336561 event=submit input_id=378 frame_id=551 t_ns=171153401351 update_cpu_ns=15803047 final=0
K230_CARD_BENCH v=1 run=156580336561 event=submit input_id=377 frame_id=551 t_ns=171153401351 update_cpu_ns=15803047 final=0
K230_CARD_BENCH v=1 run=156580336561 event=submit input_id=376 frame_id=551 t_ns=171153401351 update_cpu_ns=15803047 final=0
K230_CARD_BENCH v=1 run=156580336561 event=present frame_id=550 t_ns=171137394000 presented=1 clock=monotonic
K230_CARD_BENCH v=1 run=156580336561 event=input input_id=380 gesture_id=19 kind=motion t_ns=171131191758 source=injected
K230_CARD_SHELL state mode=2 actions=1 message=0 cards=1
K230_CARD_BENCH v=1 run=156580336561 event=input input_id=379 gesture_id=19 kind=motion t_ns=171130664410 source=injected
K230_CARD_SHELL state mode=2 actions=1 message=0 cards=1
K230_CARD_BENCH v=1 run=156580336561 event=input input_id=378 gesture_id=19 kind=motion t_ns=171129413686 source=injected
K230_CARD_SHELL state mode=2 actions=1 message=0 cards=1
K230_CARD_BENCH v=1 run=156580336561 event=input input_id=377 gesture_id=19 kind=motion t_ns=171128993718 source=injected
K230_CARD_SHELL state mode=2 actions=1 message=0 cards=1
K230_CARD_BENCH v=1 run=156580336561 event=input input_id=376 gesture_id=19 kind=motion t_ns=171126678045 source=injected
K230_CARD_SHELL state mode=2 actions=1 message=0 cards=1
K230_CARD_BENCH v=1 run=156580336561 event=present frame_id=549 t_ns=171099099000 presented=1 clock=monotonic
K230_CARD_SHELL frame-cost run=156580336561 frame_id=549 total_cpu_ns=15245933 render_cpu_ns=13978116 input_cpu_ns=1083334
K230_CARD_BENCH v=1 run=156580336561 event=submit input_id=375 frame_id=549 t_ns=171095537229 update_cpu_ns=15245933 final=0
K230_CARD_BENCH v=1 run=156580336561 event=submit input_id=374 frame_id=549 t_ns=171095537229 update_cpu_ns=15245933 final=0
K230_CARD_BENCH v=1 run=156580336561 event=submit input_id=373 frame_id=549 t_ns=171095537229 update_cpu_ns=15245933 final=0
K230_CARD_BENCH v=1 run=156580336561 event=submit input_id=372 frame_id=549 t_ns=171095537229 update_cpu_ns=15245933 final=0
K230_CARD_BENCH v=1 run=156580336561 event=present frame_id=548 t_ns=171079947000 presented=1 clock=monotonic
K230_CARD_BENCH v=1 run=156580336561 event=input input_id=375 gesture_id=19 kind=motion t_ns=171078699162 source=injected
K230_CARD_SHELL state mode=2 actions=1 message=0 cards=1
K230_CARD_BENCH v=1 run=156580336561 event=input input_id=374 gesture_id=19 kind=motion t_ns=171073047879 source=injected
K230_CARD_SHELL state mode=2 actions=1 message=0 cards=1
K230_CARD_BENCH v=1 run=156580336561 event=input input_id=373 gesture_id=19 kind=motion t_ns=171071480494 source=injected
K230_CARD_SHELL state mode=2 actions=1 message=0 cards=1
K230_CARD_BENCH v=1 run=156580336561 event=input input_id=372 gesture_id=19 kind=motion t_ns=171071145290 source=injected
K230_CARD_SHELL state mode=2 actions=1 message=0 cards=1
K230_CARD_SHELL frame-cost run=156580336561 frame_id=548 total_cpu_ns=14775153 render_cpu_ns=14184484 input_cpu_ns=422296
K230_CARD_BENCH v=1 run=156580336561 event=submit input_id=371 frame_id=548 t_ns=171067953481 update_cpu_ns=14775153 final=0
K230_CARD_BENCH v=1 run=156580336561 event=submit input_id=370 frame_id=548 t_ns=171067953481 update_cpu_ns=14775153 final=0
K230_CARD_BENCH v=1 run=156580336561 event=present frame_id=547 t_ns=171041645000 presented=1 clock=monotonic
K230_CARD_BENCH v=1 run=156580336561 event=input input_id=371 gesture_id=19 kind=motion t_ns=171042136590 source=injected
K230_CARD_SHELL state mode=2 actions=1 message=0 cards=1
K230_CARD_BENCH v=1 run=156580336561 event=input input_id=370 gesture_id=19 kind=motion t_ns=171041753821 source=injected
K230_CARD_SHELL state mode=2 actions=1 message=0 cards=1
K230_CARD_SHELL frame-cost run=156580336561 frame_id=547 total_cpu_ns=14862927 render_cpu_ns=14035411 input_cpu_ns=642703
K230_CARD_BENCH v=1 run=156580336561 event=submit input_id=369 frame_id=547 t_ns=171038668911 update_cpu_ns=14862927 final=0
K230_CARD_BENCH v=1 run=156580336561 event=submit input_id=368 frame_id=547 t_ns=171038668911 update_cpu_ns=14862927 final=0
K230_CARD_BENCH v=1 run=156580336561 event=present frame_id=546 t_ns=171022496000 presented=1 clock=monotonic
K230_CARD_BENCH v=1 run=156580336561 event=input input_id=369 gesture_id=19 kind=motion t_ns=171018681269 source=injected
K230_CARD_SHELL state mode=2 actions=1 message=0 cards=1
K230_CARD_BENCH v=1 run=156580336561 event=input input_id=368 gesture_id=19 kind=motion t_ns=171009324562 source=injected
K230_CARD_SHELL state mode=2 actions=1 message=0 cards=1
K230_CARD_SHELL state mode=2 actions=1 message=0 cards=1
K230_CARD_BENCH v=1 run=156580336561 event=present frame_id=545 t_ns=170984196000 presented=1 clock=monotonic
K230_CARD_BENCH v=1 run=156580336561 event=present frame_id=544 t_ns=170945898000 presented=1 clock=monotonic
K230_CARD_BENCH v=1 run=156580336561 event=present frame_id=543 t_ns=170926749000 presented=1 clock=monotonic
K230_CARD_BENCH v=1 run=156580336561 event=present frame_id=542 t_ns=170888451000 presented=1 clock=monotonic
K230_CARD_BENCH v=1 run=156580336561 event=present frame_id=541 t_ns=170869301000 presented=1 clock=monotonic
K230_CARD_BENCH v=1 run=156580336561 event=present frame_id=540 t_ns=170831000000 presented=1 clock=monotonic
K230_CARD_BENCH v=1 run=156580336561 event=present frame_id=539 t_ns=170811853000 presented=1 clock=monotonic
K230_CARD_BENCH v=1 run=156580336561 event=resource phase=active t_ns=170796725773 cpu_ns=12825398000 memory_bytes=24154112 scope=session
K230_CARD_BENCH v=1 run=156580336561 event=resource phase=active t_ns=170796725773 cpu_ns=7663248211 memory_bytes=27176960 scope=compositor
K230_CARD_BENCH v=1 run=156580336561 event=present frame_id=538 t_ns=170773555000 presented=1 clock=monotonic
K230_CARD_BENCH v=1 run=156580336561 event=present frame_id=537 t_ns=170754405000 presented=1 clock=monotonic
K230_CARD_BENCH v=1 run=156580336561 event=present frame_id=536 t_ns=170716107000 presented=1 clock=monotonic
K230_CARD_SHELL frame-cost run=156580336561 frame_id=536 total_cpu_ns=16813048 render_cpu_ns=14236389 input_cpu_ns=2288216
K230_CARD_BENCH v=1 run=156580336561 event=submit input_id=367 frame_id=536 t_ns=170712373091 update_cpu_ns=16813048 final=1
K230_CARD_BENCH v=1 run=156580336561 event=submit input_id=366 frame_id=536 t_ns=170712373091 update_cpu_ns=16813048 final=0
K230_CARD_BENCH v=1 run=156580336561 event=submit input_id=365 frame_id=536 t_ns=170712373091 update_cpu_ns=16813048 final=0
K230_CARD_BENCH v=1 run=156580336561 event=submit input_id=364 frame_id=536 t_ns=170712373091 update_cpu_ns=16813048 final=0
K230_CARD_BENCH v=1 run=156580336561 event=submit input_id=363 frame_id=536 t_ns=170712373091 update_cpu_ns=16813048 final=0
K230_CARD_BENCH v=1 run=156580336561 event=present frame_id=535 t_ns=170696957000 presented=1 clock=monotonic
K230_CARD_BENCH v=1 run=156580336561 event=input input_id=367 gesture_id=18 kind=release t_ns=170690347383 source=injected
K230_CARD_SHELL state mode=1 actions=1 message=0 cards=1
K230_CARD_BENCH v=1 run=156580336561 event=input input_id=366 gesture_id=18 kind=motion t_ns=170687683855 source=injected
K230_CARD_SHELL state mode=2 actions=1 message=0 cards=1
K230_CARD_BENCH v=1 run=156580336561 event=input input_id=365 gesture_id=18 kind=motion t_ns=170687176541 source=injected
K230_CARD_SHELL state mode=2 actions=1 message=0 cards=1
K230_CARD_BENCH v=1 run=156580336561 event=input input_id=364 gesture_id=18 kind=motion t_ns=170686595420 source=injected
K230_CARD_SHELL state mode=2 actions=1 message=0 cards=1
K230_CARD_BENCH v=1 run=156580336561 event=input input_id=363 gesture_id=18 kind=motion t_ns=170684581340 source=injected
K230_CARD_SHELL state mode=2 actions=1 message=0 cards=1
K230_CARD_BENCH v=1 run=156580336561 event=present frame_id=534 t_ns=170658660000 presented=1 clock=monotonic
K230_CARD_SHELL frame-cost run=156580336561 frame_id=534 total_cpu_ns=14483092 render_cpu_ns=12907684 input_cpu_ns=1391185
K230_CARD_BENCH v=1 run=156580336561 event=submit input_id=362 frame_id=534 t_ns=170654195943 update_cpu_ns=14483092 final=0
K230_CARD_BENCH v=1 run=156580336561 event=submit input_id=361 frame_id=534 t_ns=170654195943 update_cpu_ns=14483092 final=0
K230_CARD_BENCH v=1 run=156580336561 event=submit input_id=360 frame_id=534 t_ns=170654195943 update_cpu_ns=14483092 final=0
K230_CARD_BENCH v=1 run=156580336561 event=present frame_id=533 t_ns=170639509000 presented=1 clock=monotonic
K230_CARD_BENCH v=1 run=156580336561 event=input input_id=362 gesture_id=18 kind=motion t_ns=170636250586 source=injected
K230_CARD_SHELL state mode=2 actions=1 message=0 cards=1
K230_CARD_BENCH v=1 run=156580336561 event=input input_id=361 gesture_id=18 kind=motion t_ns=170632778264 source=injected
K230_CARD_SHELL state mode=2 actions=1 message=0 cards=1
K230_CARD_BENCH v=1 run=156580336561 event=input input_id=360 gesture_id=18 kind=motion t_ns=170632129446 source=injected
K230_CARD_SHELL state mode=2 actions=1 message=0 cards=1
K230_CARD_SHELL frame-cost run=156580336561 frame_id=533 total_cpu_ns=15329198 render_cpu_ns=14061308 input_cpu_ns=972078
K230_CARD_BENCH v=1 run=156580336561 event=submit input_id=359 frame_id=533 t_ns=170631317469 update_cpu_ns=15329198 final=0
K230_CARD_BENCH v=1 run=156580336561 event=submit input_id=358 frame_id=533 t_ns=170631317469 update_cpu_ns=15329198 final=0
K230_CARD_BENCH v=1 run=156580336561 event=submit input_id=357 frame_id=533 t_ns=170631317469 update_cpu_ns=15329198 final=0
K230_CARD_BENCH v=1 run=156580336561 event=present frame_id=532 t_ns=170601212000 presented=1 clock=monotonic
K230_CARD_BENCH v=1 run=156580336561 event=input input_id=359 gesture_id=18 kind=motion t_ns=170606542730 source=injected
K230_CARD_SHELL state mode=2 actions=1 message=0 cards=1
K230_CARD_BENCH v=1 run=156580336561 event=input input_id=358 gesture_id=18 kind=motion t_ns=170604416053 source=injected
K230_CARD_SHELL state mode=2 actions=1 message=0 cards=1
K230_CARD_BENCH v=1 run=156580336561 event=input input_id=357 gesture_id=18 kind=motion t_ns=170603924951 source=injected
K230_CARD_SHELL state mode=2 actions=1 message=0 cards=1
K230_CARD_SHELL frame-cost run=156580336561 frame_id=532 total_cpu_ns=16159601 render_cpu_ns=14278194 input_cpu_ns=1599889
K230_CARD_BENCH v=1 run=156580336561 event=submit input_id=356 frame_id=532 t_ns=170598355489 update_cpu_ns=16159601 final=0
K230_CARD_BENCH v=1 run=156580336561 event=submit input_id=355 frame_id=532 t_ns=170598355489 update_cpu_ns=16159601 final=0
K230_CARD_BENCH v=1 run=156580336561 event=submit input_id=354 frame_id=532 t_ns=170598355489 update_cpu_ns=16159601 final=0
K230_CARD_BENCH v=1 run=156580336561 event=submit input_id=353 frame_id=532 t_ns=170598355489 update_cpu_ns=16159601 final=0
K230_CARD_BENCH v=1 run=156580336561 event=submit input_id=352 frame_id=532 t_ns=170598355489 update_cpu_ns=16159601 final=0
K230_CARD_BENCH v=1 run=156580336561 event=present frame_id=531 t_ns=170582061000 presented=1 clock=monotonic
K230_CARD_BENCH v=1 run=156580336561 event=input input_id=356 gesture_id=18 kind=motion t_ns=170576940587 source=injected
K230_CARD_SHELL state mode=2 actions=1 message=0 cards=1
K230_CARD_BENCH v=1 run=156580336561 event=input input_id=355 gesture_id=18 kind=motion t_ns=170576373347 source=injected
K230_CARD_SHELL state mode=2 actions=1 message=0 cards=1
K230_CARD_BENCH v=1 run=156580336561 event=input input_id=354 gesture_id=18 kind=motion t_ns=170575248787 source=injected
K230_CARD_SHELL state mode=2 actions=1 message=0 cards=1
K230_CARD_BENCH v=1 run=156580336561 event=input input_id=353 gesture_id=18 kind=motion t_ns=170573661330 source=injected
K230_CARD_SHELL state mode=2 actions=1 message=0 cards=1
K230_CARD_BENCH v=1 run=156580336561 event=input input_id=352 gesture_id=18 kind=motion t_ns=170571789976 source=injected
K230_CARD_SHELL state mode=2 actions=1 message=0 cards=1
K230_CARD_BENCH v=1 run=156580336561 event=present frame_id=530 t_ns=170543765000 presented=1 clock=monotonic
K230_CARD_SHELL frame-cost run=156580336561 frame_id=530 total_cpu_ns=15656807 render_cpu_ns=14069660 input_cpu_ns=1354036
K230_CARD_BENCH v=1 run=156580336561 event=submit input_id=351 frame_id=530 t_ns=170540833415 update_cpu_ns=15656807 final=0
K230_CARD_BENCH v=1 run=156580336561 event=submit input_id=350 frame_id=530 t_ns=170540833415 update_cpu_ns=15656807 final=0
K230_CARD_BENCH v=1 run=156580336561 event=submit input_id=349 frame_id=530 t_ns=170540833415 update_cpu_ns=15656807 final=0
K230_CARD_BENCH v=1 run=156580336561 event=submit input_id=348 frame_id=530 t_ns=170540833415 update_cpu_ns=15656807 final=0
K230_CARD_BENCH v=1 run=156580336561 event=submit input_id=347 frame_id=530 t_ns=170540833415 update_cpu_ns=15656807 final=0
K230_CARD_BENCH v=1 run=156580336561 event=present frame_id=529 t_ns=170524615000 presented=1 clock=monotonic
K230_CARD_BENCH v=1 run=156580336561 event=input input_id=351 gesture_id=18 kind=motion t_ns=170524098861 source=injected
K230_CARD_SHELL state mode=2 actions=1 message=0 cards=1
K230_CARD_BENCH v=1 run=156580336561 event=input input_id=350 gesture_id=18 kind=motion t_ns=170517785529 source=injected
K230_CARD_SHELL state mode=2 actions=1 message=0 cards=1
K230_CARD_BENCH v=1 run=156580336561 event=input input_id=349 gesture_id=18 kind=motion t_ns=170517349244 source=injected
K230_CARD_SHELL state mode=2 actions=1 message=0 cards=1
K230_CARD_BENCH v=1 run=156580336561 event=input input_id=348 gesture_id=18 kind=motion t_ns=170516091101 source=injected
K230_CARD_SHELL state mode=2 actions=1 message=0 cards=1
K230_CARD_BENCH v=1 run=156580336561 event=input input_id=347 gesture_id=18 kind=motion t_ns=170514162967 source=injected
K230_CARD_SHELL state mode=2 actions=1 message=0 cards=1
K230_CARD_SHELL state mode=2 actions=1 message=0 cards=1
K230_CARD_BENCH v=1 run=156580336561 event=present frame_id=528 t_ns=170486315000 presented=1 clock=monotonic
K230_CARD_BENCH v=1 run=156580336561 event=present frame_id=527 t_ns=170467167000 presented=1 clock=monotonic
K230_CARD_BENCH v=1 run=156580336561 event=present frame_id=526 t_ns=170428865000 presented=1 clock=monotonic
K230_CARD_BENCH v=1 run=156580336561 event=present frame_id=525 t_ns=170409717000 presented=1 clock=monotonic
K230_CARD_BENCH v=1 run=156580336561 event=present frame_id=524 t_ns=170371418000 presented=1 clock=monotonic
K230_CARD_SHELL live cards=1 commits=360 sampled=712 frame-done=716 output-presented=358
K230_CARD_BENCH v=1 run=156580336561 event=present frame_id=523 t_ns=170352269000 presented=1 clock=monotonic
K230_CARD_BENCH v=1 run=156580336561 event=present frame_id=522 t_ns=170313971000 presented=1 clock=monotonic
K230_CARD_BENCH v=1 run=156580336561 event=present frame_id=521 t_ns=170294821000 presented=1 clock=monotonic
K230_CARD_BENCH v=1 run=156580336561 event=present frame_id=520 t_ns=170256522000 presented=1 clock=monotonic
K230_CARD_BENCH v=1 run=156580336561 event=present frame_id=519 t_ns=170237374000 presented=1 clock=monotonic
K230_CARD_BENCH v=1 run=156580336561 event=present frame_id=518 t_ns=170199076000 presented=1 clock=monotonic
K230_CARD_SHELL frame-cost run=156580336561 frame_id=518 total_cpu_ns=15300909 render_cpu_ns=14194762 input_cpu_ns=870961
K230_CARD_BENCH v=1 run=156580336561 event=submit input_id=346 frame_id=518 t_ns=170195475149 update_cpu_ns=15300909 final=1
K230_CARD_BENCH v=1 run=156580336561 event=submit input_id=345 frame_id=518 t_ns=170195475149 update_cpu_ns=15300909 final=0
K230_CARD_BENCH v=1 run=156580336561 event=submit input_id=344 frame_id=518 t_ns=170195475149 update_cpu_ns=15300909 final=0
K230_CARD_BENCH v=1 run=156580336561 event=present frame_id=517 t_ns=170179925000 presented=1 clock=monotonic
K230_CARD_BENCH v=1 run=156580336561 event=input input_id=346 gesture_id=17 kind=release t_ns=170168647465 source=injected
K230_CARD_SHELL state mode=1 actions=1 message=0 cards=1
K230_CARD_BENCH v=1 run=156580336561 event=input input_id=345 gesture_id=17 kind=motion t_ns=170168225616 source=injected
K230_CARD_SHELL state mode=2 actions=1 message=0 cards=1
K230_CARD_BENCH v=1 run=156580336561 event=input input_id=344 gesture_id=17 kind=motion t_ns=170166731582 source=injected
K230_CARD_SHELL state mode=2 actions=1 message=0 cards=1
K230_CARD_SHELL frame-cost run=156580336561 frame_id=517 total_cpu_ns=12552846 render_cpu_ns=12082809 input_cpu_ns=302555
K230_CARD_BENCH v=1 run=156580336561 event=submit input_id=343 frame_id=517 t_ns=170165737719 update_cpu_ns=12552846 final=0
K230_CARD_BENCH v=1 run=156580336561 event=present frame_id=516 t_ns=170141627000 presented=1 clock=monotonic
K230_CARD_BENCH v=1 run=156580336561 event=input input_id=343 gesture_id=17 kind=motion t_ns=170138217355 source=injected
K230_CARD_SHELL state mode=2 actions=1 message=0 cards=1
K230_CARD_SHELL frame-cost run=156580336561 frame_id=516 total_cpu_ns=14470832 render_cpu_ns=12422908 input_cpu_ns=1808442
K230_CARD_BENCH v=1 run=156580336561 event=submit input_id=342 frame_id=516 t_ns=170136390824 update_cpu_ns=14470832 final=0
K230_CARD_BENCH v=1 run=156580336561 event=submit input_id=341 frame_id=516 t_ns=170136390824 update_cpu_ns=14470832 final=0
K230_CARD_BENCH v=1 run=156580336561 event=submit input_id=340 frame_id=516 t_ns=170136390824 update_cpu_ns=14470832 final=0
K230_CARD_BENCH v=1 run=156580336561 event=submit input_id=339 frame_id=516 t_ns=170136390824 update_cpu_ns=14470832 final=0
K230_CARD_BENCH v=1 run=156580336561 event=submit input_id=338 frame_id=516 t_ns=170136390824 update_cpu_ns=14470832 final=0
K230_CARD_BENCH v=1 run=156580336561 event=submit input_id=337 frame_id=516 t_ns=170136390824 update_cpu_ns=14470832 final=0
K230_CARD_BENCH v=1 run=156580336561 event=present frame_id=515 t_ns=170122477000 presented=1 clock=monotonic
K230_CARD_BENCH v=1 run=156580336561 event=input input_id=342 gesture_id=17 kind=motion t_ns=170120419943 source=injected
K230_CARD_SHELL state mode=2 actions=1 message=0 cards=1
K230_CARD_BENCH v=1 run=156580336561 event=input input_id=341 gesture_id=17 kind=motion t_ns=170114450619 source=injected
K230_CARD_SHELL state mode=2 actions=1 message=0 cards=1
K230_CARD_BENCH v=1 run=156580336561 event=input input_id=340 gesture_id=17 kind=motion t_ns=170114074075 source=injected
K230_CARD_SHELL state mode=2 actions=1 message=0 cards=1
K230_CARD_BENCH v=1 run=156580336561 event=input input_id=339 gesture_id=17 kind=motion t_ns=170113695015 source=injected
K230_CARD_SHELL state mode=2 actions=1 message=0 cards=1
K230_CARD_BENCH v=1 run=156580336561 event=input input_id=338 gesture_id=17 kind=motion t_ns=170113359816 source=injected
K230_CARD_SHELL state mode=2 actions=1 message=0 cards=1
K230_CARD_BENCH v=1 run=156580336561 event=input input_id=337 gesture_id=17 kind=motion t_ns=170112963803 source=injected
K230_CARD_SHELL state mode=2 actions=1 message=0 cards=1
K230_CARD_BENCH v=1 run=156580336561 event=present frame_id=514 t_ns=170084181000 presented=1 clock=monotonic
K230_CARD_SHELL frame-cost run=156580336561 frame_id=514 total_cpu_ns=16089195 render_cpu_ns=14042267 input_cpu_ns=1796520
K230_CARD_BENCH v=1 run=156580336561 event=submit input_id=336 frame_id=514 t_ns=170081007494 update_cpu_ns=16089195 final=0
K230_CARD_BENCH v=1 run=156580336561 event=submit input_id=335 frame_id=514 t_ns=170081007494 update_cpu_ns=16089195 final=0
K230_CARD_BENCH v=1 run=156580336561 event=submit input_id=334 frame_id=514 t_ns=170081007494 update_cpu_ns=16089195 final=0
K230_CARD_BENCH v=1 run=156580336561 event=submit input_id=333 frame_id=514 t_ns=170081007494 update_cpu_ns=16089195 final=0
K230_CARD_BENCH v=1 run=156580336561 event=submit input_id=332 frame_id=514 t_ns=170081007494 update_cpu_ns=16089195 final=0
K230_CARD_BENCH v=1 run=156580336561 event=submit input_id=331 frame_id=514 t_ns=170081007494 update_cpu_ns=16089195 final=0
K230_CARD_BENCH v=1 run=156580336561 event=present frame_id=513 t_ns=170065029000 presented=1 clock=monotonic
K230_CARD_BENCH v=1 run=156580336561 event=input input_id=336 gesture_id=17 kind=motion t_ns=170060430181 source=injected
K230_CARD_SHELL state mode=2 actions=1 message=0 cards=1
K230_CARD_BENCH v=1 run=156580336561 event=input input_id=335 gesture_id=17 kind=motion t_ns=170058057472 source=injected
K230_CARD_SHELL state mode=2 actions=1 message=0 cards=1
K230_CARD_BENCH v=1 run=156580336561 event=input input_id=334 gesture_id=17 kind=motion t_ns=170056394284 source=injected
K230_CARD_SHELL state mode=2 actions=1 message=0 cards=1
K230_CARD_BENCH v=1 run=156580336561 event=input input_id=333 gesture_id=17 kind=motion t_ns=170055962664 source=injected
K230_CARD_SHELL state mode=2 actions=1 message=0 cards=1
K230_CARD_BENCH v=1 run=156580336561 event=input input_id=332 gesture_id=17 kind=motion t_ns=170054581634 source=injected
K230_CARD_SHELL state mode=2 actions=1 message=0 cards=1
K230_CARD_BENCH v=1 run=156580336561 event=input input_id=331 gesture_id=17 kind=motion t_ns=170053920712 source=injected
K230_CARD_SHELL state mode=2 actions=1 message=0 cards=1
K230_CARD_BENCH v=1 run=156580336561 event=present frame_id=512 t_ns=170026733000 presented=1 clock=monotonic
K230_CARD_SHELL frame-cost run=156580336561 frame_id=512 total_cpu_ns=14971297 render_cpu_ns=14030481 input_cpu_ns=743961
K230_CARD_BENCH v=1 run=156580336561 event=submit input_id=330 frame_id=512 t_ns=170023476907 update_cpu_ns=14971297 final=0
K230_CARD_BENCH v=1 run=156580336561 event=submit input_id=329 frame_id=512 t_ns=170023476907 update_cpu_ns=14971297 final=0
K230_CARD_BENCH v=1 run=156580336561 event=submit input_id=328 frame_id=512 t_ns=170023476907 update_cpu_ns=14971297 final=0
K230_CARD_BENCH v=1 run=156580336561 event=present frame_id=511 t_ns=170007581000 presented=1 clock=monotonic
K230_CARD_BENCH v=1 run=156580336561 event=input input_id=330 gesture_id=17 kind=motion t_ns=170000517316 source=injected
K230_CARD_SHELL state mode=2 actions=1 message=0 cards=1
K230_CARD_BENCH v=1 run=156580336561 event=input input_id=329 gesture_id=17 kind=motion t_ns=169998425024 source=injected
K230_CARD_SHELL state mode=2 actions=1 message=0 cards=1
K230_CARD_BENCH v=1 run=156580336561 event=input input_id=328 gesture_id=17 kind=motion t_ns=169996848957 source=injected
K230_CARD_SHELL state mode=2 actions=1 message=0 cards=1
K230_CARD_SHELL frame-cost run=156580336561 frame_id=511 total_cpu_ns=14742621 render_cpu_ns=14091065 input_cpu_ns=478594
K230_CARD_BENCH v=1 run=156580336561 event=submit input_id=327 frame_id=511 t_ns=169995703171 update_cpu_ns=14742621 final=0
K230_CARD_BENCH v=1 run=156580336561 event=submit input_id=326 frame_id=511 t_ns=169995703171 update_cpu_ns=14742621 final=0
K230_CARD_BENCH v=1 run=156580336561 event=present frame_id=510 t_ns=169969286000 presented=1 clock=monotonic
K230_CARD_BENCH v=1 run=156580336561 event=input input_id=327 gesture_id=17 kind=motion t_ns=169970556911 source=injected
K230_CARD_SHELL state mode=2 actions=1 message=0 cards=1
K230_CARD_BENCH v=1 run=156580336561 event=input input_id=326 gesture_id=17 kind=motion t_ns=169968266227 source=injected
K230_CARD_SHELL state mode=2 actions=1 message=0 cards=1
K230_CARD_BENCH v=1 run=156580336561 event=present frame_id=509 t_ns=169950136000 presented=1 clock=monotonic
K230_CARD_SHELL state mode=2 actions=1 message=0 cards=1
K230_CARD_BENCH v=1 run=156580336561 event=present frame_id=508 t_ns=169911837000 presented=1 clock=monotonic
K230_CARD_BENCH v=1 run=156580336561 event=present frame_id=507 t_ns=169892687000 presented=1 clock=monotonic
K230_CARD_BENCH v=1 run=156580336561 event=present frame_id=506 t_ns=169854390000 presented=1 clock=monotonic
K230_CARD_BENCH v=1 run=156580336561 event=present frame_id=505 t_ns=169835240000 presented=1 clock=monotonic
K230_CARD_BENCH v=1 run=156580336561 event=present frame_id=504 t_ns=169796964000 presented=1 clock=monotonic
K230_CARD_BENCH v=1 run=156580336561 event=resource phase=active t_ns=169793803595 cpu_ns=12111059000 memory_bytes=24158208 scope=session
K230_CARD_BENCH v=1 run=156580336561 event=resource phase=active t_ns=169793803595 cpu_ns=7123160475 memory_bytes=27176960 scope=compositor
K230_CARD_BENCH v=1 run=156580336561 event=present frame_id=503 t_ns=169777793000 presented=1 clock=monotonic
K230_CARD_BENCH v=1 run=156580336561 event=present frame_id=502 t_ns=169739494000 presented=1 clock=monotonic
K230_CARD_BENCH v=1 run=156580336561 event=present frame_id=501 t_ns=169720346000 presented=1 clock=monotonic
K230_CARD_BENCH v=1 run=156580336561 event=present frame_id=500 t_ns=169682051000 presented=1 clock=monotonic
K230_CARD_SHELL frame-cost run=156580336561 frame_id=500 total_cpu_ns=16048691 render_cpu_ns=14267540 input_cpu_ns=1556630
K230_CARD_BENCH v=1 run=156580336561 event=submit input_id=325 frame_id=500 t_ns=169678638023 update_cpu_ns=16048691 final=1
K230_CARD_BENCH v=1 run=156580336561 event=submit input_id=324 frame_id=500 t_ns=169678638023 update_cpu_ns=16048691 final=0
K230_CARD_BENCH v=1 run=156580336561 event=submit input_id=323 frame_id=500 t_ns=169678638023 update_cpu_ns=16048691 final=0
K230_CARD_BENCH v=1 run=156580336561 event=present frame_id=499 t_ns=169662900000 presented=1 clock=monotonic
K230_CARD_BENCH v=1 run=156580336561 event=input input_id=325 gesture_id=16 kind=release t_ns=169653154720 source=injected
K230_CARD_SHELL state mode=1 actions=1 message=0 cards=1
K230_CARD_BENCH v=1 run=156580336561 event=input input_id=324 gesture_id=16 kind=motion t_ns=169651130495 source=injected
K230_CARD_SHELL state mode=2 actions=1 message=0 cards=1
K230_CARD_BENCH v=1 run=156580336561 event=input input_id=323 gesture_id=16 kind=motion t_ns=169649032947 source=injected
K230_CARD_SHELL state mode=2 actions=1 message=0 cards=1
K230_CARD_BENCH v=1 run=156580336561 event=present frame_id=498 t_ns=169624604000 presented=1 clock=monotonic
K230_CARD_SHELL frame-cost run=156580336561 frame_id=498 total_cpu_ns=15207650 render_cpu_ns=12168020 input_cpu_ns=2752704
K230_CARD_BENCH v=1 run=156580336561 event=submit input_id=322 frame_id=498 t_ns=169619570002 update_cpu_ns=15207650 final=0
K230_CARD_BENCH v=1 run=156580336561 event=submit input_id=321 frame_id=498 t_ns=169619570002 update_cpu_ns=15207650 final=0
K230_CARD_BENCH v=1 run=156580336561 event=submit input_id=320 frame_id=498 t_ns=169619570002 update_cpu_ns=15207650 final=0
K230_CARD_BENCH v=1 run=156580336561 event=submit input_id=319 frame_id=498 t_ns=169619570002 update_cpu_ns=15207650 final=0
K230_CARD_BENCH v=1 run=156580336561 event=submit input_id=318 frame_id=498 t_ns=169619570002 update_cpu_ns=15207650 final=0
K230_CARD_BENCH v=1 run=156580336561 event=submit input_id=317 frame_id=498 t_ns=169619570002 update_cpu_ns=15207650 final=0
K230_CARD_BENCH v=1 run=156580336561 event=present frame_id=497 t_ns=169605455000 presented=1 clock=monotonic
K230_CARD_BENCH v=1 run=156580336561 event=input input_id=322 gesture_id=16 kind=motion t_ns=169604450000 source=injected
K230_CARD_SHELL state mode=2 actions=1 message=0 cards=1
K230_CARD_BENCH v=1 run=156580336561 event=input input_id=321 gesture_id=16 kind=motion t_ns=169601627137 source=injected
K230_CARD_SHELL state mode=2 actions=1 message=0 cards=1
K230_CARD_BENCH v=1 run=156580336561 event=input input_id=320 gesture_id=16 kind=motion t_ns=169600238395 source=injected
K230_CARD_SHELL state mode=2 actions=1 message=0 cards=1
K230_CARD_BENCH v=1 run=156580336561 event=input input_id=319 gesture_id=16 kind=motion t_ns=169598506391 source=injected
K230_CARD_SHELL state mode=2 actions=1 message=0 cards=1
K230_CARD_BENCH v=1 run=156580336561 event=input input_id=318 gesture_id=16 kind=motion t_ns=169598008080 source=injected
K230_CARD_SHELL state mode=2 actions=1 message=0 cards=1
K230_CARD_BENCH v=1 run=156580336561 event=input input_id=317 gesture_id=16 kind=motion t_ns=169596156264 source=injected
K230_CARD_SHELL state mode=2 actions=1 message=0 cards=1
K230_CARD_BENCH v=1 run=156580336561 event=present frame_id=496 t_ns=169567157000 presented=1 clock=monotonic
K230_CARD_SHELL frame-cost run=156580336561 frame_id=496 total_cpu_ns=16579785 render_cpu_ns=14169120 input_cpu_ns=2119405
K230_CARD_BENCH v=1 run=156580336561 event=submit input_id=316 frame_id=496 t_ns=169563889481 update_cpu_ns=16579785 final=0
K230_CARD_BENCH v=1 run=156580336561 event=submit input_id=315 frame_id=496 t_ns=169563889481 update_cpu_ns=16579785 final=0
K230_CARD_BENCH v=1 run=156580336561 event=submit input_id=314 frame_id=496 t_ns=169563889481 update_cpu_ns=16579785 final=0
K230_CARD_BENCH v=1 run=156580336561 event=submit input_id=313 frame_id=496 t_ns=169563889481 update_cpu_ns=16579785 final=0
K230_CARD_BENCH v=1 run=156580336561 event=submit input_id=312 frame_id=496 t_ns=169563889481 update_cpu_ns=16579785 final=0
K230_CARD_BENCH v=1 run=156580336561 event=submit input_id=311 frame_id=496 t_ns=169563889481 update_cpu_ns=16579785 final=0
K230_CARD_BENCH v=1 run=156580336561 event=present frame_id=495 t_ns=169548012000 presented=1 clock=monotonic
K230_CARD_BENCH v=1 run=156580336561 event=input input_id=316 gesture_id=16 kind=motion t_ns=169544450906 source=injected
K230_CARD_SHELL state mode=2 actions=1 message=0 cards=1
K230_CARD_BENCH v=1 run=156580336561 event=input input_id=315 gesture_id=16 kind=motion t_ns=169541443829 source=injected
K230_CARD_SHELL state mode=2 actions=1 message=0 cards=1
K230_CARD_BENCH v=1 run=156580336561 event=input input_id=314 gesture_id=16 kind=motion t_ns=169540078294 source=injected
K230_CARD_SHELL state mode=2 actions=1 message=0 cards=1
K230_CARD_BENCH v=1 run=156580336561 event=input input_id=313 gesture_id=16 kind=motion t_ns=169539532791 source=injected
K230_CARD_SHELL state mode=2 actions=1 message=0 cards=1
K230_CARD_BENCH v=1 run=156580336561 event=input input_id=312 gesture_id=16 kind=motion t_ns=169538228217 source=injected
K230_CARD_SHELL state mode=2 actions=1 message=0 cards=1
K230_CARD_BENCH v=1 run=156580336561 event=input input_id=311 gesture_id=16 kind=motion t_ns=169536778218 source=injected
K230_CARD_SHELL state mode=2 actions=1 message=0 cards=1
K230_CARD_BENCH v=1 run=156580336561 event=present frame_id=494 t_ns=169509707000 presented=1 clock=monotonic
K230_CARD_SHELL frame-cost run=156580336561 frame_id=494 total_cpu_ns=15377947 render_cpu_ns=14240872 input_cpu_ns=936850
K230_CARD_BENCH v=1 run=156580336561 event=submit input_id=310 frame_id=494 t_ns=169506841798 update_cpu_ns=15377947 final=0
K230_CARD_BENCH v=1 run=156580336561 event=submit input_id=309 frame_id=494 t_ns=169506841798 update_cpu_ns=15377947 final=0
K230_CARD_BENCH v=1 run=156580336561 event=submit input_id=308 frame_id=494 t_ns=169506841798 update_cpu_ns=15377947 final=0
K230_CARD_BENCH v=1 run=156580336561 event=submit input_id=307 frame_id=494 t_ns=169506841798 update_cpu_ns=15377947 final=0
K230_CARD_BENCH v=1 run=156580336561 event=present frame_id=493 t_ns=169490558000 presented=1 clock=monotonic
K230_CARD_BENCH v=1 run=156580336561 event=input input_id=310 gesture_id=16 kind=motion t_ns=169484436083 source=injected
K230_CARD_SHELL state mode=2 actions=1 message=0 cards=1
K230_CARD_BENCH v=1 run=156580336561 event=input input_id=309 gesture_id=16 kind=motion t_ns=169481996087 source=injected
K230_CARD_SHELL state mode=2 actions=1 message=0 cards=1
K230_CARD_BENCH v=1 run=156580336561 event=input input_id=308 gesture_id=16 kind=motion t_ns=169481687469 source=injected
K230_CARD_SHELL state mode=2 actions=1 message=0 cards=1
K230_CARD_BENCH v=1 run=156580336561 event=input input_id=307 gesture_id=16 kind=motion t_ns=169480108923 source=injected
K230_CARD_SHELL state mode=2 actions=1 message=0 cards=1
K230_CARD_SHELL frame-cost run=156580336561 frame_id=493 total_cpu_ns=14698318 render_cpu_ns=14089097 input_cpu_ns=433184
K230_CARD_BENCH v=1 run=156580336561 event=submit input_id=306 frame_id=493 t_ns=169479112115 update_cpu_ns=14698318 final=0
K230_CARD_BENCH v=1 run=156580336561 event=submit input_id=305 frame_id=493 t_ns=169479112115 update_cpu_ns=14698318 final=0
K230_CARD_BENCH v=1 run=156580336561 event=present frame_id=492 t_ns=169452262000 presented=1 clock=monotonic
K230_CARD_BENCH v=1 run=156580336561 event=input input_id=306 gesture_id=16 kind=motion t_ns=169454171576 source=injected
K230_CARD_SHELL state mode=2 actions=1 message=0 cards=1
K230_CARD_BENCH v=1 run=156580336561 event=input input_id=305 gesture_id=16 kind=motion t_ns=169451202770 source=injected
K230_CARD_SHELL state mode=2 actions=1 message=0 cards=1
K230_CARD_BENCH v=1 run=156580336561 event=present frame_id=491 t_ns=169433112000 presented=1 clock=monotonic
K230_CARD_SHELL state mode=2 actions=1 message=0 cards=1
K230_CARD_BENCH v=1 run=156580336561 event=present frame_id=490 t_ns=169394813000 presented=1 clock=monotonic
K230_CARD_BENCH v=1 run=156580336561 event=present frame_id=489 t_ns=169375665000 presented=1 clock=monotonic
K230_CARD_BENCH v=1 run=156580336561 event=present frame_id=488 t_ns=169337366000 presented=1 clock=monotonic
K230_CARD_BENCH v=1 run=156580336561 event=present frame_id=487 t_ns=169318217000 presented=1 clock=monotonic
K230_CARD_BENCH v=1 run=156580336561 event=present frame_id=486 t_ns=169279921000 presented=1 clock=monotonic
K230_CARD_BENCH v=1 run=156580336561 event=present frame_id=485 t_ns=169260770000 presented=1 clock=monotonic
K230_CARD_BENCH v=1 run=156580336561 event=present frame_id=484 t_ns=169222472000 presented=1 clock=monotonic
K230_CARD_BENCH v=1 run=156580336561 event=present frame_id=483 t_ns=169203323000 presented=1 clock=monotonic
K230_CARD_BENCH v=1 run=156580336561 event=present frame_id=482 t_ns=169165027000 presented=1 clock=monotonic
K230_CARD_SHELL frame-cost run=156580336561 frame_id=482 total_cpu_ns=15774039 render_cpu_ns=14281075 input_cpu_ns=1312445
K230_CARD_BENCH v=1 run=156580336561 event=submit input_id=304 frame_id=482 t_ns=169161559798 update_cpu_ns=15774039 final=1
K230_CARD_BENCH v=1 run=156580336561 event=submit input_id=303 frame_id=482 t_ns=169161559798 update_cpu_ns=15774039 final=0
K230_CARD_BENCH v=1 run=156580336561 event=submit input_id=302 frame_id=482 t_ns=169161559798 update_cpu_ns=15774039 final=0
K230_CARD_BENCH v=1 run=156580336561 event=present frame_id=481 t_ns=169145877000 presented=1 clock=monotonic
K230_CARD_BENCH v=1 run=156580336561 event=input input_id=304 gesture_id=15 kind=release t_ns=169133867498 source=injected
K230_CARD_SHELL state mode=1 actions=1 message=0 cards=1
K230_CARD_BENCH v=1 run=156580336561 event=input input_id=303 gesture_id=15 kind=motion t_ns=169131862225 source=injected
K230_CARD_SHELL state mode=2 actions=1 message=0 cards=1
K230_CARD_BENCH v=1 run=156580336561 event=input input_id=302 gesture_id=15 kind=motion t_ns=169129913581 source=injected
K230_CARD_SHELL state mode=2 actions=1 message=0 cards=1
K230_CARD_BENCH v=1 run=156580336561 event=present frame_id=480 t_ns=169107580000 presented=1 clock=monotonic
K230_CARD_SHELL frame-cost run=156580336561 frame_id=480 total_cpu_ns=14087432 render_cpu_ns=12218916 input_cpu_ns=1572703
K230_CARD_BENCH v=1 run=156580336561 event=submit input_id=301 frame_id=480 t_ns=169102774595 update_cpu_ns=14087432 final=0
K230_CARD_BENCH v=1 run=156580336561 event=submit input_id=300 frame_id=480 t_ns=169102774595 update_cpu_ns=14087432 final=0
K230_CARD_BENCH v=1 run=156580336561 event=submit input_id=299 frame_id=480 t_ns=169102774595 update_cpu_ns=14087432 final=0
K230_CARD_BENCH v=1 run=156580336561 event=submit input_id=298 frame_id=480 t_ns=169102774595 update_cpu_ns=14087432 final=0
K230_CARD_BENCH v=1 run=156580336561 event=submit input_id=297 frame_id=480 t_ns=169102774595 update_cpu_ns=14087432 final=0
K230_CARD_BENCH v=1 run=156580336561 event=present frame_id=479 t_ns=169088430000 presented=1 clock=monotonic
K230_CARD_BENCH v=1 run=156580336561 event=input input_id=301 gesture_id=15 kind=motion t_ns=169082457915 source=injected
K230_CARD_SHELL state mode=2 actions=1 message=0 cards=1
K230_CARD_BENCH v=1 run=156580336561 event=input input_id=300 gesture_id=15 kind=motion t_ns=169080645000 source=injected
K230_CARD_SHELL state mode=2 actions=1 message=0 cards=1
K230_CARD_BENCH v=1 run=156580336561 event=input input_id=299 gesture_id=15 kind=motion t_ns=169079787029 source=injected
K230_CARD_SHELL state mode=2 actions=1 message=0 cards=1
K230_CARD_BENCH v=1 run=156580336561 event=input input_id=298 gesture_id=15 kind=motion t_ns=169078444887 source=injected
K230_CARD_SHELL state mode=2 actions=1 message=0 cards=1
K230_CARD_BENCH v=1 run=156580336561 event=input input_id=297 gesture_id=15 kind=motion t_ns=169077996100 source=injected
K230_CARD_SHELL state mode=2 actions=1 message=0 cards=1
K230_CARD_BENCH v=1 run=156580336561 event=present frame_id=478 t_ns=169050132000 presented=1 clock=monotonic
K230_CARD_SHELL frame-cost run=156580336561 frame_id=478 total_cpu_ns=16362524 render_cpu_ns=13904228 input_cpu_ns=2186963
K230_CARD_BENCH v=1 run=156580336561 event=submit input_id=296 frame_id=478 t_ns=169047274700 update_cpu_ns=16362524 final=0
K230_CARD_BENCH v=1 run=156580336561 event=submit input_id=295 frame_id=478 t_ns=169047274700 update_cpu_ns=16362524 final=0
K230_CARD_BENCH v=1 run=156580336561 event=submit input_id=294 frame_id=478 t_ns=169047274700 update_cpu_ns=16362524 final=0
K230_CARD_BENCH v=1 run=156580336561 event=submit input_id=293 frame_id=478 t_ns=169047274700 update_cpu_ns=16362524 final=0
K230_CARD_BENCH v=1 run=156580336561 event=submit input_id=292 frame_id=478 t_ns=169047274700 update_cpu_ns=16362524 final=0
K230_CARD_BENCH v=1 run=156580336561 event=submit input_id=291 frame_id=478 t_ns=169047274700 update_cpu_ns=16362524 final=0
K230_CARD_BENCH v=1 run=156580336561 event=present frame_id=477 t_ns=169030985000 presented=1 clock=monotonic
K230_CARD_BENCH v=1 run=156580336561 event=input input_id=296 gesture_id=15 kind=motion t_ns=169030613942 source=injected
K230_CARD_SHELL state mode=2 actions=1 message=0 cards=1
K230_CARD_BENCH v=1 run=156580336561 event=input input_id=295 gesture_id=15 kind=motion t_ns=169026898317 source=injected
K230_CARD_SHELL state mode=2 actions=1 message=0 cards=1
K230_CARD_BENCH v=1 run=156580336561 event=input input_id=294 gesture_id=15 kind=motion t_ns=169025313478 source=injected
K230_CARD_SHELL state mode=2 actions=1 message=0 cards=1
K230_CARD_BENCH v=1 run=156580336561 event=input input_id=293 gesture_id=15 kind=motion t_ns=169024727853 source=injected
K230_CARD_SHELL state mode=2 actions=1 message=0 cards=1
K230_CARD_BENCH v=1 run=156580336561 event=input input_id=292 gesture_id=15 kind=motion t_ns=169022870151 source=injected
K230_CARD_SHELL state mode=2 actions=1 message=0 cards=1
K230_CARD_BENCH v=1 run=156580336561 event=input input_id=291 gesture_id=15 kind=motion t_ns=169019979888 source=injected
K230_CARD_SHELL state mode=2 actions=1 message=0 cards=1
K230_CARD_BENCH v=1 run=156580336561 event=present frame_id=476 t_ns=168992687000 presented=1 clock=monotonic
K230_CARD_SHELL frame-cost run=156580336561 frame_id=476 total_cpu_ns=15328382 render_cpu_ns=14029200 input_cpu_ns=1100516
K230_CARD_BENCH v=1 run=156580336561 event=submit input_id=290 frame_id=476 t_ns=168989093781 update_cpu_ns=15328382 final=0
K230_CARD_BENCH v=1 run=156580336561 event=submit input_id=289 frame_id=476 t_ns=168989093781 update_cpu_ns=15328382 final=0
K230_CARD_BENCH v=1 run=156580336561 event=submit input_id=288 frame_id=476 t_ns=168989093781 update_cpu_ns=15328382 final=0
K230_CARD_BENCH v=1 run=156580336561 event=submit input_id=287 frame_id=476 t_ns=168989093781 update_cpu_ns=15328382 final=0
K230_CARD_BENCH v=1 run=156580336561 event=present frame_id=475 t_ns=168973537000 presented=1 clock=monotonic
K230_CARD_BENCH v=1 run=156580336561 event=input input_id=290 gesture_id=15 kind=motion t_ns=168970615772 source=injected
K230_CARD_SHELL state mode=2 actions=1 message=0 cards=1
K230_CARD_BENCH v=1 run=156580336561 event=input input_id=289 gesture_id=15 kind=motion t_ns=168968408407 source=injected
K230_CARD_SHELL state mode=2 actions=1 message=0 cards=1
K230_CARD_BENCH v=1 run=156580336561 event=input input_id=288 gesture_id=15 kind=motion t_ns=168967316014 source=injected
K230_CARD_SHELL state mode=2 actions=1 message=0 cards=1
K230_CARD_BENCH v=1 run=156580336561 event=input input_id=287 gesture_id=15 kind=motion t_ns=168966199155 source=injected
K230_CARD_SHELL state mode=2 actions=1 message=0 cards=1
K230_CARD_SHELL frame-cost run=156580336561 frame_id=475 total_cpu_ns=14770863 render_cpu_ns=14190864 input_cpu_ns=412259
K230_CARD_BENCH v=1 run=156580336561 event=submit input_id=286 frame_id=475 t_ns=168962683021 update_cpu_ns=14770863 final=0
K230_CARD_BENCH v=1 run=156580336561 event=submit input_id=285 frame_id=475 t_ns=168962683021 update_cpu_ns=14770863 final=0
K230_CARD_BENCH v=1 run=156580336561 event=present frame_id=474 t_ns=168935241000 presented=1 clock=monotonic
K230_CARD_BENCH v=1 run=156580336561 event=input input_id=286 gesture_id=15 kind=motion t_ns=168940275038 source=injected
K230_CARD_SHELL state mode=2 actions=1 message=0 cards=1
K230_CARD_BENCH v=1 run=156580336561 event=input input_id=285 gesture_id=15 kind=motion t_ns=168934349265 source=injected
K230_CARD_SHELL state mode=2 actions=1 message=0 cards=1
K230_CARD_SHELL frame-cost run=156580336561 frame_id=474 total_cpu_ns=14417178 render_cpu_ns=13959104 input_cpu_ns=341481
K230_CARD_BENCH v=1 run=156580336561 event=submit input_id=284 frame_id=474 t_ns=168932439260 update_cpu_ns=14417178 final=0
K230_CARD_BENCH v=1 run=156580336561 event=present frame_id=473 t_ns=168916091000 presented=1 clock=monotonic
K230_CARD_BENCH v=1 run=156580336561 event=input input_id=284 gesture_id=15 kind=motion t_ns=168910606455 source=injected
K230_CARD_SHELL state mode=2 actions=1 message=0 cards=1
K230_CARD_SHELL state mode=2 actions=1 message=0 cards=1
K230_CARD_BENCH v=1 run=156580336561 event=present frame_id=472 t_ns=168877792000 presented=1 clock=monotonic
K230_CARD_BENCH v=1 run=156580336561 event=present frame_id=471 t_ns=168858644000 presented=1 clock=monotonic
K230_CARD_BENCH v=1 run=156580336561 event=present frame_id=470 t_ns=168820348000 presented=1 clock=monotonic
K230_CARD_BENCH v=1 run=156580336561 event=present frame_id=469 t_ns=168801198000 presented=1 clock=monotonic
K230_CARD_BENCH v=1 run=156580336561 event=present frame_id=468 t_ns=168762901000 presented=1 clock=monotonic
K230_CARD_BENCH v=1 run=156580336561 event=resource phase=active t_ns=168763115685 cpu_ns=11380515000 memory_bytes=24154112 scope=session
K230_CARD_BENCH v=1 run=156580336561 event=resource phase=active t_ns=168763115685 cpu_ns=6568062817 memory_bytes=27176960 scope=compositor
K230_CARD_BENCH v=1 run=156580336561 event=present frame_id=467 t_ns=168743753000 presented=1 clock=monotonic
K230_CARD_BENCH v=1 run=156580336561 event=present frame_id=466 t_ns=168705453000 presented=1 clock=monotonic
K230_CARD_BENCH v=1 run=156580336561 event=present frame_id=465 t_ns=168686306000 presented=1 clock=monotonic
K230_CARD_BENCH v=1 run=156580336561 event=present frame_id=464 t_ns=168648044000 presented=1 clock=monotonic
K230_CARD_SHELL live cards=1 commits=300 sampled=592 frame-done=596 output-presented=298
K230_CARD_BENCH v=1 run=156580336561 event=present frame_id=463 t_ns=168628861000 presented=1 clock=monotonic
K230_CARD_SHELL frame-cost run=156580336561 frame_id=463 total_cpu_ns=15448095 render_cpu_ns=14302985 input_cpu_ns=925147
K230_CARD_BENCH v=1 run=156580336561 event=submit input_id=283 frame_id=463 t_ns=168618792353 update_cpu_ns=15448095 final=1
K230_CARD_BENCH v=1 run=156580336561 event=submit input_id=282 frame_id=463 t_ns=168618792353 update_cpu_ns=15448095 final=0
K230_CARD_BENCH v=1 run=156580336561 event=present frame_id=462 t_ns=168590565000 presented=1 clock=monotonic
K230_CARD_BENCH v=1 run=156580336561 event=input input_id=283 gesture_id=14 kind=release t_ns=168592286914 source=injected
K230_CARD_SHELL state mode=1 actions=1 message=0 cards=1
K230_CARD_BENCH v=1 run=156580336561 event=input input_id=282 gesture_id=14 kind=motion t_ns=168589700021 source=injected
K230_CARD_SHELL state mode=2 actions=1 message=0 cards=1
K230_CARD_SHELL frame-cost run=156580336561 frame_id=462 total_cpu_ns=13501839 render_cpu_ns=11879913 input_cpu_ns=1444852
K230_CARD_BENCH v=1 run=156580336561 event=submit input_id=281 frame_id=462 t_ns=168585318751 update_cpu_ns=13501839 final=0
K230_CARD_BENCH v=1 run=156580336561 event=submit input_id=280 frame_id=462 t_ns=168585318751 update_cpu_ns=13501839 final=0
K230_CARD_BENCH v=1 run=156580336561 event=submit input_id=279 frame_id=462 t_ns=168585318751 update_cpu_ns=13501839 final=0
K230_CARD_BENCH v=1 run=156580336561 event=present frame_id=461 t_ns=168571415000 presented=1 clock=monotonic
K230_CARD_BENCH v=1 run=156580336561 event=input input_id=281 gesture_id=14 kind=motion t_ns=168564838465 source=injected
K230_CARD_SHELL state mode=2 actions=1 message=0 cards=1
K230_CARD_BENCH v=1 run=156580336561 event=input input_id=280 gesture_id=14 kind=motion t_ns=168563551903 source=injected
K230_CARD_SHELL state mode=2 actions=1 message=0 cards=1
K230_CARD_BENCH v=1 run=156580336561 event=input input_id=279 gesture_id=14 kind=motion t_ns=168561359825 source=injected
K230_CARD_SHELL state mode=2 actions=1 message=0 cards=1
K230_CARD_SHELL frame-cost run=156580336561 frame_id=461 total_cpu_ns=14194386 render_cpu_ns=12966498 input_cpu_ns=1001479
K230_CARD_BENCH v=1 run=156580336561 event=submit input_id=278 frame_id=461 t_ns=168560571602 update_cpu_ns=14194386 final=0
K230_CARD_BENCH v=1 run=156580336561 event=submit input_id=277 frame_id=461 t_ns=168560571602 update_cpu_ns=14194386 final=0
K230_CARD_BENCH v=1 run=156580336561 event=present frame_id=460 t_ns=168533119000 presented=1 clock=monotonic
K230_CARD_BENCH v=1 run=156580336561 event=input input_id=278 gesture_id=14 kind=motion t_ns=168537497650 source=injected
K230_CARD_SHELL state mode=2 actions=1 message=0 cards=1
K230_CARD_BENCH v=1 run=156580336561 event=input input_id=277 gesture_id=14 kind=motion t_ns=168532969957 source=injected
K230_CARD_SHELL state mode=2 actions=1 message=0 cards=1
K230_CARD_SHELL frame-cost run=156580336561 frame_id=460 total_cpu_ns=16163196 render_cpu_ns=13672343 input_cpu_ns=2199116
K230_CARD_BENCH v=1 run=156580336561 event=submit input_id=276 frame_id=460 t_ns=168529295112 update_cpu_ns=16163196 final=0
K230_CARD_BENCH v=1 run=156580336561 event=submit input_id=275 frame_id=460 t_ns=168529295112 update_cpu_ns=16163196 final=0
K230_CARD_BENCH v=1 run=156580336561 event=submit input_id=274 frame_id=460 t_ns=168529295112 update_cpu_ns=16163196 final=0
K230_CARD_BENCH v=1 run=156580336561 event=submit input_id=273 frame_id=460 t_ns=168529295112 update_cpu_ns=16163196 final=0
K230_CARD_BENCH v=1 run=156580336561 event=submit input_id=272 frame_id=460 t_ns=168529295112 update_cpu_ns=16163196 final=0
K230_CARD_BENCH v=1 run=156580336561 event=submit input_id=271 frame_id=460 t_ns=168529295112 update_cpu_ns=16163196 final=0
K230_CARD_BENCH v=1 run=156580336561 event=present frame_id=459 t_ns=168513980000 presented=1 clock=monotonic
K230_CARD_BENCH v=1 run=156580336561 event=input input_id=276 gesture_id=14 kind=motion t_ns=168512624324 source=injected
K230_CARD_SHELL state mode=2 actions=1 message=0 cards=1
K230_CARD_BENCH v=1 run=156580336561 event=input input_id=275 gesture_id=14 kind=motion t_ns=168509592205 source=injected
K230_CARD_SHELL state mode=2 actions=1 message=0 cards=1
K230_CARD_BENCH v=1 run=156580336561 event=input input_id=274 gesture_id=14 kind=motion t_ns=168507908015 source=injected
K230_CARD_SHELL state mode=2 actions=1 message=0 cards=1
K230_CARD_BENCH v=1 run=156580336561 event=input input_id=273 gesture_id=14 kind=motion t_ns=168507505168 source=injected
K230_CARD_SHELL state mode=2 actions=1 message=0 cards=1
K230_CARD_BENCH v=1 run=156580336561 event=input input_id=272 gesture_id=14 kind=motion t_ns=168506273496 source=injected
K230_CARD_SHELL state mode=2 actions=1 message=0 cards=1
K230_CARD_BENCH v=1 run=156580336561 event=input input_id=271 gesture_id=14 kind=motion t_ns=168505117367 source=injected
K230_CARD_SHELL state mode=2 actions=1 message=0 cards=1
K230_CARD_BENCH v=1 run=156580336561 event=present frame_id=458 t_ns=168475673000 presented=1 clock=monotonic
K230_CARD_SHELL frame-cost run=156580336561 frame_id=458 total_cpu_ns=16046462 render_cpu_ns=14227869 input_cpu_ns=1538817
K230_CARD_BENCH v=1 run=156580336561 event=submit input_id=270 frame_id=458 t_ns=168472886837 update_cpu_ns=16046462 final=0
K230_CARD_BENCH v=1 run=156580336561 event=submit input_id=269 frame_id=458 t_ns=168472886837 update_cpu_ns=16046462 final=0
K230_CARD_BENCH v=1 run=156580336561 event=submit input_id=268 frame_id=458 t_ns=168472886837 update_cpu_ns=16046462 final=0
K230_CARD_BENCH v=1 run=156580336561 event=submit input_id=267 frame_id=458 t_ns=168472886837 update_cpu_ns=16046462 final=0
K230_CARD_BENCH v=1 run=156580336561 event=submit input_id=266 frame_id=458 t_ns=168472886837 update_cpu_ns=16046462 final=0
K230_CARD_BENCH v=1 run=156580336561 event=submit input_id=265 frame_id=458 t_ns=168472886837 update_cpu_ns=16046462 final=0
K230_CARD_BENCH v=1 run=156580336561 event=present frame_id=457 t_ns=168456523000 presented=1 clock=monotonic
K230_CARD_BENCH v=1 run=156580336561 event=input input_id=270 gesture_id=14 kind=motion t_ns=168452617487 source=injected
K230_CARD_SHELL state mode=2 actions=1 message=0 cards=1
K230_CARD_BENCH v=1 run=156580336561 event=input input_id=269 gesture_id=14 kind=motion t_ns=168448857217 source=injected
K230_CARD_SHELL state mode=2 actions=1 message=0 cards=1
K230_CARD_BENCH v=1 run=156580336561 event=input input_id=268 gesture_id=14 kind=motion t_ns=168448615968 source=injected
K230_CARD_SHELL state mode=2 actions=1 message=0 cards=1
K230_CARD_BENCH v=1 run=156580336561 event=input input_id=267 gesture_id=14 kind=motion t_ns=168448326232 source=injected
K230_CARD_SHELL state mode=2 actions=1 message=0 cards=1
K230_CARD_BENCH v=1 run=156580336561 event=input input_id=266 gesture_id=14 kind=motion t_ns=168447284583 source=injected
K230_CARD_SHELL state mode=2 actions=1 message=0 cards=1
K230_CARD_BENCH v=1 run=156580336561 event=input input_id=265 gesture_id=14 kind=motion t_ns=168446107394 source=injected
K230_CARD_SHELL state mode=2 actions=1 message=0 cards=1
K230_CARD_BENCH v=1 run=156580336561 event=present frame_id=456 t_ns=168418227000 presented=1 clock=monotonic
K230_CARD_SHELL frame-cost run=156580336561 frame_id=456 total_cpu_ns=14854583 render_cpu_ns=14072362 input_cpu_ns=649702
K230_CARD_BENCH v=1 run=156580336561 event=submit input_id=264 frame_id=456 t_ns=168415543399 update_cpu_ns=14854583 final=0
K230_CARD_BENCH v=1 run=156580336561 event=submit input_id=263 frame_id=456 t_ns=168415543399 update_cpu_ns=14854583 final=0
K230_CARD_BENCH v=1 run=156580336561 event=present frame_id=455 t_ns=168399077000 presented=1 clock=monotonic
K230_CARD_BENCH v=1 run=156580336561 event=input input_id=264 gesture_id=14 kind=motion t_ns=168392605543 source=injected
K230_CARD_SHELL state mode=2 actions=1 message=0 cards=1
K230_CARD_BENCH v=1 run=156580336561 event=input input_id=263 gesture_id=14 kind=motion t_ns=168389657368 source=injected
K230_CARD_SHELL state mode=2 actions=1 message=0 cards=1
K230_CARD_SHELL state mode=2 actions=1 message=0 cards=1
K230_CARD_BENCH v=1 run=156580336561 event=present frame_id=454 t_ns=168360778000 presented=1 clock=monotonic
K230_CARD_BENCH v=1 run=156580336561 event=present frame_id=453 t_ns=168341631000 presented=1 clock=monotonic
K230_CARD_BENCH v=1 run=156580336561 event=present frame_id=452 t_ns=168303332000 presented=1 clock=monotonic
K230_CARD_BENCH v=1 run=156580336561 event=present frame_id=451 t_ns=168284185000 presented=1 clock=monotonic
K230_CARD_BENCH v=1 run=156580336561 event=present frame_id=450 t_ns=168245889000 presented=1 clock=monotonic
K230_CARD_BENCH v=1 run=156580336561 event=present frame_id=449 t_ns=168226739000 presented=1 clock=monotonic
K230_CARD_BENCH v=1 run=156580336561 event=present frame_id=448 t_ns=168188442000 presented=1 clock=monotonic
K230_CARD_BENCH v=1 run=156580336561 event=present frame_id=447 t_ns=168169293000 presented=1 clock=monotonic
K230_CARD_BENCH v=1 run=156580336561 event=present frame_id=446 t_ns=168130996000 presented=1 clock=monotonic
K230_CARD_BENCH v=1 run=156580336561 event=present frame_id=445 t_ns=168111847000 presented=1 clock=monotonic
K230_CARD_BENCH v=1 run=156580336561 event=present frame_id=444 t_ns=168073551000 presented=1 clock=monotonic
K230_CARD_SHELL frame-cost run=156580336561 frame_id=444 total_cpu_ns=17154115 render_cpu_ns=14294822 input_cpu_ns=2521182
K230_CARD_BENCH v=1 run=156580336561 event=submit input_id=262 frame_id=444 t_ns=168071171381 update_cpu_ns=17154115 final=1
K230_CARD_BENCH v=1 run=156580336561 event=submit input_id=261 frame_id=444 t_ns=168071171381 update_cpu_ns=17154115 final=0
K230_CARD_BENCH v=1 run=156580336561 event=submit input_id=260 frame_id=444 t_ns=168071171381 update_cpu_ns=17154115 final=0
K230_CARD_BENCH v=1 run=156580336561 event=submit input_id=259 frame_id=444 t_ns=168071171381 update_cpu_ns=17154115 final=0
K230_CARD_BENCH v=1 run=156580336561 event=submit input_id=258 frame_id=444 t_ns=168071171381 update_cpu_ns=17154115 final=0
K230_CARD_BENCH v=1 run=156580336561 event=submit input_id=257 frame_id=444 t_ns=168071171381 update_cpu_ns=17154115 final=0
K230_CARD_BENCH v=1 run=156580336561 event=submit input_id=256 frame_id=444 t_ns=168071171381 update_cpu_ns=17154115 final=0
K230_CARD_BENCH v=1 run=156580336561 event=present frame_id=443 t_ns=168054413000 presented=1 clock=monotonic
K230_CARD_BENCH v=1 run=156580336561 event=input input_id=262 gesture_id=13 kind=release t_ns=168052949389 source=injected
K230_CARD_SHELL state mode=1 actions=1 message=0 cards=1
K230_CARD_BENCH v=1 run=156580336561 event=input input_id=261 gesture_id=13 kind=motion t_ns=168051672302 source=injected
K230_CARD_SHELL state mode=2 actions=1 message=0 cards=1
K230_CARD_BENCH v=1 run=156580336561 event=input input_id=260 gesture_id=13 kind=motion t_ns=168049950248 source=injected
K230_CARD_SHELL state mode=2 actions=1 message=0 cards=1
K230_CARD_BENCH v=1 run=156580336561 event=input input_id=259 gesture_id=13 kind=motion t_ns=168048605465 source=injected
K230_CARD_SHELL state mode=2 actions=1 message=0 cards=1
K230_CARD_BENCH v=1 run=156580336561 event=input input_id=258 gesture_id=13 kind=motion t_ns=168047893599 source=injected
K230_CARD_SHELL state mode=2 actions=1 message=0 cards=1
K230_CARD_BENCH v=1 run=156580336561 event=input input_id=257 gesture_id=13 kind=motion t_ns=168045842984 source=injected
K230_CARD_SHELL state mode=2 actions=1 message=0 cards=1
K230_CARD_BENCH v=1 run=156580336561 event=input input_id=256 gesture_id=13 kind=motion t_ns=168043850774 source=injected
K230_CARD_SHELL state mode=2 actions=1 message=0 cards=1
K230_CARD_BENCH v=1 run=156580336561 event=present frame_id=442 t_ns=168016105000 presented=1 clock=monotonic
K230_CARD_SHELL frame-cost run=156580336561 frame_id=442 total_cpu_ns=15674756 render_cpu_ns=13625459 input_cpu_ns=1800778
K230_CARD_BENCH v=1 run=156580336561 event=submit input_id=255 frame_id=442 t_ns=168012450070 update_cpu_ns=15674756 final=0
K230_CARD_BENCH v=1 run=156580336561 event=submit input_id=254 frame_id=442 t_ns=168012450070 update_cpu_ns=15674756 final=0
K230_CARD_BENCH v=1 run=156580336561 event=submit input_id=253 frame_id=442 t_ns=168012450070 update_cpu_ns=15674756 final=0
K230_CARD_BENCH v=1 run=156580336561 event=submit input_id=252 frame_id=442 t_ns=168012450070 update_cpu_ns=15674756 final=0
K230_CARD_BENCH v=1 run=156580336561 event=submit input_id=251 frame_id=442 t_ns=168012450070 update_cpu_ns=15674756 final=0
K230_CARD_BENCH v=1 run=156580336561 event=submit input_id=250 frame_id=442 t_ns=168012450070 update_cpu_ns=15674756 final=0
K230_CARD_BENCH v=1 run=156580336561 event=present frame_id=441 t_ns=167996956000 presented=1 clock=monotonic
K230_CARD_BENCH v=1 run=156580336561 event=input input_id=255 gesture_id=13 kind=motion t_ns=167992214653 source=injected
K230_CARD_SHELL state mode=2 actions=1 message=0 cards=1
K230_CARD_BENCH v=1 run=156580336561 event=input input_id=254 gesture_id=13 kind=motion t_ns=167989639651 source=injected
K230_CARD_SHELL state mode=2 actions=1 message=0 cards=1
K230_CARD_BENCH v=1 run=156580336561 event=input input_id=253 gesture_id=13 kind=motion t_ns=167989184958 source=injected
K230_CARD_SHELL state mode=2 actions=1 message=0 cards=1
K230_CARD_BENCH v=1 run=156580336561 event=input input_id=252 gesture_id=13 kind=motion t_ns=167987337576 source=injected
K230_CARD_SHELL state mode=2 actions=1 message=0 cards=1
K230_CARD_BENCH v=1 run=156580336561 event=input input_id=251 gesture_id=13 kind=motion t_ns=167986981446 source=injected
K230_CARD_SHELL state mode=2 actions=1 message=0 cards=1
K230_CARD_BENCH v=1 run=156580336561 event=input input_id=250 gesture_id=13 kind=motion t_ns=167986407057 source=injected
K230_CARD_SHELL state mode=2 actions=1 message=0 cards=1
K230_CARD_BENCH v=1 run=156580336561 event=present frame_id=440 t_ns=167958660000 presented=1 clock=monotonic
K230_CARD_SHELL frame-cost run=156580336561 frame_id=440 total_cpu_ns=15594418 render_cpu_ns=14189975 input_cpu_ns=1144221
K230_CARD_BENCH v=1 run=156580336561 event=submit input_id=249 frame_id=440 t_ns=167955545638 update_cpu_ns=15594418 final=0
K230_CARD_BENCH v=1 run=156580336561 event=submit input_id=248 frame_id=440 t_ns=167955545638 update_cpu_ns=15594418 final=0
K230_CARD_BENCH v=1 run=156580336561 event=submit input_id=247 frame_id=440 t_ns=167955545638 update_cpu_ns=15594418 final=0
K230_CARD_BENCH v=1 run=156580336561 event=submit input_id=246 frame_id=440 t_ns=167955545638 update_cpu_ns=15594418 final=0
K230_CARD_BENCH v=1 run=156580336561 event=submit input_id=245 frame_id=440 t_ns=167955545638 update_cpu_ns=15594418 final=0
K230_CARD_BENCH v=1 run=156580336561 event=present frame_id=439 t_ns=167939511000 presented=1 clock=monotonic
K230_CARD_BENCH v=1 run=156580336561 event=input input_id=249 gesture_id=13 kind=motion t_ns=167933908546 source=injected
K230_CARD_SHELL state mode=2 actions=1 message=0 cards=1
K230_CARD_BENCH v=1 run=156580336561 event=input input_id=248 gesture_id=13 kind=motion t_ns=167931839795 source=injected
K230_CARD_SHELL state mode=2 actions=1 message=0 cards=1
K230_CARD_BENCH v=1 run=156580336561 event=input input_id=247 gesture_id=13 kind=motion t_ns=167931600105 source=injected
K230_CARD_SHELL state mode=2 actions=1 message=0 cards=1
K230_CARD_BENCH v=1 run=156580336561 event=input input_id=246 gesture_id=13 kind=motion t_ns=167931304860 source=injected
K230_CARD_SHELL state mode=2 actions=1 message=0 cards=1
K230_CARD_BENCH v=1 run=156580336561 event=input input_id=245 gesture_id=13 kind=motion t_ns=167929805687 source=injected
K230_CARD_SHELL state mode=2 actions=1 message=0 cards=1
K230_CARD_BENCH v=1 run=156580336561 event=present frame_id=438 t_ns=167901215000 presented=1 clock=monotonic
K230_CARD_SHELL frame-cost run=156580336561 frame_id=438 total_cpu_ns=15178698 render_cpu_ns=14182478 input_cpu_ns=805517
K230_CARD_BENCH v=1 run=156580336561 event=submit input_id=244 frame_id=438 t_ns=167898974323 update_cpu_ns=15178698 final=0
K230_CARD_BENCH v=1 run=156580336561 event=submit input_id=243 frame_id=438 t_ns=167898974323 update_cpu_ns=15178698 final=0
K230_CARD_BENCH v=1 run=156580336561 event=submit input_id=242 frame_id=438 t_ns=167898974323 update_cpu_ns=15178698 final=0
K230_CARD_BENCH v=1 run=156580336561 event=present frame_id=437 t_ns=167882068000 presented=1 clock=monotonic
K230_CARD_BENCH v=1 run=156580336561 event=input input_id=244 gesture_id=13 kind=motion t_ns=167880677827 source=injected
K230_CARD_SHELL state mode=2 actions=1 message=0 cards=1
K230_CARD_BENCH v=1 run=156580336561 event=input input_id=243 gesture_id=13 kind=motion t_ns=167870683872 source=injected
K230_CARD_SHELL state mode=2 actions=1 message=0 cards=1
K230_CARD_BENCH v=1 run=156580336561 event=input input_id=242 gesture_id=13 kind=motion t_ns=167868433466 source=injected
K230_CARD_SHELL state mode=2 actions=1 message=0 cards=1
K230_CARD_SHELL state mode=2 actions=1 message=0 cards=1
K230_CARD_BENCH v=1 run=156580336561 event=present frame_id=436 t_ns=167843772000 presented=1 clock=monotonic
K230_CARD_BENCH v=1 run=156580336561 event=present frame_id=435 t_ns=167805471000 presented=1 clock=monotonic
K230_CARD_BENCH v=1 run=156580336561 event=present frame_id=434 t_ns=167786324000 presented=1 clock=monotonic
K230_CARD_BENCH v=1 run=156580336561 event=present frame_id=433 t_ns=167748045000 presented=1 clock=monotonic
K230_CARD_BENCH v=1 run=156580336561 event=resource phase=active t_ns=167744890747 cpu_ns=10660918000 memory_bytes=24154112 scope=session
K230_CARD_BENCH v=1 run=156580336561 event=resource phase=active t_ns=167744890747 cpu_ns=6024739683 memory_bytes=27176960 scope=compositor
K230_CARD_BENCH v=1 run=156580336561 event=present frame_id=432 t_ns=167728879000 presented=1 clock=monotonic
K230_CARD_BENCH v=1 run=156580336561 event=present frame_id=431 t_ns=167690583000 presented=1 clock=monotonic
K230_CARD_BENCH v=1 run=156580336561 event=present frame_id=430 t_ns=167671434000 presented=1 clock=monotonic
K230_CARD_BENCH v=1 run=156580336561 event=present frame_id=429 t_ns=167633136000 presented=1 clock=monotonic
K230_CARD_BENCH v=1 run=156580336561 event=present frame_id=428 t_ns=167613989000 presented=1 clock=monotonic
K230_CARD_BENCH v=1 run=156580336561 event=present frame_id=427 t_ns=167575693000 presented=1 clock=monotonic
K230_CARD_SHELL frame-cost run=156580336561 frame_id=427 total_cpu_ns=15315795 render_cpu_ns=14300351 input_cpu_ns=828482
K230_CARD_BENCH v=1 run=156580336561 event=submit input_id=241 frame_id=427 t_ns=167572148846 update_cpu_ns=15315795 final=1
K230_CARD_BENCH v=1 run=156580336561 event=submit input_id=240 frame_id=427 t_ns=167572148846 update_cpu_ns=15315795 final=0
K230_CARD_BENCH v=1 run=156580336561 event=present frame_id=426 t_ns=167556545000 presented=1 clock=monotonic
K230_CARD_BENCH v=1 run=156580336561 event=input input_id=241 gesture_id=12 kind=release t_ns=167546683007 source=injected
K230_CARD_SHELL state mode=1 actions=1 message=0 cards=1
K230_CARD_BENCH v=1 run=156580336561 event=input input_id=240 gesture_id=12 kind=motion t_ns=167546101732 source=injected
K230_CARD_SHELL state mode=2 actions=1 message=0 cards=1
K230_CARD_SHELL frame-cost run=156580336561 frame_id=426 total_cpu_ns=12987331 render_cpu_ns=11896407 input_cpu_ns=872665
K230_CARD_BENCH v=1 run=156580336561 event=submit input_id=239 frame_id=426 t_ns=167544429047 update_cpu_ns=12987331 final=0
K230_CARD_BENCH v=1 run=156580336561 event=submit input_id=238 frame_id=426 t_ns=167544429047 update_cpu_ns=12987331 final=0
K230_CARD_BENCH v=1 run=156580336561 event=present frame_id=425 t_ns=167518248000 presented=1 clock=monotonic
K230_CARD_BENCH v=1 run=156580336561 event=input input_id=239 gesture_id=12 kind=motion t_ns=167519764370 source=injected
K230_CARD_SHELL state mode=2 actions=1 message=0 cards=1
K230_CARD_BENCH v=1 run=156580336561 event=input input_id=238 gesture_id=12 kind=motion t_ns=167516455420 source=injected
K230_CARD_SHELL state mode=2 actions=1 message=0 cards=1
K230_CARD_SHELL frame-cost run=156580336561 frame_id=425 total_cpu_ns=15732726 render_cpu_ns=12858282 input_cpu_ns=2624443
K230_CARD_BENCH v=1 run=156580336561 event=submit input_id=237 frame_id=425 t_ns=167513867463 update_cpu_ns=15732726 final=0
K230_CARD_BENCH v=1 run=156580336561 event=submit input_id=236 frame_id=425 t_ns=167513867463 update_cpu_ns=15732726 final=0
K230_CARD_BENCH v=1 run=156580336561 event=submit input_id=235 frame_id=425 t_ns=167513867463 update_cpu_ns=15732726 final=0
K230_CARD_BENCH v=1 run=156580336561 event=submit input_id=234 frame_id=425 t_ns=167513867463 update_cpu_ns=15732726 final=0
K230_CARD_BENCH v=1 run=156580336561 event=submit input_id=233 frame_id=425 t_ns=167513867463 update_cpu_ns=15732726 final=0
K230_CARD_BENCH v=1 run=156580336561 event=submit input_id=232 frame_id=425 t_ns=167513867463 update_cpu_ns=15732726 final=0
K230_CARD_BENCH v=1 run=156580336561 event=present frame_id=424 t_ns=167499102000 presented=1 clock=monotonic
K230_CARD_BENCH v=1 run=156580336561 event=input input_id=237 gesture_id=12 kind=motion t_ns=167497156637 source=injected
K230_CARD_SHELL state mode=2 actions=1 message=0 cards=1
K230_CARD_BENCH v=1 run=156580336561 event=input input_id=236 gesture_id=12 kind=motion t_ns=167495447088 source=injected
K230_CARD_SHELL state mode=2 actions=1 message=0 cards=1
K230_CARD_BENCH v=1 run=156580336561 event=input input_id=235 gesture_id=12 kind=motion t_ns=167493675840 source=injected
K230_CARD_SHELL state mode=2 actions=1 message=0 cards=1
K230_CARD_BENCH v=1 run=156580336561 event=input input_id=234 gesture_id=12 kind=motion t_ns=167493123324 source=injected
K230_CARD_SHELL state mode=2 actions=1 message=0 cards=1
K230_CARD_BENCH v=1 run=156580336561 event=input input_id=233 gesture_id=12 kind=motion t_ns=167491503196 source=injected
K230_CARD_SHELL state mode=2 actions=1 message=0 cards=1
K230_CARD_BENCH v=1 run=156580336561 event=input input_id=232 gesture_id=12 kind=motion t_ns=167489441699 source=injected
K230_CARD_SHELL state mode=2 actions=1 message=0 cards=1
K230_CARD_BENCH v=1 run=156580336561 event=present frame_id=423 t_ns=167460806000 presented=1 clock=monotonic
K230_CARD_SHELL frame-cost run=156580336561 frame_id=423 total_cpu_ns=16418670 render_cpu_ns=14334157 input_cpu_ns=1886699
K230_CARD_BENCH v=1 run=156580336561 event=submit input_id=231 frame_id=423 t_ns=167457915619 update_cpu_ns=16418670 final=0
K230_CARD_BENCH v=1 run=156580336561 event=submit input_id=230 frame_id=423 t_ns=167457915619 update_cpu_ns=16418670 final=0
K230_CARD_BENCH v=1 run=156580336561 event=submit input_id=229 frame_id=423 t_ns=167457915619 update_cpu_ns=16418670 final=0
K230_CARD_BENCH v=1 run=156580336561 event=submit input_id=228 frame_id=423 t_ns=167457915619 update_cpu_ns=16418670 final=0
K230_CARD_BENCH v=1 run=156580336561 event=submit input_id=227 frame_id=423 t_ns=167457915619 update_cpu_ns=16418670 final=0
K230_CARD_BENCH v=1 run=156580336561 event=present frame_id=422 t_ns=167441655000 presented=1 clock=monotonic
K230_CARD_BENCH v=1 run=156580336561 event=input input_id=231 gesture_id=12 kind=motion t_ns=167438497399 source=injected
K230_CARD_SHELL state mode=2 actions=1 message=0 cards=1
K230_CARD_BENCH v=1 run=156580336561 event=input input_id=230 gesture_id=12 kind=motion t_ns=167437723144 source=injected
K230_CARD_SHELL state mode=2 actions=1 message=0 cards=1
K230_CARD_BENCH v=1 run=156580336561 event=input input_id=229 gesture_id=12 kind=motion t_ns=167435870358 source=injected
K230_CARD_SHELL state mode=2 actions=1 message=0 cards=1
K230_CARD_BENCH v=1 run=156580336561 event=input input_id=228 gesture_id=12 kind=motion t_ns=167433887549 source=injected
K230_CARD_SHELL state mode=2 actions=1 message=0 cards=1
K230_CARD_BENCH v=1 run=156580336561 event=input input_id=227 gesture_id=12 kind=motion t_ns=167431641066 source=injected
K230_CARD_SHELL state mode=2 actions=1 message=0 cards=1
K230_CARD_BENCH v=1 run=156580336561 event=present frame_id=421 t_ns=167403360000 presented=1 clock=monotonic
K230_CARD_SHELL frame-cost run=156580336561 frame_id=421 total_cpu_ns=15369032 render_cpu_ns=14132071 input_cpu_ns=1032630
K230_CARD_BENCH v=1 run=156580336561 event=submit input_id=226 frame_id=421 t_ns=167400523561 update_cpu_ns=15369032 final=0
K230_CARD_BENCH v=1 run=156580336561 event=submit input_id=225 frame_id=421 t_ns=167400523561 update_cpu_ns=15369032 final=0
K230_CARD_BENCH v=1 run=156580336561 event=submit input_id=224 frame_id=421 t_ns=167400523561 update_cpu_ns=15369032 final=0
K230_CARD_BENCH v=1 run=156580336561 event=submit input_id=223 frame_id=421 t_ns=167400523561 update_cpu_ns=15369032 final=0
K230_CARD_BENCH v=1 run=156580336561 event=present frame_id=420 t_ns=167384212000 presented=1 clock=monotonic
K230_CARD_BENCH v=1 run=156580336561 event=input input_id=226 gesture_id=12 kind=motion t_ns=167383854929 source=injected
K230_CARD_SHELL state mode=2 actions=1 message=0 cards=1
K230_CARD_BENCH v=1 run=156580336561 event=input input_id=225 gesture_id=12 kind=motion t_ns=167378411753 source=injected
K230_CARD_SHELL state mode=2 actions=1 message=0 cards=1
K230_CARD_BENCH v=1 run=156580336561 event=input input_id=224 gesture_id=12 kind=motion t_ns=167376874458 source=injected
K230_CARD_SHELL state mode=2 actions=1 message=0 cards=1
K230_CARD_BENCH v=1 run=156580336561 event=input input_id=223 gesture_id=12 kind=motion t_ns=167376574179 source=injected
K230_CARD_SHELL state mode=2 actions=1 message=0 cards=1
K230_CARD_SHELL frame-cost run=156580336561 frame_id=420 total_cpu_ns=14937029 render_cpu_ns=14199808 input_cpu_ns=567000
K230_CARD_BENCH v=1 run=156580336561 event=submit input_id=222 frame_id=420 t_ns=167373363532 update_cpu_ns=14937029 final=0
K230_CARD_BENCH v=1 run=156580336561 event=submit input_id=221 frame_id=420 t_ns=167373363532 update_cpu_ns=14937029 final=0
K230_CARD_BENCH v=1 run=156580336561 event=present frame_id=419 t_ns=167345914000 presented=1 clock=monotonic
K230_CARD_BENCH v=1 run=156580336561 event=input input_id=222 gesture_id=12 kind=motion t_ns=167347232475 source=injected
K230_CARD_SHELL state mode=2 actions=1 message=0 cards=1
K230_CARD_BENCH v=1 run=156580336561 event=input input_id=221 gesture_id=12 kind=motion t_ns=167344578934 source=injected
K230_CARD_SHELL state mode=2 actions=1 message=0 cards=1
K230_CARD_BENCH v=1 run=156580336561 event=present frame_id=418 t_ns=167326765000 presented=1 clock=monotonic
K230_CARD_SHELL state mode=2 actions=1 message=0 cards=1
K230_CARD_BENCH v=1 run=156580336561 event=present frame_id=417 t_ns=167288468000 presented=1 clock=monotonic
K230_CARD_BENCH v=1 run=156580336561 event=present frame_id=416 t_ns=167269320000 presented=1 clock=monotonic
K230_CARD_BENCH v=1 run=156580336561 event=present frame_id=415 t_ns=167231022000 presented=1 clock=monotonic
K230_CARD_BENCH v=1 run=156580336561 event=present frame_id=414 t_ns=167211875000 presented=1 clock=monotonic
K230_CARD_BENCH v=1 run=156580336561 event=present frame_id=413 t_ns=167173577000 presented=1 clock=monotonic
K230_CARD_BENCH v=1 run=156580336561 event=present frame_id=412 t_ns=167154430000 presented=1 clock=monotonic
K230_CARD_BENCH v=1 run=156580336561 event=present frame_id=411 t_ns=167116133000 presented=1 clock=monotonic
K230_CARD_BENCH v=1 run=156580336561 event=present frame_id=410 t_ns=167096985000 presented=1 clock=monotonic
K230_CARD_BENCH v=1 run=156580336561 event=present frame_id=409 t_ns=167058690000 presented=1 clock=monotonic
K230_CARD_SHELL frame-cost run=156580336561 frame_id=409 total_cpu_ns=15218546 render_cpu_ns=14193658 input_cpu_ns=853148
K230_CARD_BENCH v=1 run=156580336561 event=submit input_id=220 frame_id=409 t_ns=167054850738 update_cpu_ns=15218546 final=1
K230_CARD_BENCH v=1 run=156580336561 event=submit input_id=219 frame_id=409 t_ns=167054850738 update_cpu_ns=15218546 final=0
K230_CARD_BENCH v=1 run=156580336561 event=present frame_id=408 t_ns=167039541000 presented=1 clock=monotonic
K230_CARD_BENCH v=1 run=156580336561 event=input input_id=220 gesture_id=11 kind=release t_ns=167029624218 source=injected
K230_CARD_SHELL state mode=1 actions=1 message=0 cards=1
K230_CARD_BENCH v=1 run=156580336561 event=input input_id=219 gesture_id=11 kind=motion t_ns=167027533149 source=injected
K230_CARD_SHELL state mode=2 actions=1 message=0 cards=1
K230_CARD_SHELL frame-cost run=156580336561 frame_id=408 total_cpu_ns=12244362 render_cpu_ns=11792139 input_cpu_ns=310963
K230_CARD_BENCH v=1 run=156580336561 event=submit input_id=218 frame_id=408 t_ns=167025289442 update_cpu_ns=12244362 final=0
K230_CARD_BENCH v=1 run=156580336561 event=present frame_id=407 t_ns=167001244000 presented=1 clock=monotonic
K230_CARD_BENCH v=1 run=156580336561 event=input input_id=218 gesture_id=11 kind=motion t_ns=166998813682 source=injected
K230_CARD_SHELL state mode=2 actions=1 message=0 cards=1
K230_CARD_SHELL frame-cost run=156580336561 frame_id=407 total_cpu_ns=14326053 render_cpu_ns=12003687 input_cpu_ns=2056514
K230_CARD_BENCH v=1 run=156580336561 event=submit input_id=217 frame_id=407 t_ns=166995482328 update_cpu_ns=14326053 final=0
K230_CARD_BENCH v=1 run=156580336561 event=submit input_id=216 frame_id=407 t_ns=166995482328 update_cpu_ns=14326053 final=0
K230_CARD_BENCH v=1 run=156580336561 event=submit input_id=215 frame_id=407 t_ns=166995482328 update_cpu_ns=14326053 final=0
K230_CARD_BENCH v=1 run=156580336561 event=submit input_id=214 frame_id=407 t_ns=166995482328 update_cpu_ns=14326053 final=0
K230_CARD_BENCH v=1 run=156580336561 event=submit input_id=213 frame_id=407 t_ns=166995482328 update_cpu_ns=14326053 final=0
K230_CARD_BENCH v=1 run=156580336561 event=submit input_id=212 frame_id=407 t_ns=166995482328 update_cpu_ns=14326053 final=0
K230_CARD_BENCH v=1 run=156580336561 event=present frame_id=406 t_ns=166982100000 presented=1 clock=monotonic
K230_CARD_BENCH v=1 run=156580336561 event=input input_id=217 gesture_id=11 kind=motion t_ns=166980445768 source=injected
K230_CARD_SHELL state mode=2 actions=1 message=0 cards=1
K230_CARD_BENCH v=1 run=156580336561 event=input input_id=216 gesture_id=11 kind=motion t_ns=166977572688 source=injected
K230_CARD_SHELL state mode=2 actions=1 message=0 cards=1
K230_CARD_BENCH v=1 run=156580336561 event=input input_id=215 gesture_id=11 kind=motion t_ns=166977146984 source=injected
K230_CARD_SHELL state mode=2 actions=1 message=0 cards=1
K230_CARD_BENCH v=1 run=156580336561 event=input input_id=214 gesture_id=11 kind=motion t_ns=166975660904 source=injected
K230_CARD_SHELL state mode=2 actions=1 message=0 cards=1
K230_CARD_BENCH v=1 run=156580336561 event=input input_id=213 gesture_id=11 kind=motion t_ns=166975177351 source=injected
K230_CARD_SHELL state mode=2 actions=1 message=0 cards=1
K230_CARD_BENCH v=1 run=156580336561 event=input input_id=212 gesture_id=11 kind=motion t_ns=166973146761 source=injected
K230_CARD_SHELL state mode=2 actions=1 message=0 cards=1
K230_CARD_BENCH v=1 run=156580336561 event=present frame_id=405 t_ns=166943802000 presented=1 clock=monotonic
K230_CARD_SHELL frame-cost run=156580336561 frame_id=405 total_cpu_ns=15924709 render_cpu_ns=14042077 input_cpu_ns=1566928
K230_CARD_BENCH v=1 run=156580336561 event=submit input_id=211 frame_id=405 t_ns=166940556460 update_cpu_ns=15924709 final=0
K230_CARD_BENCH v=1 run=156580336561 event=submit input_id=210 frame_id=405 t_ns=166940556460 update_cpu_ns=15924709 final=0
K230_CARD_BENCH v=1 run=156580336561 event=submit input_id=209 frame_id=405 t_ns=166940556460 update_cpu_ns=15924709 final=0
K230_CARD_BENCH v=1 run=156580336561 event=submit input_id=208 frame_id=405 t_ns=166940556460 update_cpu_ns=15924709 final=0
K230_CARD_BENCH v=1 run=156580336561 event=submit input_id=207 frame_id=405 t_ns=166940556460 update_cpu_ns=15924709 final=0
K230_CARD_BENCH v=1 run=156580336561 event=submit input_id=206 frame_id=405 t_ns=166940556460 update_cpu_ns=15924709 final=0
K230_CARD_BENCH v=1 run=156580336561 event=present frame_id=404 t_ns=166924652000 presented=1 clock=monotonic
K230_CARD_BENCH v=1 run=156580336561 event=input input_id=211 gesture_id=11 kind=motion t_ns=166920618747 source=injected
K230_CARD_SHELL state mode=2 actions=1 message=0 cards=1
K230_CARD_SHELL live cards=1 commits=238 sampled=472 frame-done=476 output-presented=238
K230_CARD_BENCH v=1 run=156580336561 event=input input_id=210 gesture_id=11 kind=motion t_ns=166918011631 source=injected
K230_CARD_SHELL state mode=2 actions=1 message=0 cards=1
K230_CARD_BENCH v=1 run=156580336561 event=input input_id=209 gesture_id=11 kind=motion t_ns=166917699773 source=injected
K230_CARD_SHELL state mode=2 actions=1 message=0 cards=1
K230_CARD_BENCH v=1 run=156580336561 event=input input_id=208 gesture_id=11 kind=motion t_ns=166917348054 source=injected
K230_CARD_SHELL state mode=2 actions=1 message=0 cards=1
K230_CARD_BENCH v=1 run=156580336561 event=input input_id=207 gesture_id=11 kind=motion t_ns=166916745547 source=injected
K230_CARD_SHELL state mode=2 actions=1 message=0 cards=1
K230_CARD_BENCH v=1 run=156580336561 event=input input_id=206 gesture_id=11 kind=motion t_ns=166916395419 source=injected
K230_CARD_SHELL state mode=2 actions=1 message=0 cards=1
K230_CARD_BENCH v=1 run=156580336561 event=present frame_id=403 t_ns=166886361000 presented=1 clock=monotonic
K230_CARD_SHELL frame-cost run=156580336561 frame_id=403 total_cpu_ns=15322921 render_cpu_ns=14243696 input_cpu_ns=879222
K230_CARD_BENCH v=1 run=156580336561 event=submit input_id=205 frame_id=403 t_ns=166884667816 update_cpu_ns=15322921 final=0
K230_CARD_BENCH v=1 run=156580336561 event=submit input_id=204 frame_id=403 t_ns=166884667816 update_cpu_ns=15322921 final=0
K230_CARD_BENCH v=1 run=156580336561 event=submit input_id=203 frame_id=403 t_ns=166884667816 update_cpu_ns=15322921 final=0
K230_CARD_BENCH v=1 run=156580336561 event=submit input_id=202 frame_id=403 t_ns=166884667816 update_cpu_ns=15322921 final=0
K230_CARD_BENCH v=1 run=156580336561 event=present frame_id=402 t_ns=166867210000 presented=1 clock=monotonic
K230_CARD_BENCH v=1 run=156580336561 event=input input_id=205 gesture_id=11 kind=motion t_ns=166860511920 source=injected
K230_CARD_SHELL state mode=2 actions=1 message=0 cards=1
K230_CARD_BENCH v=1 run=156580336561 event=input input_id=204 gesture_id=11 kind=motion t_ns=166858219511 source=injected
K230_CARD_SHELL state mode=2 actions=1 message=0 cards=1
K230_CARD_BENCH v=1 run=156580336561 event=input input_id=203 gesture_id=11 kind=motion t_ns=166857921459 source=injected
K230_CARD_SHELL state mode=2 actions=1 message=0 cards=1
K230_CARD_BENCH v=1 run=156580336561 event=input input_id=202 gesture_id=11 kind=motion t_ns=166856724586 source=injected
K230_CARD_SHELL state mode=2 actions=1 message=0 cards=1
K230_CARD_SHELL frame-cost run=156580336561 frame_id=402 total_cpu_ns=14653402 render_cpu_ns=14122588 input_cpu_ns=315000
K230_CARD_BENCH v=1 run=156580336561 event=submit input_id=201 frame_id=402 t_ns=166855090610 update_cpu_ns=14653402 final=0
K230_CARD_BENCH v=1 run=156580336561 event=submit input_id=200 frame_id=402 t_ns=166855090610 update_cpu_ns=14653402 final=0
K230_CARD_BENCH v=1 run=156580336561 event=present frame_id=401 t_ns=166828915000 presented=1 clock=monotonic
K230_CARD_BENCH v=1 run=156580336561 event=input input_id=201 gesture_id=11 kind=motion t_ns=166828512284 source=injected
K230_CARD_SHELL state mode=2 actions=1 message=0 cards=1
K230_CARD_BENCH v=1 run=156580336561 event=input input_id=200 gesture_id=11 kind=motion t_ns=166828274079 source=injected
K230_CARD_SHELL state mode=2 actions=1 message=0 cards=1
K230_CARD_BENCH v=1 run=156580336561 event=present frame_id=400 t_ns=166809765000 presented=1 clock=monotonic
K230_CARD_SHELL state mode=2 actions=1 message=0 cards=1
K230_CARD_BENCH v=1 run=156580336561 event=present frame_id=399 t_ns=166771468000 presented=1 clock=monotonic
K230_CARD_BENCH v=1 run=156580336561 event=present frame_id=398 t_ns=166752321000 presented=1 clock=monotonic
K230_CARD_BENCH v=1 run=156580336561 event=resource phase=active t_ns=166737028166 cpu_ns=9950698000 memory_bytes=24154112 scope=session
K230_CARD_BENCH v=1 run=156580336561 event=resource phase=active t_ns=166737028166 cpu_ns=5483754395 memory_bytes=27176960 scope=compositor
K230_CARD_BENCH v=1 run=156580336561 event=present frame_id=397 t_ns=166714025000 presented=1 clock=monotonic
K230_CARD_BENCH v=1 run=156580336561 event=present frame_id=396 t_ns=166694877000 presented=1 clock=monotonic
K230_CARD_BENCH v=1 run=156580336561 event=present frame_id=395 t_ns=166656581000 presented=1 clock=monotonic
K230_CARD_BENCH v=1 run=156580336561 event=present frame_id=394 t_ns=166637433000 presented=1 clock=monotonic
K230_CARD_BENCH v=1 run=156580336561 event=present frame_id=393 t_ns=166599136000 presented=1 clock=monotonic
K230_CARD_BENCH v=1 run=156580336561 event=present frame_id=392 t_ns=166579989000 presented=1 clock=monotonic
K230_CARD_BENCH v=1 run=156580336561 event=present frame_id=391 t_ns=166541693000 presented=1 clock=monotonic
K230_CARD_SHELL frame-cost run=156580336561 frame_id=391 total_cpu_ns=16194345 render_cpu_ns=14334203 input_cpu_ns=1674474
K230_CARD_BENCH v=1 run=156580336561 event=submit input_id=199 frame_id=391 t_ns=166538404727 update_cpu_ns=16194345 final=1
K230_CARD_BENCH v=1 run=156580336561 event=submit input_id=198 frame_id=391 t_ns=166538404727 update_cpu_ns=16194345 final=0
K230_CARD_BENCH v=1 run=156580336561 event=submit input_id=197 frame_id=391 t_ns=166538404727 update_cpu_ns=16194345 final=0
K230_CARD_BENCH v=1 run=156580336561 event=present frame_id=390 t_ns=166522545000 presented=1 clock=monotonic
K230_CARD_BENCH v=1 run=156580336561 event=input input_id=199 gesture_id=10 kind=release t_ns=166514493253 source=injected
K230_CARD_SHELL state mode=1 actions=1 message=0 cards=1
K230_CARD_BENCH v=1 run=156580336561 event=input input_id=198 gesture_id=10 kind=motion t_ns=166512485869 source=injected
K230_CARD_SHELL state mode=2 actions=1 message=0 cards=1
K230_CARD_BENCH v=1 run=156580336561 event=input input_id=197 gesture_id=10 kind=motion t_ns=166510344318 source=injected
K230_CARD_SHELL state mode=2 actions=1 message=0 cards=1
K230_CARD_BENCH v=1 run=156580336561 event=present frame_id=389 t_ns=166484251000 presented=1 clock=monotonic
K230_CARD_SHELL frame-cost run=156580336561 frame_id=389 total_cpu_ns=15558137 render_cpu_ns=12403248 input_cpu_ns=2699481
K230_CARD_BENCH v=1 run=156580336561 event=submit input_id=196 frame_id=389 t_ns=166480712224 update_cpu_ns=15558137 final=0
K230_CARD_BENCH v=1 run=156580336561 event=submit input_id=195 frame_id=389 t_ns=166480712224 update_cpu_ns=15558137 final=0
K230_CARD_BENCH v=1 run=156580336561 event=submit input_id=194 frame_id=389 t_ns=166480712224 update_cpu_ns=15558137 final=0
K230_CARD_BENCH v=1 run=156580336561 event=submit input_id=193 frame_id=389 t_ns=166480712224 update_cpu_ns=15558137 final=0
K230_CARD_BENCH v=1 run=156580336561 event=submit input_id=192 frame_id=389 t_ns=166480712224 update_cpu_ns=15558137 final=0
K230_CARD_BENCH v=1 run=156580336561 event=submit input_id=191 frame_id=389 t_ns=166480712224 update_cpu_ns=15558137 final=0
K230_CARD_BENCH v=1 run=156580336561 event=present frame_id=388 t_ns=166465104000 presented=1 clock=monotonic
K230_CARD_BENCH v=1 run=156580336561 event=input input_id=196 gesture_id=10 kind=motion t_ns=166464367349 source=injected
K230_CARD_SHELL state mode=2 actions=1 message=0 cards=1
K230_CARD_BENCH v=1 run=156580336561 event=input input_id=195 gesture_id=10 kind=motion t_ns=166462091596 source=injected
K230_CARD_SHELL state mode=2 actions=1 message=0 cards=1
K230_CARD_BENCH v=1 run=156580336561 event=input input_id=194 gesture_id=10 kind=motion t_ns=166460471461 source=injected
K230_CARD_SHELL state mode=2 actions=1 message=0 cards=1
K230_CARD_BENCH v=1 run=156580336561 event=input input_id=193 gesture_id=10 kind=motion t_ns=166459809106 source=injected
K230_CARD_SHELL state mode=2 actions=1 message=0 cards=1
K230_CARD_BENCH v=1 run=156580336561 event=input input_id=192 gesture_id=10 kind=motion t_ns=166458615009 source=injected
K230_CARD_SHELL state mode=2 actions=1 message=0 cards=1
K230_CARD_BENCH v=1 run=156580336561 event=input input_id=191 gesture_id=10 kind=motion t_ns=166457251400 source=injected
K230_CARD_SHELL state mode=2 actions=1 message=0 cards=1
K230_CARD_BENCH v=1 run=156580336561 event=present frame_id=387 t_ns=166426809000 presented=1 clock=monotonic
K230_CARD_SHELL frame-cost run=156580336561 frame_id=387 total_cpu_ns=16333114 render_cpu_ns=14169893 input_cpu_ns=1855554
K230_CARD_BENCH v=1 run=156580336561 event=submit input_id=190 frame_id=387 t_ns=166423956589 update_cpu_ns=16333114 final=0
K230_CARD_BENCH v=1 run=156580336561 event=submit input_id=189 frame_id=387 t_ns=166423956589 update_cpu_ns=16333114 final=0
K230_CARD_BENCH v=1 run=156580336561 event=submit input_id=188 frame_id=387 t_ns=166423956589 update_cpu_ns=16333114 final=0
K230_CARD_BENCH v=1 run=156580336561 event=submit input_id=187 frame_id=387 t_ns=166423956589 update_cpu_ns=16333114 final=0
K230_CARD_BENCH v=1 run=156580336561 event=submit input_id=186 frame_id=387 t_ns=166423956589 update_cpu_ns=16333114 final=0
K230_CARD_BENCH v=1 run=156580336561 event=submit input_id=185 frame_id=387 t_ns=166423956589 update_cpu_ns=16333114 final=0
K230_CARD_BENCH v=1 run=156580336561 event=present frame_id=386 t_ns=166407658000 presented=1 clock=monotonic
K230_CARD_BENCH v=1 run=156580336561 event=input input_id=190 gesture_id=10 kind=motion t_ns=166403419069 source=injected
K230_CARD_SHELL state mode=2 actions=1 message=0 cards=1
K230_CARD_BENCH v=1 run=156580336561 event=input input_id=189 gesture_id=10 kind=motion t_ns=166400431699 source=injected
K230_CARD_SHELL state mode=2 actions=1 message=0 cards=1
K230_CARD_BENCH v=1 run=156580336561 event=input input_id=188 gesture_id=10 kind=motion t_ns=166399961618 source=injected
K230_CARD_SHELL state mode=2 actions=1 message=0 cards=1
K230_CARD_BENCH v=1 run=156580336561 event=input input_id=187 gesture_id=10 kind=motion t_ns=166398230412 source=injected
K230_CARD_SHELL state mode=2 actions=1 message=0 cards=1
K230_CARD_BENCH v=1 run=156580336561 event=input input_id=186 gesture_id=10 kind=motion t_ns=166397869367 source=injected
K230_CARD_SHELL state mode=2 actions=1 message=0 cards=1
K230_CARD_BENCH v=1 run=156580336561 event=input input_id=185 gesture_id=10 kind=motion t_ns=166397500105 source=injected
K230_CARD_SHELL state mode=2 actions=1 message=0 cards=1
K230_CARD_BENCH v=1 run=156580336561 event=present frame_id=385 t_ns=166369363000 presented=1 clock=monotonic
K230_CARD_SHELL frame-cost run=156580336561 frame_id=385 total_cpu_ns=15566106 render_cpu_ns=14453958 input_cpu_ns=880924
K230_CARD_BENCH v=1 run=156580336561 event=submit input_id=184 frame_id=385 t_ns=166367078077 update_cpu_ns=15566106 final=0
K230_CARD_BENCH v=1 run=156580336561 event=submit input_id=183 frame_id=385 t_ns=166367078077 update_cpu_ns=15566106 final=0
K230_CARD_BENCH v=1 run=156580336561 event=submit input_id=182 frame_id=385 t_ns=166367078077 update_cpu_ns=15566106 final=0
K230_CARD_BENCH v=1 run=156580336561 event=submit input_id=181 frame_id=385 t_ns=166367078077 update_cpu_ns=15566106 final=0
K230_CARD_BENCH v=1 run=156580336561 event=present frame_id=384 t_ns=166350214000 presented=1 clock=monotonic
K230_CARD_BENCH v=1 run=156580336561 event=input input_id=184 gesture_id=10 kind=motion t_ns=166344530804 source=injected
K230_CARD_SHELL state mode=2 actions=1 message=0 cards=1
K230_CARD_BENCH v=1 run=156580336561 event=input input_id=183 gesture_id=10 kind=motion t_ns=166344108579 source=injected
K230_CARD_SHELL state mode=2 actions=1 message=0 cards=1
K230_CARD_BENCH v=1 run=156580336561 event=input input_id=182 gesture_id=10 kind=motion t_ns=166343702194 source=injected
K230_CARD_SHELL state mode=2 actions=1 message=0 cards=1
K230_CARD_BENCH v=1 run=156580336561 event=input input_id=181 gesture_id=10 kind=motion t_ns=166341575745 source=injected
K230_CARD_SHELL state mode=2 actions=1 message=0 cards=1
K230_CARD_SHELL frame-cost run=156580336561 frame_id=384 total_cpu_ns=14635119 render_cpu_ns=14195897 input_cpu_ns=298000
K230_CARD_BENCH v=1 run=156580336561 event=submit input_id=180 frame_id=384 t_ns=166338478598 update_cpu_ns=14635119 final=0
K230_CARD_BENCH v=1 run=156580336561 event=submit input_id=179 frame_id=384 t_ns=166338478598 update_cpu_ns=14635119 final=0
K230_CARD_BENCH v=1 run=156580336561 event=present frame_id=383 t_ns=166311917000 presented=1 clock=monotonic
K230_CARD_BENCH v=1 run=156580336561 event=input input_id=180 gesture_id=10 kind=motion t_ns=166309991598 source=injected
K230_CARD_SHELL state mode=2 actions=1 message=0 cards=1
K230_CARD_BENCH v=1 run=156580336561 event=input input_id=179 gesture_id=10 kind=motion t_ns=166309762942 source=injected
K230_CARD_SHELL state mode=2 actions=1 message=0 cards=1
K230_CARD_BENCH v=1 run=156580336561 event=present frame_id=382 t_ns=166292770000 presented=1 clock=monotonic
K230_CARD_SHELL state mode=2 actions=1 message=0 cards=1
K230_CARD_BENCH v=1 run=156580336561 event=present frame_id=381 t_ns=166254475000 presented=1 clock=monotonic
K230_CARD_BENCH v=1 run=156580336561 event=present frame_id=380 t_ns=166235326000 presented=1 clock=monotonic
K230_CARD_BENCH v=1 run=156580336561 event=present frame_id=379 t_ns=166197029000 presented=1 clock=monotonic
K230_CARD_BENCH v=1 run=156580336561 event=present frame_id=378 t_ns=166177883000 presented=1 clock=monotonic
K230_CARD_BENCH v=1 run=156580336561 event=present frame_id=377 t_ns=166139585000 presented=1 clock=monotonic
K230_CARD_BENCH v=1 run=156580336561 event=present frame_id=376 t_ns=166120439000 presented=1 clock=monotonic
K230_CARD_BENCH v=1 run=156580336561 event=present frame_id=375 t_ns=166082141000 presented=1 clock=monotonic
K230_CARD_BENCH v=1 run=156580336561 event=present frame_id=374 t_ns=166062995000 presented=1 clock=monotonic
K230_CARD_BENCH v=1 run=156580336561 event=present frame_id=373 t_ns=166024697000 presented=1 clock=monotonic
K230_CARD_BENCH v=1 run=156580336561 event=present frame_id=372 t_ns=166005551000 presented=1 clock=monotonic
K230_CARD_SHELL frame-cost run=156580336561 frame_id=372 total_cpu_ns=15312930 render_cpu_ns=14063304 input_cpu_ns=990590
K230_CARD_BENCH v=1 run=156580336561 event=submit input_id=178 frame_id=372 t_ns=165996077620 update_cpu_ns=15312930 final=1
K230_CARD_BENCH v=1 run=156580336561 event=submit input_id=177 frame_id=372 t_ns=165996077620 update_cpu_ns=15312930 final=0
K230_CARD_BENCH v=1 run=156580336561 event=submit input_id=176 frame_id=372 t_ns=165996077620 update_cpu_ns=15312930 final=0
K230_CARD_BENCH v=1 run=156580336561 event=present frame_id=371 t_ns=165967258000 presented=1 clock=monotonic
K230_CARD_BENCH v=1 run=156580336561 event=input input_id=178 gesture_id=9 kind=release t_ns=165972649454 source=injected
K230_CARD_SHELL state mode=1 actions=1 message=0 cards=1
K230_CARD_BENCH v=1 run=156580336561 event=input input_id=177 gesture_id=9 kind=motion t_ns=165972237600 source=injected
K230_CARD_SHELL state mode=2 actions=1 message=0 cards=1
K230_CARD_BENCH v=1 run=156580336561 event=input input_id=176 gesture_id=9 kind=motion t_ns=165967060369 source=injected
K230_CARD_SHELL state mode=2 actions=1 message=0 cards=1
K230_CARD_SHELL frame-cost run=156580336561 frame_id=371 total_cpu_ns=14223877 render_cpu_ns=12029430 input_cpu_ns=1943928
K230_CARD_BENCH v=1 run=156580336561 event=submit input_id=175 frame_id=371 t_ns=165962192622 update_cpu_ns=14223877 final=0
K230_CARD_BENCH v=1 run=156580336561 event=submit input_id=174 frame_id=371 t_ns=165962192622 update_cpu_ns=14223877 final=0
K230_CARD_BENCH v=1 run=156580336561 event=submit input_id=173 frame_id=371 t_ns=165962192622 update_cpu_ns=14223877 final=0
K230_CARD_BENCH v=1 run=156580336561 event=submit input_id=172 frame_id=371 t_ns=165962192622 update_cpu_ns=14223877 final=0
K230_CARD_BENCH v=1 run=156580336561 event=submit input_id=171 frame_id=371 t_ns=165962192622 update_cpu_ns=14223877 final=0
K230_CARD_BENCH v=1 run=156580336561 event=submit input_id=170 frame_id=371 t_ns=165962192622 update_cpu_ns=14223877 final=0
K230_CARD_BENCH v=1 run=156580336561 event=present frame_id=370 t_ns=165948109000 presented=1 clock=monotonic
K230_CARD_BENCH v=1 run=156580336561 event=input input_id=175 gesture_id=9 kind=motion t_ns=165941888041 source=injected
K230_CARD_SHELL state mode=2 actions=1 message=0 cards=1
K230_CARD_BENCH v=1 run=156580336561 event=input input_id=174 gesture_id=9 kind=motion t_ns=165939619253 source=injected
K230_CARD_SHELL state mode=2 actions=1 message=0 cards=1
K230_CARD_BENCH v=1 run=156580336561 event=input input_id=173 gesture_id=9 kind=motion t_ns=165937421488 source=injected
K230_CARD_SHELL state mode=2 actions=1 message=0 cards=1
K230_CARD_BENCH v=1 run=156580336561 event=input input_id=172 gesture_id=9 kind=motion t_ns=165937052715 source=injected
K230_CARD_SHELL state mode=2 actions=1 message=0 cards=1
K230_CARD_BENCH v=1 run=156580336561 event=input input_id=171 gesture_id=9 kind=motion t_ns=165936653703 source=injected
K230_CARD_SHELL state mode=2 actions=1 message=0 cards=1
K230_CARD_BENCH v=1 run=156580336561 event=input input_id=170 gesture_id=9 kind=motion t_ns=165936260095 source=injected
K230_CARD_SHELL state mode=2 actions=1 message=0 cards=1
K230_CARD_BENCH v=1 run=156580336561 event=present frame_id=369 t_ns=165909814000 presented=1 clock=monotonic
K230_CARD_SHELL frame-cost run=156580336561 frame_id=369 total_cpu_ns=16014230 render_cpu_ns=14144935 input_cpu_ns=1636220
K230_CARD_BENCH v=1 run=156580336561 event=submit input_id=169 frame_id=369 t_ns=165906750122 update_cpu_ns=16014230 final=0
K230_CARD_BENCH v=1 run=156580336561 event=submit input_id=168 frame_id=369 t_ns=165906750122 update_cpu_ns=16014230 final=0
K230_CARD_BENCH v=1 run=156580336561 event=submit input_id=167 frame_id=369 t_ns=165906750122 update_cpu_ns=16014230 final=0
K230_CARD_BENCH v=1 run=156580336561 event=submit input_id=166 frame_id=369 t_ns=165906750122 update_cpu_ns=16014230 final=0
K230_CARD_BENCH v=1 run=156580336561 event=submit input_id=165 frame_id=369 t_ns=165906750122 update_cpu_ns=16014230 final=0
K230_CARD_BENCH v=1 run=156580336561 event=present frame_id=368 t_ns=165890666000 presented=1 clock=monotonic
K230_CARD_BENCH v=1 run=156580336561 event=input input_id=169 gesture_id=9 kind=motion t_ns=165887330280 source=injected
K230_CARD_SHELL state mode=2 actions=1 message=0 cards=1
K230_CARD_BENCH v=1 run=156580336561 event=input input_id=168 gesture_id=9 kind=motion t_ns=165886170145 source=injected
K230_CARD_SHELL state mode=2 actions=1 message=0 cards=1
K230_CARD_BENCH v=1 run=156580336561 event=input input_id=167 gesture_id=9 kind=motion t_ns=165885743894 source=injected
K230_CARD_SHELL state mode=2 actions=1 message=0 cards=1
K230_CARD_BENCH v=1 run=156580336561 event=input input_id=166 gesture_id=9 kind=motion t_ns=165883748393 source=injected
K230_CARD_SHELL state mode=2 actions=1 message=0 cards=1
K230_CARD_BENCH v=1 run=156580336561 event=input input_id=165 gesture_id=9 kind=motion t_ns=165881735533 source=injected
K230_CARD_SHELL state mode=2 actions=1 message=0 cards=1
K230_CARD_BENCH v=1 run=156580336561 event=present frame_id=367 t_ns=165852372000 presented=1 clock=monotonic
K230_CARD_SHELL frame-cost run=156580336561 frame_id=367 total_cpu_ns=15291685 render_cpu_ns=14122460 input_cpu_ns=964594
K230_CARD_BENCH v=1 run=156580336561 event=submit input_id=164 frame_id=367 t_ns=165849215782 update_cpu_ns=15291685 final=0
K230_CARD_BENCH v=1 run=156580336561 event=submit input_id=163 frame_id=367 t_ns=165849215782 update_cpu_ns=15291685 final=0
K230_CARD_BENCH v=1 run=156580336561 event=submit input_id=162 frame_id=367 t_ns=165849215782 update_cpu_ns=15291685 final=0
K230_CARD_BENCH v=1 run=156580336561 event=submit input_id=161 frame_id=367 t_ns=165849215782 update_cpu_ns=15291685 final=0
K230_CARD_BENCH v=1 run=156580336561 event=present frame_id=366 t_ns=165833224000 presented=1 clock=monotonic
K230_CARD_BENCH v=1 run=156580336561 event=input input_id=164 gesture_id=9 kind=motion t_ns=165831436843 source=injected
K230_CARD_SHELL state mode=2 actions=1 message=0 cards=1
K230_CARD_BENCH v=1 run=156580336561 event=input input_id=163 gesture_id=9 kind=motion t_ns=165826864070 source=injected
K230_CARD_SHELL state mode=2 actions=1 message=0 cards=1
K230_CARD_BENCH v=1 run=156580336561 event=input input_id=162 gesture_id=9 kind=motion t_ns=165826574425 source=injected
K230_CARD_SHELL state mode=2 actions=1 message=0 cards=1
K230_CARD_BENCH v=1 run=156580336561 event=input input_id=161 gesture_id=9 kind=motion t_ns=165825185046 source=injected
K230_CARD_SHELL state mode=2 actions=1 message=0 cards=1
K230_CARD_SHELL frame-cost run=156580336561 frame_id=366 total_cpu_ns=14779229 render_cpu_ns=14078158 input_cpu_ns=496109
K230_CARD_BENCH v=1 run=156580336561 event=submit input_id=160 frame_id=366 t_ns=165823880940 update_cpu_ns=14779229 final=0
K230_CARD_BENCH v=1 run=156580336561 event=submit input_id=159 frame_id=366 t_ns=165823880940 update_cpu_ns=14779229 final=0
K230_CARD_BENCH v=1 run=156580336561 event=present frame_id=365 t_ns=165794929000 presented=1 clock=monotonic
K230_CARD_BENCH v=1 run=156580336561 event=input input_id=160 gesture_id=9 kind=motion t_ns=165796252883 source=injected
K230_CARD_SHELL state mode=2 actions=1 message=0 cards=1
K230_CARD_BENCH v=1 run=156580336561 event=input input_id=159 gesture_id=9 kind=motion t_ns=165795132424 source=injected
K230_CARD_SHELL state mode=2 actions=1 message=0 cards=1
K230_CARD_SHELL frame-cost run=156580336561 frame_id=365 total_cpu_ns=14481000 render_cpu_ns=13913558 input_cpu_ns=445479
K230_CARD_BENCH v=1 run=156580336561 event=submit input_id=158 frame_id=365 t_ns=165792088337 update_cpu_ns=14481000 final=0
K230_CARD_BENCH v=1 run=156580336561 event=present frame_id=364 t_ns=165775781000 presented=1 clock=monotonic
K230_CARD_BENCH v=1 run=156580336561 event=input input_id=158 gesture_id=9 kind=motion t_ns=165771428566 source=injected
K230_CARD_SHELL state mode=2 actions=1 message=0 cards=1
K230_CARD_SHELL state mode=2 actions=1 message=0 cards=1
K230_CARD_BENCH v=1 run=156580336561 event=present frame_id=363 t_ns=165737488000 presented=1 clock=monotonic
K230_CARD_BENCH v=1 run=156580336561 event=resource phase=active t_ns=165734658627 cpu_ns=9233355000 memory_bytes=24154112 scope=session
K230_CARD_BENCH v=1 run=156580336561 event=resource phase=active t_ns=165734658627 cpu_ns=4941792905 memory_bytes=27176960 scope=compositor
K230_CARD_BENCH v=1 run=156580336561 event=present frame_id=362 t_ns=165718338000 presented=1 clock=monotonic
K230_CARD_BENCH v=1 run=156580336561 event=present frame_id=361 t_ns=165680045000 presented=1 clock=monotonic
K230_CARD_BENCH v=1 run=156580336561 event=present frame_id=360 t_ns=165660895000 presented=1 clock=monotonic
K230_CARD_BENCH v=1 run=156580336561 event=present frame_id=359 t_ns=165622600000 presented=1 clock=monotonic
K230_CARD_BENCH v=1 run=156580336561 event=present frame_id=358 t_ns=165603452000 presented=1 clock=monotonic
K230_CARD_BENCH v=1 run=156580336561 event=present frame_id=357 t_ns=165565155000 presented=1 clock=monotonic
K230_CARD_BENCH v=1 run=156580336561 event=present frame_id=356 t_ns=165546010000 presented=1 clock=monotonic
K230_CARD_BENCH v=1 run=156580336561 event=present frame_id=355 t_ns=165507713000 presented=1 clock=monotonic
K230_CARD_BENCH v=1 run=156580336561 event=present frame_id=354 t_ns=165488567000 presented=1 clock=monotonic
K230_CARD_SHELL frame-cost run=156580336561 frame_id=354 total_cpu_ns=15253951 render_cpu_ns=14114840 input_cpu_ns=886444
K230_CARD_BENCH v=1 run=156580336561 event=submit input_id=157 frame_id=354 t_ns=165476414922 update_cpu_ns=15253951 final=1
K230_CARD_BENCH v=1 run=156580336561 event=submit input_id=156 frame_id=354 t_ns=165476414922 update_cpu_ns=15253951 final=0
K230_CARD_BENCH v=1 run=156580336561 event=present frame_id=353 t_ns=165450275000 presented=1 clock=monotonic
K230_CARD_BENCH v=1 run=156580336561 event=input input_id=157 gesture_id=8 kind=release t_ns=165450457191 source=injected
K230_CARD_SHELL state mode=1 actions=1 message=0 cards=1
K230_CARD_BENCH v=1 run=156580336561 event=input input_id=156 gesture_id=8 kind=motion t_ns=165449730895 source=injected
K230_CARD_SHELL state mode=2 actions=1 message=0 cards=1
K230_CARD_SHELL frame-cost run=156580336561 frame_id=353 total_cpu_ns=15396694 render_cpu_ns=12274956 input_cpu_ns=2797922
K230_CARD_BENCH v=1 run=156580336561 event=submit input_id=155 frame_id=353 t_ns=165445297874 update_cpu_ns=15396694 final=0
K230_CARD_BENCH v=1 run=156580336561 event=submit input_id=154 frame_id=353 t_ns=165445297874 update_cpu_ns=15396694 final=0
K230_CARD_BENCH v=1 run=156580336561 event=submit input_id=153 frame_id=353 t_ns=165445297874 update_cpu_ns=15396694 final=0
K230_CARD_BENCH v=1 run=156580336561 event=submit input_id=152 frame_id=353 t_ns=165445297874 update_cpu_ns=15396694 final=0
K230_CARD_BENCH v=1 run=156580336561 event=submit input_id=151 frame_id=353 t_ns=165445297874 update_cpu_ns=15396694 final=0
K230_CARD_BENCH v=1 run=156580336561 event=submit input_id=150 frame_id=353 t_ns=165445297874 update_cpu_ns=15396694 final=0
K230_CARD_BENCH v=1 run=156580336561 event=present frame_id=352 t_ns=165431125000 presented=1 clock=monotonic
K230_CARD_BENCH v=1 run=156580336561 event=input input_id=155 gesture_id=8 kind=motion t_ns=165428967567 source=injected
K230_CARD_SHELL state mode=2 actions=1 message=0 cards=1
K230_CARD_BENCH v=1 run=156580336561 event=input input_id=154 gesture_id=8 kind=motion t_ns=165426568391 source=injected
K230_CARD_SHELL state mode=2 actions=1 message=0 cards=1
K230_CARD_BENCH v=1 run=156580336561 event=input input_id=153 gesture_id=8 kind=motion t_ns=165425068647 source=injected
K230_CARD_SHELL state mode=2 actions=1 message=0 cards=1
K230_CARD_BENCH v=1 run=156580336561 event=input input_id=152 gesture_id=8 kind=motion t_ns=165424523258 source=injected
K230_CARD_SHELL state mode=2 actions=1 message=0 cards=1
K230_CARD_BENCH v=1 run=156580336561 event=input input_id=151 gesture_id=8 kind=motion t_ns=165423028214 source=injected
K230_CARD_SHELL state mode=2 actions=1 message=0 cards=1
K230_CARD_BENCH v=1 run=156580336561 event=input input_id=150 gesture_id=8 kind=motion t_ns=165421134640 source=injected
K230_CARD_SHELL state mode=2 actions=1 message=0 cards=1
K230_CARD_BENCH v=1 run=156580336561 event=present frame_id=351 t_ns=165392832000 presented=1 clock=monotonic
K230_CARD_SHELL frame-cost run=156580336561 frame_id=351 total_cpu_ns=16806903 render_cpu_ns=14309788 input_cpu_ns=2200783
K230_CARD_BENCH v=1 run=156580336561 event=submit input_id=149 frame_id=351 t_ns=165389910631 update_cpu_ns=16806903 final=0
K230_CARD_BENCH v=1 run=156580336561 event=submit input_id=148 frame_id=351 t_ns=165389910631 update_cpu_ns=16806903 final=0
K230_CARD_BENCH v=1 run=156580336561 event=submit input_id=147 frame_id=351 t_ns=165389910631 update_cpu_ns=16806903 final=0
K230_CARD_BENCH v=1 run=156580336561 event=submit input_id=146 frame_id=351 t_ns=165389910631 update_cpu_ns=16806903 final=0
K230_CARD_BENCH v=1 run=156580336561 event=submit input_id=145 frame_id=351 t_ns=165389910631 update_cpu_ns=16806903 final=0
K230_CARD_BENCH v=1 run=156580336561 event=submit input_id=144 frame_id=351 t_ns=165389910631 update_cpu_ns=16806903 final=0
K230_CARD_BENCH v=1 run=156580336561 event=present frame_id=350 t_ns=165373682000 presented=1 clock=monotonic
K230_CARD_BENCH v=1 run=156580336561 event=input input_id=149 gesture_id=8 kind=motion t_ns=165371557546 source=injected
K230_CARD_SHELL state mode=2 actions=1 message=0 cards=1
K230_CARD_BENCH v=1 run=156580336561 event=input input_id=148 gesture_id=8 kind=motion t_ns=165370067351 source=injected
K230_CARD_SHELL state mode=2 actions=1 message=0 cards=1
K230_CARD_BENCH v=1 run=156580336561 event=input input_id=147 gesture_id=8 kind=motion t_ns=165368594698 source=injected
K230_CARD_SHELL state mode=2 actions=1 message=0 cards=1
K230_CARD_BENCH v=1 run=156580336561 event=input input_id=146 gesture_id=8 kind=motion t_ns=165368123405 source=injected
K230_CARD_SHELL state mode=2 actions=1 message=0 cards=1
K230_CARD_BENCH v=1 run=156580336561 event=input input_id=145 gesture_id=8 kind=motion t_ns=165366392122 source=injected
K230_CARD_SHELL state mode=2 actions=1 message=0 cards=1
K230_CARD_BENCH v=1 run=156580336561 event=input input_id=144 gesture_id=8 kind=motion t_ns=165364459650 source=injected
K230_CARD_SHELL state mode=2 actions=1 message=0 cards=1
K230_CARD_BENCH v=1 run=156580336561 event=present frame_id=349 t_ns=165335389000 presented=1 clock=monotonic
K230_CARD_SHELL frame-cost run=156580336561 frame_id=349 total_cpu_ns=15115613 render_cpu_ns=14365429 input_cpu_ns=575667
K230_CARD_BENCH v=1 run=156580336561 event=submit input_id=143 frame_id=349 t_ns=165332600650 update_cpu_ns=15115613 final=0
K230_CARD_BENCH v=1 run=156580336561 event=submit input_id=142 frame_id=349 t_ns=165332600650 update_cpu_ns=15115613 final=0
K230_CARD_BENCH v=1 run=156580336561 event=submit input_id=141 frame_id=349 t_ns=165332600650 update_cpu_ns=15115613 final=0
K230_CARD_BENCH v=1 run=156580336561 event=present frame_id=348 t_ns=165316239000 presented=1 clock=monotonic
K230_CARD_BENCH v=1 run=156580336561 event=input input_id=143 gesture_id=8 kind=motion t_ns=165309754920 source=injected
K230_CARD_SHELL state mode=2 actions=1 message=0 cards=1
K230_CARD_BENCH v=1 run=156580336561 event=input input_id=142 gesture_id=8 kind=motion t_ns=165309492218 source=injected
K230_CARD_SHELL state mode=2 actions=1 message=0 cards=1
K230_CARD_BENCH v=1 run=156580336561 event=input input_id=141 gesture_id=8 kind=motion t_ns=165309159530 source=injected
K230_CARD_SHELL state mode=2 actions=1 message=0 cards=1
K230_CARD_SHELL frame-cost run=156580336561 frame_id=348 total_cpu_ns=14811965 render_cpu_ns=14173779 input_cpu_ns=414925
K230_CARD_BENCH v=1 run=156580336561 event=submit input_id=140 frame_id=348 t_ns=165305390776 update_cpu_ns=14811965 final=0
K230_CARD_BENCH v=1 run=156580336561 event=submit input_id=139 frame_id=348 t_ns=165305390776 update_cpu_ns=14811965 final=0
K230_CARD_BENCH v=1 run=156580336561 event=present frame_id=347 t_ns=165277947000 presented=1 clock=monotonic
K230_CARD_BENCH v=1 run=156580336561 event=input input_id=140 gesture_id=8 kind=motion t_ns=165278789208 source=injected
K230_CARD_SHELL state mode=2 actions=1 message=0 cards=1
K230_CARD_BENCH v=1 run=156580336561 event=input input_id=139 gesture_id=8 kind=motion t_ns=165278417066 source=injected
K230_CARD_SHELL state mode=2 actions=1 message=0 cards=1
K230_CARD_SHELL frame-cost run=156580336561 frame_id=347 total_cpu_ns=14908774 render_cpu_ns=14080627 input_cpu_ns=697481
K230_CARD_BENCH v=1 run=156580336561 event=submit input_id=138 frame_id=347 t_ns=165274518257 update_cpu_ns=14908774 final=0
K230_CARD_BENCH v=1 run=156580336561 event=submit input_id=137 frame_id=347 t_ns=165274518257 update_cpu_ns=14908774 final=0
K230_CARD_BENCH v=1 run=156580336561 event=present frame_id=346 t_ns=165258797000 presented=1 clock=monotonic
K230_CARD_BENCH v=1 run=156580336561 event=input input_id=138 gesture_id=8 kind=motion t_ns=165257299288 source=injected
K230_CARD_SHELL state mode=2 actions=1 message=0 cards=1
K230_CARD_BENCH v=1 run=156580336561 event=input input_id=137 gesture_id=8 kind=motion t_ns=165249046845 source=injected
K230_CARD_SHELL state mode=2 actions=1 message=0 cards=1
K230_CARD_SHELL state mode=2 actions=1 message=0 cards=1
K230_CARD_BENCH v=1 run=156580336561 event=present frame_id=345 t_ns=165220501000 presented=1 clock=monotonic
K230_CARD_BENCH v=1 run=156580336561 event=present frame_id=344 t_ns=165201354000 presented=1 clock=monotonic
K230_CARD_SHELL live cards=1 commits=178 sampled=352 frame-done=356 output-presented=178
K230_CARD_BENCH v=1 run=156580336561 event=present frame_id=343 t_ns=165163057000 presented=1 clock=monotonic
K230_CARD_BENCH v=1 run=156580336561 event=present frame_id=342 t_ns=165143911000 presented=1 clock=monotonic
K230_CARD_BENCH v=1 run=156580336561 event=present frame_id=341 t_ns=165105615000 presented=1 clock=monotonic
K230_CARD_BENCH v=1 run=156580336561 event=present frame_id=340 t_ns=165086468000 presented=1 clock=monotonic
K230_CARD_BENCH v=1 run=156580336561 event=present frame_id=339 t_ns=165048174000 presented=1 clock=monotonic
K230_CARD_BENCH v=1 run=156580336561 event=present frame_id=338 t_ns=165029026000 presented=1 clock=monotonic
K230_CARD_BENCH v=1 run=156580336561 event=present frame_id=337 t_ns=164990729000 presented=1 clock=monotonic
K230_CARD_BENCH v=1 run=156580336561 event=present frame_id=336 t_ns=164971583000 presented=1 clock=monotonic
K230_CARD_SHELL frame-cost run=156580336561 frame_id=336 total_cpu_ns=14860052 render_cpu_ns=14066498 input_cpu_ns=604185
K230_CARD_BENCH v=1 run=156580336561 event=submit input_id=136 frame_id=336 t_ns=164959812789 update_cpu_ns=14860052 final=1
K230_CARD_BENCH v=1 run=156580336561 event=submit input_id=135 frame_id=336 t_ns=164959812789 update_cpu_ns=14860052 final=0
K230_CARD_BENCH v=1 run=156580336561 event=present frame_id=335 t_ns=164933290000 presented=1 clock=monotonic
K230_CARD_BENCH v=1 run=156580336561 event=input input_id=136 gesture_id=7 kind=release t_ns=164932591621 source=injected
K230_CARD_SHELL state mode=1 actions=1 message=0 cards=1
K230_CARD_BENCH v=1 run=156580336561 event=input input_id=135 gesture_id=7 kind=motion t_ns=164932114897 source=injected
K230_CARD_SHELL state mode=2 actions=1 message=0 cards=1
K230_CARD_SHELL frame-cost run=156580336561 frame_id=335 total_cpu_ns=14297437 render_cpu_ns=11974178 input_cpu_ns=2083965
K230_CARD_BENCH v=1 run=156580336561 event=submit input_id=134 frame_id=335 t_ns=164928950923 update_cpu_ns=14297437 final=0
K230_CARD_BENCH v=1 run=156580336561 event=submit input_id=133 frame_id=335 t_ns=164928950923 update_cpu_ns=14297437 final=0
K230_CARD_BENCH v=1 run=156580336561 event=submit input_id=132 frame_id=335 t_ns=164928950923 update_cpu_ns=14297437 final=0
K230_CARD_BENCH v=1 run=156580336561 event=submit input_id=131 frame_id=335 t_ns=164928950923 update_cpu_ns=14297437 final=0
K230_CARD_BENCH v=1 run=156580336561 event=submit input_id=130 frame_id=335 t_ns=164928950923 update_cpu_ns=14297437 final=0
K230_CARD_BENCH v=1 run=156580336561 event=present frame_id=334 t_ns=164914142000 presented=1 clock=monotonic
K230_CARD_BENCH v=1 run=156580336561 event=input input_id=134 gesture_id=7 kind=motion t_ns=164909031469 source=injected
K230_CARD_SHELL state mode=2 actions=1 message=0 cards=1
K230_CARD_BENCH v=1 run=156580336561 event=input input_id=133 gesture_id=7 kind=motion t_ns=164907887494 source=injected
K230_CARD_SHELL state mode=2 actions=1 message=0 cards=1
K230_CARD_BENCH v=1 run=156580336561 event=input input_id=132 gesture_id=7 kind=motion t_ns=164906568018 source=injected
K230_CARD_SHELL state mode=2 actions=1 message=0 cards=1
K230_CARD_BENCH v=1 run=156580336561 event=input input_id=131 gesture_id=7 kind=motion t_ns=164904574185 source=injected
K230_CARD_SHELL state mode=2 actions=1 message=0 cards=1
K230_CARD_BENCH v=1 run=156580336561 event=input input_id=130 gesture_id=7 kind=motion t_ns=164902239750 source=injected
K230_CARD_SHELL state mode=2 actions=1 message=0 cards=1
K230_CARD_BENCH v=1 run=156580336561 event=present frame_id=333 t_ns=164875850000 presented=1 clock=monotonic
K230_CARD_SHELL frame-cost run=156580336561 frame_id=333 total_cpu_ns=15560049 render_cpu_ns=13523084 input_cpu_ns=1782817
K230_CARD_BENCH v=1 run=156580336561 event=submit input_id=129 frame_id=333 t_ns=164872146245 update_cpu_ns=15560049 final=0
K230_CARD_BENCH v=1 run=156580336561 event=submit input_id=128 frame_id=333 t_ns=164872146245 update_cpu_ns=15560049 final=0
K230_CARD_BENCH v=1 run=156580336561 event=submit input_id=127 frame_id=333 t_ns=164872146245 update_cpu_ns=15560049 final=0
K230_CARD_BENCH v=1 run=156580336561 event=submit input_id=126 frame_id=333 t_ns=164872146245 update_cpu_ns=15560049 final=0
K230_CARD_BENCH v=1 run=156580336561 event=submit input_id=125 frame_id=333 t_ns=164872146245 update_cpu_ns=15560049 final=0
K230_CARD_BENCH v=1 run=156580336561 event=submit input_id=124 frame_id=333 t_ns=164872146245 update_cpu_ns=15560049 final=0
K230_CARD_BENCH v=1 run=156580336561 event=present frame_id=332 t_ns=164856701000 presented=1 clock=monotonic
K230_CARD_BENCH v=1 run=156580336561 event=input input_id=129 gesture_id=7 kind=motion t_ns=164854534135 source=injected
K230_CARD_SHELL state mode=2 actions=1 message=0 cards=1
K230_CARD_BENCH v=1 run=156580336561 event=input input_id=128 gesture_id=7 kind=motion t_ns=164849981403 source=injected
K230_CARD_SHELL state mode=2 actions=1 message=0 cards=1
K230_CARD_BENCH v=1 run=156580336561 event=input input_id=127 gesture_id=7 kind=motion t_ns=164849679587 source=injected
K230_CARD_SHELL state mode=2 actions=1 message=0 cards=1
K230_CARD_BENCH v=1 run=156580336561 event=input input_id=126 gesture_id=7 kind=motion t_ns=164849338837 source=injected
K230_CARD_SHELL state mode=2 actions=1 message=0 cards=1
K230_CARD_BENCH v=1 run=156580336561 event=input input_id=125 gesture_id=7 kind=motion t_ns=164848915851 source=injected
K230_CARD_SHELL state mode=2 actions=1 message=0 cards=1
K230_CARD_BENCH v=1 run=156580336561 event=input input_id=124 gesture_id=7 kind=motion t_ns=164847090820 source=injected
K230_CARD_SHELL state mode=2 actions=1 message=0 cards=1
K230_CARD_BENCH v=1 run=156580336561 event=present frame_id=331 t_ns=164818410000 presented=1 clock=monotonic
K230_CARD_SHELL frame-cost run=156580336561 frame_id=331 total_cpu_ns=15898602 render_cpu_ns=13928938 input_cpu_ns=1724816
K230_CARD_BENCH v=1 run=156580336561 event=submit input_id=123 frame_id=331 t_ns=164815306112 update_cpu_ns=15898602 final=0
K230_CARD_BENCH v=1 run=156580336561 event=submit input_id=122 frame_id=331 t_ns=164815306112 update_cpu_ns=15898602 final=0
K230_CARD_BENCH v=1 run=156580336561 event=submit input_id=121 frame_id=331 t_ns=164815306112 update_cpu_ns=15898602 final=0
K230_CARD_BENCH v=1 run=156580336561 event=submit input_id=120 frame_id=331 t_ns=164815306112 update_cpu_ns=15898602 final=0
K230_CARD_BENCH v=1 run=156580336561 event=submit input_id=119 frame_id=331 t_ns=164815306112 update_cpu_ns=15898602 final=0
K230_CARD_BENCH v=1 run=156580336561 event=submit input_id=118 frame_id=331 t_ns=164815306112 update_cpu_ns=15898602 final=0
K230_CARD_BENCH v=1 run=156580336561 event=present frame_id=330 t_ns=164799259000 presented=1 clock=monotonic
K230_CARD_BENCH v=1 run=156580336561 event=input input_id=123 gesture_id=7 kind=motion t_ns=164795432810 source=injected
K230_CARD_SHELL state mode=2 actions=1 message=0 cards=1
K230_CARD_BENCH v=1 run=156580336561 event=input input_id=122 gesture_id=7 kind=motion t_ns=164792999892 source=injected
K230_CARD_SHELL state mode=2 actions=1 message=0 cards=1
K230_CARD_BENCH v=1 run=156580336561 event=input input_id=121 gesture_id=7 kind=motion t_ns=164792582162 source=injected
K230_CARD_SHELL state mode=2 actions=1 message=0 cards=1
K230_CARD_BENCH v=1 run=156580336561 event=input input_id=120 gesture_id=7 kind=motion t_ns=164791192515 source=injected
K230_CARD_SHELL state mode=2 actions=1 message=0 cards=1
K230_CARD_BENCH v=1 run=156580336561 event=input input_id=119 gesture_id=7 kind=motion t_ns=164789868265 source=injected
K230_CARD_SHELL state mode=2 actions=1 message=0 cards=1
K230_CARD_BENCH v=1 run=156580336561 event=input input_id=118 gesture_id=7 kind=motion t_ns=164788179578 source=injected
K230_CARD_SHELL state mode=2 actions=1 message=0 cards=1
K230_CARD_BENCH v=1 run=156580336561 event=present frame_id=329 t_ns=164760965000 presented=1 clock=monotonic
K230_CARD_SHELL frame-cost run=156580336561 frame_id=329 total_cpu_ns=15510983 render_cpu_ns=14240244 input_cpu_ns=503481
K230_CARD_BENCH v=1 run=156580336561 event=submit input_id=117 frame_id=329 t_ns=164758428859 update_cpu_ns=15510983 final=0
K230_CARD_BENCH v=1 run=156580336561 event=submit input_id=116 frame_id=329 t_ns=164758428859 update_cpu_ns=15510983 final=0
K230_CARD_BENCH v=1 run=156580336561 event=present frame_id=328 t_ns=164741820000 presented=1 clock=monotonic
K230_CARD_BENCH v=1 run=156580336561 event=input input_id=117 gesture_id=7 kind=motion t_ns=164734551199 source=injected
K230_CARD_SHELL state mode=2 actions=1 message=0 cards=1
K230_CARD_BENCH v=1 run=156580336561 event=input input_id=116 gesture_id=7 kind=motion t_ns=164730818198 source=injected
K230_CARD_SHELL state mode=2 actions=1 message=0 cards=1
K230_CARD_SHELL state mode=2 actions=1 message=0 cards=1
K230_CARD_BENCH v=1 run=156580336561 event=resource phase=active t_ns=164728187759 cpu_ns=8516590000 memory_bytes=24154112 scope=session
K230_CARD_BENCH v=1 run=156580336561 event=resource phase=active t_ns=164728187759 cpu_ns=4398825454 memory_bytes=27176960 scope=compositor
K230_CARD_BENCH v=1 run=156580336561 event=present frame_id=327 t_ns=164703523000 presented=1 clock=monotonic
K230_CARD_BENCH v=1 run=156580336561 event=present frame_id=326 t_ns=164665228000 presented=1 clock=monotonic
K230_CARD_BENCH v=1 run=156580336561 event=present frame_id=325 t_ns=164646082000 presented=1 clock=monotonic
K230_CARD_BENCH v=1 run=156580336561 event=present frame_id=324 t_ns=164607786000 presented=1 clock=monotonic
K230_CARD_BENCH v=1 run=156580336561 event=present frame_id=323 t_ns=164588640000 presented=1 clock=monotonic
K230_CARD_BENCH v=1 run=156580336561 event=present frame_id=322 t_ns=164550344000 presented=1 clock=monotonic
K230_CARD_BENCH v=1 run=156580336561 event=present frame_id=321 t_ns=164531198000 presented=1 clock=monotonic
K230_CARD_BENCH v=1 run=156580336561 event=present frame_id=320 t_ns=164492902000 presented=1 clock=monotonic
K230_CARD_BENCH v=1 run=156580336561 event=present frame_id=319 t_ns=164473757000 presented=1 clock=monotonic
K230_CARD_BENCH v=1 run=156580336561 event=present frame_id=318 t_ns=164435464000 presented=1 clock=monotonic
K230_CARD_SHELL frame-cost run=156580336561 frame_id=318 total_cpu_ns=15742170 render_cpu_ns=14242243 input_cpu_ns=1331148
K230_CARD_BENCH v=1 run=156580336561 event=submit input_id=115 frame_id=318 t_ns=164431629091 update_cpu_ns=15742170 final=1
K230_CARD_BENCH v=1 run=156580336561 event=submit input_id=114 frame_id=318 t_ns=164431629091 update_cpu_ns=15742170 final=0
K230_CARD_BENCH v=1 run=156580336561 event=submit input_id=113 frame_id=318 t_ns=164431629091 update_cpu_ns=15742170 final=0
K230_CARD_BENCH v=1 run=156580336561 event=present frame_id=317 t_ns=164416317000 presented=1 clock=monotonic
K230_CARD_BENCH v=1 run=156580336561 event=input input_id=115 gesture_id=6 kind=release t_ns=164407283071 source=injected
K230_CARD_SHELL state mode=1 actions=1 message=0 cards=1
K230_CARD_BENCH v=1 run=156580336561 event=input input_id=114 gesture_id=6 kind=motion t_ns=164406762083 source=injected
K230_CARD_SHELL state mode=2 actions=1 message=0 cards=1
K230_CARD_BENCH v=1 run=156580336561 event=input input_id=113 gesture_id=6 kind=motion t_ns=164403940747 source=injected
K230_CARD_SHELL state mode=2 actions=1 message=0 cards=1
K230_CARD_SHELL frame-cost run=156580336561 frame_id=317 total_cpu_ns=13257666 render_cpu_ns=12215666 input_cpu_ns=853925
K230_CARD_BENCH v=1 run=156580336561 event=submit input_id=112 frame_id=317 t_ns=164403162318 update_cpu_ns=13257666 final=0
K230_CARD_BENCH v=1 run=156580336561 event=submit input_id=111 frame_id=317 t_ns=164403162318 update_cpu_ns=13257666 final=0
K230_CARD_BENCH v=1 run=156580336561 event=present frame_id=316 t_ns=164378022000 presented=1 clock=monotonic
K230_CARD_BENCH v=1 run=156580336561 event=input input_id=112 gesture_id=6 kind=motion t_ns=164378742427 source=injected
K230_CARD_SHELL state mode=2 actions=1 message=0 cards=1
K230_CARD_BENCH v=1 run=156580336561 event=input input_id=111 gesture_id=6 kind=motion t_ns=164378133244 source=injected
K230_CARD_SHELL state mode=2 actions=1 message=0 cards=1
K230_CARD_SHELL frame-cost run=156580336561 frame_id=316 total_cpu_ns=14706607 render_cpu_ns=12896164 input_cpu_ns=1631331
K230_CARD_BENCH v=1 run=156580336561 event=submit input_id=110 frame_id=316 t_ns=164373811490 update_cpu_ns=14706607 final=0
K230_CARD_BENCH v=1 run=156580336561 event=submit input_id=109 frame_id=316 t_ns=164373811490 update_cpu_ns=14706607 final=0
K230_CARD_BENCH v=1 run=156580336561 event=submit input_id=108 frame_id=316 t_ns=164373811490 update_cpu_ns=14706607 final=0
K230_CARD_BENCH v=1 run=156580336561 event=submit input_id=107 frame_id=316 t_ns=164373811490 update_cpu_ns=14706607 final=0
K230_CARD_BENCH v=1 run=156580336561 event=present frame_id=315 t_ns=164358874000 presented=1 clock=monotonic
K230_CARD_BENCH v=1 run=156580336561 event=input input_id=110 gesture_id=6 kind=motion t_ns=164352970194 source=injected
K230_CARD_SHELL state mode=2 actions=1 message=0 cards=1
K230_CARD_BENCH v=1 run=156580336561 event=input input_id=109 gesture_id=6 kind=motion t_ns=164350319843 source=injected
K230_CARD_SHELL state mode=2 actions=1 message=0 cards=1
K230_CARD_BENCH v=1 run=156580336561 event=input input_id=108 gesture_id=6 kind=motion t_ns=164349886865 source=injected
K230_CARD_SHELL state mode=2 actions=1 message=0 cards=1
K230_CARD_BENCH v=1 run=156580336561 event=input input_id=107 gesture_id=6 kind=motion t_ns=164349396743 source=injected
K230_CARD_SHELL state mode=2 actions=1 message=0 cards=1
K230_CARD_SHELL frame-cost run=156580336561 frame_id=315 total_cpu_ns=14881420 render_cpu_ns=14130900 input_cpu_ns=588334
K230_CARD_BENCH v=1 run=156580336561 event=submit input_id=106 frame_id=315 t_ns=164348615243 update_cpu_ns=14881420 final=0
K230_CARD_BENCH v=1 run=156580336561 event=submit input_id=105 frame_id=315 t_ns=164348615243 update_cpu_ns=14881420 final=0
K230_CARD_BENCH v=1 run=156580336561 event=present frame_id=314 t_ns=164320580000 presented=1 clock=monotonic
K230_CARD_BENCH v=1 run=156580336561 event=input input_id=106 gesture_id=6 kind=motion t_ns=164321984604 source=injected
K230_CARD_SHELL state mode=2 actions=1 message=0 cards=1
K230_CARD_BENCH v=1 run=156580336561 event=input input_id=105 gesture_id=6 kind=motion t_ns=164318668445 source=injected
K230_CARD_SHELL state mode=2 actions=1 message=0 cards=1
K230_CARD_SHELL frame-cost run=156580336561 frame_id=314 total_cpu_ns=16180457 render_cpu_ns=14323754 input_cpu_ns=1623666
K230_CARD_BENCH v=1 run=156580336561 event=submit input_id=104 frame_id=314 t_ns=164317736240 update_cpu_ns=16180457 final=0
K230_CARD_BENCH v=1 run=156580336561 event=submit input_id=103 frame_id=314 t_ns=164317736240 update_cpu_ns=16180457 final=0
K230_CARD_BENCH v=1 run=156580336561 event=submit input_id=102 frame_id=314 t_ns=164317736240 update_cpu_ns=16180457 final=0
K230_CARD_BENCH v=1 run=156580336561 event=submit input_id=101 frame_id=314 t_ns=164317736240 update_cpu_ns=16180457 final=0
K230_CARD_BENCH v=1 run=156580336561 event=submit input_id=100 frame_id=314 t_ns=164317736240 update_cpu_ns=16180457 final=0
K230_CARD_BENCH v=1 run=156580336561 event=present frame_id=313 t_ns=164301432000 presented=1 clock=monotonic
K230_CARD_BENCH v=1 run=156580336561 event=input input_id=104 gesture_id=6 kind=motion t_ns=164295751895 source=injected
K230_CARD_SHELL state mode=2 actions=1 message=0 cards=1
K230_CARD_BENCH v=1 run=156580336561 event=input input_id=103 gesture_id=6 kind=motion t_ns=164295200707 source=injected
K230_CARD_SHELL state mode=2 actions=1 message=0 cards=1
K230_CARD_BENCH v=1 run=156580336561 event=input input_id=102 gesture_id=6 kind=motion t_ns=164294047368 source=injected
K230_CARD_SHELL state mode=2 actions=1 message=0 cards=1
K230_CARD_BENCH v=1 run=156580336561 event=input input_id=101 gesture_id=6 kind=motion t_ns=164293631488 source=injected
K230_CARD_SHELL state mode=2 actions=1 message=0 cards=1
K230_CARD_BENCH v=1 run=156580336561 event=input input_id=100 gesture_id=6 kind=motion t_ns=164291063706 source=injected
K230_CARD_SHELL state mode=2 actions=1 message=0 cards=1
K230_CARD_BENCH v=1 run=156580336561 event=present frame_id=312 t_ns=164263140000 presented=1 clock=monotonic
K230_CARD_SHELL frame-cost run=156580336561 frame_id=312 total_cpu_ns=15694026 render_cpu_ns=14118028 input_cpu_ns=1346776
K230_CARD_BENCH v=1 run=156580336561 event=submit input_id=99 frame_id=312 t_ns=164259742547 update_cpu_ns=15694026 final=0
K230_CARD_BENCH v=1 run=156580336561 event=submit input_id=98 frame_id=312 t_ns=164259742547 update_cpu_ns=15694026 final=0
K230_CARD_BENCH v=1 run=156580336561 event=submit input_id=97 frame_id=312 t_ns=164259742547 update_cpu_ns=15694026 final=0
K230_CARD_BENCH v=1 run=156580336561 event=submit input_id=96 frame_id=312 t_ns=164259742547 update_cpu_ns=15694026 final=0
K230_CARD_BENCH v=1 run=156580336561 event=submit input_id=95 frame_id=312 t_ns=164259742547 update_cpu_ns=15694026 final=0
K230_CARD_BENCH v=1 run=156580336561 event=present frame_id=311 t_ns=164243991000 presented=1 clock=monotonic
K230_CARD_BENCH v=1 run=156580336561 event=input input_id=99 gesture_id=6 kind=motion t_ns=164242141873 source=injected
K230_CARD_SHELL state mode=2 actions=1 message=0 cards=1
K230_CARD_BENCH v=1 run=156580336561 event=input input_id=98 gesture_id=6 kind=motion t_ns=164237284105 source=injected
K230_CARD_SHELL state mode=2 actions=1 message=0 cards=1
K230_CARD_BENCH v=1 run=156580336561 event=input input_id=97 gesture_id=6 kind=motion t_ns=164236922148 source=injected
K230_CARD_SHELL state mode=2 actions=1 message=0 cards=1
K230_CARD_BENCH v=1 run=156580336561 event=input input_id=96 gesture_id=6 kind=motion t_ns=164235728247 source=injected
K230_CARD_SHELL state mode=2 actions=1 message=0 cards=1
K230_CARD_BENCH v=1 run=156580336561 event=input input_id=95 gesture_id=6 kind=motion t_ns=164234039523 source=injected
K230_CARD_SHELL state mode=2 actions=1 message=0 cards=1
K230_CARD_BENCH v=1 run=156580336561 event=present frame_id=310 t_ns=164205697000 presented=1 clock=monotonic
K230_CARD_BENCH v=1 run=156580336561 event=present frame_id=309 t_ns=164186551000 presented=1 clock=monotonic
K230_CARD_SHELL state mode=2 actions=1 message=0 cards=1
K230_CARD_BENCH v=1 run=156580336561 event=present frame_id=308 t_ns=164148254000 presented=1 clock=monotonic
K230_CARD_BENCH v=1 run=156580336561 event=present frame_id=307 t_ns=164129108000 presented=1 clock=monotonic
K230_CARD_BENCH v=1 run=156580336561 event=present frame_id=306 t_ns=164090827000 presented=1 clock=monotonic
K230_CARD_BENCH v=1 run=156580336561 event=present frame_id=305 t_ns=164071666000 presented=1 clock=monotonic
K230_CARD_BENCH v=1 run=156580336561 event=present frame_id=304 t_ns=164033370000 presented=1 clock=monotonic
K230_CARD_BENCH v=1 run=156580336561 event=present frame_id=303 t_ns=164014225000 presented=1 clock=monotonic
K230_CARD_BENCH v=1 run=156580336561 event=present frame_id=302 t_ns=163975930000 presented=1 clock=monotonic
K230_CARD_BENCH v=1 run=156580336561 event=present frame_id=301 t_ns=163956784000 presented=1 clock=monotonic
K230_CARD_BENCH v=1 run=156580336561 event=present frame_id=300 t_ns=163918490000 presented=1 clock=monotonic
K230_CARD_SHELL frame-cost run=156580336561 frame_id=300 total_cpu_ns=14966213 render_cpu_ns=14195656 input_cpu_ns=588812
K230_CARD_BENCH v=1 run=156580336561 event=submit input_id=94 frame_id=300 t_ns=163915153587 update_cpu_ns=14966213 final=1
K230_CARD_BENCH v=1 run=156580336561 event=submit input_id=93 frame_id=300 t_ns=163915153587 update_cpu_ns=14966213 final=0
K230_CARD_BENCH v=1 run=156580336561 event=present frame_id=299 t_ns=163899344000 presented=1 clock=monotonic
K230_CARD_BENCH v=1 run=156580336561 event=input input_id=94 gesture_id=5 kind=release t_ns=163889407205 source=injected
K230_CARD_SHELL state mode=1 actions=1 message=0 cards=1
K230_CARD_BENCH v=1 run=156580336561 event=input input_id=93 gesture_id=5 kind=motion t_ns=163887653899 source=injected
K230_CARD_SHELL state mode=2 actions=1 message=0 cards=1
K230_CARD_SHELL frame-cost run=156580336561 frame_id=299 total_cpu_ns=12832219 render_cpu_ns=11888071 input_cpu_ns=679704
K230_CARD_BENCH v=1 run=156580336561 event=submit input_id=92 frame_id=299 t_ns=163886706022 update_cpu_ns=12832219 final=0
K230_CARD_BENCH v=1 run=156580336561 event=submit input_id=91 frame_id=299 t_ns=163886706022 update_cpu_ns=12832219 final=0
K230_CARD_BENCH v=1 run=156580336561 event=present frame_id=298 t_ns=163861053000 presented=1 clock=monotonic
K230_CARD_BENCH v=1 run=156580336561 event=input input_id=92 gesture_id=5 kind=motion t_ns=163861574621 source=injected
K230_CARD_SHELL state mode=2 actions=1 message=0 cards=1
K230_CARD_BENCH v=1 run=156580336561 event=input input_id=91 gesture_id=5 kind=motion t_ns=163860974296 source=injected
K230_CARD_SHELL state mode=2 actions=1 message=0 cards=1
K230_CARD_SHELL frame-cost run=156580336561 frame_id=298 total_cpu_ns=13979688 render_cpu_ns=12491022 input_cpu_ns=1326037
K230_CARD_BENCH v=1 run=156580336561 event=submit input_id=90 frame_id=298 t_ns=163856332023 update_cpu_ns=13979688 final=0
K230_CARD_BENCH v=1 run=156580336561 event=submit input_id=89 frame_id=298 t_ns=163856332023 update_cpu_ns=13979688 final=0
K230_CARD_BENCH v=1 run=156580336561 event=submit input_id=88 frame_id=298 t_ns=163856332023 update_cpu_ns=13979688 final=0
K230_CARD_BENCH v=1 run=156580336561 event=submit input_id=87 frame_id=298 t_ns=163856332023 update_cpu_ns=13979688 final=0
K230_CARD_BENCH v=1 run=156580336561 event=present frame_id=297 t_ns=163841904000 presented=1 clock=monotonic
K230_CARD_BENCH v=1 run=156580336561 event=input input_id=90 gesture_id=5 kind=motion t_ns=163838437788 source=injected
K230_CARD_SHELL state mode=2 actions=1 message=0 cards=1
K230_CARD_BENCH v=1 run=156580336561 event=input input_id=89 gesture_id=5 kind=motion t_ns=163834703348 source=injected
K230_CARD_SHELL state mode=2 actions=1 message=0 cards=1
K230_CARD_BENCH v=1 run=156580336561 event=input input_id=88 gesture_id=5 kind=motion t_ns=163834323449 source=injected
K230_CARD_SHELL state mode=2 actions=1 message=0 cards=1
K230_CARD_BENCH v=1 run=156580336561 event=input input_id=87 gesture_id=5 kind=motion t_ns=163833903396 source=injected
K230_CARD_SHELL state mode=2 actions=1 message=0 cards=1
K230_CARD_SHELL frame-cost run=156580336561 frame_id=297 total_cpu_ns=14722563 render_cpu_ns=14032228 input_cpu_ns=469185
K230_CARD_BENCH v=1 run=156580336561 event=submit input_id=86 frame_id=297 t_ns=163833065547 update_cpu_ns=14722563 final=0
K230_CARD_BENCH v=1 run=156580336561 event=submit input_id=85 frame_id=297 t_ns=163833065547 update_cpu_ns=14722563 final=0
K230_CARD_BENCH v=1 run=156580336561 event=present frame_id=296 t_ns=163803612000 presented=1 clock=monotonic
K230_CARD_BENCH v=1 run=156580336561 event=input input_id=86 gesture_id=5 kind=motion t_ns=163802517272 source=injected
K230_CARD_SHELL state mode=2 actions=1 message=0 cards=1
K230_CARD_BENCH v=1 run=156580336561 event=input input_id=85 gesture_id=5 kind=motion t_ns=163802157987 source=injected
K230_CARD_SHELL state mode=2 actions=1 message=0 cards=1
K230_CARD_SHELL frame-cost run=156580336561 frame_id=296 total_cpu_ns=15508090 render_cpu_ns=13922756 input_cpu_ns=1354444
K230_CARD_BENCH v=1 run=156580336561 event=submit input_id=84 frame_id=296 t_ns=163800220746 update_cpu_ns=15508090 final=0
K230_CARD_BENCH v=1 run=156580336561 event=submit input_id=83 frame_id=296 t_ns=163800220746 update_cpu_ns=15508090 final=0
K230_CARD_BENCH v=1 run=156580336561 event=submit input_id=82 frame_id=296 t_ns=163800220746 update_cpu_ns=15508090 final=0
K230_CARD_BENCH v=1 run=156580336561 event=submit input_id=81 frame_id=296 t_ns=163800220746 update_cpu_ns=15508090 final=0
K230_CARD_BENCH v=1 run=156580336561 event=submit input_id=80 frame_id=296 t_ns=163800220746 update_cpu_ns=15508090 final=0
K230_CARD_BENCH v=1 run=156580336561 event=present frame_id=295 t_ns=163784463000 presented=1 clock=monotonic
K230_CARD_BENCH v=1 run=156580336561 event=input input_id=84 gesture_id=5 kind=motion t_ns=163776435736 source=injected
K230_CARD_SHELL state mode=2 actions=1 message=0 cards=1
K230_CARD_BENCH v=1 run=156580336561 event=input input_id=83 gesture_id=5 kind=motion t_ns=163774330103 source=injected
K230_CARD_SHELL state mode=2 actions=1 message=0 cards=1
K230_CARD_BENCH v=1 run=156580336561 event=input input_id=82 gesture_id=5 kind=motion t_ns=163773963824 source=injected
K230_CARD_SHELL state mode=2 actions=1 message=0 cards=1
K230_CARD_BENCH v=1 run=156580336561 event=input input_id=81 gesture_id=5 kind=motion t_ns=163772394971 source=injected
K230_CARD_SHELL state mode=2 actions=1 message=0 cards=1
K230_CARD_BENCH v=1 run=156580336561 event=input input_id=80 gesture_id=5 kind=motion t_ns=163772041608 source=injected
K230_CARD_SHELL state mode=2 actions=1 message=0 cards=1
K230_CARD_BENCH v=1 run=156580336561 event=present frame_id=294 t_ns=163746171000 presented=1 clock=monotonic
K230_CARD_SHELL frame-cost run=156580336561 frame_id=294 total_cpu_ns=15228540 render_cpu_ns=14060134 input_cpu_ns=973926
K230_CARD_BENCH v=1 run=156580336561 event=submit input_id=79 frame_id=294 t_ns=163743421359 update_cpu_ns=15228540 final=0
K230_CARD_BENCH v=1 run=156580336561 event=submit input_id=78 frame_id=294 t_ns=163743421359 update_cpu_ns=15228540 final=0
K230_CARD_BENCH v=1 run=156580336561 event=submit input_id=77 frame_id=294 t_ns=163743421359 update_cpu_ns=15228540 final=0
K230_CARD_BENCH v=1 run=156580336561 event=submit input_id=76 frame_id=294 t_ns=163743421359 update_cpu_ns=15228540 final=0
K230_CARD_BENCH v=1 run=156580336561 event=present frame_id=293 t_ns=163727025000 presented=1 clock=monotonic
K230_CARD_BENCH v=1 run=156580336561 event=input input_id=79 gesture_id=5 kind=motion t_ns=163726098619 source=injected
K230_CARD_SHELL state mode=2 actions=1 message=0 cards=1
K230_CARD_BENCH v=1 run=156580336561 event=input input_id=78 gesture_id=5 kind=motion t_ns=163719518993 source=injected
K230_CARD_SHELL state mode=2 actions=1 message=0 cards=1
K230_CARD_BENCH v=1 run=156580336561 event=input input_id=77 gesture_id=5 kind=motion t_ns=163719152011 source=injected
K230_CARD_SHELL state mode=2 actions=1 message=0 cards=1
K230_CARD_BENCH v=1 run=156580336561 event=input input_id=76 gesture_id=5 kind=motion t_ns=163717882821 source=injected
K230_CARD_SHELL state mode=2 actions=1 message=0 cards=1
K230_CARD_SHELL frame-cost run=156580336561 frame_id=293 total_cpu_ns=15321652 render_cpu_ns=14046834 input_cpu_ns=284074
K230_CARD_BENCH v=1 run=156580336561 event=submit input_id=75 frame_id=293 t_ns=163716980020 update_cpu_ns=15321652 final=0
K230_CARD_BENCH v=1 run=156580336561 event=submit input_id=74 frame_id=293 t_ns=163716980020 update_cpu_ns=15321652 final=0
K230_CARD_BENCH v=1 run=156580336561 event=present frame_id=292 t_ns=163688732000 presented=1 clock=monotonic
K230_CARD_BENCH v=1 run=156580336561 event=input input_id=75 gesture_id=5 kind=motion t_ns=163692498351 source=injected
K230_CARD_SHELL state mode=2 actions=1 message=0 cards=1
K230_CARD_BENCH v=1 run=156580336561 event=input input_id=74 gesture_id=5 kind=motion t_ns=163692288510 source=injected
K230_CARD_SHELL state mode=2 actions=1 message=0 cards=1
K230_CARD_BENCH v=1 run=156580336561 event=resource phase=active t_ns=163688177908 cpu_ns=7787336000 memory_bytes=24154112 scope=session
K230_CARD_BENCH v=1 run=156580336561 event=resource phase=active t_ns=163688177908 cpu_ns=3848320445 memory_bytes=27176960 scope=compositor
K230_CARD_BENCH v=1 run=156580336561 event=present frame_id=291 t_ns=163669582000 presented=1 clock=monotonic
K230_CARD_SHELL state mode=2 actions=1 message=0 cards=1
K230_CARD_BENCH v=1 run=156580336561 event=present frame_id=290 t_ns=163631290000 presented=1 clock=monotonic
K230_CARD_BENCH v=1 run=156580336561 event=present frame_id=289 t_ns=163612142000 presented=1 clock=monotonic
K230_CARD_BENCH v=1 run=156580336561 event=present frame_id=288 t_ns=163573847000 presented=1 clock=monotonic
K230_CARD_BENCH v=1 run=156580336561 event=present frame_id=287 t_ns=163554701000 presented=1 clock=monotonic
K230_CARD_BENCH v=1 run=156580336561 event=present frame_id=286 t_ns=163516408000 presented=1 clock=monotonic
K230_CARD_BENCH v=1 run=156580336561 event=present frame_id=285 t_ns=163497262000 presented=1 clock=monotonic
K230_CARD_SHELL live cards=1 commits=118 sampled=234 frame-done=238 output-presented=119
K230_CARD_BENCH v=1 run=156580336561 event=present frame_id=284 t_ns=163458966000 presented=1 clock=monotonic
K230_CARD_BENCH v=1 run=156580336561 event=present frame_id=283 t_ns=163439821000 presented=1 clock=monotonic
K230_CARD_BENCH v=1 run=156580336561 event=present frame_id=282 t_ns=163401528000 presented=1 clock=monotonic
K230_CARD_SHELL frame-cost run=156580336561 frame_id=282 total_cpu_ns=16221356 render_cpu_ns=14413910 input_cpu_ns=1625667
K230_CARD_BENCH v=1 run=156580336561 event=submit input_id=73 frame_id=282 t_ns=163398782974 update_cpu_ns=16221356 final=1
K230_CARD_BENCH v=1 run=156580336561 event=submit input_id=72 frame_id=282 t_ns=163398782974 update_cpu_ns=16221356 final=0
K230_CARD_BENCH v=1 run=156580336561 event=submit input_id=71 frame_id=282 t_ns=163398782974 update_cpu_ns=16221356 final=0
K230_CARD_BENCH v=1 run=156580336561 event=present frame_id=281 t_ns=163382381000 presented=1 clock=monotonic
K230_CARD_BENCH v=1 run=156580336561 event=input input_id=73 gesture_id=4 kind=release t_ns=163372927342 source=injected
K230_CARD_SHELL state mode=1 actions=1 message=0 cards=1
K230_CARD_BENCH v=1 run=156580336561 event=input input_id=72 gesture_id=4 kind=motion t_ns=163370710607 source=injected
K230_CARD_SHELL state mode=2 actions=1 message=0 cards=1
K230_CARD_BENCH v=1 run=156580336561 event=input input_id=71 gesture_id=4 kind=motion t_ns=163368748126 source=injected
K230_CARD_SHELL state mode=2 actions=1 message=0 cards=1
K230_CARD_BENCH v=1 run=156580336561 event=present frame_id=280 t_ns=163344089000 presented=1 clock=monotonic
K230_CARD_SHELL frame-cost run=156580336561 frame_id=280 total_cpu_ns=15385803 render_cpu_ns=12224656 input_cpu_ns=2841961
K230_CARD_BENCH v=1 run=156580336561 event=submit input_id=70 frame_id=280 t_ns=163339931950 update_cpu_ns=15385803 final=0
K230_CARD_BENCH v=1 run=156580336561 event=submit input_id=69 frame_id=280 t_ns=163339931950 update_cpu_ns=15385803 final=0
K230_CARD_BENCH v=1 run=156580336561 event=submit input_id=68 frame_id=280 t_ns=163339931950 update_cpu_ns=15385803 final=0
K230_CARD_BENCH v=1 run=156580336561 event=submit input_id=67 frame_id=280 t_ns=163339931950 update_cpu_ns=15385803 final=0
K230_CARD_BENCH v=1 run=156580336561 event=submit input_id=66 frame_id=280 t_ns=163339931950 update_cpu_ns=15385803 final=0
K230_CARD_BENCH v=1 run=156580336561 event=submit input_id=65 frame_id=280 t_ns=163339931950 update_cpu_ns=15385803 final=0
K230_CARD_BENCH v=1 run=156580336561 event=present frame_id=279 t_ns=163324942000 presented=1 clock=monotonic
K230_CARD_BENCH v=1 run=156580336561 event=input input_id=70 gesture_id=4 kind=motion t_ns=163324559368 source=injected
K230_CARD_SHELL state mode=2 actions=1 message=0 cards=1
K230_CARD_BENCH v=1 run=156580336561 event=input input_id=69 gesture_id=4 kind=motion t_ns=163321597086 source=injected
K230_CARD_SHELL state mode=2 actions=1 message=0 cards=1
K230_CARD_BENCH v=1 run=156580336561 event=input input_id=68 gesture_id=4 kind=motion t_ns=163319960950 source=injected
K230_CARD_SHELL state mode=2 actions=1 message=0 cards=1
K230_CARD_BENCH v=1 run=156580336561 event=input input_id=67 gesture_id=4 kind=motion t_ns=163319415658 source=injected
K230_CARD_SHELL state mode=2 actions=1 message=0 cards=1
K230_CARD_BENCH v=1 run=156580336561 event=input input_id=66 gesture_id=4 kind=motion t_ns=163318259309 source=injected
K230_CARD_SHELL state mode=2 actions=1 message=0 cards=1
K230_CARD_BENCH v=1 run=156580336561 event=input input_id=65 gesture_id=4 kind=motion t_ns=163317039304 source=injected
K230_CARD_SHELL state mode=2 actions=1 message=0 cards=1
K230_CARD_BENCH v=1 run=156580336561 event=present frame_id=278 t_ns=163286656000 presented=1 clock=monotonic
K230_CARD_SHELL frame-cost run=156580336561 frame_id=278 total_cpu_ns=16401570 render_cpu_ns=14109454 input_cpu_ns=2002966
K230_CARD_BENCH v=1 run=156580336561 event=submit input_id=64 frame_id=278 t_ns=163283229379 update_cpu_ns=16401570 final=0
K230_CARD_BENCH v=1 run=156580336561 event=submit input_id=63 frame_id=278 t_ns=163283229379 update_cpu_ns=16401570 final=0
K230_CARD_BENCH v=1 run=156580336561 event=submit input_id=62 frame_id=278 t_ns=163283229379 update_cpu_ns=16401570 final=0
K230_CARD_BENCH v=1 run=156580336561 event=submit input_id=61 frame_id=278 t_ns=163283229379 update_cpu_ns=16401570 final=0
K230_CARD_BENCH v=1 run=156580336561 event=submit input_id=60 frame_id=278 t_ns=163283229379 update_cpu_ns=16401570 final=0
K230_CARD_BENCH v=1 run=156580336561 event=submit input_id=59 frame_id=278 t_ns=163283229379 update_cpu_ns=16401570 final=0
K230_CARD_BENCH v=1 run=156580336561 event=present frame_id=277 t_ns=163267500000 presented=1 clock=monotonic
K230_CARD_BENCH v=1 run=156580336561 event=input input_id=64 gesture_id=4 kind=motion t_ns=163264544742 source=injected
K230_CARD_SHELL state mode=2 actions=1 message=0 cards=1
K230_CARD_BENCH v=1 run=156580336561 event=input input_id=63 gesture_id=4 kind=motion t_ns=163261191199 source=injected
K230_CARD_SHELL state mode=2 actions=1 message=0 cards=1
K230_CARD_BENCH v=1 run=156580336561 event=input input_id=62 gesture_id=4 kind=motion t_ns=163259571680 source=injected
K230_CARD_SHELL state mode=2 actions=1 message=0 cards=1
K230_CARD_BENCH v=1 run=156580336561 event=input input_id=61 gesture_id=4 kind=motion t_ns=163259159029 source=injected
K230_CARD_SHELL state mode=2 actions=1 message=0 cards=1
K230_CARD_BENCH v=1 run=156580336561 event=input input_id=60 gesture_id=4 kind=motion t_ns=163257909639 source=injected
K230_CARD_SHELL state mode=2 actions=1 message=0 cards=1
K230_CARD_BENCH v=1 run=156580336561 event=input input_id=59 gesture_id=4 kind=motion t_ns=163257166903 source=injected
K230_CARD_SHELL state mode=2 actions=1 message=0 cards=1
K230_CARD_BENCH v=1 run=156580336561 event=present frame_id=276 t_ns=163229209000 presented=1 clock=monotonic
K230_CARD_SHELL frame-cost run=156580336561 frame_id=276 total_cpu_ns=15870360 render_cpu_ns=14197954 input_cpu_ns=1432739
K230_CARD_BENCH v=1 run=156580336561 event=submit input_id=58 frame_id=276 t_ns=163226387802 update_cpu_ns=15870360 final=0
K230_CARD_BENCH v=1 run=156580336561 event=submit input_id=57 frame_id=276 t_ns=163226387802 update_cpu_ns=15870360 final=0
K230_CARD_BENCH v=1 run=156580336561 event=submit input_id=56 frame_id=276 t_ns=163226387802 update_cpu_ns=15870360 final=0
K230_CARD_BENCH v=1 run=156580336561 event=submit input_id=55 frame_id=276 t_ns=163226387802 update_cpu_ns=15870360 final=0
K230_CARD_BENCH v=1 run=156580336561 event=submit input_id=54 frame_id=276 t_ns=163226387802 update_cpu_ns=15870360 final=0
K230_CARD_BENCH v=1 run=156580336561 event=submit input_id=53 frame_id=276 t_ns=163226387802 update_cpu_ns=15870360 final=0
K230_CARD_BENCH v=1 run=156580336561 event=present frame_id=275 t_ns=163210060000 presented=1 clock=monotonic
K230_CARD_BENCH v=1 run=156580336561 event=input input_id=58 gesture_id=4 kind=motion t_ns=163205264708 source=injected
K230_CARD_SHELL state mode=2 actions=1 message=0 cards=1
K230_CARD_BENCH v=1 run=156580336561 event=input input_id=57 gesture_id=4 kind=motion t_ns=163203140978 source=injected
K230_CARD_SHELL state mode=2 actions=1 message=0 cards=1
K230_CARD_BENCH v=1 run=156580336561 event=input input_id=56 gesture_id=4 kind=motion t_ns=163201413393 source=injected
K230_CARD_SHELL state mode=2 actions=1 message=0 cards=1
K230_CARD_BENCH v=1 run=156580336561 event=input input_id=55 gesture_id=4 kind=motion t_ns=163201152664 source=injected
K230_CARD_SHELL state mode=2 actions=1 message=0 cards=1
K230_CARD_BENCH v=1 run=156580336561 event=input input_id=54 gesture_id=4 kind=motion t_ns=163200801337 source=injected
K230_CARD_SHELL state mode=2 actions=1 message=0 cards=1
K230_CARD_BENCH v=1 run=156580336561 event=input input_id=53 gesture_id=4 kind=motion t_ns=163199055210 source=injected
K230_CARD_SHELL state mode=2 actions=1 message=0 cards=1
K230_CARD_BENCH v=1 run=156580336561 event=present frame_id=274 t_ns=163171764000 presented=1 clock=monotonic
K230_CARD_BENCH v=1 run=156580336561 event=present frame_id=273 t_ns=163152619000 presented=1 clock=monotonic
K230_CARD_SHELL state mode=2 actions=1 message=0 cards=1
K230_CARD_BENCH v=1 run=156580336561 event=present frame_id=272 t_ns=163114325000 presented=1 clock=monotonic
K230_CARD_BENCH v=1 run=156580336561 event=present frame_id=271 t_ns=163095179000 presented=1 clock=monotonic
K230_CARD_BENCH v=1 run=156580336561 event=present frame_id=270 t_ns=163056885000 presented=1 clock=monotonic
K230_CARD_BENCH v=1 run=156580336561 event=present frame_id=269 t_ns=163037739000 presented=1 clock=monotonic
K230_CARD_BENCH v=1 run=156580336561 event=present frame_id=268 t_ns=162999443000 presented=1 clock=monotonic
K230_CARD_BENCH v=1 run=156580336561 event=present frame_id=267 t_ns=162980299000 presented=1 clock=monotonic
K230_CARD_BENCH v=1 run=156580336561 event=present frame_id=266 t_ns=162942005000 presented=1 clock=monotonic
K230_CARD_BENCH v=1 run=156580336561 event=present frame_id=265 t_ns=162922860000 presented=1 clock=monotonic
K230_CARD_BENCH v=1 run=156580336561 event=present frame_id=264 t_ns=162884569000 presented=1 clock=monotonic
K230_CARD_SHELL frame-cost run=156580336561 frame_id=264 total_cpu_ns=15777726 render_cpu_ns=14246506 input_cpu_ns=1349888
K230_CARD_BENCH v=1 run=156580336561 event=submit input_id=52 frame_id=264 t_ns=162881322031 update_cpu_ns=15777726 final=1
K230_CARD_BENCH v=1 run=156580336561 event=submit input_id=51 frame_id=264 t_ns=162881322031 update_cpu_ns=15777726 final=0
K230_CARD_BENCH v=1 run=156580336561 event=submit input_id=50 frame_id=264 t_ns=162881322031 update_cpu_ns=15777726 final=0
K230_CARD_BENCH v=1 run=156580336561 event=present frame_id=263 t_ns=162865421000 presented=1 clock=monotonic
K230_CARD_BENCH v=1 run=156580336561 event=input input_id=52 gesture_id=3 kind=release t_ns=162859725389 source=injected
K230_CARD_SHELL state mode=1 actions=1 message=0 cards=1
K230_CARD_BENCH v=1 run=156580336561 event=input input_id=51 gesture_id=3 kind=motion t_ns=162857653294 source=injected
K230_CARD_SHELL state mode=2 actions=1 message=0 cards=1
K230_CARD_BENCH v=1 run=156580336561 event=input input_id=50 gesture_id=3 kind=motion t_ns=162855714170 source=injected
K230_CARD_SHELL state mode=2 actions=1 message=0 cards=1
K230_CARD_BENCH v=1 run=156580336561 event=present frame_id=262 t_ns=162827136000 presented=1 clock=monotonic
K230_CARD_SHELL frame-cost run=156580336561 frame_id=262 total_cpu_ns=14433884 render_cpu_ns=12052921 input_cpu_ns=2072814
K230_CARD_BENCH v=1 run=156580336561 event=submit input_id=49 frame_id=262 t_ns=162821649873 update_cpu_ns=14433884 final=0
K230_CARD_BENCH v=1 run=156580336561 event=submit input_id=48 frame_id=262 t_ns=162821649873 update_cpu_ns=14433884 final=0
K230_CARD_BENCH v=1 run=156580336561 event=submit input_id=47 frame_id=262 t_ns=162821649873 update_cpu_ns=14433884 final=0
K230_CARD_BENCH v=1 run=156580336561 event=submit input_id=46 frame_id=262 t_ns=162821649873 update_cpu_ns=14433884 final=0
K230_CARD_BENCH v=1 run=156580336561 event=submit input_id=45 frame_id=262 t_ns=162821649873 update_cpu_ns=14433884 final=0
K230_CARD_BENCH v=1 run=156580336561 event=submit input_id=44 frame_id=262 t_ns=162821649873 update_cpu_ns=14433884 final=0
K230_CARD_BENCH v=1 run=156580336561 event=present frame_id=261 t_ns=162807982000 presented=1 clock=monotonic
K230_CARD_BENCH v=1 run=156580336561 event=input input_id=49 gesture_id=3 kind=motion t_ns=162805446711 source=injected
K230_CARD_SHELL state mode=2 actions=1 message=0 cards=1
K230_CARD_BENCH v=1 run=156580336561 event=input input_id=48 gesture_id=3 kind=motion t_ns=162802564578 source=injected
K230_CARD_SHELL state mode=2 actions=1 message=0 cards=1
K230_CARD_BENCH v=1 run=156580336561 event=input input_id=47 gesture_id=3 kind=motion t_ns=162802067890 source=injected
K230_CARD_SHELL state mode=2 actions=1 message=0 cards=1
K230_CARD_BENCH v=1 run=156580336561 event=input input_id=46 gesture_id=3 kind=motion t_ns=162800558876 source=injected
K230_CARD_SHELL state mode=2 actions=1 message=0 cards=1
K230_CARD_BENCH v=1 run=156580336561 event=input input_id=45 gesture_id=3 kind=motion t_ns=162800121993 source=injected
K230_CARD_SHELL state mode=2 actions=1 message=0 cards=1
K230_CARD_BENCH v=1 run=156580336561 event=input input_id=44 gesture_id=3 kind=motion t_ns=162798701207 source=injected
K230_CARD_SHELL state mode=2 actions=1 message=0 cards=1
K230_CARD_BENCH v=1 run=156580336561 event=present frame_id=260 t_ns=162769690000 presented=1 clock=monotonic
K230_CARD_SHELL frame-cost run=156580336561 frame_id=260 total_cpu_ns=15802945 render_cpu_ns=13995388 input_cpu_ns=1527000
K230_CARD_BENCH v=1 run=156580336561 event=submit input_id=43 frame_id=260 t_ns=162766297399 update_cpu_ns=15802945 final=0
K230_CARD_BENCH v=1 run=156580336561 event=submit input_id=42 frame_id=260 t_ns=162766297399 update_cpu_ns=15802945 final=0
K230_CARD_BENCH v=1 run=156580336561 event=submit input_id=41 frame_id=260 t_ns=162766297399 update_cpu_ns=15802945 final=0
K230_CARD_BENCH v=1 run=156580336561 event=submit input_id=40 frame_id=260 t_ns=162766297399 update_cpu_ns=15802945 final=0
K230_CARD_BENCH v=1 run=156580336561 event=submit input_id=39 frame_id=260 t_ns=162766297399 update_cpu_ns=15802945 final=0
K230_CARD_BENCH v=1 run=156580336561 event=submit input_id=38 frame_id=260 t_ns=162766297399 update_cpu_ns=15802945 final=0
K230_CARD_BENCH v=1 run=156580336561 event=present frame_id=259 t_ns=162750542000 presented=1 clock=monotonic
K230_CARD_BENCH v=1 run=156580336561 event=input input_id=43 gesture_id=3 kind=motion t_ns=162744601020 source=injected
K230_CARD_SHELL state mode=2 actions=1 message=0 cards=1
K230_CARD_BENCH v=1 run=156580336561 event=input input_id=42 gesture_id=3 kind=motion t_ns=162741279562 source=injected
K230_CARD_SHELL state mode=2 actions=1 message=0 cards=1
K230_CARD_BENCH v=1 run=156580336561 event=input input_id=41 gesture_id=3 kind=motion t_ns=162740975612 source=injected
K230_CARD_SHELL state mode=2 actions=1 message=0 cards=1
K230_CARD_BENCH v=1 run=156580336561 event=input input_id=40 gesture_id=3 kind=motion t_ns=162740657415 source=injected
K230_CARD_SHELL state mode=2 actions=1 message=0 cards=1
K230_CARD_BENCH v=1 run=156580336561 event=input input_id=39 gesture_id=3 kind=motion t_ns=162740307057 source=injected
K230_CARD_SHELL state mode=2 actions=1 message=0 cards=1
K230_CARD_BENCH v=1 run=156580336561 event=input input_id=38 gesture_id=3 kind=motion t_ns=162739898967 source=injected
K230_CARD_SHELL state mode=2 actions=1 message=0 cards=1
K230_CARD_BENCH v=1 run=156580336561 event=present frame_id=258 t_ns=162712251000 presented=1 clock=monotonic
K230_CARD_SHELL frame-cost run=156580336561 frame_id=258 total_cpu_ns=16267536 render_cpu_ns=14262532 input_cpu_ns=1094703
K230_CARD_BENCH v=1 run=156580336561 event=submit input_id=37 frame_id=258 t_ns=162709279773 update_cpu_ns=16267536 final=0
K230_CARD_BENCH v=1 run=156580336561 event=submit input_id=36 frame_id=258 t_ns=162709279773 update_cpu_ns=16267536 final=0
K230_CARD_BENCH v=1 run=156580336561 event=submit input_id=35 frame_id=258 t_ns=162709279773 update_cpu_ns=16267536 final=0
K230_CARD_BENCH v=1 run=156580336561 event=submit input_id=34 frame_id=258 t_ns=162709279773 update_cpu_ns=16267536 final=0
K230_CARD_BENCH v=1 run=156580336561 event=submit input_id=33 frame_id=258 t_ns=162709279773 update_cpu_ns=16267536 final=0
K230_CARD_BENCH v=1 run=156580336561 event=present frame_id=257 t_ns=162693103000 presented=1 clock=monotonic
K230_CARD_BENCH v=1 run=156580336561 event=input input_id=37 gesture_id=3 kind=motion t_ns=162687180226 source=injected
K230_CARD_SHELL state mode=2 actions=1 message=0 cards=1
K230_CARD_BENCH v=1 run=156580336561 event=resource phase=active t_ns=162686428365 cpu_ns=7081111000 memory_bytes=24154112 scope=session
K230_CARD_BENCH v=1 run=156580336561 event=resource phase=active t_ns=162686428365 cpu_ns=3309834355 memory_bytes=27176960 scope=compositor
K230_CARD_BENCH v=1 run=156580336561 event=input input_id=36 gesture_id=3 kind=motion t_ns=162684843225 source=injected
K230_CARD_SHELL state mode=2 actions=1 message=0 cards=1
K230_CARD_BENCH v=1 run=156580336561 event=input input_id=35 gesture_id=3 kind=motion t_ns=162684147543 source=injected
K230_CARD_SHELL state mode=2 actions=1 message=0 cards=1
K230_CARD_BENCH v=1 run=156580336561 event=input input_id=34 gesture_id=3 kind=motion t_ns=162683009056 source=injected
K230_CARD_SHELL state mode=2 actions=1 message=0 cards=1
K230_CARD_BENCH v=1 run=156580336561 event=input input_id=33 gesture_id=3 kind=motion t_ns=162681780307 source=injected
K230_CARD_SHELL state mode=2 actions=1 message=0 cards=1
K230_CARD_BENCH v=1 run=156580336561 event=present frame_id=256 t_ns=162654811000 presented=1 clock=monotonic
K230_CARD_SHELL frame-cost run=156580336561 frame_id=256 total_cpu_ns=14323631 render_cpu_ns=13947038 input_cpu_ns=256852
K230_CARD_BENCH v=1 run=156580336561 event=submit input_id=32 frame_id=256 t_ns=162652222586 update_cpu_ns=14323631 final=0
K230_CARD_BENCH v=1 run=156580336561 event=present frame_id=255 t_ns=162635667000 presented=1 clock=monotonic
K230_CARD_BENCH v=1 run=156580336561 event=input input_id=32 gesture_id=3 kind=motion t_ns=162634548380 source=injected
K230_CARD_SHELL state mode=2 actions=1 message=0 cards=1
K230_CARD_SHELL state mode=2 actions=1 message=0 cards=1
K230_CARD_BENCH v=1 run=156580336561 event=present frame_id=254 t_ns=162597372000 presented=1 clock=monotonic
K230_CARD_BENCH v=1 run=156580336561 event=present frame_id=253 t_ns=162578225000 presented=1 clock=monotonic
K230_CARD_BENCH v=1 run=156580336561 event=present frame_id=252 t_ns=162539931000 presented=1 clock=monotonic
K230_CARD_BENCH v=1 run=156580336561 event=present frame_id=251 t_ns=162520786000 presented=1 clock=monotonic
K230_CARD_BENCH v=1 run=156580336561 event=present frame_id=250 t_ns=162482493000 presented=1 clock=monotonic
K230_CARD_BENCH v=1 run=156580336561 event=present frame_id=249 t_ns=162463347000 presented=1 clock=monotonic
K230_CARD_BENCH v=1 run=156580336561 event=present frame_id=248 t_ns=162425053000 presented=1 clock=monotonic
K230_CARD_BENCH v=1 run=156580336561 event=present frame_id=247 t_ns=162405908000 presented=1 clock=monotonic
K230_CARD_BENCH v=1 run=156580336561 event=present frame_id=246 t_ns=162367613000 presented=1 clock=monotonic
K230_CARD_BENCH v=1 run=156580336561 event=present frame_id=245 t_ns=162348470000 presented=1 clock=monotonic
K230_CARD_SHELL frame-cost run=156580336561 frame_id=245 total_cpu_ns=15676467 render_cpu_ns=14143837 input_cpu_ns=1344407
K230_CARD_BENCH v=1 run=156580336561 event=submit input_id=31 frame_id=245 t_ns=162337626475 update_cpu_ns=15676467 final=1
K230_CARD_BENCH v=1 run=156580336561 event=submit input_id=30 frame_id=245 t_ns=162337626475 update_cpu_ns=15676467 final=0
K230_CARD_BENCH v=1 run=156580336561 event=submit input_id=29 frame_id=245 t_ns=162337626475 update_cpu_ns=15676467 final=0
K230_CARD_BENCH v=1 run=156580336561 event=present frame_id=244 t_ns=162310176000 presented=1 clock=monotonic
K230_CARD_BENCH v=1 run=156580336561 event=input input_id=31 gesture_id=2 kind=release t_ns=162311009767 source=injected
K230_CARD_SHELL state mode=1 actions=1 message=0 cards=1
K230_CARD_BENCH v=1 run=156580336561 event=input input_id=30 gesture_id=2 kind=motion t_ns=162310462266 source=injected
K230_CARD_SHELL state mode=2 actions=1 message=0 cards=1
K230_CARD_BENCH v=1 run=156580336561 event=input input_id=29 gesture_id=2 kind=motion t_ns=162306392130 source=injected
K230_CARD_SHELL state mode=2 actions=1 message=0 cards=1
K230_CARD_SHELL frame-cost run=156580336561 frame_id=244 total_cpu_ns=14038215 render_cpu_ns=12217735 input_cpu_ns=1591853
K230_CARD_BENCH v=1 run=156580336561 event=submit input_id=28 frame_id=244 t_ns=162305206569 update_cpu_ns=14038215 final=0
K230_CARD_BENCH v=1 run=156580336561 event=submit input_id=27 frame_id=244 t_ns=162305206569 update_cpu_ns=14038215 final=0
K230_CARD_BENCH v=1 run=156580336561 event=submit input_id=26 frame_id=244 t_ns=162305206569 update_cpu_ns=14038215 final=0
K230_CARD_BENCH v=1 run=156580336561 event=present frame_id=243 t_ns=162291030000 presented=1 clock=monotonic
K230_CARD_BENCH v=1 run=156580336561 event=input input_id=28 gesture_id=2 kind=motion t_ns=162287153176 source=injected
K230_CARD_SHELL state mode=2 actions=1 message=0 cards=1
K230_CARD_BENCH v=1 run=156580336561 event=input input_id=27 gesture_id=2 kind=motion t_ns=162284525734 source=injected
K230_CARD_SHELL state mode=2 actions=1 message=0 cards=1
K230_CARD_BENCH v=1 run=156580336561 event=input input_id=26 gesture_id=2 kind=motion t_ns=162282741860 source=injected
K230_CARD_SHELL state mode=2 actions=1 message=0 cards=1
K230_CARD_SHELL frame-cost run=156580336561 frame_id=243 total_cpu_ns=14429090 render_cpu_ns=13385057 input_cpu_ns=823776
K230_CARD_BENCH v=1 run=156580336561 event=submit input_id=25 frame_id=243 t_ns=162281163012 update_cpu_ns=14429090 final=0
K230_CARD_BENCH v=1 run=156580336561 event=submit input_id=24 frame_id=243 t_ns=162281163012 update_cpu_ns=14429090 final=0
K230_CARD_BENCH v=1 run=156580336561 event=present frame_id=242 t_ns=162252737000 presented=1 clock=monotonic
K230_CARD_BENCH v=1 run=156580336561 event=input input_id=25 gesture_id=2 kind=motion t_ns=162253795479 source=injected
K230_CARD_SHELL state mode=2 actions=1 message=0 cards=1
K230_CARD_BENCH v=1 run=156580336561 event=input input_id=24 gesture_id=2 kind=motion t_ns=162253181845 source=injected
K230_CARD_SHELL state mode=2 actions=1 message=0 cards=1
K230_CARD_SHELL frame-cost run=156580336561 frame_id=242 total_cpu_ns=16681602 render_cpu_ns=14002118 input_cpu_ns=2350964
K230_CARD_BENCH v=1 run=156580336561 event=submit input_id=23 frame_id=242 t_ns=162249953795 update_cpu_ns=16681602 final=0
K230_CARD_BENCH v=1 run=156580336561 event=submit input_id=22 frame_id=242 t_ns=162249953795 update_cpu_ns=16681602 final=0
K230_CARD_BENCH v=1 run=156580336561 event=submit input_id=21 frame_id=242 t_ns=162249953795 update_cpu_ns=16681602 final=0
K230_CARD_BENCH v=1 run=156580336561 event=submit input_id=20 frame_id=242 t_ns=162249953795 update_cpu_ns=16681602 final=0
K230_CARD_BENCH v=1 run=156580336561 event=submit input_id=19 frame_id=242 t_ns=162249953795 update_cpu_ns=16681602 final=0
K230_CARD_BENCH v=1 run=156580336561 event=submit input_id=18 frame_id=242 t_ns=162249953795 update_cpu_ns=16681602 final=0
K230_CARD_BENCH v=1 run=156580336561 event=present frame_id=241 t_ns=162233592000 presented=1 clock=monotonic
K230_CARD_BENCH v=1 run=156580336561 event=input input_id=23 gesture_id=2 kind=motion t_ns=162233173488 source=injected
K230_CARD_SHELL state mode=2 actions=1 message=0 cards=1
K230_CARD_BENCH v=1 run=156580336561 event=input input_id=22 gesture_id=2 kind=motion t_ns=162229703367 source=injected
K230_CARD_SHELL state mode=2 actions=1 message=0 cards=1
K230_CARD_BENCH v=1 run=156580336561 event=input input_id=21 gesture_id=2 kind=motion t_ns=162228302899 source=injected
K230_CARD_SHELL state mode=2 actions=1 message=0 cards=1
K230_CARD_BENCH v=1 run=156580336561 event=input input_id=20 gesture_id=2 kind=motion t_ns=162227779823 source=injected
K230_CARD_SHELL state mode=2 actions=1 message=0 cards=1
K230_CARD_BENCH v=1 run=156580336561 event=input input_id=19 gesture_id=2 kind=motion t_ns=162226223180 source=injected
K230_CARD_SHELL state mode=2 actions=1 message=0 cards=1
K230_CARD_BENCH v=1 run=156580336561 event=input input_id=18 gesture_id=2 kind=motion t_ns=162224420468 source=injected
K230_CARD_SHELL state mode=2 actions=1 message=0 cards=1
K230_CARD_BENCH v=1 run=156580336561 event=present frame_id=240 t_ns=162195299000 presented=1 clock=monotonic
K230_CARD_SHELL frame-cost run=156580336561 frame_id=240 total_cpu_ns=15387573 render_cpu_ns=14135312 input_cpu_ns=1070333
K230_CARD_BENCH v=1 run=156580336561 event=submit input_id=17 frame_id=240 t_ns=162192277532 update_cpu_ns=15387573 final=0
K230_CARD_BENCH v=1 run=156580336561 event=submit input_id=16 frame_id=240 t_ns=162192277532 update_cpu_ns=15387573 final=0
K230_CARD_BENCH v=1 run=156580336561 event=submit input_id=15 frame_id=240 t_ns=162192277532 update_cpu_ns=15387573 final=0
K230_CARD_BENCH v=1 run=156580336561 event=submit input_id=14 frame_id=240 t_ns=162192277532 update_cpu_ns=15387573 final=0
K230_CARD_BENCH v=1 run=156580336561 event=present frame_id=239 t_ns=162176152000 presented=1 clock=monotonic
K230_CARD_BENCH v=1 run=156580336561 event=input input_id=17 gesture_id=2 kind=motion t_ns=162173207633 source=injected
K230_CARD_SHELL state mode=2 actions=1 message=0 cards=1
K230_CARD_BENCH v=1 run=156580336561 event=input input_id=16 gesture_id=2 kind=motion t_ns=162168517718 source=injected
K230_CARD_SHELL state mode=2 actions=1 message=0 cards=1
K230_CARD_BENCH v=1 run=156580336561 event=input input_id=15 gesture_id=2 kind=motion t_ns=162168136865 source=injected
K230_CARD_SHELL state mode=2 actions=1 message=0 cards=1
K230_CARD_BENCH v=1 run=156580336561 event=input input_id=14 gesture_id=2 kind=motion t_ns=162166743577 source=injected
K230_CARD_SHELL state mode=2 actions=1 message=0 cards=1
K230_CARD_SHELL frame-cost run=156580336561 frame_id=239 total_cpu_ns=14862263 render_cpu_ns=14200376 input_cpu_ns=465072
K230_CARD_BENCH v=1 run=156580336561 event=submit input_id=13 frame_id=239 t_ns=162165969992 update_cpu_ns=14862263 final=0
K230_CARD_BENCH v=1 run=156580336561 event=submit input_id=12 frame_id=239 t_ns=162165969992 update_cpu_ns=14862263 final=0
K230_CARD_BENCH v=1 run=156580336561 event=present frame_id=238 t_ns=162137860000 presented=1 clock=monotonic
K230_CARD_BENCH v=1 run=156580336561 event=input input_id=13 gesture_id=2 kind=motion t_ns=162140285783 source=injected
K230_CARD_SHELL state mode=2 actions=1 message=0 cards=1
K230_CARD_BENCH v=1 run=156580336561 event=input input_id=12 gesture_id=2 kind=motion t_ns=162138036344 source=injected
K230_CARD_SHELL state mode=2 actions=1 message=0 cards=1
K230_CARD_SHELL frame-cost run=156580336561 frame_id=238 total_cpu_ns=14229591 render_cpu_ns=13948370 input_cpu_ns=163000
K230_CARD_BENCH v=1 run=156580336561 event=submit input_id=11 frame_id=238 t_ns=162134919245 update_cpu_ns=14229591 final=0
K230_CARD_BENCH v=1 run=156580336561 event=present frame_id=237 t_ns=162118712000 presented=1 clock=monotonic
K230_CARD_BENCH v=1 run=156580336561 event=input input_id=11 gesture_id=2 kind=motion t_ns=162113207396 source=injected
K230_CARD_SHELL state mode=2 actions=1 message=0 cards=1
K230_CARD_SHELL state mode=2 actions=1 message=0 cards=1
K230_CARD_BENCH v=1 run=156580336561 event=present frame_id=236 t_ns=162080420000 presented=1 clock=monotonic
K230_CARD_BENCH v=1 run=156580336561 event=present frame_id=235 t_ns=162042127000 presented=1 clock=monotonic
K230_CARD_BENCH v=1 run=156580336561 event=present frame_id=234 t_ns=162022980000 presented=1 clock=monotonic
K230_CARD_BENCH v=1 run=156580336561 event=present frame_id=233 t_ns=161984688000 presented=1 clock=monotonic
K230_CARD_BENCH v=1 run=156580336561 event=present frame_id=232 t_ns=161946397000 presented=1 clock=monotonic
K230_CARD_BENCH v=1 run=156580336561 event=present frame_id=231 t_ns=161908107000 presented=1 clock=monotonic
K230_CARD_BENCH v=1 run=156580336561 event=present frame_id=230 t_ns=161869814000 presented=1 clock=monotonic
K230_CARD_BENCH v=1 run=156580336561 event=present frame_id=229 t_ns=161850666000 presented=1 clock=monotonic
K230_CARD_BENCH v=1 run=156580336561 event=present frame_id=228 t_ns=161812375000 presented=1 clock=monotonic
K230_CARD_BENCH v=1 run=156580336561 event=present frame_id=227 t_ns=161774085000 presented=1 clock=monotonic
K230_CARD_BENCH v=1 run=156580336561 event=present frame_id=226 t_ns=161716645000 presented=1 clock=monotonic
K230_CARD_BENCH v=1 run=156580336561 event=present frame_id=225 t_ns=161697499000 presented=1 clock=monotonic
K230_CARD_SHELL live cards=1 commits=60 sampled=118 frame-done=118 output-presented=59
K230_CARD_BENCH v=1 run=156580336561 event=present frame_id=224 t_ns=161659209000 presented=1 clock=monotonic
K230_CARD_BENCH v=1 run=156580336561 event=resource phase=active t_ns=161658653372 cpu_ns=6440695000 memory_bytes=24129536 scope=session
K230_CARD_BENCH v=1 run=156580336561 event=resource phase=active t_ns=161658653372 cpu_ns=2825660660 memory_bytes=27131904 scope=compositor
K230_CARD_BENCH v=1 run=156580336561 event=present frame_id=223 t_ns=161620915000 presented=1 clock=monotonic
K230_CARD_BENCH v=1 run=156580336561 event=present frame_id=222 t_ns=161601769000 presented=1 clock=monotonic
K230_CARD_BENCH v=1 run=156580336561 event=present frame_id=221 t_ns=161563477000 presented=1 clock=monotonic
K230_CARD_BENCH v=1 run=156580336561 event=present frame_id=220 t_ns=161544332000 presented=1 clock=monotonic
K230_CARD_BENCH v=1 run=156580336561 event=present frame_id=219 t_ns=161506040000 presented=1 clock=monotonic
K230_CARD_BENCH v=1 run=156580336561 event=present frame_id=218 t_ns=161486894000 presented=1 clock=monotonic
K230_CARD_BENCH v=1 run=156580336561 event=present frame_id=217 t_ns=161448603000 presented=1 clock=monotonic
K230_CARD_BENCH v=1 run=156580336561 event=present frame_id=216 t_ns=161429456000 presented=1 clock=monotonic
K230_CARD_BENCH v=1 run=156580336561 event=present frame_id=215 t_ns=161391162000 presented=1 clock=monotonic
K230_CARD_BENCH v=1 run=156580336561 event=present frame_id=214 t_ns=161372020000 presented=1 clock=monotonic
K230_CARD_BENCH v=1 run=156580336561 event=present frame_id=213 t_ns=161333725000 presented=1 clock=monotonic
K230_CARD_BENCH v=1 run=156580336561 event=present frame_id=212 t_ns=161314580000 presented=1 clock=monotonic
K230_CARD_BENCH v=1 run=156580336561 event=present frame_id=211 t_ns=161276290000 presented=1 clock=monotonic
K230_CARD_BENCH v=1 run=156580336561 event=present frame_id=210 t_ns=161257143000 presented=1 clock=monotonic
K230_CARD_BENCH v=1 run=156580336561 event=present frame_id=209 t_ns=161218849000 presented=1 clock=monotonic
K230_CARD_BENCH v=1 run=156580336561 event=present frame_id=208 t_ns=161199705000 presented=1 clock=monotonic
K230_CARD_BENCH v=1 run=156580336561 event=present frame_id=207 t_ns=161161411000 presented=1 clock=monotonic
K230_CARD_BENCH v=1 run=156580336561 event=present frame_id=206 t_ns=161142267000 presented=1 clock=monotonic
K230_CARD_BENCH v=1 run=156580336561 event=present frame_id=205 t_ns=161103978000 presented=1 clock=monotonic
K230_CARD_BENCH v=1 run=156580336561 event=present frame_id=204 t_ns=161084829000 presented=1 clock=monotonic
K230_CARD_BENCH v=1 run=156580336561 event=present frame_id=203 t_ns=161046535000 presented=1 clock=monotonic
K230_CARD_BENCH v=1 run=156580336561 event=present frame_id=202 t_ns=161027391000 presented=1 clock=monotonic
K230_CARD_BENCH v=1 run=156580336561 event=present frame_id=201 t_ns=160989083000 presented=1 clock=monotonic
K230_CARD_BENCH v=1 run=156580336561 event=present frame_id=200 t_ns=160969924000 presented=1 clock=monotonic
K230_CARD_BENCH v=1 run=156580336561 event=present frame_id=199 t_ns=160931605000 presented=1 clock=monotonic
K230_CARD_BENCH v=1 run=156580336561 event=present frame_id=198 t_ns=160912445000 presented=1 clock=monotonic
K230_CARD_BENCH v=1 run=156580336561 event=present frame_id=197 t_ns=160874127000 presented=1 clock=monotonic
K230_CARD_BENCH v=1 run=156580336561 event=present frame_id=196 t_ns=160854968000 presented=1 clock=monotonic
K230_CARD_BENCH v=1 run=156580336561 event=present frame_id=195 t_ns=160816647000 presented=1 clock=monotonic
K230_CARD_BENCH v=1 run=156580336561 event=present frame_id=194 t_ns=160797489000 presented=1 clock=monotonic
K230_CARD_BENCH v=1 run=156580336561 event=present frame_id=193 t_ns=160759169000 presented=1 clock=monotonic
K230_CARD_BENCH v=1 run=156580336561 event=present frame_id=192 t_ns=160740012000 presented=1 clock=monotonic
K230_CARD_BENCH v=1 run=156580336561 event=present frame_id=191 t_ns=160701691000 presented=1 clock=monotonic
K230_CARD_BENCH v=1 run=156580336561 event=present frame_id=190 t_ns=160682533000 presented=1 clock=monotonic
K230_CARD_BENCH v=1 run=156580336561 event=present frame_id=189 t_ns=160644216000 presented=1 clock=monotonic
K230_CARD_BENCH v=1 run=156580336561 event=resource phase=active t_ns=160644174492 cpu_ns=5751056000 memory_bytes=24129536 scope=session
K230_CARD_BENCH v=1 run=156580336561 event=resource phase=active t_ns=160644174492 cpu_ns=2310077605 memory_bytes=27131904 scope=compositor
K230_CARD_BENCH v=1 run=156580336561 event=present frame_id=188 t_ns=160625054000 presented=1 clock=monotonic
K230_CARD_BENCH v=1 run=156580336561 event=present frame_id=187 t_ns=160586735000 presented=1 clock=monotonic
K230_CARD_BENCH v=1 run=156580336561 event=present frame_id=186 t_ns=160567576000 presented=1 clock=monotonic
K230_CARD_BENCH v=1 run=156580336561 event=present frame_id=185 t_ns=160529256000 presented=1 clock=monotonic
K230_CARD_BENCH v=1 run=156580336561 event=present frame_id=184 t_ns=160510098000 presented=1 clock=monotonic
K230_CARD_BENCH v=1 run=156580336561 event=present frame_id=183 t_ns=160471777000 presented=1 clock=monotonic
K230_CARD_BENCH v=1 run=156580336561 event=present frame_id=182 t_ns=160452620000 presented=1 clock=monotonic
K230_CARD_BENCH v=1 run=156580336561 event=present frame_id=181 t_ns=160414301000 presented=1 clock=monotonic
K230_CARD_BENCH v=1 run=156580336561 event=present frame_id=180 t_ns=160395142000 presented=1 clock=monotonic
K230_CARD_BENCH v=1 run=156580336561 event=present frame_id=179 t_ns=160356823000 presented=1 clock=monotonic
K230_CARD_BENCH v=1 run=156580336561 event=present frame_id=178 t_ns=160337663000 presented=1 clock=monotonic
K230_CARD_BENCH v=1 run=156580336561 event=present frame_id=177 t_ns=160299345000 presented=1 clock=monotonic
K230_CARD_BENCH v=1 run=156580336561 event=present frame_id=176 t_ns=160280185000 presented=1 clock=monotonic
K230_CARD_BENCH v=1 run=156580336561 event=present frame_id=175 t_ns=160241867000 presented=1 clock=monotonic
K230_CARD_BENCH v=1 run=156580336561 event=present frame_id=174 t_ns=160222706000 presented=1 clock=monotonic
K230_CARD_BENCH v=1 run=156580336561 event=present frame_id=173 t_ns=160184385000 presented=1 clock=monotonic
K230_CARD_BENCH v=1 run=156580336561 event=present frame_id=172 t_ns=160165223000 presented=1 clock=monotonic
K230_CARD_BENCH v=1 run=156580336561 event=present frame_id=171 t_ns=160126901000 presented=1 clock=monotonic
K230_CARD_BENCH v=1 run=156580336561 event=present frame_id=170 t_ns=160107739000 presented=1 clock=monotonic
K230_CARD_BENCH v=1 run=156580336561 event=present frame_id=169 t_ns=160069415000 presented=1 clock=monotonic
K230_CARD_BENCH v=1 run=156580336561 event=present frame_id=168 t_ns=160050256000 presented=1 clock=monotonic
K230_CARD_SHELL frame-cost run=156580336561 frame_id=168 total_cpu_ns=15454851 render_cpu_ns=15230479 input_cpu_ns=23148
K230_CARD_BENCH v=1 run=156580336561 event=submit input_id=10 frame_id=168 t_ns=160033195638 update_cpu_ns=15454851 final=1
K230_CARD_BENCH v=1 run=156580336561 event=submit input_id=9 frame_id=168 t_ns=160033195638 update_cpu_ns=15454851 final=0
K230_CARD_BENCH v=1 run=156580336561 event=submit input_id=8 frame_id=168 t_ns=160033195638 update_cpu_ns=15454851 final=0
K230_CARD_BENCH v=1 run=156580336561 event=submit input_id=7 frame_id=168 t_ns=160033195638 update_cpu_ns=15454851 final=0
K230_CARD_BENCH v=1 run=156580336561 event=present frame_id=167 t_ns=160011934000 presented=1 clock=monotonic
K230_CARD_BENCH v=1 run=156580336561 event=input input_id=10 gesture_id=1 kind=release t_ns=160003837618 source=injected
K230_CARD_BENCH v=1 run=156580336561 event=input input_id=9 gesture_id=1 kind=motion t_ns=160003655175 source=injected
K230_CARD_BENCH v=1 run=156580336561 event=input input_id=8 gesture_id=1 kind=motion t_ns=160001966076 source=injected
K230_CARD_BENCH v=1 run=156580336561 event=input input_id=7 gesture_id=1 kind=motion t_ns=160001839299 source=injected
K230_CARD_SHELL frame-cost run=156580336561 frame_id=167 total_cpu_ns=50002316 render_cpu_ns=15712255 input_cpu_ns=34016795
K230_CARD_BENCH v=1 run=156580336561 event=submit input_id=6 frame_id=167 t_ns=159997807810 update_cpu_ns=50002316 final=0
K230_CARD_BENCH v=1 run=156580336561 event=submit input_id=5 frame_id=167 t_ns=159997807810 update_cpu_ns=50002316 final=0
K230_CARD_BENCH v=1 run=156580336561 event=submit input_id=4 frame_id=167 t_ns=159997807810 update_cpu_ns=50002316 final=0
K230_CARD_BENCH v=1 run=156580336561 event=submit input_id=3 frame_id=167 t_ns=159997807810 update_cpu_ns=50002316 final=0
K230_CARD_BENCH v=1 run=156580336561 event=submit input_id=2 frame_id=167 t_ns=159997807810 update_cpu_ns=50002316 final=0
K230_CARD_BENCH v=1 run=156580336561 event=submit input_id=1 frame_id=167 t_ns=159997807810 update_cpu_ns=50002316 final=0
K230_CARD_BENCH v=1 run=156580336561 event=present frame_id=166 t_ns=159935291000 presented=1 clock=monotonic
K230_CARD_BENCH v=1 run=156580336561 event=input input_id=6 gesture_id=1 kind=motion t_ns=159978562394 source=injected
K230_CARD_BENCH v=1 run=156580336561 event=input input_id=5 gesture_id=1 kind=motion t_ns=159978470691 source=injected
K230_CARD_BENCH v=1 run=156580336561 event=input input_id=4 gesture_id=1 kind=motion t_ns=159978282359 source=injected
K230_CARD_BENCH v=1 run=156580336561 event=input input_id=3 gesture_id=1 kind=motion t_ns=159977075590 source=injected
K230_CARD_BENCH v=1 run=156580336561 event=input input_id=2 gesture_id=1 kind=motion t_ns=159976945813 source=injected
K230_CARD_BENCH v=1 run=156580336561 event=input input_id=1 gesture_id=1 kind=motion t_ns=159924429785 source=injected
K230_CARD_SHELL state mode=1 actions=35 message=0 cards=1
K230_CARD_SHELL mirror id=7 format=34325258 width=128 height=96 stride=512
K230_CARD_SHELL mirror id=7 format=34325258 width=520 height=1040 stride=2080
K230_CARD_BENCH v=1 run=156580336561 event=session t_ns=159924429785 clock=monotonic backend=drm renderer=pixman width=568 height=1232 output_format=RGB565 input=injected cards=1
K230_CARD_BENCH v=1 run=156580336561 event=present frame_id=165 t_ns=159896967000 presented=1 clock=monotonic
K230_CARD_BENCH v=1 run=156580336561 event=present frame_id=164 t_ns=159877807000 presented=1 clock=monotonic
K230_CARD_BENCH v=1 run=156580336561 event=present frame_id=163 t_ns=159858645000 presented=1 clock=monotonic
K230_CARD_BENCH v=1 run=156580336561 event=present frame_id=162 t_ns=159839484000 presented=1 clock=monotonic
K230_CARD_BENCH v=1 run=156580336561 event=present frame_id=161 t_ns=159820324000 presented=1 clock=monotonic
K230_CARD_BENCH v=1 run=156580336561 event=present frame_id=160 t_ns=159782001000 presented=1 clock=monotonic
K230_CARD_BENCH v=1 run=156580336561 event=present frame_id=159 t_ns=159762839000 presented=1 clock=monotonic
K230_CARD_BENCH v=1 run=156580336561 event=present frame_id=158 t_ns=159743678000 presented=1 clock=monotonic
K230_CARD_BENCH v=1 run=156580336561 event=present frame_id=157 t_ns=159724517000 presented=1 clock=monotonic
K230_CARD_BENCH v=1 run=156580336561 event=present frame_id=156 t_ns=159705356000 presented=1 clock=monotonic
K230_CARD_BENCH v=1 run=156580336561 event=present frame_id=155 t_ns=159667034000 presented=1 clock=monotonic
K230_CARD_BENCH v=1 run=156580336561 event=present frame_id=154 t_ns=159647873000 presented=1 clock=monotonic
K230_CARD_BENCH v=1 run=156580336561 event=present frame_id=153 t_ns=159628712000 presented=1 clock=monotonic
K230_CARD_BENCH v=1 run=156580336561 event=resource phase=baseline t_ns=159626366978 cpu_ns=5007094000 memory_bytes=23564288 scope=session
K230_CARD_BENCH v=1 run=156580336561 event=resource phase=baseline t_ns=159626366978 cpu_ns=1809361881 memory_bytes=26607616 scope=compositor
K230_CARD_BENCH v=1 run=156580336561 event=present frame_id=152 t_ns=159609551000 presented=1 clock=monotonic
K230_CARD_BENCH v=1 run=156580336561 event=present frame_id=151 t_ns=159590390000 presented=1 clock=monotonic
K230_CARD_BENCH v=1 run=156580336561 event=present frame_id=150 t_ns=159571229000 presented=1 clock=monotonic
K230_CARD_BENCH v=1 run=156580336561 event=present frame_id=149 t_ns=159552067000 presented=1 clock=monotonic
K230_CARD_BENCH v=1 run=156580336561 event=present frame_id=148 t_ns=159513746000 presented=1 clock=monotonic
K230_CARD_BENCH v=1 run=156580336561 event=present frame_id=147 t_ns=159494585000 presented=1 clock=monotonic
K230_CARD_BENCH v=1 run=156580336561 event=present frame_id=146 t_ns=159475423000 presented=1 clock=monotonic
K230_CARD_BENCH v=1 run=156580336561 event=present frame_id=145 t_ns=159456263000 presented=1 clock=monotonic
K230_CARD_BENCH v=1 run=156580336561 event=present frame_id=144 t_ns=159437101000 presented=1 clock=monotonic
K230_CARD_BENCH v=1 run=156580336561 event=present frame_id=143 t_ns=159417939000 presented=1 clock=monotonic
K230_CARD_BENCH v=1 run=156580336561 event=present frame_id=142 t_ns=159398779000 presented=1 clock=monotonic
K230_CARD_BENCH v=1 run=156580336561 event=present frame_id=141 t_ns=159379618000 presented=1 clock=monotonic
K230_CARD_BENCH v=1 run=156580336561 event=present frame_id=140 t_ns=159341294000 presented=1 clock=monotonic
K230_CARD_BENCH v=1 run=156580336561 event=present frame_id=139 t_ns=159322134000 presented=1 clock=monotonic
K230_CARD_BENCH v=1 run=156580336561 event=present frame_id=138 t_ns=159302973000 presented=1 clock=monotonic
K230_CARD_BENCH v=1 run=156580336561 event=present frame_id=137 t_ns=159283812000 presented=1 clock=monotonic
K230_CARD_BENCH v=1 run=156580336561 event=present frame_id=136 t_ns=159264651000 presented=1 clock=monotonic
K230_CARD_BENCH v=1 run=156580336561 event=present frame_id=135 t_ns=159245490000 presented=1 clock=monotonic
K230_CARD_BENCH v=1 run=156580336561 event=present frame_id=134 t_ns=159226329000 presented=1 clock=monotonic
K230_CARD_BENCH v=1 run=156580336561 event=present frame_id=133 t_ns=159207167000 presented=1 clock=monotonic
K230_CARD_BENCH v=1 run=156580336561 event=present frame_id=132 t_ns=159188008000 presented=1 clock=monotonic
K230_CARD_BENCH v=1 run=156580336561 event=present frame_id=131 t_ns=159149684000 presented=1 clock=monotonic
K230_CARD_BENCH v=1 run=156580336561 event=present frame_id=130 t_ns=159130524000 presented=1 clock=monotonic
K230_CARD_BENCH v=1 run=156580336561 event=present frame_id=129 t_ns=159111362000 presented=1 clock=monotonic
K230_CARD_BENCH v=1 run=156580336561 event=present frame_id=128 t_ns=159092201000 presented=1 clock=monotonic
K230_CARD_BENCH v=1 run=156580336561 event=present frame_id=127 t_ns=159073040000 presented=1 clock=monotonic
K230_CARD_BENCH v=1 run=156580336561 event=present frame_id=126 t_ns=159053879000 presented=1 clock=monotonic
K230_CARD_BENCH v=1 run=156580336561 event=present frame_id=125 t_ns=159015557000 presented=1 clock=monotonic
K230_CARD_BENCH v=1 run=156580336561 event=present frame_id=124 t_ns=158996396000 presented=1 clock=monotonic
K230_CARD_BENCH v=1 run=156580336561 event=present frame_id=123 t_ns=158977234000 presented=1 clock=monotonic
K230_CARD_BENCH v=1 run=156580336561 event=present frame_id=122 t_ns=158958074000 presented=1 clock=monotonic
K230_CARD_BENCH v=1 run=156580336561 event=present frame_id=121 t_ns=158938913000 presented=1 clock=monotonic
K230_CARD_BENCH v=1 run=156580336561 event=present frame_id=120 t_ns=158919751000 presented=1 clock=monotonic
K230_CARD_BENCH v=1 run=156580336561 event=present frame_id=119 t_ns=158900590000 presented=1 clock=monotonic
K230_CARD_BENCH v=1 run=156580336561 event=present frame_id=118 t_ns=158881429000 presented=1 clock=monotonic
K230_CARD_BENCH v=1 run=156580336561 event=present frame_id=117 t_ns=158843107000 presented=1 clock=monotonic
K230_CARD_BENCH v=1 run=156580336561 event=present frame_id=116 t_ns=158823946000 presented=1 clock=monotonic
K230_CARD_BENCH v=1 run=156580336561 event=present frame_id=115 t_ns=158804785000 presented=1 clock=monotonic
K230_CARD_BENCH v=1 run=156580336561 event=present frame_id=114 t_ns=158785624000 presented=1 clock=monotonic
K230_CARD_BENCH v=1 run=156580336561 event=present frame_id=113 t_ns=158766463000 presented=1 clock=monotonic
K230_CARD_BENCH v=1 run=156580336561 event=present frame_id=112 t_ns=158747302000 presented=1 clock=monotonic
K230_CARD_BENCH v=1 run=156580336561 event=present frame_id=111 t_ns=158728142000 presented=1 clock=monotonic
K230_CARD_BENCH v=1 run=156580336561 event=present frame_id=110 t_ns=158708980000 presented=1 clock=monotonic
K230_CARD_BENCH v=1 run=156580336561 event=present frame_id=109 t_ns=158670657000 presented=1 clock=monotonic
K230_CARD_BENCH v=1 run=156580336561 event=present frame_id=108 t_ns=158651496000 presented=1 clock=monotonic
K230_CARD_BENCH v=1 run=156580336561 event=present frame_id=107 t_ns=158632335000 presented=1 clock=monotonic
K230_CARD_BENCH v=1 run=156580336561 event=present frame_id=106 t_ns=158613175000 presented=1 clock=monotonic
K230_CARD_BENCH v=1 run=156580336561 event=resource phase=baseline t_ns=158612111877 cpu_ns=4122394000 memory_bytes=23564288 scope=session
K230_CARD_BENCH v=1 run=156580336561 event=resource phase=baseline t_ns=158612111877 cpu_ns=1378237143 memory_bytes=26607616 scope=compositor
K230_CARD_BENCH v=1 run=156580336561 event=present frame_id=105 t_ns=158594013000 presented=1 clock=monotonic
K230_CARD_BENCH v=1 run=156580336561 event=present frame_id=104 t_ns=158574852000 presented=1 clock=monotonic
K230_CARD_BENCH v=1 run=156580336561 event=present frame_id=103 t_ns=158555691000 presented=1 clock=monotonic
K230_CARD_BENCH v=1 run=156580336561 event=present frame_id=102 t_ns=158517367000 presented=1 clock=monotonic
K230_CARD_BENCH v=1 run=156580336561 event=present frame_id=101 t_ns=158498207000 presented=1 clock=monotonic
K230_CARD_BENCH v=1 run=156580336561 event=present frame_id=100 t_ns=158479045000 presented=1 clock=monotonic
K230_CARD_BENCH v=1 run=156580336561 event=present frame_id=99 t_ns=158459886000 presented=1 clock=monotonic
K230_CARD_BENCH v=1 run=156580336561 event=present frame_id=98 t_ns=158440725000 presented=1 clock=monotonic
K230_CARD_BENCH v=1 run=156580336561 event=present frame_id=97 t_ns=158421563000 presented=1 clock=monotonic
K230_CARD_BENCH v=1 run=156580336561 event=present frame_id=96 t_ns=158402402000 presented=1 clock=monotonic
K230_CARD_BENCH v=1 run=156580336561 event=present frame_id=95 t_ns=158383241000 presented=1 clock=monotonic
K230_CARD_BENCH v=1 run=156580336561 event=present frame_id=94 t_ns=158364081000 presented=1 clock=monotonic
K230_CARD_BENCH v=1 run=156580336561 event=present frame_id=93 t_ns=158325757000 presented=1 clock=monotonic
K230_CARD_BENCH v=1 run=156580336561 event=present frame_id=92 t_ns=158306597000 presented=1 clock=monotonic
K230_CARD_BENCH v=1 run=156580336561 event=present frame_id=91 t_ns=158287435000 presented=1 clock=monotonic
K230_CARD_BENCH v=1 run=156580336561 event=present frame_id=90 t_ns=158268274000 presented=1 clock=monotonic
K230_CARD_BENCH v=1 run=156580336561 event=present frame_id=89 t_ns=158249114000 presented=1 clock=monotonic
K230_CARD_BENCH v=1 run=156580336561 event=present frame_id=88 t_ns=158229952000 presented=1 clock=monotonic
K230_CARD_BENCH v=1 run=156580336561 event=present frame_id=87 t_ns=158210791000 presented=1 clock=monotonic
K230_CARD_BENCH v=1 run=156580336561 event=present frame_id=86 t_ns=158191630000 presented=1 clock=monotonic
K230_CARD_BENCH v=1 run=156580336561 event=present frame_id=85 t_ns=158153309000 presented=1 clock=monotonic
K230_CARD_BENCH v=1 run=156580336561 event=present frame_id=84 t_ns=158134146000 presented=1 clock=monotonic
K230_CARD_BENCH v=1 run=156580336561 event=present frame_id=83 t_ns=158114986000 presented=1 clock=monotonic
K230_CARD_BENCH v=1 run=156580336561 event=present frame_id=82 t_ns=158095825000 presented=1 clock=monotonic
K230_CARD_BENCH v=1 run=156580336561 event=present frame_id=81 t_ns=158076663000 presented=1 clock=monotonic
K230_CARD_BENCH v=1 run=156580336561 event=present frame_id=80 t_ns=158057501000 presented=1 clock=monotonic
K230_CARD_BENCH v=1 run=156580336561 event=present frame_id=79 t_ns=158038342000 presented=1 clock=monotonic
K230_CARD_BENCH v=1 run=156580336561 event=present frame_id=78 t_ns=158000046000 presented=1 clock=monotonic
K230_CARD_BENCH v=1 run=156580336561 event=present frame_id=77 t_ns=157980858000 presented=1 clock=monotonic
K230_CARD_BENCH v=1 run=156580336561 event=present frame_id=76 t_ns=157961697000 presented=1 clock=monotonic
K230_CARD_BENCH v=1 run=156580336561 event=present frame_id=75 t_ns=157942537000 presented=1 clock=monotonic
K230_CARD_BENCH v=1 run=156580336561 event=present frame_id=74 t_ns=157923375000 presented=1 clock=monotonic
K230_CARD_BENCH v=1 run=156580336561 event=present frame_id=73 t_ns=157904214000 presented=1 clock=monotonic
K230_CARD_BENCH v=1 run=156580336561 event=present frame_id=72 t_ns=157885053000 presented=1 clock=monotonic
K230_CARD_BENCH v=1 run=156580336561 event=present frame_id=71 t_ns=157865892000 presented=1 clock=monotonic
K230_CARD_BENCH v=1 run=156580336561 event=present frame_id=70 t_ns=157827570000 presented=1 clock=monotonic
K230_CARD_BENCH v=1 run=156580336561 event=present frame_id=69 t_ns=157808409000 presented=1 clock=monotonic
K230_CARD_BENCH v=1 run=156580336561 event=present frame_id=68 t_ns=157789247000 presented=1 clock=monotonic
K230_CARD_BENCH v=1 run=156580336561 event=present frame_id=67 t_ns=157770087000 presented=1 clock=monotonic
K230_CARD_BENCH v=1 run=156580336561 event=present frame_id=66 t_ns=157750924000 presented=1 clock=monotonic
K230_CARD_BENCH v=1 run=156580336561 event=present frame_id=65 t_ns=157731765000 presented=1 clock=monotonic
K230_CARD_BENCH v=1 run=156580336561 event=present frame_id=64 t_ns=157693442000 presented=1 clock=monotonic
K230_CARD_BENCH v=1 run=156580336561 event=present frame_id=63 t_ns=157674280000 presented=1 clock=monotonic
K230_CARD_BENCH v=1 run=156580336561 event=present frame_id=62 t_ns=157655121000 presented=1 clock=monotonic
K230_CARD_BENCH v=1 run=156580336561 event=present frame_id=61 t_ns=157635959000 presented=1 clock=monotonic
K230_CARD_BENCH v=1 run=156580336561 event=present frame_id=60 t_ns=157616797000 presented=1 clock=monotonic
K230_CARD_BENCH v=1 run=156580336561 event=present frame_id=59 t_ns=157597638000 presented=1 clock=monotonic
K230_CARD_BENCH v=1 run=156580336561 event=resource phase=baseline t_ns=157592370515 cpu_ns=3237517000 memory_bytes=23564288 scope=session
K230_CARD_BENCH v=1 run=156580336561 event=resource phase=baseline t_ns=157592370515 cpu_ns=945819429 memory_bytes=26607616 scope=compositor
K230_CARD_BENCH v=1 run=156580336561 event=present frame_id=58 t_ns=157578476000 presented=1 clock=monotonic
K230_CARD_BENCH v=1 run=156580336561 event=present frame_id=57 t_ns=157540154000 presented=1 clock=monotonic
K230_CARD_BENCH v=1 run=156580336561 event=present frame_id=56 t_ns=157520993000 presented=1 clock=monotonic
K230_CARD_BENCH v=1 run=156580336561 event=present frame_id=55 t_ns=157501831000 presented=1 clock=monotonic
K230_CARD_BENCH v=1 run=156580336561 event=present frame_id=54 t_ns=157482670000 presented=1 clock=monotonic
K230_CARD_BENCH v=1 run=156580336561 event=present frame_id=53 t_ns=157463510000 presented=1 clock=monotonic
K230_CARD_BENCH v=1 run=156580336561 event=present frame_id=52 t_ns=157444349000 presented=1 clock=monotonic
K230_CARD_BENCH v=1 run=156580336561 event=present frame_id=51 t_ns=157425187000 presented=1 clock=monotonic
K230_CARD_BENCH v=1 run=156580336561 event=present frame_id=50 t_ns=157406025000 presented=1 clock=monotonic
K230_CARD_BENCH v=1 run=156580336561 event=present frame_id=49 t_ns=157386865000 presented=1 clock=monotonic
K230_CARD_BENCH v=1 run=156580336561 event=present frame_id=48 t_ns=157348543000 presented=1 clock=monotonic
K230_CARD_BENCH v=1 run=156580336561 event=present frame_id=47 t_ns=157329381000 presented=1 clock=monotonic
K230_CARD_BENCH v=1 run=156580336561 event=present frame_id=46 t_ns=157310221000 presented=1 clock=monotonic
K230_CARD_BENCH v=1 run=156580336561 event=present frame_id=45 t_ns=157271898000 presented=1 clock=monotonic
K230_CARD_BENCH v=1 run=156580336561 event=present frame_id=44 t_ns=157252737000 presented=1 clock=monotonic
K230_CARD_BENCH v=1 run=156580336561 event=present frame_id=43 t_ns=157233575000 presented=1 clock=monotonic
K230_CARD_BENCH v=1 run=156580336561 event=present frame_id=42 t_ns=157214415000 presented=1 clock=monotonic
K230_CARD_BENCH v=1 run=156580336561 event=present frame_id=41 t_ns=157195253000 presented=1 clock=monotonic
K230_CARD_BENCH v=1 run=156580336561 event=present frame_id=40 t_ns=157176093000 presented=1 clock=monotonic
K230_CARD_BENCH v=1 run=156580336561 event=present frame_id=39 t_ns=157156932000 presented=1 clock=monotonic
K230_CARD_BENCH v=1 run=156580336561 event=present frame_id=38 t_ns=157137771000 presented=1 clock=monotonic
K230_CARD_BENCH v=1 run=156580336561 event=present frame_id=37 t_ns=157099449000 presented=1 clock=monotonic
K230_CARD_BENCH v=1 run=156580336561 event=present frame_id=36 t_ns=157080288000 presented=1 clock=monotonic
K230_CARD_BENCH v=1 run=156580336561 event=present frame_id=35 t_ns=157061126000 presented=1 clock=monotonic
K230_CARD_BENCH v=1 run=156580336561 event=present frame_id=34 t_ns=157041966000 presented=1 clock=monotonic
K230_CARD_BENCH v=1 run=156580336561 event=present frame_id=33 t_ns=157022805000 presented=1 clock=monotonic
K230_CARD_BENCH v=1 run=156580336561 event=present frame_id=32 t_ns=157003643000 presented=1 clock=monotonic
K230_CARD_BENCH v=1 run=156580336561 event=present frame_id=31 t_ns=156984481000 presented=1 clock=monotonic
K230_CARD_BENCH v=1 run=156580336561 event=present frame_id=30 t_ns=156965322000 presented=1 clock=monotonic
K230_CARD_BENCH v=1 run=156580336561 event=present frame_id=29 t_ns=156926998000 presented=1 clock=monotonic
K230_CARD_BENCH v=1 run=156580336561 event=present frame_id=28 t_ns=156907838000 presented=1 clock=monotonic
K230_CARD_BENCH v=1 run=156580336561 event=present frame_id=27 t_ns=156888678000 presented=1 clock=monotonic
K230_CARD_BENCH v=1 run=156580336561 event=present frame_id=26 t_ns=156869516000 presented=1 clock=monotonic
K230_CARD_BENCH v=1 run=156580336561 event=present frame_id=25 t_ns=156850355000 presented=1 clock=monotonic
K230_CARD_BENCH v=1 run=156580336561 event=present frame_id=24 t_ns=156831194000 presented=1 clock=monotonic
K230_CARD_BENCH v=1 run=156580336561 event=present frame_id=23 t_ns=156812042000 presented=1 clock=monotonic
K230_CARD_BENCH v=1 run=156580336561 event=present frame_id=22 t_ns=156792872000 presented=1 clock=monotonic
K230_CARD_BENCH v=1 run=156580336561 event=present frame_id=21 t_ns=156754549000 presented=1 clock=monotonic
K230_CARD_BENCH v=1 run=156580336561 event=present frame_id=20 t_ns=156735388000 presented=1 clock=monotonic
K230_CARD_BENCH v=1 run=156580336561 event=present frame_id=19 t_ns=156716228000 presented=1 clock=monotonic
K230_CARD_BENCH v=1 run=156580336561 event=present frame_id=18 t_ns=156697066000 presented=1 clock=monotonic
K230_CARD_BENCH v=1 run=156580336561 event=present frame_id=17 t_ns=156677905000 presented=1 clock=monotonic
K230_CARD_BENCH v=1 run=156580336561 event=present frame_id=16 t_ns=156658744000 presented=1 clock=monotonic
K230_CARD_BENCH v=1 run=156580336561 event=present frame_id=15 t_ns=156639585000 presented=1 clock=monotonic
K230_CARD_BENCH v=1 run=156580336561 event=present frame_id=14 t_ns=156601263000 presented=1 clock=monotonic
K230_CARD_SHELL input=injected operation=benchmark accepted=1
K230_CARD_BENCH v=1 run=156580336561 event=resource phase=baseline t_ns=156580485893 cpu_ns=2357726000 memory_bytes=23617536 scope=session
K230_CARD_BENCH v=1 run=156580336561 event=resource phase=baseline t_ns=156580485893 cpu_ns=519722743 memory_bytes=22151168 scope=compositor
K230_CARD_SHELL map id=7 class=2
K230_CARD_SHELL state mode=0 actions=32 message=0 cards=1
K230_CARD_SHELL unmap id=5
K230_CARD_SHELL state mode=0 actions=32 message=0 cards=0
K230_CARD_SHELL map id=5 class=2
K230_CARD_SHELL state mode=0 actions=32 message=0 cards=1
