K230_CARD_SHELL restored focus=11 message=0
K230_CARD_SHELL mirror-release id=13
K230_CARD_SHELL mirror-release id=11
K230_CARD_SHELL live cards=2 commits=1418 sampled=2800 frame-done=2947 output-presented=1491
K230_CARD_SHELL live cards=2 commits=1418 sampled=2800 frame-done=2896 output-presented=1440
K230_CARD_SHELL state mode=1 actions=35 message=0 cards=2
K230_CARD_SHELL mirror id=13 format=34325241 width=568 height=744 stride=2304
K230_CARD_SHELL mirror id=11 format=34325241 width=568 height=1144 stride=2304
K230_CARD_SHELL restored focus=13 message=0
K230_CARD_SHELL mirror-release id=13
K230_CARD_SHELL mirror-release id=11
K230_CARD_SHELL live cards=2 commits=1417 sampled=2796 frame-done=2843 output-presented=1390
K230_CARD_SHELL state mode=1 actions=35 message=0 cards=2
K230_CARD_SHELL mirror id=13 format=34325241 width=568 height=1144 stride=2304
K230_CARD_SHELL mirror id=11 format=34325241 width=568 height=1144 stride=2304
K230_CARD_SHELL map id=13 class=2
K230_CARD_SHELL state mode=0 actions=32 message=0 cards=2
K230_CARD_SHELL map id=11 class=2
K230_CARD_SHELL state mode=0 actions=32 message=0 cards=1
K230_CARD_SHELL unmap id=7
K230_CARD_SHELL state mode=0 actions=32 message=0 cards=0
K230_CARD_SHELL restored focus=7 message=0
K230_CARD_SHELL mirror-release id=7
K230_CARD_SHELL mirror-release id=7
K230_CARD_SHELL live cards=1 commits=1407 sampled=2774 frame-done=2782 output-presented=1338
K230_CARD_SHELL live cards=1 commits=1363 sampled=2686 frame-done=2694 output-presented=1294
K230_CARD_SHELL unmap id=9
K230_CARD_SHELL state mode=1 actions=33 message=9 cards=1
K230_CARD_SHELL source-gone id=9
K230_CARD_SHELL mirror-release id=9
K230_CARD_SHELL mirror-release id=9
K230_CARD_SHELL state mode=3 actions=17 message=4 cards=2
K230_CARD_SHELL close-request id=9
K230_CARD_SHELL live cards=2 commits=1321 sampled=2602 frame-done=2610 output-presented=1252
K230_CARD_SHELL state mode=1 actions=1 message=0 cards=2
K230_CARD_SHELL live cards=2 commits=1271 sampled=2502 frame-done=2508 output-presented=1201
K230_CARD_SHELL live cards=2 commits=1229 sampled=2420 frame-done=2426 output-presented=1160
K230_CARD_SHELL state mode=1 actions=1 message=6 cards=2
K230_CARD_SHELL live cards=2 commits=1181 sampled=2328 frame-done=2334 output-presented=1114
K230_CARD_SHELL state mode=3 actions=17 message=4 cards=2
K230_CARD_SHELL close-request id=7
K230_CARD_SHELL state mode=2 actions=1 message=0 cards=2
K230_CARD_SHELL state mode=2 actions=1 message=0 cards=2
K230_CARD_SHELL state mode=2 actions=1 message=0 cards=2
K230_CARD_SHELL state mode=2 actions=1 message=0 cards=2
K230_CARD_SHELL state mode=2 actions=1 message=0 cards=2
K230_CARD_SHELL state mode=2 actions=1 message=0 cards=2
K230_CARD_SHELL state mode=2 actions=1 message=0 cards=2
K230_CARD_SHELL state mode=2 actions=1 message=0 cards=2
K230_CARD_SHELL state mode=2 actions=1 message=0 cards=2
K230_CARD_SHELL state mode=2 actions=1 message=0 cards=2
K230_CARD_SHELL state mode=2 actions=1 message=0 cards=2
K230_CARD_SHELL state mode=2 actions=1 message=0 cards=2
K230_CARD_SHELL state mode=2 actions=1 message=0 cards=2
K230_CARD_SHELL state mode=2 actions=1 message=0 cards=2
K230_CARD_SHELL state mode=2 actions=1 message=0 cards=2
K230_CARD_SHELL state mode=2 actions=1 message=0 cards=2
K230_CARD_SHELL state mode=2 actions=1 message=0 cards=2
K230_CARD_SHELL state mode=2 actions=1 message=0 cards=2
K230_CARD_SHELL state mode=2 actions=1 message=0 cards=2
K230_CARD_SHELL state mode=2 actions=1 message=0 cards=2
K230_CARD_SHELL state mode=2 actions=1 message=0 cards=2
K230_CARD_SHELL state mode=1 actions=33 message=0 cards=2
K230_CARD_SHELL mirror id=7 format=34325258 width=128 height=96 stride=512
K230_CARD_SHELL mirror id=7 format=34325258 width=520 height=1040 stride=2080
K230_CARD_SHELL live cards=2 commits=1148 sampled=2257 frame-done=2263 output-presented=1068
K230_CARD_SHELL state mode=1 actions=33 message=3 cards=2
K230_CARD_SHELL state mode=1 actions=33 message=2 cards=2
K230_CARD_SHELL mirror-release id=7
K230_CARD_SHELL mirror-release id=7
K230_CARD_SHELL live cards=2 commits=1146 sampled=2253 frame-done=2259 output-presented=1016
K230_CARD_SHELL live cards=2 commits=1102 sampled=2169 frame-done=2175 output-presented=974
K230_CARD_SHELL state mode=1 actions=35 message=0 cards=2
K230_CARD_SHELL mirror id=9 format=34325258 width=128 height=96 stride=512
K230_CARD_SHELL mirror id=9 format=34325258 width=520 height=1040 stride=2080
K230_CARD_SHELL mirror id=7 format=34325258 width=128 height=96 stride=512
K230_CARD_SHELL mirror id=7 format=34325258 width=520 height=1040 stride=2080
K230_CARD_SHELL input=injected operation=benchmark-stop accepted=1
K230_CARD_BENCH v=1 run=40563581580240 event=present frame_id=1691 t_ns=40589165404000 presented=1 clock=monotonic
K230_CARD_BENCH v=1 run=40563581580240 event=present frame_id=1690 t_ns=40589146240000 presented=1 clock=monotonic
K230_CARD_BENCH v=1 run=40563581580240 event=present frame_id=1689 t_ns=40589127075000 presented=1 clock=monotonic
K230_CARD_BENCH v=1 run=40563581580240 event=present frame_id=1688 t_ns=40589107912000 presented=1 clock=monotonic
K230_CARD_BENCH v=1 run=40563581580240 event=resource phase=restored t_ns=40589108125166 cpu_ns=37285085000 memory_bytes=27467776 scope=session
K230_CARD_BENCH v=1 run=40563581580240 event=resource phase=restored t_ns=40589108125166 cpu_ns=23038831583 memory_bytes=34349056 scope=compositor
K230_CARD_BENCH v=1 run=40563581580240 event=present frame_id=1687 t_ns=40589088749000 presented=1 clock=monotonic
K230_CARD_BENCH v=1 run=40563581580240 event=present frame_id=1686 t_ns=40589069583000 presented=1 clock=monotonic
K230_CARD_BENCH v=1 run=40563581580240 event=present frame_id=1685 t_ns=40589050420000 presented=1 clock=monotonic
K230_CARD_BENCH v=1 run=40563581580240 event=present frame_id=1684 t_ns=40589012092000 presented=1 clock=monotonic
K230_CARD_BENCH v=1 run=40563581580240 event=present frame_id=1683 t_ns=40588992928000 presented=1 clock=monotonic
K230_CARD_BENCH v=1 run=40563581580240 event=present frame_id=1682 t_ns=40588973764000 presented=1 clock=monotonic
K230_CARD_BENCH v=1 run=40563581580240 event=present frame_id=1681 t_ns=40588954601000 presented=1 clock=monotonic
K230_CARD_BENCH v=1 run=40563581580240 event=present frame_id=1680 t_ns=40588935436000 presented=1 clock=monotonic
K230_CARD_BENCH v=1 run=40563581580240 event=present frame_id=1679 t_ns=40588916272000 presented=1 clock=monotonic
K230_CARD_BENCH v=1 run=40563581580240 event=present frame_id=1678 t_ns=40588897108000 presented=1 clock=monotonic
K230_CARD_BENCH v=1 run=40563581580240 event=present frame_id=1677 t_ns=40588858780000 presented=1 clock=monotonic
K230_CARD_BENCH v=1 run=40563581580240 event=present frame_id=1676 t_ns=40588839617000 presented=1 clock=monotonic
K230_CARD_BENCH v=1 run=40563581580240 event=present frame_id=1675 t_ns=40588820453000 presented=1 clock=monotonic
K230_CARD_BENCH v=1 run=40563581580240 event=present frame_id=1674 t_ns=40588801289000 presented=1 clock=monotonic
K230_CARD_BENCH v=1 run=40563581580240 event=present frame_id=1673 t_ns=40588782125000 presented=1 clock=monotonic
K230_CARD_BENCH v=1 run=40563581580240 event=present frame_id=1672 t_ns=40588762961000 presented=1 clock=monotonic
K230_CARD_BENCH v=1 run=40563581580240 event=present frame_id=1671 t_ns=40588743797000 presented=1 clock=monotonic
K230_CARD_BENCH v=1 run=40563581580240 event=present frame_id=1670 t_ns=40588724633000 presented=1 clock=monotonic
K230_CARD_BENCH v=1 run=40563581580240 event=present frame_id=1669 t_ns=40588686305000 presented=1 clock=monotonic
K230_CARD_BENCH v=1 run=40563581580240 event=present frame_id=1668 t_ns=40588647979000 presented=1 clock=monotonic
K230_CARD_BENCH v=1 run=40563581580240 event=present frame_id=1667 t_ns=40588609649000 presented=1 clock=monotonic
K230_CARD_BENCH v=1 run=40563581580240 event=present frame_id=1666 t_ns=40588590485000 presented=1 clock=monotonic
K230_CARD_BENCH v=1 run=40563581580240 event=present frame_id=1665 t_ns=40588571321000 presented=1 clock=monotonic
K230_CARD_BENCH v=1 run=40563581580240 event=present frame_id=1664 t_ns=40588552158000 presented=1 clock=monotonic
K230_CARD_BENCH v=1 run=40563581580240 event=present frame_id=1663 t_ns=40588532993000 presented=1 clock=monotonic
K230_CARD_BENCH v=1 run=40563581580240 event=present frame_id=1662 t_ns=40588513829000 presented=1 clock=monotonic
K230_CARD_BENCH v=1 run=40563581580240 event=present frame_id=1661 t_ns=40588494665000 presented=1 clock=monotonic
K230_CARD_BENCH v=1 run=40563581580240 event=present frame_id=1660 t_ns=40588475501000 presented=1 clock=monotonic
K230_CARD_BENCH v=1 run=40563581580240 event=present frame_id=1659 t_ns=40588437174000 presented=1 clock=monotonic
K230_CARD_BENCH v=1 run=40563581580240 event=present frame_id=1658 t_ns=40588418010000 presented=1 clock=monotonic
K230_CARD_BENCH v=1 run=40563581580240 event=present frame_id=1657 t_ns=40588398846000 presented=1 clock=monotonic
K230_CARD_BENCH v=1 run=40563581580240 event=present frame_id=1656 t_ns=40588379682000 presented=1 clock=monotonic
K230_CARD_BENCH v=1 run=40563581580240 event=present frame_id=1655 t_ns=40588360518000 presented=1 clock=monotonic
K230_CARD_BENCH v=1 run=40563581580240 event=present frame_id=1654 t_ns=40588341354000 presented=1 clock=monotonic
K230_CARD_BENCH v=1 run=40563581580240 event=present frame_id=1653 t_ns=40588322190000 presented=1 clock=monotonic
K230_CARD_BENCH v=1 run=40563581580240 event=present frame_id=1652 t_ns=40588303026000 presented=1 clock=monotonic
K230_CARD_BENCH v=1 run=40563581580240 event=present frame_id=1651 t_ns=40588264697000 presented=1 clock=monotonic
K230_CARD_BENCH v=1 run=40563581580240 event=present frame_id=1650 t_ns=40588245534000 presented=1 clock=monotonic
K230_CARD_BENCH v=1 run=40563581580240 event=present frame_id=1649 t_ns=40588226370000 presented=1 clock=monotonic
K230_CARD_BENCH v=1 run=40563581580240 event=present frame_id=1648 t_ns=40588207207000 presented=1 clock=monotonic
K230_CARD_BENCH v=1 run=40563581580240 event=present frame_id=1647 t_ns=40588188043000 presented=1 clock=monotonic
K230_CARD_BENCH v=1 run=40563581580240 event=present frame_id=1646 t_ns=40588168878000 presented=1 clock=monotonic
K230_CARD_BENCH v=1 run=40563581580240 event=present frame_id=1645 t_ns=40588149714000 presented=1 clock=monotonic
K230_CARD_BENCH v=1 run=40563581580240 event=present frame_id=1644 t_ns=40588092221000 presented=1 clock=monotonic
K230_CARD_BENCH v=1 run=40563581580240 event=resource phase=restored t_ns=40588103187797 cpu_ns=36449409000 memory_bytes=27467776 scope=session
K230_CARD_BENCH v=1 run=40563581580240 event=resource phase=restored t_ns=40588103187797 cpu_ns=22631723593 memory_bytes=34349056 scope=compositor
K230_CARD_BENCH v=1 run=40563581580240 event=present frame_id=1643 t_ns=40588053894000 presented=1 clock=monotonic
K230_CARD_BENCH v=1 run=40563581580240 event=present frame_id=1642 t_ns=40588034731000 presented=1 clock=monotonic
K230_CARD_BENCH v=1 run=40563581580240 event=present frame_id=1641 t_ns=40588015567000 presented=1 clock=monotonic
K230_CARD_BENCH v=1 run=40563581580240 event=present frame_id=1640 t_ns=40587996403000 presented=1 clock=monotonic
K230_CARD_BENCH v=1 run=40563581580240 event=present frame_id=1639 t_ns=40587977238000 presented=1 clock=monotonic
K230_CARD_BENCH v=1 run=40563581580240 event=present frame_id=1638 t_ns=40587958076000 presented=1 clock=monotonic
K230_CARD_BENCH v=1 run=40563581580240 event=present frame_id=1637 t_ns=40587938911000 presented=1 clock=monotonic
K230_CARD_BENCH v=1 run=40563581580240 event=present frame_id=1636 t_ns=40587900583000 presented=1 clock=monotonic
K230_CARD_BENCH v=1 run=40563581580240 event=present frame_id=1635 t_ns=40587881419000 presented=1 clock=monotonic
K230_CARD_BENCH v=1 run=40563581580240 event=present frame_id=1634 t_ns=40587862254000 presented=1 clock=monotonic
K230_CARD_BENCH v=1 run=40563581580240 event=present frame_id=1633 t_ns=40587843091000 presented=1 clock=monotonic
K230_CARD_BENCH v=1 run=40563581580240 event=present frame_id=1632 t_ns=40587823927000 presented=1 clock=monotonic
K230_CARD_BENCH v=1 run=40563581580240 event=present frame_id=1631 t_ns=40587804764000 presented=1 clock=monotonic
K230_CARD_BENCH v=1 run=40563581580240 event=present frame_id=1630 t_ns=40587785599000 presented=1 clock=monotonic
K230_CARD_BENCH v=1 run=40563581580240 event=present frame_id=1629 t_ns=40587766435000 presented=1 clock=monotonic
K230_CARD_BENCH v=1 run=40563581580240 event=present frame_id=1628 t_ns=40587747271000 presented=1 clock=monotonic
K230_CARD_BENCH v=1 run=40563581580240 event=present frame_id=1627 t_ns=40587708943000 presented=1 clock=monotonic
K230_CARD_BENCH v=1 run=40563581580240 event=present frame_id=1626 t_ns=40587689779000 presented=1 clock=monotonic
K230_CARD_BENCH v=1 run=40563581580240 event=present frame_id=1625 t_ns=40587670616000 presented=1 clock=monotonic
K230_CARD_BENCH v=1 run=40563581580240 event=present frame_id=1624 t_ns=40587651451000 presented=1 clock=monotonic
K230_CARD_BENCH v=1 run=40563581580240 event=present frame_id=1623 t_ns=40587632288000 presented=1 clock=monotonic
K230_CARD_BENCH v=1 run=40563581580240 event=present frame_id=1622 t_ns=40587613124000 presented=1 clock=monotonic
K230_CARD_BENCH v=1 run=40563581580240 event=present frame_id=1621 t_ns=40587593959000 presented=1 clock=monotonic
K230_CARD_BENCH v=1 run=40563581580240 event=present frame_id=1620 t_ns=40587574796000 presented=1 clock=monotonic
K230_CARD_BENCH v=1 run=40563581580240 event=present frame_id=1619 t_ns=40587517304000 presented=1 clock=monotonic
K230_CARD_BENCH v=1 run=40563581580240 event=present frame_id=1618 t_ns=40587478976000 presented=1 clock=monotonic
K230_CARD_BENCH v=1 run=40563581580240 event=present frame_id=1617 t_ns=40587459812000 presented=1 clock=monotonic
K230_CARD_BENCH v=1 run=40563581580240 event=present frame_id=1616 t_ns=40587440649000 presented=1 clock=monotonic
K230_CARD_BENCH v=1 run=40563581580240 event=present frame_id=1615 t_ns=40587421485000 presented=1 clock=monotonic
K230_CARD_BENCH v=1 run=40563581580240 event=present frame_id=1614 t_ns=40587402321000 presented=1 clock=monotonic
K230_CARD_BENCH v=1 run=40563581580240 event=present frame_id=1613 t_ns=40587383156000 presented=1 clock=monotonic
K230_CARD_BENCH v=1 run=40563581580240 event=present frame_id=1612 t_ns=40587363993000 presented=1 clock=monotonic
K230_CARD_BENCH v=1 run=40563581580240 event=present frame_id=1611 t_ns=40587344829000 presented=1 clock=monotonic
K230_CARD_BENCH v=1 run=40563581580240 event=present frame_id=1610 t_ns=40587325664000 presented=1 clock=monotonic
K230_CARD_BENCH v=1 run=40563581580240 event=present frame_id=1609 t_ns=40587287335000 presented=1 clock=monotonic
K230_CARD_BENCH v=1 run=40563581580240 event=present frame_id=1608 t_ns=40587268173000 presented=1 clock=monotonic
K230_CARD_BENCH v=1 run=40563581580240 event=present frame_id=1607 t_ns=40587249007000 presented=1 clock=monotonic
K230_CARD_BENCH v=1 run=40563581580240 event=present frame_id=1606 t_ns=40587229845000 presented=1 clock=monotonic
K230_CARD_BENCH v=1 run=40563581580240 event=present frame_id=1605 t_ns=40587210681000 presented=1 clock=monotonic
K230_CARD_BENCH v=1 run=40563581580240 event=present frame_id=1604 t_ns=40587191517000 presented=1 clock=monotonic
K230_CARD_BENCH v=1 run=40563581580240 event=present frame_id=1603 t_ns=40587172353000 presented=1 clock=monotonic
K230_CARD_BENCH v=1 run=40563581580240 event=present frame_id=1602 t_ns=40587153188000 presented=1 clock=monotonic
K230_CARD_BENCH v=1 run=40563581580240 event=present frame_id=1601 t_ns=40587134025000 presented=1 clock=monotonic
K230_CARD_BENCH v=1 run=40563581580240 event=present frame_id=1600 t_ns=40587095697000 presented=1 clock=monotonic
K230_CARD_BENCH v=1 run=40563581580240 event=resource phase=restored t_ns=40587095886625 cpu_ns=35616024000 memory_bytes=27463680 scope=session
K230_CARD_BENCH v=1 run=40563581580240 event=resource phase=restored t_ns=40587095886625 cpu_ns=22225631125 memory_bytes=34349056 scope=compositor
K230_CARD_BENCH v=1 run=40563581580240 event=present frame_id=1599 t_ns=40587076534000 presented=1 clock=monotonic
K230_CARD_BENCH v=1 run=40563581580240 event=present frame_id=1598 t_ns=40587057370000 presented=1 clock=monotonic
K230_CARD_BENCH v=1 run=40563581580240 event=present frame_id=1597 t_ns=40587038206000 presented=1 clock=monotonic
K230_CARD_BENCH v=1 run=40563581580240 event=present frame_id=1596 t_ns=40587019042000 presented=1 clock=monotonic
K230_CARD_BENCH v=1 run=40563581580240 event=present frame_id=1595 t_ns=40586999880000 presented=1 clock=monotonic
K230_CARD_BENCH v=1 run=40563581580240 event=present frame_id=1594 t_ns=40586961550000 presented=1 clock=monotonic
K230_CARD_BENCH v=1 run=40563581580240 event=present frame_id=1593 t_ns=40586923222000 presented=1 clock=monotonic
K230_CARD_BENCH v=1 run=40563581580240 event=present frame_id=1592 t_ns=40586884893000 presented=1 clock=monotonic
K230_CARD_BENCH v=1 run=40563581580240 event=present frame_id=1591 t_ns=40586865730000 presented=1 clock=monotonic
K230_CARD_BENCH v=1 run=40563581580240 event=present frame_id=1590 t_ns=40586846566000 presented=1 clock=monotonic
K230_CARD_BENCH v=1 run=40563581580240 event=present frame_id=1589 t_ns=40586827402000 presented=1 clock=monotonic
K230_CARD_BENCH v=1 run=40563581580240 event=present frame_id=1588 t_ns=40586808238000 presented=1 clock=monotonic
K230_CARD_BENCH v=1 run=40563581580240 event=present frame_id=1587 t_ns=40586789074000 presented=1 clock=monotonic
K230_CARD_BENCH v=1 run=40563581580240 event=present frame_id=1586 t_ns=40586769910000 presented=1 clock=monotonic
K230_CARD_BENCH v=1 run=40563581580240 event=present frame_id=1585 t_ns=40586750745000 presented=1 clock=monotonic
K230_CARD_BENCH v=1 run=40563581580240 event=present frame_id=1584 t_ns=40586731582000 presented=1 clock=monotonic
K230_CARD_BENCH v=1 run=40563581580240 event=present frame_id=1583 t_ns=40586693255000 presented=1 clock=monotonic
K230_CARD_BENCH v=1 run=40563581580240 event=present frame_id=1582 t_ns=40586674090000 presented=1 clock=monotonic
K230_CARD_BENCH v=1 run=40563581580240 event=present frame_id=1581 t_ns=40586654925000 presented=1 clock=monotonic
K230_CARD_BENCH v=1 run=40563581580240 event=present frame_id=1580 t_ns=40586635763000 presented=1 clock=monotonic
K230_CARD_BENCH v=1 run=40563581580240 event=present frame_id=1579 t_ns=40586616599000 presented=1 clock=monotonic
K230_CARD_BENCH v=1 run=40563581580240 event=present frame_id=1578 t_ns=40586597435000 presented=1 clock=monotonic
K230_CARD_BENCH v=1 run=40563581580240 event=present frame_id=1577 t_ns=40586578270000 presented=1 clock=monotonic
K230_CARD_BENCH v=1 run=40563581580240 event=present frame_id=1576 t_ns=40586559107000 presented=1 clock=monotonic
K230_CARD_BENCH v=1 run=40563581580240 event=present frame_id=1575 t_ns=40586520778000 presented=1 clock=monotonic
K230_CARD_BENCH v=1 run=40563581580240 event=present frame_id=1574 t_ns=40586501614000 presented=1 clock=monotonic
K230_CARD_BENCH v=1 run=40563581580240 event=present frame_id=1573 t_ns=40586482451000 presented=1 clock=monotonic
K230_CARD_BENCH v=1 run=40563581580240 event=present frame_id=1572 t_ns=40586463288000 presented=1 clock=monotonic
K230_CARD_BENCH v=1 run=40563581580240 event=present frame_id=1571 t_ns=40586444123000 presented=1 clock=monotonic
K230_CARD_BENCH v=1 run=40563581580240 event=present frame_id=1570 t_ns=40586424960000 presented=1 clock=monotonic
K230_CARD_BENCH v=1 run=40563581580240 event=present frame_id=1569 t_ns=40586367469000 presented=1 clock=monotonic
K230_CARD_BENCH v=1 run=40563581580240 event=present frame_id=1568 t_ns=40586348303000 presented=1 clock=monotonic
K230_CARD_BENCH v=1 run=40563581580240 event=present frame_id=1567 t_ns=40586329140000 presented=1 clock=monotonic
K230_CARD_BENCH v=1 run=40563581580240 event=present frame_id=1566 t_ns=40586290811000 presented=1 clock=monotonic
K230_CARD_BENCH v=1 run=40563581580240 event=present frame_id=1565 t_ns=40586271648000 presented=1 clock=monotonic
K230_CARD_BENCH v=1 run=40563581580240 event=present frame_id=1564 t_ns=40586252484000 presented=1 clock=monotonic
K230_CARD_BENCH v=1 run=40563581580240 event=present frame_id=1563 t_ns=40586233320000 presented=1 clock=monotonic
K230_CARD_BENCH v=1 run=40563581580240 event=present frame_id=1562 t_ns=40586214156000 presented=1 clock=monotonic
K230_CARD_BENCH v=1 run=40563581580240 event=present frame_id=1561 t_ns=40586194992000 presented=1 clock=monotonic
K230_CARD_BENCH v=1 run=40563581580240 event=present frame_id=1560 t_ns=40586175828000 presented=1 clock=monotonic
K230_CARD_BENCH v=1 run=40563581580240 event=present frame_id=1559 t_ns=40586156663000 presented=1 clock=monotonic
K230_CARD_BENCH v=1 run=40563581580240 event=present frame_id=1558 t_ns=40586137500000 presented=1 clock=monotonic
K230_CARD_BENCH v=1 run=40563581580240 event=present frame_id=1557 t_ns=40586099172000 presented=1 clock=monotonic
K230_CARD_BENCH v=1 run=40563581580240 event=present frame_id=1556 t_ns=40586080053000 presented=1 clock=monotonic
K230_CARD_BENCH v=1 run=40563581580240 event=resource phase=restored t_ns=40586080268417 cpu_ns=34782458000 memory_bytes=27463680 scope=session
K230_CARD_BENCH v=1 run=40563581580240 event=resource phase=restored t_ns=40586080268417 cpu_ns=21819004512 memory_bytes=34349056 scope=compositor
K230_CARD_BENCH v=1 run=40563581580240 event=present frame_id=1555 t_ns=40586060845000 presented=1 clock=monotonic
K230_CARD_BENCH v=1 run=40563581580240 event=present frame_id=1554 t_ns=40586041681000 presented=1 clock=monotonic
K230_CARD_BENCH v=1 run=40563581580240 event=present frame_id=1553 t_ns=40586022517000 presented=1 clock=monotonic
K230_CARD_BENCH v=1 run=40563581580240 event=present frame_id=1552 t_ns=40586003352000 presented=1 clock=monotonic
K230_CARD_BENCH v=1 run=40563581580240 event=present frame_id=1551 t_ns=40585984189000 presented=1 clock=monotonic
K230_CARD_BENCH v=1 run=40563581580240 event=present frame_id=1550 t_ns=40585945862000 presented=1 clock=monotonic
K230_CARD_BENCH v=1 run=40563581580240 event=present frame_id=1549 t_ns=40585926698000 presented=1 clock=monotonic
K230_CARD_BENCH v=1 run=40563581580240 event=present frame_id=1548 t_ns=40585869206000 presented=1 clock=monotonic
K230_CARD_BENCH v=1 run=40563581580240 event=present frame_id=1547 t_ns=40585811714000 presented=1 clock=monotonic
K230_CARD_BENCH v=1 run=40563581580240 event=present frame_id=1546 t_ns=40585735058000 presented=1 clock=monotonic
K230_CARD_BENCH v=1 run=40563581580240 event=present frame_id=1545 t_ns=40585696731000 presented=1 clock=monotonic
K230_CARD_BENCH v=1 run=40563581580240 event=present frame_id=1544 t_ns=40585658402000 presented=1 clock=monotonic
K230_CARD_BENCH v=1 run=40563581580240 event=present frame_id=1543 t_ns=40585600910000 presented=1 clock=monotonic
K230_CARD_BENCH v=1 run=40563581580240 event=present frame_id=1542 t_ns=40585581747000 presented=1 clock=monotonic
K230_CARD_BENCH v=1 run=40563581580240 event=present frame_id=1541 t_ns=40585543420000 presented=1 clock=monotonic
K230_CARD_BENCH v=1 run=40563581580240 event=present frame_id=1540 t_ns=40585524256000 presented=1 clock=monotonic
K230_CARD_BENCH v=1 run=40563581580240 event=present frame_id=1539 t_ns=40585485927000 presented=1 clock=monotonic
K230_CARD_BENCH v=1 run=40563581580240 event=present frame_id=1538 t_ns=40585466766000 presented=1 clock=monotonic
K230_CARD_BENCH v=1 run=40563581580240 event=present frame_id=1537 t_ns=40585447598000 presented=1 clock=monotonic
K230_CARD_BENCH v=1 run=40563581580240 event=present frame_id=1536 t_ns=40585428435000 presented=1 clock=monotonic
K230_CARD_BENCH v=1 run=40563581580240 event=present frame_id=1535 t_ns=40585409271000 presented=1 clock=monotonic
K230_CARD_BENCH v=1 run=40563581580240 event=present frame_id=1534 t_ns=40585390107000 presented=1 clock=monotonic
K230_CARD_BENCH v=1 run=40563581580240 event=present frame_id=1533 t_ns=40585370942000 presented=1 clock=monotonic
K230_CARD_BENCH v=1 run=40563581580240 event=present frame_id=1532 t_ns=40585351779000 presented=1 clock=monotonic
K230_CARD_BENCH v=1 run=40563581580240 event=present frame_id=1531 t_ns=40585313450000 presented=1 clock=monotonic
K230_CARD_BENCH v=1 run=40563581580240 event=present frame_id=1530 t_ns=40585294288000 presented=1 clock=monotonic
K230_CARD_BENCH v=1 run=40563581580240 event=present frame_id=1529 t_ns=40585275124000 presented=1 clock=monotonic
K230_CARD_BENCH v=1 run=40563581580240 event=present frame_id=1528 t_ns=40585255959000 presented=1 clock=monotonic
K230_CARD_BENCH v=1 run=40563581580240 event=present frame_id=1527 t_ns=40585236796000 presented=1 clock=monotonic
K230_CARD_BENCH v=1 run=40563581580240 event=present frame_id=1526 t_ns=40585198469000 presented=1 clock=monotonic
K230_CARD_BENCH v=1 run=40563581580240 event=present frame_id=1525 t_ns=40585160142000 presented=1 clock=monotonic
K230_CARD_BENCH v=1 run=40563581580240 event=present frame_id=1524 t_ns=40585140976000 presented=1 clock=monotonic
K230_CARD_BENCH v=1 run=40563581580240 event=present frame_id=1523 t_ns=40585121813000 presented=1 clock=monotonic
K230_CARD_BENCH v=1 run=40563581580240 event=present frame_id=1522 t_ns=40585102648000 presented=1 clock=monotonic
K230_CARD_BENCH v=1 run=40563581580240 event=present frame_id=1521 t_ns=40585064320000 presented=1 clock=monotonic
K230_CARD_BENCH v=1 run=40563581580240 event=resource phase=restored t_ns=40585068149927 cpu_ns=34122424000 memory_bytes=27463680 scope=session
K230_CARD_BENCH v=1 run=40563581580240 event=resource phase=restored t_ns=40585068149927 cpu_ns=21487339648 memory_bytes=34349056 scope=compositor
K230_CARD_BENCH v=1 run=40563581580240 event=present frame_id=1520 t_ns=40585045157000 presented=1 clock=monotonic
K230_CARD_BENCH v=1 run=40563581580240 event=present frame_id=1519 t_ns=40585025993000 presented=1 clock=monotonic
K230_CARD_BENCH v=1 run=40563581580240 event=present frame_id=1518 t_ns=40585006828000 presented=1 clock=monotonic
K230_CARD_BENCH v=1 run=40563581580240 event=present frame_id=1517 t_ns=40584987665000 presented=1 clock=monotonic
K230_CARD_BENCH v=1 run=40563581580240 event=present frame_id=1516 t_ns=40584968501000 presented=1 clock=monotonic
K230_CARD_BENCH v=1 run=40563581580240 event=present frame_id=1515 t_ns=40584930173000 presented=1 clock=monotonic
K230_CARD_BENCH v=1 run=40563581580240 event=present frame_id=1514 t_ns=40584911009000 presented=1 clock=monotonic
K230_CARD_BENCH v=1 run=40563581580240 event=present frame_id=1513 t_ns=40584891845000 presented=1 clock=monotonic
K230_CARD_BENCH v=1 run=40563581580240 event=present frame_id=1512 t_ns=40584853518000 presented=1 clock=monotonic
K230_CARD_BENCH v=1 run=40563581580240 event=present frame_id=1511 t_ns=40584834355000 presented=1 clock=monotonic
K230_CARD_BENCH v=1 run=40563581580240 event=present frame_id=1510 t_ns=40584796043000 presented=1 clock=monotonic
K230_CARD_BENCH v=1 run=40563581580240 event=present frame_id=1509 t_ns=40584776862000 presented=1 clock=monotonic
K230_CARD_BENCH v=1 run=40563581580240 event=present frame_id=1508 t_ns=40584738534000 presented=1 clock=monotonic
K230_CARD_BENCH v=1 run=40563581580240 event=present frame_id=1507 t_ns=40584719371000 presented=1 clock=monotonic
K230_CARD_BENCH v=1 run=40563581580240 event=present frame_id=1506 t_ns=40584681042000 presented=1 clock=monotonic
K230_CARD_BENCH v=1 run=40563581580240 event=present frame_id=1505 t_ns=40584661878000 presented=1 clock=monotonic
K230_CARD_BENCH v=1 run=40563581580240 event=present frame_id=1504 t_ns=40584623553000 presented=1 clock=monotonic
K230_CARD_BENCH v=1 run=40563581580240 event=present frame_id=1503 t_ns=40584585222000 presented=1 clock=monotonic
K230_CARD_BENCH v=1 run=40563581580240 event=present frame_id=1502 t_ns=40584566059000 presented=1 clock=monotonic
K230_CARD_BENCH v=1 run=40563581580240 event=present frame_id=1501 t_ns=40584546895000 presented=1 clock=monotonic
K230_CARD_BENCH v=1 run=40563581580240 event=present frame_id=1500 t_ns=40584527731000 presented=1 clock=monotonic
K230_CARD_BENCH v=1 run=40563581580240 event=present frame_id=1499 t_ns=40584508567000 presented=1 clock=monotonic
K230_CARD_BENCH v=1 run=40563581580240 event=present frame_id=1498 t_ns=40584489403000 presented=1 clock=monotonic
K230_CARD_BENCH v=1 run=40563581580240 event=present frame_id=1497 t_ns=40584451075000 presented=1 clock=monotonic
K230_CARD_BENCH v=1 run=40563581580240 event=present frame_id=1496 t_ns=40584431911000 presented=1 clock=monotonic
K230_CARD_BENCH v=1 run=40563581580240 event=present frame_id=1495 t_ns=40584412748000 presented=1 clock=monotonic
K230_CARD_BENCH v=1 run=40563581580240 event=present frame_id=1494 t_ns=40584393583000 presented=1 clock=monotonic
K230_CARD_BENCH v=1 run=40563581580240 event=present frame_id=1493 t_ns=40584374420000 presented=1 clock=monotonic
K230_CARD_BENCH v=1 run=40563581580240 event=present frame_id=1492 t_ns=40584355256000 presented=1 clock=monotonic
K230_CARD_BENCH v=1 run=40563581580240 event=present frame_id=1491 t_ns=40584336092000 presented=1 clock=monotonic
K230_CARD_BENCH v=1 run=40563581580240 event=present frame_id=1490 t_ns=40584316928000 presented=1 clock=monotonic
K230_CARD_BENCH v=1 run=40563581580240 event=present frame_id=1489 t_ns=40584278600000 presented=1 clock=monotonic
K230_CARD_BENCH v=1 run=40563581580240 event=present frame_id=1488 t_ns=40584259436000 presented=1 clock=monotonic
K230_CARD_BENCH v=1 run=40563581580240 event=present frame_id=1487 t_ns=40584240275000 presented=1 clock=monotonic
K230_CARD_BENCH v=1 run=40563581580240 event=present frame_id=1486 t_ns=40584221108000 presented=1 clock=monotonic
K230_CARD_BENCH v=1 run=40563581580240 event=present frame_id=1485 t_ns=40584201944000 presented=1 clock=monotonic
K230_CARD_BENCH v=1 run=40563581580240 event=present frame_id=1484 t_ns=40584182781000 presented=1 clock=monotonic
K230_CARD_BENCH v=1 run=40563581580240 event=present frame_id=1483 t_ns=40584163616000 presented=1 clock=monotonic
K230_CARD_BENCH v=1 run=40563581580240 event=present frame_id=1482 t_ns=40584144453000 presented=1 clock=monotonic
K230_CARD_BENCH v=1 run=40563581580240 event=present frame_id=1481 t_ns=40584125289000 presented=1 clock=monotonic
K230_CARD_BENCH v=1 run=40563581580240 event=present frame_id=1480 t_ns=40584086962000 presented=1 clock=monotonic
K230_CARD_SHELL frame-cost run=40563581580240 frame_id=1480 total_cpu_ns=12337849 render_cpu_ns=9062885 input_cpu_ns=2515186
K230_CARD_BENCH v=1 run=40563581580240 event=submit input_id=537 frame_id=1480 t_ns=40584079758395 update_cpu_ns=12337849 final=1
K230_CARD_BENCH v=1 run=40563581580240 event=present frame_id=1479 t_ns=40584048635000 presented=1 clock=monotonic
K230_CARD_BENCH v=1 run=40563581580240 event=resource phase=restored t_ns=40584060599495 cpu_ns=33332366000 memory_bytes=27463680 scope=session
K230_CARD_BENCH v=1 run=40563581580240 event=resource phase=restored t_ns=40584060599495 cpu_ns=21094088601 memory_bytes=34349056 scope=compositor
K230_CARD_BENCH v=1 run=40563581580240 event=input input_id=537 gesture_id=54 kind=release t_ns=40584044444384 source=injected
K230_CARD_SHELL restored focus=7 message=0
K230_CARD_SHELL mirror-release id=9
K230_CARD_SHELL mirror-release id=9
K230_CARD_SHELL mirror-release id=7
K230_CARD_SHELL mirror-release id=7
K230_CARD_BENCH v=1 run=40563581580240 event=present frame_id=1478 t_ns=40584010305000 presented=1 clock=monotonic
K230_CARD_BENCH v=1 run=40563581580240 event=present frame_id=1477 t_ns=40583991142000 presented=1 clock=monotonic
K230_CARD_BENCH v=1 run=40563581580240 event=present frame_id=1476 t_ns=40583952813000 presented=1 clock=monotonic
K230_CARD_BENCH v=1 run=40563581580240 event=present frame_id=1475 t_ns=40583933650000 presented=1 clock=monotonic
K230_CARD_SHELL state mode=2 actions=1 message=0 cards=2
K230_CARD_BENCH v=1 run=40563581580240 event=present frame_id=1474 t_ns=40583895320000 presented=1 clock=monotonic
K230_CARD_BENCH v=1 run=40563581580240 event=present frame_id=1473 t_ns=40583876158000 presented=1 clock=monotonic
K230_CARD_BENCH v=1 run=40563581580240 event=present frame_id=1472 t_ns=40583837828000 presented=1 clock=monotonic
K230_CARD_BENCH v=1 run=40563581580240 event=present frame_id=1471 t_ns=40583818666000 presented=1 clock=monotonic
K230_CARD_BENCH v=1 run=40563581580240 event=present frame_id=1470 t_ns=40583780339000 presented=1 clock=monotonic
K230_CARD_BENCH v=1 run=40563581580240 event=present frame_id=1469 t_ns=40583761175000 presented=1 clock=monotonic
K230_CARD_BENCH v=1 run=40563581580240 event=present frame_id=1468 t_ns=40583722845000 presented=1 clock=monotonic
K230_CARD_BENCH v=1 run=40563581580240 event=present frame_id=1467 t_ns=40583703682000 presented=1 clock=monotonic
K230_CARD_BENCH v=1 run=40563581580240 event=present frame_id=1466 t_ns=40583665355000 presented=1 clock=monotonic
K230_CARD_BENCH v=1 run=40563581580240 event=present frame_id=1465 t_ns=40583646191000 presented=1 clock=monotonic
K230_CARD_SHELL frame-cost run=40563581580240 frame_id=1465 total_cpu_ns=18617944 render_cpu_ns=14316354 input_cpu_ns=3969887
K230_CARD_BENCH v=1 run=40563581580240 event=submit input_id=536 frame_id=1465 t_ns=40583640243613 update_cpu_ns=18617944 final=1
K230_CARD_BENCH v=1 run=40563581580240 event=submit input_id=535 frame_id=1465 t_ns=40583640243613 update_cpu_ns=18617944 final=0
K230_CARD_BENCH v=1 run=40563581580240 event=submit input_id=534 frame_id=1465 t_ns=40583640243613 update_cpu_ns=18617944 final=0
K230_CARD_BENCH v=1 run=40563581580240 event=submit input_id=533 frame_id=1465 t_ns=40583640243613 update_cpu_ns=18617944 final=0
K230_CARD_BENCH v=1 run=40563581580240 event=present frame_id=1464 t_ns=40583607865000 presented=1 clock=monotonic
K230_CARD_BENCH v=1 run=40563581580240 event=input input_id=536 gesture_id=53 kind=release t_ns=40583605975953 source=injected
K230_CARD_SHELL state mode=1 actions=1 message=0 cards=2
K230_CARD_BENCH v=1 run=40563581580240 event=input input_id=535 gesture_id=53 kind=motion t_ns=40583605435285 source=injected
K230_CARD_SHELL state mode=2 actions=1 message=0 cards=2
K230_CARD_BENCH v=1 run=40563581580240 event=input input_id=534 gesture_id=53 kind=motion t_ns=40583604875207 source=injected
K230_CARD_SHELL state mode=2 actions=1 message=0 cards=2
K230_CARD_BENCH v=1 run=40563581580240 event=input input_id=533 gesture_id=53 kind=motion t_ns=40583604217079 source=injected
K230_CARD_SHELL state mode=2 actions=1 message=0 cards=2
K230_CARD_SHELL frame-cost run=40563581580240 frame_id=1464 total_cpu_ns=23282454 render_cpu_ns=20037378 input_cpu_ns=2726225
K230_CARD_BENCH v=1 run=40563581580240 event=submit input_id=532 frame_id=1464 t_ns=40583593849783 update_cpu_ns=23282454 final=0
K230_CARD_BENCH v=1 run=40563581580240 event=submit input_id=531 frame_id=1464 t_ns=40583593849783 update_cpu_ns=23282454 final=0
K230_CARD_BENCH v=1 run=40563581580240 event=submit input_id=530 frame_id=1464 t_ns=40583593849783 update_cpu_ns=23282454 final=0
K230_CARD_BENCH v=1 run=40563581580240 event=submit input_id=529 frame_id=1464 t_ns=40583593849783 update_cpu_ns=23282454 final=0
K230_CARD_BENCH v=1 run=40563581580240 event=submit input_id=528 frame_id=1464 t_ns=40583593849783 update_cpu_ns=23282454 final=0
K230_CARD_BENCH v=1 run=40563581580240 event=present frame_id=1463 t_ns=40583569538000 presented=1 clock=monotonic
K230_CARD_BENCH v=1 run=40563581580240 event=input input_id=532 gesture_id=53 kind=motion t_ns=40583570358772 source=injected
K230_CARD_SHELL state mode=2 actions=1 message=0 cards=2
K230_CARD_BENCH v=1 run=40563581580240 event=input input_id=531 gesture_id=53 kind=motion t_ns=40583567906875 source=injected
K230_CARD_SHELL state mode=2 actions=1 message=0 cards=2
K230_CARD_BENCH v=1 run=40563581580240 event=input input_id=530 gesture_id=53 kind=motion t_ns=40583565929340 source=injected
K230_CARD_SHELL state mode=2 actions=1 message=0 cards=2
K230_CARD_BENCH v=1 run=40563581580240 event=input input_id=529 gesture_id=53 kind=motion t_ns=40583565279805 source=injected
K230_CARD_SHELL state mode=2 actions=1 message=0 cards=2
K230_CARD_BENCH v=1 run=40563581580240 event=input input_id=528 gesture_id=53 kind=motion t_ns=40583562870285 source=injected
K230_CARD_SHELL state mode=2 actions=1 message=0 cards=2
K230_CARD_SHELL frame-cost run=40563581580240 frame_id=1463 total_cpu_ns=22350340 render_cpu_ns=19375117 input_cpu_ns=2514079
K230_CARD_BENCH v=1 run=40563581580240 event=submit input_id=527 frame_id=1463 t_ns=40583561112336 update_cpu_ns=22350340 final=0
K230_CARD_BENCH v=1 run=40563581580240 event=submit input_id=526 frame_id=1463 t_ns=40583561112336 update_cpu_ns=22350340 final=0
K230_CARD_BENCH v=1 run=40563581580240 event=submit input_id=525 frame_id=1463 t_ns=40583561112336 update_cpu_ns=22350340 final=0
K230_CARD_BENCH v=1 run=40563581580240 event=submit input_id=524 frame_id=1463 t_ns=40583561112336 update_cpu_ns=22350340 final=0
K230_CARD_BENCH v=1 run=40563581580240 event=submit input_id=523 frame_id=1463 t_ns=40583561112336 update_cpu_ns=22350340 final=0
K230_CARD_BENCH v=1 run=40563581580240 event=submit input_id=522 frame_id=1463 t_ns=40583561112336 update_cpu_ns=22350340 final=0
K230_CARD_BENCH v=1 run=40563581580240 event=present frame_id=1462 t_ns=40583512057000 presented=1 clock=monotonic
K230_CARD_BENCH v=1 run=40563581580240 event=input input_id=527 gesture_id=53 kind=motion t_ns=40583532336589 source=injected
K230_CARD_SHELL state mode=2 actions=1 message=0 cards=2
K230_CARD_BENCH v=1 run=40563581580240 event=input input_id=526 gesture_id=53 kind=motion t_ns=40583529762897 source=injected
K230_CARD_SHELL state mode=2 actions=1 message=0 cards=2
K230_CARD_BENCH v=1 run=40563581580240 event=input input_id=525 gesture_id=53 kind=motion t_ns=40583529209820 source=injected
K230_CARD_SHELL state mode=2 actions=1 message=0 cards=2
K230_CARD_BENCH v=1 run=40563581580240 event=input input_id=524 gesture_id=53 kind=motion t_ns=40583525495822 source=injected
K230_CARD_SHELL state mode=2 actions=1 message=0 cards=2
K230_CARD_BENCH v=1 run=40563581580240 event=input input_id=523 gesture_id=53 kind=motion t_ns=40583524891812 source=injected
K230_CARD_SHELL state mode=2 actions=1 message=0 cards=2
K230_CARD_BENCH v=1 run=40563581580240 event=input input_id=522 gesture_id=53 kind=motion t_ns=40583523083893 source=injected
K230_CARD_SHELL state mode=2 actions=1 message=0 cards=2
K230_CARD_SHELL frame-cost run=40563581580240 frame_id=1462 total_cpu_ns=18922175 render_cpu_ns=17006245 input_cpu_ns=1632855
K230_CARD_BENCH v=1 run=40563581580240 event=submit input_id=521 frame_id=1462 t_ns=40583509597978 update_cpu_ns=18922175 final=0
K230_CARD_BENCH v=1 run=40563581580240 event=submit input_id=520 frame_id=1462 t_ns=40583509597978 update_cpu_ns=18922175 final=0
K230_CARD_BENCH v=1 run=40563581580240 event=submit input_id=519 frame_id=1462 t_ns=40583509597978 update_cpu_ns=18922175 final=0
K230_CARD_BENCH v=1 run=40563581580240 event=submit input_id=518 frame_id=1462 t_ns=40583509597978 update_cpu_ns=18922175 final=0
K230_CARD_BENCH v=1 run=40563581580240 event=present frame_id=1461 t_ns=40583454552000 presented=1 clock=monotonic
K230_CARD_BENCH v=1 run=40563581580240 event=input input_id=521 gesture_id=53 kind=motion t_ns=40583460352196 source=injected
K230_CARD_SHELL state mode=2 actions=1 message=0 cards=2
K230_CARD_BENCH v=1 run=40563581580240 event=input input_id=520 gesture_id=53 kind=motion t_ns=40583457964233 source=injected
K230_CARD_SHELL state mode=2 actions=1 message=0 cards=2
K230_CARD_BENCH v=1 run=40563581580240 event=input input_id=519 gesture_id=53 kind=motion t_ns=40583457478721 source=injected
K230_CARD_SHELL state mode=2 actions=1 message=0 cards=2
K230_CARD_BENCH v=1 run=40563581580240 event=input input_id=518 gesture_id=53 kind=motion t_ns=40583448706500 source=injected
K230_CARD_SHELL state mode=2 actions=1 message=0 cards=2
K230_CARD_SHELL frame-cost run=40563581580240 frame_id=1461 total_cpu_ns=15863478 render_cpu_ns=14791660 input_cpu_ns=821483
K230_CARD_BENCH v=1 run=40563581580240 event=submit input_id=517 frame_id=1461 t_ns=40583444526251 update_cpu_ns=15863478 final=0
K230_CARD_BENCH v=1 run=40563581580240 event=submit input_id=516 frame_id=1461 t_ns=40583444526251 update_cpu_ns=15863478 final=0
K230_CARD_BENCH v=1 run=40563581580240 event=present frame_id=1460 t_ns=40583416226000 presented=1 clock=monotonic
K230_CARD_BENCH v=1 run=40563581580240 event=input input_id=517 gesture_id=53 kind=motion t_ns=40583417946958 source=injected
K230_CARD_SHELL state mode=2 actions=1 message=0 cards=2
K230_CARD_BENCH v=1 run=40563581580240 event=input input_id=516 gesture_id=53 kind=motion t_ns=40583416741049 source=injected
K230_CARD_SHELL state mode=2 actions=1 message=0 cards=2
K230_CARD_BENCH v=1 run=40563581580240 event=present frame_id=1459 t_ns=40583397063000 presented=1 clock=monotonic
K230_CARD_SHELL state mode=2 actions=1 message=0 cards=2
K230_CARD_BENCH v=1 run=40563581580240 event=present frame_id=1458 t_ns=40583358730000 presented=1 clock=monotonic
K230_CARD_BENCH v=1 run=40563581580240 event=present frame_id=1457 t_ns=40583339569000 presented=1 clock=monotonic
K230_CARD_BENCH v=1 run=40563581580240 event=present frame_id=1456 t_ns=40583301240000 presented=1 clock=monotonic
K230_CARD_BENCH v=1 run=40563581580240 event=present frame_id=1455 t_ns=40583282076000 presented=1 clock=monotonic
K230_CARD_BENCH v=1 run=40563581580240 event=present frame_id=1454 t_ns=40583243749000 presented=1 clock=monotonic
K230_CARD_BENCH v=1 run=40563581580240 event=present frame_id=1453 t_ns=40583224585000 presented=1 clock=monotonic
K230_CARD_BENCH v=1 run=40563581580240 event=present frame_id=1452 t_ns=40583186256000 presented=1 clock=monotonic
K230_CARD_BENCH v=1 run=40563581580240 event=present frame_id=1451 t_ns=40583167092000 presented=1 clock=monotonic
K230_CARD_BENCH v=1 run=40563581580240 event=present frame_id=1450 t_ns=40583128768000 presented=1 clock=monotonic
K230_CARD_SHELL frame-cost run=40563581580240 frame_id=1450 total_cpu_ns=18335980 render_cpu_ns=14351945 input_cpu_ns=3610813
K230_CARD_BENCH v=1 run=40563581580240 event=submit input_id=515 frame_id=1450 t_ns=40583125409226 update_cpu_ns=18335980 final=1
K230_CARD_BENCH v=1 run=40563581580240 event=submit input_id=514 frame_id=1450 t_ns=40583125409226 update_cpu_ns=18335980 final=0
K230_CARD_BENCH v=1 run=40563581580240 event=submit input_id=513 frame_id=1450 t_ns=40583125409226 update_cpu_ns=18335980 final=0
K230_CARD_BENCH v=1 run=40563581580240 event=present frame_id=1449 t_ns=40583109602000 presented=1 clock=monotonic
K230_CARD_BENCH v=1 run=40563581580240 event=input input_id=515 gesture_id=52 kind=release t_ns=40583097373841 source=injected
K230_CARD_SHELL state mode=1 actions=1 message=0 cards=2
K230_CARD_BENCH v=1 run=40563581580240 event=input input_id=514 gesture_id=52 kind=motion t_ns=40583095574961 source=injected
K230_CARD_SHELL state mode=2 actions=1 message=0 cards=2
K230_CARD_BENCH v=1 run=40563581580240 event=input input_id=513 gesture_id=52 kind=motion t_ns=40583094816892 source=injected
K230_CARD_SHELL state mode=2 actions=1 message=0 cards=2
K230_CARD_SHELL frame-cost run=40563581580240 frame_id=1449 total_cpu_ns=24293645 render_cpu_ns=20072427 input_cpu_ns=3149069
K230_CARD_BENCH v=1 run=40563581580240 event=submit input_id=512 frame_id=1449 t_ns=40583091630338 update_cpu_ns=24293645 final=0
K230_CARD_BENCH v=1 run=40563581580240 event=submit input_id=511 frame_id=1449 t_ns=40583091630338 update_cpu_ns=24293645 final=0
K230_CARD_BENCH v=1 run=40563581580240 event=submit input_id=510 frame_id=1449 t_ns=40583091630338 update_cpu_ns=24293645 final=0
K230_CARD_BENCH v=1 run=40563581580240 event=submit input_id=509 frame_id=1449 t_ns=40583091630338 update_cpu_ns=24293645 final=0
K230_CARD_BENCH v=1 run=40563581580240 event=submit input_id=508 frame_id=1449 t_ns=40583091630338 update_cpu_ns=24293645 final=0
K230_CARD_BENCH v=1 run=40563581580240 event=present frame_id=1448 t_ns=40583052112000 presented=1 clock=monotonic
K230_CARD_BENCH v=1 run=40563581580240 event=input input_id=512 gesture_id=52 kind=motion t_ns=40583060372096 source=injected
K230_CARD_SHELL state mode=2 actions=1 message=0 cards=2
K230_CARD_BENCH v=1 run=40563581580240 event=input input_id=511 gesture_id=52 kind=motion t_ns=40583056059088 source=injected
K230_CARD_SHELL state mode=2 actions=1 message=0 cards=2
K230_CARD_BENCH v=1 run=40563581580240 event=input input_id=510 gesture_id=52 kind=motion t_ns=40583050154896 source=injected
K230_CARD_SHELL state mode=2 actions=1 message=0 cards=2
K230_CARD_BENCH v=1 run=40563581580240 event=input input_id=509 gesture_id=52 kind=motion t_ns=40583048801708 source=injected
K230_CARD_SHELL state mode=2 actions=1 message=0 cards=2
K230_CARD_BENCH v=1 run=40563581580240 event=input input_id=508 gesture_id=52 kind=motion t_ns=40583046866920 source=injected
K230_CARD_SHELL state mode=2 actions=1 message=0 cards=2
K230_CARD_BENCH v=1 run=40563581580240 event=resource phase=active t_ns=40583040206733 cpu_ns=32633712000 memory_bytes=27619328 scope=session
K230_CARD_BENCH v=1 run=40563581580240 event=resource phase=active t_ns=40583040206733 cpu_ns=20580695285 memory_bytes=34349056 scope=compositor
K230_CARD_SHELL frame-cost run=40563581580240 frame_id=1448 total_cpu_ns=22890423 render_cpu_ns=19805308 input_cpu_ns=2862043
K230_CARD_BENCH v=1 run=40563581580240 event=submit input_id=507 frame_id=1448 t_ns=40583036172097 update_cpu_ns=22890423 final=0
K230_CARD_BENCH v=1 run=40563581580240 event=submit input_id=506 frame_id=1448 t_ns=40583036172097 update_cpu_ns=22890423 final=0
K230_CARD_BENCH v=1 run=40563581580240 event=submit input_id=505 frame_id=1448 t_ns=40583036172097 update_cpu_ns=22890423 final=0
K230_CARD_BENCH v=1 run=40563581580240 event=submit input_id=504 frame_id=1448 t_ns=40583036172097 update_cpu_ns=22890423 final=0
K230_CARD_BENCH v=1 run=40563581580240 event=submit input_id=503 frame_id=1448 t_ns=40583036172097 update_cpu_ns=22890423 final=0
K230_CARD_BENCH v=1 run=40563581580240 event=present frame_id=1447 t_ns=40583013782000 presented=1 clock=monotonic
K230_CARD_BENCH v=1 run=40563581580240 event=input input_id=507 gesture_id=52 kind=motion t_ns=40583007712098 source=injected
K230_CARD_SHELL state mode=2 actions=1 message=0 cards=2
K230_CARD_BENCH v=1 run=40563581580240 event=input input_id=506 gesture_id=52 kind=motion t_ns=40583004259691 source=injected
K230_CARD_SHELL state mode=2 actions=1 message=0 cards=2
K230_CARD_BENCH v=1 run=40563581580240 event=input input_id=505 gesture_id=52 kind=motion t_ns=40583001929478 source=injected
K230_CARD_SHELL state mode=2 actions=1 message=0 cards=2
K230_CARD_BENCH v=1 run=40563581580240 event=input input_id=504 gesture_id=52 kind=motion t_ns=40583001370733 source=injected
K230_CARD_SHELL state mode=2 actions=1 message=0 cards=2
K230_CARD_BENCH v=1 run=40563581580240 event=input input_id=503 gesture_id=52 kind=motion t_ns=40583000770020 source=injected
K230_CARD_SHELL state mode=2 actions=1 message=0 cards=2
K230_CARD_SHELL frame-cost run=40563581580240 frame_id=1447 total_cpu_ns=19556237 render_cpu_ns=17622307 input_cpu_ns=1572261
K230_CARD_BENCH v=1 run=40563581580240 event=submit input_id=502 frame_id=1447 t_ns=40582999442650 update_cpu_ns=19556237 final=0
K230_CARD_BENCH v=1 run=40563581580240 event=submit input_id=501 frame_id=1447 t_ns=40582999442650 update_cpu_ns=19556237 final=0
K230_CARD_BENCH v=1 run=40563581580240 event=submit input_id=500 frame_id=1447 t_ns=40582999442650 update_cpu_ns=19556237 final=0
K230_CARD_BENCH v=1 run=40563581580240 event=submit input_id=499 frame_id=1447 t_ns=40582999442650 update_cpu_ns=19556237 final=0
K230_CARD_BENCH v=1 run=40563581580240 event=present frame_id=1446 t_ns=40582956292000 presented=1 clock=monotonic
K230_CARD_BENCH v=1 run=40563581580240 event=input input_id=502 gesture_id=52 kind=motion t_ns=40582962755579 source=injected
K230_CARD_SHELL state mode=2 actions=1 message=0 cards=2
K230_CARD_BENCH v=1 run=40563581580240 event=input input_id=501 gesture_id=52 kind=motion t_ns=40582962258472 source=injected
K230_CARD_SHELL state mode=2 actions=1 message=0 cards=2
K230_CARD_BENCH v=1 run=40563581580240 event=input input_id=500 gesture_id=52 kind=motion t_ns=40582961758921 source=injected
K230_CARD_SHELL state mode=2 actions=1 message=0 cards=2
K230_CARD_BENCH v=1 run=40563581580240 event=input input_id=499 gesture_id=52 kind=motion t_ns=40582956929916 source=injected
K230_CARD_SHELL state mode=2 actions=1 message=0 cards=2
K230_CARD_SHELL frame-cost run=40563581580240 frame_id=1446 total_cpu_ns=18095576 render_cpu_ns=16190540 input_cpu_ns=1717703
K230_CARD_BENCH v=1 run=40563581580240 event=submit input_id=498 frame_id=1446 t_ns=40582952440439 update_cpu_ns=18095576 final=0
K230_CARD_BENCH v=1 run=40563581580240 event=submit input_id=497 frame_id=1446 t_ns=40582952440439 update_cpu_ns=18095576 final=0
K230_CARD_BENCH v=1 run=40563581580240 event=submit input_id=496 frame_id=1446 t_ns=40582952440439 update_cpu_ns=18095576 final=0
K230_CARD_BENCH v=1 run=40563581580240 event=submit input_id=495 frame_id=1446 t_ns=40582952440439 update_cpu_ns=18095576 final=0
K230_CARD_BENCH v=1 run=40563581580240 event=present frame_id=1445 t_ns=40582917964000 presented=1 clock=monotonic
K230_CARD_BENCH v=1 run=40563581580240 event=input input_id=498 gesture_id=52 kind=motion t_ns=40582918264458 source=injected
K230_CARD_SHELL state mode=2 actions=1 message=0 cards=2
K230_CARD_BENCH v=1 run=40563581580240 event=input input_id=497 gesture_id=52 kind=motion t_ns=40582914969666 source=injected
K230_CARD_SHELL state mode=2 actions=1 message=0 cards=2
K230_CARD_BENCH v=1 run=40563581580240 event=input input_id=496 gesture_id=52 kind=motion t_ns=40582912564775 source=injected
K230_CARD_SHELL state mode=2 actions=1 message=0 cards=2
K230_CARD_BENCH v=1 run=40563581580240 event=input input_id=495 gesture_id=52 kind=motion t_ns=40582904843775 source=injected
K230_CARD_SHELL state mode=2 actions=1 message=0 cards=2
K230_CARD_SHELL state mode=2 actions=1 message=0 cards=2
K230_CARD_BENCH v=1 run=40563581580240 event=present frame_id=1444 t_ns=40582860470000 presented=1 clock=monotonic
K230_CARD_BENCH v=1 run=40563581580240 event=present frame_id=1443 t_ns=40582841307000 presented=1 clock=monotonic
K230_CARD_BENCH v=1 run=40563581580240 event=present frame_id=1442 t_ns=40582802979000 presented=1 clock=monotonic
K230_CARD_BENCH v=1 run=40563581580240 event=present frame_id=1441 t_ns=40582764652000 presented=1 clock=monotonic
K230_CARD_BENCH v=1 run=40563581580240 event=present frame_id=1440 t_ns=40582745487000 presented=1 clock=monotonic
K230_CARD_BENCH v=1 run=40563581580240 event=present frame_id=1439 t_ns=40582707158000 presented=1 clock=monotonic
K230_CARD_BENCH v=1 run=40563581580240 event=present frame_id=1438 t_ns=40582687996000 presented=1 clock=monotonic
K230_CARD_BENCH v=1 run=40563581580240 event=present frame_id=1437 t_ns=40582649667000 presented=1 clock=monotonic
K230_CARD_BENCH v=1 run=40563581580240 event=present frame_id=1436 t_ns=40582630504000 presented=1 clock=monotonic
K230_CARD_BENCH v=1 run=40563581580240 event=present frame_id=1435 t_ns=40582592178000 presented=1 clock=monotonic
K230_CARD_SHELL frame-cost run=40563581580240 frame_id=1435 total_cpu_ns=19096971 render_cpu_ns=14220676 input_cpu_ns=4572036
K230_CARD_BENCH v=1 run=40563581580240 event=submit input_id=494 frame_id=1435 t_ns=40582590110681 update_cpu_ns=19096971 final=1
K230_CARD_BENCH v=1 run=40563581580240 event=submit input_id=493 frame_id=1435 t_ns=40582590110681 update_cpu_ns=19096971 final=0
K230_CARD_BENCH v=1 run=40563581580240 event=submit input_id=492 frame_id=1435 t_ns=40582590110681 update_cpu_ns=19096971 final=0
K230_CARD_BENCH v=1 run=40563581580240 event=submit input_id=491 frame_id=1435 t_ns=40582590110681 update_cpu_ns=19096971 final=0
K230_CARD_BENCH v=1 run=40563581580240 event=submit input_id=490 frame_id=1435 t_ns=40582590110681 update_cpu_ns=19096971 final=0
K230_CARD_BENCH v=1 run=40563581580240 event=present frame_id=1434 t_ns=40582553850000 presented=1 clock=monotonic
K230_CARD_BENCH v=1 run=40563581580240 event=input input_id=494 gesture_id=51 kind=release t_ns=40582560270544 source=injected
K230_CARD_SHELL state mode=1 actions=1 message=0 cards=2
K230_CARD_BENCH v=1 run=40563581580240 event=input input_id=493 gesture_id=51 kind=motion t_ns=40582555410870 source=injected
K230_CARD_SHELL state mode=2 actions=1 message=0 cards=2
K230_CARD_BENCH v=1 run=40563581580240 event=input input_id=492 gesture_id=51 kind=motion t_ns=40582552789543 source=injected
K230_CARD_SHELL state mode=2 actions=1 message=0 cards=2
K230_CARD_BENCH v=1 run=40563581580240 event=input input_id=491 gesture_id=51 kind=motion t_ns=40582552198128 source=injected
K230_CARD_SHELL state mode=2 actions=1 message=0 cards=2
K230_CARD_BENCH v=1 run=40563581580240 event=input input_id=490 gesture_id=51 kind=motion t_ns=40582549454896 source=injected
K230_CARD_SHELL state mode=2 actions=1 message=0 cards=2
K230_CARD_SHELL frame-cost run=40563581580240 frame_id=1434 total_cpu_ns=22388044 render_cpu_ns=19820708 input_cpu_ns=2356669
K230_CARD_BENCH v=1 run=40563581580240 event=submit input_id=489 frame_id=1434 t_ns=40582541024616 update_cpu_ns=22388044 final=0
K230_CARD_BENCH v=1 run=40563581580240 event=submit input_id=488 frame_id=1434 t_ns=40582541024616 update_cpu_ns=22388044 final=0
K230_CARD_BENCH v=1 run=40563581580240 event=submit input_id=487 frame_id=1434 t_ns=40582541024616 update_cpu_ns=22388044 final=0
K230_CARD_BENCH v=1 run=40563581580240 event=submit input_id=486 frame_id=1434 t_ns=40582541024616 update_cpu_ns=22388044 final=0
K230_CARD_BENCH v=1 run=40563581580240 event=present frame_id=1433 t_ns=40582515523000 presented=1 clock=monotonic
K230_CARD_BENCH v=1 run=40563581580240 event=input input_id=489 gesture_id=51 kind=motion t_ns=40582517571845 source=injected
K230_CARD_SHELL state mode=2 actions=1 message=0 cards=2
K230_CARD_BENCH v=1 run=40563581580240 event=input input_id=488 gesture_id=51 kind=motion t_ns=40582514532757 source=injected
K230_CARD_SHELL state mode=2 actions=1 message=0 cards=2
K230_CARD_BENCH v=1 run=40563581580240 event=input input_id=487 gesture_id=51 kind=motion t_ns=40582512732174 source=injected
K230_CARD_SHELL state mode=2 actions=1 message=0 cards=2
K230_CARD_BENCH v=1 run=40563581580240 event=input input_id=486 gesture_id=51 kind=motion t_ns=40582512121756 source=injected
K230_CARD_SHELL state mode=2 actions=1 message=0 cards=2
K230_CARD_SHELL frame-cost run=40563581580240 frame_id=1433 total_cpu_ns=21361855 render_cpu_ns=19347485 input_cpu_ns=1679595
K230_CARD_BENCH v=1 run=40563581580240 event=submit input_id=485 frame_id=1433 t_ns=40582508493661 update_cpu_ns=21361855 final=0
K230_CARD_BENCH v=1 run=40563581580240 event=submit input_id=484 frame_id=1433 t_ns=40582508493661 update_cpu_ns=21361855 final=0
K230_CARD_BENCH v=1 run=40563581580240 event=submit input_id=483 frame_id=1433 t_ns=40582508493661 update_cpu_ns=21361855 final=0
K230_CARD_BENCH v=1 run=40563581580240 event=submit input_id=482 frame_id=1433 t_ns=40582508493661 update_cpu_ns=21361855 final=0
K230_CARD_BENCH v=1 run=40563581580240 event=present frame_id=1432 t_ns=40582477193000 presented=1 clock=monotonic
K230_CARD_BENCH v=1 run=40563581580240 event=input input_id=485 gesture_id=51 kind=motion t_ns=40582473375680 source=injected
K230_CARD_SHELL state mode=2 actions=1 message=0 cards=2
K230_CARD_BENCH v=1 run=40563581580240 event=input input_id=484 gesture_id=51 kind=motion t_ns=40582469317413 source=injected
K230_CARD_SHELL state mode=2 actions=1 message=0 cards=2
K230_CARD_BENCH v=1 run=40563581580240 event=input input_id=483 gesture_id=51 kind=motion t_ns=40582468811232 source=injected
K230_CARD_SHELL state mode=2 actions=1 message=0 cards=2
K230_CARD_BENCH v=1 run=40563581580240 event=input input_id=482 gesture_id=51 kind=motion t_ns=40582468205111 source=injected
K230_CARD_SHELL state mode=2 actions=1 message=0 cards=2
K230_CARD_SHELL frame-cost run=40563581580240 frame_id=1432 total_cpu_ns=19777390 render_cpu_ns=17821058 input_cpu_ns=1539074
K230_CARD_BENCH v=1 run=40563581580240 event=submit input_id=481 frame_id=1432 t_ns=40582458961644 update_cpu_ns=19777390 final=0
K230_CARD_BENCH v=1 run=40563581580240 event=submit input_id=480 frame_id=1432 t_ns=40582458961644 update_cpu_ns=19777390 final=0
K230_CARD_BENCH v=1 run=40563581580240 event=submit input_id=479 frame_id=1432 t_ns=40582458961644 update_cpu_ns=19777390 final=0
K230_CARD_BENCH v=1 run=40563581580240 event=submit input_id=478 frame_id=1432 t_ns=40582458961644 update_cpu_ns=19777390 final=0
K230_CARD_BENCH v=1 run=40563581580240 event=present frame_id=1431 t_ns=40582438870000 presented=1 clock=monotonic
K230_CARD_BENCH v=1 run=40563581580240 event=input input_id=481 gesture_id=51 kind=motion t_ns=40582433392247 source=injected
K230_CARD_SHELL state mode=2 actions=1 message=0 cards=2
K230_CARD_BENCH v=1 run=40563581580240 event=input input_id=480 gesture_id=51 kind=motion t_ns=40582430602712 source=injected
K230_CARD_SHELL state mode=2 actions=1 message=0 cards=2
K230_CARD_BENCH v=1 run=40563581580240 event=input input_id=479 gesture_id=51 kind=motion t_ns=40582430151279 source=injected
K230_CARD_SHELL state mode=2 actions=1 message=0 cards=2
K230_CARD_BENCH v=1 run=40563581580240 event=input input_id=478 gesture_id=51 kind=motion t_ns=40582429647765 source=injected
K230_CARD_SHELL state mode=2 actions=1 message=0 cards=2
K230_CARD_SHELL frame-cost run=40563581580240 frame_id=1431 total_cpu_ns=17548254 render_cpu_ns=15605404 input_cpu_ns=1666148
K230_CARD_BENCH v=1 run=40563581580240 event=submit input_id=477 frame_id=1431 t_ns=40582419959051 update_cpu_ns=17548254 final=0
K230_CARD_BENCH v=1 run=40563581580240 event=submit input_id=476 frame_id=1431 t_ns=40582419959051 update_cpu_ns=17548254 final=0
K230_CARD_BENCH v=1 run=40563581580240 event=submit input_id=475 frame_id=1431 t_ns=40582419959051 update_cpu_ns=17548254 final=0
K230_CARD_BENCH v=1 run=40563581580240 event=submit input_id=474 frame_id=1431 t_ns=40582419959051 update_cpu_ns=17548254 final=0
K230_CARD_BENCH v=1 run=40563581580240 event=present frame_id=1430 t_ns=40582400540000 presented=1 clock=monotonic
K230_CARD_SHELL live cards=2 commits=1037 sampled=2041 frame-done=2047 output-presented=919
K230_CARD_BENCH v=1 run=40563581580240 event=input input_id=477 gesture_id=51 kind=motion t_ns=40582401260791 source=injected
K230_CARD_SHELL state mode=2 actions=1 message=0 cards=2
K230_CARD_BENCH v=1 run=40563581580240 event=input input_id=476 gesture_id=51 kind=motion t_ns=40582398777706 source=injected
K230_CARD_SHELL state mode=2 actions=1 message=0 cards=2
K230_CARD_BENCH v=1 run=40563581580240 event=input input_id=475 gesture_id=51 kind=motion t_ns=40582396734793 source=injected
K230_CARD_SHELL state mode=2 actions=1 message=0 cards=2
K230_CARD_BENCH v=1 run=40563581580240 event=input input_id=474 gesture_id=51 kind=motion t_ns=40582395014592 source=injected
K230_CARD_SHELL state mode=2 actions=1 message=0 cards=2
K230_CARD_SHELL state mode=2 actions=1 message=0 cards=2
K230_CARD_BENCH v=1 run=40563581580240 event=present frame_id=1429 t_ns=40582362211000 presented=1 clock=monotonic
K230_CARD_BENCH v=1 run=40563581580240 event=present frame_id=1428 t_ns=40582323883000 presented=1 clock=monotonic
K230_CARD_BENCH v=1 run=40563581580240 event=present frame_id=1427 t_ns=40582285553000 presented=1 clock=monotonic
K230_CARD_BENCH v=1 run=40563581580240 event=present frame_id=1426 t_ns=40582266390000 presented=1 clock=monotonic
K230_CARD_BENCH v=1 run=40563581580240 event=present frame_id=1425 t_ns=40582228066000 presented=1 clock=monotonic
K230_CARD_BENCH v=1 run=40563581580240 event=present frame_id=1424 t_ns=40582208899000 presented=1 clock=monotonic
K230_CARD_BENCH v=1 run=40563581580240 event=present frame_id=1423 t_ns=40582170570000 presented=1 clock=monotonic
K230_CARD_BENCH v=1 run=40563581580240 event=present frame_id=1422 t_ns=40582151407000 presented=1 clock=monotonic
K230_CARD_BENCH v=1 run=40563581580240 event=present frame_id=1421 t_ns=40582113079000 presented=1 clock=monotonic
K230_CARD_BENCH v=1 run=40563581580240 event=present frame_id=1420 t_ns=40582093915000 presented=1 clock=monotonic
K230_CARD_SHELL frame-cost run=40563581580240 frame_id=1420 total_cpu_ns=17662496 render_cpu_ns=14303465 input_cpu_ns=3108216
K230_CARD_BENCH v=1 run=40563581580240 event=submit input_id=473 frame_id=1420 t_ns=40582085728668 update_cpu_ns=17662496 final=1
K230_CARD_BENCH v=1 run=40563581580240 event=submit input_id=472 frame_id=1420 t_ns=40582085728668 update_cpu_ns=17662496 final=0
K230_CARD_BENCH v=1 run=40563581580240 event=present frame_id=1419 t_ns=40582055588000 presented=1 clock=monotonic
K230_CARD_BENCH v=1 run=40563581580240 event=input input_id=473 gesture_id=50 kind=release t_ns=40582050064093 source=injected
K230_CARD_SHELL state mode=1 actions=1 message=0 cards=2
K230_CARD_BENCH v=1 run=40563581580240 event=input input_id=472 gesture_id=50 kind=motion t_ns=40582049310137 source=injected
K230_CARD_SHELL state mode=2 actions=1 message=0 cards=2
K230_CARD_SHELL frame-cost run=40563581580240 frame_id=1419 total_cpu_ns=25368172 render_cpu_ns=20044137 input_cpu_ns=3838814
K230_CARD_BENCH v=1 run=40563581580240 event=submit input_id=471 frame_id=1419 t_ns=40582041519871 update_cpu_ns=25368172 final=0
K230_CARD_BENCH v=1 run=40563581580240 event=submit input_id=470 frame_id=1419 t_ns=40582041519871 update_cpu_ns=25368172 final=0
K230_CARD_BENCH v=1 run=40563581580240 event=submit input_id=469 frame_id=1419 t_ns=40582041519871 update_cpu_ns=25368172 final=0
K230_CARD_BENCH v=1 run=40563581580240 event=submit input_id=468 frame_id=1419 t_ns=40582041519871 update_cpu_ns=25368172 final=0
K230_CARD_BENCH v=1 run=40563581580240 event=submit input_id=467 frame_id=1419 t_ns=40582041519871 update_cpu_ns=25368172 final=0
K230_CARD_BENCH v=1 run=40563581580240 event=submit input_id=466 frame_id=1419 t_ns=40582041519871 update_cpu_ns=25368172 final=0
K230_CARD_BENCH v=1 run=40563581580240 event=present frame_id=1418 t_ns=40582017261000 presented=1 clock=monotonic
K230_CARD_BENCH v=1 run=40563581580240 event=input input_id=471 gesture_id=50 kind=motion t_ns=40582017021067 source=injected
K230_CARD_SHELL state mode=2 actions=1 message=0 cards=2
K230_CARD_BENCH v=1 run=40563581580240 event=input input_id=470 gesture_id=50 kind=motion t_ns=40582013558364 source=injected
K230_CARD_SHELL state mode=2 actions=1 message=0 cards=2
K230_CARD_BENCH v=1 run=40563581580240 event=input input_id=469 gesture_id=50 kind=motion t_ns=40582010607103 source=injected
K230_CARD_SHELL state mode=2 actions=1 message=0 cards=2
K230_CARD_BENCH v=1 run=40563581580240 event=input input_id=468 gesture_id=50 kind=motion t_ns=40582009225838 source=injected
K230_CARD_SHELL state mode=2 actions=1 message=0 cards=2
K230_CARD_BENCH v=1 run=40563581580240 event=input input_id=467 gesture_id=50 kind=motion t_ns=40582007142512 source=injected
K230_CARD_SHELL state mode=2 actions=1 message=0 cards=2
K230_CARD_BENCH v=1 run=40563581580240 event=input input_id=466 gesture_id=50 kind=motion t_ns=40582005964719 source=injected
K230_CARD_SHELL state mode=2 actions=1 message=0 cards=2
K230_CARD_BENCH v=1 run=40563581580240 event=resource phase=active t_ns=40582004213402 cpu_ns=31926258000 memory_bytes=27619328 scope=session
K230_CARD_BENCH v=1 run=40563581580240 event=resource phase=active t_ns=40582004213402 cpu_ns=20060585816 memory_bytes=34349056 scope=compositor
K230_CARD_SHELL frame-cost run=40563581580240 frame_id=1418 total_cpu_ns=21297554 render_cpu_ns=19649962 input_cpu_ns=1396297
K230_CARD_BENCH v=1 run=40563581580240 event=submit input_id=465 frame_id=1418 t_ns=40581999012977 update_cpu_ns=21297554 final=0
K230_CARD_BENCH v=1 run=40563581580240 event=submit input_id=464 frame_id=1418 t_ns=40581999012977 update_cpu_ns=21297554 final=0
K230_CARD_BENCH v=1 run=40563581580240 event=submit input_id=463 frame_id=1418 t_ns=40581999012977 update_cpu_ns=21297554 final=0
K230_CARD_BENCH v=1 run=40563581580240 event=present frame_id=1417 t_ns=40581959770000 presented=1 clock=monotonic
K230_CARD_BENCH v=1 run=40563581580240 event=input input_id=465 gesture_id=50 kind=motion t_ns=40581965490144 source=injected
K230_CARD_SHELL state mode=2 actions=1 message=0 cards=2
K230_CARD_BENCH v=1 run=40563581580240 event=input input_id=464 gesture_id=50 kind=motion t_ns=40581964955181 source=injected
K230_CARD_SHELL state mode=2 actions=1 message=0 cards=2
K230_CARD_BENCH v=1 run=40563581580240 event=input input_id=463 gesture_id=50 kind=motion t_ns=40581964301794 source=injected
K230_CARD_SHELL state mode=2 actions=1 message=0 cards=2
K230_CARD_SHELL frame-cost run=40563581580240 frame_id=1417 total_cpu_ns=20771154 render_cpu_ns=18383185 input_cpu_ns=2108558
K230_CARD_BENCH v=1 run=40563581580240 event=submit input_id=462 frame_id=1417 t_ns=40581956501156 update_cpu_ns=20771154 final=0
K230_CARD_BENCH v=1 run=40563581580240 event=submit input_id=461 frame_id=1417 t_ns=40581956501156 update_cpu_ns=20771154 final=0
K230_CARD_BENCH v=1 run=40563581580240 event=submit input_id=460 frame_id=1417 t_ns=40581956501156 update_cpu_ns=20771154 final=0
K230_CARD_BENCH v=1 run=40563581580240 event=submit input_id=459 frame_id=1417 t_ns=40581956501156 update_cpu_ns=20771154 final=0
K230_CARD_BENCH v=1 run=40563581580240 event=present frame_id=1416 t_ns=40581921443000 presented=1 clock=monotonic
K230_CARD_BENCH v=1 run=40563581580240 event=input input_id=462 gesture_id=50 kind=motion t_ns=40581928142113 source=injected
K230_CARD_SHELL state mode=2 actions=1 message=0 cards=2
K230_CARD_BENCH v=1 run=40563581580240 event=input input_id=461 gesture_id=50 kind=motion t_ns=40581924867437 source=injected
K230_CARD_SHELL state mode=2 actions=1 message=0 cards=2
K230_CARD_BENCH v=1 run=40563581580240 event=input input_id=460 gesture_id=50 kind=motion t_ns=40581924257204 source=injected
K230_CARD_SHELL state mode=2 actions=1 message=0 cards=2
K230_CARD_BENCH v=1 run=40563581580240 event=input input_id=459 gesture_id=50 kind=motion t_ns=40581921367211 source=injected
K230_CARD_SHELL state mode=2 actions=1 message=0 cards=2
K230_CARD_SHELL frame-cost run=40563581580240 frame_id=1416 total_cpu_ns=18935661 render_cpu_ns=16760438 input_cpu_ns=1932853
K230_CARD_BENCH v=1 run=40563581580240 event=submit input_id=458 frame_id=1416 t_ns=40581913826461 update_cpu_ns=18935661 final=0
K230_CARD_BENCH v=1 run=40563581580240 event=submit input_id=457 frame_id=1416 t_ns=40581913826461 update_cpu_ns=18935661 final=0
K230_CARD_BENCH v=1 run=40563581580240 event=submit input_id=456 frame_id=1416 t_ns=40581913826461 update_cpu_ns=18935661 final=0
K230_CARD_BENCH v=1 run=40563581580240 event=submit input_id=455 frame_id=1416 t_ns=40581913826461 update_cpu_ns=18935661 final=0
K230_CARD_BENCH v=1 run=40563581580240 event=present frame_id=1415 t_ns=40581883117000 presented=1 clock=monotonic
K230_CARD_BENCH v=1 run=40563581580240 event=input input_id=458 gesture_id=50 kind=motion t_ns=40581889509497 source=injected
K230_CARD_SHELL state mode=2 actions=1 message=0 cards=2
K230_CARD_BENCH v=1 run=40563581580240 event=input input_id=457 gesture_id=50 kind=motion t_ns=40581887212215 source=injected
K230_CARD_SHELL state mode=2 actions=1 message=0 cards=2
K230_CARD_BENCH v=1 run=40563581580240 event=input input_id=456 gesture_id=50 kind=motion t_ns=40581884563144 source=injected
K230_CARD_SHELL state mode=2 actions=1 message=0 cards=2
K230_CARD_BENCH v=1 run=40563581580240 event=input input_id=455 gesture_id=50 kind=motion t_ns=40581882392140 source=injected
K230_CARD_SHELL state mode=2 actions=1 message=0 cards=2
K230_CARD_SHELL frame-cost run=40563581580240 frame_id=1415 total_cpu_ns=15540625 render_cpu_ns=14703993 input_cpu_ns=663335
K230_CARD_BENCH v=1 run=40563581580240 event=submit input_id=454 frame_id=1415 t_ns=40581874351543 update_cpu_ns=15540625 final=0
K230_CARD_BENCH v=1 run=40563581580240 event=submit input_id=453 frame_id=1415 t_ns=40581874351543 update_cpu_ns=15540625 final=0
K230_CARD_BENCH v=1 run=40563581580240 event=present frame_id=1414 t_ns=40581844785000 presented=1 clock=monotonic
K230_CARD_BENCH v=1 run=40563581580240 event=input input_id=454 gesture_id=50 kind=motion t_ns=40581847886429 source=injected
K230_CARD_SHELL state mode=2 actions=1 message=0 cards=2
K230_CARD_BENCH v=1 run=40563581580240 event=input input_id=453 gesture_id=50 kind=motion t_ns=40581845624856 source=injected
K230_CARD_SHELL state mode=2 actions=1 message=0 cards=2
K230_CARD_SHELL state mode=2 actions=1 message=0 cards=2
K230_CARD_BENCH v=1 run=40563581580240 event=present frame_id=1413 t_ns=40581825624000 presented=1 clock=monotonic
K230_CARD_BENCH v=1 run=40563581580240 event=present frame_id=1412 t_ns=40581768136000 presented=1 clock=monotonic
K230_CARD_BENCH v=1 run=40563581580240 event=present frame_id=1411 t_ns=40581729802000 presented=1 clock=monotonic
K230_CARD_BENCH v=1 run=40563581580240 event=present frame_id=1410 t_ns=40581691472000 presented=1 clock=monotonic
K230_CARD_BENCH v=1 run=40563581580240 event=present frame_id=1409 t_ns=40581672314000 presented=1 clock=monotonic
K230_CARD_BENCH v=1 run=40563581580240 event=present frame_id=1408 t_ns=40581633982000 presented=1 clock=monotonic
K230_CARD_BENCH v=1 run=40563581580240 event=present frame_id=1407 t_ns=40581614818000 presented=1 clock=monotonic
K230_CARD_BENCH v=1 run=40563581580240 event=present frame_id=1406 t_ns=40581576491000 presented=1 clock=monotonic
K230_CARD_BENCH v=1 run=40563581580240 event=present frame_id=1405 t_ns=40581557327000 presented=1 clock=monotonic
K230_CARD_SHELL frame-cost run=40563581580240 frame_id=1405 total_cpu_ns=18930571 render_cpu_ns=14437760 input_cpu_ns=4199145
K230_CARD_BENCH v=1 run=40563581580240 event=submit input_id=452 frame_id=1405 t_ns=40581543915815 update_cpu_ns=18930571 final=1
K230_CARD_BENCH v=1 run=40563581580240 event=submit input_id=451 frame_id=1405 t_ns=40581543915815 update_cpu_ns=18930571 final=0
K230_CARD_BENCH v=1 run=40563581580240 event=submit input_id=450 frame_id=1405 t_ns=40581543915815 update_cpu_ns=18930571 final=0
K230_CARD_BENCH v=1 run=40563581580240 event=submit input_id=449 frame_id=1405 t_ns=40581543915815 update_cpu_ns=18930571 final=0
K230_CARD_BENCH v=1 run=40563581580240 event=present frame_id=1404 t_ns=40581519000000 presented=1 clock=monotonic
K230_CARD_BENCH v=1 run=40563581580240 event=input input_id=452 gesture_id=49 kind=release t_ns=40581524477872 source=injected
K230_CARD_SHELL state mode=1 actions=1 message=0 cards=2
K230_CARD_BENCH v=1 run=40563581580240 event=input input_id=451 gesture_id=49 kind=motion t_ns=40581522994963 source=injected
K230_CARD_SHELL state mode=2 actions=1 message=0 cards=2
K230_CARD_BENCH v=1 run=40563581580240 event=input input_id=450 gesture_id=49 kind=motion t_ns=40581520814292 source=injected
K230_CARD_SHELL state mode=2 actions=1 message=0 cards=2
K230_CARD_BENCH v=1 run=40563581580240 event=input input_id=449 gesture_id=49 kind=motion t_ns=40581518637547 source=injected
K230_CARD_SHELL state mode=2 actions=1 message=0 cards=2
K230_CARD_SHELL frame-cost run=40563581580240 frame_id=1404 total_cpu_ns=22429795 render_cpu_ns=20026426 input_cpu_ns=2027220
K230_CARD_BENCH v=1 run=40563581580240 event=submit input_id=448 frame_id=1404 t_ns=40581516233585 update_cpu_ns=22429795 final=0
K230_CARD_BENCH v=1 run=40563581580240 event=submit input_id=447 frame_id=1404 t_ns=40581516233585 update_cpu_ns=22429795 final=0
K230_CARD_BENCH v=1 run=40563581580240 event=submit input_id=446 frame_id=1404 t_ns=40581516233585 update_cpu_ns=22429795 final=0
K230_CARD_BENCH v=1 run=40563581580240 event=submit input_id=445 frame_id=1404 t_ns=40581516233585 update_cpu_ns=22429795 final=0
K230_CARD_BENCH v=1 run=40563581580240 event=present frame_id=1403 t_ns=40581480671000 presented=1 clock=monotonic
K230_CARD_BENCH v=1 run=40563581580240 event=input input_id=448 gesture_id=49 kind=motion t_ns=40581478299125 source=injected
K230_CARD_SHELL state mode=2 actions=1 message=0 cards=2
K230_CARD_BENCH v=1 run=40563581580240 event=input input_id=447 gesture_id=49 kind=motion t_ns=40581476143827 source=injected
K230_CARD_SHELL state mode=2 actions=1 message=0 cards=2
K230_CARD_BENCH v=1 run=40563581580240 event=input input_id=446 gesture_id=49 kind=motion t_ns=40581473075737 source=injected
K230_CARD_SHELL state mode=2 actions=1 message=0 cards=2
K230_CARD_BENCH v=1 run=40563581580240 event=input input_id=445 gesture_id=49 kind=motion t_ns=40581472385753 source=injected
K230_CARD_SHELL state mode=2 actions=1 message=0 cards=2
K230_CARD_SHELL frame-cost run=40563581580240 frame_id=1403 total_cpu_ns=22254937 render_cpu_ns=19913859 input_cpu_ns=1705632
K230_CARD_BENCH v=1 run=40563581580240 event=submit input_id=444 frame_id=1403 t_ns=40581464432951 update_cpu_ns=22254937 final=0
K230_CARD_BENCH v=1 run=40563581580240 event=submit input_id=443 frame_id=1403 t_ns=40581464432951 update_cpu_ns=22254937 final=0
K230_CARD_BENCH v=1 run=40563581580240 event=submit input_id=442 frame_id=1403 t_ns=40581464432951 update_cpu_ns=22254937 final=0
K230_CARD_BENCH v=1 run=40563581580240 event=submit input_id=441 frame_id=1403 t_ns=40581464432951 update_cpu_ns=22254937 final=0
K230_CARD_BENCH v=1 run=40563581580240 event=present frame_id=1402 t_ns=40581442344000 presented=1 clock=monotonic
K230_CARD_BENCH v=1 run=40563581580240 event=input input_id=444 gesture_id=49 kind=motion t_ns=40581439149163 source=injected
K230_CARD_SHELL state mode=2 actions=1 message=0 cards=2
K230_CARD_BENCH v=1 run=40563581580240 event=input input_id=443 gesture_id=49 kind=motion t_ns=40581437377178 source=injected
K230_CARD_SHELL state mode=2 actions=1 message=0 cards=2
K230_CARD_BENCH v=1 run=40563581580240 event=input input_id=442 gesture_id=49 kind=motion t_ns=40581436856365 source=injected
K230_CARD_SHELL state mode=2 actions=1 message=0 cards=2
K230_CARD_BENCH v=1 run=40563581580240 event=input input_id=441 gesture_id=49 kind=motion t_ns=40581436275285 source=injected
K230_CARD_SHELL state mode=2 actions=1 message=0 cards=2
K230_CARD_SHELL frame-cost run=40563581580240 frame_id=1402 total_cpu_ns=19833969 render_cpu_ns=17983523 input_cpu_ns=1520596
K230_CARD_BENCH v=1 run=40563581580240 event=submit input_id=440 frame_id=1402 t_ns=40581431827449 update_cpu_ns=19833969 final=0
K230_CARD_BENCH v=1 run=40563581580240 event=submit input_id=439 frame_id=1402 t_ns=40581431827449 update_cpu_ns=19833969 final=0
K230_CARD_BENCH v=1 run=40563581580240 event=submit input_id=438 frame_id=1402 t_ns=40581431827449 update_cpu_ns=19833969 final=0
K230_CARD_BENCH v=1 run=40563581580240 event=submit input_id=437 frame_id=1402 t_ns=40581431827449 update_cpu_ns=19833969 final=0
K230_CARD_BENCH v=1 run=40563581580240 event=present frame_id=1401 t_ns=40581404051000 presented=1 clock=monotonic
K230_CARD_BENCH v=1 run=40563581580240 event=input input_id=440 gesture_id=49 kind=motion t_ns=40581399364929 source=injected
K230_CARD_SHELL state mode=2 actions=1 message=0 cards=2
K230_CARD_BENCH v=1 run=40563581580240 event=input input_id=439 gesture_id=49 kind=motion t_ns=40581398824225 source=injected
K230_CARD_SHELL state mode=2 actions=1 message=0 cards=2
K230_CARD_BENCH v=1 run=40563581580240 event=input input_id=438 gesture_id=49 kind=motion t_ns=40581397469223 source=injected
K230_CARD_SHELL state mode=2 actions=1 message=0 cards=2
K230_CARD_BENCH v=1 run=40563581580240 event=input input_id=437 gesture_id=49 kind=motion t_ns=40581396965561 source=injected
K230_CARD_SHELL state mode=2 actions=1 message=0 cards=2
K230_CARD_SHELL frame-cost run=40563581580240 frame_id=1401 total_cpu_ns=18045836 render_cpu_ns=16551469 input_cpu_ns=1302923
K230_CARD_BENCH v=1 run=40563581580240 event=submit input_id=436 frame_id=1401 t_ns=40581392417970 update_cpu_ns=18045836 final=0
K230_CARD_BENCH v=1 run=40563581580240 event=submit input_id=435 frame_id=1401 t_ns=40581392417970 update_cpu_ns=18045836 final=0
K230_CARD_BENCH v=1 run=40563581580240 event=submit input_id=434 frame_id=1401 t_ns=40581392417970 update_cpu_ns=18045836 final=0
K230_CARD_BENCH v=1 run=40563581580240 event=present frame_id=1400 t_ns=40581365689000 presented=1 clock=monotonic
K230_CARD_BENCH v=1 run=40563581580240 event=input input_id=436 gesture_id=49 kind=motion t_ns=40581364059351 source=injected
K230_CARD_SHELL state mode=2 actions=1 message=0 cards=2
K230_CARD_BENCH v=1 run=40563581580240 event=input input_id=435 gesture_id=49 kind=motion t_ns=40581360992149 source=injected
K230_CARD_SHELL state mode=2 actions=1 message=0 cards=2
K230_CARD_BENCH v=1 run=40563581580240 event=input input_id=434 gesture_id=49 kind=motion t_ns=40581358708834 source=injected
K230_CARD_SHELL state mode=2 actions=1 message=0 cards=2
K230_CARD_SHELL frame-cost run=40563581580240 frame_id=1400 total_cpu_ns=15554359 render_cpu_ns=14700879 input_cpu_ns=682294
K230_CARD_BENCH v=1 run=40563581580240 event=submit input_id=433 frame_id=1400 t_ns=40581354834299 update_cpu_ns=15554359 final=0
K230_CARD_BENCH v=1 run=40563581580240 event=submit input_id=432 frame_id=1400 t_ns=40581354834299 update_cpu_ns=15554359 final=0
K230_CARD_BENCH v=1 run=40563581580240 event=present frame_id=1399 t_ns=40581327361000 presented=1 clock=monotonic
K230_CARD_BENCH v=1 run=40563581580240 event=input input_id=433 gesture_id=49 kind=motion t_ns=40581328179470 source=injected
K230_CARD_SHELL state mode=2 actions=1 message=0 cards=2
K230_CARD_BENCH v=1 run=40563581580240 event=input input_id=432 gesture_id=49 kind=motion t_ns=40581324570972 source=injected
K230_CARD_SHELL state mode=2 actions=1 message=0 cards=2
K230_CARD_BENCH v=1 run=40563581580240 event=present frame_id=1398 t_ns=40581308197000 presented=1 clock=monotonic
K230_CARD_SHELL state mode=2 actions=1 message=0 cards=2
K230_CARD_BENCH v=1 run=40563581580240 event=present frame_id=1397 t_ns=40581269868000 presented=1 clock=monotonic
K230_CARD_BENCH v=1 run=40563581580240 event=present frame_id=1396 t_ns=40581250704000 presented=1 clock=monotonic
K230_CARD_BENCH v=1 run=40563581580240 event=present frame_id=1395 t_ns=40581212378000 presented=1 clock=monotonic
K230_CARD_BENCH v=1 run=40563581580240 event=present frame_id=1394 t_ns=40581174050000 presented=1 clock=monotonic
K230_CARD_BENCH v=1 run=40563581580240 event=present frame_id=1393 t_ns=40581135720000 presented=1 clock=monotonic
K230_CARD_BENCH v=1 run=40563581580240 event=present frame_id=1392 t_ns=40581116557000 presented=1 clock=monotonic
K230_CARD_BENCH v=1 run=40563581580240 event=present frame_id=1391 t_ns=40581078230000 presented=1 clock=monotonic
K230_CARD_BENCH v=1 run=40563581580240 event=present frame_id=1390 t_ns=40581059066000 presented=1 clock=monotonic
K230_CARD_BENCH v=1 run=40563581580240 event=present frame_id=1389 t_ns=40581020738000 presented=1 clock=monotonic
K230_CARD_SHELL frame-cost run=40563581580240 frame_id=1389 total_cpu_ns=20142388 render_cpu_ns=14316985 input_cpu_ns=4536406
K230_CARD_BENCH v=1 run=40563581580240 event=submit input_id=431 frame_id=1389 t_ns=40581019420392 update_cpu_ns=20142388 final=1
K230_CARD_BENCH v=1 run=40563581580240 event=submit input_id=430 frame_id=1389 t_ns=40581019420392 update_cpu_ns=20142388 final=0
K230_CARD_BENCH v=1 run=40563581580240 event=submit input_id=429 frame_id=1389 t_ns=40581019420392 update_cpu_ns=20142388 final=0
K230_CARD_BENCH v=1 run=40563581580240 event=submit input_id=428 frame_id=1389 t_ns=40581019420392 update_cpu_ns=20142388 final=0
K230_CARD_BENCH v=1 run=40563581580240 event=present frame_id=1388 t_ns=40581001577000 presented=1 clock=monotonic
K230_CARD_BENCH v=1 run=40563581580240 event=input input_id=431 gesture_id=48 kind=release t_ns=40580998504171 source=injected
K230_CARD_SHELL state mode=1 actions=1 message=0 cards=2
K230_CARD_BENCH v=1 run=40563581580240 event=input input_id=430 gesture_id=48 kind=motion t_ns=40580995979340 source=injected
K230_CARD_SHELL state mode=2 actions=1 message=0 cards=2
K230_CARD_BENCH v=1 run=40563581580240 event=input input_id=429 gesture_id=48 kind=motion t_ns=40580995301580 source=injected
K230_CARD_SHELL state mode=2 actions=1 message=0 cards=2
K230_CARD_BENCH v=1 run=40563581580240 event=input input_id=428 gesture_id=48 kind=motion t_ns=40580994555922 source=injected
K230_CARD_SHELL state mode=2 actions=1 message=0 cards=2
K230_CARD_BENCH v=1 run=40563581580240 event=resource phase=active t_ns=40580993790075 cpu_ns=31221134000 memory_bytes=27615232 scope=session
K230_CARD_BENCH v=1 run=40563581580240 event=resource phase=active t_ns=40580993790075 cpu_ns=19542412137 memory_bytes=34349056 scope=compositor
K230_CARD_SHELL frame-cost run=40563581580240 frame_id=1388 total_cpu_ns=21606388 render_cpu_ns=19704170 input_cpu_ns=1680700
K230_CARD_BENCH v=1 run=40563581580240 event=submit input_id=427 frame_id=1388 t_ns=40580990215359 update_cpu_ns=21606388 final=0
K230_CARD_BENCH v=1 run=40563581580240 event=submit input_id=426 frame_id=1388 t_ns=40580990215359 update_cpu_ns=21606388 final=0
K230_CARD_BENCH v=1 run=40563581580240 event=submit input_id=425 frame_id=1388 t_ns=40580990215359 update_cpu_ns=21606388 final=0
K230_CARD_BENCH v=1 run=40563581580240 event=present frame_id=1387 t_ns=40580963248000 presented=1 clock=monotonic
K230_CARD_BENCH v=1 run=40563581580240 event=input input_id=427 gesture_id=48 kind=motion t_ns=40580966206378 source=injected
K230_CARD_SHELL state mode=2 actions=1 message=0 cards=2
K230_CARD_BENCH v=1 run=40563581580240 event=input input_id=426 gesture_id=48 kind=motion t_ns=40580965526691 source=injected
K230_CARD_SHELL state mode=2 actions=1 message=0 cards=2
K230_CARD_BENCH v=1 run=40563581580240 event=input input_id=425 gesture_id=48 kind=motion t_ns=40580964781033 source=injected
K230_CARD_SHELL state mode=2 actions=1 message=0 cards=2
K230_CARD_SHELL frame-cost run=40563581580240 frame_id=1387 total_cpu_ns=22983378 render_cpu_ns=19946747 input_cpu_ns=2706671
K230_CARD_BENCH v=1 run=40563581580240 event=submit input_id=424 frame_id=1387 t_ns=40580961042998 update_cpu_ns=22983378 final=0
K230_CARD_BENCH v=1 run=40563581580240 event=submit input_id=423 frame_id=1387 t_ns=40580961042998 update_cpu_ns=22983378 final=0
K230_CARD_BENCH v=1 run=40563581580240 event=submit input_id=422 frame_id=1387 t_ns=40580961042998 update_cpu_ns=22983378 final=0
K230_CARD_BENCH v=1 run=40563581580240 event=submit input_id=421 frame_id=1387 t_ns=40580961042998 update_cpu_ns=22983378 final=0
K230_CARD_BENCH v=1 run=40563581580240 event=submit input_id=420 frame_id=1387 t_ns=40580961042998 update_cpu_ns=22983378 final=0
K230_CARD_BENCH v=1 run=40563581580240 event=present frame_id=1386 t_ns=40580924921000 presented=1 clock=monotonic
K230_CARD_BENCH v=1 run=40563581580240 event=input input_id=424 gesture_id=48 kind=motion t_ns=40580929127406 source=injected
K230_CARD_SHELL state mode=2 actions=1 message=0 cards=2
K230_CARD_BENCH v=1 run=40563581580240 event=input input_id=423 gesture_id=48 kind=motion t_ns=40580924683718 source=injected
K230_CARD_SHELL state mode=2 actions=1 message=0 cards=2
K230_CARD_BENCH v=1 run=40563581580240 event=input input_id=422 gesture_id=48 kind=motion t_ns=40580924030258 source=injected
K230_CARD_SHELL state mode=2 actions=1 message=0 cards=2
K230_CARD_BENCH v=1 run=40563581580240 event=input input_id=421 gesture_id=48 kind=motion t_ns=40580919053793 source=injected
K230_CARD_SHELL state mode=2 actions=1 message=0 cards=2
K230_CARD_BENCH v=1 run=40563581580240 event=input input_id=420 gesture_id=48 kind=motion t_ns=40580916343529 source=injected
K230_CARD_SHELL state mode=2 actions=1 message=0 cards=2
K230_CARD_SHELL frame-cost run=40563581580240 frame_id=1386 total_cpu_ns=21866380 render_cpu_ns=18047676 input_cpu_ns=3474928
K230_CARD_BENCH v=1 run=40563581580240 event=submit input_id=419 frame_id=1386 t_ns=40580906915005 update_cpu_ns=21866380 final=0
K230_CARD_BENCH v=1 run=40563581580240 event=submit input_id=418 frame_id=1386 t_ns=40580906915005 update_cpu_ns=21866380 final=0
K230_CARD_BENCH v=1 run=40563581580240 event=submit input_id=417 frame_id=1386 t_ns=40580906915005 update_cpu_ns=21866380 final=0
K230_CARD_BENCH v=1 run=40563581580240 event=submit input_id=416 frame_id=1386 t_ns=40580906915005 update_cpu_ns=21866380 final=0
K230_CARD_BENCH v=1 run=40563581580240 event=submit input_id=415 frame_id=1386 t_ns=40580906915005 update_cpu_ns=21866380 final=0
K230_CARD_BENCH v=1 run=40563581580240 event=submit input_id=414 frame_id=1386 t_ns=40580906915005 update_cpu_ns=21866380 final=0
K230_CARD_BENCH v=1 run=40563581580240 event=submit input_id=413 frame_id=1386 t_ns=40580906915005 update_cpu_ns=21866380 final=0
K230_CARD_BENCH v=1 run=40563581580240 event=present frame_id=1385 t_ns=40580886591000 presented=1 clock=monotonic
K230_CARD_BENCH v=1 run=40563581580240 event=input input_id=419 gesture_id=48 kind=motion t_ns=40580879294451 source=injected
K230_CARD_SHELL state mode=2 actions=1 message=0 cards=2
K230_CARD_BENCH v=1 run=40563581580240 event=input input_id=418 gesture_id=48 kind=motion t_ns=40580876052225 source=injected
K230_CARD_SHELL state mode=2 actions=1 message=0 cards=2
K230_CARD_BENCH v=1 run=40563581580240 event=input input_id=417 gesture_id=48 kind=motion t_ns=40580874478452 source=injected
K230_CARD_SHELL state mode=2 actions=1 message=0 cards=2
K230_CARD_BENCH v=1 run=40563581580240 event=input input_id=416 gesture_id=48 kind=motion t_ns=40580873291585 source=injected
K230_CARD_SHELL state mode=2 actions=1 message=0 cards=2
K230_CARD_BENCH v=1 run=40563581580240 event=input input_id=415 gesture_id=48 kind=motion t_ns=40580872753585 source=injected
K230_CARD_SHELL state mode=2 actions=1 message=0 cards=2
K230_CARD_BENCH v=1 run=40563581580240 event=input input_id=414 gesture_id=48 kind=motion t_ns=40580870574765 source=injected
K230_CARD_SHELL state mode=2 actions=1 message=0 cards=2
K230_CARD_BENCH v=1 run=40563581580240 event=input input_id=413 gesture_id=48 kind=motion t_ns=40580868088903 source=injected
K230_CARD_SHELL state mode=2 actions=1 message=0 cards=2
K230_CARD_BENCH v=1 run=40563581580240 event=present frame_id=1384 t_ns=40580829100000 presented=1 clock=monotonic
K230_CARD_SHELL frame-cost run=40563581580240 frame_id=1384 total_cpu_ns=15665035 render_cpu_ns=14647073 input_cpu_ns=862407
K230_CARD_BENCH v=1 run=40563581580240 event=submit input_id=412 frame_id=1384 t_ns=40580827381949 update_cpu_ns=15665035 final=0
K230_CARD_BENCH v=1 run=40563581580240 event=submit input_id=411 frame_id=1384 t_ns=40580827381949 update_cpu_ns=15665035 final=0
K230_CARD_BENCH v=1 run=40563581580240 event=present frame_id=1383 t_ns=40580809938000 presented=1 clock=monotonic
K230_CARD_BENCH v=1 run=40563581580240 event=input input_id=412 gesture_id=48 kind=motion t_ns=40580808906065 source=injected
K230_CARD_SHELL state mode=2 actions=1 message=0 cards=2
K230_CARD_BENCH v=1 run=40563581580240 event=input input_id=411 gesture_id=48 kind=motion t_ns=40580802545038 source=injected
K230_CARD_SHELL state mode=2 actions=1 message=0 cards=2
K230_CARD_SHELL state mode=2 actions=1 message=0 cards=2
K230_CARD_BENCH v=1 run=40563581580240 event=present frame_id=1382 t_ns=40580771608000 presented=1 clock=monotonic
K230_CARD_BENCH v=1 run=40563581580240 event=present frame_id=1381 t_ns=40580752444000 presented=1 clock=monotonic
K230_CARD_BENCH v=1 run=40563581580240 event=present frame_id=1380 t_ns=40580714114000 presented=1 clock=monotonic
K230_CARD_BENCH v=1 run=40563581580240 event=present frame_id=1379 t_ns=40580694952000 presented=1 clock=monotonic
K230_CARD_BENCH v=1 run=40563581580240 event=present frame_id=1378 t_ns=40580656626000 presented=1 clock=monotonic
K230_CARD_BENCH v=1 run=40563581580240 event=present frame_id=1377 t_ns=40580637461000 presented=1 clock=monotonic
K230_CARD_BENCH v=1 run=40563581580240 event=present frame_id=1376 t_ns=40580599131000 presented=1 clock=monotonic
K230_CARD_BENCH v=1 run=40563581580240 event=present frame_id=1375 t_ns=40580579969000 presented=1 clock=monotonic
K230_CARD_BENCH v=1 run=40563581580240 event=present frame_id=1374 t_ns=40580541641000 presented=1 clock=monotonic
K230_CARD_BENCH v=1 run=40563581580240 event=present frame_id=1373 t_ns=40580522479000 presented=1 clock=monotonic
K230_CARD_SHELL frame-cost run=40563581580240 frame_id=1373 total_cpu_ns=18211479 render_cpu_ns=14230329 input_cpu_ns=3725778
K230_CARD_BENCH v=1 run=40563581580240 event=submit input_id=410 frame_id=1373 t_ns=40580517116513 update_cpu_ns=18211479 final=1
K230_CARD_BENCH v=1 run=40563581580240 event=submit input_id=409 frame_id=1373 t_ns=40580517116513 update_cpu_ns=18211479 final=0
K230_CARD_BENCH v=1 run=40563581580240 event=submit input_id=408 frame_id=1373 t_ns=40580517116513 update_cpu_ns=18211479 final=0
K230_CARD_BENCH v=1 run=40563581580240 event=present frame_id=1372 t_ns=40580484151000 presented=1 clock=monotonic
K230_CARD_BENCH v=1 run=40563581580240 event=input input_id=410 gesture_id=47 kind=release t_ns=40580490623611 source=injected
K230_CARD_SHELL state mode=1 actions=1 message=0 cards=2
K230_CARD_BENCH v=1 run=40563581580240 event=input input_id=409 gesture_id=47 kind=motion t_ns=40580490062608 source=injected
K230_CARD_SHELL state mode=2 actions=1 message=0 cards=2
K230_CARD_BENCH v=1 run=40563581580240 event=input input_id=408 gesture_id=47 kind=motion t_ns=40580489411926 source=injected
K230_CARD_SHELL state mode=2 actions=1 message=0 cards=2
K230_CARD_SHELL frame-cost run=40563581580240 frame_id=1372 total_cpu_ns=22646921 render_cpu_ns=19948546 input_cpu_ns=2267412
K230_CARD_BENCH v=1 run=40563581580240 event=submit input_id=407 frame_id=1372 t_ns=40580482482862 update_cpu_ns=22646921 final=0
K230_CARD_BENCH v=1 run=40563581580240 event=submit input_id=406 frame_id=1372 t_ns=40580482482862 update_cpu_ns=22646921 final=0
K230_CARD_BENCH v=1 run=40563581580240 event=submit input_id=405 frame_id=1372 t_ns=40580482482862 update_cpu_ns=22646921 final=0
K230_CARD_BENCH v=1 run=40563581580240 event=submit input_id=404 frame_id=1372 t_ns=40580482482862 update_cpu_ns=22646921 final=0
K230_CARD_BENCH v=1 run=40563581580240 event=present frame_id=1371 t_ns=40580445844000 presented=1 clock=monotonic
K230_CARD_BENCH v=1 run=40563581580240 event=input input_id=407 gesture_id=47 kind=motion t_ns=40580452836749 source=injected
K230_CARD_SHELL state mode=2 actions=1 message=0 cards=2
K230_CARD_BENCH v=1 run=40563581580240 event=input input_id=406 gesture_id=47 kind=motion t_ns=40580449570596 source=injected
K230_CARD_SHELL state mode=2 actions=1 message=0 cards=2
K230_CARD_BENCH v=1 run=40563581580240 event=input input_id=405 gesture_id=47 kind=motion t_ns=40580446119159 source=injected
K230_CARD_SHELL state mode=2 actions=1 message=0 cards=2
K230_CARD_BENCH v=1 run=40563581580240 event=input input_id=404 gesture_id=47 kind=motion t_ns=40580444442373 source=injected
K230_CARD_SHELL state mode=2 actions=1 message=0 cards=2
K230_CARD_SHELL live cards=2 commits=967 sampled=1902 frame-done=1906 output-presented=860
K230_CARD_SHELL frame-cost run=40563581580240 frame_id=1371 total_cpu_ns=22150576 render_cpu_ns=19839983 input_cpu_ns=1992553
K230_CARD_BENCH v=1 run=40563581580240 event=submit input_id=403 frame_id=1371 t_ns=40580438923503 update_cpu_ns=22150576 final=0
K230_CARD_BENCH v=1 run=40563581580240 event=submit input_id=402 frame_id=1371 t_ns=40580438923503 update_cpu_ns=22150576 final=0
K230_CARD_BENCH v=1 run=40563581580240 event=submit input_id=401 frame_id=1371 t_ns=40580438923503 update_cpu_ns=22150576 final=0
K230_CARD_BENCH v=1 run=40563581580240 event=submit input_id=400 frame_id=1371 t_ns=40580438923503 update_cpu_ns=22150576 final=0
K230_CARD_BENCH v=1 run=40563581580240 event=present frame_id=1370 t_ns=40580407496000 presented=1 clock=monotonic
K230_CARD_BENCH v=1 run=40563581580240 event=input input_id=403 gesture_id=47 kind=motion t_ns=40580409619474 source=injected
K230_CARD_SHELL state mode=2 actions=1 message=0 cards=2
K230_CARD_BENCH v=1 run=40563581580240 event=input input_id=402 gesture_id=47 kind=motion t_ns=40580407060789 source=injected
K230_CARD_SHELL state mode=2 actions=1 message=0 cards=2
K230_CARD_BENCH v=1 run=40563581580240 event=input input_id=401 gesture_id=47 kind=motion t_ns=40580406528160 source=injected
K230_CARD_SHELL state mode=2 actions=1 message=0 cards=2
K230_CARD_BENCH v=1 run=40563581580240 event=input input_id=400 gesture_id=47 kind=motion t_ns=40580405261541 source=injected
K230_CARD_SHELL state mode=2 actions=1 message=0 cards=2
K230_CARD_SHELL frame-cost run=40563581580240 frame_id=1370 total_cpu_ns=20694775 render_cpu_ns=18478440 input_cpu_ns=1893738
K230_CARD_BENCH v=1 run=40563581580240 event=submit input_id=399 frame_id=1370 t_ns=40580396432698 update_cpu_ns=20694775 final=0
K230_CARD_BENCH v=1 run=40563581580240 event=submit input_id=398 frame_id=1370 t_ns=40580396432698 update_cpu_ns=20694775 final=0
K230_CARD_BENCH v=1 run=40563581580240 event=submit input_id=397 frame_id=1370 t_ns=40580396432698 update_cpu_ns=20694775 final=0
K230_CARD_BENCH v=1 run=40563581580240 event=submit input_id=396 frame_id=1370 t_ns=40580396432698 update_cpu_ns=20694775 final=0
K230_CARD_BENCH v=1 run=40563581580240 event=present frame_id=1369 t_ns=40580369166000 presented=1 clock=monotonic
K230_CARD_BENCH v=1 run=40563581580240 event=input input_id=399 gesture_id=47 kind=motion t_ns=40580367320843 source=injected
K230_CARD_SHELL state mode=2 actions=1 message=0 cards=2
K230_CARD_BENCH v=1 run=40563581580240 event=input input_id=398 gesture_id=47 kind=motion t_ns=40580362710617 source=injected
K230_CARD_SHELL state mode=2 actions=1 message=0 cards=2
K230_CARD_BENCH v=1 run=40563581580240 event=input input_id=397 gesture_id=47 kind=motion t_ns=40580362166394 source=injected
K230_CARD_SHELL state mode=2 actions=1 message=0 cards=2
K230_CARD_BENCH v=1 run=40563581580240 event=input input_id=396 gesture_id=47 kind=motion t_ns=40580360322140 source=injected
K230_CARD_SHELL state mode=2 actions=1 message=0 cards=2
K230_CARD_SHELL frame-cost run=40563581580240 frame_id=1369 total_cpu_ns=18750800 render_cpu_ns=16779170 input_cpu_ns=1654592
K230_CARD_BENCH v=1 run=40563581580240 event=submit input_id=395 frame_id=1369 t_ns=40580356200833 update_cpu_ns=18750800 final=0
K230_CARD_BENCH v=1 run=40563581580240 event=submit input_id=394 frame_id=1369 t_ns=40580356200833 update_cpu_ns=18750800 final=0
K230_CARD_BENCH v=1 run=40563581580240 event=submit input_id=393 frame_id=1369 t_ns=40580356200833 update_cpu_ns=18750800 final=0
K230_CARD_BENCH v=1 run=40563581580240 event=submit input_id=392 frame_id=1369 t_ns=40580356200833 update_cpu_ns=18750800 final=0
K230_CARD_BENCH v=1 run=40563581580240 event=present frame_id=1368 t_ns=40580330839000 presented=1 clock=monotonic
K230_CARD_BENCH v=1 run=40563581580240 event=input input_id=395 gesture_id=47 kind=motion t_ns=40580331692278 source=injected
K230_CARD_SHELL state mode=2 actions=1 message=0 cards=2
K230_CARD_BENCH v=1 run=40563581580240 event=input input_id=394 gesture_id=47 kind=motion t_ns=40580327044713 source=injected
K230_CARD_SHELL state mode=2 actions=1 message=0 cards=2
K230_CARD_BENCH v=1 run=40563581580240 event=input input_id=393 gesture_id=47 kind=motion t_ns=40580326558313 source=injected
K230_CARD_SHELL state mode=2 actions=1 message=0 cards=2
K230_CARD_BENCH v=1 run=40563581580240 event=input input_id=392 gesture_id=47 kind=motion t_ns=40580324319042 source=injected
K230_CARD_SHELL state mode=2 actions=1 message=0 cards=2
K230_CARD_SHELL frame-cost run=40563581580240 frame_id=1368 total_cpu_ns=15590053 render_cpu_ns=14707868 input_cpu_ns=714038
K230_CARD_BENCH v=1 run=40563581580240 event=submit input_id=391 frame_id=1368 t_ns=40580319668440 update_cpu_ns=15590053 final=0
K230_CARD_BENCH v=1 run=40563581580240 event=submit input_id=390 frame_id=1368 t_ns=40580319668440 update_cpu_ns=15590053 final=0
K230_CARD_BENCH v=1 run=40563581580240 event=present frame_id=1367 t_ns=40580292512000 presented=1 clock=monotonic
K230_CARD_BENCH v=1 run=40563581580240 event=input input_id=391 gesture_id=47 kind=motion t_ns=40580292295491 source=injected
K230_CARD_SHELL state mode=2 actions=1 message=0 cards=2
K230_CARD_BENCH v=1 run=40563581580240 event=input input_id=390 gesture_id=47 kind=motion t_ns=40580290120933 source=injected
K230_CARD_SHELL state mode=2 actions=1 message=0 cards=2
K230_CARD_BENCH v=1 run=40563581580240 event=present frame_id=1366 t_ns=40580273347000 presented=1 clock=monotonic
K230_CARD_SHELL state mode=2 actions=1 message=0 cards=2
K230_CARD_BENCH v=1 run=40563581580240 event=present frame_id=1365 t_ns=40580235017000 presented=1 clock=monotonic
K230_CARD_BENCH v=1 run=40563581580240 event=present frame_id=1364 t_ns=40580215855000 presented=1 clock=monotonic
K230_CARD_BENCH v=1 run=40563581580240 event=present frame_id=1363 t_ns=40580177527000 presented=1 clock=monotonic
K230_CARD_BENCH v=1 run=40563581580240 event=present frame_id=1362 t_ns=40580158364000 presented=1 clock=monotonic
K230_CARD_BENCH v=1 run=40563581580240 event=present frame_id=1361 t_ns=40580120047000 presented=1 clock=monotonic
K230_CARD_BENCH v=1 run=40563581580240 event=present frame_id=1360 t_ns=40580100873000 presented=1 clock=monotonic
K230_CARD_BENCH v=1 run=40563581580240 event=present frame_id=1359 t_ns=40580043379000 presented=1 clock=monotonic
K230_CARD_BENCH v=1 run=40563581580240 event=present frame_id=1358 t_ns=40580024218000 presented=1 clock=monotonic
K230_CARD_BENCH v=1 run=40563581580240 event=present frame_id=1357 t_ns=40580005069000 presented=1 clock=monotonic
K230_CARD_SHELL frame-cost run=40563581580240 frame_id=1357 total_cpu_ns=19080479 render_cpu_ns=14367219 input_cpu_ns=3812183
K230_CARD_BENCH v=1 run=40563581580240 event=submit input_id=389 frame_id=1357 t_ns=40580004674946 update_cpu_ns=19080479 final=1
K230_CARD_BENCH v=1 run=40563581580240 event=submit input_id=388 frame_id=1357 t_ns=40580004674946 update_cpu_ns=19080479 final=0
K230_CARD_BENCH v=1 run=40563581580240 event=submit input_id=387 frame_id=1357 t_ns=40580004674946 update_cpu_ns=19080479 final=0
K230_CARD_BENCH v=1 run=40563581580240 event=present frame_id=1356 t_ns=40579966726000 presented=1 clock=monotonic
K230_CARD_BENCH v=1 run=40563581580240 event=input input_id=389 gesture_id=46 kind=release t_ns=40579974144304 source=injected
K230_CARD_SHELL state mode=1 actions=1 message=0 cards=2
K230_CARD_BENCH v=1 run=40563581580240 event=input input_id=388 gesture_id=46 kind=motion t_ns=40579972450108 source=injected
K230_CARD_SHELL state mode=2 actions=1 message=0 cards=2
K230_CARD_BENCH v=1 run=40563581580240 event=input input_id=387 gesture_id=46 kind=motion t_ns=40579966497475 source=injected
K230_CARD_SHELL state mode=2 actions=1 message=0 cards=2
K230_CARD_BENCH v=1 run=40563581580240 event=resource phase=active t_ns=40579965104172 cpu_ns=30479706000 memory_bytes=27619328 scope=session
K230_CARD_BENCH v=1 run=40563581580240 event=resource phase=active t_ns=40579965104172 cpu_ns=19002469394 memory_bytes=34349056 scope=compositor
K230_CARD_SHELL frame-cost run=40563581580240 frame_id=1356 total_cpu_ns=23011162 render_cpu_ns=20039869 input_cpu_ns=2680147
K230_CARD_BENCH v=1 run=40563581580240 event=submit input_id=386 frame_id=1356 t_ns=40579956538810 update_cpu_ns=23011162 final=0
K230_CARD_BENCH v=1 run=40563581580240 event=submit input_id=385 frame_id=1356 t_ns=40579956538810 update_cpu_ns=23011162 final=0
K230_CARD_BENCH v=1 run=40563581580240 event=submit input_id=384 frame_id=1356 t_ns=40579956538810 update_cpu_ns=23011162 final=0
K230_CARD_BENCH v=1 run=40563581580240 event=submit input_id=383 frame_id=1356 t_ns=40579956538810 update_cpu_ns=23011162 final=0
K230_CARD_BENCH v=1 run=40563581580240 event=present frame_id=1355 t_ns=40579928399000 presented=1 clock=monotonic
K230_CARD_BENCH v=1 run=40563581580240 event=input input_id=386 gesture_id=46 kind=motion t_ns=40579932531805 source=injected
K230_CARD_SHELL state mode=2 actions=1 message=0 cards=2
K230_CARD_BENCH v=1 run=40563581580240 event=input input_id=385 gesture_id=46 kind=motion t_ns=40579928986244 source=injected
K230_CARD_SHELL state mode=2 actions=1 message=0 cards=2
K230_CARD_BENCH v=1 run=40563581580240 event=input input_id=384 gesture_id=46 kind=motion t_ns=40579927673693 source=injected
K230_CARD_SHELL state mode=2 actions=1 message=0 cards=2
K230_CARD_BENCH v=1 run=40563581580240 event=input input_id=383 gesture_id=46 kind=motion t_ns=40579926913699 source=injected
K230_CARD_SHELL state mode=2 actions=1 message=0 cards=2
K230_CARD_SHELL frame-cost run=40563581580240 frame_id=1355 total_cpu_ns=22053827 render_cpu_ns=19833306 input_cpu_ns=1961815
K230_CARD_BENCH v=1 run=40563581580240 event=submit input_id=382 frame_id=1355 t_ns=40579924539669 update_cpu_ns=22053827 final=0
K230_CARD_BENCH v=1 run=40563581580240 event=submit input_id=381 frame_id=1355 t_ns=40579924539669 update_cpu_ns=22053827 final=0
K230_CARD_BENCH v=1 run=40563581580240 event=submit input_id=380 frame_id=1355 t_ns=40579924539669 update_cpu_ns=22053827 final=0
K230_CARD_BENCH v=1 run=40563581580240 event=submit input_id=379 frame_id=1355 t_ns=40579924539669 update_cpu_ns=22053827 final=0
K230_CARD_BENCH v=1 run=40563581580240 event=present frame_id=1354 t_ns=40579890074000 presented=1 clock=monotonic
K230_CARD_BENCH v=1 run=40563581580240 event=input input_id=382 gesture_id=46 kind=motion t_ns=40579888911438 source=injected
K230_CARD_SHELL state mode=2 actions=1 message=0 cards=2
K230_CARD_BENCH v=1 run=40563581580240 event=input input_id=381 gesture_id=46 kind=motion t_ns=40579881520347 source=injected
K230_CARD_SHELL state mode=2 actions=1 message=0 cards=2
K230_CARD_BENCH v=1 run=40563581580240 event=input input_id=380 gesture_id=46 kind=motion t_ns=40579880984385 source=injected
K230_CARD_SHELL state mode=2 actions=1 message=0 cards=2
K230_CARD_BENCH v=1 run=40563581580240 event=input input_id=379 gesture_id=46 kind=motion t_ns=40579880300661 source=injected
K230_CARD_SHELL state mode=2 actions=1 message=0 cards=2
K230_CARD_SHELL frame-cost run=40563581580240 frame_id=1354 total_cpu_ns=22862643 render_cpu_ns=18445789 input_cpu_ns=4034261
K230_CARD_BENCH v=1 run=40563581580240 event=submit input_id=378 frame_id=1354 t_ns=40579872780627 update_cpu_ns=22862643 final=0
K230_CARD_BENCH v=1 run=40563581580240 event=submit input_id=377 frame_id=1354 t_ns=40579872780627 update_cpu_ns=22862643 final=0
K230_CARD_BENCH v=1 run=40563581580240 event=submit input_id=376 frame_id=1354 t_ns=40579872780627 update_cpu_ns=22862643 final=0
K230_CARD_BENCH v=1 run=40563581580240 event=submit input_id=375 frame_id=1354 t_ns=40579872780627 update_cpu_ns=22862643 final=0
K230_CARD_BENCH v=1 run=40563581580240 event=submit input_id=374 frame_id=1354 t_ns=40579872780627 update_cpu_ns=22862643 final=0
K230_CARD_BENCH v=1 run=40563581580240 event=submit input_id=373 frame_id=1354 t_ns=40579872780627 update_cpu_ns=22862643 final=0
K230_CARD_BENCH v=1 run=40563581580240 event=submit input_id=372 frame_id=1354 t_ns=40579872780627 update_cpu_ns=22862643 final=0
K230_CARD_BENCH v=1 run=40563581580240 event=submit input_id=371 frame_id=1354 t_ns=40579872780627 update_cpu_ns=22862643 final=0
K230_CARD_BENCH v=1 run=40563581580240 event=present frame_id=1353 t_ns=40579851742000 presented=1 clock=monotonic
K230_CARD_BENCH v=1 run=40563581580240 event=input input_id=378 gesture_id=46 kind=motion t_ns=40579848830853 source=injected
K230_CARD_SHELL state mode=2 actions=1 message=0 cards=2
K230_CARD_BENCH v=1 run=40563581580240 event=input input_id=377 gesture_id=46 kind=motion t_ns=40579843624100 source=injected
K230_CARD_SHELL state mode=2 actions=1 message=0 cards=2
K230_CARD_BENCH v=1 run=40563581580240 event=input input_id=376 gesture_id=46 kind=motion t_ns=40579841864451 source=injected
K230_CARD_SHELL state mode=2 actions=1 message=0 cards=2
K230_CARD_BENCH v=1 run=40563581580240 event=input input_id=375 gesture_id=46 kind=motion t_ns=40579840247376 source=injected
K230_CARD_SHELL state mode=2 actions=1 message=0 cards=2
K230_CARD_BENCH v=1 run=40563581580240 event=input input_id=374 gesture_id=46 kind=motion t_ns=40579838217357 source=injected
K230_CARD_SHELL state mode=2 actions=1 message=0 cards=2
K230_CARD_BENCH v=1 run=40563581580240 event=input input_id=373 gesture_id=46 kind=motion t_ns=40579837726141 source=injected
K230_CARD_SHELL state mode=2 actions=1 message=0 cards=2
K230_CARD_BENCH v=1 run=40563581580240 event=input input_id=372 gesture_id=46 kind=motion t_ns=40579836072062 source=injected
K230_CARD_SHELL state mode=2 actions=1 message=0 cards=2
K230_CARD_BENCH v=1 run=40563581580240 event=input input_id=371 gesture_id=46 kind=motion t_ns=40579833152068 source=injected
K230_CARD_SHELL state mode=2 actions=1 message=0 cards=2
K230_CARD_BENCH v=1 run=40563581580240 event=present frame_id=1352 t_ns=40579794253000 presented=1 clock=monotonic
K230_CARD_SHELL frame-cost run=40563581580240 frame_id=1352 total_cpu_ns=15606934 render_cpu_ns=14934932 input_cpu_ns=460222
K230_CARD_BENCH v=1 run=40563581580240 event=submit input_id=370 frame_id=1352 t_ns=40579792481216 update_cpu_ns=15606934 final=0
K230_CARD_BENCH v=1 run=40563581580240 event=submit input_id=369 frame_id=1352 t_ns=40579792481216 update_cpu_ns=15606934 final=0
K230_CARD_BENCH v=1 run=40563581580240 event=present frame_id=1351 t_ns=40579775086000 presented=1 clock=monotonic
K230_CARD_BENCH v=1 run=40563581580240 event=input input_id=370 gesture_id=46 kind=motion t_ns=40579768889973 source=injected
K230_CARD_SHELL state mode=2 actions=1 message=0 cards=2
K230_CARD_BENCH v=1 run=40563581580240 event=input input_id=369 gesture_id=46 kind=motion t_ns=40579764212256 source=injected
K230_CARD_SHELL state mode=2 actions=1 message=0 cards=2
K230_CARD_SHELL state mode=2 actions=1 message=0 cards=2
K230_CARD_BENCH v=1 run=40563581580240 event=present frame_id=1350 t_ns=40579736759000 presented=1 clock=monotonic
K230_CARD_BENCH v=1 run=40563581580240 event=present frame_id=1349 t_ns=40579698431000 presented=1 clock=monotonic
K230_CARD_BENCH v=1 run=40563581580240 event=present frame_id=1348 t_ns=40579679268000 presented=1 clock=monotonic
K230_CARD_BENCH v=1 run=40563581580240 event=present frame_id=1347 t_ns=40579640938000 presented=1 clock=monotonic
K230_CARD_BENCH v=1 run=40563581580240 event=present frame_id=1346 t_ns=40579621778000 presented=1 clock=monotonic
K230_CARD_BENCH v=1 run=40563581580240 event=present frame_id=1345 t_ns=40579583449000 presented=1 clock=monotonic
K230_CARD_BENCH v=1 run=40563581580240 event=present frame_id=1344 t_ns=40579564285000 presented=1 clock=monotonic
K230_CARD_BENCH v=1 run=40563581580240 event=present frame_id=1343 t_ns=40579506793000 presented=1 clock=monotonic
K230_CARD_SHELL frame-cost run=40563581580240 frame_id=1343 total_cpu_ns=21003240 render_cpu_ns=15467126 input_cpu_ns=5248707
K230_CARD_BENCH v=1 run=40563581580240 event=submit input_id=368 frame_id=1343 t_ns=40579495755062 update_cpu_ns=21003240 final=1
K230_CARD_BENCH v=1 run=40563581580240 event=submit input_id=367 frame_id=1343 t_ns=40579495755062 update_cpu_ns=21003240 final=0
K230_CARD_BENCH v=1 run=40563581580240 event=submit input_id=366 frame_id=1343 t_ns=40579495755062 update_cpu_ns=21003240 final=0
K230_CARD_BENCH v=1 run=40563581580240 event=submit input_id=365 frame_id=1343 t_ns=40579495755062 update_cpu_ns=21003240 final=0
K230_CARD_BENCH v=1 run=40563581580240 event=submit input_id=364 frame_id=1343 t_ns=40579495755062 update_cpu_ns=21003240 final=0
K230_CARD_BENCH v=1 run=40563581580240 event=present frame_id=1342 t_ns=40579449302000 presented=1 clock=monotonic
K230_CARD_BENCH v=1 run=40563581580240 event=input input_id=368 gesture_id=45 kind=release t_ns=40579447851912 source=injected
K230_CARD_SHELL state mode=1 actions=1 message=0 cards=2
K230_CARD_BENCH v=1 run=40563581580240 event=input input_id=367 gesture_id=45 kind=motion t_ns=40579445577082 source=injected
K230_CARD_SHELL state mode=2 actions=1 message=0 cards=2
K230_CARD_BENCH v=1 run=40563581580240 event=input input_id=366 gesture_id=45 kind=motion t_ns=40579444601208 source=injected
K230_CARD_SHELL state mode=2 actions=1 message=0 cards=2
K230_CARD_BENCH v=1 run=40563581580240 event=input input_id=365 gesture_id=45 kind=motion t_ns=40579443695010 source=injected
K230_CARD_SHELL state mode=2 actions=1 message=0 cards=2
K230_CARD_BENCH v=1 run=40563581580240 event=input input_id=364 gesture_id=45 kind=motion t_ns=40579442593044 source=injected
K230_CARD_SHELL state mode=2 actions=1 message=0 cards=2
K230_CARD_SHELL frame-cost run=40563581580240 frame_id=1342 total_cpu_ns=25320613 render_cpu_ns=21259505 input_cpu_ns=3559035
K230_CARD_BENCH v=1 run=40563581580240 event=submit input_id=363 frame_id=1342 t_ns=40579439723503 update_cpu_ns=25320613 final=0
K230_CARD_BENCH v=1 run=40563581580240 event=submit input_id=362 frame_id=1342 t_ns=40579439723503 update_cpu_ns=25320613 final=0
K230_CARD_BENCH v=1 run=40563581580240 event=submit input_id=361 frame_id=1342 t_ns=40579439723503 update_cpu_ns=25320613 final=0
K230_CARD_BENCH v=1 run=40563581580240 event=submit input_id=360 frame_id=1342 t_ns=40579439723503 update_cpu_ns=25320613 final=0
K230_CARD_BENCH v=1 run=40563581580240 event=submit input_id=359 frame_id=1342 t_ns=40579439723503 update_cpu_ns=25320613 final=0
K230_CARD_BENCH v=1 run=40563581580240 event=submit input_id=358 frame_id=1342 t_ns=40579439723503 update_cpu_ns=25320613 final=0
K230_CARD_BENCH v=1 run=40563581580240 event=present frame_id=1341 t_ns=40579372646000 presented=1 clock=monotonic
K230_CARD_BENCH v=1 run=40563581580240 event=input input_id=363 gesture_id=45 kind=motion t_ns=40579394097406 source=injected
K230_CARD_SHELL state mode=2 actions=1 message=0 cards=2
K230_CARD_BENCH v=1 run=40563581580240 event=input input_id=362 gesture_id=45 kind=motion t_ns=40579390985832 source=injected
K230_CARD_SHELL state mode=2 actions=1 message=0 cards=2
K230_CARD_BENCH v=1 run=40563581580240 event=input input_id=361 gesture_id=45 kind=motion t_ns=40579387167346 source=injected
K230_CARD_SHELL state mode=2 actions=1 message=0 cards=2
K230_CARD_BENCH v=1 run=40563581580240 event=input input_id=360 gesture_id=45 kind=motion t_ns=40579379709881 source=injected
K230_CARD_SHELL state mode=2 actions=1 message=0 cards=2
K230_CARD_BENCH v=1 run=40563581580240 event=input input_id=359 gesture_id=45 kind=motion t_ns=40579376072976 source=injected
K230_CARD_SHELL state mode=2 actions=1 message=0 cards=2
K230_CARD_BENCH v=1 run=40563581580240 event=input input_id=358 gesture_id=45 kind=motion t_ns=40579372435700 source=injected
K230_CARD_SHELL state mode=2 actions=1 message=0 cards=2
K230_CARD_SHELL frame-cost run=40563581580240 frame_id=1341 total_cpu_ns=22792652 render_cpu_ns=19471758 input_cpu_ns=2914970
K230_CARD_BENCH v=1 run=40563581580240 event=submit input_id=357 frame_id=1341 t_ns=40579360797144 update_cpu_ns=22792652 final=0
K230_CARD_BENCH v=1 run=40563581580240 event=submit input_id=356 frame_id=1341 t_ns=40579360797144 update_cpu_ns=22792652 final=0
K230_CARD_BENCH v=1 run=40563581580240 event=submit input_id=355 frame_id=1341 t_ns=40579360797144 update_cpu_ns=22792652 final=0
K230_CARD_BENCH v=1 run=40563581580240 event=submit input_id=354 frame_id=1341 t_ns=40579360797144 update_cpu_ns=22792652 final=0
K230_CARD_BENCH v=1 run=40563581580240 event=submit input_id=353 frame_id=1341 t_ns=40579360797144 update_cpu_ns=22792652 final=0
K230_CARD_BENCH v=1 run=40563581580240 event=submit input_id=352 frame_id=1341 t_ns=40579360797144 update_cpu_ns=22792652 final=0
K230_CARD_BENCH v=1 run=40563581580240 event=submit input_id=351 frame_id=1341 t_ns=40579360797144 update_cpu_ns=22792652 final=0
K230_CARD_BENCH v=1 run=40563581580240 event=present frame_id=1340 t_ns=40579334320000 presented=1 clock=monotonic
K230_CARD_BENCH v=1 run=40563581580240 event=input input_id=357 gesture_id=45 kind=motion t_ns=40579325838544 source=injected
K230_CARD_SHELL state mode=2 actions=1 message=0 cards=2
K230_CARD_BENCH v=1 run=40563581580240 event=input input_id=356 gesture_id=45 kind=motion t_ns=40579323497038 source=injected
K230_CARD_SHELL state mode=2 actions=1 message=0 cards=2
K230_CARD_BENCH v=1 run=40563581580240 event=input input_id=355 gesture_id=45 kind=motion t_ns=40579322945444 source=injected
K230_CARD_SHELL state mode=2 actions=1 message=0 cards=2
K230_CARD_BENCH v=1 run=40563581580240 event=input input_id=354 gesture_id=45 kind=motion t_ns=40579321359486 source=injected
K230_CARD_SHELL state mode=2 actions=1 message=0 cards=2
K230_CARD_BENCH v=1 run=40563581580240 event=input input_id=353 gesture_id=45 kind=motion t_ns=40579320875716 source=injected
K230_CARD_SHELL state mode=2 actions=1 message=0 cards=2
K230_CARD_BENCH v=1 run=40563581580240 event=input input_id=352 gesture_id=45 kind=motion t_ns=40579319218971 source=injected
K230_CARD_SHELL state mode=2 actions=1 message=0 cards=2
K230_CARD_BENCH v=1 run=40563581580240 event=input input_id=351 gesture_id=45 kind=motion t_ns=40579317111460 source=injected
K230_CARD_SHELL state mode=2 actions=1 message=0 cards=2
K230_CARD_BENCH v=1 run=40563581580240 event=present frame_id=1339 t_ns=40579276828000 presented=1 clock=monotonic
K230_CARD_SHELL frame-cost run=40563581580240 frame_id=1339 total_cpu_ns=16846072 render_cpu_ns=15196702 input_cpu_ns=1430444
K230_CARD_BENCH v=1 run=40563581580240 event=submit input_id=350 frame_id=1339 t_ns=40579275056851 update_cpu_ns=16846072 final=0
K230_CARD_BENCH v=1 run=40563581580240 event=submit input_id=349 frame_id=1339 t_ns=40579275056851 update_cpu_ns=16846072 final=0
K230_CARD_BENCH v=1 run=40563581580240 event=submit input_id=348 frame_id=1339 t_ns=40579275056851 update_cpu_ns=16846072 final=0
K230_CARD_BENCH v=1 run=40563581580240 event=present frame_id=1338 t_ns=40579257662000 presented=1 clock=monotonic
K230_CARD_BENCH v=1 run=40563581580240 event=input input_id=350 gesture_id=45 kind=motion t_ns=40579254684581 source=injected
K230_CARD_SHELL state mode=2 actions=1 message=0 cards=2
K230_CARD_BENCH v=1 run=40563581580240 event=input input_id=349 gesture_id=45 kind=motion t_ns=40579250555275 source=injected
K230_CARD_SHELL state mode=2 actions=1 message=0 cards=2
K230_CARD_BENCH v=1 run=40563581580240 event=input input_id=348 gesture_id=45 kind=motion t_ns=40579248699317 source=injected
K230_CARD_SHELL state mode=2 actions=1 message=0 cards=2
K230_CARD_SHELL state mode=2 actions=1 message=0 cards=2
K230_CARD_BENCH v=1 run=40563581580240 event=present frame_id=1337 t_ns=40579219335000 presented=1 clock=monotonic
K230_CARD_BENCH v=1 run=40563581580240 event=present frame_id=1336 t_ns=40579200171000 presented=1 clock=monotonic
K230_CARD_BENCH v=1 run=40563581580240 event=present frame_id=1335 t_ns=40579161843000 presented=1 clock=monotonic
K230_CARD_BENCH v=1 run=40563581580240 event=present frame_id=1334 t_ns=40579142679000 presented=1 clock=monotonic
K230_CARD_BENCH v=1 run=40563581580240 event=present frame_id=1333 t_ns=40579104351000 presented=1 clock=monotonic
K230_CARD_BENCH v=1 run=40563581580240 event=present frame_id=1332 t_ns=40579085188000 presented=1 clock=monotonic
K230_CARD_BENCH v=1 run=40563581580240 event=present frame_id=1331 t_ns=40579046859000 presented=1 clock=monotonic
K230_CARD_BENCH v=1 run=40563581580240 event=present frame_id=1330 t_ns=40579027697000 presented=1 clock=monotonic
K230_CARD_SHELL frame-cost run=40563581580240 frame_id=1330 total_cpu_ns=18657779 render_cpu_ns=14007741 input_cpu_ns=4277851
K230_CARD_BENCH v=1 run=40563581580240 event=submit input_id=347 frame_id=1330 t_ns=40579012256988 update_cpu_ns=18657779 final=1
K230_CARD_BENCH v=1 run=40563581580240 event=submit input_id=346 frame_id=1330 t_ns=40579012256988 update_cpu_ns=18657779 final=0
K230_CARD_BENCH v=1 run=40563581580240 event=submit input_id=345 frame_id=1330 t_ns=40579012256988 update_cpu_ns=18657779 final=0
K230_CARD_BENCH v=1 run=40563581580240 event=submit input_id=344 frame_id=1330 t_ns=40579012256988 update_cpu_ns=18657779 final=0
K230_CARD_BENCH v=1 run=40563581580240 event=present frame_id=1329 t_ns=40578989371000 presented=1 clock=monotonic
K230_CARD_BENCH v=1 run=40563581580240 event=input input_id=347 gesture_id=44 kind=release t_ns=40578992743650 source=injected
K230_CARD_SHELL state mode=1 actions=1 message=0 cards=2
K230_CARD_BENCH v=1 run=40563581580240 event=input input_id=346 gesture_id=44 kind=motion t_ns=40578991154470 source=injected
K230_CARD_SHELL state mode=2 actions=1 message=0 cards=2
K230_CARD_BENCH v=1 run=40563581580240 event=input input_id=345 gesture_id=44 kind=motion t_ns=40578989521765 source=injected
K230_CARD_SHELL state mode=2 actions=1 message=0 cards=2
K230_CARD_BENCH v=1 run=40563581580240 event=input input_id=344 gesture_id=44 kind=motion t_ns=40578987088987 source=injected
K230_CARD_SHELL state mode=2 actions=1 message=0 cards=2
K230_CARD_BENCH v=1 run=40563581580240 event=present frame_id=1328 t_ns=40578931877000 presented=1 clock=monotonic
K230_CARD_BENCH v=1 run=40563581580240 event=resource phase=active t_ns=40578936276810 cpu_ns=29791577000 memory_bytes=27619328 scope=session
K230_CARD_BENCH v=1 run=40563581580240 event=resource phase=active t_ns=40578936276810 cpu_ns=18500064341 memory_bytes=34349056 scope=compositor
K230_CARD_SHELL frame-cost run=40563581580240 frame_id=1328 total_cpu_ns=23545962 render_cpu_ns=20443404 input_cpu_ns=2468369
K230_CARD_BENCH v=1 run=40563581580240 event=submit input_id=343 frame_id=1328 t_ns=40578922702581 update_cpu_ns=23545962 final=0
K230_CARD_BENCH v=1 run=40563581580240 event=submit input_id=342 frame_id=1328 t_ns=40578922702581 update_cpu_ns=23545962 final=0
K230_CARD_BENCH v=1 run=40563581580240 event=submit input_id=341 frame_id=1328 t_ns=40578922702581 update_cpu_ns=23545962 final=0
K230_CARD_BENCH v=1 run=40563581580240 event=submit input_id=340 frame_id=1328 t_ns=40578922702581 update_cpu_ns=23545962 final=0
K230_CARD_BENCH v=1 run=40563581580240 event=present frame_id=1327 t_ns=40578874393000 presented=1 clock=monotonic
K230_CARD_BENCH v=1 run=40563581580240 event=input input_id=343 gesture_id=44 kind=motion t_ns=40578878114589 source=injected
K230_CARD_SHELL state mode=2 actions=1 message=0 cards=2
K230_CARD_BENCH v=1 run=40563581580240 event=input input_id=342 gesture_id=44 kind=motion t_ns=40578876661019 source=injected
K230_CARD_SHELL state mode=2 actions=1 message=0 cards=2
K230_CARD_BENCH v=1 run=40563581580240 event=input input_id=341 gesture_id=44 kind=motion t_ns=40578875029388 source=injected
K230_CARD_SHELL state mode=2 actions=1 message=0 cards=2
K230_CARD_BENCH v=1 run=40563581580240 event=input input_id=340 gesture_id=44 kind=motion t_ns=40578873417612 source=injected
K230_CARD_SHELL state mode=2 actions=1 message=0 cards=2
K230_CARD_SHELL frame-cost run=40563581580240 frame_id=1327 total_cpu_ns=21435795 render_cpu_ns=19745537 input_cpu_ns=1413627
K230_CARD_BENCH v=1 run=40563581580240 event=submit input_id=339 frame_id=1327 t_ns=40578869562751 update_cpu_ns=21435795 final=0
K230_CARD_BENCH v=1 run=40563581580240 event=submit input_id=338 frame_id=1327 t_ns=40578869562751 update_cpu_ns=21435795 final=0
K230_CARD_BENCH v=1 run=40563581580240 event=submit input_id=337 frame_id=1327 t_ns=40578869562751 update_cpu_ns=21435795 final=0
K230_CARD_BENCH v=1 run=40563581580240 event=present frame_id=1326 t_ns=40578836063000 presented=1 clock=monotonic
K230_CARD_BENCH v=1 run=40563581580240 event=input input_id=339 gesture_id=44 kind=motion t_ns=40578837589300 source=injected
K230_CARD_SHELL state mode=2 actions=1 message=0 cards=2
K230_CARD_BENCH v=1 run=40563581580240 event=input input_id=338 gesture_id=44 kind=motion t_ns=40578837046633 source=injected
K230_CARD_SHELL state mode=2 actions=1 message=0 cards=2
K230_CARD_BENCH v=1 run=40563581580240 event=input input_id=337 gesture_id=44 kind=motion t_ns=40578836392766 source=injected
K230_CARD_SHELL state mode=2 actions=1 message=0 cards=2
K230_CARD_SHELL frame-cost run=40563581580240 frame_id=1326 total_cpu_ns=21322600 render_cpu_ns=18440637 input_cpu_ns=2516892
K230_CARD_BENCH v=1 run=40563581580240 event=submit input_id=336 frame_id=1326 t_ns=40578829848648 update_cpu_ns=21322600 final=0
K230_CARD_BENCH v=1 run=40563581580240 event=submit input_id=335 frame_id=1326 t_ns=40578829848648 update_cpu_ns=21322600 final=0
K230_CARD_BENCH v=1 run=40563581580240 event=submit input_id=334 frame_id=1326 t_ns=40578829848648 update_cpu_ns=21322600 final=0
K230_CARD_BENCH v=1 run=40563581580240 event=submit input_id=333 frame_id=1326 t_ns=40578829848648 update_cpu_ns=21322600 final=0
K230_CARD_BENCH v=1 run=40563581580240 event=submit input_id=332 frame_id=1326 t_ns=40578829848648 update_cpu_ns=21322600 final=0
K230_CARD_BENCH v=1 run=40563581580240 event=present frame_id=1325 t_ns=40578797731000 presented=1 clock=monotonic
K230_CARD_BENCH v=1 run=40563581580240 event=input input_id=336 gesture_id=44 kind=motion t_ns=40578803897207 source=injected
K230_CARD_SHELL state mode=2 actions=1 message=0 cards=2
K230_CARD_BENCH v=1 run=40563581580240 event=input input_id=335 gesture_id=44 kind=motion t_ns=40578799452710 source=injected
K230_CARD_SHELL state mode=2 actions=1 message=0 cards=2
K230_CARD_BENCH v=1 run=40563581580240 event=input input_id=334 gesture_id=44 kind=motion t_ns=40578797394798 source=injected
K230_CARD_SHELL state mode=2 actions=1 message=0 cards=2
K230_CARD_BENCH v=1 run=40563581580240 event=input input_id=333 gesture_id=44 kind=motion t_ns=40578796886655 source=injected
K230_CARD_SHELL state mode=2 actions=1 message=0 cards=2
K230_CARD_BENCH v=1 run=40563581580240 event=input input_id=332 gesture_id=44 kind=motion t_ns=40578796344247 source=injected
K230_CARD_SHELL state mode=2 actions=1 message=0 cards=2
K230_CARD_SHELL frame-cost run=40563581580240 frame_id=1325 total_cpu_ns=18119539 render_cpu_ns=16778799 input_cpu_ns=1063814
K230_CARD_BENCH v=1 run=40563581580240 event=submit input_id=331 frame_id=1325 t_ns=40578786582948 update_cpu_ns=18119539 final=0
K230_CARD_BENCH v=1 run=40563581580240 event=submit input_id=330 frame_id=1325 t_ns=40578786582948 update_cpu_ns=18119539 final=0
K230_CARD_BENCH v=1 run=40563581580240 event=submit input_id=329 frame_id=1325 t_ns=40578786582948 update_cpu_ns=18119539 final=0
K230_CARD_BENCH v=1 run=40563581580240 event=present frame_id=1324 t_ns=40578759406000 presented=1 clock=monotonic
K230_CARD_BENCH v=1 run=40563581580240 event=input input_id=331 gesture_id=44 kind=motion t_ns=40578758983877 source=injected
K230_CARD_SHELL state mode=2 actions=1 message=0 cards=2
K230_CARD_BENCH v=1 run=40563581580240 event=input input_id=330 gesture_id=44 kind=motion t_ns=40578757691219 source=injected
K230_CARD_SHELL state mode=2 actions=1 message=0 cards=2
K230_CARD_BENCH v=1 run=40563581580240 event=input input_id=329 gesture_id=44 kind=motion t_ns=40578757187484 source=injected
K230_CARD_SHELL state mode=2 actions=1 message=0 cards=2
K230_CARD_SHELL frame-cost run=40563581580240 frame_id=1324 total_cpu_ns=15627189 render_cpu_ns=14737637 input_cpu_ns=676664
K230_CARD_BENCH v=1 run=40563581580240 event=submit input_id=328 frame_id=1324 t_ns=40578750486348 update_cpu_ns=15627189 final=0
K230_CARD_BENCH v=1 run=40563581580240 event=submit input_id=327 frame_id=1324 t_ns=40578750486348 update_cpu_ns=15627189 final=0
K230_CARD_BENCH v=1 run=40563581580240 event=present frame_id=1323 t_ns=40578721076000 presented=1 clock=monotonic
K230_CARD_BENCH v=1 run=40563581580240 event=input input_id=328 gesture_id=44 kind=motion t_ns=40578723756706 source=injected
K230_CARD_SHELL state mode=2 actions=1 message=0 cards=2
K230_CARD_BENCH v=1 run=40563581580240 event=input input_id=327 gesture_id=44 kind=motion t_ns=40578718745726 source=injected
K230_CARD_SHELL state mode=2 actions=1 message=0 cards=2
K230_CARD_BENCH v=1 run=40563581580240 event=present frame_id=1322 t_ns=40578701912000 presented=1 clock=monotonic
K230_CARD_SHELL state mode=2 actions=1 message=0 cards=2
K230_CARD_BENCH v=1 run=40563581580240 event=present frame_id=1321 t_ns=40578663582000 presented=1 clock=monotonic
K230_CARD_BENCH v=1 run=40563581580240 event=present frame_id=1320 t_ns=40578644419000 presented=1 clock=monotonic
K230_CARD_BENCH v=1 run=40563581580240 event=present frame_id=1319 t_ns=40578606091000 presented=1 clock=monotonic
K230_CARD_BENCH v=1 run=40563581580240 event=present frame_id=1318 t_ns=40578586927000 presented=1 clock=monotonic
K230_CARD_BENCH v=1 run=40563581580240 event=present frame_id=1317 t_ns=40578548600000 presented=1 clock=monotonic
K230_CARD_BENCH v=1 run=40563581580240 event=present frame_id=1316 t_ns=40578529436000 presented=1 clock=monotonic
K230_CARD_BENCH v=1 run=40563581580240 event=present frame_id=1315 t_ns=40578491107000 presented=1 clock=monotonic
K230_CARD_BENCH v=1 run=40563581580240 event=present frame_id=1314 t_ns=40578471944000 presented=1 clock=monotonic
K230_CARD_SHELL frame-cost run=40563581580240 frame_id=1314 total_cpu_ns=17507738 render_cpu_ns=14251517 input_cpu_ns=3020035
K230_CARD_BENCH v=1 run=40563581580240 event=submit input_id=326 frame_id=1314 t_ns=40578452987509 update_cpu_ns=17507738 final=1
K230_CARD_BENCH v=1 run=40563581580240 event=submit input_id=325 frame_id=1314 t_ns=40578452987509 update_cpu_ns=17507738 final=0
K230_CARD_BENCH v=1 run=40563581580240 event=present frame_id=1313 t_ns=40578414454000 presented=1 clock=monotonic
K230_CARD_BENCH v=1 run=40563581580240 event=input input_id=326 gesture_id=43 kind=release t_ns=40578420049428 source=injected
K230_CARD_SHELL state mode=1 actions=1 message=0 cards=2
K230_CARD_BENCH v=1 run=40563581580240 event=input input_id=325 gesture_id=43 kind=motion t_ns=40578416299287 source=injected
K230_CARD_SHELL state mode=2 actions=1 message=0 cards=2
K230_CARD_SHELL frame-cost run=40563581580240 frame_id=1313 total_cpu_ns=25060489 render_cpu_ns=20035572 input_cpu_ns=4109214
K230_CARD_BENCH v=1 run=40563581580240 event=submit input_id=324 frame_id=1313 t_ns=40578409672755 update_cpu_ns=25060489 final=0
K230_CARD_BENCH v=1 run=40563581580240 event=submit input_id=323 frame_id=1313 t_ns=40578409672755 update_cpu_ns=25060489 final=0
K230_CARD_BENCH v=1 run=40563581580240 event=submit input_id=322 frame_id=1313 t_ns=40578409672755 update_cpu_ns=25060489 final=0
K230_CARD_BENCH v=1 run=40563581580240 event=submit input_id=321 frame_id=1313 t_ns=40578409672755 update_cpu_ns=25060489 final=0
K230_CARD_BENCH v=1 run=40563581580240 event=submit input_id=320 frame_id=1313 t_ns=40578409672755 update_cpu_ns=25060489 final=0
K230_CARD_BENCH v=1 run=40563581580240 event=submit input_id=319 frame_id=1313 t_ns=40578409672755 update_cpu_ns=25060489 final=0
K230_CARD_BENCH v=1 run=40563581580240 event=submit input_id=318 frame_id=1313 t_ns=40578409672755 update_cpu_ns=25060489 final=0
K230_CARD_BENCH v=1 run=40563581580240 event=submit input_id=317 frame_id=1313 t_ns=40578409672755 update_cpu_ns=25060489 final=0
K230_CARD_BENCH v=1 run=40563581580240 event=present frame_id=1312 t_ns=40578356964000 presented=1 clock=monotonic
K230_CARD_BENCH v=1 run=40563581580240 event=input input_id=324 gesture_id=43 kind=motion t_ns=40578385830320 source=injected
K230_CARD_SHELL state mode=2 actions=1 message=0 cards=2
K230_CARD_BENCH v=1 run=40563581580240 event=input input_id=323 gesture_id=43 kind=motion t_ns=40578382842098 source=injected
K230_CARD_SHELL state mode=2 actions=1 message=0 cards=2
K230_CARD_SHELL live cards=2 commits=895 sampled=1756 frame-done=1760 output-presented=801
K230_CARD_BENCH v=1 run=40563581580240 event=input input_id=322 gesture_id=43 kind=motion t_ns=40578375368487 source=injected
K230_CARD_SHELL state mode=2 actions=1 message=0 cards=2
K230_CARD_BENCH v=1 run=40563581580240 event=input input_id=321 gesture_id=43 kind=motion t_ns=40578369349408 source=injected
K230_CARD_SHELL state mode=2 actions=1 message=0 cards=2
K230_CARD_BENCH v=1 run=40563581580240 event=input input_id=320 gesture_id=43 kind=motion t_ns=40578367651324 source=injected
K230_CARD_SHELL state mode=2 actions=1 message=0 cards=2
K230_CARD_BENCH v=1 run=40563581580240 event=input input_id=319 gesture_id=43 kind=motion t_ns=40578361556049 source=injected
K230_CARD_SHELL state mode=2 actions=1 message=0 cards=2
K230_CARD_BENCH v=1 run=40563581580240 event=input input_id=318 gesture_id=43 kind=motion t_ns=40578361009975 source=injected
K230_CARD_SHELL state mode=2 actions=1 message=0 cards=2
K230_CARD_BENCH v=1 run=40563581580240 event=input input_id=317 gesture_id=43 kind=motion t_ns=40578356874596 source=injected
K230_CARD_SHELL state mode=2 actions=1 message=0 cards=2
K230_CARD_SHELL frame-cost run=40563581580240 frame_id=1312 total_cpu_ns=21113427 render_cpu_ns=19124982 input_cpu_ns=1677072
K230_CARD_BENCH v=1 run=40563581580240 event=submit input_id=316 frame_id=1312 t_ns=40578350068780 update_cpu_ns=21113427 final=0
K230_CARD_BENCH v=1 run=40563581580240 event=submit input_id=315 frame_id=1312 t_ns=40578350068780 update_cpu_ns=21113427 final=0
K230_CARD_BENCH v=1 run=40563581580240 event=submit input_id=314 frame_id=1312 t_ns=40578350068780 update_cpu_ns=21113427 final=0
K230_CARD_BENCH v=1 run=40563581580240 event=submit input_id=313 frame_id=1312 t_ns=40578350068780 update_cpu_ns=21113427 final=0
K230_CARD_BENCH v=1 run=40563581580240 event=present frame_id=1311 t_ns=40578299470000 presented=1 clock=monotonic
K230_CARD_BENCH v=1 run=40563581580240 event=input input_id=316 gesture_id=43 kind=motion t_ns=40578295619138 source=injected
K230_CARD_SHELL state mode=2 actions=1 message=0 cards=2
K230_CARD_BENCH v=1 run=40563581580240 event=input input_id=315 gesture_id=43 kind=motion t_ns=40578290863008 source=injected
K230_CARD_SHELL state mode=2 actions=1 message=0 cards=2
K230_CARD_BENCH v=1 run=40563581580240 event=input input_id=314 gesture_id=43 kind=motion t_ns=40578290307154 source=injected
K230_CARD_SHELL state mode=2 actions=1 message=0 cards=2
K230_CARD_BENCH v=1 run=40563581580240 event=input input_id=313 gesture_id=43 kind=motion t_ns=40578288680525 source=injected
K230_CARD_SHELL state mode=2 actions=1 message=0 cards=2
K230_CARD_SHELL frame-cost run=40563581580240 frame_id=1311 total_cpu_ns=20090936 render_cpu_ns=17146600 input_cpu_ns=2609965
K230_CARD_BENCH v=1 run=40563581580240 event=submit input_id=312 frame_id=1311 t_ns=40578280463554 update_cpu_ns=20090936 final=0
K230_CARD_BENCH v=1 run=40563581580240 event=submit input_id=311 frame_id=1311 t_ns=40578280463554 update_cpu_ns=20090936 final=0
K230_CARD_BENCH v=1 run=40563581580240 event=submit input_id=310 frame_id=1311 t_ns=40578280463554 update_cpu_ns=20090936 final=0
K230_CARD_BENCH v=1 run=40563581580240 event=submit input_id=309 frame_id=1311 t_ns=40578280463554 update_cpu_ns=20090936 final=0
K230_CARD_BENCH v=1 run=40563581580240 event=submit input_id=308 frame_id=1311 t_ns=40578280463554 update_cpu_ns=20090936 final=0
K230_CARD_BENCH v=1 run=40563581580240 event=submit input_id=307 frame_id=1311 t_ns=40578280463554 update_cpu_ns=20090936 final=0
K230_CARD_BENCH v=1 run=40563581580240 event=present frame_id=1310 t_ns=40578261142000 presented=1 clock=monotonic
K230_CARD_BENCH v=1 run=40563581580240 event=input input_id=312 gesture_id=43 kind=motion t_ns=40578255359503 source=injected
K230_CARD_SHELL state mode=2 actions=1 message=0 cards=2
K230_CARD_BENCH v=1 run=40563581580240 event=input input_id=311 gesture_id=43 kind=motion t_ns=40578251734490 source=injected
K230_CARD_SHELL state mode=2 actions=1 message=0 cards=2
K230_CARD_BENCH v=1 run=40563581580240 event=input input_id=310 gesture_id=43 kind=motion t_ns=40578251262352 source=injected
K230_CARD_SHELL state mode=2 actions=1 message=0 cards=2
K230_CARD_BENCH v=1 run=40563581580240 event=input input_id=309 gesture_id=43 kind=motion t_ns=40578250045260 source=injected
K230_CARD_SHELL state mode=2 actions=1 message=0 cards=2
K230_CARD_BENCH v=1 run=40563581580240 event=input input_id=308 gesture_id=43 kind=motion t_ns=40578249500853 source=injected
K230_CARD_SHELL state mode=2 actions=1 message=0 cards=2
K230_CARD_BENCH v=1 run=40563581580240 event=input input_id=307 gesture_id=43 kind=motion t_ns=40578248209825 source=injected
K230_CARD_SHELL state mode=2 actions=1 message=0 cards=2
K230_CARD_BENCH v=1 run=40563581580240 event=present frame_id=1309 t_ns=40578222813000 presented=1 clock=monotonic
K230_CARD_SHELL frame-cost run=40563581580240 frame_id=1309 total_cpu_ns=14669559 render_cpu_ns=14068077 input_cpu_ns=460222
K230_CARD_BENCH v=1 run=40563581580240 event=submit input_id=306 frame_id=1309 t_ns=40578220107106 update_cpu_ns=14669559 final=0
K230_CARD_BENCH v=1 run=40563581580240 event=present frame_id=1308 t_ns=40578203650000 presented=1 clock=monotonic
K230_CARD_BENCH v=1 run=40563581580240 event=input input_id=306 gesture_id=43 kind=motion t_ns=40578195440634 source=injected
K230_CARD_SHELL state mode=2 actions=1 message=0 cards=2
K230_CARD_SHELL state mode=2 actions=1 message=0 cards=2
K230_CARD_BENCH v=1 run=40563581580240 event=present frame_id=1307 t_ns=40578165323000 presented=1 clock=monotonic
K230_CARD_BENCH v=1 run=40563581580240 event=present frame_id=1306 t_ns=40578146159000 presented=1 clock=monotonic
K230_CARD_BENCH v=1 run=40563581580240 event=present frame_id=1305 t_ns=40578107830000 presented=1 clock=monotonic
K230_CARD_BENCH v=1 run=40563581580240 event=present frame_id=1304 t_ns=40578088668000 presented=1 clock=monotonic
K230_CARD_BENCH v=1 run=40563581580240 event=present frame_id=1303 t_ns=40578050340000 presented=1 clock=monotonic
K230_CARD_BENCH v=1 run=40563581580240 event=present frame_id=1302 t_ns=40578031176000 presented=1 clock=monotonic
K230_CARD_BENCH v=1 run=40563581580240 event=present frame_id=1301 t_ns=40577992848000 presented=1 clock=monotonic
K230_CARD_BENCH v=1 run=40563581580240 event=present frame_id=1300 t_ns=40577973684000 presented=1 clock=monotonic
K230_CARD_BENCH v=1 run=40563581580240 event=present frame_id=1299 t_ns=40577935355000 presented=1 clock=monotonic
K230_CARD_BENCH v=1 run=40563581580240 event=present frame_id=1298 t_ns=40577916193000 presented=1 clock=monotonic
K230_CARD_SHELL frame-cost run=40563581580240 frame_id=1298 total_cpu_ns=19669836 render_cpu_ns=14441361 input_cpu_ns=4251438
K230_CARD_BENCH v=1 run=40563581580240 event=submit input_id=305 frame_id=1298 t_ns=40577901113412 update_cpu_ns=19669836 final=1
K230_CARD_BENCH v=1 run=40563581580240 event=submit input_id=304 frame_id=1298 t_ns=40577901113412 update_cpu_ns=19669836 final=0
K230_CARD_BENCH v=1 run=40563581580240 event=submit input_id=303 frame_id=1298 t_ns=40577901113412 update_cpu_ns=19669836 final=0
K230_CARD_BENCH v=1 run=40563581580240 event=submit input_id=302 frame_id=1298 t_ns=40577901113412 update_cpu_ns=19669836 final=0
K230_CARD_BENCH v=1 run=40563581580240 event=present frame_id=1297 t_ns=40577877867000 presented=1 clock=monotonic
K230_CARD_BENCH v=1 run=40563581580240 event=input input_id=305 gesture_id=42 kind=release t_ns=40577879906337 source=injected
K230_CARD_SHELL state mode=1 actions=1 message=0 cards=2
K230_CARD_BENCH v=1 run=40563581580240 event=input input_id=304 gesture_id=42 kind=motion t_ns=40577879134417 source=injected
K230_CARD_SHELL state mode=2 actions=1 message=0 cards=2
K230_CARD_BENCH v=1 run=40563581580240 event=input input_id=303 gesture_id=42 kind=motion t_ns=40577877012498 source=injected
K230_CARD_SHELL state mode=2 actions=1 message=0 cards=2
K230_CARD_BENCH v=1 run=40563581580240 event=input input_id=302 gesture_id=42 kind=motion t_ns=40577874846277 source=injected
K230_CARD_SHELL state mode=2 actions=1 message=0 cards=2
K230_CARD_BENCH v=1 run=40563581580240 event=resource phase=active t_ns=40577874073060 cpu_ns=29060861000 memory_bytes=27619328 scope=session
K230_CARD_BENCH v=1 run=40563581580240 event=resource phase=active t_ns=40577874073060 cpu_ns=17962101979 memory_bytes=34349056 scope=compositor
K230_CARD_SHELL frame-cost run=40563581580240 frame_id=1297 total_cpu_ns=24484918 render_cpu_ns=19937108 input_cpu_ns=4132213
K230_CARD_BENCH v=1 run=40563581580240 event=submit input_id=301 frame_id=1297 t_ns=40577869922643 update_cpu_ns=24484918 final=0
K230_CARD_BENCH v=1 run=40563581580240 event=submit input_id=300 frame_id=1297 t_ns=40577869922643 update_cpu_ns=24484918 final=0
K230_CARD_BENCH v=1 run=40563581580240 event=submit input_id=299 frame_id=1297 t_ns=40577869922643 update_cpu_ns=24484918 final=0
K230_CARD_BENCH v=1 run=40563581580240 event=submit input_id=298 frame_id=1297 t_ns=40577869922643 update_cpu_ns=24484918 final=0
K230_CARD_BENCH v=1 run=40563581580240 event=submit input_id=297 frame_id=1297 t_ns=40577869922643 update_cpu_ns=24484918 final=0
K230_CARD_BENCH v=1 run=40563581580240 event=submit input_id=296 frame_id=1297 t_ns=40577869922643 update_cpu_ns=24484918 final=0
K230_CARD_BENCH v=1 run=40563581580240 event=submit input_id=295 frame_id=1297 t_ns=40577869922643 update_cpu_ns=24484918 final=0
K230_CARD_BENCH v=1 run=40563581580240 event=submit input_id=294 frame_id=1297 t_ns=40577869922643 update_cpu_ns=24484918 final=0
K230_CARD_BENCH v=1 run=40563581580240 event=present frame_id=1296 t_ns=40577820378000 presented=1 clock=monotonic
K230_CARD_BENCH v=1 run=40563581580240 event=input input_id=301 gesture_id=42 kind=motion t_ns=40577836859656 source=injected
K230_CARD_SHELL state mode=2 actions=1 message=0 cards=2
K230_CARD_BENCH v=1 run=40563581580240 event=input input_id=300 gesture_id=42 kind=motion t_ns=40577836140373 source=injected
K230_CARD_SHELL state mode=2 actions=1 message=0 cards=2
K230_CARD_BENCH v=1 run=40563581580240 event=input input_id=299 gesture_id=42 kind=motion t_ns=40577835247325 source=injected
K230_CARD_SHELL state mode=2 actions=1 message=0 cards=2
K230_CARD_BENCH v=1 run=40563581580240 event=input input_id=298 gesture_id=42 kind=motion t_ns=40577832258769 source=injected
K230_CARD_SHELL state mode=2 actions=1 message=0 cards=2
K230_CARD_BENCH v=1 run=40563581580240 event=input input_id=297 gesture_id=42 kind=motion t_ns=40577825998361 source=injected
K230_CARD_SHELL state mode=2 actions=1 message=0 cards=2
K230_CARD_BENCH v=1 run=40563581580240 event=input input_id=296 gesture_id=42 kind=motion t_ns=40577825441878 source=injected
K230_CARD_SHELL state mode=2 actions=1 message=0 cards=2
K230_CARD_BENCH v=1 run=40563581580240 event=input input_id=295 gesture_id=42 kind=motion t_ns=40577824361101 source=injected
K230_CARD_SHELL state mode=2 actions=1 message=0 cards=2
K230_CARD_BENCH v=1 run=40563581580240 event=input input_id=294 gesture_id=42 kind=motion t_ns=40577820579437 source=injected
K230_CARD_SHELL state mode=2 actions=1 message=0 cards=2
K230_CARD_SHELL frame-cost run=40563581580240 frame_id=1296 total_cpu_ns=21833940 render_cpu_ns=18732975 input_cpu_ns=2834261
K230_CARD_BENCH v=1 run=40563581580240 event=submit input_id=293 frame_id=1296 t_ns=40577813563444 update_cpu_ns=21833940 final=0
K230_CARD_BENCH v=1 run=40563581580240 event=submit input_id=292 frame_id=1296 t_ns=40577813563444 update_cpu_ns=21833940 final=0
K230_CARD_BENCH v=1 run=40563581580240 event=submit input_id=291 frame_id=1296 t_ns=40577813563444 update_cpu_ns=21833940 final=0
K230_CARD_BENCH v=1 run=40563581580240 event=submit input_id=290 frame_id=1296 t_ns=40577813563444 update_cpu_ns=21833940 final=0
K230_CARD_BENCH v=1 run=40563581580240 event=submit input_id=289 frame_id=1296 t_ns=40577813563444 update_cpu_ns=21833940 final=0
K230_CARD_BENCH v=1 run=40563581580240 event=submit input_id=288 frame_id=1296 t_ns=40577813563444 update_cpu_ns=21833940 final=0
K230_CARD_BENCH v=1 run=40563581580240 event=submit input_id=287 frame_id=1296 t_ns=40577813563444 update_cpu_ns=21833940 final=0
K230_CARD_BENCH v=1 run=40563581580240 event=present frame_id=1295 t_ns=40577762884000 presented=1 clock=monotonic
K230_CARD_BENCH v=1 run=40563581580240 event=input input_id=293 gesture_id=42 kind=motion t_ns=40577755596769 source=injected
K230_CARD_SHELL state mode=2 actions=1 message=0 cards=2
K230_CARD_BENCH v=1 run=40563581580240 event=input input_id=292 gesture_id=42 kind=motion t_ns=40577754440724 source=injected
K230_CARD_SHELL state mode=2 actions=1 message=0 cards=2
K230_CARD_BENCH v=1 run=40563581580240 event=input input_id=291 gesture_id=42 kind=motion t_ns=40577753957028 source=injected
K230_CARD_SHELL state mode=2 actions=1 message=0 cards=2
K230_CARD_BENCH v=1 run=40563581580240 event=input input_id=290 gesture_id=42 kind=motion t_ns=40577753510412 source=injected
K230_CARD_SHELL state mode=2 actions=1 message=0 cards=2
K230_CARD_BENCH v=1 run=40563581580240 event=input input_id=289 gesture_id=42 kind=motion t_ns=40577753067093 source=injected
K230_CARD_SHELL state mode=2 actions=1 message=0 cards=2
K230_CARD_BENCH v=1 run=40563581580240 event=input input_id=288 gesture_id=42 kind=motion t_ns=40577752613809 source=injected
K230_CARD_SHELL state mode=2 actions=1 message=0 cards=2
K230_CARD_BENCH v=1 run=40563581580240 event=input input_id=287 gesture_id=42 kind=motion t_ns=40577746347218 source=injected
K230_CARD_SHELL state mode=2 actions=1 message=0 cards=2
K230_CARD_BENCH v=1 run=40563581580240 event=present frame_id=1294 t_ns=40577705392000 presented=1 clock=monotonic
K230_CARD_SHELL frame-cost run=40563581580240 frame_id=1294 total_cpu_ns=15891001 render_cpu_ns=14682223 input_cpu_ns=911037
K230_CARD_BENCH v=1 run=40563581580240 event=submit input_id=286 frame_id=1294 t_ns=40577704553771 update_cpu_ns=15891001 final=0
K230_CARD_BENCH v=1 run=40563581580240 event=submit input_id=285 frame_id=1294 t_ns=40577704553771 update_cpu_ns=15891001 final=0
K230_CARD_BENCH v=1 run=40563581580240 event=present frame_id=1293 t_ns=40577686232000 presented=1 clock=monotonic
K230_CARD_BENCH v=1 run=40563581580240 event=input input_id=286 gesture_id=42 kind=motion t_ns=40577685241114 source=injected
K230_CARD_SHELL state mode=2 actions=1 message=0 cards=2
K230_CARD_BENCH v=1 run=40563581580240 event=input input_id=285 gesture_id=42 kind=motion t_ns=40577675334770 source=injected
K230_CARD_SHELL state mode=2 actions=1 message=0 cards=2
K230_CARD_SHELL state mode=2 actions=1 message=0 cards=2
K230_CARD_BENCH v=1 run=40563581580240 event=present frame_id=1292 t_ns=40577647899000 presented=1 clock=monotonic
K230_CARD_BENCH v=1 run=40563581580240 event=present frame_id=1291 t_ns=40577609572000 presented=1 clock=monotonic
K230_CARD_BENCH v=1 run=40563581580240 event=present frame_id=1290 t_ns=40577590408000 presented=1 clock=monotonic
K230_CARD_BENCH v=1 run=40563581580240 event=present frame_id=1289 t_ns=40577552081000 presented=1 clock=monotonic
K230_CARD_BENCH v=1 run=40563581580240 event=present frame_id=1288 t_ns=40577532916000 presented=1 clock=monotonic
K230_CARD_BENCH v=1 run=40563581580240 event=present frame_id=1287 t_ns=40577494587000 presented=1 clock=monotonic
K230_CARD_BENCH v=1 run=40563581580240 event=present frame_id=1286 t_ns=40577475424000 presented=1 clock=monotonic
K230_CARD_BENCH v=1 run=40563581580240 event=present frame_id=1285 t_ns=40577437098000 presented=1 clock=monotonic
K230_CARD_SHELL frame-cost run=40563581580240 frame_id=1285 total_cpu_ns=17673858 render_cpu_ns=14217452 input_cpu_ns=3107886
K230_CARD_BENCH v=1 run=40563581580240 event=submit input_id=284 frame_id=1285 t_ns=40577433539080 update_cpu_ns=17673858 final=1
K230_CARD_BENCH v=1 run=40563581580240 event=submit input_id=283 frame_id=1285 t_ns=40577433539080 update_cpu_ns=17673858 final=0
K230_CARD_BENCH v=1 run=40563581580240 event=present frame_id=1284 t_ns=40577417933000 presented=1 clock=monotonic
K230_CARD_BENCH v=1 run=40563581580240 event=input input_id=284 gesture_id=41 kind=release t_ns=40577403055907 source=injected
K230_CARD_SHELL state mode=1 actions=1 message=0 cards=2
K230_CARD_BENCH v=1 run=40563581580240 event=input input_id=283 gesture_id=41 kind=motion t_ns=40577402430045 source=injected
K230_CARD_SHELL state mode=2 actions=1 message=0 cards=2
K230_CARD_BENCH v=1 run=40563581580240 event=present frame_id=1283 t_ns=40577379606000 presented=1 clock=monotonic
K230_CARD_SHELL frame-cost run=40563581580240 frame_id=1283 total_cpu_ns=22265802 render_cpu_ns=20039435 input_cpu_ns=1950516
K230_CARD_BENCH v=1 run=40563581580240 event=submit input_id=282 frame_id=1283 t_ns=40577378519616 update_cpu_ns=22265802 final=0
K230_CARD_BENCH v=1 run=40563581580240 event=submit input_id=281 frame_id=1283 t_ns=40577378519616 update_cpu_ns=22265802 final=0
K230_CARD_BENCH v=1 run=40563581580240 event=submit input_id=280 frame_id=1283 t_ns=40577378519616 update_cpu_ns=22265802 final=0
K230_CARD_BENCH v=1 run=40563581580240 event=submit input_id=279 frame_id=1283 t_ns=40577378519616 update_cpu_ns=22265802 final=0
K230_CARD_BENCH v=1 run=40563581580240 event=present frame_id=1282 t_ns=40577341278000 presented=1 clock=monotonic
K230_CARD_BENCH v=1 run=40563581580240 event=input input_id=282 gesture_id=41 kind=motion t_ns=40577341368835 source=injected
K230_CARD_SHELL state mode=2 actions=1 message=0 cards=2
K230_CARD_BENCH v=1 run=40563581580240 event=input input_id=281 gesture_id=41 kind=motion t_ns=40577337331880 source=injected
K230_CARD_SHELL state mode=2 actions=1 message=0 cards=2
K230_CARD_BENCH v=1 run=40563581580240 event=input input_id=280 gesture_id=41 kind=motion t_ns=40577332832048 source=injected
K230_CARD_SHELL state mode=2 actions=1 message=0 cards=2
K230_CARD_BENCH v=1 run=40563581580240 event=input input_id=279 gesture_id=41 kind=motion t_ns=40577332187442 source=injected
K230_CARD_SHELL state mode=2 actions=1 message=0 cards=2
K230_CARD_SHELL frame-cost run=40563581580240 frame_id=1282 total_cpu_ns=22360778 render_cpu_ns=19940963 input_cpu_ns=1775666
K230_CARD_BENCH v=1 run=40563581580240 event=submit input_id=278 frame_id=1282 t_ns=40577327903490 update_cpu_ns=22360778 final=0
K230_CARD_BENCH v=1 run=40563581580240 event=submit input_id=277 frame_id=1282 t_ns=40577327903490 update_cpu_ns=22360778 final=0
K230_CARD_BENCH v=1 run=40563581580240 event=submit input_id=276 frame_id=1282 t_ns=40577327903490 update_cpu_ns=22360778 final=0
K230_CARD_BENCH v=1 run=40563581580240 event=submit input_id=275 frame_id=1282 t_ns=40577327903490 update_cpu_ns=22360778 final=0
K230_CARD_BENCH v=1 run=40563581580240 event=present frame_id=1281 t_ns=40577302953000 presented=1 clock=monotonic
K230_CARD_BENCH v=1 run=40563581580240 event=input input_id=278 gesture_id=41 kind=motion t_ns=40577301294288 source=injected
K230_CARD_SHELL state mode=2 actions=1 message=0 cards=2
K230_CARD_BENCH v=1 run=40563581580240 event=input input_id=277 gesture_id=41 kind=motion t_ns=40577300739879 source=injected
K230_CARD_SHELL state mode=2 actions=1 message=0 cards=2
K230_CARD_BENCH v=1 run=40563581580240 event=input input_id=276 gesture_id=41 kind=motion t_ns=40577300202065 source=injected
K230_CARD_SHELL state mode=2 actions=1 message=0 cards=2
K230_CARD_BENCH v=1 run=40563581580240 event=input input_id=275 gesture_id=41 kind=motion t_ns=40577299522047 source=injected
K230_CARD_SHELL state mode=2 actions=1 message=0 cards=2
K230_CARD_SHELL frame-cost run=40563581580240 frame_id=1281 total_cpu_ns=22807622 render_cpu_ns=18671844 input_cpu_ns=3673410
K230_CARD_BENCH v=1 run=40563581580240 event=submit input_id=274 frame_id=1281 t_ns=40577296238935 update_cpu_ns=22807622 final=0
K230_CARD_BENCH v=1 run=40563581580240 event=submit input_id=273 frame_id=1281 t_ns=40577296238935 update_cpu_ns=22807622 final=0
K230_CARD_BENCH v=1 run=40563581580240 event=submit input_id=272 frame_id=1281 t_ns=40577296238935 update_cpu_ns=22807622 final=0
K230_CARD_BENCH v=1 run=40563581580240 event=submit input_id=271 frame_id=1281 t_ns=40577296238935 update_cpu_ns=22807622 final=0
K230_CARD_BENCH v=1 run=40563581580240 event=submit input_id=270 frame_id=1281 t_ns=40577296238935 update_cpu_ns=22807622 final=0
K230_CARD_BENCH v=1 run=40563581580240 event=submit input_id=269 frame_id=1281 t_ns=40577296238935 update_cpu_ns=22807622 final=0
K230_CARD_BENCH v=1 run=40563581580240 event=submit input_id=268 frame_id=1281 t_ns=40577296238935 update_cpu_ns=22807622 final=0
K230_CARD_BENCH v=1 run=40563581580240 event=submit input_id=267 frame_id=1281 t_ns=40577296238935 update_cpu_ns=22807622 final=0
K230_CARD_BENCH v=1 run=40563581580240 event=submit input_id=266 frame_id=1281 t_ns=40577296238935 update_cpu_ns=22807622 final=0
K230_CARD_BENCH v=1 run=40563581580240 event=present frame_id=1280 t_ns=40577264623000 presented=1 clock=monotonic
K230_CARD_BENCH v=1 run=40563581580240 event=input input_id=274 gesture_id=41 kind=motion t_ns=40577273061087 source=injected
K230_CARD_SHELL state mode=2 actions=1 message=0 cards=2
K230_CARD_BENCH v=1 run=40563581580240 event=input input_id=273 gesture_id=41 kind=motion t_ns=40577272516828 source=injected
K230_CARD_SHELL state mode=2 actions=1 message=0 cards=2
K230_CARD_BENCH v=1 run=40563581580240 event=input input_id=272 gesture_id=41 kind=motion t_ns=40577270863789 source=injected
K230_CARD_SHELL state mode=2 actions=1 message=0 cards=2
K230_CARD_BENCH v=1 run=40563581580240 event=input input_id=271 gesture_id=41 kind=motion t_ns=40577270314789 source=injected
K230_CARD_SHELL state mode=2 actions=1 message=0 cards=2
K230_CARD_BENCH v=1 run=40563581580240 event=input input_id=270 gesture_id=41 kind=motion t_ns=40577268744724 source=injected
K230_CARD_SHELL state mode=2 actions=1 message=0 cards=2
K230_CARD_BENCH v=1 run=40563581580240 event=input input_id=269 gesture_id=41 kind=motion t_ns=40577268264992 source=injected
K230_CARD_SHELL state mode=2 actions=1 message=0 cards=2
K230_CARD_BENCH v=1 run=40563581580240 event=input input_id=268 gesture_id=41 kind=motion t_ns=40577266665034 source=injected
K230_CARD_SHELL state mode=2 actions=1 message=0 cards=2
K230_CARD_BENCH v=1 run=40563581580240 event=input input_id=267 gesture_id=41 kind=motion t_ns=40577266183599 source=injected
K230_CARD_SHELL state mode=2 actions=1 message=0 cards=2
K230_CARD_BENCH v=1 run=40563581580240 event=input input_id=266 gesture_id=41 kind=motion t_ns=40577264388540 source=injected
K230_CARD_SHELL state mode=2 actions=1 message=0 cards=2
K230_CARD_BENCH v=1 run=40563581580240 event=present frame_id=1279 t_ns=40577207132000 presented=1 clock=monotonic
K230_CARD_SHELL frame-cost run=40563581580240 frame_id=1279 total_cpu_ns=16012503 render_cpu_ns=14924950 input_cpu_ns=772591
K230_CARD_BENCH v=1 run=40563581580240 event=submit input_id=265 frame_id=1279 t_ns=40577203066333 update_cpu_ns=16012503 final=0
K230_CARD_BENCH v=1 run=40563581580240 event=submit input_id=264 frame_id=1279 t_ns=40577203066333 update_cpu_ns=16012503 final=0
K230_CARD_BENCH v=1 run=40563581580240 event=present frame_id=1278 t_ns=40577168803000 presented=1 clock=monotonic
K230_CARD_BENCH v=1 run=40563581580240 event=input input_id=265 gesture_id=41 kind=motion t_ns=40577165368256 source=injected
K230_CARD_SHELL state mode=2 actions=1 message=0 cards=2
K230_CARD_BENCH v=1 run=40563581580240 event=input input_id=264 gesture_id=41 kind=motion t_ns=40577155566963 source=injected
K230_CARD_SHELL state mode=2 actions=1 message=0 cards=2
K230_CARD_SHELL state mode=2 actions=1 message=0 cards=2
K230_CARD_BENCH v=1 run=40563581580240 event=present frame_id=1277 t_ns=40577130476000 presented=1 clock=monotonic
K230_CARD_BENCH v=1 run=40563581580240 event=present frame_id=1276 t_ns=40577092147000 presented=1 clock=monotonic
K230_CARD_BENCH v=1 run=40563581580240 event=present frame_id=1275 t_ns=40577072984000 presented=1 clock=monotonic
K230_CARD_BENCH v=1 run=40563581580240 event=present frame_id=1274 t_ns=40577034655000 presented=1 clock=monotonic
K230_CARD_BENCH v=1 run=40563581580240 event=present frame_id=1273 t_ns=40577015493000 presented=1 clock=monotonic
K230_CARD_BENCH v=1 run=40563581580240 event=present frame_id=1272 t_ns=40576977165000 presented=1 clock=monotonic
K230_CARD_BENCH v=1 run=40563581580240 event=present frame_id=1271 t_ns=40576958001000 presented=1 clock=monotonic
K230_CARD_BENCH v=1 run=40563581580240 event=present frame_id=1270 t_ns=40576919672000 presented=1 clock=monotonic
K230_CARD_BENCH v=1 run=40563581580240 event=present frame_id=1269 t_ns=40576900510000 presented=1 clock=monotonic
K230_CARD_BENCH v=1 run=40563581580240 event=present frame_id=1268 t_ns=40576862183000 presented=1 clock=monotonic
K230_CARD_SHELL frame-cost run=40563581580240 frame_id=1268 total_cpu_ns=20112408 render_cpu_ns=14183371 input_cpu_ns=4769516
K230_CARD_BENCH v=1 run=40563581580240 event=submit input_id=263 frame_id=1268 t_ns=40576858717249 update_cpu_ns=20112408 final=1
K230_CARD_BENCH v=1 run=40563581580240 event=submit input_id=262 frame_id=1268 t_ns=40576858717249 update_cpu_ns=20112408 final=0
K230_CARD_BENCH v=1 run=40563581580240 event=submit input_id=261 frame_id=1268 t_ns=40576858717249 update_cpu_ns=20112408 final=0
K230_CARD_BENCH v=1 run=40563581580240 event=submit input_id=260 frame_id=1268 t_ns=40576858717249 update_cpu_ns=20112408 final=0
K230_CARD_BENCH v=1 run=40563581580240 event=submit input_id=259 frame_id=1268 t_ns=40576858717249 update_cpu_ns=20112408 final=0
K230_CARD_BENCH v=1 run=40563581580240 event=present frame_id=1267 t_ns=40576843018000 presented=1 clock=monotonic
K230_CARD_BENCH v=1 run=40563581580240 event=input input_id=263 gesture_id=40 kind=release t_ns=40576832917897 source=injected
K230_CARD_SHELL state mode=1 actions=1 message=0 cards=2
K230_CARD_BENCH v=1 run=40563581580240 event=input input_id=262 gesture_id=40 kind=motion t_ns=40576831298270 source=injected
K230_CARD_SHELL state mode=2 actions=1 message=0 cards=2
K230_CARD_BENCH v=1 run=40563581580240 event=input input_id=261 gesture_id=40 kind=motion t_ns=40576829869150 source=injected
K230_CARD_SHELL state mode=2 actions=1 message=0 cards=2
K230_CARD_BENCH v=1 run=40563581580240 event=input input_id=260 gesture_id=40 kind=motion t_ns=40576828284824 source=injected
K230_CARD_SHELL state mode=2 actions=1 message=0 cards=2
K230_CARD_BENCH v=1 run=40563581580240 event=input input_id=259 gesture_id=40 kind=motion t_ns=40576827414150 source=injected
K230_CARD_SHELL state mode=2 actions=1 message=0 cards=2
K230_CARD_BENCH v=1 run=40563581580240 event=resource phase=active t_ns=40576825300789 cpu_ns=28356066000 memory_bytes=27611136 scope=session
K230_CARD_BENCH v=1 run=40563581580240 event=resource phase=active t_ns=40576825300789 cpu_ns=17442823251 memory_bytes=34349056 scope=compositor
K230_CARD_SHELL frame-cost run=40563581580240 frame_id=1267 total_cpu_ns=22498343 render_cpu_ns=19858533 input_cpu_ns=2352032
K230_CARD_BENCH v=1 run=40563581580240 event=submit input_id=258 frame_id=1267 t_ns=40576823786769 update_cpu_ns=22498343 final=0
K230_CARD_BENCH v=1 run=40563581580240 event=submit input_id=257 frame_id=1267 t_ns=40576823786769 update_cpu_ns=22498343 final=0
K230_CARD_BENCH v=1 run=40563581580240 event=submit input_id=256 frame_id=1267 t_ns=40576823786769 update_cpu_ns=22498343 final=0
K230_CARD_BENCH v=1 run=40563581580240 event=submit input_id=255 frame_id=1267 t_ns=40576823786769 update_cpu_ns=22498343 final=0
K230_CARD_BENCH v=1 run=40563581580240 event=present frame_id=1266 t_ns=40576785531000 presented=1 clock=monotonic
K230_CARD_BENCH v=1 run=40563581580240 event=input input_id=258 gesture_id=40 kind=motion t_ns=40576785382708 source=injected
K230_CARD_SHELL state mode=2 actions=1 message=0 cards=2
K230_CARD_BENCH v=1 run=40563581580240 event=input input_id=257 gesture_id=40 kind=motion t_ns=40576784123833 source=injected
K230_CARD_SHELL state mode=2 actions=1 message=0 cards=2
K230_CARD_BENCH v=1 run=40563581580240 event=input input_id=256 gesture_id=40 kind=motion t_ns=40576781034451 source=injected
K230_CARD_SHELL state mode=2 actions=1 message=0 cards=2
K230_CARD_BENCH v=1 run=40563581580240 event=input input_id=255 gesture_id=40 kind=motion t_ns=40576780331245 source=injected
K230_CARD_SHELL state mode=2 actions=1 message=0 cards=2
K230_CARD_SHELL frame-cost run=40563581580240 frame_id=1266 total_cpu_ns=22514153 render_cpu_ns=19542007 input_cpu_ns=2725295
K230_CARD_BENCH v=1 run=40563581580240 event=submit input_id=254 frame_id=1266 t_ns=40576769675206 update_cpu_ns=22514153 final=0
K230_CARD_BENCH v=1 run=40563581580240 event=submit input_id=253 frame_id=1266 t_ns=40576769675206 update_cpu_ns=22514153 final=0
K230_CARD_BENCH v=1 run=40563581580240 event=submit input_id=252 frame_id=1266 t_ns=40576769675206 update_cpu_ns=22514153 final=0
K230_CARD_BENCH v=1 run=40563581580240 event=submit input_id=251 frame_id=1266 t_ns=40576769675206 update_cpu_ns=22514153 final=0
K230_CARD_BENCH v=1 run=40563581580240 event=submit input_id=250 frame_id=1266 t_ns=40576769675206 update_cpu_ns=22514153 final=0
K230_CARD_BENCH v=1 run=40563581580240 event=present frame_id=1265 t_ns=40576747199000 presented=1 clock=monotonic
K230_CARD_BENCH v=1 run=40563581580240 event=input input_id=254 gesture_id=40 kind=motion t_ns=40576744614409 source=injected
K230_CARD_SHELL state mode=2 actions=1 message=0 cards=2
K230_CARD_BENCH v=1 run=40563581580240 event=input input_id=253 gesture_id=40 kind=motion t_ns=40576738627786 source=injected
K230_CARD_SHELL state mode=2 actions=1 message=0 cards=2
K230_CARD_BENCH v=1 run=40563581580240 event=input input_id=252 gesture_id=40 kind=motion t_ns=40576734842201 source=injected
K230_CARD_SHELL state mode=2 actions=1 message=0 cards=2
K230_CARD_BENCH v=1 run=40563581580240 event=input input_id=251 gesture_id=40 kind=motion t_ns=40576732196028 source=injected
K230_CARD_SHELL state mode=2 actions=1 message=0 cards=2
K230_CARD_BENCH v=1 run=40563581580240 event=input input_id=250 gesture_id=40 kind=motion t_ns=40576731543200 source=injected
K230_CARD_SHELL state mode=2 actions=1 message=0 cards=2
K230_CARD_SHELL frame-cost run=40563581580240 frame_id=1265 total_cpu_ns=19325528 render_cpu_ns=17307190 input_cpu_ns=1732669
K230_CARD_BENCH v=1 run=40563581580240 event=submit input_id=249 frame_id=1265 t_ns=40576730494021 update_cpu_ns=19325528 final=0
K230_CARD_BENCH v=1 run=40563581580240 event=submit input_id=248 frame_id=1265 t_ns=40576730494021 update_cpu_ns=19325528 final=0
K230_CARD_BENCH v=1 run=40563581580240 event=submit input_id=247 frame_id=1265 t_ns=40576730494021 update_cpu_ns=19325528 final=0
K230_CARD_BENCH v=1 run=40563581580240 event=submit input_id=246 frame_id=1265 t_ns=40576730494021 update_cpu_ns=19325528 final=0
K230_CARD_BENCH v=1 run=40563581580240 event=submit input_id=245 frame_id=1265 t_ns=40576730494021 update_cpu_ns=19325528 final=0
K230_CARD_BENCH v=1 run=40563581580240 event=present frame_id=1264 t_ns=40576689708000 presented=1 clock=monotonic
K230_CARD_BENCH v=1 run=40563581580240 event=input input_id=249 gesture_id=40 kind=motion t_ns=40576700290943 source=injected
K230_CARD_SHELL state mode=2 actions=1 message=0 cards=2
K230_CARD_BENCH v=1 run=40563581580240 event=input input_id=248 gesture_id=40 kind=motion t_ns=40576691295284 source=injected
K230_CARD_SHELL state mode=2 actions=1 message=0 cards=2
K230_CARD_BENCH v=1 run=40563581580240 event=input input_id=247 gesture_id=40 kind=motion t_ns=40576690867818 source=injected
K230_CARD_SHELL state mode=2 actions=1 message=0 cards=2
K230_CARD_BENCH v=1 run=40563581580240 event=input input_id=246 gesture_id=40 kind=motion t_ns=40576690445243 source=injected
K230_CARD_SHELL state mode=2 actions=1 message=0 cards=2
K230_CARD_BENCH v=1 run=40563581580240 event=input input_id=245 gesture_id=40 kind=motion t_ns=40576689945249 source=injected
K230_CARD_SHELL state mode=2 actions=1 message=0 cards=2
K230_CARD_SHELL frame-cost run=40563581580240 frame_id=1264 total_cpu_ns=15848730 render_cpu_ns=14889619 input_cpu_ns=805444
K230_CARD_BENCH v=1 run=40563581580240 event=submit input_id=244 frame_id=1264 t_ns=40576680471081 update_cpu_ns=15848730 final=0
K230_CARD_BENCH v=1 run=40563581580240 event=submit input_id=243 frame_id=1264 t_ns=40576680471081 update_cpu_ns=15848730 final=0
K230_CARD_BENCH v=1 run=40563581580240 event=present frame_id=1263 t_ns=40576651381000 presented=1 clock=monotonic
K230_CARD_BENCH v=1 run=40563581580240 event=input input_id=244 gesture_id=40 kind=motion t_ns=40576644700029 source=injected
K230_CARD_SHELL state mode=2 actions=1 message=0 cards=2
K230_CARD_BENCH v=1 run=40563581580240 event=input input_id=243 gesture_id=40 kind=motion t_ns=40576641156106 source=injected
K230_CARD_SHELL state mode=2 actions=1 message=0 cards=2
K230_CARD_SHELL state mode=2 actions=1 message=0 cards=2
K230_CARD_BENCH v=1 run=40563581580240 event=present frame_id=1262 t_ns=40576593889000 presented=1 clock=monotonic
K230_CARD_BENCH v=1 run=40563581580240 event=present frame_id=1261 t_ns=40576574725000 presented=1 clock=monotonic
K230_CARD_BENCH v=1 run=40563581580240 event=present frame_id=1260 t_ns=40576536397000 presented=1 clock=monotonic
K230_CARD_BENCH v=1 run=40563581580240 event=present frame_id=1259 t_ns=40576517233000 presented=1 clock=monotonic
K230_CARD_BENCH v=1 run=40563581580240 event=present frame_id=1258 t_ns=40576478905000 presented=1 clock=monotonic
K230_CARD_BENCH v=1 run=40563581580240 event=present frame_id=1257 t_ns=40576459742000 presented=1 clock=monotonic
K230_CARD_BENCH v=1 run=40563581580240 event=present frame_id=1256 t_ns=40576421414000 presented=1 clock=monotonic
K230_CARD_SHELL live cards=2 commits=827 sampled=1623 frame-done=1627 output-presented=745
K230_CARD_BENCH v=1 run=40563581580240 event=present frame_id=1255 t_ns=40576402249000 presented=1 clock=monotonic
K230_CARD_BENCH v=1 run=40563581580240 event=present frame_id=1254 t_ns=40576363923000 presented=1 clock=monotonic
K230_CARD_SHELL frame-cost run=40563581580240 frame_id=1254 total_cpu_ns=18126480 render_cpu_ns=14337110 input_cpu_ns=3237222
K230_CARD_BENCH v=1 run=40563581580240 event=submit input_id=242 frame_id=1254 t_ns=40576361274351 update_cpu_ns=18126480 final=1
K230_CARD_BENCH v=1 run=40563581580240 event=submit input_id=241 frame_id=1254 t_ns=40576361274351 update_cpu_ns=18126480 final=0
K230_CARD_BENCH v=1 run=40563581580240 event=present frame_id=1253 t_ns=40576344759000 presented=1 clock=monotonic
K230_CARD_BENCH v=1 run=40563581580240 event=input input_id=242 gesture_id=39 kind=release t_ns=40576330267201 source=injected
K230_CARD_SHELL state mode=1 actions=1 message=0 cards=2
K230_CARD_BENCH v=1 run=40563581580240 event=input input_id=241 gesture_id=39 kind=motion t_ns=40576327969558 source=injected
K230_CARD_SHELL state mode=2 actions=1 message=0 cards=2
K230_CARD_SHELL frame-cost run=40563581580240 frame_id=1253 total_cpu_ns=22209616 render_cpu_ns=19928064 input_cpu_ns=1881441
K230_CARD_BENCH v=1 run=40563581580240 event=submit input_id=240 frame_id=1253 t_ns=40576326439425 update_cpu_ns=22209616 final=0
K230_CARD_BENCH v=1 run=40563581580240 event=submit input_id=239 frame_id=1253 t_ns=40576326439425 update_cpu_ns=22209616 final=0
K230_CARD_BENCH v=1 run=40563581580240 event=submit input_id=238 frame_id=1253 t_ns=40576326439425 update_cpu_ns=22209616 final=0
K230_CARD_BENCH v=1 run=40563581580240 event=submit input_id=237 frame_id=1253 t_ns=40576326439425 update_cpu_ns=22209616 final=0
K230_CARD_BENCH v=1 run=40563581580240 event=present frame_id=1252 t_ns=40576287270000 presented=1 clock=monotonic
K230_CARD_BENCH v=1 run=40563581580240 event=input input_id=240 gesture_id=39 kind=motion t_ns=40576297410617 source=injected
K230_CARD_SHELL state mode=2 actions=1 message=0 cards=2
K230_CARD_BENCH v=1 run=40563581580240 event=input input_id=239 gesture_id=39 kind=motion t_ns=40576293697819 source=injected
K230_CARD_SHELL state mode=2 actions=1 message=0 cards=2
K230_CARD_BENCH v=1 run=40563581580240 event=input input_id=238 gesture_id=39 kind=motion t_ns=40576293134817 source=injected
K230_CARD_SHELL state mode=2 actions=1 message=0 cards=2
K230_CARD_BENCH v=1 run=40563581580240 event=input input_id=237 gesture_id=39 kind=motion t_ns=40576292479580 source=injected
K230_CARD_SHELL state mode=2 actions=1 message=0 cards=2
K230_CARD_SHELL frame-cost run=40563581580240 frame_id=1252 total_cpu_ns=22329886 render_cpu_ns=19822514 input_cpu_ns=2129520
K230_CARD_BENCH v=1 run=40563581580240 event=submit input_id=236 frame_id=1252 t_ns=40576285386289 update_cpu_ns=22329886 final=0
K230_CARD_BENCH v=1 run=40563581580240 event=submit input_id=235 frame_id=1252 t_ns=40576285386289 update_cpu_ns=22329886 final=0
K230_CARD_BENCH v=1 run=40563581580240 event=submit input_id=234 frame_id=1252 t_ns=40576285386289 update_cpu_ns=22329886 final=0
K230_CARD_BENCH v=1 run=40563581580240 event=submit input_id=233 frame_id=1252 t_ns=40576285386289 update_cpu_ns=22329886 final=0
K230_CARD_BENCH v=1 run=40563581580240 event=present frame_id=1251 t_ns=40576248941000 presented=1 clock=monotonic
K230_CARD_BENCH v=1 run=40563581580240 event=input input_id=236 gesture_id=39 kind=motion t_ns=40576255880120 source=injected
K230_CARD_SHELL state mode=2 actions=1 message=0 cards=2
K230_CARD_BENCH v=1 run=40563581580240 event=input input_id=235 gesture_id=39 kind=motion t_ns=40576252916127 source=injected
K230_CARD_SHELL state mode=2 actions=1 message=0 cards=2
K230_CARD_BENCH v=1 run=40563581580240 event=input input_id=234 gesture_id=39 kind=motion t_ns=40576252370646 source=injected
K230_CARD_SHELL state mode=2 actions=1 message=0 cards=2
K230_CARD_BENCH v=1 run=40563581580240 event=input input_id=233 gesture_id=39 kind=motion t_ns=40576248300726 source=injected
K230_CARD_SHELL state mode=2 actions=1 message=0 cards=2
K230_CARD_SHELL frame-cost run=40563581580240 frame_id=1251 total_cpu_ns=21337823 render_cpu_ns=19013193 input_cpu_ns=2008447
K230_CARD_BENCH v=1 run=40563581580240 event=submit input_id=232 frame_id=1251 t_ns=40576243167440 update_cpu_ns=21337823 final=0
K230_CARD_BENCH v=1 run=40563581580240 event=submit input_id=231 frame_id=1251 t_ns=40576243167440 update_cpu_ns=21337823 final=0
K230_CARD_BENCH v=1 run=40563581580240 event=submit input_id=230 frame_id=1251 t_ns=40576243167440 update_cpu_ns=21337823 final=0
K230_CARD_BENCH v=1 run=40563581580240 event=submit input_id=229 frame_id=1251 t_ns=40576243167440 update_cpu_ns=21337823 final=0
K230_CARD_BENCH v=1 run=40563581580240 event=present frame_id=1250 t_ns=40576210614000 presented=1 clock=monotonic
K230_CARD_BENCH v=1 run=40563581580240 event=input input_id=232 gesture_id=39 kind=motion t_ns=40576216708868 source=injected
K230_CARD_SHELL state mode=2 actions=1 message=0 cards=2
K230_CARD_BENCH v=1 run=40563581580240 event=input input_id=231 gesture_id=39 kind=motion t_ns=40576210396941 source=injected
K230_CARD_SHELL state mode=2 actions=1 message=0 cards=2
K230_CARD_BENCH v=1 run=40563581580240 event=input input_id=230 gesture_id=39 kind=motion t_ns=40576209858054 source=injected
K230_CARD_SHELL state mode=2 actions=1 message=0 cards=2
K230_CARD_BENCH v=1 run=40563581580240 event=input input_id=229 gesture_id=39 kind=motion t_ns=40576208330477 source=injected
K230_CARD_SHELL state mode=2 actions=1 message=0 cards=2
K230_CARD_SHELL frame-cost run=40563581580240 frame_id=1250 total_cpu_ns=19205191 render_cpu_ns=17152005 input_cpu_ns=1724924
K230_CARD_BENCH v=1 run=40563581580240 event=submit input_id=228 frame_id=1250 t_ns=40576201262338 update_cpu_ns=19205191 final=0
K230_CARD_BENCH v=1 run=40563581580240 event=submit input_id=227 frame_id=1250 t_ns=40576201262338 update_cpu_ns=19205191 final=0
K230_CARD_BENCH v=1 run=40563581580240 event=submit input_id=226 frame_id=1250 t_ns=40576201262338 update_cpu_ns=19205191 final=0
K230_CARD_BENCH v=1 run=40563581580240 event=submit input_id=225 frame_id=1250 t_ns=40576201262338 update_cpu_ns=19205191 final=0
K230_CARD_BENCH v=1 run=40563581580240 event=present frame_id=1249 t_ns=40576172287000 presented=1 clock=monotonic
K230_CARD_BENCH v=1 run=40563581580240 event=input input_id=228 gesture_id=39 kind=motion t_ns=40576176159726 source=injected
K230_CARD_SHELL state mode=2 actions=1 message=0 cards=2
K230_CARD_BENCH v=1 run=40563581580240 event=input input_id=227 gesture_id=39 kind=motion t_ns=40576170541523 source=injected
K230_CARD_SHELL state mode=2 actions=1 message=0 cards=2
K230_CARD_BENCH v=1 run=40563581580240 event=input input_id=226 gesture_id=39 kind=motion t_ns=40576169242533 source=injected
K230_CARD_SHELL state mode=2 actions=1 message=0 cards=2
K230_CARD_BENCH v=1 run=40563581580240 event=input input_id=225 gesture_id=39 kind=motion t_ns=40576168722499 source=injected
K230_CARD_SHELL state mode=2 actions=1 message=0 cards=2
K230_CARD_SHELL frame-cost run=40563581580240 frame_id=1249 total_cpu_ns=16132253 render_cpu_ns=15211884 input_cpu_ns=704334
K230_CARD_BENCH v=1 run=40563581580240 event=submit input_id=224 frame_id=1249 t_ns=40576162768473 update_cpu_ns=16132253 final=0
K230_CARD_BENCH v=1 run=40563581580240 event=submit input_id=223 frame_id=1249 t_ns=40576162768473 update_cpu_ns=16132253 final=0
K230_CARD_BENCH v=1 run=40563581580240 event=present frame_id=1248 t_ns=40576133957000 presented=1 clock=monotonic
K230_CARD_BENCH v=1 run=40563581580240 event=input input_id=224 gesture_id=39 kind=motion t_ns=40576136376613 source=injected
K230_CARD_SHELL state mode=2 actions=1 message=0 cards=2
K230_CARD_BENCH v=1 run=40563581580240 event=input input_id=223 gesture_id=39 kind=motion t_ns=40576132345513 source=injected
K230_CARD_SHELL state mode=2 actions=1 message=0 cards=2
K230_CARD_SHELL frame-cost run=40563581580240 frame_id=1248 total_cpu_ns=14644562 render_cpu_ns=13981895 input_cpu_ns=464816
K230_CARD_BENCH v=1 run=40563581580240 event=submit input_id=222 frame_id=1248 t_ns=40576130651655 update_cpu_ns=14644562 final=0
K230_CARD_BENCH v=1 run=40563581580240 event=present frame_id=1247 t_ns=40576114793000 presented=1 clock=monotonic
K230_CARD_BENCH v=1 run=40563581580240 event=input input_id=222 gesture_id=39 kind=motion t_ns=40576112217870 source=injected
K230_CARD_SHELL state mode=2 actions=1 message=0 cards=2
K230_CARD_SHELL state mode=2 actions=1 message=0 cards=2
K230_CARD_BENCH v=1 run=40563581580240 event=present frame_id=1246 t_ns=40576057306000 presented=1 clock=monotonic
K230_CARD_BENCH v=1 run=40563581580240 event=present frame_id=1245 t_ns=40576018973000 presented=1 clock=monotonic
K230_CARD_BENCH v=1 run=40563581580240 event=present frame_id=1244 t_ns=40575999810000 presented=1 clock=monotonic
K230_CARD_BENCH v=1 run=40563581580240 event=present frame_id=1243 t_ns=40575961480000 presented=1 clock=monotonic
K230_CARD_BENCH v=1 run=40563581580240 event=present frame_id=1242 t_ns=40575942319000 presented=1 clock=monotonic
K230_CARD_BENCH v=1 run=40563581580240 event=present frame_id=1241 t_ns=40575903991000 presented=1 clock=monotonic
K230_CARD_BENCH v=1 run=40563581580240 event=present frame_id=1240 t_ns=40575884827000 presented=1 clock=monotonic
K230_CARD_BENCH v=1 run=40563581580240 event=present frame_id=1239 t_ns=40575846500000 presented=1 clock=monotonic
K230_CARD_BENCH v=1 run=40563581580240 event=present frame_id=1238 t_ns=40575827338000 presented=1 clock=monotonic
K230_CARD_SHELL frame-cost run=40563581580240 frame_id=1238 total_cpu_ns=22683023 render_cpu_ns=14189175 input_cpu_ns=6819922
K230_CARD_BENCH v=1 run=40563581580240 event=submit input_id=221 frame_id=1238 t_ns=40575812941200 update_cpu_ns=22683023 final=1
K230_CARD_BENCH v=1 run=40563581580240 event=submit input_id=220 frame_id=1238 t_ns=40575812941200 update_cpu_ns=22683023 final=0
K230_CARD_BENCH v=1 run=40563581580240 event=submit input_id=219 frame_id=1238 t_ns=40575812941200 update_cpu_ns=22683023 final=0
K230_CARD_BENCH v=1 run=40563581580240 event=submit input_id=218 frame_id=1238 t_ns=40575812941200 update_cpu_ns=22683023 final=0
K230_CARD_BENCH v=1 run=40563581580240 event=submit input_id=217 frame_id=1238 t_ns=40575812941200 update_cpu_ns=22683023 final=0
K230_CARD_BENCH v=1 run=40563581580240 event=submit input_id=216 frame_id=1238 t_ns=40575812941200 update_cpu_ns=22683023 final=0
K230_CARD_BENCH v=1 run=40563581580240 event=submit input_id=215 frame_id=1238 t_ns=40575812941200 update_cpu_ns=22683023 final=0
K230_CARD_BENCH v=1 run=40563581580240 event=submit input_id=214 frame_id=1238 t_ns=40575812941200 update_cpu_ns=22683023 final=0
K230_CARD_BENCH v=1 run=40563581580240 event=present frame_id=1237 t_ns=40575789011000 presented=1 clock=monotonic
K230_CARD_BENCH v=1 run=40563581580240 event=input input_id=221 gesture_id=38 kind=release t_ns=40575792810444 source=injected
K230_CARD_SHELL state mode=1 actions=1 message=0 cards=2
K230_CARD_BENCH v=1 run=40563581580240 event=input input_id=220 gesture_id=38 kind=motion t_ns=40575790205315 source=injected
K230_CARD_SHELL state mode=2 actions=1 message=0 cards=2
K230_CARD_BENCH v=1 run=40563581580240 event=resource phase=active t_ns=40575788320394 cpu_ns=27637463000 memory_bytes=27611136 scope=session
K230_CARD_BENCH v=1 run=40563581580240 event=resource phase=active t_ns=40575788320394 cpu_ns=16920493102 memory_bytes=34349056 scope=compositor
K230_CARD_BENCH v=1 run=40563581580240 event=input input_id=219 gesture_id=38 kind=motion t_ns=40575784734576 source=injected
K230_CARD_SHELL state mode=2 actions=1 message=0 cards=2
K230_CARD_BENCH v=1 run=40563581580240 event=input input_id=218 gesture_id=38 kind=motion t_ns=40575783045348 source=injected
K230_CARD_SHELL state mode=2 actions=1 message=0 cards=2
K230_CARD_BENCH v=1 run=40563581580240 event=input input_id=217 gesture_id=38 kind=motion t_ns=40575781498584 source=injected
K230_CARD_SHELL state mode=2 actions=1 message=0 cards=2
K230_CARD_BENCH v=1 run=40563581580240 event=input input_id=216 gesture_id=38 kind=motion t_ns=40575779898960 source=injected
K230_CARD_SHELL state mode=2 actions=1 message=0 cards=2
K230_CARD_BENCH v=1 run=40563581580240 event=input input_id=215 gesture_id=38 kind=motion t_ns=40575778423094 source=injected
K230_CARD_SHELL state mode=2 actions=1 message=0 cards=2
K230_CARD_BENCH v=1 run=40563581580240 event=input input_id=214 gesture_id=38 kind=motion t_ns=40575775141096 source=injected
K230_CARD_SHELL state mode=2 actions=1 message=0 cards=2
K230_CARD_BENCH v=1 run=40563581580240 event=present frame_id=1236 t_ns=40575750682000 presented=1 clock=monotonic
K230_CARD_SHELL frame-cost run=40563581580240 frame_id=1236 total_cpu_ns=22621688 render_cpu_ns=20143834 input_cpu_ns=2076670
K230_CARD_BENCH v=1 run=40563581580240 event=submit input_id=213 frame_id=1236 t_ns=40575749557500 update_cpu_ns=22621688 final=0
K230_CARD_BENCH v=1 run=40563581580240 event=submit input_id=212 frame_id=1236 t_ns=40575749557500 update_cpu_ns=22621688 final=0
K230_CARD_BENCH v=1 run=40563581580240 event=submit input_id=211 frame_id=1236 t_ns=40575749557500 update_cpu_ns=22621688 final=0
K230_CARD_BENCH v=1 run=40563581580240 event=submit input_id=210 frame_id=1236 t_ns=40575749557500 update_cpu_ns=22621688 final=0
K230_CARD_BENCH v=1 run=40563581580240 event=present frame_id=1235 t_ns=40575712353000 presented=1 clock=monotonic
K230_CARD_BENCH v=1 run=40563581580240 event=input input_id=213 gesture_id=38 kind=motion t_ns=40575710585373 source=injected
K230_CARD_SHELL state mode=2 actions=1 message=0 cards=2
K230_CARD_BENCH v=1 run=40563581580240 event=input input_id=212 gesture_id=38 kind=motion t_ns=40575707635755 source=injected
K230_CARD_SHELL state mode=2 actions=1 message=0 cards=2
K230_CARD_BENCH v=1 run=40563581580240 event=input input_id=211 gesture_id=38 kind=motion t_ns=40575704786335 source=injected
K230_CARD_SHELL state mode=2 actions=1 message=0 cards=2
K230_CARD_BENCH v=1 run=40563581580240 event=input input_id=210 gesture_id=38 kind=motion t_ns=40575697685788 source=injected
K230_CARD_SHELL state mode=2 actions=1 message=0 cards=2
K230_CARD_SHELL frame-cost run=40563581580240 frame_id=1235 total_cpu_ns=20571275 render_cpu_ns=18512534 input_cpu_ns=1742817
K230_CARD_BENCH v=1 run=40563581580240 event=submit input_id=209 frame_id=1235 t_ns=40575695101107 update_cpu_ns=20571275 final=0
K230_CARD_BENCH v=1 run=40563581580240 event=submit input_id=208 frame_id=1235 t_ns=40575695101107 update_cpu_ns=20571275 final=0
K230_CARD_BENCH v=1 run=40563581580240 event=submit input_id=207 frame_id=1235 t_ns=40575695101107 update_cpu_ns=20571275 final=0
K230_CARD_BENCH v=1 run=40563581580240 event=submit input_id=206 frame_id=1235 t_ns=40575695101107 update_cpu_ns=20571275 final=0
K230_CARD_BENCH v=1 run=40563581580240 event=present frame_id=1234 t_ns=40575674025000 presented=1 clock=monotonic
K230_CARD_BENCH v=1 run=40563581580240 event=input input_id=209 gesture_id=38 kind=motion t_ns=40575668927442 source=injected
K230_CARD_SHELL state mode=2 actions=1 message=0 cards=2
K230_CARD_BENCH v=1 run=40563581580240 event=input input_id=208 gesture_id=38 kind=motion t_ns=40575666260787 source=injected
K230_CARD_SHELL state mode=2 actions=1 message=0 cards=2
K230_CARD_BENCH v=1 run=40563581580240 event=input input_id=207 gesture_id=38 kind=motion t_ns=40575664550372 source=injected
K230_CARD_SHELL state mode=2 actions=1 message=0 cards=2
K230_CARD_BENCH v=1 run=40563581580240 event=input input_id=206 gesture_id=38 kind=motion t_ns=40575663991371 source=injected
K230_CARD_SHELL state mode=2 actions=1 message=0 cards=2
K230_CARD_SHELL frame-cost run=40563581580240 frame_id=1234 total_cpu_ns=17873168 render_cpu_ns=16416352 input_cpu_ns=1102853
K230_CARD_BENCH v=1 run=40563581580240 event=submit input_id=205 frame_id=1234 t_ns=40575660832947 update_cpu_ns=17873168 final=0
K230_CARD_BENCH v=1 run=40563581580240 event=submit input_id=204 frame_id=1234 t_ns=40575660832947 update_cpu_ns=17873168 final=0
K230_CARD_BENCH v=1 run=40563581580240 event=submit input_id=203 frame_id=1234 t_ns=40575660832947 update_cpu_ns=17873168 final=0
K230_CARD_BENCH v=1 run=40563581580240 event=present frame_id=1233 t_ns=40575635698000 presented=1 clock=monotonic
K230_CARD_BENCH v=1 run=40563581580240 event=input input_id=205 gesture_id=38 kind=motion t_ns=40575628077693 source=injected
K230_CARD_SHELL state mode=2 actions=1 message=0 cards=2
K230_CARD_BENCH v=1 run=40563581580240 event=input input_id=204 gesture_id=38 kind=motion t_ns=40575627446793 source=injected
K230_CARD_SHELL state mode=2 actions=1 message=0 cards=2
K230_CARD_BENCH v=1 run=40563581580240 event=input input_id=203 gesture_id=38 kind=motion t_ns=40575624277256 source=injected
K230_CARD_SHELL state mode=2 actions=1 message=0 cards=2
K230_CARD_SHELL frame-cost run=40563581580240 frame_id=1233 total_cpu_ns=15786282 render_cpu_ns=14721766 input_cpu_ns=612554
K230_CARD_BENCH v=1 run=40563581580240 event=submit input_id=202 frame_id=1233 t_ns=40575616368860 update_cpu_ns=15786282 final=0
K230_CARD_BENCH v=1 run=40563581580240 event=submit input_id=201 frame_id=1233 t_ns=40575616368860 update_cpu_ns=15786282 final=0
K230_CARD_BENCH v=1 run=40563581580240 event=present frame_id=1232 t_ns=40575597372000 presented=1 clock=monotonic
K230_CARD_BENCH v=1 run=40563581580240 event=input input_id=202 gesture_id=38 kind=motion t_ns=40575597625897 source=injected
K230_CARD_SHELL state mode=2 actions=1 message=0 cards=2
K230_CARD_BENCH v=1 run=40563581580240 event=input input_id=201 gesture_id=38 kind=motion t_ns=40575587514982 source=injected
K230_CARD_SHELL state mode=2 actions=1 message=0 cards=2
K230_CARD_SHELL state mode=2 actions=1 message=0 cards=2
K230_CARD_BENCH v=1 run=40563581580240 event=present frame_id=1231 t_ns=40575559043000 presented=1 clock=monotonic
K230_CARD_BENCH v=1 run=40563581580240 event=present frame_id=1230 t_ns=40575520717000 presented=1 clock=monotonic
K230_CARD_BENCH v=1 run=40563581580240 event=present frame_id=1229 t_ns=40575501552000 presented=1 clock=monotonic
K230_CARD_BENCH v=1 run=40563581580240 event=present frame_id=1228 t_ns=40575463221000 presented=1 clock=monotonic
K230_CARD_BENCH v=1 run=40563581580240 event=present frame_id=1227 t_ns=40575444060000 presented=1 clock=monotonic
K230_CARD_BENCH v=1 run=40563581580240 event=present frame_id=1226 t_ns=40575405730000 presented=1 clock=monotonic
K230_CARD_BENCH v=1 run=40563581580240 event=present frame_id=1225 t_ns=40575386568000 presented=1 clock=monotonic
K230_CARD_BENCH v=1 run=40563581580240 event=present frame_id=1224 t_ns=40575348239000 presented=1 clock=monotonic
K230_CARD_BENCH v=1 run=40563581580240 event=present frame_id=1223 t_ns=40575329077000 presented=1 clock=monotonic
K230_CARD_BENCH v=1 run=40563581580240 event=present frame_id=1222 t_ns=40575290751000 presented=1 clock=monotonic
K230_CARD_SHELL frame-cost run=40563581580240 frame_id=1222 total_cpu_ns=18973546 render_cpu_ns=14246292 input_cpu_ns=4026813
K230_CARD_BENCH v=1 run=40563581580240 event=submit input_id=200 frame_id=1222 t_ns=40575288917743 update_cpu_ns=18973546 final=1
K230_CARD_BENCH v=1 run=40563581580240 event=submit input_id=199 frame_id=1222 t_ns=40575288917743 update_cpu_ns=18973546 final=0
K230_CARD_BENCH v=1 run=40563581580240 event=submit input_id=198 frame_id=1222 t_ns=40575288917743 update_cpu_ns=18973546 final=0
K230_CARD_BENCH v=1 run=40563581580240 event=submit input_id=197 frame_id=1222 t_ns=40575288917743 update_cpu_ns=18973546 final=0
K230_CARD_BENCH v=1 run=40563581580240 event=present frame_id=1221 t_ns=40575271587000 presented=1 clock=monotonic
K230_CARD_BENCH v=1 run=40563581580240 event=input input_id=200 gesture_id=37 kind=release t_ns=40575267645255 source=injected
K230_CARD_SHELL state mode=1 actions=1 message=0 cards=2
K230_CARD_BENCH v=1 run=40563581580240 event=input input_id=199 gesture_id=37 kind=motion t_ns=40575265512116 source=injected
K230_CARD_SHELL state mode=2 actions=1 message=0 cards=2
K230_CARD_BENCH v=1 run=40563581580240 event=input input_id=198 gesture_id=37 kind=motion t_ns=40575264922148 source=injected
K230_CARD_SHELL state mode=2 actions=1 message=0 cards=2
K230_CARD_BENCH v=1 run=40563581580240 event=input input_id=197 gesture_id=37 kind=motion t_ns=40575264280803 source=injected
K230_CARD_SHELL state mode=2 actions=1 message=0 cards=2
K230_CARD_SHELL frame-cost run=40563581580240 frame_id=1221 total_cpu_ns=21940230 render_cpu_ns=19680858 input_cpu_ns=1888850
K230_CARD_BENCH v=1 run=40563581580240 event=submit input_id=196 frame_id=1221 t_ns=40575257936765 update_cpu_ns=21940230 final=0
K230_CARD_BENCH v=1 run=40563581580240 event=submit input_id=195 frame_id=1221 t_ns=40575257936765 update_cpu_ns=21940230 final=0
K230_CARD_BENCH v=1 run=40563581580240 event=submit input_id=194 frame_id=1221 t_ns=40575257936765 update_cpu_ns=21940230 final=0
K230_CARD_BENCH v=1 run=40563581580240 event=submit input_id=193 frame_id=1221 t_ns=40575257936765 update_cpu_ns=21940230 final=0
K230_CARD_BENCH v=1 run=40563581580240 event=present frame_id=1220 t_ns=40575233260000 presented=1 clock=monotonic
K230_CARD_BENCH v=1 run=40563581580240 event=input input_id=196 gesture_id=37 kind=motion t_ns=40575233585048 source=injected
K230_CARD_SHELL state mode=2 actions=1 message=0 cards=2
K230_CARD_BENCH v=1 run=40563581580240 event=input input_id=195 gesture_id=37 kind=motion t_ns=40575232394184 source=injected
K230_CARD_SHELL state mode=2 actions=1 message=0 cards=2
K230_CARD_BENCH v=1 run=40563581580240 event=input input_id=194 gesture_id=37 kind=motion t_ns=40575231750542 source=injected
K230_CARD_SHELL state mode=2 actions=1 message=0 cards=2
K230_CARD_BENCH v=1 run=40563581580240 event=input input_id=193 gesture_id=37 kind=motion t_ns=40575231110604 source=injected
K230_CARD_SHELL state mode=2 actions=1 message=0 cards=2
K230_CARD_SHELL frame-cost run=40563581580240 frame_id=1220 total_cpu_ns=21650399 render_cpu_ns=19791401 input_cpu_ns=1618404
K230_CARD_BENCH v=1 run=40563581580240 event=submit input_id=192 frame_id=1220 t_ns=40575228280224 update_cpu_ns=21650399 final=0
K230_CARD_BENCH v=1 run=40563581580240 event=submit input_id=191 frame_id=1220 t_ns=40575228280224 update_cpu_ns=21650399 final=0
K230_CARD_BENCH v=1 run=40563581580240 event=submit input_id=190 frame_id=1220 t_ns=40575228280224 update_cpu_ns=21650399 final=0
K230_CARD_BENCH v=1 run=40563581580240 event=submit input_id=189 frame_id=1220 t_ns=40575228280224 update_cpu_ns=21650399 final=0
K230_CARD_BENCH v=1 run=40563581580240 event=present frame_id=1219 t_ns=40575194930000 presented=1 clock=monotonic
K230_CARD_BENCH v=1 run=40563581580240 event=input input_id=192 gesture_id=37 kind=motion t_ns=40575188723353 source=injected
K230_CARD_SHELL state mode=2 actions=1 message=0 cards=2
K230_CARD_BENCH v=1 run=40563581580240 event=input input_id=191 gesture_id=37 kind=motion t_ns=40575188212469 source=injected
K230_CARD_SHELL state mode=2 actions=1 message=0 cards=2
K230_CARD_BENCH v=1 run=40563581580240 event=input input_id=190 gesture_id=37 kind=motion t_ns=40575187632910 source=injected
K230_CARD_SHELL state mode=2 actions=1 message=0 cards=2
K230_CARD_BENCH v=1 run=40563581580240 event=input input_id=189 gesture_id=37 kind=motion t_ns=40575187044460 source=injected
K230_CARD_SHELL state mode=2 actions=1 message=0 cards=2
K230_CARD_SHELL frame-cost run=40563581580240 frame_id=1219 total_cpu_ns=21450201 render_cpu_ns=18284898 input_cpu_ns=2827893
K230_CARD_BENCH v=1 run=40563581580240 event=submit input_id=188 frame_id=1219 t_ns=40575177639900 update_cpu_ns=21450201 final=0
K230_CARD_BENCH v=1 run=40563581580240 event=submit input_id=187 frame_id=1219 t_ns=40575177639900 update_cpu_ns=21450201 final=0
K230_CARD_BENCH v=1 run=40563581580240 event=submit input_id=186 frame_id=1219 t_ns=40575177639900 update_cpu_ns=21450201 final=0
K230_CARD_BENCH v=1 run=40563581580240 event=submit input_id=185 frame_id=1219 t_ns=40575177639900 update_cpu_ns=21450201 final=0
K230_CARD_BENCH v=1 run=40563581580240 event=submit input_id=184 frame_id=1219 t_ns=40575177639900 update_cpu_ns=21450201 final=0
K230_CARD_BENCH v=1 run=40563581580240 event=submit input_id=183 frame_id=1219 t_ns=40575177639900 update_cpu_ns=21450201 final=0
K230_CARD_BENCH v=1 run=40563581580240 event=submit input_id=182 frame_id=1219 t_ns=40575177639900 update_cpu_ns=21450201 final=0
K230_CARD_BENCH v=1 run=40563581580240 event=present frame_id=1218 t_ns=40575156604000 presented=1 clock=monotonic
K230_CARD_BENCH v=1 run=40563581580240 event=input input_id=188 gesture_id=37 kind=motion t_ns=40575147124281 source=injected
K230_CARD_SHELL state mode=2 actions=1 message=0 cards=2
K230_CARD_BENCH v=1 run=40563581580240 event=input input_id=187 gesture_id=37 kind=motion t_ns=40575144762778 source=injected
K230_CARD_SHELL state mode=2 actions=1 message=0 cards=2
K230_CARD_BENCH v=1 run=40563581580240 event=input input_id=186 gesture_id=37 kind=motion t_ns=40575144255821 source=injected
K230_CARD_SHELL state mode=2 actions=1 message=0 cards=2
K230_CARD_BENCH v=1 run=40563581580240 event=input input_id=185 gesture_id=37 kind=motion t_ns=40575142753582 source=injected
K230_CARD_SHELL state mode=2 actions=1 message=0 cards=2
K230_CARD_BENCH v=1 run=40563581580240 event=input input_id=184 gesture_id=37 kind=motion t_ns=40575142266257 source=injected
K230_CARD_SHELL state mode=2 actions=1 message=0 cards=2
K230_CARD_BENCH v=1 run=40563581580240 event=input input_id=183 gesture_id=37 kind=motion t_ns=40575140849845 source=injected
K230_CARD_SHELL state mode=2 actions=1 message=0 cards=2
K230_CARD_BENCH v=1 run=40563581580240 event=input input_id=182 gesture_id=37 kind=motion t_ns=40575138819794 source=injected
K230_CARD_SHELL state mode=2 actions=1 message=0 cards=2
K230_CARD_BENCH v=1 run=40563581580240 event=present frame_id=1217 t_ns=40575099114000 presented=1 clock=monotonic
K230_CARD_SHELL frame-cost run=40563581580240 frame_id=1217 total_cpu_ns=15911249 render_cpu_ns=14788656 input_cpu_ns=909963
K230_CARD_BENCH v=1 run=40563581580240 event=submit input_id=181 frame_id=1217 t_ns=40575096819557 update_cpu_ns=15911249 final=0
K230_CARD_BENCH v=1 run=40563581580240 event=submit input_id=180 frame_id=1217 t_ns=40575096819557 update_cpu_ns=15911249 final=0
K230_CARD_BENCH v=1 run=40563581580240 event=present frame_id=1216 t_ns=40575079947000 presented=1 clock=monotonic
K230_CARD_BENCH v=1 run=40563581580240 event=input input_id=181 gesture_id=37 kind=motion t_ns=40575076862357 source=injected
K230_CARD_SHELL state mode=2 actions=1 message=0 cards=2
K230_CARD_BENCH v=1 run=40563581580240 event=input input_id=180 gesture_id=37 kind=motion t_ns=40575066863198 source=injected
K230_CARD_SHELL state mode=2 actions=1 message=0 cards=2
K230_CARD_SHELL state mode=2 actions=1 message=0 cards=2
K230_CARD_BENCH v=1 run=40563581580240 event=present frame_id=1215 t_ns=40575041620000 presented=1 clock=monotonic
K230_CARD_BENCH v=1 run=40563581580240 event=present frame_id=1214 t_ns=40575003292000 presented=1 clock=monotonic
K230_CARD_BENCH v=1 run=40563581580240 event=present frame_id=1213 t_ns=40574984129000 presented=1 clock=monotonic
K230_CARD_BENCH v=1 run=40563581580240 event=present frame_id=1212 t_ns=40574926637000 presented=1 clock=monotonic
K230_CARD_BENCH v=1 run=40563581580240 event=present frame_id=1211 t_ns=40574888309000 presented=1 clock=monotonic
K230_CARD_BENCH v=1 run=40563581580240 event=present frame_id=1210 t_ns=40574849981000 presented=1 clock=monotonic
K230_CARD_BENCH v=1 run=40563581580240 event=present frame_id=1209 t_ns=40574830817000 presented=1 clock=monotonic
K230_CARD_BENCH v=1 run=40563581580240 event=present frame_id=1208 t_ns=40574792493000 presented=1 clock=monotonic
K230_CARD_SHELL frame-cost run=40563581580240 frame_id=1208 total_cpu_ns=18850769 render_cpu_ns=14157620 input_cpu_ns=3587997
K230_CARD_BENCH v=1 run=40563581580240 event=submit input_id=179 frame_id=1208 t_ns=40574789257188 update_cpu_ns=18850769 final=1
K230_CARD_BENCH v=1 run=40563581580240 event=submit input_id=178 frame_id=1208 t_ns=40574789257188 update_cpu_ns=18850769 final=0
K230_CARD_BENCH v=1 run=40563581580240 event=submit input_id=177 frame_id=1208 t_ns=40574789257188 update_cpu_ns=18850769 final=0
K230_CARD_BENCH v=1 run=40563581580240 event=present frame_id=1207 t_ns=40574773329000 presented=1 clock=monotonic
K230_CARD_BENCH v=1 run=40563581580240 event=input input_id=179 gesture_id=36 kind=release t_ns=40574760940604 source=injected
K230_CARD_SHELL state mode=1 actions=1 message=0 cards=2
K230_CARD_BENCH v=1 run=40563581580240 event=input input_id=178 gesture_id=36 kind=motion t_ns=40574760152610 source=injected
K230_CARD_SHELL state mode=2 actions=1 message=0 cards=2
K230_CARD_BENCH v=1 run=40563581580240 event=input input_id=177 gesture_id=36 kind=motion t_ns=40574757308711 source=injected
K230_CARD_SHELL state mode=2 actions=1 message=0 cards=2
K230_CARD_BENCH v=1 run=40563581580240 event=resource phase=active t_ns=40574756607358 cpu_ns=26938819000 memory_bytes=27615232 scope=session
K230_CARD_BENCH v=1 run=40563581580240 event=resource phase=active t_ns=40574756607358 cpu_ns=16408154556 memory_bytes=34349056 scope=compositor
K230_CARD_SHELL frame-cost run=40563581580240 frame_id=1207 total_cpu_ns=22691202 render_cpu_ns=20055245 input_cpu_ns=2319809
K230_CARD_BENCH v=1 run=40563581580240 event=submit input_id=176 frame_id=1207 t_ns=40574755685568 update_cpu_ns=22691202 final=0
K230_CARD_BENCH v=1 run=40563581580240 event=submit input_id=175 frame_id=1207 t_ns=40574755685568 update_cpu_ns=22691202 final=0
K230_CARD_BENCH v=1 run=40563581580240 event=submit input_id=174 frame_id=1207 t_ns=40574755685568 update_cpu_ns=22691202 final=0
K230_CARD_BENCH v=1 run=40563581580240 event=submit input_id=173 frame_id=1207 t_ns=40574755685568 update_cpu_ns=22691202 final=0
K230_CARD_BENCH v=1 run=40563581580240 event=present frame_id=1206 t_ns=40574715837000 presented=1 clock=monotonic
K230_CARD_BENCH v=1 run=40563581580240 event=input input_id=176 gesture_id=36 kind=motion t_ns=40574716947313 source=injected
K230_CARD_SHELL state mode=2 actions=1 message=0 cards=2
K230_CARD_BENCH v=1 run=40563581580240 event=input input_id=175 gesture_id=36 kind=motion t_ns=40574716166875 source=injected
K230_CARD_SHELL state mode=2 actions=1 message=0 cards=2
K230_CARD_BENCH v=1 run=40563581580240 event=input input_id=174 gesture_id=36 kind=motion t_ns=40574714333519 source=injected
K230_CARD_SHELL state mode=2 actions=1 message=0 cards=2
K230_CARD_BENCH v=1 run=40563581580240 event=input input_id=173 gesture_id=36 kind=motion t_ns=40574708355127 source=injected
K230_CARD_SHELL state mode=2 actions=1 message=0 cards=2
K230_CARD_SHELL frame-cost run=40563581580240 frame_id=1206 total_cpu_ns=25364358 render_cpu_ns=20269023 input_cpu_ns=4382337
K230_CARD_BENCH v=1 run=40563581580240 event=submit input_id=172 frame_id=1206 t_ns=40574703031563 update_cpu_ns=25364358 final=0
K230_CARD_BENCH v=1 run=40563581580240 event=submit input_id=171 frame_id=1206 t_ns=40574703031563 update_cpu_ns=25364358 final=0
K230_CARD_BENCH v=1 run=40563581580240 event=submit input_id=170 frame_id=1206 t_ns=40574703031563 update_cpu_ns=25364358 final=0
K230_CARD_BENCH v=1 run=40563581580240 event=submit input_id=169 frame_id=1206 t_ns=40574703031563 update_cpu_ns=25364358 final=0
K230_CARD_BENCH v=1 run=40563581580240 event=submit input_id=168 frame_id=1206 t_ns=40574703031563 update_cpu_ns=25364358 final=0
K230_CARD_BENCH v=1 run=40563581580240 event=submit input_id=167 frame_id=1206 t_ns=40574703031563 update_cpu_ns=25364358 final=0
K230_CARD_BENCH v=1 run=40563581580240 event=submit input_id=166 frame_id=1206 t_ns=40574703031563 update_cpu_ns=25364358 final=0
K230_CARD_BENCH v=1 run=40563581580240 event=submit input_id=165 frame_id=1206 t_ns=40574703031563 update_cpu_ns=25364358 final=0
K230_CARD_BENCH v=1 run=40563581580240 event=present frame_id=1205 t_ns=40574677508000 presented=1 clock=monotonic
K230_CARD_BENCH v=1 run=40563581580240 event=input input_id=172 gesture_id=36 kind=motion t_ns=40574675678460 source=injected
K230_CARD_SHELL state mode=2 actions=1 message=0 cards=2
K230_CARD_BENCH v=1 run=40563581580240 event=input input_id=171 gesture_id=36 kind=motion t_ns=40574675000073 source=injected
K230_CARD_SHELL state mode=2 actions=1 message=0 cards=2
K230_CARD_BENCH v=1 run=40563581580240 event=input input_id=170 gesture_id=36 kind=motion t_ns=40574671510014 source=injected
K230_CARD_SHELL state mode=2 actions=1 message=0 cards=2
K230_CARD_BENCH v=1 run=40563581580240 event=input input_id=169 gesture_id=36 kind=motion t_ns=40574670833998 source=injected
K230_CARD_SHELL state mode=2 actions=1 message=0 cards=2
K230_CARD_BENCH v=1 run=40563581580240 event=input input_id=168 gesture_id=36 kind=motion t_ns=40574669327833 source=injected
K230_CARD_SHELL state mode=2 actions=1 message=0 cards=2
K230_CARD_BENCH v=1 run=40563581580240 event=input input_id=167 gesture_id=36 kind=motion t_ns=40574667769810 source=injected
K230_CARD_SHELL state mode=2 actions=1 message=0 cards=2
K230_CARD_BENCH v=1 run=40563581580240 event=input input_id=166 gesture_id=36 kind=motion t_ns=40574666344175 source=injected
K230_CARD_SHELL state mode=2 actions=1 message=0 cards=2
K230_CARD_BENCH v=1 run=40563581580240 event=input input_id=165 gesture_id=36 kind=motion t_ns=40574663694895 source=injected
K230_CARD_SHELL state mode=2 actions=1 message=0 cards=2
K230_CARD_BENCH v=1 run=40563581580240 event=present frame_id=1204 t_ns=40574639180000 presented=1 clock=monotonic
K230_CARD_SHELL frame-cost run=40563581580240 frame_id=1204 total_cpu_ns=19161491 render_cpu_ns=17289524 input_cpu_ns=1428672
K230_CARD_BENCH v=1 run=40563581580240 event=submit input_id=164 frame_id=1204 t_ns=40574628517264 update_cpu_ns=19161491 final=0
K230_CARD_BENCH v=1 run=40563581580240 event=submit input_id=163 frame_id=1204 t_ns=40574628517264 update_cpu_ns=19161491 final=0
K230_CARD_BENCH v=1 run=40563581580240 event=submit input_id=162 frame_id=1204 t_ns=40574628517264 update_cpu_ns=19161491 final=0
K230_CARD_BENCH v=1 run=40563581580240 event=submit input_id=161 frame_id=1204 t_ns=40574628517264 update_cpu_ns=19161491 final=0
K230_CARD_BENCH v=1 run=40563581580240 event=present frame_id=1203 t_ns=40574600855000 presented=1 clock=monotonic
K230_CARD_BENCH v=1 run=40563581580240 event=input input_id=164 gesture_id=36 kind=motion t_ns=40574601137751 source=injected
K230_CARD_SHELL state mode=2 actions=1 message=0 cards=2
K230_CARD_BENCH v=1 run=40563581580240 event=input input_id=163 gesture_id=36 kind=motion t_ns=40574595964800 source=injected
K230_CARD_SHELL state mode=2 actions=1 message=0 cards=2
K230_CARD_BENCH v=1 run=40563581580240 event=input input_id=162 gesture_id=36 kind=motion t_ns=40574595499293 source=injected
K230_CARD_SHELL state mode=2 actions=1 message=0 cards=2
K230_CARD_BENCH v=1 run=40563581580240 event=input input_id=161 gesture_id=36 kind=motion t_ns=40574594409147 source=injected
K230_CARD_SHELL state mode=2 actions=1 message=0 cards=2
K230_CARD_SHELL live cards=2 commits=759 sampled=1492 frame-done=1494 output-presented=692
K230_CARD_SHELL frame-cost run=40563581580240 frame_id=1203 total_cpu_ns=15368355 render_cpu_ns=14730687 input_cpu_ns=421038
K230_CARD_BENCH v=1 run=40563581580240 event=submit input_id=160 frame_id=1203 t_ns=40574589312354 update_cpu_ns=15368355 final=0
K230_CARD_BENCH v=1 run=40563581580240 event=submit input_id=159 frame_id=1203 t_ns=40574589312354 update_cpu_ns=15368355 final=0
K230_CARD_BENCH v=1 run=40563581580240 event=present frame_id=1202 t_ns=40574562523000 presented=1 clock=monotonic
K230_CARD_BENCH v=1 run=40563581580240 event=input input_id=160 gesture_id=36 kind=motion t_ns=40574560550063 source=injected
K230_CARD_SHELL state mode=2 actions=1 message=0 cards=2
K230_CARD_BENCH v=1 run=40563581580240 event=input input_id=159 gesture_id=36 kind=motion t_ns=40574560303141 source=injected
K230_CARD_SHELL state mode=2 actions=1 message=0 cards=2
K230_CARD_BENCH v=1 run=40563581580240 event=present frame_id=1201 t_ns=40574543361000 presented=1 clock=monotonic
K230_CARD_SHELL state mode=2 actions=1 message=0 cards=2
K230_CARD_BENCH v=1 run=40563581580240 event=present frame_id=1200 t_ns=40574505033000 presented=1 clock=monotonic
K230_CARD_BENCH v=1 run=40563581580240 event=present frame_id=1199 t_ns=40574485869000 presented=1 clock=monotonic
K230_CARD_BENCH v=1 run=40563581580240 event=present frame_id=1198 t_ns=40574447540000 presented=1 clock=monotonic
K230_CARD_BENCH v=1 run=40563581580240 event=present frame_id=1197 t_ns=40574428378000 presented=1 clock=monotonic
K230_CARD_BENCH v=1 run=40563581580240 event=present frame_id=1196 t_ns=40574370888000 presented=1 clock=monotonic
K230_CARD_BENCH v=1 run=40563581580240 event=present frame_id=1195 t_ns=40574332559000 presented=1 clock=monotonic
K230_CARD_BENCH v=1 run=40563581580240 event=present frame_id=1194 t_ns=40574294231000 presented=1 clock=monotonic
K230_CARD_BENCH v=1 run=40563581580240 event=present frame_id=1193 t_ns=40574275069000 presented=1 clock=monotonic
K230_CARD_BENCH v=1 run=40563581580240 event=present frame_id=1192 t_ns=40574255906000 presented=1 clock=monotonic
K230_CARD_SHELL frame-cost run=40563581580240 frame_id=1192 total_cpu_ns=19232116 render_cpu_ns=14178006 input_cpu_ns=4623738
K230_CARD_BENCH v=1 run=40563581580240 event=submit input_id=158 frame_id=1192 t_ns=40574253519817 update_cpu_ns=19232116 final=1
K230_CARD_BENCH v=1 run=40563581580240 event=submit input_id=157 frame_id=1192 t_ns=40574253519817 update_cpu_ns=19232116 final=0
K230_CARD_BENCH v=1 run=40563581580240 event=submit input_id=156 frame_id=1192 t_ns=40574253519817 update_cpu_ns=19232116 final=0
K230_CARD_BENCH v=1 run=40563581580240 event=submit input_id=155 frame_id=1192 t_ns=40574253519817 update_cpu_ns=19232116 final=0
K230_CARD_BENCH v=1 run=40563581580240 event=submit input_id=154 frame_id=1192 t_ns=40574253519817 update_cpu_ns=19232116 final=0
K230_CARD_BENCH v=1 run=40563581580240 event=present frame_id=1191 t_ns=40574217578000 presented=1 clock=monotonic
K230_CARD_BENCH v=1 run=40563581580240 event=input input_id=158 gesture_id=35 kind=release t_ns=40574221770422 source=injected
K230_CARD_SHELL state mode=1 actions=1 message=0 cards=2
K230_CARD_BENCH v=1 run=40563581580240 event=input input_id=157 gesture_id=35 kind=motion t_ns=40574221100222 source=injected
K230_CARD_SHELL state mode=2 actions=1 message=0 cards=2
K230_CARD_BENCH v=1 run=40563581580240 event=input input_id=156 gesture_id=35 kind=motion t_ns=40574216952815 source=injected
K230_CARD_SHELL state mode=2 actions=1 message=0 cards=2
K230_CARD_BENCH v=1 run=40563581580240 event=input input_id=155 gesture_id=35 kind=motion t_ns=40574210692904 source=injected
K230_CARD_SHELL state mode=2 actions=1 message=0 cards=2
K230_CARD_BENCH v=1 run=40563581580240 event=input input_id=154 gesture_id=35 kind=motion t_ns=40574209997366 source=injected
K230_CARD_SHELL state mode=2 actions=1 message=0 cards=2
K230_CARD_SHELL frame-cost run=40563581580240 frame_id=1191 total_cpu_ns=25301702 render_cpu_ns=20055855 input_cpu_ns=4567291
K230_CARD_BENCH v=1 run=40563581580240 event=submit input_id=153 frame_id=1191 t_ns=40574201586204 update_cpu_ns=25301702 final=0
K230_CARD_BENCH v=1 run=40563581580240 event=submit input_id=152 frame_id=1191 t_ns=40574201586204 update_cpu_ns=25301702 final=0
K230_CARD_BENCH v=1 run=40563581580240 event=submit input_id=151 frame_id=1191 t_ns=40574201586204 update_cpu_ns=25301702 final=0
K230_CARD_BENCH v=1 run=40563581580240 event=submit input_id=150 frame_id=1191 t_ns=40574201586204 update_cpu_ns=25301702 final=0
K230_CARD_BENCH v=1 run=40563581580240 event=submit input_id=149 frame_id=1191 t_ns=40574201586204 update_cpu_ns=25301702 final=0
K230_CARD_BENCH v=1 run=40563581580240 event=submit input_id=148 frame_id=1191 t_ns=40574201586204 update_cpu_ns=25301702 final=0
K230_CARD_BENCH v=1 run=40563581580240 event=submit input_id=147 frame_id=1191 t_ns=40574201586204 update_cpu_ns=25301702 final=0
K230_CARD_BENCH v=1 run=40563581580240 event=submit input_id=146 frame_id=1191 t_ns=40574201586204 update_cpu_ns=25301702 final=0
K230_CARD_BENCH v=1 run=40563581580240 event=submit input_id=145 frame_id=1191 t_ns=40574201586204 update_cpu_ns=25301702 final=0
K230_CARD_BENCH v=1 run=40563581580240 event=present frame_id=1190 t_ns=40574179249000 presented=1 clock=monotonic
K230_CARD_BENCH v=1 run=40563581580240 event=input input_id=153 gesture_id=35 kind=motion t_ns=40574175032098 source=injected
K230_CARD_SHELL state mode=2 actions=1 message=0 cards=2
K230_CARD_BENCH v=1 run=40563581580240 event=input input_id=152 gesture_id=35 kind=motion t_ns=40574174267329 source=injected
K230_CARD_SHELL state mode=2 actions=1 message=0 cards=2
K230_CARD_BENCH v=1 run=40563581580240 event=input input_id=151 gesture_id=35 kind=motion t_ns=40574169632412 source=injected
K230_CARD_SHELL state mode=2 actions=1 message=0 cards=2
K230_CARD_BENCH v=1 run=40563581580240 event=input input_id=150 gesture_id=35 kind=motion t_ns=40574168308050 source=injected
K230_CARD_SHELL state mode=2 actions=1 message=0 cards=2
K230_CARD_BENCH v=1 run=40563581580240 event=input input_id=149 gesture_id=35 kind=motion t_ns=40574166493030 source=injected
K230_CARD_SHELL state mode=2 actions=1 message=0 cards=2
K230_CARD_BENCH v=1 run=40563581580240 event=input input_id=148 gesture_id=35 kind=motion t_ns=40574164810805 source=injected
K230_CARD_SHELL state mode=2 actions=1 message=0 cards=2
K230_CARD_BENCH v=1 run=40563581580240 event=input input_id=147 gesture_id=35 kind=motion t_ns=40574162956520 source=injected
K230_CARD_SHELL state mode=2 actions=1 message=0 cards=2
K230_CARD_BENCH v=1 run=40563581580240 event=input input_id=146 gesture_id=35 kind=motion t_ns=40574161776251 source=injected
K230_CARD_SHELL state mode=2 actions=1 message=0 cards=2
K230_CARD_BENCH v=1 run=40563581580240 event=input input_id=145 gesture_id=35 kind=motion t_ns=40574161007963 source=injected
K230_CARD_SHELL state mode=2 actions=1 message=0 cards=2
K230_CARD_BENCH v=1 run=40563581580240 event=present frame_id=1189 t_ns=40574121759000 presented=1 clock=monotonic
K230_CARD_SHELL frame-cost run=40563581580240 frame_id=1189 total_cpu_ns=20312362 render_cpu_ns=18302580 input_cpu_ns=1739262
K230_CARD_BENCH v=1 run=40563581580240 event=submit input_id=144 frame_id=1189 t_ns=40574119090579 update_cpu_ns=20312362 final=0
K230_CARD_BENCH v=1 run=40563581580240 event=submit input_id=143 frame_id=1189 t_ns=40574119090579 update_cpu_ns=20312362 final=0
K230_CARD_BENCH v=1 run=40563581580240 event=submit input_id=142 frame_id=1189 t_ns=40574119090579 update_cpu_ns=20312362 final=0
K230_CARD_BENCH v=1 run=40563581580240 event=submit input_id=141 frame_id=1189 t_ns=40574119090579 update_cpu_ns=20312362 final=0
K230_CARD_BENCH v=1 run=40563581580240 event=present frame_id=1188 t_ns=40574083431000 presented=1 clock=monotonic
K230_CARD_BENCH v=1 run=40563581580240 event=input input_id=144 gesture_id=35 kind=motion t_ns=40574082845176 source=injected
K230_CARD_SHELL state mode=2 actions=1 message=0 cards=2
K230_CARD_BENCH v=1 run=40563581580240 event=input input_id=143 gesture_id=35 kind=motion t_ns=40574077262392 source=injected
K230_CARD_SHELL state mode=2 actions=1 message=0 cards=2
K230_CARD_BENCH v=1 run=40563581580240 event=input input_id=142 gesture_id=35 kind=motion t_ns=40574076826668 source=injected
K230_CARD_SHELL state mode=2 actions=1 message=0 cards=2
K230_CARD_BENCH v=1 run=40563581580240 event=input input_id=141 gesture_id=35 kind=motion t_ns=40574076303412 source=injected
K230_CARD_SHELL state mode=2 actions=1 message=0 cards=2
K230_CARD_SHELL frame-cost run=40563581580240 frame_id=1188 total_cpu_ns=16136997 render_cpu_ns=15233180 input_cpu_ns=697704
K230_CARD_BENCH v=1 run=40563581580240 event=submit input_id=140 frame_id=1188 t_ns=40574071547480 update_cpu_ns=16136997 final=0
K230_CARD_BENCH v=1 run=40563581580240 event=submit input_id=139 frame_id=1188 t_ns=40574071547480 update_cpu_ns=16136997 final=0
K230_CARD_BENCH v=1 run=40563581580240 event=present frame_id=1187 t_ns=40574045103000 presented=1 clock=monotonic
K230_CARD_BENCH v=1 run=40563581580240 event=input input_id=140 gesture_id=35 kind=motion t_ns=40574044177449 source=injected
K230_CARD_SHELL state mode=2 actions=1 message=0 cards=2
K230_CARD_BENCH v=1 run=40563581580240 event=input input_id=139 gesture_id=35 kind=motion t_ns=40574042983697 source=injected
K230_CARD_SHELL state mode=2 actions=1 message=0 cards=2
K230_CARD_SHELL frame-cost run=40563581580240 frame_id=1187 total_cpu_ns=14407777 render_cpu_ns=13943333 input_cpu_ns=321591
K230_CARD_BENCH v=1 run=40563581580240 event=submit input_id=138 frame_id=1187 t_ns=40574041110261 update_cpu_ns=14407777 final=0
K230_CARD_BENCH v=1 run=40563581580240 event=present frame_id=1186 t_ns=40574025939000 presented=1 clock=monotonic
K230_CARD_BENCH v=1 run=40563581580240 event=input input_id=138 gesture_id=35 kind=motion t_ns=40574023035511 source=injected
K230_CARD_SHELL state mode=2 actions=1 message=0 cards=2
K230_CARD_SHELL state mode=2 actions=1 message=0 cards=2
K230_CARD_BENCH v=1 run=40563581580240 event=present frame_id=1185 t_ns=40573987611000 presented=1 clock=monotonic
K230_CARD_BENCH v=1 run=40563581580240 event=present frame_id=1184 t_ns=40573968448000 presented=1 clock=monotonic
K230_CARD_BENCH v=1 run=40563581580240 event=present frame_id=1183 t_ns=40573930121000 presented=1 clock=monotonic
K230_CARD_BENCH v=1 run=40563581580240 event=present frame_id=1182 t_ns=40573891792000 presented=1 clock=monotonic
K230_CARD_BENCH v=1 run=40563581580240 event=present frame_id=1181 t_ns=40573853464000 presented=1 clock=monotonic
K230_CARD_BENCH v=1 run=40563581580240 event=present frame_id=1180 t_ns=40573795975000 presented=1 clock=monotonic
K230_CARD_SHELL frame-cost run=40563581580240 frame_id=1180 total_cpu_ns=19578248 render_cpu_ns=15151252 input_cpu_ns=3603367
K230_CARD_BENCH v=1 run=40563581580240 event=submit input_id=137 frame_id=1180 t_ns=40573785726996 update_cpu_ns=19578248 final=1
K230_CARD_BENCH v=1 run=40563581580240 event=submit input_id=136 frame_id=1180 t_ns=40573785726996 update_cpu_ns=19578248 final=0
K230_CARD_BENCH v=1 run=40563581580240 event=present frame_id=1179 t_ns=40573719318000 presented=1 clock=monotonic
K230_CARD_BENCH v=1 run=40563581580240 event=input input_id=137 gesture_id=34 kind=release t_ns=40573729301766 source=injected
K230_CARD_SHELL state mode=1 actions=1 message=0 cards=2
K230_CARD_BENCH v=1 run=40563581580240 event=input input_id=136 gesture_id=34 kind=motion t_ns=40573726209021 source=injected
K230_CARD_SHELL state mode=2 actions=1 message=0 cards=2
K230_CARD_BENCH v=1 run=40563581580240 event=resource phase=active t_ns=40573721323297 cpu_ns=26236403000 memory_bytes=27611136 scope=session
K230_CARD_BENCH v=1 run=40563581580240 event=resource phase=active t_ns=40573721323297 cpu_ns=15911686759 memory_bytes=34349056 scope=compositor
K230_CARD_SHELL frame-cost run=40563581580240 frame_id=1179 total_cpu_ns=26507205 render_cpu_ns=20429172 input_cpu_ns=5256404
K230_CARD_BENCH v=1 run=40563581580240 event=submit input_id=135 frame_id=1179 t_ns=40573710673732 update_cpu_ns=26507205 final=0
K230_CARD_BENCH v=1 run=40563581580240 event=submit input_id=134 frame_id=1179 t_ns=40573710673732 update_cpu_ns=26507205 final=0
K230_CARD_BENCH v=1 run=40563581580240 event=submit input_id=133 frame_id=1179 t_ns=40573710673732 update_cpu_ns=26507205 final=0
K230_CARD_BENCH v=1 run=40563581580240 event=submit input_id=132 frame_id=1179 t_ns=40573710673732 update_cpu_ns=26507205 final=0
K230_CARD_BENCH v=1 run=40563581580240 event=submit input_id=131 frame_id=1179 t_ns=40573710673732 update_cpu_ns=26507205 final=0
K230_CARD_BENCH v=1 run=40563581580240 event=submit input_id=130 frame_id=1179 t_ns=40573710673732 update_cpu_ns=26507205 final=0
K230_CARD_BENCH v=1 run=40563581580240 event=submit input_id=129 frame_id=1179 t_ns=40573710673732 update_cpu_ns=26507205 final=0
K230_CARD_BENCH v=1 run=40563581580240 event=submit input_id=128 frame_id=1179 t_ns=40573710673732 update_cpu_ns=26507205 final=0
K230_CARD_BENCH v=1 run=40563581580240 event=present frame_id=1178 t_ns=40573680991000 presented=1 clock=monotonic
K230_CARD_BENCH v=1 run=40563581580240 event=input input_id=135 gesture_id=34 kind=motion t_ns=40573683338649 source=injected
K230_CARD_SHELL state mode=2 actions=1 message=0 cards=2
K230_CARD_BENCH v=1 run=40563581580240 event=input input_id=134 gesture_id=34 kind=motion t_ns=40573681127503 source=injected
K230_CARD_SHELL state mode=2 actions=1 message=0 cards=2
K230_CARD_BENCH v=1 run=40563581580240 event=input input_id=133 gesture_id=34 kind=motion t_ns=40573676278932 source=injected
K230_CARD_SHELL state mode=2 actions=1 message=0 cards=2
K230_CARD_BENCH v=1 run=40563581580240 event=input input_id=132 gesture_id=34 kind=motion t_ns=40573674021521 source=injected
K230_CARD_SHELL state mode=2 actions=1 message=0 cards=2
K230_CARD_BENCH v=1 run=40563581580240 event=input input_id=131 gesture_id=34 kind=motion t_ns=40573672925116 source=injected
K230_CARD_SHELL state mode=2 actions=1 message=0 cards=2
K230_CARD_BENCH v=1 run=40563581580240 event=input input_id=130 gesture_id=34 kind=motion t_ns=40573670241907 source=injected
K230_CARD_SHELL state mode=2 actions=1 message=0 cards=2
K230_CARD_BENCH v=1 run=40563581580240 event=input input_id=129 gesture_id=34 kind=motion t_ns=40573667919783 source=injected
K230_CARD_SHELL state mode=2 actions=1 message=0 cards=2
K230_CARD_BENCH v=1 run=40563581580240 event=input input_id=128 gesture_id=34 kind=motion t_ns=40573665690412 source=injected
K230_CARD_SHELL state mode=2 actions=1 message=0 cards=2
K230_CARD_BENCH v=1 run=40563581580240 event=present frame_id=1177 t_ns=40573642664000 presented=1 clock=monotonic
K230_CARD_SHELL frame-cost run=40563581580240 frame_id=1177 total_cpu_ns=21492699 render_cpu_ns=19111216 input_cpu_ns=2102890
K230_CARD_BENCH v=1 run=40563581580240 event=submit input_id=127 frame_id=1177 t_ns=40573638001579 update_cpu_ns=21492699 final=0
K230_CARD_BENCH v=1 run=40563581580240 event=submit input_id=126 frame_id=1177 t_ns=40573638001579 update_cpu_ns=21492699 final=0
K230_CARD_BENCH v=1 run=40563581580240 event=submit input_id=125 frame_id=1177 t_ns=40573638001579 update_cpu_ns=21492699 final=0
K230_CARD_BENCH v=1 run=40563581580240 event=submit input_id=124 frame_id=1177 t_ns=40573638001579 update_cpu_ns=21492699 final=0
K230_CARD_BENCH v=1 run=40563581580240 event=present frame_id=1176 t_ns=40573604335000 presented=1 clock=monotonic
K230_CARD_BENCH v=1 run=40563581580240 event=input input_id=127 gesture_id=34 kind=motion t_ns=40573602479259 source=injected
K230_CARD_SHELL state mode=2 actions=1 message=0 cards=2
K230_CARD_BENCH v=1 run=40563581580240 event=input input_id=126 gesture_id=34 kind=motion t_ns=40573598711128 source=injected
K230_CARD_SHELL state mode=2 actions=1 message=0 cards=2
K230_CARD_BENCH v=1 run=40563581580240 event=input input_id=125 gesture_id=34 kind=motion t_ns=40573597193704 source=injected
K230_CARD_SHELL state mode=2 actions=1 message=0 cards=2
K230_CARD_BENCH v=1 run=40563581580240 event=input input_id=124 gesture_id=34 kind=motion t_ns=40573591799171 source=injected
K230_CARD_SHELL state mode=2 actions=1 message=0 cards=2
K230_CARD_SHELL frame-cost run=40563581580240 frame_id=1176 total_cpu_ns=20213640 render_cpu_ns=17257605 input_cpu_ns=2674744
K230_CARD_BENCH v=1 run=40563581580240 event=submit input_id=123 frame_id=1176 t_ns=40573585569528 update_cpu_ns=20213640 final=0
K230_CARD_BENCH v=1 run=40563581580240 event=submit input_id=122 frame_id=1176 t_ns=40573585569528 update_cpu_ns=20213640 final=0
K230_CARD_BENCH v=1 run=40563581580240 event=submit input_id=121 frame_id=1176 t_ns=40573585569528 update_cpu_ns=20213640 final=0
K230_CARD_BENCH v=1 run=40563581580240 event=submit input_id=120 frame_id=1176 t_ns=40573585569528 update_cpu_ns=20213640 final=0
K230_CARD_BENCH v=1 run=40563581580240 event=submit input_id=119 frame_id=1176 t_ns=40573585569528 update_cpu_ns=20213640 final=0
K230_CARD_BENCH v=1 run=40563581580240 event=submit input_id=118 frame_id=1176 t_ns=40573585569528 update_cpu_ns=20213640 final=0
K230_CARD_BENCH v=1 run=40563581580240 event=present frame_id=1175 t_ns=40573566007000 presented=1 clock=monotonic
K230_CARD_BENCH v=1 run=40563581580240 event=input input_id=123 gesture_id=34 kind=motion t_ns=40573561954866 source=injected
K230_CARD_SHELL state mode=2 actions=1 message=0 cards=2
K230_CARD_BENCH v=1 run=40563581580240 event=input input_id=122 gesture_id=34 kind=motion t_ns=40573559512097 source=injected
K230_CARD_SHELL state mode=2 actions=1 message=0 cards=2
K230_CARD_BENCH v=1 run=40563581580240 event=input input_id=121 gesture_id=34 kind=motion t_ns=40573558272599 source=injected
K230_CARD_SHELL state mode=2 actions=1 message=0 cards=2
K230_CARD_BENCH v=1 run=40563581580240 event=input input_id=120 gesture_id=34 kind=motion t_ns=40573557750566 source=injected
K230_CARD_SHELL state mode=2 actions=1 message=0 cards=2
K230_CARD_BENCH v=1 run=40563581580240 event=input input_id=119 gesture_id=34 kind=motion t_ns=40573555817309 source=injected
K230_CARD_SHELL state mode=2 actions=1 message=0 cards=2
K230_CARD_BENCH v=1 run=40563581580240 event=input input_id=118 gesture_id=34 kind=motion t_ns=40573553817747 source=injected
K230_CARD_SHELL state mode=2 actions=1 message=0 cards=2
K230_CARD_BENCH v=1 run=40563581580240 event=present frame_id=1174 t_ns=40573527680000 presented=1 clock=monotonic
K230_CARD_SHELL frame-cost run=40563581580240 frame_id=1174 total_cpu_ns=14647315 render_cpu_ns=14013499 input_cpu_ns=487408
K230_CARD_BENCH v=1 run=40563581580240 event=submit input_id=117 frame_id=1174 t_ns=40573524677276 update_cpu_ns=14647315 final=0
K230_CARD_BENCH v=1 run=40563581580240 event=present frame_id=1173 t_ns=40573508516000 presented=1 clock=monotonic
K230_CARD_BENCH v=1 run=40563581580240 event=input input_id=117 gesture_id=34 kind=motion t_ns=40573501652027 source=injected
K230_CARD_SHELL state mode=2 actions=1 message=0 cards=2
K230_CARD_SHELL state mode=2 actions=1 message=0 cards=2
K230_CARD_BENCH v=1 run=40563581580240 event=present frame_id=1172 t_ns=40573470186000 presented=1 clock=monotonic
K230_CARD_BENCH v=1 run=40563581580240 event=present frame_id=1171 t_ns=40573451024000 presented=1 clock=monotonic
K230_CARD_BENCH v=1 run=40563581580240 event=present frame_id=1170 t_ns=40573412697000 presented=1 clock=monotonic
K230_CARD_BENCH v=1 run=40563581580240 event=present frame_id=1169 t_ns=40573393533000 presented=1 clock=monotonic
K230_CARD_BENCH v=1 run=40563581580240 event=present frame_id=1168 t_ns=40573355204000 presented=1 clock=monotonic
K230_CARD_BENCH v=1 run=40563581580240 event=present frame_id=1167 t_ns=40573336043000 presented=1 clock=monotonic
K230_CARD_BENCH v=1 run=40563581580240 event=present frame_id=1166 t_ns=40573297714000 presented=1 clock=monotonic
K230_CARD_BENCH v=1 run=40563581580240 event=present frame_id=1165 t_ns=40573278551000 presented=1 clock=monotonic
K230_CARD_BENCH v=1 run=40563581580240 event=present frame_id=1164 t_ns=40573221060000 presented=1 clock=monotonic
K230_CARD_SHELL frame-cost run=40563581580240 frame_id=1164 total_cpu_ns=19661140 render_cpu_ns=14482921 input_cpu_ns=4583106
K230_CARD_BENCH v=1 run=40563581580240 event=submit input_id=116 frame_id=1164 t_ns=40573216380138 update_cpu_ns=19661140 final=1
K230_CARD_BENCH v=1 run=40563581580240 event=submit input_id=115 frame_id=1164 t_ns=40573216380138 update_cpu_ns=19661140 final=0
K230_CARD_BENCH v=1 run=40563581580240 event=submit input_id=114 frame_id=1164 t_ns=40573216380138 update_cpu_ns=19661140 final=0
K230_CARD_BENCH v=1 run=40563581580240 event=submit input_id=113 frame_id=1164 t_ns=40573216380138 update_cpu_ns=19661140 final=0
K230_CARD_BENCH v=1 run=40563581580240 event=present frame_id=1163 t_ns=40573182734000 presented=1 clock=monotonic
K230_CARD_BENCH v=1 run=40563581580240 event=input input_id=116 gesture_id=33 kind=release t_ns=40573181393926 source=injected
K230_CARD_SHELL state mode=1 actions=1 message=0 cards=2
K230_CARD_BENCH v=1 run=40563581580240 event=input input_id=115 gesture_id=33 kind=motion t_ns=40573179688699 source=injected
K230_CARD_SHELL state mode=2 actions=1 message=0 cards=2
K230_CARD_BENCH v=1 run=40563581580240 event=input input_id=114 gesture_id=33 kind=motion t_ns=40573178218800 source=injected
K230_CARD_SHELL state mode=2 actions=1 message=0 cards=2
K230_CARD_BENCH v=1 run=40563581580240 event=input input_id=113 gesture_id=33 kind=motion t_ns=40573177232854 source=injected
K230_CARD_SHELL state mode=2 actions=1 message=0 cards=2
K230_CARD_SHELL frame-cost run=40563581580240 frame_id=1163 total_cpu_ns=21951199 render_cpu_ns=19700979 input_cpu_ns=1883072
K230_CARD_BENCH v=1 run=40563581580240 event=submit input_id=112 frame_id=1163 t_ns=40573171028287 update_cpu_ns=21951199 final=0
K230_CARD_BENCH v=1 run=40563581580240 event=submit input_id=111 frame_id=1163 t_ns=40573171028287 update_cpu_ns=21951199 final=0
K230_CARD_BENCH v=1 run=40563581580240 event=submit input_id=110 frame_id=1163 t_ns=40573171028287 update_cpu_ns=21951199 final=0
K230_CARD_BENCH v=1 run=40563581580240 event=submit input_id=109 frame_id=1163 t_ns=40573171028287 update_cpu_ns=21951199 final=0
K230_CARD_BENCH v=1 run=40563581580240 event=present frame_id=1162 t_ns=40573144406000 presented=1 clock=monotonic
K230_CARD_BENCH v=1 run=40563581580240 event=input input_id=112 gesture_id=33 kind=motion t_ns=40573147394439 source=injected
K230_CARD_SHELL state mode=2 actions=1 message=0 cards=2
K230_CARD_BENCH v=1 run=40563581580240 event=input input_id=111 gesture_id=33 kind=motion t_ns=40573145564825 source=injected
K230_CARD_SHELL state mode=2 actions=1 message=0 cards=2
K230_CARD_BENCH v=1 run=40563581580240 event=input input_id=110 gesture_id=33 kind=motion t_ns=40573144964634 source=injected
K230_CARD_SHELL state mode=2 actions=1 message=0 cards=2
K230_CARD_BENCH v=1 run=40563581580240 event=input input_id=109 gesture_id=33 kind=motion t_ns=40573144202681 source=injected
K230_CARD_SHELL state mode=2 actions=1 message=0 cards=2
K230_CARD_SHELL frame-cost run=40563581580240 frame_id=1162 total_cpu_ns=21803413 render_cpu_ns=19687412 input_cpu_ns=1821779
K230_CARD_BENCH v=1 run=40563581580240 event=submit input_id=108 frame_id=1162 t_ns=40573140915762 update_cpu_ns=21803413 final=0
K230_CARD_BENCH v=1 run=40563581580240 event=submit input_id=107 frame_id=1162 t_ns=40573140915762 update_cpu_ns=21803413 final=0
K230_CARD_BENCH v=1 run=40563581580240 event=submit input_id=106 frame_id=1162 t_ns=40573140915762 update_cpu_ns=21803413 final=0
K230_CARD_BENCH v=1 run=40563581580240 event=submit input_id=105 frame_id=1162 t_ns=40573140915762 update_cpu_ns=21803413 final=0
K230_CARD_BENCH v=1 run=40563581580240 event=present frame_id=1161 t_ns=40573106077000 presented=1 clock=monotonic
K230_CARD_BENCH v=1 run=40563581580240 event=input input_id=108 gesture_id=33 kind=motion t_ns=40573103805230 source=injected
K230_CARD_SHELL state mode=2 actions=1 message=0 cards=2
K230_CARD_BENCH v=1 run=40563581580240 event=input input_id=107 gesture_id=33 kind=motion t_ns=40573100661812 source=injected
K230_CARD_SHELL state mode=2 actions=1 message=0 cards=2
K230_CARD_BENCH v=1 run=40563581580240 event=input input_id=106 gesture_id=33 kind=motion t_ns=40573098515638 source=injected
K230_CARD_SHELL state mode=2 actions=1 message=0 cards=2
K230_CARD_BENCH v=1 run=40563581580240 event=input input_id=105 gesture_id=33 kind=motion t_ns=40573097941339 source=injected
K230_CARD_SHELL state mode=2 actions=1 message=0 cards=2
K230_CARD_SHELL frame-cost run=40563581580240 frame_id=1161 total_cpu_ns=21873535 render_cpu_ns=18074089 input_cpu_ns=3542741
K230_CARD_BENCH v=1 run=40563581580240 event=submit input_id=104 frame_id=1161 t_ns=40573088612320 update_cpu_ns=21873535 final=0
K230_CARD_BENCH v=1 run=40563581580240 event=submit input_id=103 frame_id=1161 t_ns=40573088612320 update_cpu_ns=21873535 final=0
K230_CARD_BENCH v=1 run=40563581580240 event=submit input_id=102 frame_id=1161 t_ns=40573088612320 update_cpu_ns=21873535 final=0
K230_CARD_BENCH v=1 run=40563581580240 event=submit input_id=101 frame_id=1161 t_ns=40573088612320 update_cpu_ns=21873535 final=0
K230_CARD_BENCH v=1 run=40563581580240 event=submit input_id=100 frame_id=1161 t_ns=40573088612320 update_cpu_ns=21873535 final=0
K230_CARD_BENCH v=1 run=40563581580240 event=submit input_id=99 frame_id=1161 t_ns=40573088612320 update_cpu_ns=21873535 final=0
K230_CARD_BENCH v=1 run=40563581580240 event=submit input_id=98 frame_id=1161 t_ns=40573088612320 update_cpu_ns=21873535 final=0
K230_CARD_BENCH v=1 run=40563581580240 event=present frame_id=1160 t_ns=40573067749000 presented=1 clock=monotonic
K230_CARD_BENCH v=1 run=40563581580240 event=input input_id=104 gesture_id=33 kind=motion t_ns=40573060622262 source=injected
K230_CARD_SHELL state mode=2 actions=1 message=0 cards=2
K230_CARD_BENCH v=1 run=40563581580240 event=input input_id=103 gesture_id=33 kind=motion t_ns=40573057590969 source=injected
K230_CARD_SHELL state mode=2 actions=1 message=0 cards=2
K230_CARD_BENCH v=1 run=40563581580240 event=input input_id=102 gesture_id=33 kind=motion t_ns=40573057033858 source=injected
K230_CARD_SHELL state mode=2 actions=1 message=0 cards=2
K230_CARD_BENCH v=1 run=40563581580240 event=input input_id=101 gesture_id=33 kind=motion t_ns=40573055095304 source=injected
K230_CARD_SHELL state mode=2 actions=1 message=0 cards=2
K230_CARD_BENCH v=1 run=40563581580240 event=input input_id=100 gesture_id=33 kind=motion t_ns=40573053164788 source=injected
K230_CARD_SHELL state mode=2 actions=1 message=0 cards=2
K230_CARD_BENCH v=1 run=40563581580240 event=input input_id=99 gesture_id=33 kind=motion t_ns=40573051243754 source=injected
K230_CARD_SHELL state mode=2 actions=1 message=0 cards=2
K230_CARD_BENCH v=1 run=40563581580240 event=input input_id=98 gesture_id=33 kind=motion t_ns=40573049290494 source=injected
K230_CARD_SHELL state mode=2 actions=1 message=0 cards=2
K230_CARD_BENCH v=1 run=40563581580240 event=present frame_id=1159 t_ns=40573010260000 presented=1 clock=monotonic
K230_CARD_SHELL frame-cost run=40563581580240 frame_id=1159 total_cpu_ns=15473902 render_cpu_ns=14646347 input_cpu_ns=664259
K230_CARD_BENCH v=1 run=40563581580240 event=submit input_id=97 frame_id=1159 t_ns=40573007586982 update_cpu_ns=15473902 final=0
K230_CARD_BENCH v=1 run=40563581580240 event=submit input_id=96 frame_id=1159 t_ns=40573007586982 update_cpu_ns=15473902 final=0
K230_CARD_BENCH v=1 run=40563581580240 event=present frame_id=1158 t_ns=40572991094000 presented=1 clock=monotonic
K230_CARD_BENCH v=1 run=40563581580240 event=input input_id=97 gesture_id=33 kind=motion t_ns=40572989029512 source=injected
K230_CARD_SHELL state mode=2 actions=1 message=0 cards=2
K230_CARD_BENCH v=1 run=40563581580240 event=input input_id=96 gesture_id=33 kind=motion t_ns=40572981679830 source=injected
K230_CARD_SHELL state mode=2 actions=1 message=0 cards=2
K230_CARD_SHELL state mode=2 actions=1 message=0 cards=2
K230_CARD_BENCH v=1 run=40563581580240 event=present frame_id=1157 t_ns=40572952765000 presented=1 clock=monotonic
K230_CARD_BENCH v=1 run=40563581580240 event=present frame_id=1156 t_ns=40572933602000 presented=1 clock=monotonic
K230_CARD_BENCH v=1 run=40563581580240 event=present frame_id=1155 t_ns=40572895274000 presented=1 clock=monotonic
K230_CARD_BENCH v=1 run=40563581580240 event=present frame_id=1154 t_ns=40572876117000 presented=1 clock=monotonic
K230_CARD_BENCH v=1 run=40563581580240 event=present frame_id=1153 t_ns=40572837783000 presented=1 clock=monotonic
K230_CARD_BENCH v=1 run=40563581580240 event=present frame_id=1152 t_ns=40572818620000 presented=1 clock=monotonic
K230_CARD_BENCH v=1 run=40563581580240 event=present frame_id=1151 t_ns=40572780291000 presented=1 clock=monotonic
K230_CARD_BENCH v=1 run=40563581580240 event=present frame_id=1150 t_ns=40572761128000 presented=1 clock=monotonic
K230_CARD_BENCH v=1 run=40563581580240 event=present frame_id=1149 t_ns=40572722801000 presented=1 clock=monotonic
K230_CARD_SHELL frame-cost run=40563581580240 frame_id=1149 total_cpu_ns=20782521 render_cpu_ns=14161927 input_cpu_ns=4960777
K230_CARD_BENCH v=1 run=40563581580240 event=submit input_id=95 frame_id=1149 t_ns=40572716740676 update_cpu_ns=20782521 final=1
K230_CARD_BENCH v=1 run=40563581580240 event=submit input_id=94 frame_id=1149 t_ns=40572716740676 update_cpu_ns=20782521 final=0
K230_CARD_BENCH v=1 run=40563581580240 event=submit input_id=93 frame_id=1149 t_ns=40572716740676 update_cpu_ns=20782521 final=0
K230_CARD_BENCH v=1 run=40563581580240 event=submit input_id=92 frame_id=1149 t_ns=40572716740676 update_cpu_ns=20782521 final=0
K230_CARD_BENCH v=1 run=40563581580240 event=submit input_id=91 frame_id=1149 t_ns=40572716740676 update_cpu_ns=20782521 final=0
K230_CARD_BENCH v=1 run=40563581580240 event=present frame_id=1148 t_ns=40572684504000 presented=1 clock=monotonic
K230_CARD_SHELL live cards=2 commits=696 sampled=1364 frame-done=1366 output-presented=637
K230_CARD_BENCH v=1 run=40563581580240 event=resource phase=active t_ns=40572699128751 cpu_ns=25529217000 memory_bytes=27611136 scope=session
K230_CARD_BENCH v=1 run=40563581580240 event=resource phase=active t_ns=40572699128751 cpu_ns=15373387019 memory_bytes=34349056 scope=compositor
K230_CARD_BENCH v=1 run=40563581580240 event=input input_id=95 gesture_id=32 kind=release t_ns=40572691930910 source=injected
K230_CARD_SHELL state mode=1 actions=1 message=0 cards=2
K230_CARD_BENCH v=1 run=40563581580240 event=input input_id=94 gesture_id=32 kind=motion t_ns=40572691206295 source=injected
K230_CARD_SHELL state mode=2 actions=1 message=0 cards=2
K230_CARD_BENCH v=1 run=40563581580240 event=input input_id=93 gesture_id=32 kind=motion t_ns=40572690280506 source=injected
K230_CARD_SHELL state mode=2 actions=1 message=0 cards=2
K230_CARD_BENCH v=1 run=40563581580240 event=input input_id=92 gesture_id=32 kind=motion t_ns=40572678443864 source=injected
K230_CARD_SHELL state mode=2 actions=1 message=0 cards=2
K230_CARD_BENCH v=1 run=40563581580240 event=input input_id=91 gesture_id=32 kind=motion t_ns=40572676570802 source=injected
K230_CARD_SHELL state mode=2 actions=1 message=0 cards=2
K230_CARD_SHELL frame-cost run=40563581580240 frame_id=1148 total_cpu_ns=23589504 render_cpu_ns=20195655 input_cpu_ns=2877148
K230_CARD_BENCH v=1 run=40563581580240 event=submit input_id=90 frame_id=1148 t_ns=40572667404403 update_cpu_ns=23589504 final=0
K230_CARD_BENCH v=1 run=40563581580240 event=submit input_id=89 frame_id=1148 t_ns=40572667404403 update_cpu_ns=23589504 final=0
K230_CARD_BENCH v=1 run=40563581580240 event=submit input_id=88 frame_id=1148 t_ns=40572667404403 update_cpu_ns=23589504 final=0
K230_CARD_BENCH v=1 run=40563581580240 event=submit input_id=87 frame_id=1148 t_ns=40572667404403 update_cpu_ns=23589504 final=0
K230_CARD_BENCH v=1 run=40563581580240 event=submit input_id=86 frame_id=1148 t_ns=40572667404403 update_cpu_ns=23589504 final=0
K230_CARD_BENCH v=1 run=40563581580240 event=present frame_id=1147 t_ns=40572607819000 presented=1 clock=monotonic
K230_CARD_BENCH v=1 run=40563581580240 event=input input_id=90 gesture_id=32 kind=motion t_ns=40572608563427 source=injected
K230_CARD_SHELL state mode=2 actions=1 message=0 cards=2
K230_CARD_BENCH v=1 run=40563581580240 event=input input_id=89 gesture_id=32 kind=motion t_ns=40572604176883 source=injected
K230_CARD_SHELL state mode=2 actions=1 message=0 cards=2
K230_CARD_BENCH v=1 run=40563581580240 event=input input_id=88 gesture_id=32 kind=motion t_ns=40572596688188 source=injected
K230_CARD_SHELL state mode=2 actions=1 message=0 cards=2
K230_CARD_BENCH v=1 run=40563581580240 event=input input_id=87 gesture_id=32 kind=motion t_ns=40572594810865 source=injected
K230_CARD_SHELL state mode=2 actions=1 message=0 cards=2
K230_CARD_BENCH v=1 run=40563581580240 event=input input_id=86 gesture_id=32 kind=motion t_ns=40572593194466 source=injected
K230_CARD_SHELL state mode=2 actions=1 message=0 cards=2
K230_CARD_SHELL frame-cost run=40563581580240 frame_id=1147 total_cpu_ns=21023279 render_cpu_ns=18925390 input_cpu_ns=1485815
K230_CARD_BENCH v=1 run=40563581580240 event=submit input_id=85 frame_id=1147 t_ns=40572591789020 update_cpu_ns=21023279 final=0
K230_CARD_BENCH v=1 run=40563581580240 event=submit input_id=84 frame_id=1147 t_ns=40572591789020 update_cpu_ns=21023279 final=0
K230_CARD_BENCH v=1 run=40563581580240 event=submit input_id=83 frame_id=1147 t_ns=40572591789020 update_cpu_ns=21023279 final=0
K230_CARD_BENCH v=1 run=40563581580240 event=present frame_id=1146 t_ns=40572569492000 presented=1 clock=monotonic
K230_CARD_BENCH v=1 run=40563581580240 event=input input_id=85 gesture_id=32 kind=motion t_ns=40572567001035 source=injected
K230_CARD_SHELL state mode=2 actions=1 message=0 cards=2
K230_CARD_BENCH v=1 run=40563581580240 event=input input_id=84 gesture_id=32 kind=motion t_ns=40572566318204 source=injected
K230_CARD_SHELL state mode=2 actions=1 message=0 cards=2
K230_CARD_BENCH v=1 run=40563581580240 event=input input_id=83 gesture_id=32 kind=motion t_ns=40572564990880 source=injected
K230_CARD_SHELL state mode=2 actions=1 message=0 cards=2
K230_CARD_SHELL frame-cost run=40563581580240 frame_id=1146 total_cpu_ns=20595383 render_cpu_ns=17478266 input_cpu_ns=2715375
K230_CARD_BENCH v=1 run=40563581580240 event=submit input_id=82 frame_id=1146 t_ns=40572559066984 update_cpu_ns=20595383 final=0
K230_CARD_BENCH v=1 run=40563581580240 event=submit input_id=81 frame_id=1146 t_ns=40572559066984 update_cpu_ns=20595383 final=0
K230_CARD_BENCH v=1 run=40563581580240 event=submit input_id=80 frame_id=1146 t_ns=40572559066984 update_cpu_ns=20595383 final=0
K230_CARD_BENCH v=1 run=40563581580240 event=submit input_id=79 frame_id=1146 t_ns=40572559066984 update_cpu_ns=20595383 final=0
K230_CARD_BENCH v=1 run=40563581580240 event=submit input_id=78 frame_id=1146 t_ns=40572559066984 update_cpu_ns=20595383 final=0
K230_CARD_BENCH v=1 run=40563581580240 event=submit input_id=77 frame_id=1146 t_ns=40572559066984 update_cpu_ns=20595383 final=0
K230_CARD_BENCH v=1 run=40563581580240 event=present frame_id=1145 t_ns=40572531165000 presented=1 clock=monotonic
K230_CARD_BENCH v=1 run=40563581580240 event=input input_id=82 gesture_id=32 kind=motion t_ns=40572537696932 source=injected
K230_CARD_SHELL state mode=2 actions=1 message=0 cards=2
K230_CARD_BENCH v=1 run=40563581580240 event=input input_id=81 gesture_id=32 kind=motion t_ns=40572536473363 source=injected
K230_CARD_SHELL state mode=2 actions=1 message=0 cards=2
K230_CARD_BENCH v=1 run=40563581580240 event=input input_id=80 gesture_id=32 kind=motion t_ns=40572534882967 source=injected
K230_CARD_SHELL state mode=2 actions=1 message=0 cards=2
K230_CARD_BENCH v=1 run=40563581580240 event=input input_id=79 gesture_id=32 kind=motion t_ns=40572534378011 source=injected
K230_CARD_SHELL state mode=2 actions=1 message=0 cards=2
K230_CARD_BENCH v=1 run=40563581580240 event=input input_id=78 gesture_id=32 kind=motion t_ns=40572532805470 source=injected
K230_CARD_SHELL state mode=2 actions=1 message=0 cards=2
K230_CARD_BENCH v=1 run=40563581580240 event=input input_id=77 gesture_id=32 kind=motion t_ns=40572530629774 source=injected
K230_CARD_SHELL state mode=2 actions=1 message=0 cards=2
K230_CARD_BENCH v=1 run=40563581580240 event=present frame_id=1144 t_ns=40572492836000 presented=1 clock=monotonic
K230_CARD_SHELL frame-cost run=40563581580240 frame_id=1144 total_cpu_ns=15849795 render_cpu_ns=14787571 input_cpu_ns=902669
K230_CARD_BENCH v=1 run=40563581580240 event=submit input_id=76 frame_id=1144 t_ns=40572490614847 update_cpu_ns=15849795 final=0
K230_CARD_BENCH v=1 run=40563581580240 event=submit input_id=75 frame_id=1144 t_ns=40572490614847 update_cpu_ns=15849795 final=0
K230_CARD_BENCH v=1 run=40563581580240 event=present frame_id=1143 t_ns=40572473672000 presented=1 clock=monotonic
K230_CARD_BENCH v=1 run=40563581580240 event=input input_id=76 gesture_id=32 kind=motion t_ns=40572468375346 source=injected
K230_CARD_SHELL state mode=2 actions=1 message=0 cards=2
K230_CARD_BENCH v=1 run=40563581580240 event=input input_id=75 gesture_id=32 kind=motion t_ns=40572465171848 source=injected
K230_CARD_SHELL state mode=2 actions=1 message=0 cards=2
K230_CARD_SHELL state mode=2 actions=1 message=0 cards=2
K230_CARD_BENCH v=1 run=40563581580240 event=present frame_id=1142 t_ns=40572435343000 presented=1 clock=monotonic
K230_CARD_BENCH v=1 run=40563581580240 event=present frame_id=1141 t_ns=40572416182000 presented=1 clock=monotonic
K230_CARD_BENCH v=1 run=40563581580240 event=present frame_id=1140 t_ns=40572377852000 presented=1 clock=monotonic
K230_CARD_BENCH v=1 run=40563581580240 event=present frame_id=1139 t_ns=40572358689000 presented=1 clock=monotonic
K230_CARD_BENCH v=1 run=40563581580240 event=present frame_id=1138 t_ns=40572320362000 presented=1 clock=monotonic
K230_CARD_BENCH v=1 run=40563581580240 event=present frame_id=1137 t_ns=40572301198000 presented=1 clock=monotonic
K230_CARD_BENCH v=1 run=40563581580240 event=present frame_id=1136 t_ns=40572262869000 presented=1 clock=monotonic
K230_CARD_BENCH v=1 run=40563581580240 event=present frame_id=1135 t_ns=40572243706000 presented=1 clock=monotonic
K230_CARD_BENCH v=1 run=40563581580240 event=present frame_id=1134 t_ns=40572205379000 presented=1 clock=monotonic
K230_CARD_BENCH v=1 run=40563581580240 event=present frame_id=1133 t_ns=40572186215000 presented=1 clock=monotonic
K230_CARD_SHELL frame-cost run=40563581580240 frame_id=1133 total_cpu_ns=18799809 render_cpu_ns=14115473 input_cpu_ns=4182853
K230_CARD_BENCH v=1 run=40563581580240 event=submit input_id=74 frame_id=1133 t_ns=40572171290973 update_cpu_ns=18799809 final=1
K230_CARD_BENCH v=1 run=40563581580240 event=submit input_id=73 frame_id=1133 t_ns=40572171290973 update_cpu_ns=18799809 final=0
K230_CARD_BENCH v=1 run=40563581580240 event=submit input_id=72 frame_id=1133 t_ns=40572171290973 update_cpu_ns=18799809 final=0
K230_CARD_BENCH v=1 run=40563581580240 event=submit input_id=71 frame_id=1133 t_ns=40572171290973 update_cpu_ns=18799809 final=0
K230_CARD_BENCH v=1 run=40563581580240 event=present frame_id=1132 t_ns=40572147890000 presented=1 clock=monotonic
K230_CARD_BENCH v=1 run=40563581580240 event=input input_id=74 gesture_id=31 kind=release t_ns=40572151388561 source=injected
K230_CARD_SHELL state mode=1 actions=1 message=0 cards=2
K230_CARD_BENCH v=1 run=40563581580240 event=input input_id=73 gesture_id=31 kind=motion t_ns=40572150806039 source=injected
K230_CARD_SHELL state mode=2 actions=1 message=0 cards=2
K230_CARD_BENCH v=1 run=40563581580240 event=input input_id=72 gesture_id=31 kind=motion t_ns=40572150167880 source=injected
K230_CARD_SHELL state mode=2 actions=1 message=0 cards=2
K230_CARD_BENCH v=1 run=40563581580240 event=input input_id=71 gesture_id=31 kind=motion t_ns=40572148554741 source=injected
K230_CARD_SHELL state mode=2 actions=1 message=0 cards=2
K230_CARD_SHELL frame-cost run=40563581580240 frame_id=1132 total_cpu_ns=24050662 render_cpu_ns=20036593 input_cpu_ns=3470182
K230_CARD_BENCH v=1 run=40563581580240 event=submit input_id=70 frame_id=1132 t_ns=40572145187295 update_cpu_ns=24050662 final=0
K230_CARD_BENCH v=1 run=40563581580240 event=submit input_id=69 frame_id=1132 t_ns=40572145187295 update_cpu_ns=24050662 final=0
K230_CARD_BENCH v=1 run=40563581580240 event=submit input_id=68 frame_id=1132 t_ns=40572145187295 update_cpu_ns=24050662 final=0
K230_CARD_BENCH v=1 run=40563581580240 event=submit input_id=67 frame_id=1132 t_ns=40572145187295 update_cpu_ns=24050662 final=0
K230_CARD_BENCH v=1 run=40563581580240 event=submit input_id=66 frame_id=1132 t_ns=40572145187295 update_cpu_ns=24050662 final=0
K230_CARD_BENCH v=1 run=40563581580240 event=submit input_id=65 frame_id=1132 t_ns=40572145187295 update_cpu_ns=24050662 final=0
K230_CARD_BENCH v=1 run=40563581580240 event=submit input_id=64 frame_id=1132 t_ns=40572145187295 update_cpu_ns=24050662 final=0
K230_CARD_BENCH v=1 run=40563581580240 event=present frame_id=1131 t_ns=40572090398000 presented=1 clock=monotonic
K230_CARD_BENCH v=1 run=40563581580240 event=input input_id=70 gesture_id=31 kind=motion t_ns=40572116876176 source=injected
K230_CARD_SHELL state mode=2 actions=1 message=0 cards=2
K230_CARD_BENCH v=1 run=40563581580240 event=input input_id=69 gesture_id=31 kind=motion t_ns=40572113978459 source=injected
K230_CARD_SHELL state mode=2 actions=1 message=0 cards=2
K230_CARD_BENCH v=1 run=40563581580240 event=input input_id=68 gesture_id=31 kind=motion t_ns=40572111984565 source=injected
K230_CARD_SHELL state mode=2 actions=1 message=0 cards=2
K230_CARD_BENCH v=1 run=40563581580240 event=input input_id=67 gesture_id=31 kind=motion t_ns=40572111304327 source=injected
K230_CARD_SHELL state mode=2 actions=1 message=0 cards=2
K230_CARD_BENCH v=1 run=40563581580240 event=input input_id=66 gesture_id=31 kind=motion t_ns=40572109277059 source=injected
K230_CARD_SHELL state mode=2 actions=1 message=0 cards=2
K230_CARD_BENCH v=1 run=40563581580240 event=input input_id=65 gesture_id=31 kind=motion t_ns=40572106680678 source=injected
K230_CARD_SHELL state mode=2 actions=1 message=0 cards=2
K230_CARD_BENCH v=1 run=40563581580240 event=input input_id=64 gesture_id=31 kind=motion t_ns=40572106044557 source=injected
K230_CARD_SHELL state mode=2 actions=1 message=0 cards=2
K230_CARD_SHELL frame-cost run=40563581580240 frame_id=1131 total_cpu_ns=20882434 render_cpu_ns=18552917 input_cpu_ns=1974924
K230_CARD_BENCH v=1 run=40563581580240 event=submit input_id=63 frame_id=1131 t_ns=40572082906012 update_cpu_ns=20882434 final=0
K230_CARD_BENCH v=1 run=40563581580240 event=submit input_id=62 frame_id=1131 t_ns=40572082906012 update_cpu_ns=20882434 final=0
K230_CARD_BENCH v=1 run=40563581580240 event=submit input_id=61 frame_id=1131 t_ns=40572082906012 update_cpu_ns=20882434 final=0
K230_CARD_BENCH v=1 run=40563581580240 event=submit input_id=60 frame_id=1131 t_ns=40572082906012 update_cpu_ns=20882434 final=0
K230_CARD_BENCH v=1 run=40563581580240 event=present frame_id=1130 t_ns=40572032907000 presented=1 clock=monotonic
K230_CARD_BENCH v=1 run=40563581580240 event=input input_id=63 gesture_id=31 kind=motion t_ns=40572034648955 source=injected
K230_CARD_SHELL state mode=2 actions=1 message=0 cards=2
K230_CARD_BENCH v=1 run=40563581580240 event=input input_id=62 gesture_id=31 kind=motion t_ns=40572029935924 source=injected
K230_CARD_SHELL state mode=2 actions=1 message=0 cards=2
K230_CARD_BENCH v=1 run=40563581580240 event=input input_id=61 gesture_id=31 kind=motion t_ns=40572026162202 source=injected
K230_CARD_SHELL state mode=2 actions=1 message=0 cards=2
K230_CARD_BENCH v=1 run=40563581580240 event=input input_id=60 gesture_id=31 kind=motion t_ns=40572025557529 source=injected
K230_CARD_SHELL state mode=2 actions=1 message=0 cards=2
K230_CARD_SHELL frame-cost run=40563581580240 frame_id=1130 total_cpu_ns=18884825 render_cpu_ns=16752601 input_cpu_ns=1726038
K230_CARD_BENCH v=1 run=40563581580240 event=submit input_id=59 frame_id=1130 t_ns=40572021141130 update_cpu_ns=18884825 final=0
K230_CARD_BENCH v=1 run=40563581580240 event=submit input_id=58 frame_id=1130 t_ns=40572021141130 update_cpu_ns=18884825 final=0
K230_CARD_BENCH v=1 run=40563581580240 event=submit input_id=57 frame_id=1130 t_ns=40572021141130 update_cpu_ns=18884825 final=0
K230_CARD_BENCH v=1 run=40563581580240 event=submit input_id=56 frame_id=1130 t_ns=40572021141130 update_cpu_ns=18884825 final=0
K230_CARD_BENCH v=1 run=40563581580240 event=present frame_id=1129 t_ns=40571994578000 presented=1 clock=monotonic
K230_CARD_BENCH v=1 run=40563581580240 event=input input_id=59 gesture_id=31 kind=motion t_ns=40571996902587 source=injected
K230_CARD_SHELL state mode=2 actions=1 message=0 cards=2
K230_CARD_BENCH v=1 run=40563581580240 event=input input_id=58 gesture_id=31 kind=motion t_ns=40571991213093 source=injected
K230_CARD_SHELL state mode=2 actions=1 message=0 cards=2
K230_CARD_BENCH v=1 run=40563581580240 event=input input_id=57 gesture_id=31 kind=motion t_ns=40571990660279 source=injected
K230_CARD_SHELL state mode=2 actions=1 message=0 cards=2
K230_CARD_BENCH v=1 run=40563581580240 event=input input_id=56 gesture_id=31 kind=motion t_ns=40571988317599 source=injected
K230_CARD_SHELL state mode=2 actions=1 message=0 cards=2
K230_CARD_SHELL frame-cost run=40563581580240 frame_id=1129 total_cpu_ns=15424049 render_cpu_ns=14669458 input_cpu_ns=538483
K230_CARD_BENCH v=1 run=40563581580240 event=submit input_id=55 frame_id=1129 t_ns=40571983024083 update_cpu_ns=15424049 final=0
K230_CARD_BENCH v=1 run=40563581580240 event=submit input_id=54 frame_id=1129 t_ns=40571983024083 update_cpu_ns=15424049 final=0
K230_CARD_BENCH v=1 run=40563581580240 event=present frame_id=1128 t_ns=40571956252000 presented=1 clock=monotonic
K230_CARD_BENCH v=1 run=40563581580240 event=input input_id=55 gesture_id=31 kind=motion t_ns=40571956401854 source=injected
K230_CARD_SHELL state mode=2 actions=1 message=0 cards=2
K230_CARD_BENCH v=1 run=40563581580240 event=input input_id=54 gesture_id=31 kind=motion t_ns=40571953938269 source=injected
K230_CARD_SHELL state mode=2 actions=1 message=0 cards=2
K230_CARD_BENCH v=1 run=40563581580240 event=present frame_id=1127 t_ns=40571937086000 presented=1 clock=monotonic
K230_CARD_SHELL state mode=2 actions=1 message=0 cards=2
K230_CARD_BENCH v=1 run=40563581580240 event=present frame_id=1126 t_ns=40571898758000 presented=1 clock=monotonic
K230_CARD_BENCH v=1 run=40563581580240 event=present frame_id=1125 t_ns=40571879595000 presented=1 clock=monotonic
K230_CARD_BENCH v=1 run=40563581580240 event=present frame_id=1124 t_ns=40571841268000 presented=1 clock=monotonic
K230_CARD_BENCH v=1 run=40563581580240 event=present frame_id=1123 t_ns=40571822104000 presented=1 clock=monotonic
K230_CARD_BENCH v=1 run=40563581580240 event=present frame_id=1122 t_ns=40571783775000 presented=1 clock=monotonic
K230_CARD_BENCH v=1 run=40563581580240 event=present frame_id=1121 t_ns=40571764612000 presented=1 clock=monotonic
K230_CARD_BENCH v=1 run=40563581580240 event=present frame_id=1120 t_ns=40571726284000 presented=1 clock=monotonic
K230_CARD_BENCH v=1 run=40563581580240 event=present frame_id=1119 t_ns=40571707121000 presented=1 clock=monotonic
K230_CARD_BENCH v=1 run=40563581580240 event=resource phase=active t_ns=40571691796717 cpu_ns=24858222000 memory_bytes=27607040 scope=session
K230_CARD_BENCH v=1 run=40563581580240 event=resource phase=active t_ns=40571691796717 cpu_ns=14869980988 memory_bytes=34349056 scope=compositor
K230_CARD_BENCH v=1 run=40563581580240 event=present frame_id=1118 t_ns=40571668794000 presented=1 clock=monotonic
K230_CARD_BENCH v=1 run=40563581580240 event=present frame_id=1117 t_ns=40571649630000 presented=1 clock=monotonic
K230_CARD_BENCH v=1 run=40563581580240 event=present frame_id=1116 t_ns=40571611301000 presented=1 clock=monotonic
K230_CARD_BENCH v=1 run=40563581580240 event=present frame_id=1115 t_ns=40571592139000 presented=1 clock=monotonic
K230_CARD_BENCH v=1 run=40563581580240 event=present frame_id=1114 t_ns=40571534648000 presented=1 clock=monotonic
K230_CARD_BENCH v=1 run=40563581580240 event=present frame_id=1113 t_ns=40571477157000 presented=1 clock=monotonic
K230_CARD_BENCH v=1 run=40563581580240 event=present frame_id=1112 t_ns=40571400502000 presented=1 clock=monotonic
K230_CARD_BENCH v=1 run=40563581580240 event=present frame_id=1111 t_ns=40571362175000 presented=1 clock=monotonic
K230_CARD_BENCH v=1 run=40563581580240 event=present frame_id=1110 t_ns=40571304683000 presented=1 clock=monotonic
K230_CARD_BENCH v=1 run=40563581580240 event=present frame_id=1109 t_ns=40571266356000 presented=1 clock=monotonic
K230_CARD_BENCH v=1 run=40563581580240 event=present frame_id=1108 t_ns=40571208865000 presented=1 clock=monotonic
K230_CARD_SHELL frame-cost run=40563581580240 frame_id=1108 total_cpu_ns=22386982 render_cpu_ns=18932870 input_cpu_ns=3238334
K230_CARD_BENCH v=1 run=40563581580240 event=submit input_id=53 frame_id=1108 t_ns=40571205828259 update_cpu_ns=22386982 final=1
K230_CARD_BENCH v=1 run=40563581580240 event=submit input_id=52 frame_id=1108 t_ns=40571205828259 update_cpu_ns=22386982 final=0
K230_CARD_BENCH v=1 run=40563581580240 event=present frame_id=1107 t_ns=40571189702000 presented=1 clock=monotonic
K230_CARD_BENCH v=1 run=40563581580240 event=input input_id=53 gesture_id=30 kind=release t_ns=40571183580772 source=injected
K230_CARD_SHELL state mode=1 actions=1 message=0 cards=2
K230_CARD_BENCH v=1 run=40563581580240 event=input input_id=52 gesture_id=30 kind=motion t_ns=40571181169862 source=injected
K230_CARD_SHELL state mode=2 actions=1 message=0 cards=2
K230_CARD_SHELL frame-cost run=40563581580240 frame_id=1107 total_cpu_ns=22342583 render_cpu_ns=20023098 input_cpu_ns=1996297
K230_CARD_BENCH v=1 run=40563581580240 event=submit input_id=51 frame_id=1107 t_ns=40571177077323 update_cpu_ns=22342583 final=0
K230_CARD_BENCH v=1 run=40563581580240 event=submit input_id=50 frame_id=1107 t_ns=40571177077323 update_cpu_ns=22342583 final=0
K230_CARD_BENCH v=1 run=40563581580240 event=submit input_id=49 frame_id=1107 t_ns=40571177077323 update_cpu_ns=22342583 final=0
K230_CARD_BENCH v=1 run=40563581580240 event=present frame_id=1106 t_ns=40571132211000 presented=1 clock=monotonic
K230_CARD_BENCH v=1 run=40563581580240 event=input input_id=51 gesture_id=30 kind=motion t_ns=40571138843176 source=injected
K230_CARD_SHELL state mode=2 actions=1 message=0 cards=2
K230_CARD_BENCH v=1 run=40563581580240 event=input input_id=50 gesture_id=30 kind=motion t_ns=40571136352737 source=injected
K230_CARD_SHELL state mode=2 actions=1 message=0 cards=2
K230_CARD_BENCH v=1 run=40563581580240 event=input input_id=49 gesture_id=30 kind=motion t_ns=40571132952548 source=injected
K230_CARD_SHELL state mode=2 actions=1 message=0 cards=2
K230_CARD_SHELL frame-cost run=40563581580240 frame_id=1106 total_cpu_ns=24598822 render_cpu_ns=20014303 input_cpu_ns=4193813
K230_CARD_BENCH v=1 run=40563581580240 event=submit input_id=48 frame_id=1106 t_ns=40571123408402 update_cpu_ns=24598822 final=0
K230_CARD_BENCH v=1 run=40563581580240 event=submit input_id=47 frame_id=1106 t_ns=40571123408402 update_cpu_ns=24598822 final=0
K230_CARD_BENCH v=1 run=40563581580240 event=submit input_id=46 frame_id=1106 t_ns=40571123408402 update_cpu_ns=24598822 final=0
K230_CARD_BENCH v=1 run=40563581580240 event=submit input_id=45 frame_id=1106 t_ns=40571123408402 update_cpu_ns=24598822 final=0
K230_CARD_BENCH v=1 run=40563581580240 event=submit input_id=44 frame_id=1106 t_ns=40571123408402 update_cpu_ns=24598822 final=0
K230_CARD_BENCH v=1 run=40563581580240 event=submit input_id=43 frame_id=1106 t_ns=40571123408402 update_cpu_ns=24598822 final=0
K230_CARD_BENCH v=1 run=40563581580240 event=submit input_id=42 frame_id=1106 t_ns=40571123408402 update_cpu_ns=24598822 final=0
K230_CARD_BENCH v=1 run=40563581580240 event=present frame_id=1105 t_ns=40571093884000 presented=1 clock=monotonic
K230_CARD_BENCH v=1 run=40563581580240 event=input input_id=48 gesture_id=30 kind=motion t_ns=40571099173580 source=injected
K230_CARD_SHELL state mode=2 actions=1 message=0 cards=2
K230_CARD_BENCH v=1 run=40563581580240 event=input input_id=47 gesture_id=30 kind=motion t_ns=40571095623890 source=injected
K230_CARD_SHELL state mode=2 actions=1 message=0 cards=2
K230_CARD_BENCH v=1 run=40563581580240 event=input input_id=46 gesture_id=30 kind=motion t_ns=40571094169476 source=injected
K230_CARD_SHELL state mode=2 actions=1 message=0 cards=2
K230_CARD_BENCH v=1 run=40563581580240 event=input input_id=45 gesture_id=30 kind=motion t_ns=40571092334975 source=injected
K230_CARD_SHELL state mode=2 actions=1 message=0 cards=2
K230_CARD_BENCH v=1 run=40563581580240 event=input input_id=44 gesture_id=30 kind=motion t_ns=40571091726599 source=injected
K230_CARD_SHELL state mode=2 actions=1 message=0 cards=2
K230_CARD_BENCH v=1 run=40563581580240 event=input input_id=43 gesture_id=30 kind=motion t_ns=40571091070735 source=injected
K230_CARD_SHELL state mode=2 actions=1 message=0 cards=2
K230_CARD_BENCH v=1 run=40563581580240 event=input input_id=42 gesture_id=30 kind=motion t_ns=40571089162520 source=injected
K230_CARD_SHELL state mode=2 actions=1 message=0 cards=2
K230_CARD_SHELL frame-cost run=40563581580240 frame_id=1105 total_cpu_ns=20187360 render_cpu_ns=18215326 input_cpu_ns=1655591
K230_CARD_BENCH v=1 run=40563581580240 event=submit input_id=41 frame_id=1105 t_ns=40571085227780 update_cpu_ns=20187360 final=0
K230_CARD_BENCH v=1 run=40563581580240 event=submit input_id=40 frame_id=1105 t_ns=40571085227780 update_cpu_ns=20187360 final=0
K230_CARD_BENCH v=1 run=40563581580240 event=submit input_id=39 frame_id=1105 t_ns=40571085227780 update_cpu_ns=20187360 final=0
K230_CARD_BENCH v=1 run=40563581580240 event=present frame_id=1104 t_ns=40571036391000 presented=1 clock=monotonic
K230_CARD_BENCH v=1 run=40563581580240 event=input input_id=41 gesture_id=30 kind=motion t_ns=40571040931167 source=injected
K230_CARD_SHELL state mode=2 actions=1 message=0 cards=2
K230_CARD_BENCH v=1 run=40563581580240 event=input input_id=40 gesture_id=30 kind=motion t_ns=40571032268396 source=injected
K230_CARD_SHELL state mode=2 actions=1 message=0 cards=2
K230_CARD_BENCH v=1 run=40563581580240 event=input input_id=39 gesture_id=30 kind=motion t_ns=40571027072786 source=injected
K230_CARD_SHELL state mode=2 actions=1 message=0 cards=2
K230_CARD_SHELL frame-cost run=40563581580240 frame_id=1104 total_cpu_ns=19912766 render_cpu_ns=16896839 input_cpu_ns=2762483
K230_CARD_BENCH v=1 run=40563581580240 event=submit input_id=38 frame_id=1104 t_ns=40571017285534 update_cpu_ns=19912766 final=0
K230_CARD_BENCH v=1 run=40563581580240 event=submit input_id=37 frame_id=1104 t_ns=40571017285534 update_cpu_ns=19912766 final=0
K230_CARD_BENCH v=1 run=40563581580240 event=submit input_id=36 frame_id=1104 t_ns=40571017285534 update_cpu_ns=19912766 final=0
K230_CARD_BENCH v=1 run=40563581580240 event=submit input_id=35 frame_id=1104 t_ns=40571017285534 update_cpu_ns=19912766 final=0
K230_CARD_BENCH v=1 run=40563581580240 event=submit input_id=34 frame_id=1104 t_ns=40571017285534 update_cpu_ns=19912766 final=0
K230_CARD_BENCH v=1 run=40563581580240 event=submit input_id=33 frame_id=1104 t_ns=40571017285534 update_cpu_ns=19912766 final=0
K230_CARD_BENCH v=1 run=40563581580240 event=present frame_id=1103 t_ns=40570998064000 presented=1 clock=monotonic
K230_CARD_BENCH v=1 run=40563581580240 event=input input_id=38 gesture_id=30 kind=motion t_ns=40570996952263 source=injected
K230_CARD_SHELL state mode=2 actions=1 message=0 cards=2
K230_CARD_BENCH v=1 run=40563581580240 event=input input_id=37 gesture_id=30 kind=motion t_ns=40570993634233 source=injected
K230_CARD_SHELL state mode=2 actions=1 message=0 cards=2
K230_CARD_BENCH v=1 run=40563581580240 event=input input_id=36 gesture_id=30 kind=motion t_ns=40570991761246 source=injected
K230_CARD_SHELL state mode=2 actions=1 message=0 cards=2
K230_CARD_BENCH v=1 run=40563581580240 event=input input_id=35 gesture_id=30 kind=motion t_ns=40570989721903 source=injected
K230_CARD_SHELL state mode=2 actions=1 message=0 cards=2
K230_CARD_BENCH v=1 run=40563581580240 event=input input_id=34 gesture_id=30 kind=motion t_ns=40570987705563 source=injected
K230_CARD_SHELL state mode=2 actions=1 message=0 cards=2
K230_CARD_BENCH v=1 run=40563581580240 event=input input_id=33 gesture_id=30 kind=motion t_ns=40570985480419 source=injected
K230_CARD_SHELL state mode=2 actions=1 message=0 cards=2
K230_CARD_BENCH v=1 run=40563581580240 event=present frame_id=1102 t_ns=40570959735000 presented=1 clock=monotonic
K230_CARD_BENCH v=1 run=40563581580240 event=present frame_id=1101 t_ns=40570940573000 presented=1 clock=monotonic
K230_CARD_SHELL state mode=2 actions=1 message=0 cards=2
K230_CARD_BENCH v=1 run=40563581580240 event=present frame_id=1100 t_ns=40570902244000 presented=1 clock=monotonic
K230_CARD_BENCH v=1 run=40563581580240 event=present frame_id=1099 t_ns=40570863917000 presented=1 clock=monotonic
K230_CARD_BENCH v=1 run=40563581580240 event=present frame_id=1098 t_ns=40570825589000 presented=1 clock=monotonic
K230_CARD_BENCH v=1 run=40563581580240 event=present frame_id=1097 t_ns=40570806425000 presented=1 clock=monotonic
K230_CARD_BENCH v=1 run=40563581580240 event=present frame_id=1096 t_ns=40570768098000 presented=1 clock=monotonic
K230_CARD_BENCH v=1 run=40563581580240 event=present frame_id=1095 t_ns=40570748933000 presented=1 clock=monotonic
K230_CARD_BENCH v=1 run=40563581580240 event=present frame_id=1094 t_ns=40570710604000 presented=1 clock=monotonic
K230_CARD_BENCH v=1 run=40563581580240 event=present frame_id=1093 t_ns=40570691442000 presented=1 clock=monotonic
K230_CARD_BENCH v=1 run=40563581580240 event=resource phase=active t_ns=40570684156705 cpu_ns=24269986000 memory_bytes=27607040 scope=session
K230_CARD_BENCH v=1 run=40563581580240 event=resource phase=active t_ns=40570684156705 cpu_ns=14430819943 memory_bytes=34349056 scope=compositor
K230_CARD_SHELL frame-cost run=40563581580240 frame_id=1093 total_cpu_ns=22072279 render_cpu_ns=15212173 input_cpu_ns=6643328
K230_CARD_BENCH v=1 run=40563581580240 event=submit input_id=32 frame_id=1093 t_ns=40570672907898 update_cpu_ns=22072279 final=1
K230_CARD_BENCH v=1 run=40563581580240 event=present frame_id=1092 t_ns=40570653114000 presented=1 clock=monotonic
K230_CARD_BENCH v=1 run=40563581580240 event=input input_id=32 gesture_id=29 kind=release t_ns=40570640319109 source=injected
K230_CARD_SHELL state mode=1 actions=1 message=0 cards=2
K230_CARD_BENCH v=1 run=40563581580240 event=present frame_id=1091 t_ns=40570614787000 presented=1 clock=monotonic
K230_CARD_BENCH v=1 run=40563581580240 event=present frame_id=1090 t_ns=40570576459000 presented=1 clock=monotonic
K230_CARD_BENCH v=1 run=40563581580240 event=present frame_id=1089 t_ns=40570557297000 presented=1 clock=monotonic
K230_CARD_SHELL live cards=2 commits=625 sampled=1226 frame-done=1228 output-presented=578
K230_CARD_BENCH v=1 run=40563581580240 event=present frame_id=1088 t_ns=40570518968000 presented=1 clock=monotonic
K230_CARD_BENCH v=1 run=40563581580240 event=present frame_id=1087 t_ns=40570480641000 presented=1 clock=monotonic
K230_CARD_BENCH v=1 run=40563581580240 event=present frame_id=1086 t_ns=40570461476000 presented=1 clock=monotonic
K230_CARD_BENCH v=1 run=40563581580240 event=present frame_id=1085 t_ns=40570423150000 presented=1 clock=monotonic
K230_CARD_BENCH v=1 run=40563581580240 event=present frame_id=1084 t_ns=40570403986000 presented=1 clock=monotonic
K230_CARD_BENCH v=1 run=40563581580240 event=present frame_id=1083 t_ns=40570365658000 presented=1 clock=monotonic
K230_CARD_BENCH v=1 run=40563581580240 event=present frame_id=1082 t_ns=40570346497000 presented=1 clock=monotonic
K230_CARD_BENCH v=1 run=40563581580240 event=present frame_id=1081 t_ns=40570289002000 presented=1 clock=monotonic
K230_CARD_BENCH v=1 run=40563581580240 event=present frame_id=1080 t_ns=40570269840000 presented=1 clock=monotonic
K230_CARD_SHELL frame-cost run=40563581580240 frame_id=1080 total_cpu_ns=17549739 render_cpu_ns=14291927 input_cpu_ns=3111959
K230_CARD_BENCH v=1 run=40563581580240 event=submit input_id=31 frame_id=1080 t_ns=40570250730579 update_cpu_ns=17549739 final=1
K230_CARD_BENCH v=1 run=40563581580240 event=present frame_id=1079 t_ns=40570231515000 presented=1 clock=monotonic
K230_CARD_BENCH v=1 run=40563581580240 event=input input_id=31 gesture_id=28 kind=release t_ns=40570230057611 source=injected
K230_CARD_SHELL state mode=1 actions=1 message=0 cards=2
K230_CARD_BENCH v=1 run=40563581580240 event=present frame_id=1078 t_ns=40570193185000 presented=1 clock=monotonic
K230_CARD_BENCH v=1 run=40563581580240 event=present frame_id=1077 t_ns=40570154859000 presented=1 clock=monotonic
K230_CARD_BENCH v=1 run=40563581580240 event=present frame_id=1076 t_ns=40570078203000 presented=1 clock=monotonic
K230_CARD_BENCH v=1 run=40563581580240 event=present frame_id=1075 t_ns=40570020714000 presented=1 clock=monotonic
K230_CARD_BENCH v=1 run=40563581580240 event=present frame_id=1074 t_ns=40569944079000 presented=1 clock=monotonic
K230_CARD_BENCH v=1 run=40563581580240 event=present frame_id=1073 t_ns=40569886566000 presented=1 clock=monotonic
K230_CARD_BENCH v=1 run=40563581580240 event=present frame_id=1072 t_ns=40569790747000 presented=1 clock=monotonic
K230_CARD_BENCH v=1 run=40563581580240 event=present frame_id=1071 t_ns=40569733255000 presented=1 clock=monotonic
K230_CARD_BENCH v=1 run=40563581580240 event=present frame_id=1070 t_ns=40569675765000 presented=1 clock=monotonic
K230_CARD_BENCH v=1 run=40563581580240 event=resource phase=active t_ns=40569664230203 cpu_ns=23660118000 memory_bytes=27471872 scope=session
K230_CARD_BENCH v=1 run=40563581580240 event=resource phase=active t_ns=40569664230203 cpu_ns=14001640003 memory_bytes=34111488 scope=compositor
K230_CARD_BENCH v=1 run=40563581580240 event=present frame_id=1069 t_ns=40569637436000 presented=1 clock=monotonic
K230_CARD_BENCH v=1 run=40563581580240 event=present frame_id=1068 t_ns=40569599110000 presented=1 clock=monotonic
K230_CARD_BENCH v=1 run=40563581580240 event=present frame_id=1067 t_ns=40569560781000 presented=1 clock=monotonic
K230_CARD_BENCH v=1 run=40563581580240 event=present frame_id=1066 t_ns=40569522454000 presented=1 clock=monotonic
K230_CARD_BENCH v=1 run=40563581580240 event=present frame_id=1065 t_ns=40569484128000 presented=1 clock=monotonic
K230_CARD_BENCH v=1 run=40563581580240 event=present frame_id=1064 t_ns=40569445800000 presented=1 clock=monotonic
K230_CARD_BENCH v=1 run=40563581580240 event=present frame_id=1063 t_ns=40569407472000 presented=1 clock=monotonic
K230_CARD_BENCH v=1 run=40563581580240 event=present frame_id=1062 t_ns=40569369145000 presented=1 clock=monotonic
K230_CARD_BENCH v=1 run=40563581580240 event=present frame_id=1061 t_ns=40569330816000 presented=1 clock=monotonic
K230_CARD_BENCH v=1 run=40563581580240 event=present frame_id=1060 t_ns=40569292489000 presented=1 clock=monotonic
K230_CARD_BENCH v=1 run=40563581580240 event=present frame_id=1059 t_ns=40569254162000 presented=1 clock=monotonic
K230_CARD_BENCH v=1 run=40563581580240 event=present frame_id=1058 t_ns=40569177508000 presented=1 clock=monotonic
K230_CARD_BENCH v=1 run=40563581580240 event=present frame_id=1057 t_ns=40569139179000 presented=1 clock=monotonic
K230_CARD_BENCH v=1 run=40563581580240 event=present frame_id=1056 t_ns=40569100852000 presented=1 clock=monotonic
K230_CARD_BENCH v=1 run=40563581580240 event=present frame_id=1055 t_ns=40569062524000 presented=1 clock=monotonic
K230_CARD_BENCH v=1 run=40563581580240 event=present frame_id=1054 t_ns=40569024197000 presented=1 clock=monotonic
K230_CARD_BENCH v=1 run=40563581580240 event=present frame_id=1053 t_ns=40568985870000 presented=1 clock=monotonic
K230_CARD_BENCH v=1 run=40563581580240 event=present frame_id=1052 t_ns=40568947542000 presented=1 clock=monotonic
K230_CARD_BENCH v=1 run=40563581580240 event=present frame_id=1051 t_ns=40568909215000 presented=1 clock=monotonic
K230_CARD_BENCH v=1 run=40563581580240 event=present frame_id=1050 t_ns=40568870887000 presented=1 clock=monotonic
K230_CARD_BENCH v=1 run=40563581580240 event=present frame_id=1049 t_ns=40568832560000 presented=1 clock=monotonic
K230_CARD_BENCH v=1 run=40563581580240 event=present frame_id=1048 t_ns=40568794233000 presented=1 clock=monotonic
K230_CARD_SHELL frame-cost run=40563581580240 frame_id=1048 total_cpu_ns=23031445 render_cpu_ns=20419484 input_cpu_ns=2339072
K230_CARD_BENCH v=1 run=40563581580240 event=submit input_id=30 frame_id=1048 t_ns=40568777933916 update_cpu_ns=23031445 final=0
K230_CARD_BENCH v=1 run=40563581580240 event=submit input_id=29 frame_id=1048 t_ns=40568777933916 update_cpu_ns=23031445 final=0
K230_CARD_BENCH v=1 run=40563581580240 event=submit input_id=28 frame_id=1048 t_ns=40568777933916 update_cpu_ns=23031445 final=0
K230_CARD_BENCH v=1 run=40563581580240 event=submit input_id=27 frame_id=1048 t_ns=40568777933916 update_cpu_ns=23031445 final=0
K230_CARD_BENCH v=1 run=40563581580240 event=present frame_id=1047 t_ns=40568755905000 presented=1 clock=monotonic
K230_CARD_BENCH v=1 run=40563581580240 event=input input_id=30 gesture_id=28 kind=motion t_ns=40568747562559 source=injected
K230_CARD_SHELL state mode=2 actions=1 message=0 cards=2
K230_CARD_BENCH v=1 run=40563581580240 event=input input_id=29 gesture_id=28 kind=motion t_ns=40568745898639 source=injected
K230_CARD_SHELL state mode=2 actions=1 message=0 cards=2
K230_CARD_BENCH v=1 run=40563581580240 event=input input_id=28 gesture_id=28 kind=motion t_ns=40568745122650 source=injected
K230_CARD_SHELL state mode=2 actions=1 message=0 cards=2
K230_CARD_BENCH v=1 run=40563581580240 event=input input_id=27 gesture_id=28 kind=motion t_ns=40568743071680 source=injected
K230_CARD_SHELL state mode=2 actions=1 message=0 cards=2
K230_CARD_SHELL frame-cost run=40563581580240 frame_id=1047 total_cpu_ns=21644999 render_cpu_ns=19948593 input_cpu_ns=1469444
K230_CARD_BENCH v=1 run=40563581580240 event=submit input_id=26 frame_id=1047 t_ns=40568738494235 update_cpu_ns=21644999 final=0
K230_CARD_BENCH v=1 run=40563581580240 event=submit input_id=25 frame_id=1047 t_ns=40568738494235 update_cpu_ns=21644999 final=0
K230_CARD_BENCH v=1 run=40563581580240 event=submit input_id=24 frame_id=1047 t_ns=40568738494235 update_cpu_ns=21644999 final=0
K230_CARD_BENCH v=1 run=40563581580240 event=present frame_id=1046 t_ns=40568679252000 presented=1 clock=monotonic
K230_CARD_BENCH v=1 run=40563581580240 event=input input_id=26 gesture_id=28 kind=motion t_ns=40568692046882 source=injected
K230_CARD_SHELL state mode=2 actions=1 message=0 cards=2
K230_CARD_BENCH v=1 run=40563581580240 event=input input_id=25 gesture_id=28 kind=motion t_ns=40568688297729 source=injected
K230_CARD_SHELL state mode=2 actions=1 message=0 cards=2
K230_CARD_BENCH v=1 run=40563581580240 event=input input_id=24 gesture_id=28 kind=motion t_ns=40568685911642 source=injected
K230_CARD_SHELL state mode=2 actions=1 message=0 cards=2
K230_CARD_SHELL frame-cost run=40563581580240 frame_id=1046 total_cpu_ns=25237216 render_cpu_ns=19323994 input_cpu_ns=4912259
K230_CARD_BENCH v=1 run=40563581580240 event=submit input_id=23 frame_id=1046 t_ns=40568677544409 update_cpu_ns=25237216 final=0
K230_CARD_BENCH v=1 run=40563581580240 event=submit input_id=22 frame_id=1046 t_ns=40568677544409 update_cpu_ns=25237216 final=0
K230_CARD_BENCH v=1 run=40563581580240 event=submit input_id=21 frame_id=1046 t_ns=40568677544409 update_cpu_ns=25237216 final=0
K230_CARD_BENCH v=1 run=40563581580240 event=submit input_id=20 frame_id=1046 t_ns=40568677544409 update_cpu_ns=25237216 final=0
K230_CARD_BENCH v=1 run=40563581580240 event=submit input_id=19 frame_id=1046 t_ns=40568677544409 update_cpu_ns=25237216 final=0
K230_CARD_BENCH v=1 run=40563581580240 event=submit input_id=18 frame_id=1046 t_ns=40568677544409 update_cpu_ns=25237216 final=0
K230_CARD_BENCH v=1 run=40563581580240 event=submit input_id=17 frame_id=1046 t_ns=40568677544409 update_cpu_ns=25237216 final=0
K230_CARD_BENCH v=1 run=40563581580240 event=submit input_id=16 frame_id=1046 t_ns=40568677544409 update_cpu_ns=25237216 final=0
K230_CARD_BENCH v=1 run=40563581580240 event=submit input_id=15 frame_id=1046 t_ns=40568677544409 update_cpu_ns=25237216 final=0
K230_CARD_BENCH v=1 run=40563581580240 event=submit input_id=14 frame_id=1046 t_ns=40568677544409 update_cpu_ns=25237216 final=0
K230_CARD_BENCH v=1 run=40563581580240 event=submit input_id=13 frame_id=1046 t_ns=40568677544409 update_cpu_ns=25237216 final=0
K230_CARD_BENCH v=1 run=40563581580240 event=present frame_id=1045 t_ns=40568640925000 presented=1 clock=monotonic
K230_CARD_BENCH v=1 run=40563581580240 event=input input_id=23 gesture_id=28 kind=motion t_ns=40568651784885 source=injected
K230_CARD_SHELL state mode=2 actions=1 message=0 cards=2
K230_CARD_BENCH v=1 run=40563581580240 event=input input_id=22 gesture_id=28 kind=motion t_ns=40568640255724 source=injected
K230_CARD_SHELL state mode=2 actions=1 message=0 cards=2
K230_CARD_BENCH v=1 run=40563581580240 event=input input_id=21 gesture_id=28 kind=motion t_ns=40568639358793 source=injected
K230_CARD_SHELL state mode=2 actions=1 message=0 cards=2
K230_CARD_BENCH v=1 run=40563581580240 event=resource phase=active t_ns=40568637083609 cpu_ns=22883287000 memory_bytes=27475968 scope=session
K230_CARD_BENCH v=1 run=40563581580240 event=resource phase=active t_ns=40568637083609 cpu_ns=13463589210 memory_bytes=34111488 scope=compositor
K230_CARD_BENCH v=1 run=40563581580240 event=input input_id=20 gesture_id=28 kind=motion t_ns=40568632842467 source=injected
K230_CARD_SHELL state mode=2 actions=1 message=0 cards=2
K230_CARD_BENCH v=1 run=40563581580240 event=input input_id=19 gesture_id=28 kind=motion t_ns=40568632274579 source=injected
K230_CARD_SHELL state mode=2 actions=1 message=0 cards=2
K230_CARD_BENCH v=1 run=40563581580240 event=input input_id=18 gesture_id=28 kind=motion t_ns=40568627512147 source=injected
K230_CARD_SHELL state mode=2 actions=1 message=0 cards=2
K230_CARD_BENCH v=1 run=40563581580240 event=input input_id=17 gesture_id=28 kind=motion t_ns=40568627000303 source=injected
K230_CARD_SHELL state mode=2 actions=1 message=0 cards=2
K230_CARD_BENCH v=1 run=40563581580240 event=input input_id=16 gesture_id=28 kind=motion t_ns=40568624849394 source=injected
K230_CARD_SHELL state mode=2 actions=1 message=0 cards=2
K230_CARD_BENCH v=1 run=40563581580240 event=input input_id=15 gesture_id=28 kind=motion t_ns=40568624349477 source=injected
K230_CARD_SHELL state mode=2 actions=1 message=0 cards=2
K230_CARD_BENCH v=1 run=40563581580240 event=input input_id=14 gesture_id=28 kind=motion t_ns=40568622770754 source=injected
K230_CARD_SHELL state mode=2 actions=1 message=0 cards=2
K230_CARD_BENCH v=1 run=40563581580240 event=input input_id=13 gesture_id=28 kind=motion t_ns=40568622296211 source=injected
K230_CARD_SHELL state mode=2 actions=1 message=0 cards=2
K230_CARD_BENCH v=1 run=40563581580240 event=present frame_id=1044 t_ns=40568564267000 presented=1 clock=monotonic
K230_CARD_SHELL frame-cost run=40563581580240 frame_id=1044 total_cpu_ns=15587726 render_cpu_ns=14539319 input_cpu_ns=891591
K230_CARD_BENCH v=1 run=40563581580240 event=submit input_id=12 frame_id=1044 t_ns=40568561825559 update_cpu_ns=15587726 final=0
K230_CARD_BENCH v=1 run=40563581580240 event=submit input_id=11 frame_id=1044 t_ns=40568561825559 update_cpu_ns=15587726 final=0
K230_CARD_BENCH v=1 run=40563581580240 event=present frame_id=1043 t_ns=40568545104000 presented=1 clock=monotonic
K230_CARD_BENCH v=1 run=40563581580240 event=input input_id=12 gesture_id=28 kind=motion t_ns=40568539045680 source=injected
K230_CARD_SHELL state mode=2 actions=1 message=0 cards=2
K230_CARD_BENCH v=1 run=40563581580240 event=input input_id=11 gesture_id=28 kind=motion t_ns=40568535897309 source=injected
K230_CARD_SHELL state mode=2 actions=1 message=0 cards=2
K230_CARD_SHELL state mode=2 actions=1 message=0 cards=2
K230_CARD_BENCH v=1 run=40563581580240 event=present frame_id=1042 t_ns=40568506778000 presented=1 clock=monotonic
K230_CARD_BENCH v=1 run=40563581580240 event=present frame_id=1041 t_ns=40568487613000 presented=1 clock=monotonic
K230_CARD_BENCH v=1 run=40563581580240 event=present frame_id=1040 t_ns=40568449284000 presented=1 clock=monotonic
K230_CARD_BENCH v=1 run=40563581580240 event=present frame_id=1039 t_ns=40568430121000 presented=1 clock=monotonic
K230_CARD_BENCH v=1 run=40563581580240 event=present frame_id=1038 t_ns=40568391792000 presented=1 clock=monotonic
K230_CARD_BENCH v=1 run=40563581580240 event=present frame_id=1037 t_ns=40568372630000 presented=1 clock=monotonic
K230_CARD_BENCH v=1 run=40563581580240 event=present frame_id=1036 t_ns=40568334302000 presented=1 clock=monotonic
K230_CARD_BENCH v=1 run=40563581580240 event=present frame_id=1035 t_ns=40568315139000 presented=1 clock=monotonic
K230_CARD_BENCH v=1 run=40563581580240 event=present frame_id=1034 t_ns=40568276812000 presented=1 clock=monotonic
K230_CARD_BENCH v=1 run=40563581580240 event=present frame_id=1033 t_ns=40568257648000 presented=1 clock=monotonic
K230_CARD_BENCH v=1 run=40563581580240 event=present frame_id=1032 t_ns=40568219319000 presented=1 clock=monotonic
K230_CARD_BENCH v=1 run=40563581580240 event=present frame_id=1031 t_ns=40568200157000 presented=1 clock=monotonic
K230_CARD_BENCH v=1 run=40563581580240 event=present frame_id=1030 t_ns=40568161830000 presented=1 clock=monotonic
K230_CARD_SHELL live cards=2 commits=530 sampled=1038 frame-done=1040 output-presented=519
K230_CARD_BENCH v=1 run=40563581580240 event=present frame_id=1029 t_ns=40568142666000 presented=1 clock=monotonic
K230_CARD_BENCH v=1 run=40563581580240 event=present frame_id=1028 t_ns=40568104338000 presented=1 clock=monotonic
K230_CARD_BENCH v=1 run=40563581580240 event=present frame_id=1027 t_ns=40568085175000 presented=1 clock=monotonic
K230_CARD_BENCH v=1 run=40563581580240 event=present frame_id=1026 t_ns=40568027685000 presented=1 clock=monotonic
K230_CARD_BENCH v=1 run=40563581580240 event=present frame_id=1025 t_ns=40567989355000 presented=1 clock=monotonic
K230_CARD_BENCH v=1 run=40563581580240 event=present frame_id=1024 t_ns=40567970192000 presented=1 clock=monotonic
K230_CARD_BENCH v=1 run=40563581580240 event=present frame_id=1023 t_ns=40567931863000 presented=1 clock=monotonic
K230_CARD_BENCH v=1 run=40563581580240 event=present frame_id=1022 t_ns=40567912701000 presented=1 clock=monotonic
K230_CARD_BENCH v=1 run=40563581580240 event=present frame_id=1021 t_ns=40567874373000 presented=1 clock=monotonic
K230_CARD_BENCH v=1 run=40563581580240 event=present frame_id=1020 t_ns=40567855210000 presented=1 clock=monotonic
K230_CARD_BENCH v=1 run=40563581580240 event=present frame_id=1019 t_ns=40567816883000 presented=1 clock=monotonic
K230_CARD_BENCH v=1 run=40563581580240 event=present frame_id=1018 t_ns=40567797718000 presented=1 clock=monotonic
K230_CARD_BENCH v=1 run=40563581580240 event=present frame_id=1017 t_ns=40567759390000 presented=1 clock=monotonic
K230_CARD_BENCH v=1 run=40563581580240 event=present frame_id=1016 t_ns=40567740228000 presented=1 clock=monotonic
K230_CARD_BENCH v=1 run=40563581580240 event=present frame_id=1015 t_ns=40567701899000 presented=1 clock=monotonic
K230_CARD_BENCH v=1 run=40563581580240 event=present frame_id=1014 t_ns=40567682737000 presented=1 clock=monotonic
K230_CARD_BENCH v=1 run=40563581580240 event=present frame_id=1013 t_ns=40567644410000 presented=1 clock=monotonic
K230_CARD_BENCH v=1 run=40563581580240 event=present frame_id=1012 t_ns=40567625246000 presented=1 clock=monotonic
K230_CARD_BENCH v=1 run=40563581580240 event=resource phase=active t_ns=40567611895653 cpu_ns=22208390000 memory_bytes=27471872 scope=session
K230_CARD_BENCH v=1 run=40563581580240 event=resource phase=active t_ns=40567611895653 cpu_ns=12964882895 memory_bytes=34111488 scope=compositor
K230_CARD_BENCH v=1 run=40563581580240 event=present frame_id=1011 t_ns=40567586919000 presented=1 clock=monotonic
K230_CARD_BENCH v=1 run=40563581580240 event=present frame_id=1010 t_ns=40567567754000 presented=1 clock=monotonic
K230_CARD_BENCH v=1 run=40563581580240 event=present frame_id=1009 t_ns=40567529427000 presented=1 clock=monotonic
K230_CARD_BENCH v=1 run=40563581580240 event=present frame_id=1008 t_ns=40567510264000 presented=1 clock=monotonic
K230_CARD_BENCH v=1 run=40563581580240 event=present frame_id=1007 t_ns=40567471936000 presented=1 clock=monotonic
K230_CARD_BENCH v=1 run=40563581580240 event=present frame_id=1006 t_ns=40567433610000 presented=1 clock=monotonic
K230_CARD_BENCH v=1 run=40563581580240 event=present frame_id=1005 t_ns=40567395280000 presented=1 clock=monotonic
K230_CARD_BENCH v=1 run=40563581580240 event=present frame_id=1004 t_ns=40567376117000 presented=1 clock=monotonic
K230_CARD_BENCH v=1 run=40563581580240 event=present frame_id=1003 t_ns=40567337791000 presented=1 clock=monotonic
K230_CARD_BENCH v=1 run=40563581580240 event=present frame_id=1002 t_ns=40567318626000 presented=1 clock=monotonic
K230_CARD_BENCH v=1 run=40563581580240 event=present frame_id=1001 t_ns=40567280298000 presented=1 clock=monotonic
K230_CARD_BENCH v=1 run=40563581580240 event=present frame_id=1000 t_ns=40567261135000 presented=1 clock=monotonic
K230_CARD_BENCH v=1 run=40563581580240 event=present frame_id=999 t_ns=40567222806000 presented=1 clock=monotonic
K230_CARD_BENCH v=1 run=40563581580240 event=present frame_id=998 t_ns=40567203644000 presented=1 clock=monotonic
K230_CARD_BENCH v=1 run=40563581580240 event=present frame_id=997 t_ns=40567165317000 presented=1 clock=monotonic
K230_CARD_BENCH v=1 run=40563581580240 event=present frame_id=996 t_ns=40567146153000 presented=1 clock=monotonic
K230_CARD_BENCH v=1 run=40563581580240 event=present frame_id=995 t_ns=40567107824000 presented=1 clock=monotonic
K230_CARD_BENCH v=1 run=40563581580240 event=present frame_id=994 t_ns=40567088662000 presented=1 clock=monotonic
K230_CARD_BENCH v=1 run=40563581580240 event=present frame_id=993 t_ns=40567050334000 presented=1 clock=monotonic
K230_CARD_BENCH v=1 run=40563581580240 event=present frame_id=992 t_ns=40567031172000 presented=1 clock=monotonic
K230_CARD_SHELL frame-cost run=40563581580240 frame_id=992 total_cpu_ns=14134008 render_cpu_ns=13951974 input_cpu_ns=11074
K230_CARD_BENCH v=1 run=40563581580240 event=submit input_id=10 frame_id=992 t_ns=40567023915832 update_cpu_ns=14134008 final=1
K230_CARD_BENCH v=1 run=40563581580240 event=submit input_id=9 frame_id=992 t_ns=40567023915832 update_cpu_ns=14134008 final=0
K230_CARD_BENCH v=1 run=40563581580240 event=submit input_id=8 frame_id=992 t_ns=40567023915832 update_cpu_ns=14134008 final=0
K230_CARD_BENCH v=1 run=40563581580240 event=present frame_id=991 t_ns=40566992847000 presented=1 clock=monotonic
K230_CARD_BENCH v=1 run=40563581580240 event=input input_id=10 gesture_id=27 kind=release t_ns=40567000291306 source=injected
K230_CARD_BENCH v=1 run=40563581580240 event=input input_id=9 gesture_id=27 kind=motion t_ns=40566995779280 source=injected
K230_CARD_BENCH v=1 run=40563581580240 event=input input_id=8 gesture_id=27 kind=motion t_ns=40566995638521 source=injected
K230_CARD_SHELL frame-cost run=40563581580240 frame_id=991 total_cpu_ns=15712092 render_cpu_ns=15456240 input_cpu_ns=23778
K230_CARD_BENCH v=1 run=40563581580240 event=submit input_id=7 frame_id=991 t_ns=40566991509915 update_cpu_ns=15712092 final=0
K230_CARD_BENCH v=1 run=40563581580240 event=submit input_id=6 frame_id=991 t_ns=40566991509915 update_cpu_ns=15712092 final=0
K230_CARD_BENCH v=1 run=40563581580240 event=submit input_id=5 frame_id=991 t_ns=40566991509915 update_cpu_ns=15712092 final=0
K230_CARD_BENCH v=1 run=40563581580240 event=submit input_id=4 frame_id=991 t_ns=40566991509915 update_cpu_ns=15712092 final=0
K230_CARD_BENCH v=1 run=40563581580240 event=submit input_id=3 frame_id=991 t_ns=40566991509915 update_cpu_ns=15712092 final=0
K230_CARD_BENCH v=1 run=40563581580240 event=submit input_id=2 frame_id=991 t_ns=40566991509915 update_cpu_ns=15712092 final=0
K230_CARD_BENCH v=1 run=40563581580240 event=present frame_id=990 t_ns=40566973689000 presented=1 clock=monotonic
K230_CARD_BENCH v=1 run=40563581580240 event=input input_id=7 gesture_id=27 kind=motion t_ns=40566973875790 source=injected
K230_CARD_BENCH v=1 run=40563581580240 event=input input_id=6 gesture_id=27 kind=motion t_ns=40566963807011 source=injected
K230_CARD_BENCH v=1 run=40563581580240 event=input input_id=5 gesture_id=27 kind=motion t_ns=40566961065843 source=injected
K230_CARD_BENCH v=1 run=40563581580240 event=input input_id=4 gesture_id=27 kind=motion t_ns=40566960998538 source=injected
K230_CARD_BENCH v=1 run=40563581580240 event=input input_id=3 gesture_id=27 kind=motion t_ns=40566960909600 source=injected
K230_CARD_BENCH v=1 run=40563581580240 event=input input_id=2 gesture_id=27 kind=motion t_ns=40566960745579 source=injected
K230_CARD_SHELL frame-cost run=40563581580240 frame_id=990 total_cpu_ns=23847926 render_cpu_ns=15554521 input_cpu_ns=8104367
K230_CARD_BENCH v=1 run=40563581580240 event=submit input_id=1 frame_id=990 t_ns=40566954505664 update_cpu_ns=23847926 final=0
K230_CARD_BENCH v=1 run=40563581580240 event=input input_id=1 gesture_id=27 kind=motion t_ns=40566920545620 source=injected
K230_CARD_SHELL state mode=1 actions=35 message=0 cards=2
K230_CARD_SHELL mirror id=9 format=34325258 width=128 height=96 stride=512
K230_CARD_SHELL mirror id=9 format=34325258 width=520 height=1040 stride=2080
K230_CARD_SHELL mirror id=7 format=34325258 width=128 height=96 stride=512
K230_CARD_SHELL mirror id=7 format=34325258 width=520 height=1040 stride=2080
K230_CARD_BENCH v=1 run=40563581580240 event=session t_ns=40566920545620 clock=monotonic backend=drm renderer=pixman width=568 height=1232 output_format=RGB565 input=injected cards=2
K230_CARD_BENCH v=1 run=40563581580240 event=present frame_id=989 t_ns=40566916191000 presented=1 clock=monotonic
K230_CARD_BENCH v=1 run=40563581580240 event=present frame_id=988 t_ns=40566877867000 presented=1 clock=monotonic
K230_CARD_BENCH v=1 run=40563581580240 event=present frame_id=987 t_ns=40566839534000 presented=1 clock=monotonic
K230_CARD_BENCH v=1 run=40563581580240 event=present frame_id=986 t_ns=40566820370000 presented=1 clock=monotonic
K230_CARD_BENCH v=1 run=40563581580240 event=present frame_id=985 t_ns=40566782043000 presented=1 clock=monotonic
K230_CARD_BENCH v=1 run=40563581580240 event=present frame_id=984 t_ns=40566762879000 presented=1 clock=monotonic
K230_CARD_BENCH v=1 run=40563581580240 event=present frame_id=983 t_ns=40566743715000 presented=1 clock=monotonic
K230_CARD_BENCH v=1 run=40563581580240 event=present frame_id=982 t_ns=40566724552000 presented=1 clock=monotonic
K230_CARD_BENCH v=1 run=40563581580240 event=present frame_id=981 t_ns=40566705388000 presented=1 clock=monotonic
K230_CARD_BENCH v=1 run=40563581580240 event=present frame_id=980 t_ns=40566686224000 presented=1 clock=monotonic
K230_CARD_BENCH v=1 run=40563581580240 event=present frame_id=979 t_ns=40566667061000 presented=1 clock=monotonic
K230_CARD_BENCH v=1 run=40563581580240 event=present frame_id=978 t_ns=40566647896000 presented=1 clock=monotonic
K230_CARD_BENCH v=1 run=40563581580240 event=present frame_id=977 t_ns=40566628734000 presented=1 clock=monotonic
K230_CARD_BENCH v=1 run=40563581580240 event=present frame_id=976 t_ns=40566590406000 presented=1 clock=monotonic
K230_CARD_BENCH v=1 run=40563581580240 event=resource phase=baseline t_ns=40566592231798 cpu_ns=21479954000 memory_bytes=27234304 scope=session
K230_CARD_BENCH v=1 run=40563581580240 event=resource phase=baseline t_ns=40566592231798 cpu_ns=12486935167 memory_bytes=33980416 scope=compositor
K230_CARD_BENCH v=1 run=40563581580240 event=present frame_id=975 t_ns=40566571241000 presented=1 clock=monotonic
K230_CARD_BENCH v=1 run=40563581580240 event=present frame_id=974 t_ns=40566552079000 presented=1 clock=monotonic
K230_CARD_BENCH v=1 run=40563581580240 event=present frame_id=973 t_ns=40566532915000 presented=1 clock=monotonic
K230_CARD_BENCH v=1 run=40563581580240 event=present frame_id=972 t_ns=40566513751000 presented=1 clock=monotonic
K230_CARD_BENCH v=1 run=40563581580240 event=present frame_id=971 t_ns=40566494587000 presented=1 clock=monotonic
K230_CARD_BENCH v=1 run=40563581580240 event=present frame_id=970 t_ns=40566456265000 presented=1 clock=monotonic
K230_CARD_BENCH v=1 run=40563581580240 event=present frame_id=969 t_ns=40566437096000 presented=1 clock=monotonic
K230_CARD_BENCH v=1 run=40563581580240 event=present frame_id=968 t_ns=40566417933000 presented=1 clock=monotonic
K230_CARD_BENCH v=1 run=40563581580240 event=present frame_id=967 t_ns=40566398769000 presented=1 clock=monotonic
K230_CARD_BENCH v=1 run=40563581580240 event=present frame_id=966 t_ns=40566379605000 presented=1 clock=monotonic
K230_CARD_BENCH v=1 run=40563581580240 event=present frame_id=965 t_ns=40566360442000 presented=1 clock=monotonic
K230_CARD_BENCH v=1 run=40563581580240 event=present frame_id=964 t_ns=40566322115000 presented=1 clock=monotonic
K230_CARD_BENCH v=1 run=40563581580240 event=present frame_id=963 t_ns=40566283787000 presented=1 clock=monotonic
K230_CARD_BENCH v=1 run=40563581580240 event=present frame_id=962 t_ns=40566264623000 presented=1 clock=monotonic
K230_CARD_BENCH v=1 run=40563581580240 event=present frame_id=961 t_ns=40566245459000 presented=1 clock=monotonic
K230_CARD_BENCH v=1 run=40563581580240 event=present frame_id=960 t_ns=40566226295000 presented=1 clock=monotonic
K230_CARD_BENCH v=1 run=40563581580240 event=present frame_id=959 t_ns=40566187968000 presented=1 clock=monotonic
K230_CARD_BENCH v=1 run=40563581580240 event=present frame_id=958 t_ns=40566168805000 presented=1 clock=monotonic
K230_CARD_BENCH v=1 run=40563581580240 event=present frame_id=957 t_ns=40566149641000 presented=1 clock=monotonic
K230_CARD_BENCH v=1 run=40563581580240 event=present frame_id=956 t_ns=40566130477000 presented=1 clock=monotonic
K230_CARD_BENCH v=1 run=40563581580240 event=present frame_id=955 t_ns=40566111313000 presented=1 clock=monotonic
K230_CARD_BENCH v=1 run=40563581580240 event=present frame_id=954 t_ns=40566092151000 presented=1 clock=monotonic
K230_CARD_BENCH v=1 run=40563581580240 event=present frame_id=953 t_ns=40566072986000 presented=1 clock=monotonic
K230_CARD_BENCH v=1 run=40563581580240 event=present frame_id=952 t_ns=40566053822000 presented=1 clock=monotonic
K230_CARD_BENCH v=1 run=40563581580240 event=present frame_id=951 t_ns=40566034659000 presented=1 clock=monotonic
K230_CARD_BENCH v=1 run=40563581580240 event=present frame_id=950 t_ns=40565996332000 presented=1 clock=monotonic
K230_CARD_BENCH v=1 run=40563581580240 event=present frame_id=949 t_ns=40565977168000 presented=1 clock=monotonic
K230_CARD_BENCH v=1 run=40563581580240 event=present frame_id=948 t_ns=40565958004000 presented=1 clock=monotonic
K230_CARD_BENCH v=1 run=40563581580240 event=present frame_id=947 t_ns=40565938840000 presented=1 clock=monotonic
K230_CARD_BENCH v=1 run=40563581580240 event=present frame_id=946 t_ns=40565919677000 presented=1 clock=monotonic
K230_CARD_BENCH v=1 run=40563581580240 event=present frame_id=945 t_ns=40565900514000 presented=1 clock=monotonic
K230_CARD_BENCH v=1 run=40563581580240 event=present frame_id=944 t_ns=40565881348000 presented=1 clock=monotonic
K230_CARD_BENCH v=1 run=40563581580240 event=present frame_id=943 t_ns=40565862186000 presented=1 clock=monotonic
K230_CARD_BENCH v=1 run=40563581580240 event=present frame_id=942 t_ns=40565823858000 presented=1 clock=monotonic
K230_CARD_BENCH v=1 run=40563581580240 event=present frame_id=941 t_ns=40565804695000 presented=1 clock=monotonic
K230_CARD_BENCH v=1 run=40563581580240 event=present frame_id=940 t_ns=40565785531000 presented=1 clock=monotonic
K230_CARD_BENCH v=1 run=40563581580240 event=present frame_id=939 t_ns=40565747204000 presented=1 clock=monotonic
K230_CARD_BENCH v=1 run=40563581580240 event=present frame_id=938 t_ns=40565708877000 presented=1 clock=monotonic
K230_CARD_BENCH v=1 run=40563581580240 event=present frame_id=937 t_ns=40565689713000 presented=1 clock=monotonic
K230_CARD_BENCH v=1 run=40563581580240 event=present frame_id=936 t_ns=40565670549000 presented=1 clock=monotonic
K230_CARD_BENCH v=1 run=40563581580240 event=present frame_id=935 t_ns=40565651385000 presented=1 clock=monotonic
K230_CARD_BENCH v=1 run=40563581580240 event=present frame_id=934 t_ns=40565632221000 presented=1 clock=monotonic
K230_CARD_BENCH v=1 run=40563581580240 event=present frame_id=933 t_ns=40565593895000 presented=1 clock=monotonic
K230_CARD_BENCH v=1 run=40563581580240 event=resource phase=baseline t_ns=40565592141132 cpu_ns=20663230000 memory_bytes=27230208 scope=session
K230_CARD_BENCH v=1 run=40563581580240 event=resource phase=baseline t_ns=40565592141132 cpu_ns=12089532444 memory_bytes=33980416 scope=compositor
K230_CARD_BENCH v=1 run=40563581580240 event=present frame_id=932 t_ns=40565574731000 presented=1 clock=monotonic
K230_CARD_BENCH v=1 run=40563581580240 event=present frame_id=931 t_ns=40565555568000 presented=1 clock=monotonic
K230_CARD_BENCH v=1 run=40563581580240 event=present frame_id=930 t_ns=40565536403000 presented=1 clock=monotonic
K230_CARD_BENCH v=1 run=40563581580240 event=present frame_id=929 t_ns=40565517240000 presented=1 clock=monotonic
K230_CARD_BENCH v=1 run=40563581580240 event=present frame_id=928 t_ns=40565478910000 presented=1 clock=monotonic
K230_CARD_BENCH v=1 run=40563581580240 event=present frame_id=927 t_ns=40565459748000 presented=1 clock=monotonic
K230_CARD_BENCH v=1 run=40563581580240 event=present frame_id=926 t_ns=40565440585000 presented=1 clock=monotonic
K230_CARD_BENCH v=1 run=40563581580240 event=present frame_id=925 t_ns=40565421422000 presented=1 clock=monotonic
K230_CARD_BENCH v=1 run=40563581580240 event=present frame_id=924 t_ns=40565402258000 presented=1 clock=monotonic
K230_CARD_BENCH v=1 run=40563581580240 event=present frame_id=923 t_ns=40565383094000 presented=1 clock=monotonic
K230_CARD_BENCH v=1 run=40563581580240 event=present frame_id=922 t_ns=40565363930000 presented=1 clock=monotonic
K230_CARD_BENCH v=1 run=40563581580240 event=present frame_id=921 t_ns=40565344766000 presented=1 clock=monotonic
K230_CARD_BENCH v=1 run=40563581580240 event=present frame_id=920 t_ns=40565325603000 presented=1 clock=monotonic
K230_CARD_BENCH v=1 run=40563581580240 event=present frame_id=919 t_ns=40565287274000 presented=1 clock=monotonic
K230_CARD_BENCH v=1 run=40563581580240 event=present frame_id=918 t_ns=40565268113000 presented=1 clock=monotonic
K230_CARD_BENCH v=1 run=40563581580240 event=present frame_id=917 t_ns=40565248948000 presented=1 clock=monotonic
K230_CARD_BENCH v=1 run=40563581580240 event=present frame_id=916 t_ns=40565229785000 presented=1 clock=monotonic
K230_CARD_BENCH v=1 run=40563581580240 event=present frame_id=915 t_ns=40565191457000 presented=1 clock=monotonic
K230_CARD_BENCH v=1 run=40563581580240 event=present frame_id=914 t_ns=40565153130000 presented=1 clock=monotonic
K230_CARD_BENCH v=1 run=40563581580240 event=present frame_id=913 t_ns=40565133966000 presented=1 clock=monotonic
K230_CARD_BENCH v=1 run=40563581580240 event=present frame_id=912 t_ns=40565114803000 presented=1 clock=monotonic
K230_CARD_BENCH v=1 run=40563581580240 event=present frame_id=911 t_ns=40565095638000 presented=1 clock=monotonic
K230_CARD_BENCH v=1 run=40563581580240 event=present frame_id=910 t_ns=40565076475000 presented=1 clock=monotonic
K230_CARD_BENCH v=1 run=40563581580240 event=present frame_id=909 t_ns=40565057311000 presented=1 clock=monotonic
K230_CARD_BENCH v=1 run=40563581580240 event=present frame_id=908 t_ns=40565018984000 presented=1 clock=monotonic
K230_CARD_BENCH v=1 run=40563581580240 event=present frame_id=907 t_ns=40564999820000 presented=1 clock=monotonic
K230_CARD_BENCH v=1 run=40563581580240 event=present frame_id=906 t_ns=40564980656000 presented=1 clock=monotonic
K230_CARD_BENCH v=1 run=40563581580240 event=present frame_id=905 t_ns=40564961493000 presented=1 clock=monotonic
K230_CARD_BENCH v=1 run=40563581580240 event=present frame_id=904 t_ns=40564942329000 presented=1 clock=monotonic
K230_CARD_BENCH v=1 run=40563581580240 event=present frame_id=903 t_ns=40564923166000 presented=1 clock=monotonic
K230_CARD_BENCH v=1 run=40563581580240 event=present frame_id=902 t_ns=40564904002000 presented=1 clock=monotonic
K230_CARD_BENCH v=1 run=40563581580240 event=present frame_id=901 t_ns=40564884838000 presented=1 clock=monotonic
K230_CARD_BENCH v=1 run=40563581580240 event=present frame_id=900 t_ns=40564865674000 presented=1 clock=monotonic
K230_CARD_BENCH v=1 run=40563581580240 event=present frame_id=899 t_ns=40564827347000 presented=1 clock=monotonic
K230_CARD_BENCH v=1 run=40563581580240 event=present frame_id=898 t_ns=40564808183000 presented=1 clock=monotonic
K230_CARD_BENCH v=1 run=40563581580240 event=present frame_id=897 t_ns=40564789020000 presented=1 clock=monotonic
K230_CARD_BENCH v=1 run=40563581580240 event=present frame_id=896 t_ns=40564769856000 presented=1 clock=monotonic
K230_CARD_BENCH v=1 run=40563581580240 event=present frame_id=895 t_ns=40564750693000 presented=1 clock=monotonic
K230_CARD_BENCH v=1 run=40563581580240 event=present frame_id=894 t_ns=40564731529000 presented=1 clock=monotonic
K230_CARD_BENCH v=1 run=40563581580240 event=present frame_id=893 t_ns=40564712365000 presented=1 clock=monotonic
K230_CARD_BENCH v=1 run=40563581580240 event=present frame_id=892 t_ns=40564693201000 presented=1 clock=monotonic
K230_CARD_BENCH v=1 run=40563581580240 event=present frame_id=891 t_ns=40564674038000 presented=1 clock=monotonic
K230_CARD_BENCH v=1 run=40563581580240 event=present frame_id=890 t_ns=40564635712000 presented=1 clock=monotonic
K230_CARD_BENCH v=1 run=40563581580240 event=present frame_id=889 t_ns=40564597385000 presented=1 clock=monotonic
K230_CARD_BENCH v=1 run=40563581580240 event=resource phase=baseline t_ns=40564582869536 cpu_ns=19830800000 memory_bytes=27230208 scope=session
K230_CARD_BENCH v=1 run=40563581580240 event=resource phase=baseline t_ns=40564582869536 cpu_ns=11683340686 memory_bytes=33980416 scope=compositor
K230_CARD_BENCH v=1 run=40563581580240 event=present frame_id=888 t_ns=40564559056000 presented=1 clock=monotonic
K230_CARD_BENCH v=1 run=40563581580240 event=present frame_id=887 t_ns=40564539892000 presented=1 clock=monotonic
K230_CARD_BENCH v=1 run=40563581580240 event=present frame_id=886 t_ns=40564520729000 presented=1 clock=monotonic
K230_CARD_BENCH v=1 run=40563581580240 event=present frame_id=885 t_ns=40564501565000 presented=1 clock=monotonic
K230_CARD_BENCH v=1 run=40563581580240 event=present frame_id=884 t_ns=40564482401000 presented=1 clock=monotonic
K230_CARD_BENCH v=1 run=40563581580240 event=present frame_id=883 t_ns=40564463237000 presented=1 clock=monotonic
K230_CARD_BENCH v=1 run=40563581580240 event=present frame_id=882 t_ns=40564444075000 presented=1 clock=monotonic
K230_CARD_BENCH v=1 run=40563581580240 event=present frame_id=881 t_ns=40564424911000 presented=1 clock=monotonic
K230_CARD_BENCH v=1 run=40563581580240 event=present frame_id=880 t_ns=40564386584000 presented=1 clock=monotonic
K230_CARD_BENCH v=1 run=40563581580240 event=present frame_id=879 t_ns=40564367419000 presented=1 clock=monotonic
K230_CARD_BENCH v=1 run=40563581580240 event=present frame_id=878 t_ns=40564348258000 presented=1 clock=monotonic
K230_CARD_BENCH v=1 run=40563581580240 event=present frame_id=877 t_ns=40564329092000 presented=1 clock=monotonic
K230_CARD_BENCH v=1 run=40563581580240 event=present frame_id=876 t_ns=40564309929000 presented=1 clock=monotonic
K230_CARD_BENCH v=1 run=40563581580240 event=present frame_id=875 t_ns=40564290765000 presented=1 clock=monotonic
K230_CARD_BENCH v=1 run=40563581580240 event=present frame_id=874 t_ns=40564271601000 presented=1 clock=monotonic
K230_CARD_BENCH v=1 run=40563581580240 event=present frame_id=873 t_ns=40564252438000 presented=1 clock=monotonic
K230_CARD_BENCH v=1 run=40563581580240 event=present frame_id=872 t_ns=40564214110000 presented=1 clock=monotonic
K230_CARD_BENCH v=1 run=40563581580240 event=present frame_id=871 t_ns=40564194947000 presented=1 clock=monotonic
K230_CARD_BENCH v=1 run=40563581580240 event=present frame_id=870 t_ns=40564175783000 presented=1 clock=monotonic
K230_CARD_BENCH v=1 run=40563581580240 event=present frame_id=869 t_ns=40564156620000 presented=1 clock=monotonic
K230_CARD_BENCH v=1 run=40563581580240 event=present frame_id=868 t_ns=40564137456000 presented=1 clock=monotonic
K230_CARD_BENCH v=1 run=40563581580240 event=present frame_id=867 t_ns=40564118292000 presented=1 clock=monotonic
K230_CARD_BENCH v=1 run=40563581580240 event=present frame_id=866 t_ns=40564099128000 presented=1 clock=monotonic
K230_CARD_BENCH v=1 run=40563581580240 event=present frame_id=865 t_ns=40564060802000 presented=1 clock=monotonic
K230_CARD_BENCH v=1 run=40563581580240 event=present frame_id=864 t_ns=40564022476000 presented=1 clock=monotonic
K230_CARD_BENCH v=1 run=40563581580240 event=present frame_id=863 t_ns=40564003310000 presented=1 clock=monotonic
K230_CARD_BENCH v=1 run=40563581580240 event=present frame_id=862 t_ns=40563964983000 presented=1 clock=monotonic
K230_CARD_BENCH v=1 run=40563581580240 event=present frame_id=861 t_ns=40563945819000 presented=1 clock=monotonic
K230_CARD_BENCH v=1 run=40563581580240 event=present frame_id=860 t_ns=40563926654000 presented=1 clock=monotonic
K230_CARD_BENCH v=1 run=40563581580240 event=present frame_id=859 t_ns=40563907491000 presented=1 clock=monotonic
K230_CARD_BENCH v=1 run=40563581580240 event=present frame_id=858 t_ns=40563888329000 presented=1 clock=monotonic
K230_CARD_BENCH v=1 run=40563581580240 event=present frame_id=857 t_ns=40563869165000 presented=1 clock=monotonic
K230_CARD_BENCH v=1 run=40563581580240 event=present frame_id=856 t_ns=40563850001000 presented=1 clock=monotonic
K230_CARD_BENCH v=1 run=40563581580240 event=present frame_id=855 t_ns=40563830836000 presented=1 clock=monotonic
K230_CARD_BENCH v=1 run=40563581580240 event=present frame_id=854 t_ns=40563811673000 presented=1 clock=monotonic
K230_CARD_BENCH v=1 run=40563581580240 event=present frame_id=853 t_ns=40563773346000 presented=1 clock=monotonic
K230_CARD_BENCH v=1 run=40563581580240 event=present frame_id=852 t_ns=40563754183000 presented=1 clock=monotonic
K230_CARD_BENCH v=1 run=40563581580240 event=present frame_id=851 t_ns=40563735018000 presented=1 clock=monotonic
K230_CARD_BENCH v=1 run=40563581580240 event=present frame_id=850 t_ns=40563715855000 presented=1 clock=monotonic
K230_CARD_BENCH v=1 run=40563581580240 event=present frame_id=849 t_ns=40563696691000 presented=1 clock=monotonic
K230_CARD_BENCH v=1 run=40563581580240 event=present frame_id=848 t_ns=40563677529000 presented=1 clock=monotonic
K230_CARD_BENCH v=1 run=40563581580240 event=present frame_id=847 t_ns=40563639202000 presented=1 clock=monotonic
K230_CARD_BENCH v=1 run=40563581580240 event=present frame_id=846 t_ns=40563581711000 presented=1 clock=monotonic
K230_CARD_SHELL input=injected operation=benchmark accepted=1
K230_CARD_BENCH v=1 run=40563581580240 event=resource phase=baseline t_ns=40563581836309 cpu_ns=18972065000 memory_bytes=23408640 scope=session
K230_CARD_BENCH v=1 run=40563581580240 event=resource phase=baseline t_ns=40563581836309 cpu_ns=11279485666 memory_bytes=27557888 scope=compositor
K230_CARD_SHELL map id=9 class=2
K230_CARD_SHELL state mode=0 actions=32 message=0 cards=2
K230_CARD_SHELL input=injected operation=benchmark-stop accepted=1
K230_CARD_BENCH v=1 run=40540528485118 event=present frame_id=842 t_ns=40563370909000 presented=1 clock=monotonic
K230_CARD_BENCH v=1 run=40540528485118 event=present frame_id=841 t_ns=40563351745000 presented=1 clock=monotonic
K230_CARD_BENCH v=1 run=40540528485118 event=present frame_id=840 t_ns=40563332583000 presented=1 clock=monotonic
K230_CARD_BENCH v=1 run=40540528485118 event=present frame_id=839 t_ns=40563313418000 presented=1 clock=monotonic
K230_CARD_BENCH v=1 run=40540528485118 event=present frame_id=838 t_ns=40563294255000 presented=1 clock=monotonic
K230_CARD_BENCH v=1 run=40540528485118 event=present frame_id=837 t_ns=40563275091000 presented=1 clock=monotonic
K230_CARD_BENCH v=1 run=40540528485118 event=present frame_id=836 t_ns=40563236764000 presented=1 clock=monotonic
K230_CARD_BENCH v=1 run=40540528485118 event=present frame_id=835 t_ns=40563217600000 presented=1 clock=monotonic
K230_CARD_BENCH v=1 run=40540528485118 event=present frame_id=834 t_ns=40563198437000 presented=1 clock=monotonic
K230_CARD_BENCH v=1 run=40540528485118 event=present frame_id=833 t_ns=40563179272000 presented=1 clock=monotonic
K230_CARD_BENCH v=1 run=40540528485118 event=present frame_id=832 t_ns=40563160109000 presented=1 clock=monotonic
K230_CARD_BENCH v=1 run=40540528485118 event=present frame_id=831 t_ns=40563140949000 presented=1 clock=monotonic
K230_CARD_BENCH v=1 run=40540528485118 event=present frame_id=830 t_ns=40563121782000 presented=1 clock=monotonic
K230_CARD_BENCH v=1 run=40540528485118 event=present frame_id=829 t_ns=40563102618000 presented=1 clock=monotonic
K230_CARD_BENCH v=1 run=40540528485118 event=present frame_id=828 t_ns=40563083455000 presented=1 clock=monotonic
K230_CARD_BENCH v=1 run=40540528485118 event=present frame_id=827 t_ns=40563045127000 presented=1 clock=monotonic
K230_CARD_BENCH v=1 run=40540528485118 event=present frame_id=826 t_ns=40563025964000 presented=1 clock=monotonic
K230_CARD_BENCH v=1 run=40540528485118 event=present frame_id=825 t_ns=40563006801000 presented=1 clock=monotonic
K230_CARD_BENCH v=1 run=40540528485118 event=present frame_id=824 t_ns=40562987636000 presented=1 clock=monotonic
K230_CARD_BENCH v=1 run=40540528485118 event=present frame_id=823 t_ns=40562968473000 presented=1 clock=monotonic
K230_CARD_BENCH v=1 run=40540528485118 event=present frame_id=822 t_ns=40562949309000 presented=1 clock=monotonic
K230_CARD_BENCH v=1 run=40540528485118 event=present frame_id=821 t_ns=40562910983000 presented=1 clock=monotonic
K230_CARD_BENCH v=1 run=40540528485118 event=present frame_id=820 t_ns=40562872657000 presented=1 clock=monotonic
K230_CARD_BENCH v=1 run=40540528485118 event=resource phase=restored t_ns=40562863412216 cpu_ns=18410338000 memory_bytes=19689472 scope=session
K230_CARD_BENCH v=1 run=40540528485118 event=resource phase=restored t_ns=40562863412216 cpu_ns=11023408474 memory_bytes=27557888 scope=compositor
K230_CARD_BENCH v=1 run=40540528485118 event=present frame_id=819 t_ns=40562853491000 presented=1 clock=monotonic
K230_CARD_BENCH v=1 run=40540528485118 event=present frame_id=818 t_ns=40562815163000 presented=1 clock=monotonic
K230_CARD_BENCH v=1 run=40540528485118 event=present frame_id=817 t_ns=40562795999000 presented=1 clock=monotonic
K230_CARD_BENCH v=1 run=40540528485118 event=present frame_id=816 t_ns=40562776836000 presented=1 clock=monotonic
K230_CARD_BENCH v=1 run=40540528485118 event=present frame_id=815 t_ns=40562757673000 presented=1 clock=monotonic
K230_CARD_BENCH v=1 run=40540528485118 event=present frame_id=814 t_ns=40562738509000 presented=1 clock=monotonic
K230_CARD_BENCH v=1 run=40540528485118 event=present frame_id=813 t_ns=40562719346000 presented=1 clock=monotonic
K230_CARD_BENCH v=1 run=40540528485118 event=present frame_id=812 t_ns=40562700182000 presented=1 clock=monotonic
K230_CARD_BENCH v=1 run=40540528485118 event=present frame_id=811 t_ns=40562681018000 presented=1 clock=monotonic
K230_CARD_BENCH v=1 run=40540528485118 event=present frame_id=810 t_ns=40562661855000 presented=1 clock=monotonic
K230_CARD_BENCH v=1 run=40540528485118 event=present frame_id=809 t_ns=40562623527000 presented=1 clock=monotonic
K230_CARD_BENCH v=1 run=40540528485118 event=present frame_id=808 t_ns=40562604364000 presented=1 clock=monotonic
K230_CARD_BENCH v=1 run=40540528485118 event=present frame_id=807 t_ns=40562585201000 presented=1 clock=monotonic
K230_CARD_BENCH v=1 run=40540528485118 event=present frame_id=806 t_ns=40562566037000 presented=1 clock=monotonic
K230_CARD_BENCH v=1 run=40540528485118 event=present frame_id=805 t_ns=40562546873000 presented=1 clock=monotonic
K230_CARD_BENCH v=1 run=40540528485118 event=present frame_id=804 t_ns=40562527709000 presented=1 clock=monotonic
K230_CARD_BENCH v=1 run=40540528485118 event=present frame_id=803 t_ns=40562508546000 presented=1 clock=monotonic
K230_CARD_BENCH v=1 run=40540528485118 event=present frame_id=802 t_ns=40562489382000 presented=1 clock=monotonic
K230_CARD_BENCH v=1 run=40540528485118 event=present frame_id=801 t_ns=40562470218000 presented=1 clock=monotonic
K230_CARD_BENCH v=1 run=40540528485118 event=present frame_id=800 t_ns=40562431892000 presented=1 clock=monotonic
K230_CARD_BENCH v=1 run=40540528485118 event=present frame_id=799 t_ns=40562412727000 presented=1 clock=monotonic
K230_CARD_BENCH v=1 run=40540528485118 event=present frame_id=798 t_ns=40562393564000 presented=1 clock=monotonic
K230_CARD_BENCH v=1 run=40540528485118 event=present frame_id=797 t_ns=40562374400000 presented=1 clock=monotonic
K230_CARD_BENCH v=1 run=40540528485118 event=present frame_id=796 t_ns=40562336083000 presented=1 clock=monotonic
K230_CARD_BENCH v=1 run=40540528485118 event=present frame_id=795 t_ns=40562297746000 presented=1 clock=monotonic
K230_CARD_BENCH v=1 run=40540528485118 event=present frame_id=794 t_ns=40562278582000 presented=1 clock=monotonic
K230_CARD_BENCH v=1 run=40540528485118 event=present frame_id=793 t_ns=40562259419000 presented=1 clock=monotonic
K230_CARD_BENCH v=1 run=40540528485118 event=present frame_id=792 t_ns=40562240255000 presented=1 clock=monotonic
K230_CARD_BENCH v=1 run=40540528485118 event=present frame_id=791 t_ns=40562221090000 presented=1 clock=monotonic
K230_CARD_BENCH v=1 run=40540528485118 event=present frame_id=790 t_ns=40562201927000 presented=1 clock=monotonic
K230_CARD_BENCH v=1 run=40540528485118 event=present frame_id=789 t_ns=40562163601000 presented=1 clock=monotonic
K230_CARD_BENCH v=1 run=40540528485118 event=present frame_id=788 t_ns=40562144436000 presented=1 clock=monotonic
K230_CARD_BENCH v=1 run=40540528485118 event=present frame_id=787 t_ns=40562125273000 presented=1 clock=monotonic
K230_CARD_BENCH v=1 run=40540528485118 event=present frame_id=786 t_ns=40562106109000 presented=1 clock=monotonic
K230_CARD_BENCH v=1 run=40540528485118 event=present frame_id=785 t_ns=40562086946000 presented=1 clock=monotonic
K230_CARD_BENCH v=1 run=40540528485118 event=present frame_id=784 t_ns=40562067782000 presented=1 clock=monotonic
K230_CARD_BENCH v=1 run=40540528485118 event=present frame_id=783 t_ns=40562048618000 presented=1 clock=monotonic
K230_CARD_BENCH v=1 run=40540528485118 event=present frame_id=782 t_ns=40562029455000 presented=1 clock=monotonic
K230_CARD_BENCH v=1 run=40540528485118 event=present frame_id=781 t_ns=40562010290000 presented=1 clock=monotonic
K230_CARD_BENCH v=1 run=40540528485118 event=present frame_id=780 t_ns=40561991127000 presented=1 clock=monotonic
K230_CARD_BENCH v=1 run=40540528485118 event=present frame_id=779 t_ns=40561952800000 presented=1 clock=monotonic
K230_CARD_BENCH v=1 run=40540528485118 event=present frame_id=778 t_ns=40561933637000 presented=1 clock=monotonic
K230_CARD_BENCH v=1 run=40540528485118 event=present frame_id=777 t_ns=40561914473000 presented=1 clock=monotonic
K230_CARD_BENCH v=1 run=40540528485118 event=present frame_id=776 t_ns=40561895310000 presented=1 clock=monotonic
K230_CARD_BENCH v=1 run=40540528485118 event=present frame_id=775 t_ns=40561876146000 presented=1 clock=monotonic
K230_CARD_BENCH v=1 run=40540528485118 event=present frame_id=774 t_ns=40561856983000 presented=1 clock=monotonic
K230_CARD_BENCH v=1 run=40540528485118 event=resource phase=restored t_ns=40561849362999 cpu_ns=17541398000 memory_bytes=19689472 scope=session
K230_CARD_BENCH v=1 run=40540528485118 event=resource phase=restored t_ns=40561849362999 cpu_ns=10601572675 memory_bytes=27557888 scope=compositor
K230_CARD_BENCH v=1 run=40540528485118 event=present frame_id=773 t_ns=40561837818000 presented=1 clock=monotonic
K230_CARD_BENCH v=1 run=40540528485118 event=present frame_id=772 t_ns=40561818655000 presented=1 clock=monotonic
K230_CARD_BENCH v=1 run=40540528485118 event=present frame_id=771 t_ns=40561761164000 presented=1 clock=monotonic
K230_CARD_BENCH v=1 run=40540528485118 event=present frame_id=770 t_ns=40561742002000 presented=1 clock=monotonic
K230_CARD_BENCH v=1 run=40540528485118 event=present frame_id=769 t_ns=40561703673000 presented=1 clock=monotonic
K230_CARD_BENCH v=1 run=40540528485118 event=present frame_id=768 t_ns=40561684510000 presented=1 clock=monotonic
K230_CARD_BENCH v=1 run=40540528485118 event=present frame_id=767 t_ns=40561665346000 presented=1 clock=monotonic
K230_CARD_BENCH v=1 run=40540528485118 event=present frame_id=766 t_ns=40561646182000 presented=1 clock=monotonic
K230_CARD_BENCH v=1 run=40540528485118 event=present frame_id=765 t_ns=40561627019000 presented=1 clock=monotonic
K230_CARD_BENCH v=1 run=40540528485118 event=present frame_id=764 t_ns=40561607855000 presented=1 clock=monotonic
K230_CARD_BENCH v=1 run=40540528485118 event=present frame_id=763 t_ns=40561588691000 presented=1 clock=monotonic
K230_CARD_BENCH v=1 run=40540528485118 event=present frame_id=762 t_ns=40561569528000 presented=1 clock=monotonic
K230_CARD_BENCH v=1 run=40540528485118 event=present frame_id=761 t_ns=40561531200000 presented=1 clock=monotonic
K230_CARD_BENCH v=1 run=40540528485118 event=present frame_id=760 t_ns=40561512047000 presented=1 clock=monotonic
K230_CARD_BENCH v=1 run=40540528485118 event=present frame_id=759 t_ns=40561492873000 presented=1 clock=monotonic
K230_CARD_BENCH v=1 run=40540528485118 event=present frame_id=758 t_ns=40561473710000 presented=1 clock=monotonic
K230_CARD_BENCH v=1 run=40540528485118 event=present frame_id=757 t_ns=40561454546000 presented=1 clock=monotonic
K230_CARD_BENCH v=1 run=40540528485118 event=present frame_id=756 t_ns=40561435382000 presented=1 clock=monotonic
K230_CARD_BENCH v=1 run=40540528485118 event=present frame_id=755 t_ns=40561416219000 presented=1 clock=monotonic
K230_CARD_BENCH v=1 run=40540528485118 event=present frame_id=754 t_ns=40561397055000 presented=1 clock=monotonic
K230_CARD_BENCH v=1 run=40540528485118 event=present frame_id=753 t_ns=40561358728000 presented=1 clock=monotonic
K230_CARD_BENCH v=1 run=40540528485118 event=present frame_id=752 t_ns=40561339564000 presented=1 clock=monotonic
K230_CARD_BENCH v=1 run=40540528485118 event=present frame_id=751 t_ns=40561320400000 presented=1 clock=monotonic
K230_CARD_BENCH v=1 run=40540528485118 event=present frame_id=750 t_ns=40561301238000 presented=1 clock=monotonic
K230_CARD_BENCH v=1 run=40540528485118 event=present frame_id=749 t_ns=40561282074000 presented=1 clock=monotonic
K230_CARD_BENCH v=1 run=40540528485118 event=present frame_id=748 t_ns=40561262910000 presented=1 clock=monotonic
K230_CARD_BENCH v=1 run=40540528485118 event=present frame_id=747 t_ns=40561243747000 presented=1 clock=monotonic
K230_CARD_BENCH v=1 run=40540528485118 event=present frame_id=746 t_ns=40561205419000 presented=1 clock=monotonic
K230_CARD_BENCH v=1 run=40540528485118 event=present frame_id=745 t_ns=40561167092000 presented=1 clock=monotonic
K230_CARD_BENCH v=1 run=40540528485118 event=present frame_id=744 t_ns=40561147928000 presented=1 clock=monotonic
K230_CARD_BENCH v=1 run=40540528485118 event=present frame_id=743 t_ns=40561109600000 presented=1 clock=monotonic
K230_CARD_BENCH v=1 run=40540528485118 event=present frame_id=742 t_ns=40561090443000 presented=1 clock=monotonic
K230_CARD_BENCH v=1 run=40540528485118 event=present frame_id=741 t_ns=40561071274000 presented=1 clock=monotonic
K230_CARD_BENCH v=1 run=40540528485118 event=present frame_id=740 t_ns=40561052111000 presented=1 clock=monotonic
K230_CARD_BENCH v=1 run=40540528485118 event=present frame_id=739 t_ns=40561032947000 presented=1 clock=monotonic
K230_CARD_BENCH v=1 run=40540528485118 event=present frame_id=738 t_ns=40561013784000 presented=1 clock=monotonic
K230_CARD_BENCH v=1 run=40540528485118 event=present frame_id=737 t_ns=40560994620000 presented=1 clock=monotonic
K230_CARD_BENCH v=1 run=40540528485118 event=present frame_id=736 t_ns=40560975455000 presented=1 clock=monotonic
K230_CARD_BENCH v=1 run=40540528485118 event=present frame_id=735 t_ns=40560956292000 presented=1 clock=monotonic
K230_CARD_BENCH v=1 run=40540528485118 event=present frame_id=734 t_ns=40560917968000 presented=1 clock=monotonic
K230_CARD_BENCH v=1 run=40540528485118 event=present frame_id=733 t_ns=40560898801000 presented=1 clock=monotonic
K230_CARD_BENCH v=1 run=40540528485118 event=present frame_id=732 t_ns=40560879637000 presented=1 clock=monotonic
K230_CARD_BENCH v=1 run=40540528485118 event=present frame_id=731 t_ns=40560860474000 presented=1 clock=monotonic
K230_CARD_BENCH v=1 run=40540528485118 event=present frame_id=730 t_ns=40560841310000 presented=1 clock=monotonic
K230_CARD_BENCH v=1 run=40540528485118 event=resource phase=restored t_ns=40560833409957 cpu_ns=16709360000 memory_bytes=19689472 scope=session
K230_CARD_BENCH v=1 run=40540528485118 event=resource phase=restored t_ns=40560833409957 cpu_ns=10196213623 memory_bytes=27557888 scope=compositor
K230_CARD_BENCH v=1 run=40540528485118 event=present frame_id=729 t_ns=40560822146000 presented=1 clock=monotonic
K230_CARD_BENCH v=1 run=40540528485118 event=present frame_id=728 t_ns=40560802984000 presented=1 clock=monotonic
K230_CARD_BENCH v=1 run=40540528485118 event=present frame_id=727 t_ns=40560764656000 presented=1 clock=monotonic
K230_CARD_BENCH v=1 run=40540528485118 event=present frame_id=726 t_ns=40560745492000 presented=1 clock=monotonic
K230_CARD_BENCH v=1 run=40540528485118 event=present frame_id=725 t_ns=40560726328000 presented=1 clock=monotonic
K230_CARD_BENCH v=1 run=40540528485118 event=present frame_id=724 t_ns=40560707165000 presented=1 clock=monotonic
K230_CARD_BENCH v=1 run=40540528485118 event=present frame_id=723 t_ns=40560688002000 presented=1 clock=monotonic
K230_CARD_BENCH v=1 run=40540528485118 event=present frame_id=722 t_ns=40560668839000 presented=1 clock=monotonic
K230_CARD_BENCH v=1 run=40540528485118 event=present frame_id=721 t_ns=40560611348000 presented=1 clock=monotonic
K230_CARD_BENCH v=1 run=40540528485118 event=present frame_id=720 t_ns=40560592184000 presented=1 clock=monotonic
K230_CARD_BENCH v=1 run=40540528485118 event=present frame_id=719 t_ns=40560573020000 presented=1 clock=monotonic
K230_CARD_BENCH v=1 run=40540528485118 event=present frame_id=718 t_ns=40560534693000 presented=1 clock=monotonic
K230_CARD_BENCH v=1 run=40540528485118 event=present frame_id=717 t_ns=40560515529000 presented=1 clock=monotonic
K230_CARD_BENCH v=1 run=40540528485118 event=present frame_id=716 t_ns=40560496366000 presented=1 clock=monotonic
K230_CARD_BENCH v=1 run=40540528485118 event=present frame_id=715 t_ns=40560477202000 presented=1 clock=monotonic
K230_CARD_BENCH v=1 run=40540528485118 event=present frame_id=714 t_ns=40560458039000 presented=1 clock=monotonic
K230_CARD_BENCH v=1 run=40540528485118 event=present frame_id=713 t_ns=40560438875000 presented=1 clock=monotonic
K230_CARD_BENCH v=1 run=40540528485118 event=present frame_id=712 t_ns=40560419711000 presented=1 clock=monotonic
K230_CARD_BENCH v=1 run=40540528485118 event=present frame_id=711 t_ns=40560400548000 presented=1 clock=monotonic
K230_CARD_BENCH v=1 run=40540528485118 event=present frame_id=710 t_ns=40560362219000 presented=1 clock=monotonic
K230_CARD_BENCH v=1 run=40540528485118 event=present frame_id=709 t_ns=40560343056000 presented=1 clock=monotonic
K230_CARD_BENCH v=1 run=40540528485118 event=present frame_id=708 t_ns=40560323891000 presented=1 clock=monotonic
K230_CARD_BENCH v=1 run=40540528485118 event=present frame_id=707 t_ns=40560304730000 presented=1 clock=monotonic
K230_CARD_BENCH v=1 run=40540528485118 event=present frame_id=706 t_ns=40560285566000 presented=1 clock=monotonic
K230_CARD_BENCH v=1 run=40540528485118 event=present frame_id=705 t_ns=40560266403000 presented=1 clock=monotonic
K230_CARD_BENCH v=1 run=40540528485118 event=present frame_id=704 t_ns=40560247239000 presented=1 clock=monotonic
K230_CARD_BENCH v=1 run=40540528485118 event=present frame_id=703 t_ns=40560228075000 presented=1 clock=monotonic
K230_CARD_BENCH v=1 run=40540528485118 event=present frame_id=702 t_ns=40560208911000 presented=1 clock=monotonic
K230_CARD_BENCH v=1 run=40540528485118 event=present frame_id=701 t_ns=40560170584000 presented=1 clock=monotonic
K230_CARD_BENCH v=1 run=40540528485118 event=present frame_id=700 t_ns=40560151421000 presented=1 clock=monotonic
K230_CARD_BENCH v=1 run=40540528485118 event=present frame_id=699 t_ns=40560132258000 presented=1 clock=monotonic
K230_CARD_BENCH v=1 run=40540528485118 event=present frame_id=698 t_ns=40560113094000 presented=1 clock=monotonic
K230_CARD_BENCH v=1 run=40540528485118 event=present frame_id=697 t_ns=40560093932000 presented=1 clock=monotonic
K230_CARD_BENCH v=1 run=40540528485118 event=present frame_id=696 t_ns=40560036441000 presented=1 clock=monotonic
K230_CARD_BENCH v=1 run=40540528485118 event=present frame_id=695 t_ns=40560017276000 presented=1 clock=monotonic
K230_CARD_BENCH v=1 run=40540528485118 event=present frame_id=694 t_ns=40559998112000 presented=1 clock=monotonic
K230_CARD_BENCH v=1 run=40540528485118 event=present frame_id=693 t_ns=40559978948000 presented=1 clock=monotonic
K230_CARD_BENCH v=1 run=40540528485118 event=present frame_id=692 t_ns=40559959785000 presented=1 clock=monotonic
K230_CARD_BENCH v=1 run=40540528485118 event=present frame_id=691 t_ns=40559921460000 presented=1 clock=monotonic
K230_CARD_BENCH v=1 run=40540528485118 event=present frame_id=690 t_ns=40559902294000 presented=1 clock=monotonic
K230_CARD_BENCH v=1 run=40540528485118 event=present frame_id=689 t_ns=40559883129000 presented=1 clock=monotonic
K230_CARD_BENCH v=1 run=40540528485118 event=present frame_id=688 t_ns=40559863967000 presented=1 clock=monotonic
K230_CARD_BENCH v=1 run=40540528485118 event=present frame_id=687 t_ns=40559844804000 presented=1 clock=monotonic
K230_CARD_BENCH v=1 run=40540528485118 event=present frame_id=686 t_ns=40559825640000 presented=1 clock=monotonic
K230_CARD_BENCH v=1 run=40540528485118 event=resource phase=restored t_ns=40559818133019 cpu_ns=15877744000 memory_bytes=19689472 scope=session
K230_CARD_BENCH v=1 run=40540528485118 event=resource phase=restored t_ns=40559818133019 cpu_ns=9791570872 memory_bytes=27557888 scope=compositor
K230_CARD_BENCH v=1 run=40540528485118 event=present frame_id=685 t_ns=40559806476000 presented=1 clock=monotonic
K230_CARD_BENCH v=1 run=40540528485118 event=present frame_id=684 t_ns=40559787312000 presented=1 clock=monotonic
K230_CARD_BENCH v=1 run=40540528485118 event=present frame_id=683 t_ns=40559748986000 presented=1 clock=monotonic
K230_CARD_BENCH v=1 run=40540528485118 event=present frame_id=682 t_ns=40559729822000 presented=1 clock=monotonic
K230_CARD_BENCH v=1 run=40540528485118 event=present frame_id=681 t_ns=40559710658000 presented=1 clock=monotonic
K230_CARD_BENCH v=1 run=40540528485118 event=present frame_id=680 t_ns=40559691495000 presented=1 clock=monotonic
K230_CARD_BENCH v=1 run=40540528485118 event=present frame_id=679 t_ns=40559672331000 presented=1 clock=monotonic
K230_CARD_BENCH v=1 run=40540528485118 event=present frame_id=678 t_ns=40559653168000 presented=1 clock=monotonic
K230_CARD_BENCH v=1 run=40540528485118 event=present frame_id=677 t_ns=40559634004000 presented=1 clock=monotonic
K230_CARD_BENCH v=1 run=40540528485118 event=present frame_id=676 t_ns=40559614841000 presented=1 clock=monotonic
K230_CARD_BENCH v=1 run=40540528485118 event=present frame_id=675 t_ns=40559595677000 presented=1 clock=monotonic
K230_CARD_BENCH v=1 run=40540528485118 event=present frame_id=674 t_ns=40559557349000 presented=1 clock=monotonic
K230_CARD_BENCH v=1 run=40540528485118 event=present frame_id=673 t_ns=40559538185000 presented=1 clock=monotonic
K230_CARD_BENCH v=1 run=40540528485118 event=present frame_id=672 t_ns=40559499859000 presented=1 clock=monotonic
K230_CARD_BENCH v=1 run=40540528485118 event=present frame_id=671 t_ns=40559461531000 presented=1 clock=monotonic
K230_CARD_BENCH v=1 run=40540528485118 event=present frame_id=670 t_ns=40559442368000 presented=1 clock=monotonic
K230_CARD_BENCH v=1 run=40540528485118 event=present frame_id=669 t_ns=40559423204000 presented=1 clock=monotonic
K230_CARD_BENCH v=1 run=40540528485118 event=present frame_id=668 t_ns=40559404041000 presented=1 clock=monotonic
K230_CARD_BENCH v=1 run=40540528485118 event=present frame_id=667 t_ns=40559384877000 presented=1 clock=monotonic
K230_CARD_BENCH v=1 run=40540528485118 event=present frame_id=666 t_ns=40559365714000 presented=1 clock=monotonic
K230_CARD_BENCH v=1 run=40540528485118 event=present frame_id=665 t_ns=40559346550000 presented=1 clock=monotonic
K230_CARD_BENCH v=1 run=40540528485118 event=present frame_id=664 t_ns=40559308228000 presented=1 clock=monotonic
K230_CARD_BENCH v=1 run=40540528485118 event=present frame_id=663 t_ns=40559289058000 presented=1 clock=monotonic
K230_CARD_BENCH v=1 run=40540528485118 event=present frame_id=662 t_ns=40559269895000 presented=1 clock=monotonic
K230_CARD_BENCH v=1 run=40540528485118 event=present frame_id=661 t_ns=40559250731000 presented=1 clock=monotonic
K230_CARD_BENCH v=1 run=40540528485118 event=present frame_id=660 t_ns=40559231568000 presented=1 clock=monotonic
K230_CARD_BENCH v=1 run=40540528485118 event=present frame_id=659 t_ns=40559212405000 presented=1 clock=monotonic
K230_CARD_BENCH v=1 run=40540528485118 event=present frame_id=658 t_ns=40559193241000 presented=1 clock=monotonic
K230_CARD_BENCH v=1 run=40540528485118 event=present frame_id=657 t_ns=40559174078000 presented=1 clock=monotonic
K230_CARD_BENCH v=1 run=40540528485118 event=present frame_id=656 t_ns=40559154914000 presented=1 clock=monotonic
K230_CARD_BENCH v=1 run=40540528485118 event=present frame_id=655 t_ns=40559116587000 presented=1 clock=monotonic
K230_CARD_BENCH v=1 run=40540528485118 event=present frame_id=654 t_ns=40559097424000 presented=1 clock=monotonic
K230_CARD_BENCH v=1 run=40540528485118 event=present frame_id=653 t_ns=40559078260000 presented=1 clock=monotonic
K230_CARD_BENCH v=1 run=40540528485118 event=present frame_id=652 t_ns=40559059096000 presented=1 clock=monotonic
K230_CARD_BENCH v=1 run=40540528485118 event=present frame_id=651 t_ns=40559039933000 presented=1 clock=monotonic
K230_CARD_BENCH v=1 run=40540528485118 event=present frame_id=650 t_ns=40559020769000 presented=1 clock=monotonic
K230_CARD_BENCH v=1 run=40540528485118 event=present frame_id=649 t_ns=40559001606000 presented=1 clock=monotonic
K230_CARD_BENCH v=1 run=40540528485118 event=present frame_id=648 t_ns=40558982442000 presented=1 clock=monotonic
K230_CARD_BENCH v=1 run=40540528485118 event=present frame_id=647 t_ns=40558944125000 presented=1 clock=monotonic
K230_CARD_BENCH v=1 run=40540528485118 event=present frame_id=646 t_ns=40558905789000 presented=1 clock=monotonic
K230_CARD_BENCH v=1 run=40540528485118 event=present frame_id=645 t_ns=40558886624000 presented=1 clock=monotonic
K230_CARD_BENCH v=1 run=40540528485118 event=present frame_id=644 t_ns=40558848298000 presented=1 clock=monotonic
K230_CARD_BENCH v=1 run=40540528485118 event=present frame_id=643 t_ns=40558829134000 presented=1 clock=monotonic
K230_CARD_BENCH v=1 run=40540528485118 event=present frame_id=642 t_ns=40558809970000 presented=1 clock=monotonic
K230_CARD_BENCH v=1 run=40540528485118 event=resource phase=restored t_ns=40558812188111 cpu_ns=15054279000 memory_bytes=19689472 scope=session
K230_CARD_BENCH v=1 run=40540528485118 event=resource phase=restored t_ns=40558812188111 cpu_ns=9387888215 memory_bytes=27557888 scope=compositor
K230_CARD_BENCH v=1 run=40540528485118 event=present frame_id=641 t_ns=40558790806000 presented=1 clock=monotonic
K230_CARD_BENCH v=1 run=40540528485118 event=present frame_id=640 t_ns=40558771643000 presented=1 clock=monotonic
K230_CARD_BENCH v=1 run=40540528485118 event=present frame_id=639 t_ns=40558752479000 presented=1 clock=monotonic
K230_CARD_BENCH v=1 run=40540528485118 event=present frame_id=638 t_ns=40558733315000 presented=1 clock=monotonic
K230_CARD_BENCH v=1 run=40540528485118 event=present frame_id=637 t_ns=40558714152000 presented=1 clock=monotonic
K230_CARD_BENCH v=1 run=40540528485118 event=present frame_id=636 t_ns=40558675826000 presented=1 clock=monotonic
K230_CARD_SHELL frame-cost run=40540528485118 frame_id=636 total_cpu_ns=10842136 render_cpu_ns=8891065 input_cpu_ns=1828480
K230_CARD_BENCH v=1 run=40540528485118 event=submit input_id=515 frame_id=636 t_ns=40558671491302 update_cpu_ns=10842136 final=1
K230_CARD_BENCH v=1 run=40540528485118 event=present frame_id=635 t_ns=40558656669000 presented=1 clock=monotonic
K230_CARD_BENCH v=1 run=40540528485118 event=input input_id=515 gesture_id=26 kind=release t_ns=40558656865557 source=injected
K230_CARD_SHELL restored focus=7 message=0
K230_CARD_SHELL mirror-release id=7
K230_CARD_SHELL mirror-release id=7
K230_CARD_BENCH v=1 run=40540528485118 event=present frame_id=634 t_ns=40558618332000 presented=1 clock=monotonic
K230_CARD_BENCH v=1 run=40540528485118 event=present frame_id=633 t_ns=40558599171000 presented=1 clock=monotonic
K230_CARD_SHELL state mode=2 actions=1 message=0 cards=1
K230_CARD_BENCH v=1 run=40540528485118 event=present frame_id=632 t_ns=40558560843000 presented=1 clock=monotonic
K230_CARD_BENCH v=1 run=40540528485118 event=present frame_id=631 t_ns=40558522515000 presented=1 clock=monotonic
K230_CARD_BENCH v=1 run=40540528485118 event=present frame_id=630 t_ns=40558503353000 presented=1 clock=monotonic
K230_CARD_BENCH v=1 run=40540528485118 event=present frame_id=629 t_ns=40558465024000 presented=1 clock=monotonic
K230_CARD_BENCH v=1 run=40540528485118 event=present frame_id=628 t_ns=40558445862000 presented=1 clock=monotonic
K230_CARD_BENCH v=1 run=40540528485118 event=present frame_id=627 t_ns=40558407534000 presented=1 clock=monotonic
K230_CARD_BENCH v=1 run=40540528485118 event=present frame_id=626 t_ns=40558369208000 presented=1 clock=monotonic
K230_CARD_BENCH v=1 run=40540528485118 event=present frame_id=625 t_ns=40558330879000 presented=1 clock=monotonic
K230_CARD_BENCH v=1 run=40540528485118 event=present frame_id=624 t_ns=40558311717000 presented=1 clock=monotonic
K230_CARD_SHELL frame-cost run=40540528485118 frame_id=624 total_cpu_ns=14484453 render_cpu_ns=13997304 input_cpu_ns=328852
K230_CARD_BENCH v=1 run=40540528485118 event=submit input_id=514 frame_id=624 t_ns=40558297466963 update_cpu_ns=14484453 final=1
K230_CARD_BENCH v=1 run=40540528485118 event=present frame_id=623 t_ns=40558273394000 presented=1 clock=monotonic
K230_CARD_BENCH v=1 run=40540528485118 event=input input_id=514 gesture_id=25 kind=release t_ns=40558273941319 source=injected
K230_CARD_SHELL state mode=1 actions=1 message=0 cards=1
K230_CARD_SHELL frame-cost run=40540528485118 frame_id=623 total_cpu_ns=13819511 render_cpu_ns=11282145 input_cpu_ns=2162515
K230_CARD_BENCH v=1 run=40540528485118 event=submit input_id=513 frame_id=623 t_ns=40558267857282 update_cpu_ns=13819511 final=0
K230_CARD_BENCH v=1 run=40540528485118 event=submit input_id=512 frame_id=623 t_ns=40558267857282 update_cpu_ns=13819511 final=0
K230_CARD_BENCH v=1 run=40540528485118 event=submit input_id=511 frame_id=623 t_ns=40558267857282 update_cpu_ns=13819511 final=0
K230_CARD_BENCH v=1 run=40540528485118 event=submit input_id=510 frame_id=623 t_ns=40558267857282 update_cpu_ns=13819511 final=0
K230_CARD_BENCH v=1 run=40540528485118 event=submit input_id=509 frame_id=623 t_ns=40558267857282 update_cpu_ns=13819511 final=0
K230_CARD_BENCH v=1 run=40540528485118 event=submit input_id=508 frame_id=623 t_ns=40558267857282 update_cpu_ns=13819511 final=0
K230_CARD_BENCH v=1 run=40540528485118 event=present frame_id=622 t_ns=40558254241000 presented=1 clock=monotonic
K230_CARD_BENCH v=1 run=40540528485118 event=input input_id=513 gesture_id=25 kind=motion t_ns=40558254446426 source=injected
K230_CARD_SHELL state mode=2 actions=1 message=0 cards=1
K230_CARD_BENCH v=1 run=40540528485118 event=input input_id=512 gesture_id=25 kind=motion t_ns=40558248982761 source=injected
K230_CARD_SHELL state mode=2 actions=1 message=0 cards=1
K230_CARD_BENCH v=1 run=40540528485118 event=input input_id=511 gesture_id=25 kind=motion t_ns=40558248561302 source=injected
K230_CARD_SHELL state mode=2 actions=1 message=0 cards=1
K230_CARD_BENCH v=1 run=40540528485118 event=input input_id=510 gesture_id=25 kind=motion t_ns=40558247107495 source=injected
K230_CARD_SHELL state mode=2 actions=1 message=0 cards=1
K230_CARD_BENCH v=1 run=40540528485118 event=input input_id=509 gesture_id=25 kind=motion t_ns=40558246465380 source=injected
K230_CARD_SHELL state mode=2 actions=1 message=0 cards=1
K230_CARD_BENCH v=1 run=40540528485118 event=input input_id=508 gesture_id=25 kind=motion t_ns=40558244616821 source=injected
K230_CARD_SHELL state mode=2 actions=1 message=0 cards=1
K230_CARD_BENCH v=1 run=40540528485118 event=present frame_id=621 t_ns=40558215901000 presented=1 clock=monotonic
K230_CARD_SHELL frame-cost run=40540528485118 frame_id=621 total_cpu_ns=15997821 render_cpu_ns=13619749 input_cpu_ns=2120998
K230_CARD_BENCH v=1 run=40540528485118 event=submit input_id=507 frame_id=621 t_ns=40558211744224 update_cpu_ns=15997821 final=0
K230_CARD_BENCH v=1 run=40540528485118 event=submit input_id=506 frame_id=621 t_ns=40558211744224 update_cpu_ns=15997821 final=0
K230_CARD_BENCH v=1 run=40540528485118 event=submit input_id=505 frame_id=621 t_ns=40558211744224 update_cpu_ns=15997821 final=0
K230_CARD_BENCH v=1 run=40540528485118 event=submit input_id=504 frame_id=621 t_ns=40558211744224 update_cpu_ns=15997821 final=0
K230_CARD_BENCH v=1 run=40540528485118 event=submit input_id=503 frame_id=621 t_ns=40558211744224 update_cpu_ns=15997821 final=0
K230_CARD_BENCH v=1 run=40540528485118 event=submit input_id=502 frame_id=621 t_ns=40558211744224 update_cpu_ns=15997821 final=0
K230_CARD_BENCH v=1 run=40540528485118 event=present frame_id=620 t_ns=40558196736000 presented=1 clock=monotonic
K230_CARD_BENCH v=1 run=40540528485118 event=input input_id=507 gesture_id=25 kind=motion t_ns=40558194465527 source=injected
K230_CARD_SHELL state mode=2 actions=1 message=0 cards=1
K230_CARD_BENCH v=1 run=40540528485118 event=input input_id=506 gesture_id=25 kind=motion t_ns=40558192145504 source=injected
K230_CARD_SHELL state mode=2 actions=1 message=0 cards=1
K230_CARD_BENCH v=1 run=40540528485118 event=input input_id=505 gesture_id=25 kind=motion t_ns=40558190924392 source=injected
K230_CARD_SHELL state mode=2 actions=1 message=0 cards=1
K230_CARD_BENCH v=1 run=40540528485118 event=input input_id=504 gesture_id=25 kind=motion t_ns=40558190335468 source=injected
K230_CARD_SHELL state mode=2 actions=1 message=0 cards=1
K230_CARD_BENCH v=1 run=40540528485118 event=input input_id=503 gesture_id=25 kind=motion t_ns=40558188441719 source=injected
K230_CARD_SHELL state mode=2 actions=1 message=0 cards=1
K230_CARD_BENCH v=1 run=40540528485118 event=input input_id=502 gesture_id=25 kind=motion t_ns=40558186472850 source=injected
K230_CARD_SHELL state mode=2 actions=1 message=0 cards=1
K230_CARD_BENCH v=1 run=40540528485118 event=present frame_id=619 t_ns=40558158410000 presented=1 clock=monotonic
K230_CARD_SHELL frame-cost run=40540528485118 frame_id=619 total_cpu_ns=15523869 render_cpu_ns=13995276 input_cpu_ns=1152332
K230_CARD_BENCH v=1 run=40540528485118 event=submit input_id=501 frame_id=619 t_ns=40558155025093 update_cpu_ns=15523869 final=0
K230_CARD_BENCH v=1 run=40540528485118 event=submit input_id=500 frame_id=619 t_ns=40558155025093 update_cpu_ns=15523869 final=0
K230_CARD_BENCH v=1 run=40540528485118 event=submit input_id=499 frame_id=619 t_ns=40558155025093 update_cpu_ns=15523869 final=0
K230_CARD_BENCH v=1 run=40540528485118 event=submit input_id=498 frame_id=619 t_ns=40558155025093 update_cpu_ns=15523869 final=0
K230_CARD_BENCH v=1 run=40540528485118 event=present frame_id=618 t_ns=40558139245000 presented=1 clock=monotonic
K230_CARD_BENCH v=1 run=40540528485118 event=input input_id=501 gesture_id=25 kind=motion t_ns=40558135394887 source=injected
K230_CARD_SHELL state mode=2 actions=1 message=0 cards=1
K230_CARD_BENCH v=1 run=40540528485118 event=input input_id=500 gesture_id=25 kind=motion t_ns=40558133016375 source=injected
K230_CARD_SHELL state mode=2 actions=1 message=0 cards=1
K230_CARD_BENCH v=1 run=40540528485118 event=input input_id=499 gesture_id=25 kind=motion t_ns=40558132716820 source=injected
K230_CARD_SHELL state mode=2 actions=1 message=0 cards=1
K230_CARD_BENCH v=1 run=40540528485118 event=input input_id=498 gesture_id=25 kind=motion t_ns=40558131586016 source=injected
K230_CARD_SHELL state mode=2 actions=1 message=0 cards=1
K230_CARD_SHELL live cards=1 commits=466 sampled=922 frame-done=924 output-presented=462
K230_CARD_SHELL frame-cost run=40540528485118 frame_id=618 total_cpu_ns=14797826 render_cpu_ns=14254899 input_cpu_ns=370483
K230_CARD_BENCH v=1 run=40540528485118 event=submit input_id=497 frame_id=618 t_ns=40558127511519 update_cpu_ns=14797826 final=0
K230_CARD_BENCH v=1 run=40540528485118 event=submit input_id=496 frame_id=618 t_ns=40558127511519 update_cpu_ns=14797826 final=0
K230_CARD_BENCH v=1 run=40540528485118 event=present frame_id=617 t_ns=40558100918000 presented=1 clock=monotonic
K230_CARD_BENCH v=1 run=40540528485118 event=input input_id=497 gesture_id=25 kind=motion t_ns=40558101210797 source=injected
K230_CARD_SHELL state mode=2 actions=1 message=0 cards=1
K230_CARD_BENCH v=1 run=40540528485118 event=input input_id=496 gesture_id=25 kind=motion t_ns=40558099170845 source=injected
K230_CARD_SHELL state mode=2 actions=1 message=0 cards=1
K230_CARD_SHELL frame-cost run=40540528485118 frame_id=617 total_cpu_ns=14873416 render_cpu_ns=14111490 input_cpu_ns=633149
K230_CARD_BENCH v=1 run=40540528485118 event=submit input_id=495 frame_id=617 t_ns=40558098050116 update_cpu_ns=14873416 final=0
K230_CARD_BENCH v=1 run=40540528485118 event=submit input_id=494 frame_id=617 t_ns=40558098050116 update_cpu_ns=14873416 final=0
K230_CARD_BENCH v=1 run=40540528485118 event=present frame_id=616 t_ns=40558081754000 presented=1 clock=monotonic
K230_CARD_BENCH v=1 run=40540528485118 event=input input_id=495 gesture_id=25 kind=motion t_ns=40558074673675 source=injected
K230_CARD_SHELL state mode=2 actions=1 message=0 cards=1
K230_CARD_BENCH v=1 run=40540528485118 event=input input_id=494 gesture_id=25 kind=motion t_ns=40558071837108 source=injected
K230_CARD_SHELL state mode=2 actions=1 message=0 cards=1
K230_CARD_SHELL state mode=2 actions=1 message=0 cards=1
K230_CARD_BENCH v=1 run=40540528485118 event=present frame_id=615 t_ns=40558043426000 presented=1 clock=monotonic
K230_CARD_BENCH v=1 run=40540528485118 event=present frame_id=614 t_ns=40558024263000 presented=1 clock=monotonic
K230_CARD_BENCH v=1 run=40540528485118 event=present frame_id=613 t_ns=40557985937000 presented=1 clock=monotonic
K230_CARD_BENCH v=1 run=40540528485118 event=present frame_id=612 t_ns=40557966773000 presented=1 clock=monotonic
K230_CARD_BENCH v=1 run=40540528485118 event=present frame_id=611 t_ns=40557928444000 presented=1 clock=monotonic
K230_CARD_BENCH v=1 run=40540528485118 event=present frame_id=610 t_ns=40557909282000 presented=1 clock=monotonic
K230_CARD_BENCH v=1 run=40540528485118 event=present frame_id=609 t_ns=40557870955000 presented=1 clock=monotonic
K230_CARD_BENCH v=1 run=40540528485118 event=present frame_id=608 t_ns=40557851793000 presented=1 clock=monotonic
K230_CARD_BENCH v=1 run=40540528485118 event=present frame_id=607 t_ns=40557794303000 presented=1 clock=monotonic
K230_CARD_BENCH v=1 run=40540528485118 event=resource phase=active t_ns=40557797036930 cpu_ns=14348637000 memory_bytes=19689472 scope=session
K230_CARD_BENCH v=1 run=40540528485118 event=resource phase=active t_ns=40557797036930 cpu_ns=8893898952 memory_bytes=27557888 scope=compositor
K230_CARD_BENCH v=1 run=40540528485118 event=present frame_id=606 t_ns=40557775137000 presented=1 clock=monotonic
K230_CARD_SHELL frame-cost run=40540528485118 frame_id=606 total_cpu_ns=15605495 render_cpu_ns=14171161 input_cpu_ns=1205705
K230_CARD_BENCH v=1 run=40540528485118 event=submit input_id=493 frame_id=606 t_ns=40557765778048 update_cpu_ns=15605495 final=1
K230_CARD_BENCH v=1 run=40540528485118 event=submit input_id=492 frame_id=606 t_ns=40557765778048 update_cpu_ns=15605495 final=0
K230_CARD_BENCH v=1 run=40540528485118 event=submit input_id=491 frame_id=606 t_ns=40557765778048 update_cpu_ns=15605495 final=0
K230_CARD_BENCH v=1 run=40540528485118 event=present frame_id=605 t_ns=40557736812000 presented=1 clock=monotonic
K230_CARD_BENCH v=1 run=40540528485118 event=input input_id=493 gesture_id=24 kind=release t_ns=40557740843808 source=injected
K230_CARD_SHELL state mode=1 actions=1 message=0 cards=1
K230_CARD_BENCH v=1 run=40540528485118 event=input input_id=492 gesture_id=24 kind=motion t_ns=40557740294445 source=injected
K230_CARD_SHELL state mode=2 actions=1 message=0 cards=1
K230_CARD_BENCH v=1 run=40540528485118 event=input input_id=491 gesture_id=24 kind=motion t_ns=40557735131302 source=injected
K230_CARD_SHELL state mode=2 actions=1 message=0 cards=1
K230_CARD_SHELL frame-cost run=40540528485118 frame_id=605 total_cpu_ns=14107698 render_cpu_ns=12415143 input_cpu_ns=1495109
K230_CARD_BENCH v=1 run=40540528485118 event=submit input_id=490 frame_id=605 t_ns=40557733794807 update_cpu_ns=14107698 final=0
K230_CARD_BENCH v=1 run=40540528485118 event=submit input_id=489 frame_id=605 t_ns=40557733794807 update_cpu_ns=14107698 final=0
K230_CARD_BENCH v=1 run=40540528485118 event=submit input_id=488 frame_id=605 t_ns=40557733794807 update_cpu_ns=14107698 final=0
K230_CARD_BENCH v=1 run=40540528485118 event=present frame_id=604 t_ns=40557717647000 presented=1 clock=monotonic
K230_CARD_BENCH v=1 run=40540528485118 event=input input_id=490 gesture_id=24 kind=motion t_ns=40557712959879 source=injected
K230_CARD_SHELL state mode=2 actions=1 message=0 cards=1
K230_CARD_BENCH v=1 run=40540528485118 event=input input_id=489 gesture_id=24 kind=motion t_ns=40557711116471 source=injected
K230_CARD_SHELL state mode=2 actions=1 message=0 cards=1
K230_CARD_BENCH v=1 run=40540528485118 event=input input_id=488 gesture_id=24 kind=motion t_ns=40557710163874 source=injected
K230_CARD_SHELL state mode=2 actions=1 message=0 cards=1
K230_CARD_SHELL frame-cost run=40540528485118 frame_id=604 total_cpu_ns=14910945 render_cpu_ns=13461431 input_cpu_ns=1166481
K230_CARD_BENCH v=1 run=40540528485118 event=submit input_id=487 frame_id=604 t_ns=40557708169596 update_cpu_ns=14910945 final=0
K230_CARD_BENCH v=1 run=40540528485118 event=submit input_id=486 frame_id=604 t_ns=40557708169596 update_cpu_ns=14910945 final=0
K230_CARD_BENCH v=1 run=40540528485118 event=submit input_id=485 frame_id=604 t_ns=40557708169596 update_cpu_ns=14910945 final=0
K230_CARD_BENCH v=1 run=40540528485118 event=present frame_id=603 t_ns=40557679321000 presented=1 clock=monotonic
K230_CARD_BENCH v=1 run=40540528485118 event=input input_id=487 gesture_id=24 kind=motion t_ns=40557684995497 source=injected
K230_CARD_SHELL state mode=2 actions=1 message=0 cards=1
K230_CARD_BENCH v=1 run=40540528485118 event=input input_id=486 gesture_id=24 kind=motion t_ns=40557683402156 source=injected
K230_CARD_SHELL state mode=2 actions=1 message=0 cards=1
K230_CARD_BENCH v=1 run=40540528485118 event=input input_id=485 gesture_id=24 kind=motion t_ns=40557682860942 source=injected
K230_CARD_SHELL state mode=2 actions=1 message=0 cards=1
K230_CARD_SHELL frame-cost run=40540528485118 frame_id=603 total_cpu_ns=16577681 render_cpu_ns=14362682 input_cpu_ns=1924740
K230_CARD_BENCH v=1 run=40540528485118 event=submit input_id=484 frame_id=603 t_ns=40557676735460 update_cpu_ns=16577681 final=0
K230_CARD_BENCH v=1 run=40540528485118 event=submit input_id=483 frame_id=603 t_ns=40557676735460 update_cpu_ns=16577681 final=0
K230_CARD_BENCH v=1 run=40540528485118 event=submit input_id=482 frame_id=603 t_ns=40557676735460 update_cpu_ns=16577681 final=0
K230_CARD_BENCH v=1 run=40540528485118 event=submit input_id=481 frame_id=603 t_ns=40557676735460 update_cpu_ns=16577681 final=0
K230_CARD_BENCH v=1 run=40540528485118 event=submit input_id=480 frame_id=603 t_ns=40557676735460 update_cpu_ns=16577681 final=0
K230_CARD_BENCH v=1 run=40540528485118 event=submit input_id=479 frame_id=603 t_ns=40557676735460 update_cpu_ns=16577681 final=0
K230_CARD_BENCH v=1 run=40540528485118 event=present frame_id=602 t_ns=40557660156000 presented=1 clock=monotonic
K230_CARD_BENCH v=1 run=40540528485118 event=input input_id=484 gesture_id=24 kind=motion t_ns=40557654637528 source=injected
K230_CARD_SHELL state mode=2 actions=1 message=0 cards=1
K230_CARD_BENCH v=1 run=40540528485118 event=input input_id=483 gesture_id=24 kind=motion t_ns=40557654099426 source=injected
K230_CARD_SHELL state mode=2 actions=1 message=0 cards=1
K230_CARD_BENCH v=1 run=40540528485118 event=input input_id=482 gesture_id=24 kind=motion t_ns=40557652168044 source=injected
K230_CARD_SHELL state mode=2 actions=1 message=0 cards=1
K230_CARD_BENCH v=1 run=40540528485118 event=input input_id=481 gesture_id=24 kind=motion t_ns=40557651707803 source=injected
K230_CARD_SHELL state mode=2 actions=1 message=0 cards=1
K230_CARD_BENCH v=1 run=40540528485118 event=input input_id=480 gesture_id=24 kind=motion t_ns=40557650333378 source=injected
K230_CARD_SHELL state mode=2 actions=1 message=0 cards=1
K230_CARD_BENCH v=1 run=40540528485118 event=input input_id=479 gesture_id=24 kind=motion t_ns=40557648551051 source=injected
K230_CARD_SHELL state mode=2 actions=1 message=0 cards=1
K230_CARD_BENCH v=1 run=40540528485118 event=present frame_id=601 t_ns=40557621829000 presented=1 clock=monotonic
K230_CARD_SHELL frame-cost run=40540528485118 frame_id=601 total_cpu_ns=15435833 render_cpu_ns=14417831 input_cpu_ns=868225
K230_CARD_BENCH v=1 run=40540528485118 event=submit input_id=478 frame_id=601 t_ns=40557618775783 update_cpu_ns=15435833 final=0
K230_CARD_BENCH v=1 run=40540528485118 event=submit input_id=477 frame_id=601 t_ns=40557618775783 update_cpu_ns=15435833 final=0
K230_CARD_BENCH v=1 run=40540528485118 event=submit input_id=476 frame_id=601 t_ns=40557618775783 update_cpu_ns=15435833 final=0
K230_CARD_BENCH v=1 run=40540528485118 event=present frame_id=600 t_ns=40557602668000 presented=1 clock=monotonic
K230_CARD_BENCH v=1 run=40540528485118 event=input input_id=478 gesture_id=24 kind=motion t_ns=40557598322568 source=injected
K230_CARD_SHELL state mode=2 actions=1 message=0 cards=1
K230_CARD_BENCH v=1 run=40540528485118 event=input input_id=477 gesture_id=24 kind=motion t_ns=40557596606916 source=injected
K230_CARD_SHELL state mode=2 actions=1 message=0 cards=1
K230_CARD_BENCH v=1 run=40540528485118 event=input input_id=476 gesture_id=24 kind=motion t_ns=40557594688276 source=injected
K230_CARD_SHELL state mode=2 actions=1 message=0 cards=1
K230_CARD_SHELL frame-cost run=40540528485118 frame_id=600 total_cpu_ns=14631973 render_cpu_ns=14049493 input_cpu_ns=411555
K230_CARD_BENCH v=1 run=40540528485118 event=submit input_id=475 frame_id=600 t_ns=40557590848034 update_cpu_ns=14631973 final=0
K230_CARD_BENCH v=1 run=40540528485118 event=submit input_id=474 frame_id=600 t_ns=40557590848034 update_cpu_ns=14631973 final=0
K230_CARD_BENCH v=1 run=40540528485118 event=present frame_id=599 t_ns=40557564340000 presented=1 clock=monotonic
K230_CARD_BENCH v=1 run=40540528485118 event=input input_id=475 gesture_id=24 kind=motion t_ns=40557564843703 source=injected
K230_CARD_SHELL state mode=2 actions=1 message=0 cards=1
K230_CARD_BENCH v=1 run=40540528485118 event=input input_id=474 gesture_id=24 kind=motion t_ns=40557564462583 source=injected
K230_CARD_SHELL state mode=2 actions=1 message=0 cards=1
K230_CARD_SHELL frame-cost run=40540528485118 frame_id=599 total_cpu_ns=14540272 render_cpu_ns=13976828 input_cpu_ns=453297
K230_CARD_BENCH v=1 run=40540528485118 event=submit input_id=473 frame_id=599 t_ns=40557560875483 update_cpu_ns=14540272 final=0
K230_CARD_BENCH v=1 run=40540528485118 event=present frame_id=598 t_ns=40557545175000 presented=1 clock=monotonic
K230_CARD_BENCH v=1 run=40540528485118 event=input input_id=473 gesture_id=24 kind=motion t_ns=40557542854895 source=injected
K230_CARD_SHELL state mode=2 actions=1 message=0 cards=1
K230_CARD_SHELL state mode=2 actions=1 message=0 cards=1
K230_CARD_BENCH v=1 run=40540528485118 event=present frame_id=597 t_ns=40557506847000 presented=1 clock=monotonic
K230_CARD_BENCH v=1 run=40540528485118 event=present frame_id=596 t_ns=40557487684000 presented=1 clock=monotonic
K230_CARD_BENCH v=1 run=40540528485118 event=present frame_id=595 t_ns=40557449356000 presented=1 clock=monotonic
K230_CARD_BENCH v=1 run=40540528485118 event=present frame_id=594 t_ns=40557430193000 presented=1 clock=monotonic
K230_CARD_BENCH v=1 run=40540528485118 event=present frame_id=593 t_ns=40557391865000 presented=1 clock=monotonic
K230_CARD_BENCH v=1 run=40540528485118 event=present frame_id=592 t_ns=40557372702000 presented=1 clock=monotonic
K230_CARD_BENCH v=1 run=40540528485118 event=present frame_id=591 t_ns=40557334374000 presented=1 clock=monotonic
K230_CARD_BENCH v=1 run=40540528485118 event=present frame_id=590 t_ns=40557315212000 presented=1 clock=monotonic
K230_CARD_BENCH v=1 run=40540528485118 event=present frame_id=589 t_ns=40557276887000 presented=1 clock=monotonic
K230_CARD_SHELL frame-cost run=40540528485118 frame_id=589 total_cpu_ns=15030815 render_cpu_ns=14098297 input_cpu_ns=718704
K230_CARD_BENCH v=1 run=40540528485118 event=submit input_id=472 frame_id=589 t_ns=40557266361376 update_cpu_ns=15030815 final=1
K230_CARD_BENCH v=1 run=40540528485118 event=submit input_id=471 frame_id=589 t_ns=40557266361376 update_cpu_ns=15030815 final=0
K230_CARD_BENCH v=1 run=40540528485118 event=present frame_id=588 t_ns=40557219394000 presented=1 clock=monotonic
K230_CARD_BENCH v=1 run=40540528485118 event=input input_id=472 gesture_id=23 kind=release t_ns=40557220933843 source=injected
K230_CARD_SHELL state mode=1 actions=1 message=0 cards=1
K230_CARD_BENCH v=1 run=40540528485118 event=input input_id=471 gesture_id=23 kind=motion t_ns=40557219960133 source=injected
K230_CARD_SHELL state mode=2 actions=1 message=0 cards=1
K230_CARD_SHELL frame-cost run=40540528485118 frame_id=588 total_cpu_ns=14035244 render_cpu_ns=11681471 input_cpu_ns=2019996
K230_CARD_BENCH v=1 run=40540528485118 event=submit input_id=470 frame_id=588 t_ns=40557214021081 update_cpu_ns=14035244 final=0
K230_CARD_BENCH v=1 run=40540528485118 event=submit input_id=469 frame_id=588 t_ns=40557214021081 update_cpu_ns=14035244 final=0
K230_CARD_BENCH v=1 run=40540528485118 event=submit input_id=468 frame_id=588 t_ns=40557214021081 update_cpu_ns=14035244 final=0
K230_CARD_BENCH v=1 run=40540528485118 event=submit input_id=467 frame_id=588 t_ns=40557214021081 update_cpu_ns=14035244 final=0
K230_CARD_BENCH v=1 run=40540528485118 event=submit input_id=466 frame_id=588 t_ns=40557214021081 update_cpu_ns=14035244 final=0
K230_CARD_BENCH v=1 run=40540528485118 event=submit input_id=465 frame_id=588 t_ns=40557214021081 update_cpu_ns=14035244 final=0
K230_CARD_BENCH v=1 run=40540528485118 event=present frame_id=587 t_ns=40557200232000 presented=1 clock=monotonic
K230_CARD_BENCH v=1 run=40540528485118 event=input input_id=470 gesture_id=23 kind=motion t_ns=40557199598744 source=injected
K230_CARD_SHELL state mode=2 actions=1 message=0 cards=1
K230_CARD_BENCH v=1 run=40540528485118 event=input input_id=469 gesture_id=23 kind=motion t_ns=40557193518935 source=injected
K230_CARD_SHELL state mode=2 actions=1 message=0 cards=1
K230_CARD_BENCH v=1 run=40540528485118 event=input input_id=468 gesture_id=23 kind=motion t_ns=40557192065129 source=injected
K230_CARD_SHELL state mode=2 actions=1 message=0 cards=1
K230_CARD_BENCH v=1 run=40540528485118 event=input input_id=467 gesture_id=23 kind=motion t_ns=40557191598443 source=injected
K230_CARD_SHELL state mode=2 actions=1 message=0 cards=1
K230_CARD_BENCH v=1 run=40540528485118 event=input input_id=466 gesture_id=23 kind=motion t_ns=40557190239982 source=injected
K230_CARD_SHELL state mode=2 actions=1 message=0 cards=1
K230_CARD_BENCH v=1 run=40540528485118 event=input input_id=465 gesture_id=23 kind=motion t_ns=40557189765295 source=injected
K230_CARD_SHELL state mode=2 actions=1 message=0 cards=1
K230_CARD_BENCH v=1 run=40540528485118 event=present frame_id=586 t_ns=40557161905000 presented=1 clock=monotonic
K230_CARD_SHELL frame-cost run=40540528485118 frame_id=586 total_cpu_ns=16157578 render_cpu_ns=13946909 input_cpu_ns=1953628
K230_CARD_BENCH v=1 run=40540528485118 event=submit input_id=464 frame_id=586 t_ns=40557158552520 update_cpu_ns=16157578 final=0
K230_CARD_BENCH v=1 run=40540528485118 event=submit input_id=463 frame_id=586 t_ns=40557158552520 update_cpu_ns=16157578 final=0
K230_CARD_BENCH v=1 run=40540528485118 event=submit input_id=462 frame_id=586 t_ns=40557158552520 update_cpu_ns=16157578 final=0
K230_CARD_BENCH v=1 run=40540528485118 event=submit input_id=461 frame_id=586 t_ns=40557158552520 update_cpu_ns=16157578 final=0
K230_CARD_BENCH v=1 run=40540528485118 event=submit input_id=460 frame_id=586 t_ns=40557158552520 update_cpu_ns=16157578 final=0
K230_CARD_BENCH v=1 run=40540528485118 event=submit input_id=459 frame_id=586 t_ns=40557158552520 update_cpu_ns=16157578 final=0
K230_CARD_BENCH v=1 run=40540528485118 event=present frame_id=585 t_ns=40557142740000 presented=1 clock=monotonic
K230_CARD_BENCH v=1 run=40540528485118 event=input input_id=464 gesture_id=23 kind=motion t_ns=40557139689979 source=injected
K230_CARD_SHELL state mode=2 actions=1 message=0 cards=1
K230_CARD_BENCH v=1 run=40540528485118 event=input input_id=463 gesture_id=23 kind=motion t_ns=40557136642944 source=injected
K230_CARD_SHELL state mode=2 actions=1 message=0 cards=1
K230_CARD_BENCH v=1 run=40540528485118 event=input input_id=462 gesture_id=23 kind=motion t_ns=40557136313459 source=injected
K230_CARD_SHELL state mode=2 actions=1 message=0 cards=1
K230_CARD_BENCH v=1 run=40540528485118 event=input input_id=461 gesture_id=23 kind=motion t_ns=40557135843439 source=injected
K230_CARD_SHELL state mode=2 actions=1 message=0 cards=1
K230_CARD_BENCH v=1 run=40540528485118 event=input input_id=460 gesture_id=23 kind=motion t_ns=40557133976139 source=injected
K230_CARD_SHELL state mode=2 actions=1 message=0 cards=1
K230_CARD_BENCH v=1 run=40540528485118 event=input input_id=459 gesture_id=23 kind=motion t_ns=40557132059352 source=injected
K230_CARD_SHELL state mode=2 actions=1 message=0 cards=1
K230_CARD_BENCH v=1 run=40540528485118 event=present frame_id=584 t_ns=40557104422000 presented=1 clock=monotonic
K230_CARD_SHELL frame-cost run=40540528485118 frame_id=584 total_cpu_ns=15082241 render_cpu_ns=14113830 input_cpu_ns=773296
K230_CARD_BENCH v=1 run=40540528485118 event=submit input_id=458 frame_id=584 t_ns=40557101564293 update_cpu_ns=15082241 final=0
K230_CARD_BENCH v=1 run=40540528485118 event=submit input_id=457 frame_id=584 t_ns=40557101564293 update_cpu_ns=15082241 final=0
K230_CARD_BENCH v=1 run=40540528485118 event=submit input_id=456 frame_id=584 t_ns=40557101564293 update_cpu_ns=15082241 final=0
K230_CARD_BENCH v=1 run=40540528485118 event=present frame_id=583 t_ns=40557085249000 presented=1 clock=monotonic
K230_CARD_BENCH v=1 run=40540528485118 event=input input_id=458 gesture_id=23 kind=motion t_ns=40557080731069 source=injected
K230_CARD_SHELL state mode=2 actions=1 message=0 cards=1
K230_CARD_BENCH v=1 run=40540528485118 event=input input_id=457 gesture_id=23 kind=motion t_ns=40557078430494 source=injected
K230_CARD_SHELL state mode=2 actions=1 message=0 cards=1
K230_CARD_BENCH v=1 run=40540528485118 event=input input_id=456 gesture_id=23 kind=motion t_ns=40557076841080 source=injected
K230_CARD_SHELL state mode=2 actions=1 message=0 cards=1
K230_CARD_SHELL frame-cost run=40540528485118 frame_id=583 total_cpu_ns=15216964 render_cpu_ns=14226594 input_cpu_ns=827147
K230_CARD_BENCH v=1 run=40540528485118 event=submit input_id=455 frame_id=583 t_ns=40557075633119 update_cpu_ns=15216964 final=0
K230_CARD_BENCH v=1 run=40540528485118 event=submit input_id=454 frame_id=583 t_ns=40557075633119 update_cpu_ns=15216964 final=0
K230_CARD_BENCH v=1 run=40540528485118 event=submit input_id=453 frame_id=583 t_ns=40557075633119 update_cpu_ns=15216964 final=0
K230_CARD_BENCH v=1 run=40540528485118 event=present frame_id=582 t_ns=40557046922000 presented=1 clock=monotonic
K230_CARD_BENCH v=1 run=40540528485118 event=input input_id=455 gesture_id=23 kind=motion t_ns=40557050274533 source=injected
K230_CARD_SHELL state mode=2 actions=1 message=0 cards=1
K230_CARD_BENCH v=1 run=40540528485118 event=input input_id=454 gesture_id=23 kind=motion t_ns=40557047830163 source=injected
K230_CARD_SHELL state mode=2 actions=1 message=0 cards=1
K230_CARD_BENCH v=1 run=40540528485118 event=input input_id=453 gesture_id=23 kind=motion t_ns=40557046243934 source=injected
K230_CARD_SHELL state mode=2 actions=1 message=0 cards=1
K230_CARD_SHELL frame-cost run=40540528485118 frame_id=582 total_cpu_ns=14537868 render_cpu_ns=13996274 input_cpu_ns=155408
K230_CARD_BENCH v=1 run=40540528485118 event=submit input_id=452 frame_id=582 t_ns=40557043959473 update_cpu_ns=14537868 final=0
K230_CARD_BENCH v=1 run=40540528485118 event=present frame_id=581 t_ns=40557027759000 presented=1 clock=monotonic
K230_CARD_BENCH v=1 run=40540528485118 event=input input_id=452 gesture_id=23 kind=motion t_ns=40557019685833 source=injected
K230_CARD_SHELL state mode=2 actions=1 message=0 cards=1
K230_CARD_SHELL state mode=2 actions=1 message=0 cards=1
K230_CARD_BENCH v=1 run=40540528485118 event=present frame_id=580 t_ns=40556989431000 presented=1 clock=monotonic
K230_CARD_BENCH v=1 run=40540528485118 event=present frame_id=579 t_ns=40556951103000 presented=1 clock=monotonic
K230_CARD_BENCH v=1 run=40540528485118 event=present frame_id=578 t_ns=40556931941000 presented=1 clock=monotonic
K230_CARD_BENCH v=1 run=40540528485118 event=present frame_id=577 t_ns=40556893613000 presented=1 clock=monotonic
K230_CARD_BENCH v=1 run=40540528485118 event=present frame_id=576 t_ns=40556874450000 presented=1 clock=monotonic
K230_CARD_BENCH v=1 run=40540528485118 event=present frame_id=575 t_ns=40556836122000 presented=1 clock=monotonic
K230_CARD_BENCH v=1 run=40540528485118 event=present frame_id=574 t_ns=40556816960000 presented=1 clock=monotonic
K230_CARD_BENCH v=1 run=40540528485118 event=present frame_id=573 t_ns=40556778632000 presented=1 clock=monotonic
K230_CARD_BENCH v=1 run=40540528485118 event=resource phase=active t_ns=40556778824772 cpu_ns=13646401000 memory_bytes=19689472 scope=session
K230_CARD_BENCH v=1 run=40540528485118 event=resource phase=active t_ns=40556778824772 cpu_ns=8364879876 memory_bytes=27557888 scope=compositor
K230_CARD_BENCH v=1 run=40540528485118 event=present frame_id=572 t_ns=40556759470000 presented=1 clock=monotonic
K230_CARD_SHELL frame-cost run=40540528485118 frame_id=572 total_cpu_ns=15922999 render_cpu_ns=14124293 input_cpu_ns=1390261
K230_CARD_BENCH v=1 run=40540528485118 event=submit input_id=451 frame_id=572 t_ns=40556742498507 update_cpu_ns=15922999 final=1
K230_CARD_BENCH v=1 run=40540528485118 event=submit input_id=450 frame_id=572 t_ns=40556742498507 update_cpu_ns=15922999 final=0
K230_CARD_BENCH v=1 run=40540528485118 event=submit input_id=449 frame_id=572 t_ns=40556742498507 update_cpu_ns=15922999 final=0
K230_CARD_BENCH v=1 run=40540528485118 event=present frame_id=571 t_ns=40556721143000 presented=1 clock=monotonic
K230_CARD_BENCH v=1 run=40540528485118 event=input input_id=451 gesture_id=22 kind=release t_ns=40556723852675 source=injected
K230_CARD_SHELL state mode=1 actions=1 message=0 cards=1
K230_CARD_BENCH v=1 run=40540528485118 event=input input_id=450 gesture_id=22 kind=motion t_ns=40556723311203 source=injected
K230_CARD_SHELL state mode=2 actions=1 message=0 cards=1
K230_CARD_BENCH v=1 run=40540528485118 event=input input_id=449 gesture_id=22 kind=motion t_ns=40556721726383 source=injected
K230_CARD_SHELL state mode=2 actions=1 message=0 cards=1
K230_CARD_SHELL frame-cost run=40540528485118 frame_id=571 total_cpu_ns=15491535 render_cpu_ns=12266313 input_cpu_ns=2885591
K230_CARD_BENCH v=1 run=40540528485118 event=submit input_id=448 frame_id=571 t_ns=40556717139684 update_cpu_ns=15491535 final=0
K230_CARD_BENCH v=1 run=40540528485118 event=submit input_id=447 frame_id=571 t_ns=40556717139684 update_cpu_ns=15491535 final=0
K230_CARD_BENCH v=1 run=40540528485118 event=submit input_id=446 frame_id=571 t_ns=40556717139684 update_cpu_ns=15491535 final=0
K230_CARD_BENCH v=1 run=40540528485118 event=submit input_id=445 frame_id=571 t_ns=40556717139684 update_cpu_ns=15491535 final=0
K230_CARD_BENCH v=1 run=40540528485118 event=submit input_id=444 frame_id=571 t_ns=40556717139684 update_cpu_ns=15491535 final=0
K230_CARD_BENCH v=1 run=40540528485118 event=submit input_id=443 frame_id=571 t_ns=40556717139684 update_cpu_ns=15491535 final=0
K230_CARD_BENCH v=1 run=40540528485118 event=submit input_id=442 frame_id=571 t_ns=40556717139684 update_cpu_ns=15491535 final=0
K230_CARD_BENCH v=1 run=40540528485118 event=present frame_id=570 t_ns=40556682816000 presented=1 clock=monotonic
K230_CARD_BENCH v=1 run=40540528485118 event=input input_id=448 gesture_id=22 kind=motion t_ns=40556684929519 source=injected
K230_CARD_SHELL state mode=2 actions=1 message=0 cards=1
K230_CARD_BENCH v=1 run=40540528485118 event=input input_id=447 gesture_id=22 kind=motion t_ns=40556683520683 source=injected
K230_CARD_SHELL state mode=2 actions=1 message=0 cards=1
K230_CARD_BENCH v=1 run=40540528485118 event=input input_id=446 gesture_id=22 kind=motion t_ns=40556682887459 source=injected
K230_CARD_SHELL state mode=2 actions=1 message=0 cards=1
K230_CARD_BENCH v=1 run=40540528485118 event=input input_id=445 gesture_id=22 kind=motion t_ns=40556678475003 source=injected
K230_CARD_SHELL state mode=2 actions=1 message=0 cards=1
K230_CARD_BENCH v=1 run=40540528485118 event=input input_id=444 gesture_id=22 kind=motion t_ns=40556676896554 source=injected
K230_CARD_SHELL state mode=2 actions=1 message=0 cards=1
K230_CARD_BENCH v=1 run=40540528485118 event=input input_id=443 gesture_id=22 kind=motion t_ns=40556676392160 source=injected
K230_CARD_SHELL state mode=2 actions=1 message=0 cards=1
K230_CARD_BENCH v=1 run=40540528485118 event=input input_id=442 gesture_id=22 kind=motion t_ns=40556669970130 source=injected
K230_CARD_SHELL state mode=2 actions=1 message=0 cards=1
K230_CARD_BENCH v=1 run=40540528485118 event=present frame_id=569 t_ns=40556625325000 presented=1 clock=monotonic
K230_CARD_SHELL frame-cost run=40540528485118 frame_id=569 total_cpu_ns=15757051 render_cpu_ns=14160459 input_cpu_ns=1299667
K230_CARD_BENCH v=1 run=40540528485118 event=submit input_id=441 frame_id=569 t_ns=40556622243694 update_cpu_ns=15757051 final=0
K230_CARD_BENCH v=1 run=40540528485118 event=submit input_id=440 frame_id=569 t_ns=40556622243694 update_cpu_ns=15757051 final=0
K230_CARD_BENCH v=1 run=40540528485118 event=submit input_id=439 frame_id=569 t_ns=40556622243694 update_cpu_ns=15757051 final=0
K230_CARD_BENCH v=1 run=40540528485118 event=submit input_id=438 frame_id=569 t_ns=40556622243694 update_cpu_ns=15757051 final=0
K230_CARD_BENCH v=1 run=40540528485118 event=present frame_id=568 t_ns=40556606161000 presented=1 clock=monotonic
K230_CARD_BENCH v=1 run=40540528485118 event=input input_id=441 gesture_id=22 kind=motion t_ns=40556600896982 source=injected
K230_CARD_SHELL state mode=2 actions=1 message=0 cards=1
K230_CARD_BENCH v=1 run=40540528485118 event=input input_id=440 gesture_id=22 kind=motion t_ns=40556598143170 source=injected
K230_CARD_SHELL state mode=2 actions=1 message=0 cards=1
K230_CARD_BENCH v=1 run=40540528485118 event=input input_id=439 gesture_id=22 kind=motion t_ns=40556597740825 source=injected
K230_CARD_SHELL state mode=2 actions=1 message=0 cards=1
K230_CARD_BENCH v=1 run=40540528485118 event=input input_id=438 gesture_id=22 kind=motion t_ns=40556596358067 source=injected
K230_CARD_SHELL state mode=2 actions=1 message=0 cards=1
K230_CARD_SHELL frame-cost run=40540528485118 frame_id=568 total_cpu_ns=14852763 render_cpu_ns=14244837 input_cpu_ns=435149
K230_CARD_BENCH v=1 run=40540528485118 event=submit input_id=437 frame_id=568 t_ns=40556594704979 update_cpu_ns=14852763 final=0
K230_CARD_BENCH v=1 run=40540528485118 event=submit input_id=436 frame_id=568 t_ns=40556594704979 update_cpu_ns=14852763 final=0
K230_CARD_BENCH v=1 run=40540528485118 event=present frame_id=567 t_ns=40556567834000 presented=1 clock=monotonic
K230_CARD_BENCH v=1 run=40540528485118 event=input input_id=437 gesture_id=22 kind=motion t_ns=40556568174274 source=injected
K230_CARD_SHELL state mode=2 actions=1 message=0 cards=1
K230_CARD_BENCH v=1 run=40540528485118 event=input input_id=436 gesture_id=22 kind=motion t_ns=40556565745168 source=injected
K230_CARD_SHELL state mode=2 actions=1 message=0 cards=1
K230_CARD_SHELL frame-cost run=40540528485118 frame_id=567 total_cpu_ns=15444194 render_cpu_ns=14179825 input_cpu_ns=1109962
K230_CARD_BENCH v=1 run=40540528485118 event=submit input_id=435 frame_id=567 t_ns=40556564697597 update_cpu_ns=15444194 final=0
K230_CARD_BENCH v=1 run=40540528485118 event=submit input_id=434 frame_id=567 t_ns=40556564697597 update_cpu_ns=15444194 final=0
K230_CARD_BENCH v=1 run=40540528485118 event=submit input_id=433 frame_id=567 t_ns=40556564697597 update_cpu_ns=15444194 final=0
K230_CARD_BENCH v=1 run=40540528485118 event=present frame_id=566 t_ns=40556548670000 presented=1 clock=monotonic
K230_CARD_BENCH v=1 run=40540528485118 event=input input_id=435 gesture_id=22 kind=motion t_ns=40556542438220 source=injected
K230_CARD_SHELL state mode=2 actions=1 message=0 cards=1
K230_CARD_BENCH v=1 run=40540528485118 event=input input_id=434 gesture_id=22 kind=motion t_ns=40556540896517 source=injected
K230_CARD_SHELL state mode=2 actions=1 message=0 cards=1
K230_CARD_BENCH v=1 run=40540528485118 event=input input_id=433 gesture_id=22 kind=motion t_ns=40556539264580 source=injected
K230_CARD_SHELL state mode=2 actions=1 message=0 cards=1
K230_CARD_SHELL frame-cost run=40540528485118 frame_id=566 total_cpu_ns=14660832 render_cpu_ns=14095166 input_cpu_ns=383185
K230_CARD_BENCH v=1 run=40540528485118 event=submit input_id=432 frame_id=566 t_ns=40556536094421 update_cpu_ns=14660832 final=0
K230_CARD_BENCH v=1 run=40540528485118 event=submit input_id=431 frame_id=566 t_ns=40556536094421 update_cpu_ns=14660832 final=0
K230_CARD_BENCH v=1 run=40540528485118 event=present frame_id=565 t_ns=40556510343000 presented=1 clock=monotonic
K230_CARD_BENCH v=1 run=40540528485118 event=input input_id=432 gesture_id=22 kind=motion t_ns=40556511085344 source=injected
K230_CARD_SHELL state mode=2 actions=1 message=0 cards=1
K230_CARD_BENCH v=1 run=40540528485118 event=input input_id=431 gesture_id=22 kind=motion t_ns=40556507696678 source=injected
K230_CARD_SHELL state mode=2 actions=1 message=0 cards=1
K230_CARD_BENCH v=1 run=40540528485118 event=present frame_id=564 t_ns=40556491180000 presented=1 clock=monotonic
K230_CARD_SHELL state mode=2 actions=1 message=0 cards=1
K230_CARD_BENCH v=1 run=40540528485118 event=present frame_id=563 t_ns=40556452853000 presented=1 clock=monotonic
K230_CARD_BENCH v=1 run=40540528485118 event=present frame_id=562 t_ns=40556433689000 presented=1 clock=monotonic
K230_CARD_BENCH v=1 run=40540528485118 event=present frame_id=561 t_ns=40556395361000 presented=1 clock=monotonic
K230_CARD_BENCH v=1 run=40540528485118 event=present frame_id=560 t_ns=40556376198000 presented=1 clock=monotonic
K230_CARD_SHELL live cards=1 commits=406 sampled=806 frame-done=808 output-presented=404
K230_CARD_BENCH v=1 run=40540528485118 event=present frame_id=559 t_ns=40556337871000 presented=1 clock=monotonic
K230_CARD_BENCH v=1 run=40540528485118 event=present frame_id=558 t_ns=40556318708000 presented=1 clock=monotonic
K230_CARD_BENCH v=1 run=40540528485118 event=present frame_id=557 t_ns=40556280379000 presented=1 clock=monotonic
K230_CARD_BENCH v=1 run=40540528485118 event=present frame_id=556 t_ns=40556261217000 presented=1 clock=monotonic
K230_CARD_BENCH v=1 run=40540528485118 event=present frame_id=555 t_ns=40556222892000 presented=1 clock=monotonic
K230_CARD_SHELL frame-cost run=40540528485118 frame_id=555 total_cpu_ns=15099062 render_cpu_ns=14261545 input_cpu_ns=631221
K230_CARD_BENCH v=1 run=40540528485118 event=submit input_id=430 frame_id=555 t_ns=40556219080644 update_cpu_ns=15099062 final=1
K230_CARD_BENCH v=1 run=40540528485118 event=submit input_id=429 frame_id=555 t_ns=40556219080644 update_cpu_ns=15099062 final=0
K230_CARD_BENCH v=1 run=40540528485118 event=present frame_id=554 t_ns=40556203727000 presented=1 clock=monotonic
K230_CARD_BENCH v=1 run=40540528485118 event=input input_id=430 gesture_id=21 kind=release t_ns=40556198902739 source=injected
K230_CARD_SHELL state mode=1 actions=1 message=0 cards=1
K230_CARD_BENCH v=1 run=40540528485118 event=input input_id=429 gesture_id=21 kind=motion t_ns=40556198406532 source=injected
K230_CARD_SHELL state mode=2 actions=1 message=0 cards=1
K230_CARD_SHELL frame-cost run=40540528485118 frame_id=554 total_cpu_ns=12910135 render_cpu_ns=11739062 input_cpu_ns=890113
K230_CARD_BENCH v=1 run=40540528485118 event=submit input_id=428 frame_id=554 t_ns=40556195296232 update_cpu_ns=12910135 final=0
K230_CARD_BENCH v=1 run=40540528485118 event=submit input_id=427 frame_id=554 t_ns=40556195296232 update_cpu_ns=12910135 final=0
K230_CARD_BENCH v=1 run=40540528485118 event=submit input_id=426 frame_id=554 t_ns=40556195296232 update_cpu_ns=12910135 final=0
K230_CARD_BENCH v=1 run=40540528485118 event=present frame_id=553 t_ns=40556165401000 presented=1 clock=monotonic
K230_CARD_BENCH v=1 run=40540528485118 event=input input_id=428 gesture_id=21 kind=motion t_ns=40556169279367 source=injected
K230_CARD_SHELL state mode=2 actions=1 message=0 cards=1
K230_CARD_BENCH v=1 run=40540528485118 event=input input_id=427 gesture_id=21 kind=motion t_ns=40556168846759 source=injected
K230_CARD_SHELL state mode=2 actions=1 message=0 cards=1
K230_CARD_BENCH v=1 run=40540528485118 event=input input_id=426 gesture_id=21 kind=motion t_ns=40556167079991 source=injected
K230_CARD_SHELL state mode=2 actions=1 message=0 cards=1
K230_CARD_SHELL frame-cost run=40540528485118 frame_id=553 total_cpu_ns=15385849 render_cpu_ns=12842883 input_cpu_ns=2041262
K230_CARD_BENCH v=1 run=40540528485118 event=submit input_id=425 frame_id=553 t_ns=40556162518629 update_cpu_ns=15385849 final=0
K230_CARD_BENCH v=1 run=40540528485118 event=submit input_id=424 frame_id=553 t_ns=40556162518629 update_cpu_ns=15385849 final=0
K230_CARD_BENCH v=1 run=40540528485118 event=submit input_id=423 frame_id=553 t_ns=40556162518629 update_cpu_ns=15385849 final=0
K230_CARD_BENCH v=1 run=40540528485118 event=submit input_id=422 frame_id=553 t_ns=40556162518629 update_cpu_ns=15385849 final=0
K230_CARD_BENCH v=1 run=40540528485118 event=submit input_id=421 frame_id=553 t_ns=40556162518629 update_cpu_ns=15385849 final=0
K230_CARD_BENCH v=1 run=40540528485118 event=submit input_id=420 frame_id=553 t_ns=40556162518629 update_cpu_ns=15385849 final=0
K230_CARD_BENCH v=1 run=40540528485118 event=submit input_id=419 frame_id=553 t_ns=40556162518629 update_cpu_ns=15385849 final=0
K230_CARD_BENCH v=1 run=40540528485118 event=present frame_id=552 t_ns=40556146239000 presented=1 clock=monotonic
K230_CARD_BENCH v=1 run=40540528485118 event=input input_id=425 gesture_id=21 kind=motion t_ns=40556144707564 source=injected
K230_CARD_SHELL state mode=2 actions=1 message=0 cards=1
K230_CARD_BENCH v=1 run=40540528485118 event=input input_id=424 gesture_id=21 kind=motion t_ns=40556144280661 source=injected
K230_CARD_SHELL state mode=2 actions=1 message=0 cards=1
K230_CARD_BENCH v=1 run=40540528485118 event=input input_id=423 gesture_id=21 kind=motion t_ns=40556142965243 source=injected
K230_CARD_SHELL state mode=2 actions=1 message=0 cards=1
K230_CARD_BENCH v=1 run=40540528485118 event=input input_id=422 gesture_id=21 kind=motion t_ns=40556142589272 source=injected
K230_CARD_SHELL state mode=2 actions=1 message=0 cards=1
K230_CARD_BENCH v=1 run=40540528485118 event=input input_id=421 gesture_id=21 kind=motion t_ns=40556141309341 source=injected
K230_CARD_SHELL state mode=2 actions=1 message=0 cards=1
K230_CARD_BENCH v=1 run=40540528485118 event=input input_id=420 gesture_id=21 kind=motion t_ns=40556140871029 source=injected
K230_CARD_SHELL state mode=2 actions=1 message=0 cards=1
K230_CARD_BENCH v=1 run=40540528485118 event=input input_id=419 gesture_id=21 kind=motion t_ns=40556138639242 source=injected
K230_CARD_SHELL state mode=2 actions=1 message=0 cards=1
K230_CARD_BENCH v=1 run=40540528485118 event=present frame_id=551 t_ns=40556107910000 presented=1 clock=monotonic
K230_CARD_SHELL frame-cost run=40540528485118 frame_id=551 total_cpu_ns=15362705 render_cpu_ns=14168557 input_cpu_ns=956186
K230_CARD_BENCH v=1 run=40540528485118 event=submit input_id=418 frame_id=551 t_ns=40556101650355 update_cpu_ns=15362705 final=0
K230_CARD_BENCH v=1 run=40540528485118 event=submit input_id=417 frame_id=551 t_ns=40556101650355 update_cpu_ns=15362705 final=0
K230_CARD_BENCH v=1 run=40540528485118 event=submit input_id=416 frame_id=551 t_ns=40556101650355 update_cpu_ns=15362705 final=0
K230_CARD_BENCH v=1 run=40540528485118 event=submit input_id=415 frame_id=551 t_ns=40556101650355 update_cpu_ns=15362705 final=0
K230_CARD_BENCH v=1 run=40540528485118 event=present frame_id=550 t_ns=40556069582000 presented=1 clock=monotonic
K230_CARD_BENCH v=1 run=40540528485118 event=input input_id=418 gesture_id=21 kind=motion t_ns=40556064157519 source=injected
K230_CARD_SHELL state mode=2 actions=1 message=0 cards=1
K230_CARD_BENCH v=1 run=40540528485118 event=input input_id=417 gesture_id=21 kind=motion t_ns=40556061706484 source=injected
K230_CARD_SHELL state mode=2 actions=1 message=0 cards=1
K230_CARD_BENCH v=1 run=40540528485118 event=input input_id=416 gesture_id=21 kind=motion t_ns=40556055345794 source=injected
K230_CARD_SHELL state mode=2 actions=1 message=0 cards=1
K230_CARD_BENCH v=1 run=40540528485118 event=input input_id=415 gesture_id=21 kind=motion t_ns=40556055048573 source=injected
K230_CARD_SHELL state mode=2 actions=1 message=0 cards=1
K230_CARD_SHELL frame-cost run=40540528485118 frame_id=550 total_cpu_ns=15323751 render_cpu_ns=14413381 input_cpu_ns=631555
K230_CARD_BENCH v=1 run=40540528485118 event=submit input_id=414 frame_id=550 t_ns=40556054068048 update_cpu_ns=15323751 final=0
K230_CARD_BENCH v=1 run=40540528485118 event=submit input_id=413 frame_id=550 t_ns=40556054068048 update_cpu_ns=15323751 final=0
K230_CARD_BENCH v=1 run=40540528485118 event=submit input_id=412 frame_id=550 t_ns=40556054068048 update_cpu_ns=15323751 final=0
K230_CARD_BENCH v=1 run=40540528485118 event=present frame_id=549 t_ns=40556031255000 presented=1 clock=monotonic
K230_CARD_BENCH v=1 run=40540528485118 event=input input_id=414 gesture_id=21 kind=motion t_ns=40556026452769 source=injected
K230_CARD_SHELL state mode=2 actions=1 message=0 cards=1
K230_CARD_BENCH v=1 run=40540528485118 event=input input_id=413 gesture_id=21 kind=motion t_ns=40556025269997 source=injected
K230_CARD_SHELL state mode=2 actions=1 message=0 cards=1
K230_CARD_BENCH v=1 run=40540528485118 event=input input_id=412 gesture_id=21 kind=motion t_ns=40556024933142 source=injected
K230_CARD_SHELL state mode=2 actions=1 message=0 cards=1
K230_CARD_SHELL frame-cost run=40540528485118 frame_id=549 total_cpu_ns=14882455 render_cpu_ns=14157269 input_cpu_ns=583298
K230_CARD_BENCH v=1 run=40540528485118 event=submit input_id=411 frame_id=549 t_ns=40556021519287 update_cpu_ns=14882455 final=0
K230_CARD_BENCH v=1 run=40540528485118 event=submit input_id=410 frame_id=549 t_ns=40556021519287 update_cpu_ns=14882455 final=0
K230_CARD_BENCH v=1 run=40540528485118 event=present frame_id=548 t_ns=40555992929000 presented=1 clock=monotonic
K230_CARD_BENCH v=1 run=40540528485118 event=input input_id=411 gesture_id=21 kind=motion t_ns=40555994402512 source=injected
K230_CARD_SHELL state mode=2 actions=1 message=0 cards=1
K230_CARD_BENCH v=1 run=40540528485118 event=input input_id=410 gesture_id=21 kind=motion t_ns=40555990818970 source=injected
K230_CARD_SHELL state mode=2 actions=1 message=0 cards=1
K230_CARD_BENCH v=1 run=40540528485118 event=present frame_id=547 t_ns=40555973765000 presented=1 clock=monotonic
K230_CARD_SHELL state mode=2 actions=1 message=0 cards=1
K230_CARD_BENCH v=1 run=40540528485118 event=present frame_id=546 t_ns=40555935436000 presented=1 clock=monotonic
K230_CARD_BENCH v=1 run=40540528485118 event=present frame_id=545 t_ns=40555916274000 presented=1 clock=monotonic
K230_CARD_BENCH v=1 run=40540528485118 event=present frame_id=544 t_ns=40555877945000 presented=1 clock=monotonic
K230_CARD_BENCH v=1 run=40540528485118 event=present frame_id=543 t_ns=40555858783000 presented=1 clock=monotonic
K230_CARD_BENCH v=1 run=40540528485118 event=present frame_id=542 t_ns=40555820455000 presented=1 clock=monotonic
K230_CARD_BENCH v=1 run=40540528485118 event=present frame_id=541 t_ns=40555801292000 presented=1 clock=monotonic
K230_CARD_BENCH v=1 run=40540528485118 event=present frame_id=540 t_ns=40555762963000 presented=1 clock=monotonic
K230_CARD_BENCH v=1 run=40540528485118 event=resource phase=active t_ns=40555763159148 cpu_ns=12976794000 memory_bytes=19685376 scope=session
K230_CARD_BENCH v=1 run=40540528485118 event=resource phase=active t_ns=40555763159148 cpu_ns=7852303484 memory_bytes=27557888 scope=compositor
K230_CARD_BENCH v=1 run=40540528485118 event=present frame_id=539 t_ns=40555743801000 presented=1 clock=monotonic
K230_CARD_BENCH v=1 run=40540528485118 event=present frame_id=538 t_ns=40555705474000 presented=1 clock=monotonic
K230_CARD_SHELL frame-cost run=40540528485118 frame_id=538 total_cpu_ns=16151723 render_cpu_ns=14343242 input_cpu_ns=1621812
K230_CARD_BENCH v=1 run=40540528485118 event=submit input_id=409 frame_id=538 t_ns=40555701777718 update_cpu_ns=16151723 final=1
K230_CARD_BENCH v=1 run=40540528485118 event=submit input_id=408 frame_id=538 t_ns=40555701777718 update_cpu_ns=16151723 final=0
K230_CARD_BENCH v=1 run=40540528485118 event=submit input_id=407 frame_id=538 t_ns=40555701777718 update_cpu_ns=16151723 final=0
K230_CARD_BENCH v=1 run=40540528485118 event=submit input_id=406 frame_id=538 t_ns=40555701777718 update_cpu_ns=16151723 final=0
K230_CARD_BENCH v=1 run=40540528485118 event=present frame_id=537 t_ns=40555686311000 presented=1 clock=monotonic
K230_CARD_BENCH v=1 run=40540528485118 event=input input_id=409 gesture_id=20 kind=release t_ns=40555677108111 source=injected
K230_CARD_SHELL state mode=1 actions=1 message=0 cards=1
K230_CARD_BENCH v=1 run=40540528485118 event=input input_id=408 gesture_id=20 kind=motion t_ns=40555676599717 source=injected
K230_CARD_SHELL state mode=2 actions=1 message=0 cards=1
K230_CARD_BENCH v=1 run=40540528485118 event=input input_id=407 gesture_id=20 kind=motion t_ns=40555675875260 source=injected
K230_CARD_SHELL state mode=2 actions=1 message=0 cards=1
K230_CARD_BENCH v=1 run=40540528485118 event=input input_id=406 gesture_id=20 kind=motion t_ns=40555675303192 source=injected
K230_CARD_SHELL state mode=2 actions=1 message=0 cards=1
K230_CARD_BENCH v=1 run=40540528485118 event=present frame_id=536 t_ns=40555647985000 presented=1 clock=monotonic
K230_CARD_SHELL frame-cost run=40540528485118 frame_id=536 total_cpu_ns=16026922 render_cpu_ns=12834145 input_cpu_ns=2936407
K230_CARD_BENCH v=1 run=40540528485118 event=submit input_id=405 frame_id=536 t_ns=40555645295540 update_cpu_ns=16026922 final=0
K230_CARD_BENCH v=1 run=40540528485118 event=submit input_id=404 frame_id=536 t_ns=40555645295540 update_cpu_ns=16026922 final=0
K230_CARD_BENCH v=1 run=40540528485118 event=submit input_id=403 frame_id=536 t_ns=40555645295540 update_cpu_ns=16026922 final=0
K230_CARD_BENCH v=1 run=40540528485118 event=submit input_id=402 frame_id=536 t_ns=40555645295540 update_cpu_ns=16026922 final=0
K230_CARD_BENCH v=1 run=40540528485118 event=submit input_id=401 frame_id=536 t_ns=40555645295540 update_cpu_ns=16026922 final=0
K230_CARD_BENCH v=1 run=40540528485118 event=submit input_id=400 frame_id=536 t_ns=40555645295540 update_cpu_ns=16026922 final=0
K230_CARD_BENCH v=1 run=40540528485118 event=present frame_id=535 t_ns=40555628824000 presented=1 clock=monotonic
K230_CARD_BENCH v=1 run=40540528485118 event=input input_id=405 gesture_id=20 kind=motion t_ns=40555628582584 source=injected
K230_CARD_SHELL state mode=2 actions=1 message=0 cards=1
K230_CARD_BENCH v=1 run=40540528485118 event=input input_id=404 gesture_id=20 kind=motion t_ns=40555626042244 source=injected
K230_CARD_SHELL state mode=2 actions=1 message=0 cards=1
K230_CARD_BENCH v=1 run=40540528485118 event=input input_id=403 gesture_id=20 kind=motion t_ns=40555625506736 source=injected
K230_CARD_SHELL state mode=2 actions=1 message=0 cards=1
K230_CARD_BENCH v=1 run=40540528485118 event=input input_id=402 gesture_id=20 kind=motion t_ns=40555624058823 source=injected
K230_CARD_SHELL state mode=2 actions=1 message=0 cards=1
K230_CARD_BENCH v=1 run=40540528485118 event=input input_id=401 gesture_id=20 kind=motion t_ns=40555621992206 source=injected
K230_CARD_SHELL state mode=2 actions=1 message=0 cards=1
K230_CARD_BENCH v=1 run=40540528485118 event=input input_id=400 gesture_id=20 kind=motion t_ns=40555620153654 source=injected
K230_CARD_SHELL state mode=2 actions=1 message=0 cards=1
K230_CARD_BENCH v=1 run=40540528485118 event=present frame_id=534 t_ns=40555590496000 presented=1 clock=monotonic
K230_CARD_SHELL frame-cost run=40540528485118 frame_id=534 total_cpu_ns=15745903 render_cpu_ns=14345424 input_cpu_ns=1150849
K230_CARD_BENCH v=1 run=40540528485118 event=submit input_id=399 frame_id=534 t_ns=40555589325978 update_cpu_ns=15745903 final=0
K230_CARD_BENCH v=1 run=40540528485118 event=submit input_id=398 frame_id=534 t_ns=40555589325978 update_cpu_ns=15745903 final=0
K230_CARD_BENCH v=1 run=40540528485118 event=submit input_id=397 frame_id=534 t_ns=40555589325978 update_cpu_ns=15745903 final=0
K230_CARD_BENCH v=1 run=40540528485118 event=submit input_id=396 frame_id=534 t_ns=40555589325978 update_cpu_ns=15745903 final=0
K230_CARD_BENCH v=1 run=40540528485118 event=present frame_id=533 t_ns=40555571331000 presented=1 clock=monotonic
K230_CARD_BENCH v=1 run=40540528485118 event=input input_id=399 gesture_id=20 kind=motion t_ns=40555571113733 source=injected
K230_CARD_SHELL state mode=2 actions=1 message=0 cards=1
K230_CARD_BENCH v=1 run=40540528485118 event=input input_id=398 gesture_id=20 kind=motion t_ns=40555569646336 source=injected
K230_CARD_SHELL state mode=2 actions=1 message=0 cards=1
K230_CARD_BENCH v=1 run=40540528485118 event=input input_id=397 gesture_id=20 kind=motion t_ns=40555569241324 source=injected
K230_CARD_SHELL state mode=2 actions=1 message=0 cards=1
K230_CARD_BENCH v=1 run=40540528485118 event=input input_id=396 gesture_id=20 kind=motion t_ns=40555567192821 source=injected
K230_CARD_SHELL state mode=2 actions=1 message=0 cards=1
K230_CARD_SHELL frame-cost run=40540528485118 frame_id=533 total_cpu_ns=15773299 render_cpu_ns=14283742 input_cpu_ns=1210594
K230_CARD_BENCH v=1 run=40540528485118 event=submit input_id=395 frame_id=533 t_ns=40555564247544 update_cpu_ns=15773299 final=0
K230_CARD_BENCH v=1 run=40540528485118 event=submit input_id=394 frame_id=533 t_ns=40555564247544 update_cpu_ns=15773299 final=0
K230_CARD_BENCH v=1 run=40540528485118 event=submit input_id=393 frame_id=533 t_ns=40555564247544 update_cpu_ns=15773299 final=0
K230_CARD_BENCH v=1 run=40540528485118 event=submit input_id=392 frame_id=533 t_ns=40555564247544 update_cpu_ns=15773299 final=0
K230_CARD_BENCH v=1 run=40540528485118 event=submit input_id=391 frame_id=533 t_ns=40555564247544 update_cpu_ns=15773299 final=0
K230_CARD_BENCH v=1 run=40540528485118 event=submit input_id=390 frame_id=533 t_ns=40555564247544 update_cpu_ns=15773299 final=0
K230_CARD_BENCH v=1 run=40540528485118 event=present frame_id=532 t_ns=40555533005000 presented=1 clock=monotonic
K230_CARD_BENCH v=1 run=40540528485118 event=input input_id=395 gesture_id=20 kind=motion t_ns=40555533399718 source=injected
K230_CARD_SHELL state mode=2 actions=1 message=0 cards=1
K230_CARD_BENCH v=1 run=40540528485118 event=input input_id=394 gesture_id=20 kind=motion t_ns=40555528777945 source=injected
K230_CARD_SHELL state mode=2 actions=1 message=0 cards=1
K230_CARD_BENCH v=1 run=40540528485118 event=input input_id=393 gesture_id=20 kind=motion t_ns=40555528528619 source=injected
K230_CARD_SHELL state mode=2 actions=1 message=0 cards=1
K230_CARD_BENCH v=1 run=40540528485118 event=input input_id=392 gesture_id=20 kind=motion t_ns=40555528232620 source=injected
K230_CARD_SHELL state mode=2 actions=1 message=0 cards=1
K230_CARD_BENCH v=1 run=40540528485118 event=input input_id=391 gesture_id=20 kind=motion t_ns=40555525477662 source=injected
K230_CARD_SHELL state mode=2 actions=1 message=0 cards=1
K230_CARD_BENCH v=1 run=40540528485118 event=input input_id=390 gesture_id=20 kind=motion t_ns=40555521251121 source=injected
K230_CARD_SHELL state mode=2 actions=1 message=0 cards=1
K230_CARD_SHELL frame-cost run=40540528485118 frame_id=532 total_cpu_ns=14636419 render_cpu_ns=14277974 input_cpu_ns=192519
K230_CARD_BENCH v=1 run=40540528485118 event=submit input_id=389 frame_id=532 t_ns=40555514403453 update_cpu_ns=14636419 final=0
K230_CARD_BENCH v=1 run=40540528485118 event=present frame_id=531 t_ns=40555475515000 presented=1 clock=monotonic
K230_CARD_BENCH v=1 run=40540528485118 event=input input_id=389 gesture_id=20 kind=motion t_ns=40555466895900 source=injected
K230_CARD_SHELL state mode=2 actions=1 message=0 cards=1
K230_CARD_SHELL state mode=2 actions=1 message=0 cards=1
K230_CARD_BENCH v=1 run=40540528485118 event=present frame_id=530 t_ns=40555437185000 presented=1 clock=monotonic
K230_CARD_BENCH v=1 run=40540528485118 event=present frame_id=529 t_ns=40555398859000 presented=1 clock=monotonic
K230_CARD_BENCH v=1 run=40540528485118 event=present frame_id=528 t_ns=40555379694000 presented=1 clock=monotonic
K230_CARD_BENCH v=1 run=40540528485118 event=present frame_id=527 t_ns=40555341366000 presented=1 clock=monotonic
K230_CARD_BENCH v=1 run=40540528485118 event=present frame_id=526 t_ns=40555322204000 presented=1 clock=monotonic
K230_CARD_BENCH v=1 run=40540528485118 event=present frame_id=525 t_ns=40555283876000 presented=1 clock=monotonic
K230_CARD_BENCH v=1 run=40540528485118 event=present frame_id=524 t_ns=40555264714000 presented=1 clock=monotonic
K230_CARD_BENCH v=1 run=40540528485118 event=present frame_id=523 t_ns=40555226385000 presented=1 clock=monotonic
K230_CARD_BENCH v=1 run=40540528485118 event=present frame_id=522 t_ns=40555207223000 presented=1 clock=monotonic
K230_CARD_BENCH v=1 run=40540528485118 event=present frame_id=521 t_ns=40555168897000 presented=1 clock=monotonic
K230_CARD_SHELL frame-cost run=40540528485118 frame_id=521 total_cpu_ns=15248467 render_cpu_ns=14231802 input_cpu_ns=868627
K230_CARD_BENCH v=1 run=40540528485118 event=submit input_id=388 frame_id=521 t_ns=40555165311833 update_cpu_ns=15248467 final=1
K230_CARD_BENCH v=1 run=40540528485118 event=submit input_id=387 frame_id=521 t_ns=40555165311833 update_cpu_ns=15248467 final=0
K230_CARD_BENCH v=1 run=40540528485118 event=submit input_id=386 frame_id=521 t_ns=40555165311833 update_cpu_ns=15248467 final=0
K230_CARD_BENCH v=1 run=40540528485118 event=present frame_id=520 t_ns=40555149733000 presented=1 clock=monotonic
K230_CARD_BENCH v=1 run=40540528485118 event=input input_id=388 gesture_id=19 kind=release t_ns=40555142326870 source=injected
K230_CARD_SHELL state mode=1 actions=1 message=0 cards=1
K230_CARD_BENCH v=1 run=40540528485118 event=input input_id=387 gesture_id=19 kind=motion t_ns=40555141931527 source=injected
K230_CARD_SHELL state mode=2 actions=1 message=0 cards=1
K230_CARD_BENCH v=1 run=40540528485118 event=input input_id=386 gesture_id=19 kind=motion t_ns=40555141458471 source=injected
K230_CARD_SHELL state mode=2 actions=1 message=0 cards=1
K230_CARD_SHELL frame-cost run=40540528485118 frame_id=520 total_cpu_ns=13339948 render_cpu_ns=12152319 input_cpu_ns=996963
K230_CARD_BENCH v=1 run=40540528485118 event=submit input_id=385 frame_id=520 t_ns=40555137641571 update_cpu_ns=13339948 final=0
K230_CARD_BENCH v=1 run=40540528485118 event=submit input_id=384 frame_id=520 t_ns=40555137641571 update_cpu_ns=13339948 final=0
K230_CARD_BENCH v=1 run=40540528485118 event=submit input_id=383 frame_id=520 t_ns=40555137641571 update_cpu_ns=13339948 final=0
K230_CARD_BENCH v=1 run=40540528485118 event=present frame_id=519 t_ns=40555111406000 presented=1 clock=monotonic
K230_CARD_BENCH v=1 run=40540528485118 event=input input_id=385 gesture_id=19 kind=motion t_ns=40555116303397 source=injected
K230_CARD_SHELL state mode=2 actions=1 message=0 cards=1
K230_CARD_BENCH v=1 run=40540528485118 event=input input_id=384 gesture_id=19 kind=motion t_ns=40555112074560 source=injected
K230_CARD_SHELL state mode=2 actions=1 message=0 cards=1
K230_CARD_BENCH v=1 run=40540528485118 event=input input_id=383 gesture_id=19 kind=motion t_ns=40555111515604 source=injected
K230_CARD_SHELL state mode=2 actions=1 message=0 cards=1
K230_CARD_SHELL frame-cost run=40540528485118 frame_id=519 total_cpu_ns=15523430 render_cpu_ns=13400916 input_cpu_ns=1864143
K230_CARD_BENCH v=1 run=40540528485118 event=submit input_id=382 frame_id=519 t_ns=40555107862650 update_cpu_ns=15523430 final=0
K230_CARD_BENCH v=1 run=40540528485118 event=submit input_id=381 frame_id=519 t_ns=40555107862650 update_cpu_ns=15523430 final=0
K230_CARD_BENCH v=1 run=40540528485118 event=submit input_id=380 frame_id=519 t_ns=40555107862650 update_cpu_ns=15523430 final=0
K230_CARD_BENCH v=1 run=40540528485118 event=submit input_id=379 frame_id=519 t_ns=40555107862650 update_cpu_ns=15523430 final=0
K230_CARD_BENCH v=1 run=40540528485118 event=submit input_id=378 frame_id=519 t_ns=40555107862650 update_cpu_ns=15523430 final=0
K230_CARD_BENCH v=1 run=40540528485118 event=present frame_id=518 t_ns=40555092242000 presented=1 clock=monotonic
K230_CARD_BENCH v=1 run=40540528485118 event=input input_id=382 gesture_id=19 kind=motion t_ns=40555086864110 source=injected
K230_CARD_SHELL state mode=2 actions=1 message=0 cards=1
K230_CARD_BENCH v=1 run=40540528485118 event=input input_id=381 gesture_id=19 kind=motion t_ns=40555086280633 source=injected
K230_CARD_SHELL state mode=2 actions=1 message=0 cards=1
K230_CARD_BENCH v=1 run=40540528485118 event=input input_id=380 gesture_id=19 kind=motion t_ns=40555084803531 source=injected
K230_CARD_SHELL state mode=2 actions=1 message=0 cards=1
K230_CARD_BENCH v=1 run=40540528485118 event=input input_id=379 gesture_id=19 kind=motion t_ns=40555082300825 source=injected
K230_CARD_SHELL state mode=2 actions=1 message=0 cards=1
K230_CARD_BENCH v=1 run=40540528485118 event=input input_id=378 gesture_id=19 kind=motion t_ns=40555080521317 source=injected
K230_CARD_SHELL state mode=2 actions=1 message=0 cards=1
K230_CARD_BENCH v=1 run=40540528485118 event=present frame_id=517 t_ns=40555053917000 presented=1 clock=monotonic
K230_CARD_SHELL frame-cost run=40540528485118 frame_id=517 total_cpu_ns=15408342 render_cpu_ns=14030304 input_cpu_ns=1127889
K230_CARD_BENCH v=1 run=40540528485118 event=submit input_id=377 frame_id=517 t_ns=40555050666424 update_cpu_ns=15408342 final=0
K230_CARD_BENCH v=1 run=40540528485118 event=submit input_id=376 frame_id=517 t_ns=40555050666424 update_cpu_ns=15408342 final=0
K230_CARD_BENCH v=1 run=40540528485118 event=submit input_id=375 frame_id=517 t_ns=40555050666424 update_cpu_ns=15408342 final=0
K230_CARD_BENCH v=1 run=40540528485118 event=submit input_id=374 frame_id=517 t_ns=40555050666424 update_cpu_ns=15408342 final=0
K230_CARD_BENCH v=1 run=40540528485118 event=present frame_id=516 t_ns=40555034752000 presented=1 clock=monotonic
K230_CARD_BENCH v=1 run=40540528485118 event=input input_id=377 gesture_id=19 kind=motion t_ns=40555032931865 source=injected
K230_CARD_SHELL state mode=2 actions=1 message=0 cards=1
K230_CARD_BENCH v=1 run=40540528485118 event=input input_id=376 gesture_id=19 kind=motion t_ns=40555023758660 source=injected
K230_CARD_SHELL state mode=2 actions=1 message=0 cards=1
K230_CARD_BENCH v=1 run=40540528485118 event=input input_id=375 gesture_id=19 kind=motion t_ns=40555023417768 source=injected
K230_CARD_SHELL state mode=2 actions=1 message=0 cards=1
K230_CARD_BENCH v=1 run=40540528485118 event=input input_id=374 gesture_id=19 kind=motion t_ns=40555023056762 source=injected
K230_CARD_SHELL state mode=2 actions=1 message=0 cards=1
K230_CARD_SHELL frame-cost run=40540528485118 frame_id=516 total_cpu_ns=15263724 render_cpu_ns=14170610 input_cpu_ns=877891
K230_CARD_BENCH v=1 run=40540528485118 event=submit input_id=373 frame_id=516 t_ns=40555019087807 update_cpu_ns=15263724 final=0
K230_CARD_BENCH v=1 run=40540528485118 event=submit input_id=372 frame_id=516 t_ns=40555019087807 update_cpu_ns=15263724 final=0
K230_CARD_BENCH v=1 run=40540528485118 event=submit input_id=371 frame_id=516 t_ns=40555019087807 update_cpu_ns=15263724 final=0
K230_CARD_BENCH v=1 run=40540528485118 event=submit input_id=370 frame_id=516 t_ns=40555019087807 update_cpu_ns=15263724 final=0
K230_CARD_BENCH v=1 run=40540528485118 event=present frame_id=515 t_ns=40554996424000 presented=1 clock=monotonic
K230_CARD_BENCH v=1 run=40540528485118 event=input input_id=373 gesture_id=19 kind=motion t_ns=40554993401004 source=injected
K230_CARD_SHELL state mode=2 actions=1 message=0 cards=1
K230_CARD_BENCH v=1 run=40540528485118 event=input input_id=372 gesture_id=19 kind=motion t_ns=40554993064186 source=injected
K230_CARD_SHELL state mode=2 actions=1 message=0 cards=1
K230_CARD_BENCH v=1 run=40540528485118 event=input input_id=371 gesture_id=19 kind=motion t_ns=40554992354286 source=injected
K230_CARD_SHELL state mode=2 actions=1 message=0 cards=1
K230_CARD_BENCH v=1 run=40540528485118 event=input input_id=370 gesture_id=19 kind=motion t_ns=40554989077933 source=injected
K230_CARD_SHELL state mode=2 actions=1 message=0 cards=1
K230_CARD_SHELL frame-cost run=40540528485118 frame_id=515 total_cpu_ns=14913860 render_cpu_ns=14289118 input_cpu_ns=491890
K230_CARD_BENCH v=1 run=40540528485118 event=submit input_id=369 frame_id=515 t_ns=40554985787615 update_cpu_ns=14913860 final=0
K230_CARD_BENCH v=1 run=40540528485118 event=submit input_id=368 frame_id=515 t_ns=40554985787615 update_cpu_ns=14913860 final=0
K230_CARD_BENCH v=1 run=40540528485118 event=present frame_id=514 t_ns=40554958099000 presented=1 clock=monotonic
K230_CARD_BENCH v=1 run=40540528485118 event=input input_id=369 gesture_id=19 kind=motion t_ns=40554952893989 source=injected
K230_CARD_SHELL state mode=2 actions=1 message=0 cards=1
K230_CARD_BENCH v=1 run=40540528485118 event=input input_id=368 gesture_id=19 kind=motion t_ns=40554948872991 source=injected
K230_CARD_SHELL state mode=2 actions=1 message=0 cards=1
K230_CARD_SHELL state mode=2 actions=1 message=0 cards=1
K230_CARD_BENCH v=1 run=40540528485118 event=present frame_id=513 t_ns=40554900609000 presented=1 clock=monotonic
K230_CARD_BENCH v=1 run=40540528485118 event=present frame_id=512 t_ns=40554881443000 presented=1 clock=monotonic
K230_CARD_BENCH v=1 run=40540528485118 event=present frame_id=511 t_ns=40554843123000 presented=1 clock=monotonic
K230_CARD_BENCH v=1 run=40540528485118 event=present frame_id=510 t_ns=40554823953000 presented=1 clock=monotonic
K230_CARD_BENCH v=1 run=40540528485118 event=present frame_id=509 t_ns=40554785625000 presented=1 clock=monotonic
K230_CARD_BENCH v=1 run=40540528485118 event=present frame_id=508 t_ns=40554766462000 presented=1 clock=monotonic
K230_CARD_BENCH v=1 run=40540528485118 event=resource phase=active t_ns=40554750847468 cpu_ns=12317702000 memory_bytes=19685376 scope=session
K230_CARD_BENCH v=1 run=40540528485118 event=resource phase=active t_ns=40554750847468 cpu_ns=7352985104 memory_bytes=27557888 scope=compositor
K230_CARD_BENCH v=1 run=40540528485118 event=present frame_id=507 t_ns=40554728134000 presented=1 clock=monotonic
K230_CARD_BENCH v=1 run=40540528485118 event=present frame_id=506 t_ns=40554708971000 presented=1 clock=monotonic
K230_CARD_BENCH v=1 run=40540528485118 event=present frame_id=505 t_ns=40554670643000 presented=1 clock=monotonic
K230_CARD_BENCH v=1 run=40540528485118 event=present frame_id=504 t_ns=40554651481000 presented=1 clock=monotonic
K230_CARD_SHELL frame-cost run=40540528485118 frame_id=504 total_cpu_ns=15767326 render_cpu_ns=14287288 input_cpu_ns=1200555
K230_CARD_BENCH v=1 run=40540528485118 event=submit input_id=367 frame_id=504 t_ns=40554642422082 update_cpu_ns=15767326 final=1
K230_CARD_BENCH v=1 run=40540528485118 event=submit input_id=366 frame_id=504 t_ns=40554642422082 update_cpu_ns=15767326 final=0
K230_CARD_BENCH v=1 run=40540528485118 event=submit input_id=365 frame_id=504 t_ns=40554642422082 update_cpu_ns=15767326 final=0
K230_CARD_BENCH v=1 run=40540528485118 event=present frame_id=503 t_ns=40554613158000 presented=1 clock=monotonic
K230_CARD_BENCH v=1 run=40540528485118 event=input input_id=367 gesture_id=18 kind=release t_ns=40554615104775 source=injected
K230_CARD_SHELL state mode=1 actions=1 message=0 cards=1
K230_CARD_BENCH v=1 run=40540528485118 event=input input_id=366 gesture_id=18 kind=motion t_ns=40554614558044 source=injected
K230_CARD_SHELL state mode=2 actions=1 message=0 cards=1
K230_CARD_BENCH v=1 run=40540528485118 event=input input_id=365 gesture_id=18 kind=motion t_ns=40554612333262 source=injected
K230_CARD_SHELL state mode=2 actions=1 message=0 cards=1
K230_CARD_SHELL frame-cost run=40540528485118 frame_id=503 total_cpu_ns=15337431 render_cpu_ns=12432949 input_cpu_ns=2529704
K230_CARD_BENCH v=1 run=40540528485118 event=submit input_id=364 frame_id=503 t_ns=40554607793762 update_cpu_ns=15337431 final=0
K230_CARD_BENCH v=1 run=40540528485118 event=submit input_id=363 frame_id=503 t_ns=40554607793762 update_cpu_ns=15337431 final=0
K230_CARD_BENCH v=1 run=40540528485118 event=submit input_id=362 frame_id=503 t_ns=40554607793762 update_cpu_ns=15337431 final=0
K230_CARD_BENCH v=1 run=40540528485118 event=submit input_id=361 frame_id=503 t_ns=40554607793762 update_cpu_ns=15337431 final=0
K230_CARD_BENCH v=1 run=40540528485118 event=submit input_id=360 frame_id=503 t_ns=40554607793762 update_cpu_ns=15337431 final=0
K230_CARD_BENCH v=1 run=40540528485118 event=submit input_id=359 frame_id=503 t_ns=40554607793762 update_cpu_ns=15337431 final=0
K230_CARD_BENCH v=1 run=40540528485118 event=present frame_id=502 t_ns=40554593991000 presented=1 clock=monotonic
K230_CARD_BENCH v=1 run=40540528485118 event=input input_id=364 gesture_id=18 kind=motion t_ns=40554591863247 source=injected
K230_CARD_SHELL state mode=2 actions=1 message=0 cards=1
K230_CARD_BENCH v=1 run=40540528485118 event=input input_id=363 gesture_id=18 kind=motion t_ns=40554590412113 source=injected
K230_CARD_SHELL state mode=2 actions=1 message=0 cards=1
K230_CARD_BENCH v=1 run=40540528485118 event=input input_id=362 gesture_id=18 kind=motion t_ns=40554588581414 source=injected
K230_CARD_SHELL state mode=2 actions=1 message=0 cards=1
K230_CARD_BENCH v=1 run=40540528485118 event=input input_id=361 gesture_id=18 kind=motion t_ns=40554586751457 source=injected
K230_CARD_SHELL state mode=2 actions=1 message=0 cards=1
K230_CARD_BENCH v=1 run=40540528485118 event=input input_id=360 gesture_id=18 kind=motion t_ns=40554586258325 source=injected
K230_CARD_SHELL state mode=2 actions=1 message=0 cards=1
K230_CARD_BENCH v=1 run=40540528485118 event=input input_id=359 gesture_id=18 kind=motion t_ns=40554585090964 source=injected
K230_CARD_SHELL state mode=2 actions=1 message=0 cards=1
K230_CARD_BENCH v=1 run=40540528485118 event=present frame_id=501 t_ns=40554555666000 presented=1 clock=monotonic
K230_CARD_SHELL live cards=1 commits=348 sampled=688 frame-done=690 output-presented=345
K230_CARD_SHELL frame-cost run=40540528485118 frame_id=501 total_cpu_ns=16646615 render_cpu_ns=14258985 input_cpu_ns=2088189
K230_CARD_BENCH v=1 run=40540528485118 event=submit input_id=358 frame_id=501 t_ns=40554553240973 update_cpu_ns=16646615 final=0
K230_CARD_BENCH v=1 run=40540528485118 event=submit input_id=357 frame_id=501 t_ns=40554553240973 update_cpu_ns=16646615 final=0
K230_CARD_BENCH v=1 run=40540528485118 event=submit input_id=356 frame_id=501 t_ns=40554553240973 update_cpu_ns=16646615 final=0
K230_CARD_BENCH v=1 run=40540528485118 event=submit input_id=355 frame_id=501 t_ns=40554553240973 update_cpu_ns=16646615 final=0
K230_CARD_BENCH v=1 run=40540528485118 event=submit input_id=354 frame_id=501 t_ns=40554553240973 update_cpu_ns=16646615 final=0
K230_CARD_BENCH v=1 run=40540528485118 event=submit input_id=353 frame_id=501 t_ns=40554553240973 update_cpu_ns=16646615 final=0
K230_CARD_BENCH v=1 run=40540528485118 event=present frame_id=500 t_ns=40554536502000 presented=1 clock=monotonic
K230_CARD_BENCH v=1 run=40540528485118 event=input input_id=358 gesture_id=18 kind=motion t_ns=40554534448120 source=injected
K230_CARD_SHELL state mode=2 actions=1 message=0 cards=1
K230_CARD_BENCH v=1 run=40540528485118 event=input input_id=357 gesture_id=18 kind=motion t_ns=40554533883164 source=injected
K230_CARD_SHELL state mode=2 actions=1 message=0 cards=1
K230_CARD_BENCH v=1 run=40540528485118 event=input input_id=356 gesture_id=18 kind=motion t_ns=40554532731472 source=injected
K230_CARD_SHELL state mode=2 actions=1 message=0 cards=1
K230_CARD_BENCH v=1 run=40540528485118 event=input input_id=355 gesture_id=18 kind=motion t_ns=40554531967123 source=injected
K230_CARD_SHELL state mode=2 actions=1 message=0 cards=1
K230_CARD_BENCH v=1 run=40540528485118 event=input input_id=354 gesture_id=18 kind=motion t_ns=40554530071972 source=injected
K230_CARD_SHELL state mode=2 actions=1 message=0 cards=1
K230_CARD_BENCH v=1 run=40540528485118 event=input input_id=353 gesture_id=18 kind=motion t_ns=40554527595124 source=injected
K230_CARD_SHELL state mode=2 actions=1 message=0 cards=1
K230_CARD_BENCH v=1 run=40540528485118 event=present frame_id=499 t_ns=40554498176000 presented=1 clock=monotonic
K230_CARD_SHELL frame-cost run=40540528485118 frame_id=499 total_cpu_ns=15909097 render_cpu_ns=14478133 input_cpu_ns=1241519
K230_CARD_BENCH v=1 run=40540528485118 event=submit input_id=352 frame_id=499 t_ns=40554495352753 update_cpu_ns=15909097 final=0
K230_CARD_BENCH v=1 run=40540528485118 event=submit input_id=351 frame_id=499 t_ns=40554495352753 update_cpu_ns=15909097 final=0
K230_CARD_BENCH v=1 run=40540528485118 event=submit input_id=350 frame_id=499 t_ns=40554495352753 update_cpu_ns=15909097 final=0
K230_CARD_BENCH v=1 run=40540528485118 event=submit input_id=349 frame_id=499 t_ns=40554495352753 update_cpu_ns=15909097 final=0
K230_CARD_BENCH v=1 run=40540528485118 event=submit input_id=348 frame_id=499 t_ns=40554495352753 update_cpu_ns=15909097 final=0
K230_CARD_BENCH v=1 run=40540528485118 event=present frame_id=498 t_ns=40554479010000 presented=1 clock=monotonic
K230_CARD_BENCH v=1 run=40540528485118 event=input input_id=352 gesture_id=18 kind=motion t_ns=40554472362662 source=injected
K230_CARD_SHELL state mode=2 actions=1 message=0 cards=1
K230_CARD_BENCH v=1 run=40540528485118 event=input input_id=351 gesture_id=18 kind=motion t_ns=40554471891421 source=injected
K230_CARD_SHELL state mode=2 actions=1 message=0 cards=1
K230_CARD_BENCH v=1 run=40540528485118 event=input input_id=350 gesture_id=18 kind=motion t_ns=40554471536120 source=injected
K230_CARD_SHELL state mode=2 actions=1 message=0 cards=1
K230_CARD_BENCH v=1 run=40540528485118 event=input input_id=349 gesture_id=18 kind=motion t_ns=40554469819102 source=injected
K230_CARD_SHELL state mode=2 actions=1 message=0 cards=1
K230_CARD_BENCH v=1 run=40540528485118 event=input input_id=348 gesture_id=18 kind=motion t_ns=40554467625657 source=injected
K230_CARD_SHELL state mode=2 actions=1 message=0 cards=1
K230_CARD_BENCH v=1 run=40540528485118 event=present frame_id=497 t_ns=40554440683000 presented=1 clock=monotonic
K230_CARD_SHELL frame-cost run=40540528485118 frame_id=497 total_cpu_ns=14725308 render_cpu_ns=14022085 input_cpu_ns=540891
K230_CARD_BENCH v=1 run=40540528485118 event=submit input_id=347 frame_id=497 t_ns=40554438232475 update_cpu_ns=14725308 final=0
K230_CARD_BENCH v=1 run=40540528485118 event=present frame_id=496 t_ns=40554421522000 presented=1 clock=monotonic
K230_CARD_BENCH v=1 run=40540528485118 event=input input_id=347 gesture_id=18 kind=motion t_ns=40554419774365 source=injected
K230_CARD_SHELL state mode=2 actions=1 message=0 cards=1
K230_CARD_SHELL state mode=2 actions=1 message=0 cards=1
K230_CARD_BENCH v=1 run=40540528485118 event=present frame_id=495 t_ns=40554364055000 presented=1 clock=monotonic
K230_CARD_BENCH v=1 run=40540528485118 event=present frame_id=494 t_ns=40554325702000 presented=1 clock=monotonic
K230_CARD_BENCH v=1 run=40540528485118 event=present frame_id=493 t_ns=40554306539000 presented=1 clock=monotonic
K230_CARD_BENCH v=1 run=40540528485118 event=present frame_id=492 t_ns=40554268212000 presented=1 clock=monotonic
K230_CARD_BENCH v=1 run=40540528485118 event=present frame_id=491 t_ns=40554249048000 presented=1 clock=monotonic
K230_CARD_BENCH v=1 run=40540528485118 event=present frame_id=490 t_ns=40554210720000 presented=1 clock=monotonic
K230_CARD_BENCH v=1 run=40540528485118 event=present frame_id=489 t_ns=40554191557000 presented=1 clock=monotonic
K230_CARD_BENCH v=1 run=40540528485118 event=present frame_id=488 t_ns=40554153231000 presented=1 clock=monotonic
K230_CARD_SHELL frame-cost run=40540528485118 frame_id=488 total_cpu_ns=15076090 render_cpu_ns=14188015 input_cpu_ns=729262
K230_CARD_BENCH v=1 run=40540528485118 event=submit input_id=346 frame_id=488 t_ns=40554149717705 update_cpu_ns=15076090 final=1
K230_CARD_BENCH v=1 run=40540528485118 event=submit input_id=345 frame_id=488 t_ns=40554149717705 update_cpu_ns=15076090 final=0
K230_CARD_BENCH v=1 run=40540528485118 event=present frame_id=487 t_ns=40554134067000 presented=1 clock=monotonic
K230_CARD_BENCH v=1 run=40540528485118 event=input input_id=346 gesture_id=17 kind=release t_ns=40554121303639 source=injected
K230_CARD_SHELL state mode=1 actions=1 message=0 cards=1
K230_CARD_BENCH v=1 run=40540528485118 event=input input_id=345 gesture_id=17 kind=motion t_ns=40554119943367 source=injected
K230_CARD_SHELL state mode=2 actions=1 message=0 cards=1
K230_CARD_BENCH v=1 run=40540528485118 event=present frame_id=486 t_ns=40554095740000 presented=1 clock=monotonic
K230_CARD_SHELL frame-cost run=40540528485118 frame_id=486 total_cpu_ns=14072061 render_cpu_ns=11674177 input_cpu_ns=2097108
K230_CARD_BENCH v=1 run=40540528485118 event=submit input_id=344 frame_id=486 t_ns=40554089954336 update_cpu_ns=14072061 final=0
K230_CARD_BENCH v=1 run=40540528485118 event=submit input_id=343 frame_id=486 t_ns=40554089954336 update_cpu_ns=14072061 final=0
K230_CARD_BENCH v=1 run=40540528485118 event=submit input_id=342 frame_id=486 t_ns=40554089954336 update_cpu_ns=14072061 final=0
K230_CARD_BENCH v=1 run=40540528485118 event=submit input_id=341 frame_id=486 t_ns=40554089954336 update_cpu_ns=14072061 final=0
K230_CARD_BENCH v=1 run=40540528485118 event=submit input_id=340 frame_id=486 t_ns=40554089954336 update_cpu_ns=14072061 final=0
K230_CARD_BENCH v=1 run=40540528485118 event=submit input_id=339 frame_id=486 t_ns=40554089954336 update_cpu_ns=14072061 final=0
K230_CARD_BENCH v=1 run=40540528485118 event=present frame_id=485 t_ns=40554076579000 presented=1 clock=monotonic
K230_CARD_BENCH v=1 run=40540528485118 event=input input_id=344 gesture_id=17 kind=motion t_ns=40554075415838 source=injected
K230_CARD_SHELL state mode=2 actions=1 message=0 cards=1
K230_CARD_BENCH v=1 run=40540528485118 event=input input_id=343 gesture_id=17 kind=motion t_ns=40554070538928 source=injected
K230_CARD_SHELL state mode=2 actions=1 message=0 cards=1
K230_CARD_BENCH v=1 run=40540528485118 event=input input_id=342 gesture_id=17 kind=motion t_ns=40554069063420 source=injected
K230_CARD_SHELL state mode=2 actions=1 message=0 cards=1
K230_CARD_BENCH v=1 run=40540528485118 event=input input_id=341 gesture_id=17 kind=motion t_ns=40554068638888 source=injected
K230_CARD_SHELL state mode=2 actions=1 message=0 cards=1
K230_CARD_BENCH v=1 run=40540528485118 event=input input_id=340 gesture_id=17 kind=motion t_ns=40554067513088 source=injected
K230_CARD_SHELL state mode=2 actions=1 message=0 cards=1
K230_CARD_BENCH v=1 run=40540528485118 event=input input_id=339 gesture_id=17 kind=motion t_ns=40554066321688 source=injected
K230_CARD_SHELL state mode=2 actions=1 message=0 cards=1
K230_CARD_BENCH v=1 run=40540528485118 event=present frame_id=484 t_ns=40554038250000 presented=1 clock=monotonic
K230_CARD_SHELL frame-cost run=40540528485118 frame_id=484 total_cpu_ns=16256615 render_cpu_ns=14148431 input_cpu_ns=1823407
K230_CARD_BENCH v=1 run=40540528485118 event=submit input_id=338 frame_id=484 t_ns=40554035968355 update_cpu_ns=16256615 final=0
K230_CARD_BENCH v=1 run=40540528485118 event=submit input_id=337 frame_id=484 t_ns=40554035968355 update_cpu_ns=16256615 final=0
K230_CARD_BENCH v=1 run=40540528485118 event=submit input_id=336 frame_id=484 t_ns=40554035968355 update_cpu_ns=16256615 final=0
K230_CARD_BENCH v=1 run=40540528485118 event=submit input_id=335 frame_id=484 t_ns=40554035968355 update_cpu_ns=16256615 final=0
K230_CARD_BENCH v=1 run=40540528485118 event=submit input_id=334 frame_id=484 t_ns=40554035968355 update_cpu_ns=16256615 final=0
K230_CARD_BENCH v=1 run=40540528485118 event=submit input_id=333 frame_id=484 t_ns=40554035968355 update_cpu_ns=16256615 final=0
K230_CARD_BENCH v=1 run=40540528485118 event=present frame_id=483 t_ns=40554019086000 presented=1 clock=monotonic
K230_CARD_BENCH v=1 run=40540528485118 event=input input_id=338 gesture_id=17 kind=motion t_ns=40554015422554 source=injected
K230_CARD_SHELL state mode=2 actions=1 message=0 cards=1
K230_CARD_BENCH v=1 run=40540528485118 event=input input_id=337 gesture_id=17 kind=motion t_ns=40554013166991 source=injected
K230_CARD_SHELL state mode=2 actions=1 message=0 cards=1
K230_CARD_BENCH v=1 run=40540528485118 event=input input_id=336 gesture_id=17 kind=motion t_ns=40554011723116 source=injected
K230_CARD_SHELL state mode=2 actions=1 message=0 cards=1
K230_CARD_BENCH v=1 run=40540528485118 event=input input_id=335 gesture_id=17 kind=motion t_ns=40554011356888 source=injected
K230_CARD_SHELL state mode=2 actions=1 message=0 cards=1
K230_CARD_BENCH v=1 run=40540528485118 event=input input_id=334 gesture_id=17 kind=motion t_ns=40554010206122 source=injected
K230_CARD_SHELL state mode=2 actions=1 message=0 cards=1
K230_CARD_BENCH v=1 run=40540528485118 event=input input_id=333 gesture_id=17 kind=motion t_ns=40554009074803 source=injected
K230_CARD_SHELL state mode=2 actions=1 message=0 cards=1
K230_CARD_BENCH v=1 run=40540528485118 event=present frame_id=482 t_ns=40553980760000 presented=1 clock=monotonic
K230_CARD_SHELL frame-cost run=40540528485118 frame_id=482 total_cpu_ns=15643554 render_cpu_ns=14044548 input_cpu_ns=1302221
K230_CARD_BENCH v=1 run=40540528485118 event=submit input_id=332 frame_id=482 t_ns=40553977502919 update_cpu_ns=15643554 final=0
K230_CARD_BENCH v=1 run=40540528485118 event=submit input_id=331 frame_id=482 t_ns=40553977502919 update_cpu_ns=15643554 final=0
K230_CARD_BENCH v=1 run=40540528485118 event=submit input_id=330 frame_id=482 t_ns=40553977502919 update_cpu_ns=15643554 final=0
K230_CARD_BENCH v=1 run=40540528485118 event=submit input_id=329 frame_id=482 t_ns=40553977502919 update_cpu_ns=15643554 final=0
K230_CARD_BENCH v=1 run=40540528485118 event=submit input_id=328 frame_id=482 t_ns=40553977502919 update_cpu_ns=15643554 final=0
K230_CARD_BENCH v=1 run=40540528485118 event=submit input_id=327 frame_id=482 t_ns=40553977502919 update_cpu_ns=15643554 final=0
K230_CARD_BENCH v=1 run=40540528485118 event=present frame_id=481 t_ns=40553961595000 presented=1 clock=monotonic
K230_CARD_BENCH v=1 run=40540528485118 event=input input_id=332 gesture_id=17 kind=motion t_ns=40553955332740 source=injected
K230_CARD_SHELL state mode=2 actions=1 message=0 cards=1
K230_CARD_BENCH v=1 run=40540528485118 event=input input_id=331 gesture_id=17 kind=motion t_ns=40553951531327 source=injected
K230_CARD_SHELL state mode=2 actions=1 message=0 cards=1
K230_CARD_BENCH v=1 run=40540528485118 event=input input_id=330 gesture_id=17 kind=motion t_ns=40553951279964 source=injected
K230_CARD_SHELL state mode=2 actions=1 message=0 cards=1
K230_CARD_BENCH v=1 run=40540528485118 event=input input_id=329 gesture_id=17 kind=motion t_ns=40553950981373 source=injected
K230_CARD_SHELL state mode=2 actions=1 message=0 cards=1
K230_CARD_BENCH v=1 run=40540528485118 event=input input_id=328 gesture_id=17 kind=motion t_ns=40553949926655 source=injected
K230_CARD_SHELL state mode=2 actions=1 message=0 cards=1
K230_CARD_BENCH v=1 run=40540528485118 event=input input_id=327 gesture_id=17 kind=motion t_ns=40553949424707 source=injected
K230_CARD_SHELL state mode=2 actions=1 message=0 cards=1
K230_CARD_BENCH v=1 run=40540528485118 event=present frame_id=480 t_ns=40553923268000 presented=1 clock=monotonic
K230_CARD_SHELL frame-cost run=40540528485118 frame_id=480 total_cpu_ns=14538680 render_cpu_ns=14176160 input_cpu_ns=192445
K230_CARD_BENCH v=1 run=40540528485118 event=submit input_id=326 frame_id=480 t_ns=40553920644338 update_cpu_ns=14538680 final=0
K230_CARD_BENCH v=1 run=40540528485118 event=present frame_id=479 t_ns=40553904106000 presented=1 clock=monotonic
K230_CARD_BENCH v=1 run=40540528485118 event=input input_id=326 gesture_id=17 kind=motion t_ns=40553895415427 source=injected
K230_CARD_SHELL state mode=2 actions=1 message=0 cards=1
K230_CARD_SHELL state mode=2 actions=1 message=0 cards=1
K230_CARD_BENCH v=1 run=40540528485118 event=present frame_id=478 t_ns=40553865779000 presented=1 clock=monotonic
K230_CARD_BENCH v=1 run=40540528485118 event=present frame_id=477 t_ns=40553808288000 presented=1 clock=monotonic
K230_CARD_BENCH v=1 run=40540528485118 event=present frame_id=476 t_ns=40553769960000 presented=1 clock=monotonic
K230_CARD_BENCH v=1 run=40540528485118 event=present frame_id=475 t_ns=40553731632000 presented=1 clock=monotonic
K230_CARD_BENCH v=1 run=40540528485118 event=resource phase=active t_ns=40553728471334 cpu_ns=11630141000 memory_bytes=19685376 scope=session
K230_CARD_BENCH v=1 run=40540528485118 event=resource phase=active t_ns=40553728471334 cpu_ns=6839121654 memory_bytes=27557888 scope=compositor
K230_CARD_BENCH v=1 run=40540528485118 event=present frame_id=474 t_ns=40553712470000 presented=1 clock=monotonic
K230_CARD_BENCH v=1 run=40540528485118 event=present frame_id=473 t_ns=40553674143000 presented=1 clock=monotonic
K230_CARD_BENCH v=1 run=40540528485118 event=present frame_id=472 t_ns=40553654979000 presented=1 clock=monotonic
K230_CARD_BENCH v=1 run=40540528485118 event=present frame_id=471 t_ns=40553616655000 presented=1 clock=monotonic
K230_CARD_SHELL frame-cost run=40540528485118 frame_id=471 total_cpu_ns=16322431 render_cpu_ns=14238944 input_cpu_ns=1785596
K230_CARD_BENCH v=1 run=40540528485118 event=submit input_id=325 frame_id=471 t_ns=40553612885316 update_cpu_ns=16322431 final=1
K230_CARD_BENCH v=1 run=40540528485118 event=submit input_id=324 frame_id=471 t_ns=40553612885316 update_cpu_ns=16322431 final=0
K230_CARD_BENCH v=1 run=40540528485118 event=submit input_id=323 frame_id=471 t_ns=40553612885316 update_cpu_ns=16322431 final=0
K230_CARD_BENCH v=1 run=40540528485118 event=submit input_id=322 frame_id=471 t_ns=40553612885316 update_cpu_ns=16322431 final=0
K230_CARD_BENCH v=1 run=40540528485118 event=present frame_id=470 t_ns=40553597489000 presented=1 clock=monotonic
K230_CARD_BENCH v=1 run=40540528485118 event=input input_id=325 gesture_id=16 kind=release t_ns=40553586789141 source=injected
K230_CARD_SHELL state mode=1 actions=1 message=0 cards=1
K230_CARD_BENCH v=1 run=40540528485118 event=input input_id=324 gesture_id=16 kind=motion t_ns=40553585093090 source=injected
K230_CARD_SHELL state mode=2 actions=1 message=0 cards=1
K230_CARD_BENCH v=1 run=40540528485118 event=input input_id=323 gesture_id=16 kind=motion t_ns=40553584551730 source=injected
K230_CARD_SHELL state mode=2 actions=1 message=0 cards=1
K230_CARD_BENCH v=1 run=40540528485118 event=input input_id=322 gesture_id=16 kind=motion t_ns=40553582983472 source=injected
K230_CARD_SHELL state mode=2 actions=1 message=0 cards=1
K230_CARD_BENCH v=1 run=40540528485118 event=present frame_id=469 t_ns=40553559162000 presented=1 clock=monotonic
K230_CARD_SHELL frame-cost run=40540528485118 frame_id=469 total_cpu_ns=14161137 render_cpu_ns=12525731 input_cpu_ns=1438630
K230_CARD_BENCH v=1 run=40540528485118 event=submit input_id=321 frame_id=469 t_ns=40553554291843 update_cpu_ns=14161137 final=0
K230_CARD_BENCH v=1 run=40540528485118 event=submit input_id=320 frame_id=469 t_ns=40553554291843 update_cpu_ns=14161137 final=0
K230_CARD_BENCH v=1 run=40540528485118 event=submit input_id=319 frame_id=469 t_ns=40553554291843 update_cpu_ns=14161137 final=0
K230_CARD_BENCH v=1 run=40540528485118 event=present frame_id=468 t_ns=40553539999000 presented=1 clock=monotonic
K230_CARD_BENCH v=1 run=40540528485118 event=input input_id=321 gesture_id=16 kind=motion t_ns=40553535061067 source=injected
K230_CARD_SHELL state mode=2 actions=1 message=0 cards=1
K230_CARD_BENCH v=1 run=40540528485118 event=input input_id=320 gesture_id=16 kind=motion t_ns=40553533022235 source=injected
K230_CARD_SHELL state mode=2 actions=1 message=0 cards=1
K230_CARD_BENCH v=1 run=40540528485118 event=input input_id=319 gesture_id=16 kind=motion t_ns=40553530832311 source=injected
K230_CARD_SHELL state mode=2 actions=1 message=0 cards=1
K230_CARD_SHELL frame-cost run=40540528485118 frame_id=468 total_cpu_ns=14717913 render_cpu_ns=13767877 input_cpu_ns=739073
K230_CARD_BENCH v=1 run=40540528485118 event=submit input_id=318 frame_id=468 t_ns=40553529705993 update_cpu_ns=14717913 final=0
K230_CARD_BENCH v=1 run=40540528485118 event=submit input_id=317 frame_id=468 t_ns=40553529705993 update_cpu_ns=14717913 final=0
K230_CARD_BENCH v=1 run=40540528485118 event=present frame_id=467 t_ns=40553501684000 presented=1 clock=monotonic
K230_CARD_BENCH v=1 run=40540528485118 event=input input_id=318 gesture_id=16 kind=motion t_ns=40553504722911 source=injected
K230_CARD_SHELL state mode=2 actions=1 message=0 cards=1
K230_CARD_BENCH v=1 run=40540528485118 event=input input_id=317 gesture_id=16 kind=motion t_ns=40553504181366 source=injected
K230_CARD_SHELL state mode=2 actions=1 message=0 cards=1
K230_CARD_SHELL frame-cost run=40540528485118 frame_id=467 total_cpu_ns=16792875 render_cpu_ns=14175025 input_cpu_ns=2348112
K230_CARD_BENCH v=1 run=40540528485118 event=submit input_id=316 frame_id=467 t_ns=40553498717132 update_cpu_ns=16792875 final=0
K230_CARD_BENCH v=1 run=40540528485118 event=submit input_id=315 frame_id=467 t_ns=40553498717132 update_cpu_ns=16792875 final=0
K230_CARD_BENCH v=1 run=40540528485118 event=submit input_id=314 frame_id=467 t_ns=40553498717132 update_cpu_ns=16792875 final=0
K230_CARD_BENCH v=1 run=40540528485118 event=submit input_id=313 frame_id=467 t_ns=40553498717132 update_cpu_ns=16792875 final=0
K230_CARD_BENCH v=1 run=40540528485118 event=submit input_id=312 frame_id=467 t_ns=40553498717132 update_cpu_ns=16792875 final=0
K230_CARD_BENCH v=1 run=40540528485118 event=submit input_id=311 frame_id=467 t_ns=40553498717132 update_cpu_ns=16792875 final=0
K230_CARD_BENCH v=1 run=40540528485118 event=present frame_id=466 t_ns=40553482510000 presented=1 clock=monotonic
K230_CARD_BENCH v=1 run=40540528485118 event=input input_id=316 gesture_id=16 kind=motion t_ns=40553482094514 source=injected
K230_CARD_SHELL state mode=2 actions=1 message=0 cards=1
K230_CARD_BENCH v=1 run=40540528485118 event=input input_id=315 gesture_id=16 kind=motion t_ns=40553477106669 source=injected
K230_CARD_SHELL state mode=2 actions=1 message=0 cards=1
K230_CARD_BENCH v=1 run=40540528485118 event=input input_id=314 gesture_id=16 kind=motion t_ns=40553475897823 source=injected
K230_CARD_SHELL state mode=2 actions=1 message=0 cards=1
K230_CARD_BENCH v=1 run=40540528485118 event=input input_id=313 gesture_id=16 kind=motion t_ns=40553474866257 source=injected
K230_CARD_SHELL state mode=2 actions=1 message=0 cards=1
K230_CARD_BENCH v=1 run=40540528485118 event=input input_id=312 gesture_id=16 kind=motion t_ns=40553473715233 source=injected
K230_CARD_SHELL state mode=2 actions=1 message=0 cards=1
K230_CARD_BENCH v=1 run=40540528485118 event=input input_id=311 gesture_id=16 kind=motion t_ns=40553471392183 source=injected
K230_CARD_SHELL state mode=2 actions=1 message=0 cards=1
K230_CARD_BENCH v=1 run=40540528485118 event=present frame_id=465 t_ns=40553444184000 presented=1 clock=monotonic
K230_CARD_SHELL frame-cost run=40540528485118 frame_id=465 total_cpu_ns=15408544 render_cpu_ns=14172172 input_cpu_ns=1031559
K230_CARD_BENCH v=1 run=40540528485118 event=submit input_id=310 frame_id=465 t_ns=40553440649499 update_cpu_ns=15408544 final=0
K230_CARD_BENCH v=1 run=40540528485118 event=submit input_id=309 frame_id=465 t_ns=40553440649499 update_cpu_ns=15408544 final=0
K230_CARD_BENCH v=1 run=40540528485118 event=submit input_id=308 frame_id=465 t_ns=40553440649499 update_cpu_ns=15408544 final=0
K230_CARD_BENCH v=1 run=40540528485118 event=submit input_id=307 frame_id=465 t_ns=40553440649499 update_cpu_ns=15408544 final=0
K230_CARD_BENCH v=1 run=40540528485118 event=present frame_id=464 t_ns=40553425018000 presented=1 clock=monotonic
K230_CARD_BENCH v=1 run=40540528485118 event=input input_id=310 gesture_id=16 kind=motion t_ns=40553421776764 source=injected
K230_CARD_SHELL state mode=2 actions=1 message=0 cards=1
K230_CARD_BENCH v=1 run=40540528485118 event=input input_id=309 gesture_id=16 kind=motion t_ns=40553417592310 source=injected
K230_CARD_SHELL state mode=2 actions=1 message=0 cards=1
K230_CARD_BENCH v=1 run=40540528485118 event=input input_id=308 gesture_id=16 kind=motion t_ns=40553416331310 source=injected
K230_CARD_SHELL state mode=2 actions=1 message=0 cards=1
K230_CARD_BENCH v=1 run=40540528485118 event=input input_id=307 gesture_id=16 kind=motion t_ns=40553415949228 source=injected
K230_CARD_SHELL state mode=2 actions=1 message=0 cards=1
K230_CARD_SHELL frame-cost run=40540528485118 frame_id=464 total_cpu_ns=14791084 render_cpu_ns=14257603 input_cpu_ns=387148
K230_CARD_BENCH v=1 run=40540528485118 event=submit input_id=306 frame_id=464 t_ns=40553413029144 update_cpu_ns=14791084 final=0
K230_CARD_BENCH v=1 run=40540528485118 event=submit input_id=305 frame_id=464 t_ns=40553413029144 update_cpu_ns=14791084 final=0
K230_CARD_BENCH v=1 run=40540528485118 event=present frame_id=463 t_ns=40553386691000 presented=1 clock=monotonic
K230_CARD_BENCH v=1 run=40540528485118 event=input input_id=306 gesture_id=16 kind=motion t_ns=40553387044315 source=injected
K230_CARD_SHELL state mode=2 actions=1 message=0 cards=1
K230_CARD_BENCH v=1 run=40540528485118 event=input input_id=305 gesture_id=16 kind=motion t_ns=40553384531242 source=injected
K230_CARD_SHELL state mode=2 actions=1 message=0 cards=1
K230_CARD_BENCH v=1 run=40540528485118 event=present frame_id=462 t_ns=40553367530000 presented=1 clock=monotonic
K230_CARD_SHELL state mode=2 actions=1 message=0 cards=1
K230_CARD_BENCH v=1 run=40540528485118 event=present frame_id=461 t_ns=40553329200000 presented=1 clock=monotonic
K230_CARD_BENCH v=1 run=40540528485118 event=present frame_id=460 t_ns=40553310036000 presented=1 clock=monotonic
K230_CARD_BENCH v=1 run=40540528485118 event=present frame_id=459 t_ns=40553290871000 presented=1 clock=monotonic
K230_CARD_BENCH v=1 run=40540528485118 event=present frame_id=458 t_ns=40553252547000 presented=1 clock=monotonic
K230_CARD_BENCH v=1 run=40540528485118 event=present frame_id=457 t_ns=40553214221000 presented=1 clock=monotonic
K230_CARD_BENCH v=1 run=40540528485118 event=present frame_id=456 t_ns=40553175892000 presented=1 clock=monotonic
K230_CARD_BENCH v=1 run=40540528485118 event=present frame_id=455 t_ns=40553156728000 presented=1 clock=monotonic
K230_CARD_BENCH v=1 run=40540528485118 event=present frame_id=454 t_ns=40553118403000 presented=1 clock=monotonic
K230_CARD_SHELL frame-cost run=40540528485118 frame_id=454 total_cpu_ns=15271757 render_cpu_ns=14188493 input_cpu_ns=863337
K230_CARD_BENCH v=1 run=40540528485118 event=submit input_id=304 frame_id=454 t_ns=40553114543834 update_cpu_ns=15271757 final=1
K230_CARD_BENCH v=1 run=40540528485118 event=submit input_id=303 frame_id=454 t_ns=40553114543834 update_cpu_ns=15271757 final=0
K230_CARD_BENCH v=1 run=40540528485118 event=present frame_id=453 t_ns=40553099239000 presented=1 clock=monotonic
K230_CARD_BENCH v=1 run=40540528485118 event=input input_id=304 gesture_id=15 kind=release t_ns=40553085292659 source=injected
K230_CARD_SHELL state mode=1 actions=1 message=0 cards=1
K230_CARD_BENCH v=1 run=40540528485118 event=input input_id=303 gesture_id=15 kind=motion t_ns=40553083197968 source=injected
K230_CARD_SHELL state mode=2 actions=1 message=0 cards=1
K230_CARD_BENCH v=1 run=40540528485118 event=present frame_id=452 t_ns=40553060912000 presented=1 clock=monotonic
K230_CARD_SHELL frame-cost run=40540528485118 frame_id=452 total_cpu_ns=13152011 render_cpu_ns=11758084 input_cpu_ns=1161114
K230_CARD_BENCH v=1 run=40540528485118 event=submit input_id=302 frame_id=452 t_ns=40553055004213 update_cpu_ns=13152011 final=0
K230_CARD_BENCH v=1 run=40540528485118 event=submit input_id=301 frame_id=452 t_ns=40553055004213 update_cpu_ns=13152011 final=0
K230_CARD_BENCH v=1 run=40540528485118 event=submit input_id=300 frame_id=452 t_ns=40553055004213 update_cpu_ns=13152011 final=0
K230_CARD_BENCH v=1 run=40540528485118 event=present frame_id=451 t_ns=40553041748000 presented=1 clock=monotonic
K230_CARD_BENCH v=1 run=40540528485118 event=input input_id=302 gesture_id=15 kind=motion t_ns=40553037190899 source=injected
K230_CARD_SHELL state mode=2 actions=1 message=0 cards=1
K230_CARD_BENCH v=1 run=40540528485118 event=input input_id=301 gesture_id=15 kind=motion t_ns=40553035164661 source=injected
K230_CARD_SHELL state mode=2 actions=1 message=0 cards=1
K230_CARD_BENCH v=1 run=40540528485118 event=input input_id=300 gesture_id=15 kind=motion t_ns=40553034247146 source=injected
K230_CARD_SHELL state mode=2 actions=1 message=0 cards=1
K230_CARD_SHELL frame-cost run=40540528485118 frame_id=451 total_cpu_ns=14070211 render_cpu_ns=12916621 input_cpu_ns=907851
K230_CARD_BENCH v=1 run=40540528485118 event=submit input_id=299 frame_id=451 t_ns=40553031233681 update_cpu_ns=14070211 final=0
K230_CARD_BENCH v=1 run=40540528485118 event=submit input_id=298 frame_id=451 t_ns=40553031233681 update_cpu_ns=14070211 final=0
K230_CARD_BENCH v=1 run=40540528485118 event=submit input_id=297 frame_id=451 t_ns=40553031233681 update_cpu_ns=14070211 final=0
K230_CARD_BENCH v=1 run=40540528485118 event=present frame_id=450 t_ns=40553003422000 presented=1 clock=monotonic
K230_CARD_BENCH v=1 run=40540528485118 event=input input_id=299 gesture_id=15 kind=motion t_ns=40553009035519 source=injected
K230_CARD_SHELL state mode=2 actions=1 message=0 cards=1
K230_CARD_BENCH v=1 run=40540528485118 event=input input_id=298 gesture_id=15 kind=motion t_ns=40553008530978 source=injected
K230_CARD_SHELL state mode=2 actions=1 message=0 cards=1
K230_CARD_BENCH v=1 run=40540528485118 event=input input_id=297 gesture_id=15 kind=motion t_ns=40553001919461 source=injected
K230_CARD_SHELL state mode=2 actions=1 message=0 cards=1
K230_CARD_SHELL frame-cost run=40540528485118 frame_id=450 total_cpu_ns=15968766 render_cpu_ns=14152437 input_cpu_ns=1609924
K230_CARD_BENCH v=1 run=40540528485118 event=submit input_id=296 frame_id=450 t_ns=40553000979425 update_cpu_ns=15968766 final=0
K230_CARD_BENCH v=1 run=40540528485118 event=submit input_id=295 frame_id=450 t_ns=40553000979425 update_cpu_ns=15968766 final=0
K230_CARD_BENCH v=1 run=40540528485118 event=submit input_id=294 frame_id=450 t_ns=40553000979425 update_cpu_ns=15968766 final=0
K230_CARD_BENCH v=1 run=40540528485118 event=submit input_id=293 frame_id=450 t_ns=40553000979425 update_cpu_ns=15968766 final=0
K230_CARD_BENCH v=1 run=40540528485118 event=submit input_id=292 frame_id=450 t_ns=40553000979425 update_cpu_ns=15968766 final=0
K230_CARD_BENCH v=1 run=40540528485118 event=present frame_id=449 t_ns=40552984258000 presented=1 clock=monotonic
K230_CARD_BENCH v=1 run=40540528485118 event=input input_id=296 gesture_id=15 kind=motion t_ns=40552978215233 source=injected
K230_CARD_SHELL state mode=2 actions=1 message=0 cards=1
K230_CARD_BENCH v=1 run=40540528485118 event=input input_id=295 gesture_id=15 kind=motion t_ns=40552976883558 source=injected
K230_CARD_SHELL state mode=2 actions=1 message=0 cards=1
K230_CARD_BENCH v=1 run=40540528485118 event=input input_id=294 gesture_id=15 kind=motion t_ns=40552976447581 source=injected
K230_CARD_SHELL state mode=2 actions=1 message=0 cards=1
K230_CARD_BENCH v=1 run=40540528485118 event=input input_id=293 gesture_id=15 kind=motion t_ns=40552973985144 source=injected
K230_CARD_SHELL state mode=2 actions=1 message=0 cards=1
K230_CARD_BENCH v=1 run=40540528485118 event=input input_id=292 gesture_id=15 kind=motion t_ns=40552972182488 source=injected
K230_CARD_SHELL state mode=2 actions=1 message=0 cards=1
K230_CARD_BENCH v=1 run=40540528485118 event=present frame_id=448 t_ns=40552945931000 presented=1 clock=monotonic
K230_CARD_SHELL frame-cost run=40540528485118 frame_id=448 total_cpu_ns=15240001 render_cpu_ns=14003371 input_cpu_ns=1030112
K230_CARD_BENCH v=1 run=40540528485118 event=submit input_id=291 frame_id=448 t_ns=40552942612163 update_cpu_ns=15240001 final=0
K230_CARD_BENCH v=1 run=40540528485118 event=submit input_id=290 frame_id=448 t_ns=40552942612163 update_cpu_ns=15240001 final=0
K230_CARD_BENCH v=1 run=40540528485118 event=submit input_id=289 frame_id=448 t_ns=40552942612163 update_cpu_ns=15240001 final=0
K230_CARD_BENCH v=1 run=40540528485118 event=submit input_id=288 frame_id=448 t_ns=40552942612163 update_cpu_ns=15240001 final=0
K230_CARD_BENCH v=1 run=40540528485118 event=present frame_id=447 t_ns=40552926767000 presented=1 clock=monotonic
K230_CARD_BENCH v=1 run=40540528485118 event=input input_id=291 gesture_id=15 kind=motion t_ns=40552924879266 source=injected
K230_CARD_SHELL state mode=2 actions=1 message=0 cards=1
K230_CARD_BENCH v=1 run=40540528485118 event=input input_id=290 gesture_id=15 kind=motion t_ns=40552918947866 source=injected
K230_CARD_SHELL state mode=2 actions=1 message=0 cards=1
K230_CARD_BENCH v=1 run=40540528485118 event=input input_id=289 gesture_id=15 kind=motion t_ns=40552918683872 source=injected
K230_CARD_SHELL state mode=2 actions=1 message=0 cards=1
K230_CARD_BENCH v=1 run=40540528485118 event=input input_id=288 gesture_id=15 kind=motion t_ns=40552918317422 source=injected
K230_CARD_SHELL state mode=2 actions=1 message=0 cards=1
K230_CARD_SHELL frame-cost run=40540528485118 frame_id=447 total_cpu_ns=14750304 render_cpu_ns=14162417 input_cpu_ns=443369
K230_CARD_BENCH v=1 run=40540528485118 event=submit input_id=287 frame_id=447 t_ns=40552915948143 update_cpu_ns=14750304 final=0
K230_CARD_BENCH v=1 run=40540528485118 event=submit input_id=286 frame_id=447 t_ns=40552915948143 update_cpu_ns=14750304 final=0
K230_CARD_BENCH v=1 run=40540528485118 event=present frame_id=446 t_ns=40552888442000 presented=1 clock=monotonic
K230_CARD_BENCH v=1 run=40540528485118 event=input input_id=287 gesture_id=15 kind=motion t_ns=40552892437642 source=injected
K230_CARD_SHELL state mode=2 actions=1 message=0 cards=1
K230_CARD_BENCH v=1 run=40540528485118 event=input input_id=286 gesture_id=15 kind=motion t_ns=40552888412243 source=injected
K230_CARD_SHELL state mode=2 actions=1 message=0 cards=1
K230_CARD_SHELL frame-cost run=40540528485118 frame_id=446 total_cpu_ns=14985562 render_cpu_ns=14249674 input_cpu_ns=608703
K230_CARD_BENCH v=1 run=40540528485118 event=submit input_id=285 frame_id=446 t_ns=40552885230203 update_cpu_ns=14985562 final=0
K230_CARD_BENCH v=1 run=40540528485118 event=submit input_id=284 frame_id=446 t_ns=40552885230203 update_cpu_ns=14985562 final=0
K230_CARD_BENCH v=1 run=40540528485118 event=present frame_id=445 t_ns=40552869276000 presented=1 clock=monotonic
K230_CARD_BENCH v=1 run=40540528485118 event=input input_id=285 gesture_id=15 kind=motion t_ns=40552864844772 source=injected
K230_CARD_SHELL state mode=2 actions=1 message=0 cards=1
K230_CARD_BENCH v=1 run=40540528485118 event=input input_id=284 gesture_id=15 kind=motion t_ns=40552859162142 source=injected
K230_CARD_SHELL state mode=2 actions=1 message=0 cards=1
K230_CARD_SHELL state mode=2 actions=1 message=0 cards=1
K230_CARD_BENCH v=1 run=40540528485118 event=present frame_id=444 t_ns=40552830948000 presented=1 clock=monotonic
K230_CARD_BENCH v=1 run=40540528485118 event=present frame_id=443 t_ns=40552811786000 presented=1 clock=monotonic
K230_CARD_SHELL live cards=1 commits=288 sampled=574 frame-done=574 output-presented=287
K230_CARD_BENCH v=1 run=40540528485118 event=present frame_id=442 t_ns=40552773458000 presented=1 clock=monotonic
K230_CARD_BENCH v=1 run=40540528485118 event=present frame_id=441 t_ns=40552754295000 presented=1 clock=monotonic
K230_CARD_BENCH v=1 run=40540528485118 event=present frame_id=440 t_ns=40552715969000 presented=1 clock=monotonic
K230_CARD_BENCH v=1 run=40540528485118 event=resource phase=active t_ns=40552716324264 cpu_ns=10935968000 memory_bytes=19685376 scope=session
K230_CARD_BENCH v=1 run=40540528485118 event=resource phase=active t_ns=40552716324264 cpu_ns=6312990196 memory_bytes=27557888 scope=compositor
K230_CARD_BENCH v=1 run=40540528485118 event=present frame_id=439 t_ns=40552677642000 presented=1 clock=monotonic
K230_CARD_BENCH v=1 run=40540528485118 event=present frame_id=438 t_ns=40552639313000 presented=1 clock=monotonic
K230_CARD_BENCH v=1 run=40540528485118 event=present frame_id=437 t_ns=40552620152000 presented=1 clock=monotonic
K230_CARD_BENCH v=1 run=40540528485118 event=present frame_id=436 t_ns=40552581825000 presented=1 clock=monotonic
K230_CARD_BENCH v=1 run=40540528485118 event=present frame_id=435 t_ns=40552562661000 presented=1 clock=monotonic
K230_CARD_SHELL frame-cost run=40540528485118 frame_id=435 total_cpu_ns=16037263 render_cpu_ns=14070853 input_cpu_ns=1717263
K230_CARD_BENCH v=1 run=40540528485118 event=submit input_id=283 frame_id=435 t_ns=40552553153513 update_cpu_ns=16037263 final=1
K230_CARD_BENCH v=1 run=40540528485118 event=submit input_id=282 frame_id=435 t_ns=40552553153513 update_cpu_ns=16037263 final=0
K230_CARD_BENCH v=1 run=40540528485118 event=submit input_id=281 frame_id=435 t_ns=40552553153513 update_cpu_ns=16037263 final=0
K230_CARD_BENCH v=1 run=40540528485118 event=submit input_id=280 frame_id=435 t_ns=40552553153513 update_cpu_ns=16037263 final=0
K230_CARD_BENCH v=1 run=40540528485118 event=present frame_id=434 t_ns=40552524335000 presented=1 clock=monotonic
K230_CARD_BENCH v=1 run=40540528485118 event=input input_id=283 gesture_id=14 kind=release t_ns=40552527721253 source=injected
K230_CARD_SHELL state mode=1 actions=1 message=0 cards=1
K230_CARD_BENCH v=1 run=40540528485118 event=input input_id=282 gesture_id=14 kind=motion t_ns=40552527194785 source=injected
K230_CARD_SHELL state mode=2 actions=1 message=0 cards=1
K230_CARD_BENCH v=1 run=40540528485118 event=input input_id=281 gesture_id=14 kind=motion t_ns=40552526608420 source=injected
K230_CARD_SHELL state mode=2 actions=1 message=0 cards=1
K230_CARD_BENCH v=1 run=40540528485118 event=input input_id=280 gesture_id=14 kind=motion t_ns=40552525990607 source=injected
K230_CARD_SHELL state mode=2 actions=1 message=0 cards=1
K230_CARD_SHELL frame-cost run=40540528485118 frame_id=434 total_cpu_ns=14166919 render_cpu_ns=12755661 input_cpu_ns=1206961
K230_CARD_BENCH v=1 run=40540528485118 event=submit input_id=279 frame_id=434 t_ns=40552519974758 update_cpu_ns=14166919 final=0
K230_CARD_BENCH v=1 run=40540528485118 event=submit input_id=278 frame_id=434 t_ns=40552519974758 update_cpu_ns=14166919 final=0
K230_CARD_BENCH v=1 run=40540528485118 event=submit input_id=277 frame_id=434 t_ns=40552519974758 update_cpu_ns=14166919 final=0
K230_CARD_BENCH v=1 run=40540528485118 event=present frame_id=433 t_ns=40552505173000 presented=1 clock=monotonic
K230_CARD_BENCH v=1 run=40540528485118 event=input input_id=279 gesture_id=14 kind=motion t_ns=40552498984572 source=injected
K230_CARD_SHELL state mode=2 actions=1 message=0 cards=1
K230_CARD_BENCH v=1 run=40540528485118 event=input input_id=278 gesture_id=14 kind=motion t_ns=40552497165693 source=injected
K230_CARD_SHELL state mode=2 actions=1 message=0 cards=1
K230_CARD_BENCH v=1 run=40540528485118 event=input input_id=277 gesture_id=14 kind=motion t_ns=40552496625223 source=injected
K230_CARD_SHELL state mode=2 actions=1 message=0 cards=1
K230_CARD_SHELL frame-cost run=40540528485118 frame_id=433 total_cpu_ns=14712854 render_cpu_ns=13757114 input_cpu_ns=751444
K230_CARD_BENCH v=1 run=40540528485118 event=submit input_id=276 frame_id=433 t_ns=40552493785114 update_cpu_ns=14712854 final=0
K230_CARD_BENCH v=1 run=40540528485118 event=submit input_id=275 frame_id=433 t_ns=40552493785114 update_cpu_ns=14712854 final=0
K230_CARD_BENCH v=1 run=40540528485118 event=present frame_id=432 t_ns=40552466845000 presented=1 clock=monotonic
K230_CARD_BENCH v=1 run=40540528485118 event=input input_id=276 gesture_id=14 kind=motion t_ns=40552468331704 source=injected
K230_CARD_SHELL state mode=2 actions=1 message=0 cards=1
K230_CARD_BENCH v=1 run=40540528485118 event=input input_id=275 gesture_id=14 kind=motion t_ns=40552464423249 source=injected
K230_CARD_SHELL state mode=2 actions=1 message=0 cards=1
K230_CARD_SHELL frame-cost run=40540528485118 frame_id=432 total_cpu_ns=16470765 render_cpu_ns=14206844 input_cpu_ns=1974291
K230_CARD_BENCH v=1 run=40540528485118 event=submit input_id=274 frame_id=432 t_ns=40552463394648 update_cpu_ns=16470765 final=0
K230_CARD_BENCH v=1 run=40540528485118 event=submit input_id=273 frame_id=432 t_ns=40552463394648 update_cpu_ns=16470765 final=0
K230_CARD_BENCH v=1 run=40540528485118 event=submit input_id=272 frame_id=432 t_ns=40552463394648 update_cpu_ns=16470765 final=0
K230_CARD_BENCH v=1 run=40540528485118 event=submit input_id=271 frame_id=432 t_ns=40552463394648 update_cpu_ns=16470765 final=0
K230_CARD_BENCH v=1 run=40540528485118 event=submit input_id=270 frame_id=432 t_ns=40552463394648 update_cpu_ns=16470765 final=0
K230_CARD_BENCH v=1 run=40540528485118 event=submit input_id=269 frame_id=432 t_ns=40552463394648 update_cpu_ns=16470765 final=0
K230_CARD_BENCH v=1 run=40540528485118 event=present frame_id=431 t_ns=40552447680000 presented=1 clock=monotonic
K230_CARD_BENCH v=1 run=40540528485118 event=input input_id=274 gesture_id=14 kind=motion t_ns=40552445500007 source=injected
K230_CARD_SHELL state mode=2 actions=1 message=0 cards=1
K230_CARD_BENCH v=1 run=40540528485118 event=input input_id=273 gesture_id=14 kind=motion t_ns=40552440482867 source=injected
K230_CARD_SHELL state mode=2 actions=1 message=0 cards=1
K230_CARD_BENCH v=1 run=40540528485118 event=input input_id=272 gesture_id=14 kind=motion t_ns=40552438979581 source=injected
K230_CARD_SHELL state mode=2 actions=1 message=0 cards=1
K230_CARD_BENCH v=1 run=40540528485118 event=input input_id=271 gesture_id=14 kind=motion t_ns=40552438577645 source=injected
K230_CARD_SHELL state mode=2 actions=1 message=0 cards=1
K230_CARD_BENCH v=1 run=40540528485118 event=input input_id=270 gesture_id=14 kind=motion t_ns=40552437517373 source=injected
K230_CARD_SHELL state mode=2 actions=1 message=0 cards=1
K230_CARD_BENCH v=1 run=40540528485118 event=input input_id=269 gesture_id=14 kind=motion t_ns=40552436413726 source=injected
K230_CARD_SHELL state mode=2 actions=1 message=0 cards=1
K230_CARD_BENCH v=1 run=40540528485118 event=present frame_id=430 t_ns=40552409355000 presented=1 clock=monotonic
K230_CARD_SHELL frame-cost run=40540528485118 frame_id=430 total_cpu_ns=15487000 render_cpu_ns=14167556 input_cpu_ns=1036113
K230_CARD_BENCH v=1 run=40540528485118 event=submit input_id=268 frame_id=430 t_ns=40552406132865 update_cpu_ns=15487000 final=0
K230_CARD_BENCH v=1 run=40540528485118 event=submit input_id=267 frame_id=430 t_ns=40552406132865 update_cpu_ns=15487000 final=0
K230_CARD_BENCH v=1 run=40540528485118 event=submit input_id=266 frame_id=430 t_ns=40552406132865 update_cpu_ns=15487000 final=0
K230_CARD_BENCH v=1 run=40540528485118 event=submit input_id=265 frame_id=430 t_ns=40552406132865 update_cpu_ns=15487000 final=0
K230_CARD_BENCH v=1 run=40540528485118 event=present frame_id=429 t_ns=40552390190000 presented=1 clock=monotonic
K230_CARD_BENCH v=1 run=40540528485118 event=input input_id=268 gesture_id=14 kind=motion t_ns=40552385470680 source=injected
K230_CARD_SHELL state mode=2 actions=1 message=0 cards=1
K230_CARD_BENCH v=1 run=40540528485118 event=input input_id=267 gesture_id=14 kind=motion t_ns=40552382119438 source=injected
K230_CARD_SHELL state mode=2 actions=1 message=0 cards=1
K230_CARD_BENCH v=1 run=40540528485118 event=input input_id=266 gesture_id=14 kind=motion t_ns=40552380871144 source=injected
K230_CARD_SHELL state mode=2 actions=1 message=0 cards=1
K230_CARD_BENCH v=1 run=40540528485118 event=input input_id=265 gesture_id=14 kind=motion t_ns=40552380540624 source=injected
K230_CARD_SHELL state mode=2 actions=1 message=0 cards=1
K230_CARD_SHELL frame-cost run=40540528485118 frame_id=429 total_cpu_ns=14717309 render_cpu_ns=14137643 input_cpu_ns=393407
K230_CARD_BENCH v=1 run=40540528485118 event=submit input_id=264 frame_id=429 t_ns=40552377667882 update_cpu_ns=14717309 final=0
K230_CARD_BENCH v=1 run=40540528485118 event=submit input_id=263 frame_id=429 t_ns=40552377667882 update_cpu_ns=14717309 final=0
K230_CARD_BENCH v=1 run=40540528485118 event=present frame_id=428 t_ns=40552351863000 presented=1 clock=monotonic
K230_CARD_BENCH v=1 run=40540528485118 event=input input_id=264 gesture_id=14 kind=motion t_ns=40552352352784 source=injected
K230_CARD_SHELL state mode=2 actions=1 message=0 cards=1
K230_CARD_BENCH v=1 run=40540528485118 event=input input_id=263 gesture_id=14 kind=motion t_ns=40552349595908 source=injected
K230_CARD_SHELL state mode=2 actions=1 message=0 cards=1
K230_CARD_BENCH v=1 run=40540528485118 event=present frame_id=427 t_ns=40552332699000 presented=1 clock=monotonic
K230_CARD_SHELL state mode=2 actions=1 message=0 cards=1
K230_CARD_BENCH v=1 run=40540528485118 event=present frame_id=426 t_ns=40552294371000 presented=1 clock=monotonic
K230_CARD_BENCH v=1 run=40540528485118 event=present frame_id=425 t_ns=40552275209000 presented=1 clock=monotonic
K230_CARD_BENCH v=1 run=40540528485118 event=present frame_id=424 t_ns=40552236882000 presented=1 clock=monotonic
K230_CARD_BENCH v=1 run=40540528485118 event=present frame_id=423 t_ns=40552217719000 presented=1 clock=monotonic
K230_CARD_BENCH v=1 run=40540528485118 event=present frame_id=422 t_ns=40552179392000 presented=1 clock=monotonic
K230_CARD_BENCH v=1 run=40540528485118 event=present frame_id=421 t_ns=40552160255000 presented=1 clock=monotonic
K230_CARD_BENCH v=1 run=40540528485118 event=present frame_id=420 t_ns=40552102737000 presented=1 clock=monotonic
K230_CARD_BENCH v=1 run=40540528485118 event=present frame_id=419 t_ns=40552083574000 presented=1 clock=monotonic
K230_CARD_BENCH v=1 run=40540528485118 event=present frame_id=418 t_ns=40552045247000 presented=1 clock=monotonic
K230_CARD_SHELL frame-cost run=40540528485118 frame_id=418 total_cpu_ns=15278164 render_cpu_ns=14182940 input_cpu_ns=864593
K230_CARD_BENCH v=1 run=40540528485118 event=submit input_id=262 frame_id=418 t_ns=40552041807937 update_cpu_ns=15278164 final=1
K230_CARD_BENCH v=1 run=40540528485118 event=submit input_id=261 frame_id=418 t_ns=40552041807937 update_cpu_ns=15278164 final=0
K230_CARD_BENCH v=1 run=40540528485118 event=submit input_id=260 frame_id=418 t_ns=40552041807937 update_cpu_ns=15278164 final=0
K230_CARD_BENCH v=1 run=40540528485118 event=present frame_id=417 t_ns=40552026084000 presented=1 clock=monotonic
K230_CARD_BENCH v=1 run=40540528485118 event=input input_id=262 gesture_id=13 kind=release t_ns=40552016509026 source=injected
K230_CARD_SHELL state mode=1 actions=1 message=0 cards=1
K230_CARD_BENCH v=1 run=40540528485118 event=input input_id=261 gesture_id=13 kind=motion t_ns=40552014593247 source=injected
K230_CARD_SHELL state mode=2 actions=1 message=0 cards=1
K230_CARD_BENCH v=1 run=40540528485118 event=input input_id=260 gesture_id=13 kind=motion t_ns=40552014175643 source=injected
K230_CARD_SHELL state mode=2 actions=1 message=0 cards=1
K230_CARD_SHELL frame-cost run=40540528485118 frame_id=417 total_cpu_ns=12995198 render_cpu_ns=12169643 input_cpu_ns=639888
K230_CARD_BENCH v=1 run=40540528485118 event=submit input_id=259 frame_id=417 t_ns=40552012294905 update_cpu_ns=12995198 final=0
K230_CARD_BENCH v=1 run=40540528485118 event=submit input_id=258 frame_id=417 t_ns=40552012294905 update_cpu_ns=12995198 final=0
K230_CARD_BENCH v=1 run=40540528485118 event=present frame_id=416 t_ns=40551987758000 presented=1 clock=monotonic
K230_CARD_BENCH v=1 run=40540528485118 event=input input_id=259 gesture_id=13 kind=motion t_ns=40551988186615 source=injected
K230_CARD_SHELL state mode=2 actions=1 message=0 cards=1
K230_CARD_BENCH v=1 run=40540528485118 event=input input_id=258 gesture_id=13 kind=motion t_ns=40551984481072 source=injected
K230_CARD_SHELL state mode=2 actions=1 message=0 cards=1
K230_CARD_SHELL frame-cost run=40540528485118 frame_id=416 total_cpu_ns=15055808 render_cpu_ns=12822660 input_cpu_ns=1938777
K230_CARD_BENCH v=1 run=40540528485118 event=submit input_id=257 frame_id=416 t_ns=40551983421504 update_cpu_ns=15055808 final=0
K230_CARD_BENCH v=1 run=40540528485118 event=submit input_id=256 frame_id=416 t_ns=40551983421504 update_cpu_ns=15055808 final=0
K230_CARD_BENCH v=1 run=40540528485118 event=submit input_id=255 frame_id=416 t_ns=40551983421504 update_cpu_ns=15055808 final=0
K230_CARD_BENCH v=1 run=40540528485118 event=submit input_id=254 frame_id=416 t_ns=40551983421504 update_cpu_ns=15055808 final=0
K230_CARD_BENCH v=1 run=40540528485118 event=submit input_id=253 frame_id=416 t_ns=40551983421504 update_cpu_ns=15055808 final=0
K230_CARD_BENCH v=1 run=40540528485118 event=submit input_id=252 frame_id=416 t_ns=40551983421504 update_cpu_ns=15055808 final=0
K230_CARD_BENCH v=1 run=40540528485118 event=present frame_id=415 t_ns=40551968593000 presented=1 clock=monotonic
K230_CARD_BENCH v=1 run=40540528485118 event=input input_id=257 gesture_id=13 kind=motion t_ns=40551964628352 source=injected
K230_CARD_SHELL state mode=2 actions=1 message=0 cards=1
K230_CARD_BENCH v=1 run=40540528485118 event=input input_id=256 gesture_id=13 kind=motion t_ns=40551961162504 source=injected
K230_CARD_SHELL state mode=2 actions=1 message=0 cards=1
K230_CARD_BENCH v=1 run=40540528485118 event=input input_id=255 gesture_id=13 kind=motion t_ns=40551959610953 source=injected
K230_CARD_SHELL state mode=2 actions=1 message=0 cards=1
K230_CARD_BENCH v=1 run=40540528485118 event=input input_id=254 gesture_id=13 kind=motion t_ns=40551959232760 source=injected
K230_CARD_SHELL state mode=2 actions=1 message=0 cards=1
K230_CARD_BENCH v=1 run=40540528485118 event=input input_id=253 gesture_id=13 kind=motion t_ns=40551958226569 source=injected
K230_CARD_SHELL state mode=2 actions=1 message=0 cards=1
K230_CARD_BENCH v=1 run=40540528485118 event=input input_id=252 gesture_id=13 kind=motion t_ns=40551957094178 source=injected
K230_CARD_SHELL state mode=2 actions=1 message=0 cards=1
K230_CARD_BENCH v=1 run=40540528485118 event=present frame_id=414 t_ns=40551930267000 presented=1 clock=monotonic
K230_CARD_SHELL frame-cost run=40540528485118 frame_id=414 total_cpu_ns=15914024 render_cpu_ns=13976616 input_cpu_ns=1637893
K230_CARD_BENCH v=1 run=40540528485118 event=submit input_id=251 frame_id=414 t_ns=40551926649334 update_cpu_ns=15914024 final=0
K230_CARD_BENCH v=1 run=40540528485118 event=submit input_id=250 frame_id=414 t_ns=40551926649334 update_cpu_ns=15914024 final=0
K230_CARD_BENCH v=1 run=40540528485118 event=submit input_id=249 frame_id=414 t_ns=40551926649334 update_cpu_ns=15914024 final=0
K230_CARD_BENCH v=1 run=40540528485118 event=submit input_id=248 frame_id=414 t_ns=40551926649334 update_cpu_ns=15914024 final=0
K230_CARD_BENCH v=1 run=40540528485118 event=submit input_id=247 frame_id=414 t_ns=40551926649334 update_cpu_ns=15914024 final=0
K230_CARD_BENCH v=1 run=40540528485118 event=submit input_id=246 frame_id=414 t_ns=40551926649334 update_cpu_ns=15914024 final=0
K230_CARD_BENCH v=1 run=40540528485118 event=present frame_id=413 t_ns=40551911103000 presented=1 clock=monotonic
K230_CARD_BENCH v=1 run=40540528485118 event=input input_id=251 gesture_id=13 kind=motion t_ns=40551904724187 source=injected
K230_CARD_SHELL state mode=2 actions=1 message=0 cards=1
K230_CARD_BENCH v=1 run=40540528485118 event=input input_id=250 gesture_id=13 kind=motion t_ns=40551902658132 source=injected
K230_CARD_SHELL state mode=2 actions=1 message=0 cards=1
K230_CARD_BENCH v=1 run=40540528485118 event=input input_id=249 gesture_id=13 kind=motion t_ns=40551901065391 source=injected
K230_CARD_SHELL state mode=2 actions=1 message=0 cards=1
K230_CARD_BENCH v=1 run=40540528485118 event=input input_id=248 gesture_id=13 kind=motion t_ns=40551900736575 source=injected
K230_CARD_SHELL state mode=2 actions=1 message=0 cards=1
K230_CARD_BENCH v=1 run=40540528485118 event=input input_id=247 gesture_id=13 kind=motion t_ns=40551899561697 source=injected
K230_CARD_SHELL state mode=2 actions=1 message=0 cards=1
K230_CARD_BENCH v=1 run=40540528485118 event=input input_id=246 gesture_id=13 kind=motion t_ns=40551898949885 source=injected
K230_CARD_SHELL state mode=2 actions=1 message=0 cards=1
K230_CARD_BENCH v=1 run=40540528485118 event=present frame_id=412 t_ns=40551872777000 presented=1 clock=monotonic
K230_CARD_SHELL frame-cost run=40540528485118 frame_id=412 total_cpu_ns=15707283 render_cpu_ns=14409058 input_cpu_ns=1100668
K230_CARD_BENCH v=1 run=40540528485118 event=submit input_id=245 frame_id=412 t_ns=40551870028701 update_cpu_ns=15707283 final=0
K230_CARD_BENCH v=1 run=40540528485118 event=submit input_id=244 frame_id=412 t_ns=40551870028701 update_cpu_ns=15707283 final=0
K230_CARD_BENCH v=1 run=40540528485118 event=submit input_id=243 frame_id=412 t_ns=40551870028701 update_cpu_ns=15707283 final=0
K230_CARD_BENCH v=1 run=40540528485118 event=submit input_id=242 frame_id=412 t_ns=40551870028701 update_cpu_ns=15707283 final=0
K230_CARD_BENCH v=1 run=40540528485118 event=present frame_id=411 t_ns=40551853613000 presented=1 clock=monotonic
K230_CARD_BENCH v=1 run=40540528485118 event=input input_id=245 gesture_id=13 kind=motion t_ns=40551848336247 source=injected
K230_CARD_SHELL state mode=2 actions=1 message=0 cards=1
K230_CARD_BENCH v=1 run=40540528485118 event=input input_id=244 gesture_id=13 kind=motion t_ns=40551847081101 source=injected
K230_CARD_SHELL state mode=2 actions=1 message=0 cards=1
K230_CARD_BENCH v=1 run=40540528485118 event=input input_id=243 gesture_id=13 kind=motion t_ns=40551845301560 source=injected
K230_CARD_SHELL state mode=2 actions=1 message=0 cards=1
K230_CARD_BENCH v=1 run=40540528485118 event=input input_id=242 gesture_id=13 kind=motion t_ns=40551842990625 source=injected
K230_CARD_SHELL state mode=2 actions=1 message=0 cards=1
K230_CARD_SHELL state mode=2 actions=1 message=0 cards=1
K230_CARD_BENCH v=1 run=40540528485118 event=present frame_id=410 t_ns=40551815286000 presented=1 clock=monotonic
K230_CARD_BENCH v=1 run=40540528485118 event=present frame_id=409 t_ns=40551796123000 presented=1 clock=monotonic
K230_CARD_BENCH v=1 run=40540528485118 event=present frame_id=408 t_ns=40551757795000 presented=1 clock=monotonic
K230_CARD_BENCH v=1 run=40540528485118 event=present frame_id=407 t_ns=40551738632000 presented=1 clock=monotonic
K230_CARD_BENCH v=1 run=40540528485118 event=present frame_id=406 t_ns=40551700307000 presented=1 clock=monotonic
K230_CARD_BENCH v=1 run=40540528485118 event=resource phase=active t_ns=40551700167192 cpu_ns=10245069000 memory_bytes=19685376 scope=session
K230_CARD_BENCH v=1 run=40540528485118 event=resource phase=active t_ns=40551700167192 cpu_ns=5787633789 memory_bytes=27557888 scope=compositor
K230_CARD_BENCH v=1 run=40540528485118 event=present frame_id=405 t_ns=40551681142000 presented=1 clock=monotonic
K230_CARD_BENCH v=1 run=40540528485118 event=present frame_id=404 t_ns=40551642813000 presented=1 clock=monotonic
K230_CARD_BENCH v=1 run=40540528485118 event=present frame_id=403 t_ns=40551623652000 presented=1 clock=monotonic
K230_CARD_BENCH v=1 run=40540528485118 event=present frame_id=402 t_ns=40551566162000 presented=1 clock=monotonic
K230_CARD_BENCH v=1 run=40540528485118 event=present frame_id=401 t_ns=40551527834000 presented=1 clock=monotonic
K230_CARD_SHELL frame-cost run=40540528485118 frame_id=401 total_cpu_ns=15763320 render_cpu_ns=14213803 input_cpu_ns=1269257
K230_CARD_BENCH v=1 run=40540528485118 event=submit input_id=241 frame_id=401 t_ns=40551517428998 update_cpu_ns=15763320 final=1
K230_CARD_BENCH v=1 run=40540528485118 event=submit input_id=240 frame_id=401 t_ns=40551517428998 update_cpu_ns=15763320 final=0
K230_CARD_BENCH v=1 run=40540528485118 event=submit input_id=239 frame_id=401 t_ns=40551517428998 update_cpu_ns=15763320 final=0
K230_CARD_BENCH v=1 run=40540528485118 event=present frame_id=400 t_ns=40551489509000 presented=1 clock=monotonic
K230_CARD_BENCH v=1 run=40540528485118 event=input input_id=241 gesture_id=12 kind=release t_ns=40551490169774 source=injected
K230_CARD_SHELL state mode=1 actions=1 message=0 cards=1
K230_CARD_BENCH v=1 run=40540528485118 event=input input_id=240 gesture_id=12 kind=motion t_ns=40551489597856 source=injected
K230_CARD_SHELL state mode=2 actions=1 message=0 cards=1
K230_CARD_BENCH v=1 run=40540528485118 event=input input_id=239 gesture_id=12 kind=motion t_ns=40551488343748 source=injected
K230_CARD_SHELL state mode=2 actions=1 message=0 cards=1
K230_CARD_SHELL frame-cost run=40540528485118 frame_id=400 total_cpu_ns=15116593 render_cpu_ns=12452482 input_cpu_ns=2468703
K230_CARD_BENCH v=1 run=40540528485118 event=submit input_id=238 frame_id=400 t_ns=40551484831231 update_cpu_ns=15116593 final=0
K230_CARD_BENCH v=1 run=40540528485118 event=submit input_id=237 frame_id=400 t_ns=40551484831231 update_cpu_ns=15116593 final=0
K230_CARD_BENCH v=1 run=40540528485118 event=submit input_id=236 frame_id=400 t_ns=40551484831231 update_cpu_ns=15116593 final=0
K230_CARD_BENCH v=1 run=40540528485118 event=submit input_id=235 frame_id=400 t_ns=40551484831231 update_cpu_ns=15116593 final=0
K230_CARD_BENCH v=1 run=40540528485118 event=submit input_id=234 frame_id=400 t_ns=40551484831231 update_cpu_ns=15116593 final=0
K230_CARD_BENCH v=1 run=40540528485118 event=present frame_id=399 t_ns=40551470344000 presented=1 clock=monotonic
K230_CARD_BENCH v=1 run=40540528485118 event=input input_id=238 gesture_id=12 kind=motion t_ns=40551466418140 source=injected
K230_CARD_SHELL state mode=2 actions=1 message=0 cards=1
K230_CARD_BENCH v=1 run=40540528485118 event=input input_id=237 gesture_id=12 kind=motion t_ns=40551465715318 source=injected
K230_CARD_SHELL state mode=2 actions=1 message=0 cards=1
K230_CARD_BENCH v=1 run=40540528485118 event=input input_id=236 gesture_id=12 kind=motion t_ns=40551463661821 source=injected
K230_CARD_SHELL state mode=2 actions=1 message=0 cards=1
K230_CARD_BENCH v=1 run=40540528485118 event=input input_id=235 gesture_id=12 kind=motion t_ns=40551461985553 source=injected
K230_CARD_SHELL state mode=2 actions=1 message=0 cards=1
K230_CARD_BENCH v=1 run=40540528485118 event=input input_id=234 gesture_id=12 kind=motion t_ns=40551459402292 source=injected
K230_CARD_SHELL state mode=2 actions=1 message=0 cards=1
K230_CARD_BENCH v=1 run=40540528485118 event=present frame_id=398 t_ns=40551432054000 presented=1 clock=monotonic
K230_CARD_SHELL frame-cost run=40540528485118 frame_id=398 total_cpu_ns=16830984 render_cpu_ns=14235468 input_cpu_ns=2260925
K230_CARD_BENCH v=1 run=40540528485118 event=submit input_id=233 frame_id=398 t_ns=40551429033523 update_cpu_ns=16830984 final=0
K230_CARD_BENCH v=1 run=40540528485118 event=submit input_id=232 frame_id=398 t_ns=40551429033523 update_cpu_ns=16830984 final=0
K230_CARD_BENCH v=1 run=40540528485118 event=submit input_id=231 frame_id=398 t_ns=40551429033523 update_cpu_ns=16830984 final=0
K230_CARD_BENCH v=1 run=40540528485118 event=submit input_id=230 frame_id=398 t_ns=40551429033523 update_cpu_ns=16830984 final=0
K230_CARD_BENCH v=1 run=40540528485118 event=submit input_id=229 frame_id=398 t_ns=40551429033523 update_cpu_ns=16830984 final=0
K230_CARD_BENCH v=1 run=40540528485118 event=submit input_id=228 frame_id=398 t_ns=40551429033523 update_cpu_ns=16830984 final=0
K230_CARD_BENCH v=1 run=40540528485118 event=present frame_id=397 t_ns=40551412855000 presented=1 clock=monotonic
K230_CARD_BENCH v=1 run=40540528485118 event=input input_id=233 gesture_id=12 kind=motion t_ns=40551411133417 source=injected
K230_CARD_SHELL state mode=2 actions=1 message=0 cards=1
K230_CARD_BENCH v=1 run=40540528485118 event=input input_id=232 gesture_id=12 kind=motion t_ns=40551409469669 source=injected
K230_CARD_SHELL state mode=2 actions=1 message=0 cards=1
K230_CARD_BENCH v=1 run=40540528485118 event=input input_id=231 gesture_id=12 kind=motion t_ns=40551408988132 source=injected
K230_CARD_SHELL state mode=2 actions=1 message=0 cards=1
K230_CARD_BENCH v=1 run=40540528485118 event=input input_id=230 gesture_id=12 kind=motion t_ns=40551407210889 source=injected
K230_CARD_SHELL state mode=2 actions=1 message=0 cards=1
K230_CARD_BENCH v=1 run=40540528485118 event=input input_id=229 gesture_id=12 kind=motion t_ns=40551405251107 source=injected
K230_CARD_SHELL state mode=2 actions=1 message=0 cards=1
K230_CARD_BENCH v=1 run=40540528485118 event=input input_id=228 gesture_id=12 kind=motion t_ns=40551403330108 source=injected
K230_CARD_SHELL state mode=2 actions=1 message=0 cards=1
K230_CARD_BENCH v=1 run=40540528485118 event=present frame_id=396 t_ns=40551374529000 presented=1 clock=monotonic
K230_CARD_SHELL frame-cost run=40540528485118 frame_id=396 total_cpu_ns=15453260 render_cpu_ns=14223152 input_cpu_ns=1020923
K230_CARD_BENCH v=1 run=40540528485118 event=submit input_id=227 frame_id=396 t_ns=40551371454794 update_cpu_ns=15453260 final=0
K230_CARD_BENCH v=1 run=40540528485118 event=submit input_id=226 frame_id=396 t_ns=40551371454794 update_cpu_ns=15453260 final=0
K230_CARD_BENCH v=1 run=40540528485118 event=submit input_id=225 frame_id=396 t_ns=40551371454794 update_cpu_ns=15453260 final=0
K230_CARD_BENCH v=1 run=40540528485118 event=submit input_id=224 frame_id=396 t_ns=40551371454794 update_cpu_ns=15453260 final=0
K230_CARD_BENCH v=1 run=40540528485118 event=present frame_id=395 t_ns=40551355363000 presented=1 clock=monotonic
K230_CARD_BENCH v=1 run=40540528485118 event=input input_id=227 gesture_id=12 kind=motion t_ns=40551350913494 source=injected
K230_CARD_SHELL state mode=2 actions=1 message=0 cards=1
K230_CARD_BENCH v=1 run=40540528485118 event=input input_id=226 gesture_id=12 kind=motion t_ns=40551347802801 source=injected
K230_CARD_SHELL state mode=2 actions=1 message=0 cards=1
K230_CARD_BENCH v=1 run=40540528485118 event=input input_id=225 gesture_id=12 kind=motion t_ns=40551346219174 source=injected
K230_CARD_SHELL state mode=2 actions=1 message=0 cards=1
K230_CARD_BENCH v=1 run=40540528485118 event=input input_id=224 gesture_id=12 kind=motion t_ns=40551345930103 source=injected
K230_CARD_SHELL state mode=2 actions=1 message=0 cards=1
K230_CARD_SHELL frame-cost run=40540528485118 frame_id=395 total_cpu_ns=14745545 render_cpu_ns=14148283 input_cpu_ns=423483
K230_CARD_BENCH v=1 run=40540528485118 event=submit input_id=223 frame_id=395 t_ns=40551344354329 update_cpu_ns=14745545 final=0
K230_CARD_BENCH v=1 run=40540528485118 event=submit input_id=222 frame_id=395 t_ns=40551344354329 update_cpu_ns=14745545 final=0
K230_CARD_BENCH v=1 run=40540528485118 event=present frame_id=394 t_ns=40551317036000 presented=1 clock=monotonic
K230_CARD_BENCH v=1 run=40540528485118 event=input input_id=223 gesture_id=12 kind=motion t_ns=40551317518338 source=injected
K230_CARD_SHELL state mode=2 actions=1 message=0 cards=1
K230_CARD_BENCH v=1 run=40540528485118 event=input input_id=222 gesture_id=12 kind=motion t_ns=40551317131256 source=injected
K230_CARD_SHELL state mode=2 actions=1 message=0 cards=1
K230_CARD_SHELL frame-cost run=40540528485118 frame_id=394 total_cpu_ns=14378642 render_cpu_ns=13917085 input_cpu_ns=338518
K230_CARD_BENCH v=1 run=40540528485118 event=submit input_id=221 frame_id=394 t_ns=40551313937554 update_cpu_ns=14378642 final=0
K230_CARD_BENCH v=1 run=40540528485118 event=present frame_id=393 t_ns=40551297873000 presented=1 clock=monotonic
K230_CARD_BENCH v=1 run=40540528485118 event=input input_id=221 gesture_id=12 kind=motion t_ns=40551290902188 source=injected
K230_CARD_SHELL state mode=2 actions=1 message=0 cards=1
K230_CARD_SHELL state mode=2 actions=1 message=0 cards=1
K230_CARD_BENCH v=1 run=40540528485118 event=present frame_id=392 t_ns=40551259545000 presented=1 clock=monotonic
K230_CARD_BENCH v=1 run=40540528485118 event=present frame_id=391 t_ns=40551240382000 presented=1 clock=monotonic
K230_CARD_BENCH v=1 run=40540528485118 event=present frame_id=390 t_ns=40551202055000 presented=1 clock=monotonic
K230_CARD_BENCH v=1 run=40540528485118 event=present frame_id=389 t_ns=40551182892000 presented=1 clock=monotonic
K230_CARD_BENCH v=1 run=40540528485118 event=present frame_id=388 t_ns=40551144565000 presented=1 clock=monotonic
K230_CARD_BENCH v=1 run=40540528485118 event=present frame_id=387 t_ns=40551125402000 presented=1 clock=monotonic
K230_CARD_BENCH v=1 run=40540528485118 event=present frame_id=386 t_ns=40551087075000 presented=1 clock=monotonic
K230_CARD_BENCH v=1 run=40540528485118 event=present frame_id=385 t_ns=40551067911000 presented=1 clock=monotonic
K230_CARD_SHELL live cards=1 commits=230 sampled=458 frame-done=458 output-presented=229
K230_CARD_BENCH v=1 run=40540528485118 event=present frame_id=384 t_ns=40551029585000 presented=1 clock=monotonic
K230_CARD_SHELL frame-cost run=40540528485118 frame_id=384 total_cpu_ns=15206017 render_cpu_ns=14431941 input_cpu_ns=594816
K230_CARD_BENCH v=1 run=40540528485118 event=submit input_id=220 frame_id=384 t_ns=40551025169735 update_cpu_ns=15206017 final=1
K230_CARD_BENCH v=1 run=40540528485118 event=submit input_id=219 frame_id=384 t_ns=40551025169735 update_cpu_ns=15206017 final=0
K230_CARD_BENCH v=1 run=40540528485118 event=present frame_id=383 t_ns=40550991259000 presented=1 clock=monotonic
K230_CARD_BENCH v=1 run=40540528485118 event=input input_id=220 gesture_id=11 kind=release t_ns=40550986953874 source=injected
K230_CARD_SHELL state mode=1 actions=1 message=0 cards=1
K230_CARD_BENCH v=1 run=40540528485118 event=input input_id=219 gesture_id=11 kind=motion t_ns=40550985617831 source=injected
K230_CARD_SHELL state mode=2 actions=1 message=0 cards=1
K230_CARD_SHELL frame-cost run=40540528485118 frame_id=383 total_cpu_ns=12756294 render_cpu_ns=11836144 input_cpu_ns=756890
K230_CARD_BENCH v=1 run=40540528485118 event=submit input_id=218 frame_id=383 t_ns=40550984847779 update_cpu_ns=12756294 final=0
K230_CARD_BENCH v=1 run=40540528485118 event=submit input_id=217 frame_id=383 t_ns=40550984847779 update_cpu_ns=12756294 final=0
K230_CARD_BENCH v=1 run=40540528485118 event=present frame_id=382 t_ns=40550952932000 presented=1 clock=monotonic
K230_CARD_BENCH v=1 run=40540528485118 event=input input_id=218 gesture_id=11 kind=motion t_ns=40550952824596 source=injected
K230_CARD_SHELL state mode=2 actions=1 message=0 cards=1
K230_CARD_BENCH v=1 run=40540528485118 event=input input_id=217 gesture_id=11 kind=motion t_ns=40550952408252 source=injected
K230_CARD_SHELL state mode=2 actions=1 message=0 cards=1
K230_CARD_SHELL frame-cost run=40540528485118 frame_id=382 total_cpu_ns=15020647 render_cpu_ns=12764351 input_cpu_ns=1948776
K230_CARD_BENCH v=1 run=40540528485118 event=submit input_id=216 frame_id=382 t_ns=40550948377119 update_cpu_ns=15020647 final=0
K230_CARD_BENCH v=1 run=40540528485118 event=submit input_id=215 frame_id=382 t_ns=40550948377119 update_cpu_ns=15020647 final=0
K230_CARD_BENCH v=1 run=40540528485118 event=submit input_id=214 frame_id=382 t_ns=40550948377119 update_cpu_ns=15020647 final=0
K230_CARD_BENCH v=1 run=40540528485118 event=submit input_id=213 frame_id=382 t_ns=40550948377119 update_cpu_ns=15020647 final=0
K230_CARD_BENCH v=1 run=40540528485118 event=submit input_id=212 frame_id=382 t_ns=40550948377119 update_cpu_ns=15020647 final=0
K230_CARD_BENCH v=1 run=40540528485118 event=submit input_id=211 frame_id=382 t_ns=40550948377119 update_cpu_ns=15020647 final=0
K230_CARD_BENCH v=1 run=40540528485118 event=present frame_id=381 t_ns=40550933769000 presented=1 clock=monotonic
K230_CARD_BENCH v=1 run=40540528485118 event=input input_id=216 gesture_id=11 kind=motion t_ns=40550928231421 source=injected
K230_CARD_SHELL state mode=2 actions=1 message=0 cards=1
K230_CARD_BENCH v=1 run=40540528485118 event=input input_id=215 gesture_id=11 kind=motion t_ns=40550926333535 source=injected
K230_CARD_SHELL state mode=2 actions=1 message=0 cards=1
K230_CARD_BENCH v=1 run=40540528485118 event=input input_id=214 gesture_id=11 kind=motion t_ns=40550925912634 source=injected
K230_CARD_SHELL state mode=2 actions=1 message=0 cards=1
K230_CARD_BENCH v=1 run=40540528485118 event=input input_id=213 gesture_id=11 kind=motion t_ns=40550924587073 source=injected
K230_CARD_SHELL state mode=2 actions=1 message=0 cards=1
K230_CARD_BENCH v=1 run=40540528485118 event=input input_id=212 gesture_id=11 kind=motion t_ns=40550923779795 source=injected
K230_CARD_SHELL state mode=2 actions=1 message=0 cards=1
K230_CARD_BENCH v=1 run=40540528485118 event=input input_id=211 gesture_id=11 kind=motion t_ns=40550921903319 source=injected
K230_CARD_SHELL state mode=2 actions=1 message=0 cards=1
K230_CARD_BENCH v=1 run=40540528485118 event=present frame_id=380 t_ns=40550895441000 presented=1 clock=monotonic
K230_CARD_SHELL frame-cost run=40540528485118 frame_id=380 total_cpu_ns=15460911 render_cpu_ns=13919989 input_cpu_ns=1348701
K230_CARD_BENCH v=1 run=40540528485118 event=submit input_id=210 frame_id=380 t_ns=40550892079946 update_cpu_ns=15460911 final=0
K230_CARD_BENCH v=1 run=40540528485118 event=submit input_id=209 frame_id=380 t_ns=40550892079946 update_cpu_ns=15460911 final=0
K230_CARD_BENCH v=1 run=40540528485118 event=submit input_id=208 frame_id=380 t_ns=40550892079946 update_cpu_ns=15460911 final=0
K230_CARD_BENCH v=1 run=40540528485118 event=submit input_id=207 frame_id=380 t_ns=40550892079946 update_cpu_ns=15460911 final=0
K230_CARD_BENCH v=1 run=40540528485118 event=submit input_id=206 frame_id=380 t_ns=40550892079946 update_cpu_ns=15460911 final=0
K230_CARD_BENCH v=1 run=40540528485118 event=present frame_id=379 t_ns=40550876277000 presented=1 clock=monotonic
K230_CARD_BENCH v=1 run=40540528485118 event=input input_id=210 gesture_id=11 kind=motion t_ns=40550868084321 source=injected
K230_CARD_SHELL state mode=2 actions=1 message=0 cards=1
K230_CARD_BENCH v=1 run=40540528485118 event=input input_id=209 gesture_id=11 kind=motion t_ns=40550865191098 source=injected
K230_CARD_SHELL state mode=2 actions=1 message=0 cards=1
K230_CARD_BENCH v=1 run=40540528485118 event=input input_id=208 gesture_id=11 kind=motion t_ns=40550864868431 source=injected
K230_CARD_SHELL state mode=2 actions=1 message=0 cards=1
K230_CARD_BENCH v=1 run=40540528485118 event=input input_id=207 gesture_id=11 kind=motion t_ns=40550864518279 source=injected
K230_CARD_SHELL state mode=2 actions=1 message=0 cards=1
K230_CARD_BENCH v=1 run=40540528485118 event=input input_id=206 gesture_id=11 kind=motion t_ns=40550864150163 source=injected
K230_CARD_SHELL state mode=2 actions=1 message=0 cards=1
K230_CARD_BENCH v=1 run=40540528485118 event=present frame_id=378 t_ns=40550837962000 presented=1 clock=monotonic
K230_CARD_SHELL frame-cost run=40540528485118 frame_id=378 total_cpu_ns=15146881 render_cpu_ns=14055844 input_cpu_ns=935518
K230_CARD_BENCH v=1 run=40540528485118 event=submit input_id=205 frame_id=378 t_ns=40550834550964 update_cpu_ns=15146881 final=0
K230_CARD_BENCH v=1 run=40540528485118 event=submit input_id=204 frame_id=378 t_ns=40550834550964 update_cpu_ns=15146881 final=0
K230_CARD_BENCH v=1 run=40540528485118 event=submit input_id=203 frame_id=378 t_ns=40550834550964 update_cpu_ns=15146881 final=0
K230_CARD_BENCH v=1 run=40540528485118 event=submit input_id=202 frame_id=378 t_ns=40550834550964 update_cpu_ns=15146881 final=0
K230_CARD_BENCH v=1 run=40540528485118 event=present frame_id=377 t_ns=40550818789000 presented=1 clock=monotonic
K230_CARD_BENCH v=1 run=40540528485118 event=input input_id=205 gesture_id=11 kind=motion t_ns=40550818065688 source=injected
K230_CARD_SHELL state mode=2 actions=1 message=0 cards=1
K230_CARD_BENCH v=1 run=40540528485118 event=input input_id=204 gesture_id=11 kind=motion t_ns=40550809432839 source=injected
K230_CARD_SHELL state mode=2 actions=1 message=0 cards=1
K230_CARD_BENCH v=1 run=40540528485118 event=input input_id=203 gesture_id=11 kind=motion t_ns=40550809167512 source=injected
K230_CARD_SHELL state mode=2 actions=1 message=0 cards=1
K230_CARD_BENCH v=1 run=40540528485118 event=input input_id=202 gesture_id=11 kind=motion t_ns=40550808812137 source=injected
K230_CARD_SHELL state mode=2 actions=1 message=0 cards=1
K230_CARD_SHELL frame-cost run=40540528485118 frame_id=377 total_cpu_ns=14701938 render_cpu_ns=14169159 input_cpu_ns=315963
K230_CARD_BENCH v=1 run=40540528485118 event=submit input_id=201 frame_id=377 t_ns=40550805708927 update_cpu_ns=14701938 final=0
K230_CARD_BENCH v=1 run=40540528485118 event=submit input_id=200 frame_id=377 t_ns=40550805708927 update_cpu_ns=14701938 final=0
K230_CARD_BENCH v=1 run=40540528485118 event=present frame_id=376 t_ns=40550780461000 presented=1 clock=monotonic
K230_CARD_BENCH v=1 run=40540528485118 event=input input_id=201 gesture_id=11 kind=motion t_ns=40550780638177 source=injected
K230_CARD_SHELL state mode=2 actions=1 message=0 cards=1
K230_CARD_BENCH v=1 run=40540528485118 event=input input_id=200 gesture_id=11 kind=motion t_ns=40550780282025 source=injected
K230_CARD_SHELL state mode=2 actions=1 message=0 cards=1
K230_CARD_BENCH v=1 run=40540528485118 event=present frame_id=375 t_ns=40550761296000 presented=1 clock=monotonic
K230_CARD_SHELL state mode=2 actions=1 message=0 cards=1
K230_CARD_BENCH v=1 run=40540528485118 event=present frame_id=374 t_ns=40550722968000 presented=1 clock=monotonic
K230_CARD_BENCH v=1 run=40540528485118 event=present frame_id=373 t_ns=40550703807000 presented=1 clock=monotonic
K230_CARD_BENCH v=1 run=40540528485118 event=resource phase=active t_ns=40550689646954 cpu_ns=9572958000 memory_bytes=19685376 scope=session
K230_CARD_BENCH v=1 run=40540528485118 event=resource phase=active t_ns=40550689646954 cpu_ns=5274870526 memory_bytes=27557888 scope=compositor
K230_CARD_BENCH v=1 run=40540528485118 event=present frame_id=372 t_ns=40550665479000 presented=1 clock=monotonic
K230_CARD_BENCH v=1 run=40540528485118 event=present frame_id=371 t_ns=40550646316000 presented=1 clock=monotonic
K230_CARD_BENCH v=1 run=40540528485118 event=present frame_id=370 t_ns=40550607987000 presented=1 clock=monotonic
K230_CARD_BENCH v=1 run=40540528485118 event=present frame_id=369 t_ns=40550588825000 presented=1 clock=monotonic
K230_CARD_BENCH v=1 run=40540528485118 event=present frame_id=368 t_ns=40550550498000 presented=1 clock=monotonic
K230_CARD_BENCH v=1 run=40540528485118 event=present frame_id=367 t_ns=40550531335000 presented=1 clock=monotonic
K230_CARD_BENCH v=1 run=40540528485118 event=present frame_id=366 t_ns=40550493010000 presented=1 clock=monotonic
K230_CARD_SHELL frame-cost run=40540528485118 frame_id=366 total_cpu_ns=17384319 render_cpu_ns=14123608 input_cpu_ns=2726304
K230_CARD_BENCH v=1 run=40540528485118 event=submit input_id=199 frame_id=366 t_ns=40550490218872 update_cpu_ns=17384319 final=1
K230_CARD_BENCH v=1 run=40540528485118 event=submit input_id=198 frame_id=366 t_ns=40550490218872 update_cpu_ns=17384319 final=0
K230_CARD_BENCH v=1 run=40540528485118 event=submit input_id=197 frame_id=366 t_ns=40550490218872 update_cpu_ns=17384319 final=0
K230_CARD_BENCH v=1 run=40540528485118 event=submit input_id=196 frame_id=366 t_ns=40550490218872 update_cpu_ns=17384319 final=0
K230_CARD_BENCH v=1 run=40540528485118 event=submit input_id=195 frame_id=366 t_ns=40550490218872 update_cpu_ns=17384319 final=0
K230_CARD_BENCH v=1 run=40540528485118 event=submit input_id=194 frame_id=366 t_ns=40550490218872 update_cpu_ns=17384319 final=0
K230_CARD_BENCH v=1 run=40540528485118 event=present frame_id=365 t_ns=40550454683000 presented=1 clock=monotonic
K230_CARD_BENCH v=1 run=40540528485118 event=input input_id=199 gesture_id=10 kind=release t_ns=40550462484878 source=injected
K230_CARD_SHELL state mode=1 actions=1 message=0 cards=1
K230_CARD_BENCH v=1 run=40540528485118 event=input input_id=198 gesture_id=10 kind=motion t_ns=40550461946372 source=injected
K230_CARD_SHELL state mode=2 actions=1 message=0 cards=1
K230_CARD_BENCH v=1 run=40540528485118 event=input input_id=197 gesture_id=10 kind=motion t_ns=40550460658113 source=injected
K230_CARD_SHELL state mode=2 actions=1 message=0 cards=1
K230_CARD_BENCH v=1 run=40540528485118 event=input input_id=196 gesture_id=10 kind=motion t_ns=40550455909791 source=injected
K230_CARD_SHELL state mode=2 actions=1 message=0 cards=1
K230_CARD_BENCH v=1 run=40540528485118 event=input input_id=195 gesture_id=10 kind=motion t_ns=40550455364469 source=injected
K230_CARD_SHELL state mode=2 actions=1 message=0 cards=1
K230_CARD_BENCH v=1 run=40540528485118 event=input input_id=194 gesture_id=10 kind=motion t_ns=40550453729208 source=injected
K230_CARD_SHELL state mode=2 actions=1 message=0 cards=1
K230_CARD_SHELL frame-cost run=40540528485118 frame_id=365 total_cpu_ns=14537391 render_cpu_ns=13532838 input_cpu_ns=788924
K230_CARD_BENCH v=1 run=40540528485118 event=submit input_id=193 frame_id=365 t_ns=40550445000541 update_cpu_ns=14537391 final=0
K230_CARD_BENCH v=1 run=40540528485118 event=submit input_id=192 frame_id=365 t_ns=40550445000541 update_cpu_ns=14537391 final=0
K230_CARD_BENCH v=1 run=40540528485118 event=present frame_id=364 t_ns=40550397192000 presented=1 clock=monotonic
K230_CARD_BENCH v=1 run=40540528485118 event=input input_id=193 gesture_id=10 kind=motion t_ns=40550399272262 source=injected
K230_CARD_SHELL state mode=2 actions=1 message=0 cards=1
K230_CARD_BENCH v=1 run=40540528485118 event=input input_id=192 gesture_id=10 kind=motion t_ns=40550395057297 source=injected
K230_CARD_SHELL state mode=2 actions=1 message=0 cards=1
K230_CARD_SHELL frame-cost run=40540528485118 frame_id=364 total_cpu_ns=15409151 render_cpu_ns=14054856 input_cpu_ns=1082221
K230_CARD_BENCH v=1 run=40540528485118 event=submit input_id=191 frame_id=364 t_ns=40550394225387 update_cpu_ns=15409151 final=0
K230_CARD_BENCH v=1 run=40540528485118 event=submit input_id=190 frame_id=364 t_ns=40550394225387 update_cpu_ns=15409151 final=0
K230_CARD_BENCH v=1 run=40540528485118 event=submit input_id=189 frame_id=364 t_ns=40550394225387 update_cpu_ns=15409151 final=0
K230_CARD_BENCH v=1 run=40540528485118 event=present frame_id=363 t_ns=40550378028000 presented=1 clock=monotonic
K230_CARD_BENCH v=1 run=40540528485118 event=input input_id=191 gesture_id=10 kind=motion t_ns=40550375125939 source=injected
K230_CARD_SHELL state mode=2 actions=1 message=0 cards=1
K230_CARD_BENCH v=1 run=40540528485118 event=input input_id=190 gesture_id=10 kind=motion t_ns=40550372905203 source=injected
K230_CARD_SHELL state mode=2 actions=1 message=0 cards=1
K230_CARD_BENCH v=1 run=40540528485118 event=input input_id=189 gesture_id=10 kind=motion t_ns=40550372470005 source=injected
K230_CARD_SHELL state mode=2 actions=1 message=0 cards=1
K230_CARD_SHELL frame-cost run=40540528485118 frame_id=363 total_cpu_ns=15342219 render_cpu_ns=14254330 input_cpu_ns=869962
K230_CARD_BENCH v=1 run=40540528485118 event=submit input_id=188 frame_id=363 t_ns=40550368746207 update_cpu_ns=15342219 final=0
K230_CARD_BENCH v=1 run=40540528485118 event=submit input_id=187 frame_id=363 t_ns=40550368746207 update_cpu_ns=15342219 final=0
K230_CARD_BENCH v=1 run=40540528485118 event=submit input_id=186 frame_id=363 t_ns=40550368746207 update_cpu_ns=15342219 final=0
K230_CARD_BENCH v=1 run=40540528485118 event=present frame_id=362 t_ns=40550339704000 presented=1 clock=monotonic
K230_CARD_BENCH v=1 run=40540528485118 event=input input_id=188 gesture_id=10 kind=motion t_ns=40550344841541 source=injected
K230_CARD_SHELL state mode=2 actions=1 message=0 cards=1
K230_CARD_BENCH v=1 run=40540528485118 event=input input_id=187 gesture_id=10 kind=motion t_ns=40550344457571 source=injected
K230_CARD_SHELL state mode=2 actions=1 message=0 cards=1
K230_CARD_BENCH v=1 run=40540528485118 event=input input_id=186 gesture_id=10 kind=motion t_ns=40550343916769 source=injected
K230_CARD_SHELL state mode=2 actions=1 message=0 cards=1
K230_CARD_SHELL frame-cost run=40540528485118 frame_id=362 total_cpu_ns=15296454 render_cpu_ns=14069529 input_cpu_ns=1022814
K230_CARD_BENCH v=1 run=40540528485118 event=submit input_id=185 frame_id=362 t_ns=40550336530292 update_cpu_ns=15296454 final=0
K230_CARD_BENCH v=1 run=40540528485118 event=submit input_id=184 frame_id=362 t_ns=40550336530292 update_cpu_ns=15296454 final=0
K230_CARD_BENCH v=1 run=40540528485118 event=submit input_id=183 frame_id=362 t_ns=40550336530292 update_cpu_ns=15296454 final=0
K230_CARD_BENCH v=1 run=40540528485118 event=submit input_id=182 frame_id=362 t_ns=40550336530292 update_cpu_ns=15296454 final=0
K230_CARD_BENCH v=1 run=40540528485118 event=present frame_id=361 t_ns=40550320537000 presented=1 clock=monotonic
K230_CARD_BENCH v=1 run=40540528485118 event=input input_id=185 gesture_id=10 kind=motion t_ns=40550313805614 source=injected
K230_CARD_SHELL state mode=2 actions=1 message=0 cards=1
K230_CARD_BENCH v=1 run=40540528485118 event=input input_id=184 gesture_id=10 kind=motion t_ns=40550311971144 source=injected
K230_CARD_SHELL state mode=2 actions=1 message=0 cards=1
K230_CARD_BENCH v=1 run=40540528485118 event=input input_id=183 gesture_id=10 kind=motion t_ns=40550311592952 source=injected
K230_CARD_SHELL state mode=2 actions=1 message=0 cards=1
K230_CARD_BENCH v=1 run=40540528485118 event=input input_id=182 gesture_id=10 kind=motion t_ns=40550310128896 source=injected
K230_CARD_SHELL state mode=2 actions=1 message=0 cards=1
K230_CARD_SHELL frame-cost run=40540528485118 frame_id=361 total_cpu_ns=14715775 render_cpu_ns=14136923 input_cpu_ns=438814
K230_CARD_BENCH v=1 run=40540528485118 event=submit input_id=181 frame_id=361 t_ns=40550309336398 update_cpu_ns=14715775 final=0
K230_CARD_BENCH v=1 run=40540528485118 event=submit input_id=180 frame_id=361 t_ns=40550309336398 update_cpu_ns=14715775 final=0
K230_CARD_BENCH v=1 run=40540528485118 event=present frame_id=360 t_ns=40550282211000 presented=1 clock=monotonic
K230_CARD_BENCH v=1 run=40540528485118 event=input input_id=181 gesture_id=10 kind=motion t_ns=40550282673712 source=injected
K230_CARD_SHELL state mode=2 actions=1 message=0 cards=1
K230_CARD_BENCH v=1 run=40540528485118 event=input input_id=180 gesture_id=10 kind=motion t_ns=40550281372600 source=injected
K230_CARD_SHELL state mode=2 actions=1 message=0 cards=1
K230_CARD_SHELL frame-cost run=40540528485118 frame_id=360 total_cpu_ns=14370202 render_cpu_ns=13966497 input_cpu_ns=285928
K230_CARD_BENCH v=1 run=40540528485118 event=submit input_id=179 frame_id=360 t_ns=40550279510349 update_cpu_ns=14370202 final=0
K230_CARD_BENCH v=1 run=40540528485118 event=present frame_id=359 t_ns=40550263047000 presented=1 clock=monotonic
K230_CARD_BENCH v=1 run=40540528485118 event=input input_id=179 gesture_id=10 kind=motion t_ns=40550255894086 source=injected
K230_CARD_SHELL state mode=2 actions=1 message=0 cards=1
K230_CARD_SHELL state mode=2 actions=1 message=0 cards=1
K230_CARD_BENCH v=1 run=40540528485118 event=present frame_id=358 t_ns=40550224718000 presented=1 clock=monotonic
K230_CARD_BENCH v=1 run=40540528485118 event=present frame_id=357 t_ns=40550205557000 presented=1 clock=monotonic
K230_CARD_BENCH v=1 run=40540528485118 event=present frame_id=356 t_ns=40550167229000 presented=1 clock=monotonic
K230_CARD_BENCH v=1 run=40540528485118 event=present frame_id=355 t_ns=40550148066000 presented=1 clock=monotonic
K230_CARD_BENCH v=1 run=40540528485118 event=present frame_id=354 t_ns=40550109740000 presented=1 clock=monotonic
K230_CARD_BENCH v=1 run=40540528485118 event=present frame_id=353 t_ns=40550090577000 presented=1 clock=monotonic
K230_CARD_BENCH v=1 run=40540528485118 event=present frame_id=352 t_ns=40550052249000 presented=1 clock=monotonic
K230_CARD_BENCH v=1 run=40540528485118 event=present frame_id=351 t_ns=40550033086000 presented=1 clock=monotonic
K230_CARD_BENCH v=1 run=40540528485118 event=present frame_id=350 t_ns=40549994760000 presented=1 clock=monotonic
K230_CARD_SHELL frame-cost run=40540528485118 frame_id=350 total_cpu_ns=15209123 render_cpu_ns=14141117 input_cpu_ns=900040
K230_CARD_BENCH v=1 run=40540528485118 event=submit input_id=178 frame_id=350 t_ns=40549991226897 update_cpu_ns=15209123 final=1
K230_CARD_BENCH v=1 run=40540528485118 event=submit input_id=177 frame_id=350 t_ns=40549991226897 update_cpu_ns=15209123 final=0
K230_CARD_BENCH v=1 run=40540528485118 event=present frame_id=349 t_ns=40549975596000 presented=1 clock=monotonic
K230_CARD_BENCH v=1 run=40540528485118 event=input input_id=178 gesture_id=9 kind=release t_ns=40549963699186 source=injected
K230_CARD_SHELL state mode=1 actions=1 message=0 cards=1
K230_CARD_BENCH v=1 run=40540528485118 event=input input_id=177 gesture_id=9 kind=motion t_ns=40549961669546 source=injected
K230_CARD_SHELL state mode=2 actions=1 message=0 cards=1
K230_CARD_BENCH v=1 run=40540528485118 event=present frame_id=348 t_ns=40549937272000 presented=1 clock=monotonic
K230_CARD_SHELL frame-cost run=40540528485118 frame_id=348 total_cpu_ns=13569667 render_cpu_ns=11761592 input_cpu_ns=1310964
K230_CARD_BENCH v=1 run=40540528485118 event=submit input_id=176 frame_id=348 t_ns=40549933391230 update_cpu_ns=13569667 final=0
K230_CARD_BENCH v=1 run=40540528485118 event=submit input_id=175 frame_id=348 t_ns=40549933391230 update_cpu_ns=13569667 final=0
K230_CARD_BENCH v=1 run=40540528485118 event=submit input_id=174 frame_id=348 t_ns=40549933391230 update_cpu_ns=13569667 final=0
K230_CARD_BENCH v=1 run=40540528485118 event=submit input_id=173 frame_id=348 t_ns=40549933391230 update_cpu_ns=13569667 final=0
K230_CARD_BENCH v=1 run=40540528485118 event=present frame_id=347 t_ns=40549918108000 presented=1 clock=monotonic
K230_CARD_BENCH v=1 run=40540528485118 event=input input_id=176 gesture_id=9 kind=motion t_ns=40549917840967 source=injected
K230_CARD_SHELL state mode=2 actions=1 message=0 cards=1
K230_CARD_BENCH v=1 run=40540528485118 event=input input_id=175 gesture_id=9 kind=motion t_ns=40549916413099 source=injected
K230_CARD_SHELL state mode=2 actions=1 message=0 cards=1
K230_CARD_BENCH v=1 run=40540528485118 event=input input_id=174 gesture_id=9 kind=motion t_ns=40549915814068 source=injected
K230_CARD_SHELL state mode=2 actions=1 message=0 cards=1
K230_CARD_BENCH v=1 run=40540528485118 event=input input_id=173 gesture_id=9 kind=motion t_ns=40549913916554 source=injected
K230_CARD_SHELL state mode=2 actions=1 message=0 cards=1
K230_CARD_SHELL frame-cost run=40540528485118 frame_id=347 total_cpu_ns=15453906 render_cpu_ns=13250236 input_cpu_ns=1811963
K230_CARD_BENCH v=1 run=40540528485118 event=submit input_id=172 frame_id=347 t_ns=40549910973920 update_cpu_ns=15453906 final=0
K230_CARD_BENCH v=1 run=40540528485118 event=submit input_id=171 frame_id=347 t_ns=40549910973920 update_cpu_ns=15453906 final=0
K230_CARD_BENCH v=1 run=40540528485118 event=submit input_id=170 frame_id=347 t_ns=40549910973920 update_cpu_ns=15453906 final=0
K230_CARD_BENCH v=1 run=40540528485118 event=submit input_id=169 frame_id=347 t_ns=40549910973920 update_cpu_ns=15453906 final=0
K230_CARD_BENCH v=1 run=40540528485118 event=submit input_id=168 frame_id=347 t_ns=40549910973920 update_cpu_ns=15453906 final=0
K230_CARD_BENCH v=1 run=40540528485118 event=submit input_id=167 frame_id=347 t_ns=40549910973920 update_cpu_ns=15453906 final=0
K230_CARD_BENCH v=1 run=40540528485118 event=submit input_id=166 frame_id=347 t_ns=40549910973920 update_cpu_ns=15453906 final=0
K230_CARD_BENCH v=1 run=40540528485118 event=present frame_id=346 t_ns=40549879779000 presented=1 clock=monotonic
K230_CARD_BENCH v=1 run=40540528485118 event=input input_id=172 gesture_id=9 kind=motion t_ns=40549884107396 source=injected
K230_CARD_SHELL state mode=2 actions=1 message=0 cards=1
K230_CARD_BENCH v=1 run=40540528485118 event=input input_id=171 gesture_id=9 kind=motion t_ns=40549883604412 source=injected
K230_CARD_SHELL state mode=2 actions=1 message=0 cards=1
K230_CARD_BENCH v=1 run=40540528485118 event=input input_id=170 gesture_id=9 kind=motion t_ns=40549879400931 source=injected
K230_CARD_SHELL state mode=2 actions=1 message=0 cards=1
K230_CARD_BENCH v=1 run=40540528485118 event=input input_id=169 gesture_id=9 kind=motion t_ns=40549879025406 source=injected
K230_CARD_SHELL state mode=2 actions=1 message=0 cards=1
K230_CARD_BENCH v=1 run=40540528485118 event=input input_id=168 gesture_id=9 kind=motion t_ns=40549877542570 source=injected
K230_CARD_SHELL state mode=2 actions=1 message=0 cards=1
K230_CARD_BENCH v=1 run=40540528485118 event=input input_id=167 gesture_id=9 kind=motion t_ns=40549877171416 source=injected
K230_CARD_SHELL state mode=2 actions=1 message=0 cards=1
K230_CARD_BENCH v=1 run=40540528485118 event=input input_id=166 gesture_id=9 kind=motion t_ns=40549876296130 source=injected
K230_CARD_SHELL state mode=2 actions=1 message=0 cards=1
K230_CARD_BENCH v=1 run=40540528485118 event=present frame_id=345 t_ns=40549822289000 presented=1 clock=monotonic
K230_CARD_SHELL frame-cost run=40540528485118 frame_id=345 total_cpu_ns=16171715 render_cpu_ns=14089904 input_cpu_ns=1803516
K230_CARD_BENCH v=1 run=40540528485118 event=submit input_id=165 frame_id=345 t_ns=40549818684193 update_cpu_ns=16171715 final=0
K230_CARD_BENCH v=1 run=40540528485118 event=submit input_id=164 frame_id=345 t_ns=40549818684193 update_cpu_ns=16171715 final=0
K230_CARD_BENCH v=1 run=40540528485118 event=submit input_id=163 frame_id=345 t_ns=40549818684193 update_cpu_ns=16171715 final=0
K230_CARD_BENCH v=1 run=40540528485118 event=submit input_id=162 frame_id=345 t_ns=40549818684193 update_cpu_ns=16171715 final=0
K230_CARD_BENCH v=1 run=40540528485118 event=submit input_id=161 frame_id=345 t_ns=40549818684193 update_cpu_ns=16171715 final=0
K230_CARD_BENCH v=1 run=40540528485118 event=submit input_id=160 frame_id=345 t_ns=40549818684193 update_cpu_ns=16171715 final=0
K230_CARD_BENCH v=1 run=40540528485118 event=present frame_id=344 t_ns=40549803125000 presented=1 clock=monotonic
K230_CARD_BENCH v=1 run=40540528485118 event=input input_id=165 gesture_id=9 kind=motion t_ns=40549800797217 source=injected
K230_CARD_SHELL state mode=2 actions=1 message=0 cards=1
K230_CARD_BENCH v=1 run=40540528485118 event=input input_id=164 gesture_id=9 kind=motion t_ns=40549797019339 source=injected
K230_CARD_SHELL state mode=2 actions=1 message=0 cards=1
K230_CARD_BENCH v=1 run=40540528485118 event=input input_id=163 gesture_id=9 kind=motion t_ns=40549796714008 source=injected
K230_CARD_SHELL state mode=2 actions=1 message=0 cards=1
K230_CARD_BENCH v=1 run=40540528485118 event=input input_id=162 gesture_id=9 kind=motion t_ns=40549795463976 source=injected
K230_CARD_SHELL state mode=2 actions=1 message=0 cards=1
K230_CARD_BENCH v=1 run=40540528485118 event=input input_id=161 gesture_id=9 kind=motion t_ns=40549793629432 source=injected
K230_CARD_SHELL state mode=2 actions=1 message=0 cards=1
K230_CARD_BENCH v=1 run=40540528485118 event=input input_id=160 gesture_id=9 kind=motion t_ns=40549791830411 source=injected
K230_CARD_SHELL state mode=2 actions=1 message=0 cards=1
K230_CARD_BENCH v=1 run=40540528485118 event=present frame_id=343 t_ns=40549764800000 presented=1 clock=monotonic
K230_CARD_SHELL frame-cost run=40540528485118 frame_id=343 total_cpu_ns=14920866 render_cpu_ns=14180753 input_cpu_ns=568334
K230_CARD_BENCH v=1 run=40540528485118 event=submit input_id=159 frame_id=343 t_ns=40549761831604 update_cpu_ns=14920866 final=0
K230_CARD_BENCH v=1 run=40540528485118 event=submit input_id=158 frame_id=343 t_ns=40549761831604 update_cpu_ns=14920866 final=0
K230_CARD_BENCH v=1 run=40540528485118 event=present frame_id=342 t_ns=40549745635000 presented=1 clock=monotonic
K230_CARD_BENCH v=1 run=40540528485118 event=input input_id=159 gesture_id=9 kind=motion t_ns=40549740891780 source=injected
K230_CARD_SHELL state mode=2 actions=1 message=0 cards=1
K230_CARD_BENCH v=1 run=40540528485118 event=input input_id=158 gesture_id=9 kind=motion t_ns=40549731143005 source=injected
K230_CARD_SHELL state mode=2 actions=1 message=0 cards=1
K230_CARD_SHELL state mode=2 actions=1 message=0 cards=1
K230_CARD_BENCH v=1 run=40540528485118 event=present frame_id=341 t_ns=40549707308000 presented=1 clock=monotonic
K230_CARD_BENCH v=1 run=40540528485118 event=present frame_id=340 t_ns=40549668983000 presented=1 clock=monotonic
K230_CARD_BENCH v=1 run=40540528485118 event=resource phase=active t_ns=40549666069609 cpu_ns=8896284000 memory_bytes=19685376 scope=session
K230_CARD_BENCH v=1 run=40540528485118 event=resource phase=active t_ns=40549666069609 cpu_ns=4762880618 memory_bytes=27557888 scope=compositor
K230_CARD_BENCH v=1 run=40540528485118 event=present frame_id=339 t_ns=40549649818000 presented=1 clock=monotonic
K230_CARD_BENCH v=1 run=40540528485118 event=present frame_id=338 t_ns=40549611491000 presented=1 clock=monotonic
K230_CARD_BENCH v=1 run=40540528485118 event=present frame_id=337 t_ns=40549592327000 presented=1 clock=monotonic
K230_CARD_BENCH v=1 run=40540528485118 event=present frame_id=336 t_ns=40549553999000 presented=1 clock=monotonic
K230_CARD_BENCH v=1 run=40540528485118 event=present frame_id=335 t_ns=40549534837000 presented=1 clock=monotonic
K230_CARD_BENCH v=1 run=40540528485118 event=present frame_id=334 t_ns=40549496511000 presented=1 clock=monotonic
K230_CARD_BENCH v=1 run=40540528485118 event=present frame_id=333 t_ns=40549477347000 presented=1 clock=monotonic
K230_CARD_BENCH v=1 run=40540528485118 event=present frame_id=332 t_ns=40549439035000 presented=1 clock=monotonic
K230_CARD_SHELL frame-cost run=40540528485118 frame_id=332 total_cpu_ns=16763165 render_cpu_ns=14274719 input_cpu_ns=2249852
K230_CARD_BENCH v=1 run=40540528485118 event=submit input_id=157 frame_id=332 t_ns=40549435335828 update_cpu_ns=16763165 final=1
K230_CARD_BENCH v=1 run=40540528485118 event=submit input_id=156 frame_id=332 t_ns=40549435335828 update_cpu_ns=16763165 final=0
K230_CARD_BENCH v=1 run=40540528485118 event=submit input_id=155 frame_id=332 t_ns=40549435335828 update_cpu_ns=16763165 final=0
K230_CARD_BENCH v=1 run=40540528485118 event=submit input_id=154 frame_id=332 t_ns=40549435335828 update_cpu_ns=16763165 final=0
K230_CARD_BENCH v=1 run=40540528485118 event=submit input_id=153 frame_id=332 t_ns=40549435335828 update_cpu_ns=16763165 final=0
K230_CARD_BENCH v=1 run=40540528485118 event=present frame_id=331 t_ns=40549419857000 presented=1 clock=monotonic
K230_CARD_BENCH v=1 run=40540528485118 event=input input_id=157 gesture_id=8 kind=release t_ns=40549413573021 source=injected
K230_CARD_SHELL state mode=1 actions=1 message=0 cards=1
K230_CARD_BENCH v=1 run=40540528485118 event=input input_id=156 gesture_id=8 kind=motion t_ns=40549410724327 source=injected
K230_CARD_SHELL state mode=2 actions=1 message=0 cards=1
K230_CARD_BENCH v=1 run=40540528485118 event=input input_id=155 gesture_id=8 kind=motion t_ns=40549410186006 source=injected
K230_CARD_SHELL state mode=2 actions=1 message=0 cards=1
K230_CARD_BENCH v=1 run=40540528485118 event=input input_id=154 gesture_id=8 kind=motion t_ns=40549409248937 source=injected
K230_CARD_SHELL state mode=2 actions=1 message=0 cards=1
K230_CARD_BENCH v=1 run=40540528485118 event=input input_id=153 gesture_id=8 kind=motion t_ns=40549406923006 source=injected
K230_CARD_SHELL state mode=2 actions=1 message=0 cards=1
K230_CARD_BENCH v=1 run=40540528485118 event=present frame_id=330 t_ns=40549381530000 presented=1 clock=monotonic
K230_CARD_SHELL frame-cost run=40540528485118 frame_id=330 total_cpu_ns=16181129 render_cpu_ns=12889240 input_cpu_ns=2923813
K230_CARD_BENCH v=1 run=40540528485118 event=submit input_id=152 frame_id=330 t_ns=40549376757281 update_cpu_ns=16181129 final=0
K230_CARD_BENCH v=1 run=40540528485118 event=submit input_id=151 frame_id=330 t_ns=40549376757281 update_cpu_ns=16181129 final=0
K230_CARD_BENCH v=1 run=40540528485118 event=submit input_id=150 frame_id=330 t_ns=40549376757281 update_cpu_ns=16181129 final=0
K230_CARD_BENCH v=1 run=40540528485118 event=submit input_id=149 frame_id=330 t_ns=40549376757281 update_cpu_ns=16181129 final=0
K230_CARD_BENCH v=1 run=40540528485118 event=submit input_id=148 frame_id=330 t_ns=40549376757281 update_cpu_ns=16181129 final=0
K230_CARD_BENCH v=1 run=40540528485118 event=submit input_id=147 frame_id=330 t_ns=40549376757281 update_cpu_ns=16181129 final=0
K230_CARD_BENCH v=1 run=40540528485118 event=submit input_id=146 frame_id=330 t_ns=40549376757281 update_cpu_ns=16181129 final=0
K230_CARD_BENCH v=1 run=40540528485118 event=submit input_id=145 frame_id=330 t_ns=40549376757281 update_cpu_ns=16181129 final=0
K230_CARD_BENCH v=1 run=40540528485118 event=present frame_id=329 t_ns=40549362366000 presented=1 clock=monotonic
K230_CARD_BENCH v=1 run=40540528485118 event=input input_id=152 gesture_id=8 kind=motion t_ns=40549360256072 source=injected
K230_CARD_SHELL state mode=2 actions=1 message=0 cards=1
K230_CARD_BENCH v=1 run=40540528485118 event=input input_id=151 gesture_id=8 kind=motion t_ns=40549356889208 source=injected
K230_CARD_SHELL state mode=2 actions=1 message=0 cards=1
K230_CARD_BENCH v=1 run=40540528485118 event=input input_id=150 gesture_id=8 kind=motion t_ns=40549356401930 source=injected
K230_CARD_SHELL state mode=2 actions=1 message=0 cards=1
K230_CARD_BENCH v=1 run=40540528485118 event=input input_id=149 gesture_id=8 kind=motion t_ns=40549355075890 source=injected
K230_CARD_SHELL state mode=2 actions=1 message=0 cards=1
K230_CARD_BENCH v=1 run=40540528485118 event=input input_id=148 gesture_id=8 kind=motion t_ns=40549354606096 source=injected
K230_CARD_SHELL state mode=2 actions=1 message=0 cards=1
K230_CARD_BENCH v=1 run=40540528485118 event=input input_id=147 gesture_id=8 kind=motion t_ns=40549353143819 source=injected
K230_CARD_SHELL state mode=2 actions=1 message=0 cards=1
K230_CARD_BENCH v=1 run=40540528485118 event=input input_id=146 gesture_id=8 kind=motion t_ns=40549352738032 source=injected
K230_CARD_SHELL state mode=2 actions=1 message=0 cards=1
K230_CARD_BENCH v=1 run=40540528485118 event=input input_id=145 gesture_id=8 kind=motion t_ns=40549351384026 source=injected
K230_CARD_SHELL state mode=2 actions=1 message=0 cards=1
K230_CARD_BENCH v=1 run=40540528485118 event=present frame_id=328 t_ns=40549324051000 presented=1 clock=monotonic
K230_CARD_SHELL frame-cost run=40540528485118 frame_id=328 total_cpu_ns=16010651 render_cpu_ns=14308952 input_cpu_ns=1423518
K230_CARD_BENCH v=1 run=40540528485118 event=submit input_id=144 frame_id=328 t_ns=40549318232036 update_cpu_ns=16010651 final=0
K230_CARD_BENCH v=1 run=40540528485118 event=submit input_id=143 frame_id=328 t_ns=40549318232036 update_cpu_ns=16010651 final=0
K230_CARD_BENCH v=1 run=40540528485118 event=submit input_id=142 frame_id=328 t_ns=40549318232036 update_cpu_ns=16010651 final=0
K230_CARD_BENCH v=1 run=40540528485118 event=submit input_id=141 frame_id=328 t_ns=40549318232036 update_cpu_ns=16010651 final=0
K230_CARD_BENCH v=1 run=40540528485118 event=submit input_id=140 frame_id=328 t_ns=40549318232036 update_cpu_ns=16010651 final=0
K230_CARD_BENCH v=1 run=40540528485118 event=present frame_id=327 t_ns=40549285714000 presented=1 clock=monotonic
K230_CARD_BENCH v=1 run=40540528485118 event=input input_id=144 gesture_id=8 kind=motion t_ns=40549284530613 source=injected
K230_CARD_SHELL state mode=2 actions=1 message=0 cards=1
K230_CARD_BENCH v=1 run=40540528485118 event=input input_id=143 gesture_id=8 kind=motion t_ns=40549279402882 source=injected
K230_CARD_SHELL state mode=2 actions=1 message=0 cards=1
K230_CARD_BENCH v=1 run=40540528485118 event=input input_id=142 gesture_id=8 kind=motion t_ns=40549279013097 source=injected
K230_CARD_SHELL state mode=2 actions=1 message=0 cards=1
K230_CARD_BENCH v=1 run=40540528485118 event=input input_id=141 gesture_id=8 kind=motion t_ns=40549276472845 source=injected
K230_CARD_SHELL state mode=2 actions=1 message=0 cards=1
K230_CARD_BENCH v=1 run=40540528485118 event=input input_id=140 gesture_id=8 kind=motion t_ns=40549275984864 source=injected
K230_CARD_SHELL state mode=2 actions=1 message=0 cards=1
K230_CARD_SHELL live cards=1 commits=172 sampled=342 frame-done=342 output-presented=171
K230_CARD_SHELL frame-cost run=40540528485118 frame_id=327 total_cpu_ns=14990298 render_cpu_ns=14224517 input_cpu_ns=609148
K230_CARD_BENCH v=1 run=40540528485118 event=submit input_id=139 frame_id=327 t_ns=40549270461310 update_cpu_ns=14990298 final=0
K230_CARD_BENCH v=1 run=40540528485118 event=submit input_id=138 frame_id=327 t_ns=40549270461310 update_cpu_ns=14990298 final=0
K230_CARD_BENCH v=1 run=40540528485118 event=submit input_id=137 frame_id=327 t_ns=40549270461310 update_cpu_ns=14990298 final=0
K230_CARD_BENCH v=1 run=40540528485118 event=present frame_id=326 t_ns=40549228223000 presented=1 clock=monotonic
K230_CARD_BENCH v=1 run=40540528485118 event=input input_id=139 gesture_id=8 kind=motion t_ns=40549231719647 source=injected
K230_CARD_SHELL state mode=2 actions=1 message=0 cards=1
K230_CARD_BENCH v=1 run=40540528485118 event=input input_id=138 gesture_id=8 kind=motion t_ns=40549231349494 source=injected
K230_CARD_SHELL state mode=2 actions=1 message=0 cards=1
K230_CARD_BENCH v=1 run=40540528485118 event=input input_id=137 gesture_id=8 kind=motion t_ns=40549226779456 source=injected
K230_CARD_SHELL state mode=2 actions=1 message=0 cards=1
K230_CARD_BENCH v=1 run=40540528485118 event=present frame_id=325 t_ns=40549209063000 presented=1 clock=monotonic
K230_CARD_SHELL state mode=2 actions=1 message=0 cards=1
K230_CARD_BENCH v=1 run=40540528485118 event=present frame_id=324 t_ns=40549170731000 presented=1 clock=monotonic
K230_CARD_BENCH v=1 run=40540528485118 event=present frame_id=323 t_ns=40549151569000 presented=1 clock=monotonic
K230_CARD_BENCH v=1 run=40540528485118 event=present frame_id=322 t_ns=40549113240000 presented=1 clock=monotonic
K230_CARD_BENCH v=1 run=40540528485118 event=present frame_id=321 t_ns=40549094079000 presented=1 clock=monotonic
K230_CARD_BENCH v=1 run=40540528485118 event=present frame_id=320 t_ns=40549055750000 presented=1 clock=monotonic
K230_CARD_BENCH v=1 run=40540528485118 event=present frame_id=319 t_ns=40549036588000 presented=1 clock=monotonic
K230_CARD_BENCH v=1 run=40540528485118 event=present frame_id=318 t_ns=40548998261000 presented=1 clock=monotonic
K230_CARD_BENCH v=1 run=40540528485118 event=present frame_id=317 t_ns=40548979098000 presented=1 clock=monotonic
K230_CARD_BENCH v=1 run=40540528485118 event=present frame_id=316 t_ns=40548940774000 presented=1 clock=monotonic
K230_CARD_SHELL frame-cost run=40540528485118 frame_id=316 total_cpu_ns=15714756 render_cpu_ns=14200239 input_cpu_ns=1327998
K230_CARD_BENCH v=1 run=40540528485118 event=submit input_id=136 frame_id=316 t_ns=40548937439125 update_cpu_ns=15714756 final=1
K230_CARD_BENCH v=1 run=40540528485118 event=submit input_id=135 frame_id=316 t_ns=40548937439125 update_cpu_ns=15714756 final=0
K230_CARD_BENCH v=1 run=40540528485118 event=submit input_id=134 frame_id=316 t_ns=40548937439125 update_cpu_ns=15714756 final=0
K230_CARD_BENCH v=1 run=40540528485118 event=present frame_id=315 t_ns=40548921608000 presented=1 clock=monotonic
K230_CARD_BENCH v=1 run=40540528485118 event=input input_id=136 gesture_id=7 kind=release t_ns=40548911701496 source=injected
K230_CARD_SHELL state mode=1 actions=1 message=0 cards=1
K230_CARD_BENCH v=1 run=40540528485118 event=input input_id=135 gesture_id=7 kind=motion t_ns=40548909857434 source=injected
K230_CARD_SHELL state mode=2 actions=1 message=0 cards=1
K230_CARD_BENCH v=1 run=40540528485118 event=input input_id=134 gesture_id=7 kind=motion t_ns=40548907939253 source=injected
K230_CARD_SHELL state mode=2 actions=1 message=0 cards=1
K230_CARD_BENCH v=1 run=40540528485118 event=present frame_id=314 t_ns=40548883282000 presented=1 clock=monotonic
K230_CARD_SHELL frame-cost run=40540528485118 frame_id=314 total_cpu_ns=13564035 render_cpu_ns=12074182 input_cpu_ns=1329739
K230_CARD_BENCH v=1 run=40540528485118 event=submit input_id=133 frame_id=314 t_ns=40548877768602 update_cpu_ns=13564035 final=0
K230_CARD_BENCH v=1 run=40540528485118 event=submit input_id=132 frame_id=314 t_ns=40548877768602 update_cpu_ns=13564035 final=0
K230_CARD_BENCH v=1 run=40540528485118 event=submit input_id=131 frame_id=314 t_ns=40548877768602 update_cpu_ns=13564035 final=0
K230_CARD_BENCH v=1 run=40540528485118 event=submit input_id=130 frame_id=314 t_ns=40548877768602 update_cpu_ns=13564035 final=0
K230_CARD_BENCH v=1 run=40540528485118 event=present frame_id=313 t_ns=40548864120000 presented=1 clock=monotonic
K230_CARD_BENCH v=1 run=40540528485118 event=input input_id=133 gesture_id=7 kind=motion t_ns=40548860890720 source=injected
K230_CARD_SHELL state mode=2 actions=1 message=0 cards=1
K230_CARD_BENCH v=1 run=40540528485118 event=input input_id=132 gesture_id=7 kind=motion t_ns=40548854291155 source=injected
K230_CARD_SHELL state mode=2 actions=1 message=0 cards=1
K230_CARD_BENCH v=1 run=40540528485118 event=input input_id=131 gesture_id=7 kind=motion t_ns=40548853897629 source=injected
K230_CARD_SHELL state mode=2 actions=1 message=0 cards=1
K230_CARD_BENCH v=1 run=40540528485118 event=input input_id=130 gesture_id=7 kind=motion t_ns=40548853473470 source=injected
K230_CARD_SHELL state mode=2 actions=1 message=0 cards=1
K230_CARD_SHELL frame-cost run=40540528485118 frame_id=313 total_cpu_ns=14460756 render_cpu_ns=13646315 input_cpu_ns=601480
K230_CARD_BENCH v=1 run=40540528485118 event=submit input_id=129 frame_id=313 t_ns=40548852704457 update_cpu_ns=14460756 final=0
K230_CARD_BENCH v=1 run=40540528485118 event=submit input_id=128 frame_id=313 t_ns=40548852704457 update_cpu_ns=14460756 final=0
K230_CARD_BENCH v=1 run=40540528485118 event=present frame_id=312 t_ns=40548825791000 presented=1 clock=monotonic
K230_CARD_BENCH v=1 run=40540528485118 event=input input_id=129 gesture_id=7 kind=motion t_ns=40548826333681 source=injected
K230_CARD_SHELL state mode=2 actions=1 message=0 cards=1
K230_CARD_BENCH v=1 run=40540528485118 event=input input_id=128 gesture_id=7 kind=motion t_ns=40548825880223 source=injected
K230_CARD_SHELL state mode=2 actions=1 message=0 cards=1
K230_CARD_SHELL frame-cost run=40540528485118 frame_id=312 total_cpu_ns=15235112 render_cpu_ns=14216073 input_cpu_ns=840889
K230_CARD_BENCH v=1 run=40540528485118 event=submit input_id=127 frame_id=312 t_ns=40548822824060 update_cpu_ns=15235112 final=0
K230_CARD_BENCH v=1 run=40540528485118 event=submit input_id=126 frame_id=312 t_ns=40548822824060 update_cpu_ns=15235112 final=0
K230_CARD_BENCH v=1 run=40540528485118 event=submit input_id=125 frame_id=312 t_ns=40548822824060 update_cpu_ns=15235112 final=0
K230_CARD_BENCH v=1 run=40540528485118 event=present frame_id=311 t_ns=40548806628000 presented=1 clock=monotonic
K230_CARD_BENCH v=1 run=40540528485118 event=input input_id=127 gesture_id=7 kind=motion t_ns=40548802630506 source=injected
K230_CARD_SHELL state mode=2 actions=1 message=0 cards=1
K230_CARD_BENCH v=1 run=40540528485118 event=input input_id=126 gesture_id=7 kind=motion t_ns=40548801889755 source=injected
K230_CARD_SHELL state mode=2 actions=1 message=0 cards=1
K230_CARD_BENCH v=1 run=40540528485118 event=input input_id=125 gesture_id=7 kind=motion t_ns=40548801493858 source=injected
K230_CARD_SHELL state mode=2 actions=1 message=0 cards=1
K230_CARD_SHELL frame-cost run=40540528485118 frame_id=311 total_cpu_ns=15036555 render_cpu_ns=14094888 input_cpu_ns=712149
K230_CARD_BENCH v=1 run=40540528485118 event=submit input_id=124 frame_id=311 t_ns=40548797369204 update_cpu_ns=15036555 final=0
K230_CARD_BENCH v=1 run=40540528485118 event=submit input_id=123 frame_id=311 t_ns=40548797369204 update_cpu_ns=15036555 final=0
K230_CARD_BENCH v=1 run=40540528485118 event=submit input_id=122 frame_id=311 t_ns=40548797369204 update_cpu_ns=15036555 final=0
K230_CARD_BENCH v=1 run=40540528485118 event=present frame_id=310 t_ns=40548768301000 presented=1 clock=monotonic
K230_CARD_BENCH v=1 run=40540528485118 event=input input_id=124 gesture_id=7 kind=motion t_ns=40548771417106 source=injected
K230_CARD_SHELL state mode=2 actions=1 message=0 cards=1
K230_CARD_BENCH v=1 run=40540528485118 event=input input_id=123 gesture_id=7 kind=motion t_ns=40548770971278 source=injected
K230_CARD_SHELL state mode=2 actions=1 message=0 cards=1
K230_CARD_BENCH v=1 run=40540528485118 event=input input_id=122 gesture_id=7 kind=motion t_ns=40548766572889 source=injected
K230_CARD_SHELL state mode=2 actions=1 message=0 cards=1
K230_CARD_SHELL frame-cost run=40540528485118 frame_id=310 total_cpu_ns=15571493 render_cpu_ns=14215456 input_cpu_ns=1137554
K230_CARD_BENCH v=1 run=40540528485118 event=submit input_id=121 frame_id=310 t_ns=40548765561144 update_cpu_ns=15571493 final=0
K230_CARD_BENCH v=1 run=40540528485118 event=submit input_id=120 frame_id=310 t_ns=40548765561144 update_cpu_ns=15571493 final=0
K230_CARD_BENCH v=1 run=40540528485118 event=submit input_id=119 frame_id=310 t_ns=40548765561144 update_cpu_ns=15571493 final=0
K230_CARD_BENCH v=1 run=40540528485118 event=submit input_id=118 frame_id=310 t_ns=40548765561144 update_cpu_ns=15571493 final=0
K230_CARD_BENCH v=1 run=40540528485118 event=submit input_id=117 frame_id=310 t_ns=40548765561144 update_cpu_ns=15571493 final=0
K230_CARD_BENCH v=1 run=40540528485118 event=present frame_id=309 t_ns=40548749140000 presented=1 clock=monotonic
K230_CARD_BENCH v=1 run=40540528485118 event=input input_id=121 gesture_id=7 kind=motion t_ns=40548747327866 source=injected
K230_CARD_SHELL state mode=2 actions=1 message=0 cards=1
K230_CARD_BENCH v=1 run=40540528485118 event=input input_id=120 gesture_id=7 kind=motion t_ns=40548746938007 source=injected
K230_CARD_SHELL state mode=2 actions=1 message=0 cards=1
K230_CARD_BENCH v=1 run=40540528485118 event=input input_id=119 gesture_id=7 kind=motion t_ns=40548745720685 source=injected
K230_CARD_SHELL state mode=2 actions=1 message=0 cards=1
K230_CARD_BENCH v=1 run=40540528485118 event=input input_id=118 gesture_id=7 kind=motion t_ns=40548745350273 source=injected
K230_CARD_SHELL state mode=2 actions=1 message=0 cards=1
K230_CARD_BENCH v=1 run=40540528485118 event=input input_id=117 gesture_id=7 kind=motion t_ns=40548743208661 source=injected
K230_CARD_SHELL state mode=2 actions=1 message=0 cards=1
K230_CARD_SHELL frame-cost run=40540528485118 frame_id=309 total_cpu_ns=14437581 render_cpu_ns=14145322 input_cpu_ns=158668
K230_CARD_BENCH v=1 run=40540528485118 event=submit input_id=116 frame_id=309 t_ns=40548738665853 update_cpu_ns=14437581 final=0
K230_CARD_BENCH v=1 run=40540528485118 event=present frame_id=308 t_ns=40548691648000 presented=1 clock=monotonic
K230_CARD_BENCH v=1 run=40540528485118 event=input input_id=116 gesture_id=7 kind=motion t_ns=40548691456200 source=injected
K230_CARD_SHELL state mode=2 actions=1 message=0 cards=1
K230_CARD_SHELL state mode=2 actions=1 message=0 cards=1
K230_CARD_BENCH v=1 run=40540528485118 event=present frame_id=307 t_ns=40548653320000 presented=1 clock=monotonic
K230_CARD_BENCH v=1 run=40540528485118 event=resource phase=active t_ns=40548637929872 cpu_ns=8226483000 memory_bytes=19685376 scope=session
K230_CARD_BENCH v=1 run=40540528485118 event=resource phase=active t_ns=40548637929872 cpu_ns=4251299993 memory_bytes=27557888 scope=compositor
K230_CARD_BENCH v=1 run=40540528485118 event=present frame_id=306 t_ns=40548614992000 presented=1 clock=monotonic
K230_CARD_BENCH v=1 run=40540528485118 event=present frame_id=305 t_ns=40548595831000 presented=1 clock=monotonic
K230_CARD_BENCH v=1 run=40540528485118 event=present frame_id=304 t_ns=40548557502000 presented=1 clock=monotonic
K230_CARD_BENCH v=1 run=40540528485118 event=present frame_id=303 t_ns=40548538340000 presented=1 clock=monotonic
K230_CARD_BENCH v=1 run=40540528485118 event=present frame_id=302 t_ns=40548500049000 presented=1 clock=monotonic
K230_CARD_BENCH v=1 run=40540528485118 event=present frame_id=301 t_ns=40548480850000 presented=1 clock=monotonic
K230_CARD_BENCH v=1 run=40540528485118 event=present frame_id=300 t_ns=40548442522000 presented=1 clock=monotonic
K230_CARD_BENCH v=1 run=40540528485118 event=present frame_id=299 t_ns=40548423360000 presented=1 clock=monotonic
K230_CARD_BENCH v=1 run=40540528485118 event=present frame_id=298 t_ns=40548385034000 presented=1 clock=monotonic
K230_CARD_SHELL frame-cost run=40540528485118 frame_id=298 total_cpu_ns=17655613 render_cpu_ns=14319162 input_cpu_ns=2989227
K230_CARD_BENCH v=1 run=40540528485118 event=submit input_id=115 frame_id=298 t_ns=40548382426933 update_cpu_ns=17655613 final=1
K230_CARD_BENCH v=1 run=40540528485118 event=submit input_id=114 frame_id=298 t_ns=40548382426933 update_cpu_ns=17655613 final=0
K230_CARD_BENCH v=1 run=40540528485118 event=submit input_id=113 frame_id=298 t_ns=40548382426933 update_cpu_ns=17655613 final=0
K230_CARD_BENCH v=1 run=40540528485118 event=submit input_id=112 frame_id=298 t_ns=40548382426933 update_cpu_ns=17655613 final=0
K230_CARD_BENCH v=1 run=40540528485118 event=submit input_id=111 frame_id=298 t_ns=40548382426933 update_cpu_ns=17655613 final=0
K230_CARD_BENCH v=1 run=40540528485118 event=submit input_id=110 frame_id=298 t_ns=40548382426933 update_cpu_ns=17655613 final=0
K230_CARD_BENCH v=1 run=40540528485118 event=submit input_id=109 frame_id=298 t_ns=40548382426933 update_cpu_ns=17655613 final=0
K230_CARD_BENCH v=1 run=40540528485118 event=present frame_id=297 t_ns=40548365870000 presented=1 clock=monotonic
K230_CARD_BENCH v=1 run=40540528485118 event=input input_id=115 gesture_id=6 kind=release t_ns=40548362694117 source=injected
K230_CARD_SHELL state mode=1 actions=1 message=0 cards=1
K230_CARD_BENCH v=1 run=40540528485118 event=input input_id=114 gesture_id=6 kind=motion t_ns=40548362132535 source=injected
K230_CARD_SHELL state mode=2 actions=1 message=0 cards=1
K230_CARD_BENCH v=1 run=40540528485118 event=input input_id=113 gesture_id=6 kind=motion t_ns=40548360309737 source=injected
K230_CARD_SHELL state mode=2 actions=1 message=0 cards=1
K230_CARD_BENCH v=1 run=40540528485118 event=input input_id=112 gesture_id=6 kind=motion t_ns=40548358176460 source=injected
K230_CARD_SHELL state mode=2 actions=1 message=0 cards=1
K230_CARD_BENCH v=1 run=40540528485118 event=input input_id=111 gesture_id=6 kind=motion t_ns=40548357675552 source=injected
K230_CARD_SHELL state mode=2 actions=1 message=0 cards=1
K230_CARD_BENCH v=1 run=40540528485118 event=input input_id=110 gesture_id=6 kind=motion t_ns=40548357080596 source=injected
K230_CARD_SHELL state mode=2 actions=1 message=0 cards=1
K230_CARD_BENCH v=1 run=40540528485118 event=input input_id=109 gesture_id=6 kind=motion t_ns=40548354768002 source=injected
K230_CARD_SHELL state mode=2 actions=1 message=0 cards=1
K230_CARD_BENCH v=1 run=40540528485118 event=present frame_id=296 t_ns=40548327544000 presented=1 clock=monotonic
K230_CARD_SHELL frame-cost run=40540528485118 frame_id=296 total_cpu_ns=16070883 render_cpu_ns=13905509 input_cpu_ns=1902521
K230_CARD_BENCH v=1 run=40540528485118 event=submit input_id=108 frame_id=296 t_ns=40548324287975 update_cpu_ns=16070883 final=0
K230_CARD_BENCH v=1 run=40540528485118 event=submit input_id=107 frame_id=296 t_ns=40548324287975 update_cpu_ns=16070883 final=0
K230_CARD_BENCH v=1 run=40540528485118 event=submit input_id=106 frame_id=296 t_ns=40548324287975 update_cpu_ns=16070883 final=0
K230_CARD_BENCH v=1 run=40540528485118 event=submit input_id=105 frame_id=296 t_ns=40548324287975 update_cpu_ns=16070883 final=0
K230_CARD_BENCH v=1 run=40540528485118 event=submit input_id=104 frame_id=296 t_ns=40548324287975 update_cpu_ns=16070883 final=0
K230_CARD_BENCH v=1 run=40540528485118 event=present frame_id=295 t_ns=40548308380000 presented=1 clock=monotonic
K230_CARD_BENCH v=1 run=40540528485118 event=input input_id=108 gesture_id=6 kind=motion t_ns=40548305269572 source=injected
K230_CARD_SHELL state mode=2 actions=1 message=0 cards=1
K230_CARD_BENCH v=1 run=40540528485118 event=input input_id=107 gesture_id=6 kind=motion t_ns=40548303480111 source=injected
K230_CARD_SHELL state mode=2 actions=1 message=0 cards=1
K230_CARD_BENCH v=1 run=40540528485118 event=input input_id=106 gesture_id=6 kind=motion t_ns=40548303061472 source=injected
K230_CARD_SHELL state mode=2 actions=1 message=0 cards=1
K230_CARD_BENCH v=1 run=40540528485118 event=input input_id=105 gesture_id=6 kind=motion t_ns=40548301797181 source=injected
K230_CARD_SHELL state mode=2 actions=1 message=0 cards=1
K230_CARD_BENCH v=1 run=40540528485118 event=input input_id=104 gesture_id=6 kind=motion t_ns=40548299322309 source=injected
K230_CARD_SHELL state mode=2 actions=1 message=0 cards=1
K230_CARD_BENCH v=1 run=40540528485118 event=present frame_id=294 t_ns=40548270055000 presented=1 clock=monotonic
K230_CARD_SHELL frame-cost run=40540528485118 frame_id=294 total_cpu_ns=15691059 render_cpu_ns=14120986 input_cpu_ns=1285073
K230_CARD_BENCH v=1 run=40540528485118 event=submit input_id=103 frame_id=294 t_ns=40548267524838 update_cpu_ns=15691059 final=0
K230_CARD_BENCH v=1 run=40540528485118 event=submit input_id=102 frame_id=294 t_ns=40548267524838 update_cpu_ns=15691059 final=0
K230_CARD_BENCH v=1 run=40540528485118 event=submit input_id=101 frame_id=294 t_ns=40548267524838 update_cpu_ns=15691059 final=0
K230_CARD_BENCH v=1 run=40540528485118 event=submit input_id=100 frame_id=294 t_ns=40548267524838 update_cpu_ns=15691059 final=0
K230_CARD_BENCH v=1 run=40540528485118 event=present frame_id=293 t_ns=40548250891000 presented=1 clock=monotonic
K230_CARD_BENCH v=1 run=40540528485118 event=input input_id=103 gesture_id=6 kind=motion t_ns=40548249926780 source=injected
K230_CARD_SHELL state mode=2 actions=1 message=0 cards=1
K230_CARD_BENCH v=1 run=40540528485118 event=input input_id=102 gesture_id=6 kind=motion t_ns=40548247285112 source=injected
K230_CARD_SHELL state mode=2 actions=1 message=0 cards=1
K230_CARD_BENCH v=1 run=40540528485118 event=input input_id=101 gesture_id=6 kind=motion t_ns=40548245922589 source=injected
K230_CARD_SHELL state mode=2 actions=1 message=0 cards=1
K230_CARD_BENCH v=1 run=40540528485118 event=input input_id=100 gesture_id=6 kind=motion t_ns=40548245604108 source=injected
K230_CARD_SHELL state mode=2 actions=1 message=0 cards=1
K230_CARD_SHELL frame-cost run=40540528485118 frame_id=293 total_cpu_ns=14741346 render_cpu_ns=14190346 input_cpu_ns=341148
K230_CARD_BENCH v=1 run=40540528485118 event=submit input_id=99 frame_id=293 t_ns=40548242768752 update_cpu_ns=14741346 final=0
K230_CARD_BENCH v=1 run=40540528485118 event=submit input_id=98 frame_id=293 t_ns=40548242768752 update_cpu_ns=14741346 final=0
K230_CARD_BENCH v=1 run=40540528485118 event=present frame_id=292 t_ns=40548212565000 presented=1 clock=monotonic
K230_CARD_BENCH v=1 run=40540528485118 event=input input_id=99 gesture_id=6 kind=motion t_ns=40548213102927 source=injected
K230_CARD_SHELL state mode=2 actions=1 message=0 cards=1
K230_CARD_BENCH v=1 run=40540528485118 event=input input_id=98 gesture_id=6 kind=motion t_ns=40548212796448 source=injected
K230_CARD_SHELL state mode=2 actions=1 message=0 cards=1
K230_CARD_SHELL frame-cost run=40540528485118 frame_id=292 total_cpu_ns=15393694 render_cpu_ns=14347213 input_cpu_ns=860777
K230_CARD_BENCH v=1 run=40540528485118 event=submit input_id=97 frame_id=292 t_ns=40548210196192 update_cpu_ns=15393694 final=0
K230_CARD_BENCH v=1 run=40540528485118 event=submit input_id=96 frame_id=292 t_ns=40548210196192 update_cpu_ns=15393694 final=0
K230_CARD_BENCH v=1 run=40540528485118 event=submit input_id=95 frame_id=292 t_ns=40548210196192 update_cpu_ns=15393694 final=0
K230_CARD_BENCH v=1 run=40540528485118 event=present frame_id=291 t_ns=40548193400000 presented=1 clock=monotonic
K230_CARD_BENCH v=1 run=40540528485118 event=input input_id=97 gesture_id=6 kind=motion t_ns=40548190744482 source=injected
K230_CARD_SHELL state mode=2 actions=1 message=0 cards=1
K230_CARD_BENCH v=1 run=40540528485118 event=input input_id=96 gesture_id=6 kind=motion t_ns=40548188246423 source=injected
K230_CARD_SHELL state mode=2 actions=1 message=0 cards=1
K230_CARD_BENCH v=1 run=40540528485118 event=input input_id=95 gesture_id=6 kind=motion t_ns=40548186461703 source=injected
K230_CARD_SHELL state mode=2 actions=1 message=0 cards=1
K230_CARD_SHELL state mode=2 actions=1 message=0 cards=1
K230_CARD_BENCH v=1 run=40540528485118 event=present frame_id=290 t_ns=40548155073000 presented=1 clock=monotonic
K230_CARD_BENCH v=1 run=40540528485118 event=present frame_id=289 t_ns=40548116747000 presented=1 clock=monotonic
K230_CARD_BENCH v=1 run=40540528485118 event=present frame_id=288 t_ns=40548078419000 presented=1 clock=monotonic
K230_CARD_BENCH v=1 run=40540528485118 event=present frame_id=287 t_ns=40548059256000 presented=1 clock=monotonic
K230_CARD_BENCH v=1 run=40540528485118 event=present frame_id=286 t_ns=40548020929000 presented=1 clock=monotonic
K230_CARD_BENCH v=1 run=40540528485118 event=present frame_id=285 t_ns=40548001765000 presented=1 clock=monotonic
K230_CARD_BENCH v=1 run=40540528485118 event=present frame_id=284 t_ns=40547963438000 presented=1 clock=monotonic
K230_CARD_BENCH v=1 run=40540528485118 event=present frame_id=283 t_ns=40547944275000 presented=1 clock=monotonic
K230_CARD_BENCH v=1 run=40540528485118 event=present frame_id=282 t_ns=40547905948000 presented=1 clock=monotonic
K230_CARD_SHELL frame-cost run=40540528485118 frame_id=282 total_cpu_ns=15081384 render_cpu_ns=14194531 input_cpu_ns=673890
K230_CARD_BENCH v=1 run=40540528485118 event=submit input_id=94 frame_id=282 t_ns=40547902136368 update_cpu_ns=15081384 final=1
K230_CARD_BENCH v=1 run=40540528485118 event=submit input_id=93 frame_id=282 t_ns=40547902136368 update_cpu_ns=15081384 final=0
K230_CARD_BENCH v=1 run=40540528485118 event=present frame_id=281 t_ns=40547886785000 presented=1 clock=monotonic
K230_CARD_BENCH v=1 run=40540528485118 event=input input_id=94 gesture_id=5 kind=release t_ns=40547872297673 source=injected
K230_CARD_SHELL state mode=1 actions=1 message=0 cards=1
K230_CARD_BENCH v=1 run=40540528485118 event=input input_id=93 gesture_id=5 kind=motion t_ns=40547871580036 source=injected
K230_CARD_SHELL state mode=2 actions=1 message=0 cards=1
K230_CARD_BENCH v=1 run=40540528485118 event=present frame_id=280 t_ns=40547848465000 presented=1 clock=monotonic
K230_CARD_SHELL frame-cost run=40540528485118 frame_id=280 total_cpu_ns=13815844 render_cpu_ns=11719958 input_cpu_ns=1885667
K230_CARD_BENCH v=1 run=40540528485118 event=submit input_id=92 frame_id=280 t_ns=40547842726266 update_cpu_ns=13815844 final=0
K230_CARD_BENCH v=1 run=40540528485118 event=submit input_id=91 frame_id=280 t_ns=40547842726266 update_cpu_ns=13815844 final=0
K230_CARD_BENCH v=1 run=40540528485118 event=submit input_id=90 frame_id=280 t_ns=40547842726266 update_cpu_ns=13815844 final=0
K230_CARD_BENCH v=1 run=40540528485118 event=submit input_id=89 frame_id=280 t_ns=40547842726266 update_cpu_ns=13815844 final=0
K230_CARD_BENCH v=1 run=40540528485118 event=submit input_id=88 frame_id=280 t_ns=40547842726266 update_cpu_ns=13815844 final=0
K230_CARD_BENCH v=1 run=40540528485118 event=submit input_id=87 frame_id=280 t_ns=40547842726266 update_cpu_ns=13815844 final=0
K230_CARD_BENCH v=1 run=40540528485118 event=present frame_id=279 t_ns=40547829294000 presented=1 clock=monotonic
K230_CARD_BENCH v=1 run=40540528485118 event=input input_id=92 gesture_id=5 kind=motion t_ns=40547823053976 source=injected
K230_CARD_SHELL state mode=2 actions=1 message=0 cards=1
K230_CARD_BENCH v=1 run=40540528485118 event=input input_id=91 gesture_id=5 kind=motion t_ns=40547820322853 source=injected
K230_CARD_SHELL state mode=2 actions=1 message=0 cards=1
K230_CARD_BENCH v=1 run=40540528485118 event=input input_id=90 gesture_id=5 kind=motion t_ns=40547819864468 source=injected
K230_CARD_SHELL state mode=2 actions=1 message=0 cards=1
K230_CARD_BENCH v=1 run=40540528485118 event=input input_id=89 gesture_id=5 kind=motion t_ns=40547819483610 source=injected
K230_CARD_SHELL state mode=2 actions=1 message=0 cards=1
K230_CARD_BENCH v=1 run=40540528485118 event=input input_id=88 gesture_id=5 kind=motion t_ns=40547819073231 source=injected
K230_CARD_SHELL state mode=2 actions=1 message=0 cards=1
K230_CARD_BENCH v=1 run=40540528485118 event=input input_id=87 gesture_id=5 kind=motion t_ns=40547818607734 source=injected
K230_CARD_SHELL state mode=2 actions=1 message=0 cards=1
K230_CARD_BENCH v=1 run=40540528485118 event=present frame_id=278 t_ns=40547790966000 presented=1 clock=monotonic
K230_CARD_SHELL frame-cost run=40540528485118 frame_id=278 total_cpu_ns=16428180 render_cpu_ns=14425067 input_cpu_ns=1754038
K230_CARD_BENCH v=1 run=40540528485118 event=submit input_id=86 frame_id=278 t_ns=40547789510863 update_cpu_ns=16428180 final=0
K230_CARD_BENCH v=1 run=40540528485118 event=submit input_id=85 frame_id=278 t_ns=40547789510863 update_cpu_ns=16428180 final=0
K230_CARD_BENCH v=1 run=40540528485118 event=submit input_id=84 frame_id=278 t_ns=40547789510863 update_cpu_ns=16428180 final=0
K230_CARD_BENCH v=1 run=40540528485118 event=submit input_id=83 frame_id=278 t_ns=40547789510863 update_cpu_ns=16428180 final=0
K230_CARD_BENCH v=1 run=40540528485118 event=submit input_id=82 frame_id=278 t_ns=40547789510863 update_cpu_ns=16428180 final=0
K230_CARD_BENCH v=1 run=40540528485118 event=present frame_id=277 t_ns=40547771804000 presented=1 clock=monotonic
K230_CARD_BENCH v=1 run=40540528485118 event=input input_id=86 gesture_id=5 kind=motion t_ns=40547767087447 source=injected
K230_CARD_SHELL state mode=2 actions=1 message=0 cards=1
K230_CARD_BENCH v=1 run=40540528485118 event=input input_id=85 gesture_id=5 kind=motion t_ns=40547765785337 source=injected
K230_CARD_SHELL state mode=2 actions=1 message=0 cards=1
K230_CARD_BENCH v=1 run=40540528485118 event=input input_id=84 gesture_id=5 kind=motion t_ns=40547764644542 source=injected
K230_CARD_SHELL state mode=2 actions=1 message=0 cards=1
K230_CARD_BENCH v=1 run=40540528485118 event=input input_id=83 gesture_id=5 kind=motion t_ns=40547762318800 source=injected
K230_CARD_SHELL state mode=2 actions=1 message=0 cards=1
K230_CARD_BENCH v=1 run=40540528485118 event=input input_id=82 gesture_id=5 kind=motion t_ns=40547760423144 source=injected
K230_CARD_SHELL state mode=2 actions=1 message=0 cards=1
K230_CARD_BENCH v=1 run=40540528485118 event=present frame_id=276 t_ns=40547733479000 presented=1 clock=monotonic
K230_CARD_SHELL frame-cost run=40540528485118 frame_id=276 total_cpu_ns=15976464 render_cpu_ns=14061538 input_cpu_ns=1669260
K230_CARD_BENCH v=1 run=40540528485118 event=submit input_id=81 frame_id=276 t_ns=40547729843099 update_cpu_ns=15976464 final=0
K230_CARD_BENCH v=1 run=40540528485118 event=submit input_id=80 frame_id=276 t_ns=40547729843099 update_cpu_ns=15976464 final=0
K230_CARD_BENCH v=1 run=40540528485118 event=submit input_id=79 frame_id=276 t_ns=40547729843099 update_cpu_ns=15976464 final=0
K230_CARD_BENCH v=1 run=40540528485118 event=submit input_id=78 frame_id=276 t_ns=40547729843099 update_cpu_ns=15976464 final=0
K230_CARD_BENCH v=1 run=40540528485118 event=submit input_id=77 frame_id=276 t_ns=40547729843099 update_cpu_ns=15976464 final=0
K230_CARD_BENCH v=1 run=40540528485118 event=submit input_id=76 frame_id=276 t_ns=40547729843099 update_cpu_ns=15976464 final=0
K230_CARD_BENCH v=1 run=40540528485118 event=present frame_id=275 t_ns=40547714315000 presented=1 clock=monotonic
K230_CARD_BENCH v=1 run=40540528485118 event=input input_id=81 gesture_id=5 kind=motion t_ns=40547712923580 source=injected
K230_CARD_SHELL state mode=2 actions=1 message=0 cards=1
K230_CARD_BENCH v=1 run=40540528485118 event=input input_id=80 gesture_id=5 kind=motion t_ns=40547708183754 source=injected
K230_CARD_SHELL state mode=2 actions=1 message=0 cards=1
K230_CARD_BENCH v=1 run=40540528485118 event=input input_id=79 gesture_id=5 kind=motion t_ns=40547706938726 source=injected
K230_CARD_SHELL state mode=2 actions=1 message=0 cards=1
K230_CARD_BENCH v=1 run=40540528485118 event=input input_id=78 gesture_id=5 kind=motion t_ns=40547706641063 source=injected
K230_CARD_SHELL state mode=2 actions=1 message=0 cards=1
K230_CARD_BENCH v=1 run=40540528485118 event=input input_id=77 gesture_id=5 kind=motion t_ns=40547705472007 source=injected
K230_CARD_SHELL state mode=2 actions=1 message=0 cards=1
K230_CARD_BENCH v=1 run=40540528485118 event=input input_id=76 gesture_id=5 kind=motion t_ns=40547703688104 source=injected
K230_CARD_SHELL state mode=2 actions=1 message=0 cards=1
K230_CARD_BENCH v=1 run=40540528485118 event=present frame_id=274 t_ns=40547675989000 presented=1 clock=monotonic
K230_CARD_SHELL frame-cost run=40540528485118 frame_id=274 total_cpu_ns=14968942 render_cpu_ns=14113758 input_cpu_ns=625628
K230_CARD_BENCH v=1 run=40540528485118 event=submit input_id=75 frame_id=274 t_ns=40547672436021 update_cpu_ns=14968942 final=0
K230_CARD_BENCH v=1 run=40540528485118 event=submit input_id=74 frame_id=274 t_ns=40547672436021 update_cpu_ns=14968942 final=0
K230_CARD_BENCH v=1 run=40540528485118 event=present frame_id=273 t_ns=40547656824000 presented=1 clock=monotonic
K230_CARD_BENCH v=1 run=40540528485118 event=input input_id=75 gesture_id=5 kind=motion t_ns=40547652965883 source=injected
K230_CARD_SHELL state mode=2 actions=1 message=0 cards=1
K230_CARD_BENCH v=1 run=40540528485118 event=input input_id=74 gesture_id=5 kind=motion t_ns=40547643075482 source=injected
K230_CARD_SHELL state mode=2 actions=1 message=0 cards=1
K230_CARD_SHELL state mode=2 actions=1 message=0 cards=1
K230_CARD_BENCH v=1 run=40540528485118 event=present frame_id=272 t_ns=40547618500000 presented=1 clock=monotonic
K230_CARD_BENCH v=1 run=40540528485118 event=resource phase=active t_ns=40547617485513 cpu_ns=7507610000 memory_bytes=19689472 scope=session
K230_CARD_BENCH v=1 run=40540528485118 event=resource phase=active t_ns=40547617485513 cpu_ns=3708242671 memory_bytes=27557888 scope=compositor
K230_CARD_BENCH v=1 run=40540528485118 event=present frame_id=271 t_ns=40547561007000 presented=1 clock=monotonic
K230_CARD_BENCH v=1 run=40540528485118 event=present frame_id=270 t_ns=40547522680000 presented=1 clock=monotonic
K230_CARD_SHELL live cards=1 commits=114 sampled=228 frame-done=228 output-presented=114
K230_CARD_BENCH v=1 run=40540528485118 event=present frame_id=269 t_ns=40547484354000 presented=1 clock=monotonic
K230_CARD_BENCH v=1 run=40540528485118 event=present frame_id=268 t_ns=40547465190000 presented=1 clock=monotonic
K230_CARD_BENCH v=1 run=40540528485118 event=present frame_id=267 t_ns=40547426863000 presented=1 clock=monotonic
K230_CARD_BENCH v=1 run=40540528485118 event=present frame_id=266 t_ns=40547407700000 presented=1 clock=monotonic
K230_CARD_BENCH v=1 run=40540528485118 event=present frame_id=265 t_ns=40547369374000 presented=1 clock=monotonic
K230_CARD_SHELL frame-cost run=40540528485118 frame_id=265 total_cpu_ns=16178194 render_cpu_ns=14334270 input_cpu_ns=1656555
K230_CARD_BENCH v=1 run=40540528485118 event=submit input_id=73 frame_id=265 t_ns=40547366009426 update_cpu_ns=16178194 final=1
K230_CARD_BENCH v=1 run=40540528485118 event=submit input_id=72 frame_id=265 t_ns=40547366009426 update_cpu_ns=16178194 final=0
K230_CARD_BENCH v=1 run=40540528485118 event=submit input_id=71 frame_id=265 t_ns=40547366009426 update_cpu_ns=16178194 final=0
K230_CARD_BENCH v=1 run=40540528485118 event=present frame_id=264 t_ns=40547350210000 presented=1 clock=monotonic
K230_CARD_BENCH v=1 run=40540528485118 event=input input_id=73 gesture_id=4 kind=release t_ns=40547340654557 source=injected
K230_CARD_SHELL state mode=1 actions=1 message=0 cards=1
K230_CARD_BENCH v=1 run=40540528485118 event=input input_id=72 gesture_id=4 kind=motion t_ns=40547338456904 source=injected
K230_CARD_SHELL state mode=2 actions=1 message=0 cards=1
K230_CARD_BENCH v=1 run=40540528485118 event=input input_id=71 gesture_id=4 kind=motion t_ns=40547336491240 source=injected
K230_CARD_SHELL state mode=2 actions=1 message=0 cards=1
K230_CARD_BENCH v=1 run=40540528485118 event=present frame_id=263 t_ns=40547311883000 presented=1 clock=monotonic
K230_CARD_SHELL frame-cost run=40540528485118 frame_id=263 total_cpu_ns=15578330 render_cpu_ns=12391108 input_cpu_ns=2872407
K230_CARD_BENCH v=1 run=40540528485118 event=submit input_id=70 frame_id=263 t_ns=40547307359098 update_cpu_ns=15578330 final=0
K230_CARD_BENCH v=1 run=40540528485118 event=submit input_id=69 frame_id=263 t_ns=40547307359098 update_cpu_ns=15578330 final=0
K230_CARD_BENCH v=1 run=40540528485118 event=submit input_id=68 frame_id=263 t_ns=40547307359098 update_cpu_ns=15578330 final=0
K230_CARD_BENCH v=1 run=40540528485118 event=submit input_id=67 frame_id=263 t_ns=40547307359098 update_cpu_ns=15578330 final=0
K230_CARD_BENCH v=1 run=40540528485118 event=submit input_id=66 frame_id=263 t_ns=40547307359098 update_cpu_ns=15578330 final=0
K230_CARD_BENCH v=1 run=40540528485118 event=submit input_id=65 frame_id=263 t_ns=40547307359098 update_cpu_ns=15578330 final=0
K230_CARD_BENCH v=1 run=40540528485118 event=present frame_id=262 t_ns=40547292723000 presented=1 clock=monotonic
K230_CARD_BENCH v=1 run=40540528485118 event=input input_id=70 gesture_id=4 kind=motion t_ns=40547291331789 source=injected
K230_CARD_SHELL state mode=2 actions=1 message=0 cards=1
K230_CARD_BENCH v=1 run=40540528485118 event=input input_id=69 gesture_id=4 kind=motion t_ns=40547289012641 source=injected
K230_CARD_SHELL state mode=2 actions=1 message=0 cards=1
K230_CARD_BENCH v=1 run=40540528485118 event=input input_id=68 gesture_id=4 kind=motion t_ns=40547288483212 source=injected
K230_CARD_SHELL state mode=2 actions=1 message=0 cards=1
K230_CARD_BENCH v=1 run=40540528485118 event=input input_id=67 gesture_id=4 kind=motion t_ns=40547286993194 source=injected
K230_CARD_SHELL state mode=2 actions=1 message=0 cards=1
K230_CARD_BENCH v=1 run=40540528485118 event=input input_id=66 gesture_id=4 kind=motion t_ns=40547285067719 source=injected
K230_CARD_SHELL state mode=2 actions=1 message=0 cards=1
K230_CARD_BENCH v=1 run=40540528485118 event=input input_id=65 gesture_id=4 kind=motion t_ns=40547282798281 source=injected
K230_CARD_SHELL state mode=2 actions=1 message=0 cards=1
K230_CARD_BENCH v=1 run=40540528485118 event=present frame_id=261 t_ns=40547254395000 presented=1 clock=monotonic
K230_CARD_SHELL frame-cost run=40540528485118 frame_id=261 total_cpu_ns=15350555 render_cpu_ns=14325888 input_cpu_ns=825741
K230_CARD_BENCH v=1 run=40540528485118 event=submit input_id=64 frame_id=261 t_ns=40547251423184 update_cpu_ns=15350555 final=0
K230_CARD_BENCH v=1 run=40540528485118 event=submit input_id=63 frame_id=261 t_ns=40547251423184 update_cpu_ns=15350555 final=0
K230_CARD_BENCH v=1 run=40540528485118 event=submit input_id=62 frame_id=261 t_ns=40547251423184 update_cpu_ns=15350555 final=0
K230_CARD_BENCH v=1 run=40540528485118 event=present frame_id=260 t_ns=40547235230000 presented=1 clock=monotonic
K230_CARD_BENCH v=1 run=40540528485118 event=input input_id=64 gesture_id=4 kind=motion t_ns=40547233197519 source=injected
K230_CARD_SHELL state mode=2 actions=1 message=0 cards=1
K230_CARD_BENCH v=1 run=40540528485118 event=input input_id=63 gesture_id=4 kind=motion t_ns=40547231384946 source=injected
K230_CARD_SHELL state mode=2 actions=1 message=0 cards=1
K230_CARD_BENCH v=1 run=40540528485118 event=input input_id=62 gesture_id=4 kind=motion t_ns=40547230981234 source=injected
K230_CARD_SHELL state mode=2 actions=1 message=0 cards=1
K230_CARD_SHELL frame-cost run=40540528485118 frame_id=260 total_cpu_ns=15231845 render_cpu_ns=14133437 input_cpu_ns=890591
K230_CARD_BENCH v=1 run=40540528485118 event=submit input_id=61 frame_id=260 t_ns=40547227994493 update_cpu_ns=15231845 final=0
K230_CARD_BENCH v=1 run=40540528485118 event=submit input_id=60 frame_id=260 t_ns=40547227994493 update_cpu_ns=15231845 final=0
K230_CARD_BENCH v=1 run=40540528485118 event=submit input_id=59 frame_id=260 t_ns=40547227994493 update_cpu_ns=15231845 final=0
K230_CARD_BENCH v=1 run=40540528485118 event=present frame_id=259 t_ns=40547196903000 presented=1 clock=monotonic
K230_CARD_BENCH v=1 run=40540528485118 event=input input_id=61 gesture_id=4 kind=motion t_ns=40547203484644 source=injected
K230_CARD_SHELL state mode=2 actions=1 message=0 cards=1
K230_CARD_BENCH v=1 run=40540528485118 event=input input_id=60 gesture_id=4 kind=motion t_ns=40547200425747 source=injected
K230_CARD_SHELL state mode=2 actions=1 message=0 cards=1
K230_CARD_BENCH v=1 run=40540528485118 event=input input_id=59 gesture_id=4 kind=motion t_ns=40547199870056 source=injected
K230_CARD_SHELL state mode=2 actions=1 message=0 cards=1
K230_CARD_SHELL frame-cost run=40540528485118 frame_id=259 total_cpu_ns=16084716 render_cpu_ns=14321273 input_cpu_ns=1557296
K230_CARD_BENCH v=1 run=40540528485118 event=submit input_id=58 frame_id=259 t_ns=40547193934504 update_cpu_ns=16084716 final=0
K230_CARD_BENCH v=1 run=40540528485118 event=submit input_id=57 frame_id=259 t_ns=40547193934504 update_cpu_ns=16084716 final=0
K230_CARD_BENCH v=1 run=40540528485118 event=submit input_id=56 frame_id=259 t_ns=40547193934504 update_cpu_ns=16084716 final=0
K230_CARD_BENCH v=1 run=40540528485118 event=submit input_id=55 frame_id=259 t_ns=40547193934504 update_cpu_ns=16084716 final=0
K230_CARD_BENCH v=1 run=40540528485118 event=submit input_id=54 frame_id=259 t_ns=40547193934504 update_cpu_ns=16084716 final=0
K230_CARD_BENCH v=1 run=40540528485118 event=present frame_id=258 t_ns=40547177740000 presented=1 clock=monotonic
K230_CARD_BENCH v=1 run=40540528485118 event=input input_id=58 gesture_id=4 kind=motion t_ns=40547175002241 source=injected
K230_CARD_SHELL state mode=2 actions=1 message=0 cards=1
K230_CARD_BENCH v=1 run=40540528485118 event=input input_id=57 gesture_id=4 kind=motion t_ns=40547173363169 source=injected
K230_CARD_SHELL state mode=2 actions=1 message=0 cards=1
K230_CARD_BENCH v=1 run=40540528485118 event=input input_id=56 gesture_id=4 kind=motion t_ns=40547171473069 source=injected
K230_CARD_SHELL state mode=2 actions=1 message=0 cards=1
K230_CARD_BENCH v=1 run=40540528485118 event=input input_id=55 gesture_id=4 kind=motion t_ns=40547169368760 source=injected
K230_CARD_SHELL state mode=2 actions=1 message=0 cards=1
K230_CARD_BENCH v=1 run=40540528485118 event=input input_id=54 gesture_id=4 kind=motion t_ns=40547167133288 source=injected
K230_CARD_SHELL state mode=2 actions=1 message=0 cards=1
K230_CARD_BENCH v=1 run=40540528485118 event=present frame_id=257 t_ns=40547139438000 presented=1 clock=monotonic
K230_CARD_SHELL frame-cost run=40540528485118 frame_id=257 total_cpu_ns=14399861 render_cpu_ns=13991564 input_cpu_ns=288556
K230_CARD_BENCH v=1 run=40540528485118 event=submit input_id=53 frame_id=257 t_ns=40547137518795 update_cpu_ns=14399861 final=0
K230_CARD_BENCH v=1 run=40540528485118 event=present frame_id=256 t_ns=40547120251000 presented=1 clock=monotonic
K230_CARD_BENCH v=1 run=40540528485118 event=input input_id=53 gesture_id=4 kind=motion t_ns=40547119849044 source=injected
K230_CARD_SHELL state mode=2 actions=1 message=0 cards=1
K230_CARD_SHELL state mode=2 actions=1 message=0 cards=1
K230_CARD_BENCH v=1 run=40540528485118 event=present frame_id=255 t_ns=40547081922000 presented=1 clock=monotonic
K230_CARD_BENCH v=1 run=40540528485118 event=present frame_id=254 t_ns=40547062759000 presented=1 clock=monotonic
K230_CARD_BENCH v=1 run=40540528485118 event=present frame_id=253 t_ns=40547005270000 presented=1 clock=monotonic
K230_CARD_BENCH v=1 run=40540528485118 event=present frame_id=252 t_ns=40546966944000 presented=1 clock=monotonic
K230_CARD_BENCH v=1 run=40540528485118 event=present frame_id=251 t_ns=40546928616000 presented=1 clock=monotonic
K230_CARD_BENCH v=1 run=40540528485118 event=present frame_id=250 t_ns=40546909452000 presented=1 clock=monotonic
K230_CARD_BENCH v=1 run=40540528485118 event=present frame_id=249 t_ns=40546871126000 presented=1 clock=monotonic
K230_CARD_BENCH v=1 run=40540528485118 event=present frame_id=248 t_ns=40546851961000 presented=1 clock=monotonic
K230_CARD_BENCH v=1 run=40540528485118 event=present frame_id=247 t_ns=40546813637000 presented=1 clock=monotonic
K230_CARD_SHELL frame-cost run=40540528485118 frame_id=247 total_cpu_ns=16867977 render_cpu_ns=14345159 input_cpu_ns=2197669
K230_CARD_BENCH v=1 run=40540528485118 event=submit input_id=52 frame_id=247 t_ns=40546811368924 update_cpu_ns=16867977 final=1
K230_CARD_BENCH v=1 run=40540528485118 event=submit input_id=51 frame_id=247 t_ns=40546811368924 update_cpu_ns=16867977 final=0
K230_CARD_BENCH v=1 run=40540528485118 event=submit input_id=50 frame_id=247 t_ns=40546811368924 update_cpu_ns=16867977 final=0
K230_CARD_BENCH v=1 run=40540528485118 event=submit input_id=49 frame_id=247 t_ns=40546811368924 update_cpu_ns=16867977 final=0
K230_CARD_BENCH v=1 run=40540528485118 event=submit input_id=48 frame_id=247 t_ns=40546811368924 update_cpu_ns=16867977 final=0
K230_CARD_BENCH v=1 run=40540528485118 event=submit input_id=47 frame_id=247 t_ns=40546811368924 update_cpu_ns=16867977 final=0
K230_CARD_BENCH v=1 run=40540528485118 event=submit input_id=46 frame_id=247 t_ns=40546811368924 update_cpu_ns=16867977 final=0
K230_CARD_BENCH v=1 run=40540528485118 event=present frame_id=246 t_ns=40546794473000 presented=1 clock=monotonic
K230_CARD_BENCH v=1 run=40540528485118 event=input input_id=52 gesture_id=3 kind=release t_ns=40546790870709 source=injected
K230_CARD_SHELL state mode=1 actions=1 message=0 cards=1
K230_CARD_BENCH v=1 run=40540528485118 event=input input_id=51 gesture_id=3 kind=motion t_ns=40546790454847 source=injected
K230_CARD_SHELL state mode=2 actions=1 message=0 cards=1
K230_CARD_BENCH v=1 run=40540528485118 event=input input_id=50 gesture_id=3 kind=motion t_ns=40546788744286 source=injected
K230_CARD_SHELL state mode=2 actions=1 message=0 cards=1
K230_CARD_BENCH v=1 run=40540528485118 event=input input_id=49 gesture_id=3 kind=motion t_ns=40546788321090 source=injected
K230_CARD_SHELL state mode=2 actions=1 message=0 cards=1
K230_CARD_BENCH v=1 run=40540528485118 event=input input_id=48 gesture_id=3 kind=motion t_ns=40546786979089 source=injected
K230_CARD_SHELL state mode=2 actions=1 message=0 cards=1
K230_CARD_BENCH v=1 run=40540528485118 event=input input_id=47 gesture_id=3 kind=motion t_ns=40546786482996 source=injected
K230_CARD_SHELL state mode=2 actions=1 message=0 cards=1
K230_CARD_BENCH v=1 run=40540528485118 event=input input_id=46 gesture_id=3 kind=motion t_ns=40546784454399 source=injected
K230_CARD_SHELL state mode=2 actions=1 message=0 cards=1
K230_CARD_BENCH v=1 run=40540528485118 event=present frame_id=245 t_ns=40546756146000 presented=1 clock=monotonic
K230_CARD_SHELL frame-cost run=40540528485118 frame_id=245 total_cpu_ns=16263384 render_cpu_ns=13913203 input_cpu_ns=2013223
K230_CARD_BENCH v=1 run=40540528485118 event=submit input_id=45 frame_id=245 t_ns=40546754411494 update_cpu_ns=16263384 final=0
K230_CARD_BENCH v=1 run=40540528485118 event=submit input_id=44 frame_id=245 t_ns=40546754411494 update_cpu_ns=16263384 final=0
K230_CARD_BENCH v=1 run=40540528485118 event=submit input_id=43 frame_id=245 t_ns=40546754411494 update_cpu_ns=16263384 final=0
K230_CARD_BENCH v=1 run=40540528485118 event=submit input_id=42 frame_id=245 t_ns=40546754411494 update_cpu_ns=16263384 final=0
K230_CARD_BENCH v=1 run=40540528485118 event=submit input_id=41 frame_id=245 t_ns=40546754411494 update_cpu_ns=16263384 final=0
K230_CARD_BENCH v=1 run=40540528485118 event=submit input_id=40 frame_id=245 t_ns=40546754411494 update_cpu_ns=16263384 final=0
K230_CARD_BENCH v=1 run=40540528485118 event=present frame_id=244 t_ns=40546736984000 presented=1 clock=monotonic
K230_CARD_BENCH v=1 run=40540528485118 event=input input_id=45 gesture_id=3 kind=motion t_ns=40546735677087 source=injected
K230_CARD_SHELL state mode=2 actions=1 message=0 cards=1
K230_CARD_BENCH v=1 run=40540528485118 event=input input_id=44 gesture_id=3 kind=motion t_ns=40546735153437 source=injected
K230_CARD_SHELL state mode=2 actions=1 message=0 cards=1
K230_CARD_BENCH v=1 run=40540528485118 event=input input_id=43 gesture_id=3 kind=motion t_ns=40546734077429 source=injected
K230_CARD_SHELL state mode=2 actions=1 message=0 cards=1
K230_CARD_BENCH v=1 run=40540528485118 event=input input_id=42 gesture_id=3 kind=motion t_ns=40546732795842 source=injected
K230_CARD_SHELL state mode=2 actions=1 message=0 cards=1
K230_CARD_BENCH v=1 run=40540528485118 event=input input_id=41 gesture_id=3 kind=motion t_ns=40546730890150 source=injected
K230_CARD_SHELL state mode=2 actions=1 message=0 cards=1
K230_CARD_BENCH v=1 run=40540528485118 event=input input_id=40 gesture_id=3 kind=motion t_ns=40546728305864 source=injected
K230_CARD_SHELL state mode=2 actions=1 message=0 cards=1
K230_CARD_BENCH v=1 run=40540528485118 event=present frame_id=243 t_ns=40546698659000 presented=1 clock=monotonic
K230_CARD_SHELL frame-cost run=40540528485118 frame_id=243 total_cpu_ns=15534511 render_cpu_ns=14223512 input_cpu_ns=1108111
K230_CARD_BENCH v=1 run=40540528485118 event=submit input_id=39 frame_id=243 t_ns=40546695766781 update_cpu_ns=15534511 final=0
K230_CARD_BENCH v=1 run=40540528485118 event=submit input_id=38 frame_id=243 t_ns=40546695766781 update_cpu_ns=15534511 final=0
K230_CARD_BENCH v=1 run=40540528485118 event=submit input_id=37 frame_id=243 t_ns=40546695766781 update_cpu_ns=15534511 final=0
K230_CARD_BENCH v=1 run=40540528485118 event=submit input_id=36 frame_id=243 t_ns=40546695766781 update_cpu_ns=15534511 final=0
K230_CARD_BENCH v=1 run=40540528485118 event=submit input_id=35 frame_id=243 t_ns=40546695766781 update_cpu_ns=15534511 final=0
K230_CARD_BENCH v=1 run=40540528485118 event=present frame_id=242 t_ns=40546679492000 presented=1 clock=monotonic
K230_CARD_BENCH v=1 run=40540528485118 event=input input_id=39 gesture_id=3 kind=motion t_ns=40546672415160 source=injected
K230_CARD_SHELL state mode=2 actions=1 message=0 cards=1
K230_CARD_BENCH v=1 run=40540528485118 event=input input_id=38 gesture_id=3 kind=motion t_ns=40546670707860 source=injected
K230_CARD_SHELL state mode=2 actions=1 message=0 cards=1
K230_CARD_BENCH v=1 run=40540528485118 event=input input_id=37 gesture_id=3 kind=motion t_ns=40546670450757 source=injected
K230_CARD_SHELL state mode=2 actions=1 message=0 cards=1
K230_CARD_BENCH v=1 run=40540528485118 event=input input_id=36 gesture_id=3 kind=motion t_ns=40546670113794 source=injected
K230_CARD_SHELL state mode=2 actions=1 message=0 cards=1
K230_CARD_BENCH v=1 run=40540528485118 event=input input_id=35 gesture_id=3 kind=motion t_ns=40546667879584 source=injected
K230_CARD_SHELL state mode=2 actions=1 message=0 cards=1
K230_CARD_BENCH v=1 run=40540528485118 event=present frame_id=241 t_ns=40546641166000 presented=1 clock=monotonic
K230_CARD_SHELL frame-cost run=40540528485118 frame_id=241 total_cpu_ns=16024697 render_cpu_ns=14109322 input_cpu_ns=875300
K230_CARD_BENCH v=1 run=40540528485118 event=submit input_id=34 frame_id=241 t_ns=40546637620309 update_cpu_ns=16024697 final=0
K230_CARD_BENCH v=1 run=40540528485118 event=submit input_id=33 frame_id=241 t_ns=40546637620309 update_cpu_ns=16024697 final=0
K230_CARD_BENCH v=1 run=40540528485118 event=submit input_id=32 frame_id=241 t_ns=40546637620309 update_cpu_ns=16024697 final=0
K230_CARD_BENCH v=1 run=40540528485118 event=present frame_id=240 t_ns=40546622002000 presented=1 clock=monotonic
K230_CARD_BENCH v=1 run=40540528485118 event=input input_id=34 gesture_id=3 kind=motion t_ns=40546620193343 source=injected
K230_CARD_SHELL state mode=2 actions=1 message=0 cards=1
K230_CARD_BENCH v=1 run=40540528485118 event=input input_id=33 gesture_id=3 kind=motion t_ns=40546616875198 source=injected
K230_CARD_SHELL state mode=2 actions=1 message=0 cards=1
K230_CARD_BENCH v=1 run=40540528485118 event=input input_id=32 gesture_id=3 kind=motion t_ns=40546615062664 source=injected
K230_CARD_SHELL state mode=2 actions=1 message=0 cards=1
K230_CARD_SHELL state mode=2 actions=1 message=0 cards=1
K230_CARD_BENCH v=1 run=40540528485118 event=resource phase=active t_ns=40546611759817 cpu_ns=6848129000 memory_bytes=19685376 scope=session
K230_CARD_BENCH v=1 run=40540528485118 event=resource phase=active t_ns=40546611759817 cpu_ns=3205465436 memory_bytes=27557888 scope=compositor
K230_CARD_BENCH v=1 run=40540528485118 event=present frame_id=239 t_ns=40546583677000 presented=1 clock=monotonic
K230_CARD_BENCH v=1 run=40540528485118 event=present frame_id=238 t_ns=40546564512000 presented=1 clock=monotonic
K230_CARD_BENCH v=1 run=40540528485118 event=present frame_id=237 t_ns=40546526184000 presented=1 clock=monotonic
K230_CARD_BENCH v=1 run=40540528485118 event=present frame_id=236 t_ns=40546507023000 presented=1 clock=monotonic
K230_CARD_BENCH v=1 run=40540528485118 event=present frame_id=235 t_ns=40546468695000 presented=1 clock=monotonic
K230_CARD_BENCH v=1 run=40540528485118 event=present frame_id=234 t_ns=40546430371000 presented=1 clock=monotonic
K230_CARD_BENCH v=1 run=40540528485118 event=present frame_id=233 t_ns=40546392051000 presented=1 clock=monotonic
K230_CARD_BENCH v=1 run=40540528485118 event=present frame_id=232 t_ns=40546372878000 presented=1 clock=monotonic
K230_CARD_BENCH v=1 run=40540528485118 event=present frame_id=231 t_ns=40546334550000 presented=1 clock=monotonic
K230_CARD_BENCH v=1 run=40540528485118 event=present frame_id=230 t_ns=40546315388000 presented=1 clock=monotonic
K230_CARD_SHELL frame-cost run=40540528485118 frame_id=230 total_cpu_ns=15587642 render_cpu_ns=14188009 input_cpu_ns=1183298
K230_CARD_BENCH v=1 run=40540528485118 event=submit input_id=31 frame_id=230 t_ns=40546304939896 update_cpu_ns=15587642 final=1
K230_CARD_BENCH v=1 run=40540528485118 event=submit input_id=30 frame_id=230 t_ns=40546304939896 update_cpu_ns=15587642 final=0
K230_CARD_BENCH v=1 run=40540528485118 event=submit input_id=29 frame_id=230 t_ns=40546304939896 update_cpu_ns=15587642 final=0
K230_CARD_BENCH v=1 run=40540528485118 event=present frame_id=229 t_ns=40546277062000 presented=1 clock=monotonic
K230_CARD_BENCH v=1 run=40540528485118 event=input input_id=31 gesture_id=2 kind=release t_ns=40546277913571 source=injected
K230_CARD_SHELL state mode=1 actions=1 message=0 cards=1
K230_CARD_BENCH v=1 run=40540528485118 event=input input_id=30 gesture_id=2 kind=motion t_ns=40546277378660 source=injected
K230_CARD_SHELL state mode=2 actions=1 message=0 cards=1
K230_CARD_BENCH v=1 run=40540528485118 event=input input_id=29 gesture_id=2 kind=motion t_ns=40546273685696 source=injected
K230_CARD_SHELL state mode=2 actions=1 message=0 cards=1
K230_CARD_SHELL frame-cost run=40540528485118 frame_id=229 total_cpu_ns=15099178 render_cpu_ns=12450660 input_cpu_ns=2311890
K230_CARD_BENCH v=1 run=40540528485118 event=submit input_id=28 frame_id=229 t_ns=40546272642951 update_cpu_ns=15099178 final=0
K230_CARD_BENCH v=1 run=40540528485118 event=submit input_id=27 frame_id=229 t_ns=40546272642951 update_cpu_ns=15099178 final=0
K230_CARD_BENCH v=1 run=40540528485118 event=submit input_id=26 frame_id=229 t_ns=40546272642951 update_cpu_ns=15099178 final=0
K230_CARD_BENCH v=1 run=40540528485118 event=submit input_id=25 frame_id=229 t_ns=40546272642951 update_cpu_ns=15099178 final=0
K230_CARD_BENCH v=1 run=40540528485118 event=submit input_id=24 frame_id=229 t_ns=40546272642951 update_cpu_ns=15099178 final=0
K230_CARD_BENCH v=1 run=40540528485118 event=present frame_id=228 t_ns=40546257898000 presented=1 clock=monotonic
K230_CARD_BENCH v=1 run=40540528485118 event=input input_id=28 gesture_id=2 kind=motion t_ns=40546253603992 source=injected
K230_CARD_SHELL state mode=2 actions=1 message=0 cards=1
K230_CARD_BENCH v=1 run=40540528485118 event=input input_id=27 gesture_id=2 kind=motion t_ns=40546252161499 source=injected
K230_CARD_SHELL state mode=2 actions=1 message=0 cards=1
K230_CARD_BENCH v=1 run=40540528485118 event=input input_id=26 gesture_id=2 kind=motion t_ns=40546251500537 source=injected
K230_CARD_SHELL state mode=2 actions=1 message=0 cards=1
K230_CARD_BENCH v=1 run=40540528485118 event=input input_id=25 gesture_id=2 kind=motion t_ns=40546250217543 source=injected
K230_CARD_SHELL state mode=2 actions=1 message=0 cards=1
K230_CARD_BENCH v=1 run=40540528485118 event=input input_id=24 gesture_id=2 kind=motion t_ns=40546248273328 source=injected
K230_CARD_SHELL state mode=2 actions=1 message=0 cards=1
K230_CARD_BENCH v=1 run=40540528485118 event=present frame_id=227 t_ns=40546219574000 presented=1 clock=monotonic
K230_CARD_SHELL frame-cost run=40540528485118 frame_id=227 total_cpu_ns=16817731 render_cpu_ns=14122582 input_cpu_ns=2376186
K230_CARD_BENCH v=1 run=40540528485118 event=submit input_id=23 frame_id=227 t_ns=40546216501886 update_cpu_ns=16817731 final=0
K230_CARD_BENCH v=1 run=40540528485118 event=submit input_id=22 frame_id=227 t_ns=40546216501886 update_cpu_ns=16817731 final=0
K230_CARD_BENCH v=1 run=40540528485118 event=submit input_id=21 frame_id=227 t_ns=40546216501886 update_cpu_ns=16817731 final=0
K230_CARD_BENCH v=1 run=40540528485118 event=submit input_id=20 frame_id=227 t_ns=40546216501886 update_cpu_ns=16817731 final=0
K230_CARD_BENCH v=1 run=40540528485118 event=submit input_id=19 frame_id=227 t_ns=40546216501886 update_cpu_ns=16817731 final=0
K230_CARD_BENCH v=1 run=40540528485118 event=submit input_id=18 frame_id=227 t_ns=40546216501886 update_cpu_ns=16817731 final=0
K230_CARD_BENCH v=1 run=40540528485118 event=present frame_id=226 t_ns=40546200409000 presented=1 clock=monotonic
K230_CARD_BENCH v=1 run=40540528485118 event=input input_id=23 gesture_id=2 kind=motion t_ns=40546198904234 source=injected
K230_CARD_SHELL state mode=2 actions=1 message=0 cards=1
K230_CARD_BENCH v=1 run=40540528485118 event=input input_id=22 gesture_id=2 kind=motion t_ns=40546195468743 source=injected
K230_CARD_SHELL state mode=2 actions=1 message=0 cards=1
K230_CARD_BENCH v=1 run=40540528485118 event=input input_id=21 gesture_id=2 kind=motion t_ns=40546193417886 source=injected
K230_CARD_SHELL state mode=2 actions=1 message=0 cards=1
K230_CARD_BENCH v=1 run=40540528485118 event=input input_id=20 gesture_id=2 kind=motion t_ns=40546193036140 source=injected
K230_CARD_SHELL state mode=2 actions=1 message=0 cards=1
K230_CARD_BENCH v=1 run=40540528485118 event=input input_id=19 gesture_id=2 kind=motion t_ns=40546191914498 source=injected
K230_CARD_SHELL state mode=2 actions=1 message=0 cards=1
K230_CARD_BENCH v=1 run=40540528485118 event=input input_id=18 gesture_id=2 kind=motion t_ns=40546188923426 source=injected
K230_CARD_SHELL state mode=2 actions=1 message=0 cards=1
K230_CARD_BENCH v=1 run=40540528485118 event=present frame_id=225 t_ns=40546162082000 presented=1 clock=monotonic
K230_CARD_SHELL frame-cost run=40540528485118 frame_id=225 total_cpu_ns=15299311 render_cpu_ns=14227610 input_cpu_ns=879628
K230_CARD_BENCH v=1 run=40540528485118 event=submit input_id=17 frame_id=225 t_ns=40546159058861 update_cpu_ns=15299311 final=0
K230_CARD_BENCH v=1 run=40540528485118 event=submit input_id=16 frame_id=225 t_ns=40546159058861 update_cpu_ns=15299311 final=0
K230_CARD_BENCH v=1 run=40540528485118 event=submit input_id=15 frame_id=225 t_ns=40546159058861 update_cpu_ns=15299311 final=0
K230_CARD_BENCH v=1 run=40540528485118 event=present frame_id=224 t_ns=40546142918000 presented=1 clock=monotonic
K230_CARD_BENCH v=1 run=40540528485118 event=input input_id=17 gesture_id=2 kind=motion t_ns=40546139039275 source=injected
K230_CARD_SHELL state mode=2 actions=1 message=0 cards=1
K230_CARD_BENCH v=1 run=40540528485118 event=input input_id=16 gesture_id=2 kind=motion t_ns=40546136121767 source=injected
K230_CARD_SHELL state mode=2 actions=1 message=0 cards=1
K230_CARD_BENCH v=1 run=40540528485118 event=input input_id=15 gesture_id=2 kind=motion t_ns=40546135687237 source=injected
K230_CARD_SHELL state mode=2 actions=1 message=0 cards=1
K230_CARD_SHELL frame-cost run=40540528485118 frame_id=224 total_cpu_ns=14912667 render_cpu_ns=14083926 input_cpu_ns=655259
K230_CARD_BENCH v=1 run=40540528485118 event=submit input_id=14 frame_id=224 t_ns=40546132994532 update_cpu_ns=14912667 final=0
K230_CARD_BENCH v=1 run=40540528485118 event=submit input_id=13 frame_id=224 t_ns=40546132994532 update_cpu_ns=14912667 final=0
K230_CARD_BENCH v=1 run=40540528485118 event=submit input_id=12 frame_id=224 t_ns=40546132994532 update_cpu_ns=14912667 final=0
K230_CARD_BENCH v=1 run=40540528485118 event=present frame_id=223 t_ns=40546104592000 presented=1 clock=monotonic
K230_CARD_BENCH v=1 run=40540528485118 event=input input_id=14 gesture_id=2 kind=motion t_ns=40546109090146 source=injected
K230_CARD_SHELL state mode=2 actions=1 message=0 cards=1
K230_CARD_BENCH v=1 run=40540528485118 event=input input_id=13 gesture_id=2 kind=motion t_ns=40546108288946 source=injected
K230_CARD_SHELL state mode=2 actions=1 message=0 cards=1
K230_CARD_BENCH v=1 run=40540528485118 event=input input_id=12 gesture_id=2 kind=motion t_ns=40546104783410 source=injected
K230_CARD_SHELL state mode=2 actions=1 message=0 cards=1
K230_CARD_SHELL frame-cost run=40540528485118 frame_id=223 total_cpu_ns=14561394 render_cpu_ns=14192283 input_cpu_ns=250704
K230_CARD_BENCH v=1 run=40540528485118 event=submit input_id=11 frame_id=223 t_ns=40546101790078 update_cpu_ns=14561394 final=0
K230_CARD_BENCH v=1 run=40540528485118 event=present frame_id=222 t_ns=40546085429000 presented=1 clock=monotonic
K230_CARD_BENCH v=1 run=40540528485118 event=input input_id=11 gesture_id=2 kind=motion t_ns=40546081074452 source=injected
K230_CARD_SHELL state mode=2 actions=1 message=0 cards=1
K230_CARD_SHELL state mode=2 actions=1 message=0 cards=1
K230_CARD_BENCH v=1 run=40540528485118 event=present frame_id=221 t_ns=40546047100000 presented=1 clock=monotonic
K230_CARD_BENCH v=1 run=40540528485118 event=present frame_id=220 t_ns=40546027938000 presented=1 clock=monotonic
K230_CARD_BENCH v=1 run=40540528485118 event=present frame_id=219 t_ns=40545989612000 presented=1 clock=monotonic
K230_CARD_BENCH v=1 run=40540528485118 event=present frame_id=218 t_ns=40545951285000 presented=1 clock=monotonic
K230_CARD_BENCH v=1 run=40540528485118 event=present frame_id=217 t_ns=40545893796000 presented=1 clock=monotonic
K230_CARD_BENCH v=1 run=40540528485118 event=present frame_id=216 t_ns=40545836307000 presented=1 clock=monotonic
K230_CARD_BENCH v=1 run=40540528485118 event=present frame_id=215 t_ns=40545759652000 presented=1 clock=monotonic
K230_CARD_BENCH v=1 run=40540528485118 event=present frame_id=214 t_ns=40545721324000 presented=1 clock=monotonic
K230_CARD_BENCH v=1 run=40540528485118 event=present frame_id=213 t_ns=40545644671000 presented=1 clock=monotonic
K230_CARD_SHELL live cards=1 commits=58 sampled=114 frame-done=114 output-presented=57
K230_CARD_BENCH v=1 run=40540528485118 event=present frame_id=212 t_ns=40545625508000 presented=1 clock=monotonic
K230_CARD_BENCH v=1 run=40540528485118 event=resource phase=active t_ns=40545609987579 cpu_ns=6273100000 memory_bytes=19660800 scope=session
K230_CARD_BENCH v=1 run=40540528485118 event=resource phase=active t_ns=40545609987579 cpu_ns=2767932837 memory_bytes=27262976 scope=compositor
K230_CARD_BENCH v=1 run=40540528485118 event=present frame_id=211 t_ns=40545568045000 presented=1 clock=monotonic
K230_CARD_BENCH v=1 run=40540528485118 event=present frame_id=210 t_ns=40545548854000 presented=1 clock=monotonic
K230_CARD_BENCH v=1 run=40540528485118 event=present frame_id=209 t_ns=40545510526000 presented=1 clock=monotonic
K230_CARD_BENCH v=1 run=40540528485118 event=present frame_id=208 t_ns=40545491364000 presented=1 clock=monotonic
K230_CARD_BENCH v=1 run=40540528485118 event=present frame_id=207 t_ns=40545453038000 presented=1 clock=monotonic
K230_CARD_BENCH v=1 run=40540528485118 event=present frame_id=206 t_ns=40545414710000 presented=1 clock=monotonic
K230_CARD_BENCH v=1 run=40540528485118 event=present frame_id=205 t_ns=40545395548000 presented=1 clock=monotonic
K230_CARD_BENCH v=1 run=40540528485118 event=present frame_id=204 t_ns=40545357221000 presented=1 clock=monotonic
K230_CARD_BENCH v=1 run=40540528485118 event=present frame_id=203 t_ns=40545338058000 presented=1 clock=monotonic
K230_CARD_BENCH v=1 run=40540528485118 event=present frame_id=202 t_ns=40545299732000 presented=1 clock=monotonic
K230_CARD_BENCH v=1 run=40540528485118 event=present frame_id=201 t_ns=40545280570000 presented=1 clock=monotonic
K230_CARD_BENCH v=1 run=40540528485118 event=present frame_id=200 t_ns=40545223078000 presented=1 clock=monotonic
K230_CARD_BENCH v=1 run=40540528485118 event=present frame_id=199 t_ns=40545203914000 presented=1 clock=monotonic
K230_CARD_BENCH v=1 run=40540528485118 event=present frame_id=198 t_ns=40545165587000 presented=1 clock=monotonic
K230_CARD_BENCH v=1 run=40540528485118 event=present frame_id=197 t_ns=40545146424000 presented=1 clock=monotonic
K230_CARD_BENCH v=1 run=40540528485118 event=present frame_id=196 t_ns=40545108100000 presented=1 clock=monotonic
K230_CARD_BENCH v=1 run=40540528485118 event=present frame_id=195 t_ns=40545088934000 presented=1 clock=monotonic
K230_CARD_BENCH v=1 run=40540528485118 event=present frame_id=194 t_ns=40545050606000 presented=1 clock=monotonic
K230_CARD_BENCH v=1 run=40540528485118 event=present frame_id=193 t_ns=40545031444000 presented=1 clock=monotonic
K230_CARD_BENCH v=1 run=40540528485118 event=present frame_id=192 t_ns=40544993117000 presented=1 clock=monotonic
K230_CARD_BENCH v=1 run=40540528485118 event=present frame_id=191 t_ns=40544973954000 presented=1 clock=monotonic
K230_CARD_BENCH v=1 run=40540528485118 event=present frame_id=190 t_ns=40544935626000 presented=1 clock=monotonic
K230_CARD_BENCH v=1 run=40540528485118 event=present frame_id=189 t_ns=40544916465000 presented=1 clock=monotonic
K230_CARD_BENCH v=1 run=40540528485118 event=present frame_id=188 t_ns=40544878138000 presented=1 clock=monotonic
K230_CARD_BENCH v=1 run=40540528485118 event=present frame_id=187 t_ns=40544858975000 presented=1 clock=monotonic
K230_CARD_BENCH v=1 run=40540528485118 event=present frame_id=186 t_ns=40544820647000 presented=1 clock=monotonic
K230_CARD_BENCH v=1 run=40540528485118 event=present frame_id=185 t_ns=40544801485000 presented=1 clock=monotonic
K230_CARD_BENCH v=1 run=40540528485118 event=present frame_id=184 t_ns=40544763158000 presented=1 clock=monotonic
K230_CARD_BENCH v=1 run=40540528485118 event=present frame_id=183 t_ns=40544743995000 presented=1 clock=monotonic
K230_CARD_BENCH v=1 run=40540528485118 event=present frame_id=182 t_ns=40544686505000 presented=1 clock=monotonic
K230_CARD_BENCH v=1 run=40540528485118 event=present frame_id=181 t_ns=40544648178000 presented=1 clock=monotonic
K230_CARD_BENCH v=1 run=40540528485118 event=present frame_id=180 t_ns=40544609851000 presented=1 clock=monotonic
K230_CARD_BENCH v=1 run=40540528485118 event=present frame_id=179 t_ns=40544590689000 presented=1 clock=monotonic
K230_CARD_BENCH v=1 run=40540528485118 event=resource phase=active t_ns=40544575088924 cpu_ns=5617225000 memory_bytes=19656704 scope=session
K230_CARD_BENCH v=1 run=40540528485118 event=resource phase=active t_ns=40544575088924 cpu_ns=2279079755 memory_bytes=27262976 scope=compositor
K230_CARD_BENCH v=1 run=40540528485118 event=present frame_id=178 t_ns=40544552360000 presented=1 clock=monotonic
K230_CARD_BENCH v=1 run=40540528485118 event=present frame_id=177 t_ns=40544533198000 presented=1 clock=monotonic
K230_CARD_BENCH v=1 run=40540528485118 event=present frame_id=176 t_ns=40544494871000 presented=1 clock=monotonic
K230_CARD_BENCH v=1 run=40540528485118 event=present frame_id=175 t_ns=40544475708000 presented=1 clock=monotonic
K230_CARD_BENCH v=1 run=40540528485118 event=present frame_id=174 t_ns=40544437380000 presented=1 clock=monotonic
K230_CARD_BENCH v=1 run=40540528485118 event=present frame_id=173 t_ns=40544418218000 presented=1 clock=monotonic
K230_CARD_BENCH v=1 run=40540528485118 event=present frame_id=172 t_ns=40544379891000 presented=1 clock=monotonic
K230_CARD_BENCH v=1 run=40540528485118 event=present frame_id=171 t_ns=40544360728000 presented=1 clock=monotonic
K230_CARD_BENCH v=1 run=40540528485118 event=present frame_id=170 t_ns=40544322402000 presented=1 clock=monotonic
K230_CARD_BENCH v=1 run=40540528485118 event=present frame_id=169 t_ns=40544303238000 presented=1 clock=monotonic
K230_CARD_BENCH v=1 run=40540528485118 event=present frame_id=168 t_ns=40544264912000 presented=1 clock=monotonic
K230_CARD_BENCH v=1 run=40540528485118 event=present frame_id=167 t_ns=40544245748000 presented=1 clock=monotonic
K230_CARD_BENCH v=1 run=40540528485118 event=present frame_id=166 t_ns=40544207420000 presented=1 clock=monotonic
K230_CARD_BENCH v=1 run=40540528485118 event=present frame_id=165 t_ns=40544188259000 presented=1 clock=monotonic
K230_CARD_BENCH v=1 run=40540528485118 event=present frame_id=164 t_ns=40544149932000 presented=1 clock=monotonic
K230_CARD_BENCH v=1 run=40540528485118 event=present frame_id=163 t_ns=40544111608000 presented=1 clock=monotonic
K230_CARD_BENCH v=1 run=40540528485118 event=present frame_id=162 t_ns=40544073279000 presented=1 clock=monotonic
K230_CARD_BENCH v=1 run=40540528485118 event=present frame_id=161 t_ns=40544054115000 presented=1 clock=monotonic
K230_CARD_BENCH v=1 run=40540528485118 event=present frame_id=160 t_ns=40544015789000 presented=1 clock=monotonic
K230_CARD_SHELL frame-cost run=40540528485118 frame_id=160 total_cpu_ns=14291734 render_cpu_ns=14119661 input_cpu_ns=9223
K230_CARD_BENCH v=1 run=40540528485118 event=submit input_id=10 frame_id=160 t_ns=40544012263833 update_cpu_ns=14291734 final=1
K230_CARD_BENCH v=1 run=40540528485118 event=submit input_id=9 frame_id=160 t_ns=40544012263833 update_cpu_ns=14291734 final=0
K230_CARD_BENCH v=1 run=40540528485118 event=present frame_id=159 t_ns=40543996625000 presented=1 clock=monotonic
K230_CARD_BENCH v=1 run=40540528485118 event=input input_id=10 gesture_id=1 kind=release t_ns=40543991282777 source=injected
K230_CARD_BENCH v=1 run=40540528485118 event=input input_id=9 gesture_id=1 kind=motion t_ns=40543990442871 source=injected
K230_CARD_BENCH v=1 run=40540528485118 event=present frame_id=158 t_ns=40543958300000 presented=1 clock=monotonic
K230_CARD_SHELL frame-cost run=40540528485118 frame_id=158 total_cpu_ns=15789269 render_cpu_ns=15302565 input_cpu_ns=11630
K230_CARD_BENCH v=1 run=40540528485118 event=submit input_id=8 frame_id=158 t_ns=40543957435397 update_cpu_ns=15789269 final=0
K230_CARD_BENCH v=1 run=40540528485118 event=submit input_id=7 frame_id=158 t_ns=40543957435397 update_cpu_ns=15789269 final=0
K230_CARD_BENCH v=1 run=40540528485118 event=submit input_id=6 frame_id=158 t_ns=40543957435397 update_cpu_ns=15789269 final=0
K230_CARD_BENCH v=1 run=40540528485118 event=present frame_id=157 t_ns=40543939137000 presented=1 clock=monotonic
K230_CARD_BENCH v=1 run=40540528485118 event=input input_id=8 gesture_id=1 kind=motion t_ns=40543939616462 source=injected
K230_CARD_BENCH v=1 run=40540528485118 event=input input_id=7 gesture_id=1 kind=motion t_ns=40543939517673 source=injected
K230_CARD_BENCH v=1 run=40540528485118 event=input input_id=6 gesture_id=1 kind=motion t_ns=40543939123890 source=injected
K230_CARD_SHELL frame-cost run=40540528485118 frame_id=157 total_cpu_ns=48703744 render_cpu_ns=15295162 input_cpu_ns=33166323
K230_CARD_BENCH v=1 run=40540528485118 event=submit input_id=5 frame_id=157 t_ns=40543934475904 update_cpu_ns=48703744 final=0
K230_CARD_BENCH v=1 run=40540528485118 event=submit input_id=4 frame_id=157 t_ns=40543934475904 update_cpu_ns=48703744 final=0
K230_CARD_BENCH v=1 run=40540528485118 event=submit input_id=3 frame_id=157 t_ns=40543934475904 update_cpu_ns=48703744 final=0
K230_CARD_BENCH v=1 run=40540528485118 event=submit input_id=2 frame_id=157 t_ns=40543934475904 update_cpu_ns=48703744 final=0
K230_CARD_BENCH v=1 run=40540528485118 event=submit input_id=1 frame_id=157 t_ns=40543934475904 update_cpu_ns=48703744 final=0
K230_CARD_BENCH v=1 run=40540528485118 event=present frame_id=156 t_ns=40543881647000 presented=1 clock=monotonic
K230_CARD_BENCH v=1 run=40540528485118 event=input input_id=5 gesture_id=1 kind=motion t_ns=40543916593517 source=injected
K230_CARD_BENCH v=1 run=40540528485118 event=input input_id=4 gesture_id=1 kind=motion t_ns=40543916510323 source=injected
K230_CARD_BENCH v=1 run=40540528485118 event=input input_id=3 gesture_id=1 kind=motion t_ns=40543916319895 source=injected
K230_CARD_BENCH v=1 run=40540528485118 event=input input_id=2 gesture_id=1 kind=motion t_ns=40543915568665 source=injected
K230_CARD_BENCH v=1 run=40540528485118 event=input input_id=1 gesture_id=1 kind=motion t_ns=40543868886076 source=injected
K230_CARD_SHELL state mode=1 actions=35 message=0 cards=1
K230_CARD_SHELL mirror id=7 format=34325258 width=128 height=96 stride=512
K230_CARD_SHELL mirror id=7 format=34325258 width=520 height=1040 stride=2080
K230_CARD_BENCH v=1 run=40540528485118 event=session t_ns=40543868886076 clock=monotonic backend=drm renderer=pixman width=568 height=1232 output_format=RGB565 input=injected cards=1
K230_CARD_BENCH v=1 run=40540528485118 event=present frame_id=155 t_ns=40543843319000 presented=1 clock=monotonic
K230_CARD_BENCH v=1 run=40540528485118 event=present frame_id=154 t_ns=40543824157000 presented=1 clock=monotonic
K230_CARD_BENCH v=1 run=40540528485118 event=present frame_id=153 t_ns=40543804992000 presented=1 clock=monotonic
K230_CARD_BENCH v=1 run=40540528485118 event=present frame_id=152 t_ns=40543785829000 presented=1 clock=monotonic
K230_CARD_BENCH v=1 run=40540528485118 event=present frame_id=151 t_ns=40543766666000 presented=1 clock=monotonic
K230_CARD_BENCH v=1 run=40540528485118 event=present frame_id=150 t_ns=40543728339000 presented=1 clock=monotonic
K230_CARD_BENCH v=1 run=40540528485118 event=present frame_id=149 t_ns=40543709176000 presented=1 clock=monotonic
K230_CARD_BENCH v=1 run=40540528485118 event=present frame_id=148 t_ns=40543690012000 presented=1 clock=monotonic
K230_CARD_BENCH v=1 run=40540528485118 event=present frame_id=147 t_ns=40543670849000 presented=1 clock=monotonic
K230_CARD_BENCH v=1 run=40540528485118 event=present frame_id=146 t_ns=40543632522000 presented=1 clock=monotonic
K230_CARD_BENCH v=1 run=40540528485118 event=present frame_id=145 t_ns=40543613359000 presented=1 clock=monotonic
K230_CARD_BENCH v=1 run=40540528485118 event=present frame_id=144 t_ns=40543594196000 presented=1 clock=monotonic
K230_CARD_BENCH v=1 run=40540528485118 event=resource phase=baseline t_ns=40543564167485 cpu_ns=4883192000 memory_bytes=19218432 scope=session
K230_CARD_BENCH v=1 run=40540528485118 event=resource phase=baseline t_ns=40543564167485 cpu_ns=1778954563 memory_bytes=26869760 scope=compositor
K230_CARD_BENCH v=1 run=40540528485118 event=present frame_id=143 t_ns=40543555870000 presented=1 clock=monotonic
K230_CARD_BENCH v=1 run=40540528485118 event=present frame_id=142 t_ns=40543517542000 presented=1 clock=monotonic
K230_CARD_BENCH v=1 run=40540528485118 event=present frame_id=141 t_ns=40543498380000 presented=1 clock=monotonic
K230_CARD_BENCH v=1 run=40540528485118 event=present frame_id=140 t_ns=40543479216000 presented=1 clock=monotonic
K230_CARD_BENCH v=1 run=40540528485118 event=present frame_id=139 t_ns=40543460054000 presented=1 clock=monotonic
K230_CARD_BENCH v=1 run=40540528485118 event=present frame_id=138 t_ns=40543421727000 presented=1 clock=monotonic
K230_CARD_BENCH v=1 run=40540528485118 event=present frame_id=137 t_ns=40543402563000 presented=1 clock=monotonic
K230_CARD_BENCH v=1 run=40540528485118 event=present frame_id=136 t_ns=40543383400000 presented=1 clock=monotonic
K230_CARD_BENCH v=1 run=40540528485118 event=present frame_id=135 t_ns=40543364237000 presented=1 clock=monotonic
K230_CARD_BENCH v=1 run=40540528485118 event=present frame_id=134 t_ns=40543345073000 presented=1 clock=monotonic
K230_CARD_BENCH v=1 run=40540528485118 event=present frame_id=133 t_ns=40543325910000 presented=1 clock=monotonic
K230_CARD_BENCH v=1 run=40540528485118 event=present frame_id=132 t_ns=40543306747000 presented=1 clock=monotonic
K230_CARD_BENCH v=1 run=40540528485118 event=present frame_id=131 t_ns=40543287582000 presented=1 clock=monotonic
K230_CARD_BENCH v=1 run=40540528485118 event=present frame_id=130 t_ns=40543268420000 presented=1 clock=monotonic
K230_CARD_BENCH v=1 run=40540528485118 event=present frame_id=129 t_ns=40543230093000 presented=1 clock=monotonic
K230_CARD_BENCH v=1 run=40540528485118 event=present frame_id=128 t_ns=40543210930000 presented=1 clock=monotonic
K230_CARD_BENCH v=1 run=40540528485118 event=present frame_id=127 t_ns=40543191767000 presented=1 clock=monotonic
K230_CARD_BENCH v=1 run=40540528485118 event=present frame_id=126 t_ns=40543172604000 presented=1 clock=monotonic
K230_CARD_BENCH v=1 run=40540528485118 event=present frame_id=125 t_ns=40543153440000 presented=1 clock=monotonic
K230_CARD_BENCH v=1 run=40540528485118 event=present frame_id=124 t_ns=40543134277000 presented=1 clock=monotonic
K230_CARD_BENCH v=1 run=40540528485118 event=present frame_id=123 t_ns=40543115113000 presented=1 clock=monotonic
K230_CARD_BENCH v=1 run=40540528485118 event=present frame_id=122 t_ns=40543095951000 presented=1 clock=monotonic
K230_CARD_BENCH v=1 run=40540528485118 event=present frame_id=121 t_ns=40543057624000 presented=1 clock=monotonic
K230_CARD_BENCH v=1 run=40540528485118 event=present frame_id=120 t_ns=40543038461000 presented=1 clock=monotonic
K230_CARD_BENCH v=1 run=40540528485118 event=present frame_id=119 t_ns=40543019297000 presented=1 clock=monotonic
K230_CARD_BENCH v=1 run=40540528485118 event=present frame_id=118 t_ns=40542961809000 presented=1 clock=monotonic
K230_CARD_BENCH v=1 run=40540528485118 event=present frame_id=117 t_ns=40542942643000 presented=1 clock=monotonic
K230_CARD_BENCH v=1 run=40540528485118 event=present frame_id=116 t_ns=40542923480000 presented=1 clock=monotonic
K230_CARD_BENCH v=1 run=40540528485118 event=present frame_id=115 t_ns=40542904318000 presented=1 clock=monotonic
K230_CARD_BENCH v=1 run=40540528485118 event=present frame_id=114 t_ns=40542885154000 presented=1 clock=monotonic
K230_CARD_BENCH v=1 run=40540528485118 event=present frame_id=113 t_ns=40542865991000 presented=1 clock=monotonic
K230_CARD_BENCH v=1 run=40540528485118 event=present frame_id=112 t_ns=40542827665000 presented=1 clock=monotonic
K230_CARD_BENCH v=1 run=40540528485118 event=present frame_id=111 t_ns=40542808501000 presented=1 clock=monotonic
K230_CARD_BENCH v=1 run=40540528485118 event=present frame_id=110 t_ns=40542789338000 presented=1 clock=monotonic
K230_CARD_BENCH v=1 run=40540528485118 event=present frame_id=109 t_ns=40542751011000 presented=1 clock=monotonic
K230_CARD_BENCH v=1 run=40540528485118 event=present frame_id=108 t_ns=40542731848000 presented=1 clock=monotonic
K230_CARD_BENCH v=1 run=40540528485118 event=present frame_id=107 t_ns=40542712685000 presented=1 clock=monotonic
K230_CARD_BENCH v=1 run=40540528485118 event=present frame_id=106 t_ns=40542674358000 presented=1 clock=monotonic
K230_CARD_BENCH v=1 run=40540528485118 event=present frame_id=105 t_ns=40542655197000 presented=1 clock=monotonic
K230_CARD_BENCH v=1 run=40540528485118 event=present frame_id=104 t_ns=40542636036000 presented=1 clock=monotonic
K230_CARD_BENCH v=1 run=40540528485118 event=present frame_id=103 t_ns=40542616868000 presented=1 clock=monotonic
K230_CARD_BENCH v=1 run=40540528485118 event=present frame_id=102 t_ns=40542597704000 presented=1 clock=monotonic
K230_CARD_BENCH v=1 run=40540528485118 event=present frame_id=101 t_ns=40542578541000 presented=1 clock=monotonic
K230_CARD_BENCH v=1 run=40540528485118 event=resource phase=baseline t_ns=40542564130106 cpu_ns=4079211000 memory_bytes=19218432 scope=session
K230_CARD_BENCH v=1 run=40540528485118 event=resource phase=baseline t_ns=40542564130106 cpu_ns=1390604828 memory_bytes=26869760 scope=compositor
K230_CARD_BENCH v=1 run=40540528485118 event=present frame_id=100 t_ns=40542540215000 presented=1 clock=monotonic
K230_CARD_BENCH v=1 run=40540528485118 event=present frame_id=99 t_ns=40542521052000 presented=1 clock=monotonic
K230_CARD_BENCH v=1 run=40540528485118 event=present frame_id=98 t_ns=40542501888000 presented=1 clock=monotonic
K230_CARD_BENCH v=1 run=40540528485118 event=present frame_id=97 t_ns=40542482725000 presented=1 clock=monotonic
K230_CARD_BENCH v=1 run=40540528485118 event=present frame_id=96 t_ns=40542463562000 presented=1 clock=monotonic
K230_CARD_BENCH v=1 run=40540528485118 event=present frame_id=95 t_ns=40542425235000 presented=1 clock=monotonic
K230_CARD_BENCH v=1 run=40540528485118 event=present frame_id=94 t_ns=40542386909000 presented=1 clock=monotonic
K230_CARD_BENCH v=1 run=40540528485118 event=present frame_id=93 t_ns=40542367746000 presented=1 clock=monotonic
K230_CARD_BENCH v=1 run=40540528485118 event=present frame_id=92 t_ns=40542348582000 presented=1 clock=monotonic
K230_CARD_BENCH v=1 run=40540528485118 event=present frame_id=91 t_ns=40542329419000 presented=1 clock=monotonic
K230_CARD_BENCH v=1 run=40540528485118 event=present frame_id=90 t_ns=40542291092000 presented=1 clock=monotonic
K230_CARD_BENCH v=1 run=40540528485118 event=present frame_id=89 t_ns=40542271929000 presented=1 clock=monotonic
K230_CARD_BENCH v=1 run=40540528485118 event=present frame_id=88 t_ns=40542252766000 presented=1 clock=monotonic
K230_CARD_BENCH v=1 run=40540528485118 event=present frame_id=87 t_ns=40542233603000 presented=1 clock=monotonic
K230_CARD_BENCH v=1 run=40540528485118 event=present frame_id=86 t_ns=40542214439000 presented=1 clock=monotonic
K230_CARD_BENCH v=1 run=40540528485118 event=present frame_id=85 t_ns=40542195276000 presented=1 clock=monotonic
K230_CARD_BENCH v=1 run=40540528485118 event=present frame_id=84 t_ns=40542176114000 presented=1 clock=monotonic
K230_CARD_BENCH v=1 run=40540528485118 event=present frame_id=83 t_ns=40542156949000 presented=1 clock=monotonic
K230_CARD_BENCH v=1 run=40540528485118 event=present frame_id=82 t_ns=40542118626000 presented=1 clock=monotonic
K230_CARD_BENCH v=1 run=40540528485118 event=present frame_id=81 t_ns=40542099459000 presented=1 clock=monotonic
K230_CARD_BENCH v=1 run=40540528485118 event=present frame_id=80 t_ns=40542080297000 presented=1 clock=monotonic
K230_CARD_BENCH v=1 run=40540528485118 event=present frame_id=79 t_ns=40542061134000 presented=1 clock=monotonic
K230_CARD_BENCH v=1 run=40540528485118 event=present frame_id=78 t_ns=40542041970000 presented=1 clock=monotonic
K230_CARD_BENCH v=1 run=40540528485118 event=present frame_id=77 t_ns=40542022807000 presented=1 clock=monotonic
K230_CARD_BENCH v=1 run=40540528485118 event=present frame_id=76 t_ns=40542003642000 presented=1 clock=monotonic
K230_CARD_BENCH v=1 run=40540528485118 event=present frame_id=75 t_ns=40541984480000 presented=1 clock=monotonic
K230_CARD_BENCH v=1 run=40540528485118 event=present frame_id=74 t_ns=40541946153000 presented=1 clock=monotonic
K230_CARD_BENCH v=1 run=40540528485118 event=present frame_id=73 t_ns=40541926990000 presented=1 clock=monotonic
K230_CARD_BENCH v=1 run=40540528485118 event=present frame_id=72 t_ns=40541907827000 presented=1 clock=monotonic
K230_CARD_BENCH v=1 run=40540528485118 event=present frame_id=71 t_ns=40541888664000 presented=1 clock=monotonic
K230_CARD_BENCH v=1 run=40540528485118 event=present frame_id=70 t_ns=40541850339000 presented=1 clock=monotonic
K230_CARD_BENCH v=1 run=40540528485118 event=present frame_id=69 t_ns=40541812031000 presented=1 clock=monotonic
K230_CARD_BENCH v=1 run=40540528485118 event=present frame_id=68 t_ns=40541792848000 presented=1 clock=monotonic
K230_CARD_BENCH v=1 run=40540528485118 event=present frame_id=67 t_ns=40541773684000 presented=1 clock=monotonic
K230_CARD_BENCH v=1 run=40540528485118 event=present frame_id=66 t_ns=40541754522000 presented=1 clock=monotonic
K230_CARD_BENCH v=1 run=40540528485118 event=present frame_id=65 t_ns=40541735358000 presented=1 clock=monotonic
K230_CARD_BENCH v=1 run=40540528485118 event=present frame_id=64 t_ns=40541697031000 presented=1 clock=monotonic
K230_CARD_BENCH v=1 run=40540528485118 event=present frame_id=63 t_ns=40541677869000 presented=1 clock=monotonic
K230_CARD_BENCH v=1 run=40540528485118 event=present frame_id=62 t_ns=40541658705000 presented=1 clock=monotonic
K230_CARD_BENCH v=1 run=40540528485118 event=present frame_id=61 t_ns=40541639541000 presented=1 clock=monotonic
K230_CARD_BENCH v=1 run=40540528485118 event=present frame_id=60 t_ns=40541620378000 presented=1 clock=monotonic
K230_CARD_BENCH v=1 run=40540528485118 event=present frame_id=59 t_ns=40541601215000 presented=1 clock=monotonic
K230_CARD_BENCH v=1 run=40540528485118 event=present frame_id=58 t_ns=40541582051000 presented=1 clock=monotonic
K230_CARD_BENCH v=1 run=40540528485118 event=present frame_id=57 t_ns=40541543726000 presented=1 clock=monotonic
K230_CARD_BENCH v=1 run=40540528485118 event=resource phase=baseline t_ns=40541548123458 cpu_ns=3247974000 memory_bytes=19218432 scope=session
K230_CARD_BENCH v=1 run=40540528485118 event=resource phase=baseline t_ns=40541548123458 cpu_ns=985742204 memory_bytes=26869760 scope=compositor
K230_CARD_BENCH v=1 run=40540528485118 event=present frame_id=56 t_ns=40541524561000 presented=1 clock=monotonic
K230_CARD_BENCH v=1 run=40540528485118 event=present frame_id=55 t_ns=40541505398000 presented=1 clock=monotonic
K230_CARD_BENCH v=1 run=40540528485118 event=present frame_id=54 t_ns=40541486235000 presented=1 clock=monotonic
K230_CARD_BENCH v=1 run=40540528485118 event=present frame_id=53 t_ns=40541467072000 presented=1 clock=monotonic
K230_CARD_BENCH v=1 run=40540528485118 event=present frame_id=52 t_ns=40541447909000 presented=1 clock=monotonic
K230_CARD_BENCH v=1 run=40540528485118 event=present frame_id=51 t_ns=40541428745000 presented=1 clock=monotonic
K230_CARD_BENCH v=1 run=40540528485118 event=present frame_id=50 t_ns=40541409582000 presented=1 clock=monotonic
K230_CARD_BENCH v=1 run=40540528485118 event=present frame_id=49 t_ns=40541390419000 presented=1 clock=monotonic
K230_CARD_BENCH v=1 run=40540528485118 event=present frame_id=48 t_ns=40541352094000 presented=1 clock=monotonic
K230_CARD_BENCH v=1 run=40540528485118 event=present frame_id=47 t_ns=40541332930000 presented=1 clock=monotonic
K230_CARD_BENCH v=1 run=40540528485118 event=present frame_id=46 t_ns=40541294603000 presented=1 clock=monotonic
K230_CARD_BENCH v=1 run=40540528485118 event=present frame_id=45 t_ns=40541256276000 presented=1 clock=monotonic
K230_CARD_BENCH v=1 run=40540528485118 event=present frame_id=44 t_ns=40541237113000 presented=1 clock=monotonic
K230_CARD_BENCH v=1 run=40540528485118 event=present frame_id=43 t_ns=40541217949000 presented=1 clock=monotonic
K230_CARD_BENCH v=1 run=40540528485118 event=present frame_id=42 t_ns=40541198787000 presented=1 clock=monotonic
K230_CARD_BENCH v=1 run=40540528485118 event=present frame_id=41 t_ns=40541179624000 presented=1 clock=monotonic
K230_CARD_BENCH v=1 run=40540528485118 event=present frame_id=40 t_ns=40541160460000 presented=1 clock=monotonic
K230_CARD_BENCH v=1 run=40540528485118 event=present frame_id=39 t_ns=40541141297000 presented=1 clock=monotonic
K230_CARD_BENCH v=1 run=40540528485118 event=present frame_id=38 t_ns=40541122134000 presented=1 clock=monotonic
K230_CARD_BENCH v=1 run=40540528485118 event=present frame_id=37 t_ns=40541083807000 presented=1 clock=monotonic
K230_CARD_BENCH v=1 run=40540528485118 event=present frame_id=36 t_ns=40541064644000 presented=1 clock=monotonic
K230_CARD_BENCH v=1 run=40540528485118 event=present frame_id=35 t_ns=40541045481000 presented=1 clock=monotonic
K230_CARD_BENCH v=1 run=40540528485118 event=present frame_id=34 t_ns=40541026318000 presented=1 clock=monotonic
K230_CARD_BENCH v=1 run=40540528485118 event=present frame_id=33 t_ns=40541007154000 presented=1 clock=monotonic
K230_CARD_BENCH v=1 run=40540528485118 event=present frame_id=32 t_ns=40540987991000 presented=1 clock=monotonic
K230_CARD_BENCH v=1 run=40540528485118 event=present frame_id=31 t_ns=40540968827000 presented=1 clock=monotonic
K230_CARD_BENCH v=1 run=40540528485118 event=present frame_id=30 t_ns=40540949664000 presented=1 clock=monotonic
K230_CARD_BENCH v=1 run=40540528485118 event=present frame_id=29 t_ns=40540911338000 presented=1 clock=monotonic
K230_CARD_BENCH v=1 run=40540528485118 event=present frame_id=28 t_ns=40540892175000 presented=1 clock=monotonic
K230_CARD_BENCH v=1 run=40540528485118 event=present frame_id=27 t_ns=40540873011000 presented=1 clock=monotonic
K230_CARD_BENCH v=1 run=40540528485118 event=present frame_id=26 t_ns=40540853848000 presented=1 clock=monotonic
K230_CARD_BENCH v=1 run=40540528485118 event=present frame_id=25 t_ns=40540834685000 presented=1 clock=monotonic
K230_CARD_BENCH v=1 run=40540528485118 event=present frame_id=24 t_ns=40540815521000 presented=1 clock=monotonic
K230_CARD_BENCH v=1 run=40540528485118 event=present frame_id=23 t_ns=40540796358000 presented=1 clock=monotonic
K230_CARD_BENCH v=1 run=40540528485118 event=present frame_id=22 t_ns=40540777195000 presented=1 clock=monotonic
K230_CARD_BENCH v=1 run=40540528485118 event=present frame_id=21 t_ns=40540738870000 presented=1 clock=monotonic
K230_CARD_BENCH v=1 run=40540528485118 event=present frame_id=20 t_ns=40540700542000 presented=1 clock=monotonic
K230_CARD_BENCH v=1 run=40540528485118 event=present frame_id=19 t_ns=40540681379000 presented=1 clock=monotonic
K230_CARD_BENCH v=1 run=40540528485118 event=present frame_id=18 t_ns=40540643052000 presented=1 clock=monotonic
K230_CARD_BENCH v=1 run=40540528485118 event=present frame_id=17 t_ns=40540623889000 presented=1 clock=monotonic
K230_CARD_BENCH v=1 run=40540528485118 event=present frame_id=16 t_ns=40540604726000 presented=1 clock=monotonic
K230_CARD_BENCH v=1 run=40540528485118 event=present frame_id=15 t_ns=40540585563000 presented=1 clock=monotonic
K230_CARD_BENCH v=1 run=40540528485118 event=present frame_id=14 t_ns=40540566401000 presented=1 clock=monotonic
K230_CARD_BENCH v=1 run=40540528485118 event=present frame_id=13 t_ns=40540528075000 presented=1 clock=monotonic
K230_CARD_SHELL input=injected operation=benchmark accepted=1
K230_CARD_BENCH v=1 run=40540528485118 event=resource phase=baseline t_ns=40540528652988 cpu_ns=2407485000 memory_bytes=19185664 scope=session
K230_CARD_BENCH v=1 run=40540528485118 event=resource phase=baseline t_ns=40540528652988 cpu_ns=577123390 memory_bytes=22413312 scope=compositor
K230_CARD_SHELL map id=7 class=2
K230_CARD_SHELL state mode=0 actions=32 message=0 cards=1
K230_CARD_SHELL unmap id=5
K230_CARD_SHELL state mode=0 actions=32 message=0 cards=0
K230_CARD_SHELL map id=5 class=2
K230_CARD_SHELL state mode=0 actions=32 message=0 cards=1
