K230_CARD_SHELL restored focus=11 message=0
K230_CARD_SHELL mirror-release id=13
K230_CARD_SHELL mirror-release id=11
K230_CARD_SHELL live cards=2 commits=1517 sampled=2955 frame-done=3084 output-presented=1542
K230_CARD_SHELL state mode=1 actions=35 message=0 cards=2
K230_CARD_SHELL mirror id=13 format=34325241 width=568 height=744 stride=2304
K230_CARD_SHELL mirror id=11 format=34325241 width=568 height=1144 stride=2304
K230_CARD_SHELL restored focus=13 message=0
K230_CARD_SHELL mirror-release id=13
K230_CARD_SHELL mirror-release id=11
K230_CARD_SHELL live cards=2 commits=1516 sampled=2951 frame-done=3030 output-presented=1491
K230_CARD_SHELL live cards=2 commits=1516 sampled=2951 frame-done=2980 output-presented=1441
K230_CARD_SHELL state mode=1 actions=35 message=0 cards=2
K230_CARD_SHELL mirror id=13 format=34325241 width=568 height=1144 stride=2304
K230_CARD_SHELL mirror id=11 format=34325241 width=568 height=1144 stride=2304
K230_CARD_SHELL map id=13 class=2
K230_CARD_SHELL state mode=0 actions=32 message=0 cards=2
K230_CARD_SHELL map id=11 class=2
K230_CARD_SHELL state mode=0 actions=32 message=0 cards=1
K230_CARD_SHELL unmap id=7
K230_CARD_SHELL state mode=0 actions=32 message=0 cards=0
K230_CARD_SHELL restored focus=7 message=0
K230_CARD_SHELL mirror-release id=7
K230_CARD_SHELL mirror-release id=7
K230_CARD_SHELL live cards=1 commits=1483 sampled=2889 frame-done=2899 output-presented=1391
K230_CARD_SHELL unmap id=9
K230_CARD_SHELL state mode=1 actions=33 message=9 cards=1
K230_CARD_SHELL source-gone id=9
K230_CARD_SHELL mirror-release id=9
K230_CARD_SHELL mirror-release id=9
K230_CARD_SHELL state mode=3 actions=17 message=4 cards=2
K230_CARD_SHELL close-request id=9
K230_CARD_SHELL live cards=2 commits=1439 sampled=2803 frame-done=2813 output-presented=1348
K230_CARD_SHELL live cards=2 commits=1399 sampled=2721 frame-done=2731 output-presented=1307
K230_CARD_SHELL state mode=1 actions=1 message=0 cards=2
K230_CARD_SHELL live cards=2 commits=1349 sampled=2619 frame-done=2625 output-presented=1254
K230_CARD_SHELL live cards=2 commits=1307 sampled=2537 frame-done=2543 output-presented=1213
K230_CARD_SHELL state mode=1 actions=1 message=6 cards=2
K230_CARD_SHELL live cards=2 commits=1261 sampled=2447 frame-done=2453 output-presented=1168
K230_CARD_SHELL state mode=3 actions=17 message=4 cards=2
K230_CARD_SHELL close-request id=7
K230_CARD_SHELL state mode=2 actions=1 message=0 cards=2
K230_CARD_SHELL state mode=2 actions=1 message=0 cards=2
K230_CARD_SHELL state mode=2 actions=1 message=0 cards=2
K230_CARD_SHELL state mode=2 actions=1 message=0 cards=2
K230_CARD_SHELL state mode=2 actions=1 message=0 cards=2
K230_CARD_SHELL state mode=2 actions=1 message=0 cards=2
K230_CARD_SHELL state mode=2 actions=1 message=0 cards=2
K230_CARD_SHELL state mode=2 actions=1 message=0 cards=2
K230_CARD_SHELL state mode=2 actions=1 message=0 cards=2
K230_CARD_SHELL state mode=2 actions=1 message=0 cards=2
K230_CARD_SHELL state mode=2 actions=1 message=0 cards=2
K230_CARD_SHELL state mode=2 actions=1 message=0 cards=2
K230_CARD_SHELL state mode=2 actions=1 message=0 cards=2
K230_CARD_SHELL state mode=2 actions=1 message=0 cards=2
K230_CARD_SHELL state mode=2 actions=1 message=0 cards=2
K230_CARD_SHELL state mode=2 actions=1 message=0 cards=2
K230_CARD_SHELL state mode=2 actions=1 message=0 cards=2
K230_CARD_SHELL state mode=2 actions=1 message=0 cards=2
K230_CARD_SHELL state mode=2 actions=1 message=0 cards=2
K230_CARD_SHELL state mode=2 actions=1 message=0 cards=2
K230_CARD_SHELL state mode=2 actions=1 message=0 cards=2
K230_CARD_SHELL state mode=1 actions=33 message=0 cards=2
K230_CARD_SHELL mirror id=7 format=34325258 width=128 height=96 stride=512
K230_CARD_SHELL mirror id=7 format=34325258 width=520 height=1040 stride=2080
K230_CARD_SHELL live cards=2 commits=1225 sampled=2375 frame-done=2381 output-presented=1124
K230_CARD_SHELL state mode=1 actions=33 message=3 cards=2
K230_CARD_SHELL state mode=1 actions=33 message=2 cards=2
K230_CARD_SHELL mirror-release id=7
K230_CARD_SHELL mirror-release id=7
K230_CARD_SHELL live cards=2 commits=1223 sampled=2371 frame-done=2377 output-presented=1072
K230_CARD_SHELL live cards=2 commits=1181 sampled=2291 frame-done=2297 output-presented=1032
K230_CARD_SHELL state mode=1 actions=35 message=0 cards=2
K230_CARD_SHELL mirror id=9 format=34325258 width=128 height=96 stride=512
K230_CARD_SHELL mirror id=9 format=34325258 width=520 height=1040 stride=2080
K230_CARD_SHELL mirror id=7 format=34325258 width=128 height=96 stride=512
K230_CARD_SHELL mirror id=7 format=34325258 width=520 height=1040 stride=2080
K230_CARD_SHELL input=injected operation=benchmark-stop accepted=1
K230_CARD_BENCH v=1 run=1524353495544 event=present frame_id=1785 t_ns=1550012128000 presented=1 clock=monotonic
K230_CARD_BENCH v=1 run=1524353495544 event=present frame_id=1784 t_ns=1549992966000 presented=1 clock=monotonic
K230_CARD_BENCH v=1 run=1524353495544 event=present frame_id=1783 t_ns=1549973807000 presented=1 clock=monotonic
K230_CARD_BENCH v=1 run=1524353495544 event=present frame_id=1782 t_ns=1549954649000 presented=1 clock=monotonic
K230_CARD_BENCH v=1 run=1524353495544 event=present frame_id=1781 t_ns=1549935490000 presented=1 clock=monotonic
K230_CARD_BENCH v=1 run=1524353495544 event=present frame_id=1780 t_ns=1549916330000 presented=1 clock=monotonic
K230_CARD_BENCH v=1 run=1524353495544 event=present frame_id=1779 t_ns=1549897171000 presented=1 clock=monotonic
K230_CARD_BENCH v=1 run=1524353495544 event=present frame_id=1778 t_ns=1549878012000 presented=1 clock=monotonic
K230_CARD_BENCH v=1 run=1524353495544 event=present frame_id=1777 t_ns=1549839693000 presented=1 clock=monotonic
K230_CARD_BENCH v=1 run=1524353495544 event=present frame_id=1776 t_ns=1549820536000 presented=1 clock=monotonic
K230_CARD_BENCH v=1 run=1524353495544 event=present frame_id=1775 t_ns=1549801376000 presented=1 clock=monotonic
K230_CARD_BENCH v=1 run=1524353495544 event=present frame_id=1774 t_ns=1549782218000 presented=1 clock=monotonic
K230_CARD_BENCH v=1 run=1524353495544 event=present frame_id=1773 t_ns=1549763058000 presented=1 clock=monotonic
K230_CARD_BENCH v=1 run=1524353495544 event=present frame_id=1772 t_ns=1549743901000 presented=1 clock=monotonic
K230_CARD_BENCH v=1 run=1524353495544 event=present frame_id=1771 t_ns=1549724741000 presented=1 clock=monotonic
K230_CARD_BENCH v=1 run=1524353495544 event=resource phase=restored t_ns=1549708338782 cpu_ns=38928861000 memory_bytes=27471872 scope=session
K230_CARD_BENCH v=1 run=1524353495544 event=resource phase=restored t_ns=1549708338782 cpu_ns=24014197600 memory_bytes=34611200 scope=compositor
K230_CARD_BENCH v=1 run=1524353495544 event=present frame_id=1770 t_ns=1549686425000 presented=1 clock=monotonic
K230_CARD_BENCH v=1 run=1524353495544 event=present frame_id=1769 t_ns=1549667264000 presented=1 clock=monotonic
K230_CARD_BENCH v=1 run=1524353495544 event=present frame_id=1768 t_ns=1549648107000 presented=1 clock=monotonic
K230_CARD_BENCH v=1 run=1524353495544 event=present frame_id=1767 t_ns=1549628947000 presented=1 clock=monotonic
K230_CARD_BENCH v=1 run=1524353495544 event=present frame_id=1766 t_ns=1549609787000 presented=1 clock=monotonic
K230_CARD_BENCH v=1 run=1524353495544 event=present frame_id=1765 t_ns=1549590628000 presented=1 clock=monotonic
K230_CARD_BENCH v=1 run=1524353495544 event=present frame_id=1764 t_ns=1549571470000 presented=1 clock=monotonic
K230_CARD_BENCH v=1 run=1524353495544 event=present frame_id=1763 t_ns=1549552312000 presented=1 clock=monotonic
K230_CARD_BENCH v=1 run=1524353495544 event=present frame_id=1762 t_ns=1549513992000 presented=1 clock=monotonic
K230_CARD_BENCH v=1 run=1524353495544 event=present frame_id=1761 t_ns=1549494834000 presented=1 clock=monotonic
K230_CARD_BENCH v=1 run=1524353495544 event=present frame_id=1760 t_ns=1549475675000 presented=1 clock=monotonic
K230_CARD_BENCH v=1 run=1524353495544 event=present frame_id=1759 t_ns=1549456517000 presented=1 clock=monotonic
K230_CARD_BENCH v=1 run=1524353495544 event=present frame_id=1758 t_ns=1549437359000 presented=1 clock=monotonic
K230_CARD_BENCH v=1 run=1524353495544 event=present frame_id=1757 t_ns=1549418199000 presented=1 clock=monotonic
K230_CARD_BENCH v=1 run=1524353495544 event=present frame_id=1756 t_ns=1549399039000 presented=1 clock=monotonic
K230_CARD_BENCH v=1 run=1524353495544 event=present frame_id=1755 t_ns=1549379881000 presented=1 clock=monotonic
K230_CARD_BENCH v=1 run=1524353495544 event=present frame_id=1754 t_ns=1549360721000 presented=1 clock=monotonic
K230_CARD_BENCH v=1 run=1524353495544 event=present frame_id=1753 t_ns=1549322402000 presented=1 clock=monotonic
K230_CARD_BENCH v=1 run=1524353495544 event=present frame_id=1752 t_ns=1549303244000 presented=1 clock=monotonic
K230_CARD_BENCH v=1 run=1524353495544 event=present frame_id=1751 t_ns=1549284089000 presented=1 clock=monotonic
K230_CARD_BENCH v=1 run=1524353495544 event=present frame_id=1750 t_ns=1549264927000 presented=1 clock=monotonic
K230_CARD_BENCH v=1 run=1524353495544 event=present frame_id=1749 t_ns=1549245769000 presented=1 clock=monotonic
K230_CARD_BENCH v=1 run=1524353495544 event=present frame_id=1748 t_ns=1549226609000 presented=1 clock=monotonic
K230_CARD_BENCH v=1 run=1524353495544 event=present frame_id=1747 t_ns=1549207450000 presented=1 clock=monotonic
K230_CARD_BENCH v=1 run=1524353495544 event=present frame_id=1746 t_ns=1549188292000 presented=1 clock=monotonic
K230_CARD_BENCH v=1 run=1524353495544 event=present frame_id=1745 t_ns=1549149973000 presented=1 clock=monotonic
K230_CARD_BENCH v=1 run=1524353495544 event=present frame_id=1744 t_ns=1549130814000 presented=1 clock=monotonic
K230_CARD_BENCH v=1 run=1524353495544 event=present frame_id=1743 t_ns=1549111655000 presented=1 clock=monotonic
K230_CARD_BENCH v=1 run=1524353495544 event=present frame_id=1742 t_ns=1549092497000 presented=1 clock=monotonic
K230_CARD_BENCH v=1 run=1524353495544 event=present frame_id=1741 t_ns=1549073338000 presented=1 clock=monotonic
K230_CARD_BENCH v=1 run=1524353495544 event=present frame_id=1740 t_ns=1549054179000 presented=1 clock=monotonic
K230_CARD_BENCH v=1 run=1524353495544 event=present frame_id=1739 t_ns=1549035020000 presented=1 clock=monotonic
K230_CARD_BENCH v=1 run=1524353495544 event=present frame_id=1738 t_ns=1549015861000 presented=1 clock=monotonic
K230_CARD_BENCH v=1 run=1524353495544 event=present frame_id=1737 t_ns=1548977542000 presented=1 clock=monotonic
K230_CARD_BENCH v=1 run=1524353495544 event=present frame_id=1736 t_ns=1548958384000 presented=1 clock=monotonic
K230_CARD_BENCH v=1 run=1524353495544 event=present frame_id=1735 t_ns=1548939225000 presented=1 clock=monotonic
K230_CARD_BENCH v=1 run=1524353495544 event=present frame_id=1734 t_ns=1548920067000 presented=1 clock=monotonic
K230_CARD_BENCH v=1 run=1524353495544 event=present frame_id=1733 t_ns=1548900907000 presented=1 clock=monotonic
K230_CARD_BENCH v=1 run=1524353495544 event=present frame_id=1732 t_ns=1548881748000 presented=1 clock=monotonic
K230_CARD_BENCH v=1 run=1524353495544 event=present frame_id=1731 t_ns=1548862590000 presented=1 clock=monotonic
K230_CARD_BENCH v=1 run=1524353495544 event=present frame_id=1730 t_ns=1548843430000 presented=1 clock=monotonic
K230_CARD_BENCH v=1 run=1524353495544 event=present frame_id=1729 t_ns=1548805112000 presented=1 clock=monotonic
K230_CARD_BENCH v=1 run=1524353495544 event=present frame_id=1728 t_ns=1548785954000 presented=1 clock=monotonic
K230_CARD_BENCH v=1 run=1524353495544 event=present frame_id=1727 t_ns=1548766795000 presented=1 clock=monotonic
K230_CARD_BENCH v=1 run=1524353495544 event=present frame_id=1726 t_ns=1548747636000 presented=1 clock=monotonic
K230_CARD_BENCH v=1 run=1524353495544 event=present frame_id=1725 t_ns=1548728477000 presented=1 clock=monotonic
K230_CARD_BENCH v=1 run=1524353495544 event=present frame_id=1724 t_ns=1548709319000 presented=1 clock=monotonic
K230_CARD_BENCH v=1 run=1524353495544 event=resource phase=restored t_ns=1548708321228 cpu_ns=38047299000 memory_bytes=27471872 scope=session
K230_CARD_BENCH v=1 run=1524353495544 event=resource phase=restored t_ns=1548708321228 cpu_ns=23581185424 memory_bytes=34611200 scope=compositor
K230_CARD_BENCH v=1 run=1524353495544 event=present frame_id=1723 t_ns=1548671000000 presented=1 clock=monotonic
K230_CARD_BENCH v=1 run=1524353495544 event=present frame_id=1722 t_ns=1548651841000 presented=1 clock=monotonic
K230_CARD_BENCH v=1 run=1524353495544 event=present frame_id=1721 t_ns=1548632682000 presented=1 clock=monotonic
K230_CARD_BENCH v=1 run=1524353495544 event=present frame_id=1720 t_ns=1548613523000 presented=1 clock=monotonic
K230_CARD_BENCH v=1 run=1524353495544 event=present frame_id=1719 t_ns=1548594365000 presented=1 clock=monotonic
K230_CARD_BENCH v=1 run=1524353495544 event=present frame_id=1718 t_ns=1548575206000 presented=1 clock=monotonic
K230_CARD_BENCH v=1 run=1524353495544 event=present frame_id=1717 t_ns=1548556047000 presented=1 clock=monotonic
K230_CARD_BENCH v=1 run=1524353495544 event=present frame_id=1716 t_ns=1548536889000 presented=1 clock=monotonic
K230_CARD_BENCH v=1 run=1524353495544 event=present frame_id=1715 t_ns=1548498569000 presented=1 clock=monotonic
K230_CARD_BENCH v=1 run=1524353495544 event=present frame_id=1714 t_ns=1548479410000 presented=1 clock=monotonic
K230_CARD_BENCH v=1 run=1524353495544 event=present frame_id=1713 t_ns=1548460253000 presented=1 clock=monotonic
K230_CARD_BENCH v=1 run=1524353495544 event=present frame_id=1712 t_ns=1548441093000 presented=1 clock=monotonic
K230_CARD_BENCH v=1 run=1524353495544 event=present frame_id=1711 t_ns=1548421934000 presented=1 clock=monotonic
K230_CARD_BENCH v=1 run=1524353495544 event=present frame_id=1710 t_ns=1548402775000 presented=1 clock=monotonic
K230_CARD_BENCH v=1 run=1524353495544 event=present frame_id=1709 t_ns=1548383616000 presented=1 clock=monotonic
K230_CARD_BENCH v=1 run=1524353495544 event=present frame_id=1708 t_ns=1548364457000 presented=1 clock=monotonic
K230_CARD_BENCH v=1 run=1524353495544 event=present frame_id=1707 t_ns=1548326140000 presented=1 clock=monotonic
K230_CARD_BENCH v=1 run=1524353495544 event=present frame_id=1706 t_ns=1548306980000 presented=1 clock=monotonic
K230_CARD_BENCH v=1 run=1524353495544 event=present frame_id=1705 t_ns=1548287822000 presented=1 clock=monotonic
K230_CARD_BENCH v=1 run=1524353495544 event=present frame_id=1704 t_ns=1548268662000 presented=1 clock=monotonic
K230_CARD_BENCH v=1 run=1524353495544 event=present frame_id=1703 t_ns=1548249504000 presented=1 clock=monotonic
K230_CARD_BENCH v=1 run=1524353495544 event=present frame_id=1702 t_ns=1548230345000 presented=1 clock=monotonic
K230_CARD_BENCH v=1 run=1524353495544 event=present frame_id=1701 t_ns=1548211186000 presented=1 clock=monotonic
K230_CARD_BENCH v=1 run=1524353495544 event=present frame_id=1700 t_ns=1548172869000 presented=1 clock=monotonic
K230_CARD_BENCH v=1 run=1524353495544 event=present frame_id=1699 t_ns=1548153709000 presented=1 clock=monotonic
K230_CARD_BENCH v=1 run=1524353495544 event=present frame_id=1698 t_ns=1548134550000 presented=1 clock=monotonic
K230_CARD_BENCH v=1 run=1524353495544 event=present frame_id=1697 t_ns=1548115392000 presented=1 clock=monotonic
K230_CARD_BENCH v=1 run=1524353495544 event=present frame_id=1696 t_ns=1548096234000 presented=1 clock=monotonic
K230_CARD_BENCH v=1 run=1524353495544 event=present frame_id=1695 t_ns=1548077074000 presented=1 clock=monotonic
K230_CARD_BENCH v=1 run=1524353495544 event=present frame_id=1694 t_ns=1548057914000 presented=1 clock=monotonic
K230_CARD_BENCH v=1 run=1524353495544 event=present frame_id=1693 t_ns=1548038756000 presented=1 clock=monotonic
K230_CARD_BENCH v=1 run=1524353495544 event=present frame_id=1692 t_ns=1548000439000 presented=1 clock=monotonic
K230_CARD_BENCH v=1 run=1524353495544 event=present frame_id=1691 t_ns=1547981279000 presented=1 clock=monotonic
K230_CARD_BENCH v=1 run=1524353495544 event=present frame_id=1690 t_ns=1547962121000 presented=1 clock=monotonic
K230_CARD_BENCH v=1 run=1524353495544 event=present frame_id=1689 t_ns=1547942961000 presented=1 clock=monotonic
K230_CARD_BENCH v=1 run=1524353495544 event=present frame_id=1688 t_ns=1547923803000 presented=1 clock=monotonic
K230_CARD_BENCH v=1 run=1524353495544 event=present frame_id=1687 t_ns=1547904643000 presented=1 clock=monotonic
K230_CARD_BENCH v=1 run=1524353495544 event=present frame_id=1686 t_ns=1547885485000 presented=1 clock=monotonic
K230_CARD_BENCH v=1 run=1524353495544 event=present frame_id=1685 t_ns=1547847166000 presented=1 clock=monotonic
K230_CARD_BENCH v=1 run=1524353495544 event=present frame_id=1684 t_ns=1547828037000 presented=1 clock=monotonic
K230_CARD_BENCH v=1 run=1524353495544 event=present frame_id=1683 t_ns=1547808849000 presented=1 clock=monotonic
K230_CARD_BENCH v=1 run=1524353495544 event=present frame_id=1682 t_ns=1547789690000 presented=1 clock=monotonic
K230_CARD_BENCH v=1 run=1524353495544 event=present frame_id=1681 t_ns=1547770531000 presented=1 clock=monotonic
K230_CARD_BENCH v=1 run=1524353495544 event=present frame_id=1680 t_ns=1547751372000 presented=1 clock=monotonic
K230_CARD_BENCH v=1 run=1524353495544 event=present frame_id=1679 t_ns=1547732213000 presented=1 clock=monotonic
K230_CARD_BENCH v=1 run=1524353495544 event=present frame_id=1678 t_ns=1547713054000 presented=1 clock=monotonic
K230_CARD_BENCH v=1 run=1524353495544 event=resource phase=restored t_ns=1547700143113 cpu_ns=37171951000 memory_bytes=27463680 scope=session
K230_CARD_BENCH v=1 run=1524353495544 event=resource phase=restored t_ns=1547700143113 cpu_ns=23156543157 memory_bytes=34611200 scope=compositor
K230_CARD_BENCH v=1 run=1524353495544 event=present frame_id=1677 t_ns=1547674737000 presented=1 clock=monotonic
K230_CARD_BENCH v=1 run=1524353495544 event=present frame_id=1676 t_ns=1547655577000 presented=1 clock=monotonic
K230_CARD_BENCH v=1 run=1524353495544 event=present frame_id=1675 t_ns=1547636418000 presented=1 clock=monotonic
K230_CARD_BENCH v=1 run=1524353495544 event=present frame_id=1674 t_ns=1547617260000 presented=1 clock=monotonic
K230_CARD_BENCH v=1 run=1524353495544 event=present frame_id=1673 t_ns=1547598101000 presented=1 clock=monotonic
K230_CARD_BENCH v=1 run=1524353495544 event=present frame_id=1672 t_ns=1547578942000 presented=1 clock=monotonic
K230_CARD_BENCH v=1 run=1524353495544 event=present frame_id=1671 t_ns=1547559783000 presented=1 clock=monotonic
K230_CARD_BENCH v=1 run=1524353495544 event=present frame_id=1670 t_ns=1547540624000 presented=1 clock=monotonic
K230_CARD_BENCH v=1 run=1524353495544 event=present frame_id=1669 t_ns=1547521465000 presented=1 clock=monotonic
K230_CARD_BENCH v=1 run=1524353495544 event=present frame_id=1668 t_ns=1547483147000 presented=1 clock=monotonic
K230_CARD_BENCH v=1 run=1524353495544 event=present frame_id=1667 t_ns=1547463988000 presented=1 clock=monotonic
K230_CARD_BENCH v=1 run=1524353495544 event=present frame_id=1666 t_ns=1547444829000 presented=1 clock=monotonic
K230_CARD_BENCH v=1 run=1524353495544 event=present frame_id=1665 t_ns=1547425671000 presented=1 clock=monotonic
K230_CARD_BENCH v=1 run=1524353495544 event=present frame_id=1664 t_ns=1547406512000 presented=1 clock=monotonic
K230_CARD_BENCH v=1 run=1524353495544 event=present frame_id=1663 t_ns=1547387353000 presented=1 clock=monotonic
K230_CARD_BENCH v=1 run=1524353495544 event=present frame_id=1662 t_ns=1547368194000 presented=1 clock=monotonic
K230_CARD_BENCH v=1 run=1524353495544 event=present frame_id=1661 t_ns=1547349035000 presented=1 clock=monotonic
K230_CARD_BENCH v=1 run=1524353495544 event=present frame_id=1660 t_ns=1547310717000 presented=1 clock=monotonic
K230_CARD_BENCH v=1 run=1524353495544 event=present frame_id=1659 t_ns=1547291558000 presented=1 clock=monotonic
K230_CARD_BENCH v=1 run=1524353495544 event=present frame_id=1658 t_ns=1547272399000 presented=1 clock=monotonic
K230_CARD_BENCH v=1 run=1524353495544 event=present frame_id=1657 t_ns=1547253241000 presented=1 clock=monotonic
K230_CARD_BENCH v=1 run=1524353495544 event=present frame_id=1656 t_ns=1547234081000 presented=1 clock=monotonic
K230_CARD_BENCH v=1 run=1524353495544 event=present frame_id=1655 t_ns=1547214922000 presented=1 clock=monotonic
K230_CARD_BENCH v=1 run=1524353495544 event=present frame_id=1654 t_ns=1547195763000 presented=1 clock=monotonic
K230_CARD_BENCH v=1 run=1524353495544 event=present frame_id=1653 t_ns=1547157445000 presented=1 clock=monotonic
K230_CARD_BENCH v=1 run=1524353495544 event=present frame_id=1652 t_ns=1547138286000 presented=1 clock=monotonic
K230_CARD_BENCH v=1 run=1524353495544 event=present frame_id=1651 t_ns=1547119127000 presented=1 clock=monotonic
K230_CARD_BENCH v=1 run=1524353495544 event=present frame_id=1650 t_ns=1547099968000 presented=1 clock=monotonic
K230_CARD_BENCH v=1 run=1524353495544 event=present frame_id=1649 t_ns=1547080810000 presented=1 clock=monotonic
K230_CARD_BENCH v=1 run=1524353495544 event=present frame_id=1648 t_ns=1547061651000 presented=1 clock=monotonic
K230_CARD_BENCH v=1 run=1524353495544 event=present frame_id=1647 t_ns=1547042494000 presented=1 clock=monotonic
K230_CARD_BENCH v=1 run=1524353495544 event=present frame_id=1646 t_ns=1547023333000 presented=1 clock=monotonic
K230_CARD_BENCH v=1 run=1524353495544 event=present frame_id=1645 t_ns=1546985016000 presented=1 clock=monotonic
K230_CARD_BENCH v=1 run=1524353495544 event=present frame_id=1644 t_ns=1546965860000 presented=1 clock=monotonic
K230_CARD_BENCH v=1 run=1524353495544 event=present frame_id=1643 t_ns=1546946697000 presented=1 clock=monotonic
K230_CARD_BENCH v=1 run=1524353495544 event=present frame_id=1642 t_ns=1546927538000 presented=1 clock=monotonic
K230_CARD_BENCH v=1 run=1524353495544 event=present frame_id=1641 t_ns=1546908380000 presented=1 clock=monotonic
K230_CARD_BENCH v=1 run=1524353495544 event=present frame_id=1640 t_ns=1546889221000 presented=1 clock=monotonic
K230_CARD_BENCH v=1 run=1524353495544 event=present frame_id=1639 t_ns=1546870062000 presented=1 clock=monotonic
K230_CARD_BENCH v=1 run=1524353495544 event=present frame_id=1638 t_ns=1546850903000 presented=1 clock=monotonic
K230_CARD_BENCH v=1 run=1524353495544 event=present frame_id=1637 t_ns=1546812585000 presented=1 clock=monotonic
K230_CARD_BENCH v=1 run=1524353495544 event=present frame_id=1636 t_ns=1546774269000 presented=1 clock=monotonic
K230_CARD_BENCH v=1 run=1524353495544 event=present frame_id=1635 t_ns=1546735951000 presented=1 clock=monotonic
K230_CARD_BENCH v=1 run=1524353495544 event=present frame_id=1634 t_ns=1546697633000 presented=1 clock=monotonic
K230_CARD_BENCH v=1 run=1524353495544 event=resource phase=restored t_ns=1546688169510 cpu_ns=36336196000 memory_bytes=28876800 scope=session
K230_CARD_BENCH v=1 run=1524353495544 event=resource phase=restored t_ns=1546688169510 cpu_ns=22748654761 memory_bytes=35921920 scope=compositor
K230_CARD_BENCH v=1 run=1524353495544 event=present frame_id=1633 t_ns=1546659315000 presented=1 clock=monotonic
K230_CARD_BENCH v=1 run=1524353495544 event=present frame_id=1632 t_ns=1546620997000 presented=1 clock=monotonic
K230_CARD_BENCH v=1 run=1524353495544 event=present frame_id=1631 t_ns=1546582679000 presented=1 clock=monotonic
K230_CARD_BENCH v=1 run=1524353495544 event=present frame_id=1630 t_ns=1546544362000 presented=1 clock=monotonic
K230_CARD_BENCH v=1 run=1524353495544 event=present frame_id=1629 t_ns=1546506044000 presented=1 clock=monotonic
K230_CARD_BENCH v=1 run=1524353495544 event=present frame_id=1628 t_ns=1546467727000 presented=1 clock=monotonic
K230_CARD_BENCH v=1 run=1524353495544 event=present frame_id=1627 t_ns=1546429409000 presented=1 clock=monotonic
K230_CARD_BENCH v=1 run=1524353495544 event=present frame_id=1626 t_ns=1546410248000 presented=1 clock=monotonic
K230_CARD_BENCH v=1 run=1524353495544 event=present frame_id=1625 t_ns=1546371930000 presented=1 clock=monotonic
K230_CARD_BENCH v=1 run=1524353495544 event=present frame_id=1624 t_ns=1546352771000 presented=1 clock=monotonic
K230_CARD_BENCH v=1 run=1524353495544 event=present frame_id=1623 t_ns=1546333613000 presented=1 clock=monotonic
K230_CARD_BENCH v=1 run=1524353495544 event=present frame_id=1622 t_ns=1546314454000 presented=1 clock=monotonic
K230_CARD_BENCH v=1 run=1524353495544 event=present frame_id=1621 t_ns=1546295295000 presented=1 clock=monotonic
K230_CARD_BENCH v=1 run=1524353495544 event=present frame_id=1620 t_ns=1546256976000 presented=1 clock=monotonic
K230_CARD_BENCH v=1 run=1524353495544 event=present frame_id=1619 t_ns=1546237819000 presented=1 clock=monotonic
K230_CARD_BENCH v=1 run=1524353495544 event=present frame_id=1618 t_ns=1546218659000 presented=1 clock=monotonic
K230_CARD_BENCH v=1 run=1524353495544 event=present frame_id=1617 t_ns=1546199500000 presented=1 clock=monotonic
K230_CARD_BENCH v=1 run=1524353495544 event=present frame_id=1616 t_ns=1546180341000 presented=1 clock=monotonic
K230_CARD_BENCH v=1 run=1524353495544 event=present frame_id=1615 t_ns=1546161182000 presented=1 clock=monotonic
K230_CARD_BENCH v=1 run=1524353495544 event=present frame_id=1614 t_ns=1546142024000 presented=1 clock=monotonic
K230_CARD_BENCH v=1 run=1524353495544 event=present frame_id=1613 t_ns=1546122863000 presented=1 clock=monotonic
K230_CARD_BENCH v=1 run=1524353495544 event=present frame_id=1612 t_ns=1546103706000 presented=1 clock=monotonic
K230_CARD_BENCH v=1 run=1524353495544 event=present frame_id=1611 t_ns=1546065388000 presented=1 clock=monotonic
K230_CARD_BENCH v=1 run=1524353495544 event=present frame_id=1610 t_ns=1546046229000 presented=1 clock=monotonic
K230_CARD_BENCH v=1 run=1524353495544 event=present frame_id=1609 t_ns=1546027069000 presented=1 clock=monotonic
K230_CARD_BENCH v=1 run=1524353495544 event=present frame_id=1608 t_ns=1546007911000 presented=1 clock=monotonic
K230_CARD_BENCH v=1 run=1524353495544 event=present frame_id=1607 t_ns=1545988752000 presented=1 clock=monotonic
K230_CARD_BENCH v=1 run=1524353495544 event=present frame_id=1606 t_ns=1545969593000 presented=1 clock=monotonic
K230_CARD_BENCH v=1 run=1524353495544 event=present frame_id=1605 t_ns=1545950435000 presented=1 clock=monotonic
K230_CARD_BENCH v=1 run=1524353495544 event=present frame_id=1604 t_ns=1545931276000 presented=1 clock=monotonic
K230_CARD_BENCH v=1 run=1524353495544 event=present frame_id=1603 t_ns=1545892957000 presented=1 clock=monotonic
K230_CARD_BENCH v=1 run=1524353495544 event=present frame_id=1602 t_ns=1545873798000 presented=1 clock=monotonic
K230_CARD_BENCH v=1 run=1524353495544 event=present frame_id=1601 t_ns=1545854640000 presented=1 clock=monotonic
K230_CARD_BENCH v=1 run=1524353495544 event=present frame_id=1600 t_ns=1545835482000 presented=1 clock=monotonic
K230_CARD_BENCH v=1 run=1524353495544 event=present frame_id=1599 t_ns=1545816322000 presented=1 clock=monotonic
K230_CARD_BENCH v=1 run=1524353495544 event=present frame_id=1598 t_ns=1545797163000 presented=1 clock=monotonic
K230_CARD_BENCH v=1 run=1524353495544 event=present frame_id=1597 t_ns=1545778004000 presented=1 clock=monotonic
K230_CARD_BENCH v=1 run=1524353495544 event=present frame_id=1596 t_ns=1545739686000 presented=1 clock=monotonic
K230_CARD_BENCH v=1 run=1524353495544 event=present frame_id=1595 t_ns=1545720527000 presented=1 clock=monotonic
K230_CARD_BENCH v=1 run=1524353495544 event=present frame_id=1594 t_ns=1545701369000 presented=1 clock=monotonic
K230_CARD_BENCH v=1 run=1524353495544 event=present frame_id=1593 t_ns=1545682210000 presented=1 clock=monotonic
K230_CARD_BENCH v=1 run=1524353495544 event=resource phase=restored t_ns=1545675198528 cpu_ns=35564496000 memory_bytes=27467776 scope=session
K230_CARD_BENCH v=1 run=1524353495544 event=resource phase=restored t_ns=1545675198528 cpu_ns=22364800824 memory_bytes=34611200 scope=compositor
K230_CARD_BENCH v=1 run=1524353495544 event=present frame_id=1592 t_ns=1545663051000 presented=1 clock=monotonic
K230_CARD_BENCH v=1 run=1524353495544 event=present frame_id=1591 t_ns=1545624732000 presented=1 clock=monotonic
K230_CARD_BENCH v=1 run=1524353495544 event=present frame_id=1590 t_ns=1545605574000 presented=1 clock=monotonic
K230_CARD_BENCH v=1 run=1524353495544 event=present frame_id=1589 t_ns=1545586415000 presented=1 clock=monotonic
K230_CARD_BENCH v=1 run=1524353495544 event=present frame_id=1588 t_ns=1545567256000 presented=1 clock=monotonic
K230_CARD_BENCH v=1 run=1524353495544 event=present frame_id=1587 t_ns=1545548099000 presented=1 clock=monotonic
K230_CARD_BENCH v=1 run=1524353495544 event=present frame_id=1586 t_ns=1545528939000 presented=1 clock=monotonic
K230_CARD_BENCH v=1 run=1524353495544 event=present frame_id=1585 t_ns=1545509779000 presented=1 clock=monotonic
K230_CARD_BENCH v=1 run=1524353495544 event=present frame_id=1584 t_ns=1545490619000 presented=1 clock=monotonic
K230_CARD_BENCH v=1 run=1524353495544 event=present frame_id=1583 t_ns=1545471462000 presented=1 clock=monotonic
K230_CARD_BENCH v=1 run=1524353495544 event=present frame_id=1582 t_ns=1545433144000 presented=1 clock=monotonic
K230_CARD_BENCH v=1 run=1524353495544 event=present frame_id=1581 t_ns=1545413985000 presented=1 clock=monotonic
K230_CARD_BENCH v=1 run=1524353495544 event=present frame_id=1580 t_ns=1545394826000 presented=1 clock=monotonic
K230_CARD_BENCH v=1 run=1524353495544 event=present frame_id=1579 t_ns=1545375667000 presented=1 clock=monotonic
K230_CARD_BENCH v=1 run=1524353495544 event=present frame_id=1578 t_ns=1545356509000 presented=1 clock=monotonic
K230_CARD_BENCH v=1 run=1524353495544 event=present frame_id=1577 t_ns=1545337350000 presented=1 clock=monotonic
K230_CARD_BENCH v=1 run=1524353495544 event=present frame_id=1576 t_ns=1545318191000 presented=1 clock=monotonic
K230_CARD_BENCH v=1 run=1524353495544 event=present frame_id=1575 t_ns=1545299031000 presented=1 clock=monotonic
K230_CARD_BENCH v=1 run=1524353495544 event=present frame_id=1574 t_ns=1545260714000 presented=1 clock=monotonic
K230_CARD_BENCH v=1 run=1524353495544 event=present frame_id=1573 t_ns=1545241555000 presented=1 clock=monotonic
K230_CARD_BENCH v=1 run=1524353495544 event=present frame_id=1572 t_ns=1545222396000 presented=1 clock=monotonic
K230_CARD_BENCH v=1 run=1524353495544 event=present frame_id=1571 t_ns=1545203237000 presented=1 clock=monotonic
K230_CARD_BENCH v=1 run=1524353495544 event=present frame_id=1570 t_ns=1545184080000 presented=1 clock=monotonic
K230_CARD_BENCH v=1 run=1524353495544 event=present frame_id=1569 t_ns=1545164919000 presented=1 clock=monotonic
K230_CARD_BENCH v=1 run=1524353495544 event=present frame_id=1568 t_ns=1545145760000 presented=1 clock=monotonic
K230_CARD_BENCH v=1 run=1524353495544 event=present frame_id=1567 t_ns=1545126602000 presented=1 clock=monotonic
K230_CARD_BENCH v=1 run=1524353495544 event=present frame_id=1566 t_ns=1545088285000 presented=1 clock=monotonic
K230_CARD_BENCH v=1 run=1524353495544 event=present frame_id=1565 t_ns=1545069124000 presented=1 clock=monotonic
K230_CARD_BENCH v=1 run=1524353495544 event=present frame_id=1564 t_ns=1545049966000 presented=1 clock=monotonic
K230_CARD_BENCH v=1 run=1524353495544 event=present frame_id=1563 t_ns=1545030807000 presented=1 clock=monotonic
K230_CARD_BENCH v=1 run=1524353495544 event=present frame_id=1562 t_ns=1545011648000 presented=1 clock=monotonic
K230_CARD_BENCH v=1 run=1524353495544 event=present frame_id=1561 t_ns=1544992490000 presented=1 clock=monotonic
K230_CARD_BENCH v=1 run=1524353495544 event=present frame_id=1560 t_ns=1544973331000 presented=1 clock=monotonic
K230_CARD_BENCH v=1 run=1524353495544 event=present frame_id=1559 t_ns=1544954176000 presented=1 clock=monotonic
K230_CARD_BENCH v=1 run=1524353495544 event=present frame_id=1558 t_ns=1544915854000 presented=1 clock=monotonic
K230_CARD_SHELL frame-cost run=1524353495544 frame_id=1558 total_cpu_ns=11215188 render_cpu_ns=9264816 input_cpu_ns=1720371
K230_CARD_BENCH v=1 run=1524353495544 event=submit input_id=537 frame_id=1558 t_ns=1544910422876 update_cpu_ns=11215188 final=1
K230_CARD_BENCH v=1 run=1524353495544 event=present frame_id=1557 t_ns=1544896696000 presented=1 clock=monotonic
K230_CARD_BENCH v=1 run=1524353495544 event=input input_id=537 gesture_id=54 kind=release t_ns=1544879063281 source=injected
K230_CARD_SHELL restored focus=7 message=0
K230_CARD_SHELL mirror-release id=9
K230_CARD_SHELL mirror-release id=9
K230_CARD_SHELL mirror-release id=7
K230_CARD_SHELL mirror-release id=7
K230_CARD_BENCH v=1 run=1524353495544 event=present frame_id=1556 t_ns=1544858378000 presented=1 clock=monotonic
K230_CARD_BENCH v=1 run=1524353495544 event=present frame_id=1555 t_ns=1544820061000 presented=1 clock=monotonic
K230_CARD_SHELL state mode=2 actions=1 message=0 cards=2
K230_CARD_BENCH v=1 run=1524353495544 event=present frame_id=1554 t_ns=1544781744000 presented=1 clock=monotonic
K230_CARD_BENCH v=1 run=1524353495544 event=present frame_id=1553 t_ns=1544743424000 presented=1 clock=monotonic
K230_CARD_BENCH v=1 run=1524353495544 event=present frame_id=1552 t_ns=1544705104000 presented=1 clock=monotonic
K230_CARD_BENCH v=1 run=1524353495544 event=present frame_id=1551 t_ns=1544685947000 presented=1 clock=monotonic
K230_CARD_BENCH v=1 run=1524353495544 event=resource phase=active t_ns=1544670633061 cpu_ns=34740889000 memory_bytes=27619328 scope=session
K230_CARD_BENCH v=1 run=1524353495544 event=resource phase=active t_ns=1544670633061 cpu_ns=21934358600 memory_bytes=34611200 scope=compositor
K230_CARD_BENCH v=1 run=1524353495544 event=present frame_id=1550 t_ns=1544647629000 presented=1 clock=monotonic
K230_CARD_BENCH v=1 run=1524353495544 event=present frame_id=1549 t_ns=1544609311000 presented=1 clock=monotonic
K230_CARD_BENCH v=1 run=1524353495544 event=present frame_id=1548 t_ns=1544570994000 presented=1 clock=monotonic
K230_CARD_BENCH v=1 run=1524353495544 event=present frame_id=1547 t_ns=1544551840000 presented=1 clock=monotonic
K230_CARD_SHELL frame-cost run=1524353495544 frame_id=1547 total_cpu_ns=18343053 render_cpu_ns=14848350 input_cpu_ns=3275295
K230_CARD_BENCH v=1 run=1524353495544 event=submit input_id=536 frame_id=1547 t_ns=1544532431901 update_cpu_ns=18343053 final=1
K230_CARD_BENCH v=1 run=1524353495544 event=submit input_id=535 frame_id=1547 t_ns=1544532431901 update_cpu_ns=18343053 final=0
K230_CARD_BENCH v=1 run=1524353495544 event=present frame_id=1546 t_ns=1544513517000 presented=1 clock=monotonic
K230_CARD_BENCH v=1 run=1524353495544 event=input input_id=536 gesture_id=53 kind=release t_ns=1544501643430 source=injected
K230_CARD_SHELL state mode=1 actions=1 message=0 cards=2
K230_CARD_BENCH v=1 run=1524353495544 event=input input_id=535 gesture_id=53 kind=motion t_ns=1544499154993 source=injected
K230_CARD_SHELL state mode=2 actions=1 message=0 cards=2
K230_CARD_SHELL frame-cost run=1524353495544 frame_id=1546 total_cpu_ns=24558578 render_cpu_ns=21105616 input_cpu_ns=2932076
K230_CARD_BENCH v=1 run=1524353495544 event=submit input_id=534 frame_id=1546 t_ns=1544497833635 update_cpu_ns=24558578 final=0
K230_CARD_BENCH v=1 run=1524353495544 event=submit input_id=533 frame_id=1546 t_ns=1544497833635 update_cpu_ns=24558578 final=0
K230_CARD_BENCH v=1 run=1524353495544 event=submit input_id=532 frame_id=1546 t_ns=1544497833635 update_cpu_ns=24558578 final=0
K230_CARD_BENCH v=1 run=1524353495544 event=submit input_id=531 frame_id=1546 t_ns=1544497833635 update_cpu_ns=24558578 final=0
K230_CARD_BENCH v=1 run=1524353495544 event=submit input_id=530 frame_id=1546 t_ns=1544497833635 update_cpu_ns=24558578 final=0
K230_CARD_BENCH v=1 run=1524353495544 event=present frame_id=1545 t_ns=1544436881000 presented=1 clock=monotonic
K230_CARD_BENCH v=1 run=1524353495544 event=input input_id=534 gesture_id=53 kind=motion t_ns=1544455001447 source=injected
K230_CARD_SHELL state mode=2 actions=1 message=0 cards=2
K230_CARD_BENCH v=1 run=1524353495544 event=input input_id=533 gesture_id=53 kind=motion t_ns=1544448517978 source=injected
K230_CARD_SHELL state mode=2 actions=1 message=0 cards=2
K230_CARD_BENCH v=1 run=1524353495544 event=input input_id=532 gesture_id=53 kind=motion t_ns=1544443094231 source=injected
K230_CARD_SHELL state mode=2 actions=1 message=0 cards=2
K230_CARD_BENCH v=1 run=1524353495544 event=input input_id=531 gesture_id=53 kind=motion t_ns=1544439770636 source=injected
K230_CARD_SHELL state mode=2 actions=1 message=0 cards=2
K230_CARD_BENCH v=1 run=1524353495544 event=input input_id=530 gesture_id=53 kind=motion t_ns=1544434029299 source=injected
K230_CARD_SHELL state mode=2 actions=1 message=0 cards=2
K230_CARD_SHELL frame-cost run=1524353495544 frame_id=1545 total_cpu_ns=22444961 render_cpu_ns=20458480 input_cpu_ns=1735370
K230_CARD_BENCH v=1 run=1524353495544 event=submit input_id=529 frame_id=1545 t_ns=1544426197660 update_cpu_ns=22444961 final=0
K230_CARD_BENCH v=1 run=1524353495544 event=submit input_id=528 frame_id=1545 t_ns=1544426197660 update_cpu_ns=22444961 final=0
K230_CARD_BENCH v=1 run=1524353495544 event=submit input_id=527 frame_id=1545 t_ns=1544426197660 update_cpu_ns=22444961 final=0
K230_CARD_BENCH v=1 run=1524353495544 event=submit input_id=526 frame_id=1545 t_ns=1544426197660 update_cpu_ns=22444961 final=0
K230_CARD_BENCH v=1 run=1524353495544 event=present frame_id=1544 t_ns=1544398565000 presented=1 clock=monotonic
K230_CARD_BENCH v=1 run=1524353495544 event=input input_id=529 gesture_id=53 kind=motion t_ns=1544398520292 source=injected
K230_CARD_SHELL state mode=2 actions=1 message=0 cards=2
K230_CARD_BENCH v=1 run=1524353495544 event=input input_id=528 gesture_id=53 kind=motion t_ns=1544397980580 source=injected
K230_CARD_SHELL state mode=2 actions=1 message=0 cards=2
K230_CARD_BENCH v=1 run=1524353495544 event=input input_id=527 gesture_id=53 kind=motion t_ns=1544396487910 source=injected
K230_CARD_SHELL state mode=2 actions=1 message=0 cards=2
K230_CARD_BENCH v=1 run=1524353495544 event=input input_id=526 gesture_id=53 kind=motion t_ns=1544395829065 source=injected
K230_CARD_SHELL state mode=2 actions=1 message=0 cards=2
K230_CARD_SHELL frame-cost run=1524353495544 frame_id=1544 total_cpu_ns=20306356 render_cpu_ns=18375278 input_cpu_ns=1654486
K230_CARD_BENCH v=1 run=1524353495544 event=submit input_id=525 frame_id=1544 t_ns=1544390907553 update_cpu_ns=20306356 final=0
K230_CARD_BENCH v=1 run=1524353495544 event=submit input_id=524 frame_id=1544 t_ns=1544390907553 update_cpu_ns=20306356 final=0
K230_CARD_BENCH v=1 run=1524353495544 event=submit input_id=523 frame_id=1544 t_ns=1544390907553 update_cpu_ns=20306356 final=0
K230_CARD_BENCH v=1 run=1524353495544 event=submit input_id=522 frame_id=1544 t_ns=1544390907553 update_cpu_ns=20306356 final=0
K230_CARD_BENCH v=1 run=1524353495544 event=present frame_id=1543 t_ns=1544360246000 presented=1 clock=monotonic
K230_CARD_BENCH v=1 run=1524353495544 event=input input_id=525 gesture_id=53 kind=motion t_ns=1544355668440 source=injected
K230_CARD_SHELL state mode=2 actions=1 message=0 cards=2
K230_CARD_BENCH v=1 run=1524353495544 event=input input_id=524 gesture_id=53 kind=motion t_ns=1544351042559 source=injected
K230_CARD_SHELL state mode=2 actions=1 message=0 cards=2
K230_CARD_BENCH v=1 run=1524353495544 event=input input_id=523 gesture_id=53 kind=motion t_ns=1544350529584 source=injected
K230_CARD_SHELL state mode=2 actions=1 message=0 cards=2
K230_CARD_BENCH v=1 run=1524353495544 event=input input_id=522 gesture_id=53 kind=motion t_ns=1544349926843 source=injected
K230_CARD_SHELL state mode=2 actions=1 message=0 cards=2
K230_CARD_SHELL frame-cost run=1524353495544 frame_id=1543 total_cpu_ns=19231763 render_cpu_ns=16981767 input_cpu_ns=1939257
K230_CARD_BENCH v=1 run=1524353495544 event=submit input_id=521 frame_id=1543 t_ns=1544341175132 update_cpu_ns=19231763 final=0
K230_CARD_BENCH v=1 run=1524353495544 event=submit input_id=520 frame_id=1543 t_ns=1544341175132 update_cpu_ns=19231763 final=0
K230_CARD_BENCH v=1 run=1524353495544 event=submit input_id=519 frame_id=1543 t_ns=1544341175132 update_cpu_ns=19231763 final=0
K230_CARD_BENCH v=1 run=1524353495544 event=submit input_id=518 frame_id=1543 t_ns=1544341175132 update_cpu_ns=19231763 final=0
K230_CARD_BENCH v=1 run=1524353495544 event=submit input_id=517 frame_id=1543 t_ns=1544341175132 update_cpu_ns=19231763 final=0
K230_CARD_BENCH v=1 run=1524353495544 event=present frame_id=1542 t_ns=1544321928000 presented=1 clock=monotonic
K230_CARD_BENCH v=1 run=1524353495544 event=input input_id=521 gesture_id=53 kind=motion t_ns=1544316305495 source=injected
K230_CARD_SHELL state mode=2 actions=1 message=0 cards=2
K230_CARD_BENCH v=1 run=1524353495544 event=input input_id=520 gesture_id=53 kind=motion t_ns=1544314639032 source=injected
K230_CARD_SHELL state mode=2 actions=1 message=0 cards=2
K230_CARD_BENCH v=1 run=1524353495544 event=input input_id=519 gesture_id=53 kind=motion t_ns=1544314120391 source=injected
K230_CARD_SHELL state mode=2 actions=1 message=0 cards=2
K230_CARD_BENCH v=1 run=1524353495544 event=input input_id=518 gesture_id=53 kind=motion t_ns=1544312659977 source=injected
K230_CARD_SHELL state mode=2 actions=1 message=0 cards=2
K230_CARD_BENCH v=1 run=1524353495544 event=input input_id=517 gesture_id=53 kind=motion t_ns=1544310454579 source=injected
K230_CARD_SHELL state mode=2 actions=1 message=0 cards=2
K230_CARD_BENCH v=1 run=1524353495544 event=present frame_id=1541 t_ns=1544283611000 presented=1 clock=monotonic
K230_CARD_SHELL frame-cost run=1524353495544 frame_id=1541 total_cpu_ns=14377882 render_cpu_ns=14064883 input_cpu_ns=175110
K230_CARD_BENCH v=1 run=1524353495544 event=submit input_id=516 frame_id=1541 t_ns=1544281135670 update_cpu_ns=14377882 final=0
K230_CARD_BENCH v=1 run=1524353495544 event=present frame_id=1540 t_ns=1544264467000 presented=1 clock=monotonic
K230_CARD_BENCH v=1 run=1524353495544 event=input input_id=516 gesture_id=53 kind=motion t_ns=1544264165923 source=injected
K230_CARD_SHELL state mode=2 actions=1 message=0 cards=2
K230_CARD_SHELL state mode=2 actions=1 message=0 cards=2
K230_CARD_BENCH v=1 run=1524353495544 event=present frame_id=1539 t_ns=1544226133000 presented=1 clock=monotonic
K230_CARD_BENCH v=1 run=1524353495544 event=present frame_id=1538 t_ns=1544206974000 presented=1 clock=monotonic
K230_CARD_BENCH v=1 run=1524353495544 event=present frame_id=1537 t_ns=1544168657000 presented=1 clock=monotonic
K230_CARD_BENCH v=1 run=1524353495544 event=present frame_id=1536 t_ns=1544149497000 presented=1 clock=monotonic
K230_CARD_BENCH v=1 run=1524353495544 event=present frame_id=1535 t_ns=1544111179000 presented=1 clock=monotonic
K230_CARD_BENCH v=1 run=1524353495544 event=present frame_id=1534 t_ns=1544092022000 presented=1 clock=monotonic
K230_CARD_BENCH v=1 run=1524353495544 event=present frame_id=1533 t_ns=1544053702000 presented=1 clock=monotonic
K230_CARD_BENCH v=1 run=1524353495544 event=present frame_id=1532 t_ns=1544034544000 presented=1 clock=monotonic
K230_CARD_BENCH v=1 run=1524353495544 event=present frame_id=1531 t_ns=1543996231000 presented=1 clock=monotonic
K230_CARD_BENCH v=1 run=1524353495544 event=present frame_id=1530 t_ns=1543977067000 presented=1 clock=monotonic
K230_CARD_SHELL frame-cost run=1524353495544 frame_id=1530 total_cpu_ns=20220300 render_cpu_ns=14286407 input_cpu_ns=5444374
K230_CARD_BENCH v=1 run=1524353495544 event=submit input_id=515 frame_id=1530 t_ns=1543962052217 update_cpu_ns=20220300 final=1
K230_CARD_BENCH v=1 run=1524353495544 event=submit input_id=514 frame_id=1530 t_ns=1543962052217 update_cpu_ns=20220300 final=0
K230_CARD_BENCH v=1 run=1524353495544 event=submit input_id=513 frame_id=1530 t_ns=1543962052217 update_cpu_ns=20220300 final=0
K230_CARD_BENCH v=1 run=1524353495544 event=submit input_id=512 frame_id=1530 t_ns=1543962052217 update_cpu_ns=20220300 final=0
K230_CARD_BENCH v=1 run=1524353495544 event=submit input_id=511 frame_id=1530 t_ns=1543962052217 update_cpu_ns=20220300 final=0
K230_CARD_BENCH v=1 run=1524353495544 event=submit input_id=510 frame_id=1530 t_ns=1543962052217 update_cpu_ns=20220300 final=0
K230_CARD_BENCH v=1 run=1524353495544 event=present frame_id=1529 t_ns=1543919602000 presented=1 clock=monotonic
K230_CARD_BENCH v=1 run=1524353495544 event=input input_id=515 gesture_id=52 kind=release t_ns=1543941342296 source=injected
K230_CARD_SHELL state mode=1 actions=1 message=0 cards=2
K230_CARD_BENCH v=1 run=1524353495544 event=input input_id=514 gesture_id=52 kind=motion t_ns=1543940269649 source=injected
K230_CARD_SHELL state mode=2 actions=1 message=0 cards=2
K230_CARD_BENCH v=1 run=1524353495544 event=input input_id=513 gesture_id=52 kind=motion t_ns=1543935124646 source=injected
K230_CARD_SHELL state mode=2 actions=1 message=0 cards=2
K230_CARD_BENCH v=1 run=1524353495544 event=input input_id=512 gesture_id=52 kind=motion t_ns=1543931911482 source=injected
K230_CARD_SHELL state mode=2 actions=1 message=0 cards=2
K230_CARD_BENCH v=1 run=1524353495544 event=input input_id=511 gesture_id=52 kind=motion t_ns=1543930429107 source=injected
K230_CARD_SHELL state mode=2 actions=1 message=0 cards=2
K230_CARD_BENCH v=1 run=1524353495544 event=input input_id=510 gesture_id=52 kind=motion t_ns=1543929199405 source=injected
K230_CARD_SHELL state mode=2 actions=1 message=0 cards=2
K230_CARD_SHELL frame-cost run=1524353495544 frame_id=1529 total_cpu_ns=22508927 render_cpu_ns=19827223 input_cpu_ns=2399851
K230_CARD_BENCH v=1 run=1524353495544 event=submit input_id=509 frame_id=1529 t_ns=1543917859343 update_cpu_ns=22508927 final=0
K230_CARD_BENCH v=1 run=1524353495544 event=submit input_id=508 frame_id=1529 t_ns=1543917859343 update_cpu_ns=22508927 final=0
K230_CARD_BENCH v=1 run=1524353495544 event=submit input_id=507 frame_id=1529 t_ns=1543917859343 update_cpu_ns=22508927 final=0
K230_CARD_BENCH v=1 run=1524353495544 event=submit input_id=506 frame_id=1529 t_ns=1543917859343 update_cpu_ns=22508927 final=0
K230_CARD_BENCH v=1 run=1524353495544 event=present frame_id=1528 t_ns=1543881273000 presented=1 clock=monotonic
K230_CARD_BENCH v=1 run=1524353495544 event=input input_id=509 gesture_id=52 kind=motion t_ns=1543890422945 source=injected
K230_CARD_SHELL state mode=2 actions=1 message=0 cards=2
K230_CARD_BENCH v=1 run=1524353495544 event=input input_id=508 gesture_id=52 kind=motion t_ns=1543888033718 source=injected
K230_CARD_SHELL state mode=2 actions=1 message=0 cards=2
K230_CARD_BENCH v=1 run=1524353495544 event=input input_id=507 gesture_id=52 kind=motion t_ns=1543881522437 source=injected
K230_CARD_SHELL state mode=2 actions=1 message=0 cards=2
K230_CARD_BENCH v=1 run=1524353495544 event=input input_id=506 gesture_id=52 kind=motion t_ns=1543878720778 source=injected
K230_CARD_SHELL state mode=2 actions=1 message=0 cards=2
K230_CARD_SHELL frame-cost run=1524353495544 frame_id=1528 total_cpu_ns=21448708 render_cpu_ns=19197630 input_cpu_ns=1984448
K230_CARD_BENCH v=1 run=1524353495544 event=submit input_id=505 frame_id=1528 t_ns=1543876417985 update_cpu_ns=21448708 final=0
K230_CARD_BENCH v=1 run=1524353495544 event=submit input_id=504 frame_id=1528 t_ns=1543876417985 update_cpu_ns=21448708 final=0
K230_CARD_BENCH v=1 run=1524353495544 event=submit input_id=503 frame_id=1528 t_ns=1543876417985 update_cpu_ns=21448708 final=0
K230_CARD_BENCH v=1 run=1524353495544 event=submit input_id=502 frame_id=1528 t_ns=1543876417985 update_cpu_ns=21448708 final=0
K230_CARD_BENCH v=1 run=1524353495544 event=present frame_id=1527 t_ns=1543842956000 presented=1 clock=monotonic
K230_CARD_BENCH v=1 run=1524353495544 event=input input_id=505 gesture_id=52 kind=motion t_ns=1543848559009 source=injected
K230_CARD_SHELL state mode=2 actions=1 message=0 cards=2
K230_CARD_BENCH v=1 run=1524353495544 event=input input_id=504 gesture_id=52 kind=motion t_ns=1543843761483 source=injected
K230_CARD_SHELL state mode=2 actions=1 message=0 cards=2
K230_CARD_BENCH v=1 run=1524353495544 event=input input_id=503 gesture_id=52 kind=motion t_ns=1543843170851 source=injected
K230_CARD_SHELL state mode=2 actions=1 message=0 cards=2
K230_CARD_BENCH v=1 run=1524353495544 event=input input_id=502 gesture_id=52 kind=motion t_ns=1543841403103 source=injected
K230_CARD_SHELL state mode=2 actions=1 message=0 cards=2
K230_CARD_SHELL frame-cost run=1524353495544 frame_id=1527 total_cpu_ns=19225406 render_cpu_ns=17703186 input_cpu_ns=1275035
K230_CARD_BENCH v=1 run=1524353495544 event=submit input_id=501 frame_id=1527 t_ns=1543835444015 update_cpu_ns=19225406 final=0
K230_CARD_BENCH v=1 run=1524353495544 event=submit input_id=500 frame_id=1527 t_ns=1543835444015 update_cpu_ns=19225406 final=0
K230_CARD_BENCH v=1 run=1524353495544 event=submit input_id=499 frame_id=1527 t_ns=1543835444015 update_cpu_ns=19225406 final=0
K230_CARD_BENCH v=1 run=1524353495544 event=present frame_id=1526 t_ns=1543804638000 presented=1 clock=monotonic
K230_CARD_BENCH v=1 run=1524353495544 event=input input_id=501 gesture_id=52 kind=motion t_ns=1543806951561 source=injected
K230_CARD_SHELL state mode=2 actions=1 message=0 cards=2
K230_CARD_BENCH v=1 run=1524353495544 event=input input_id=500 gesture_id=52 kind=motion t_ns=1543804594811 source=injected
K230_CARD_SHELL state mode=2 actions=1 message=0 cards=2
K230_CARD_BENCH v=1 run=1524353495544 event=input input_id=499 gesture_id=52 kind=motion t_ns=1543799243944 source=injected
K230_CARD_SHELL state mode=2 actions=1 message=0 cards=2
K230_CARD_SHELL frame-cost run=1524353495544 frame_id=1526 total_cpu_ns=17294438 render_cpu_ns=15981328 input_cpu_ns=1046889
K230_CARD_BENCH v=1 run=1524353495544 event=submit input_id=498 frame_id=1526 t_ns=1543797912958 update_cpu_ns=17294438 final=0
K230_CARD_BENCH v=1 run=1524353495544 event=submit input_id=497 frame_id=1526 t_ns=1543797912958 update_cpu_ns=17294438 final=0
K230_CARD_BENCH v=1 run=1524353495544 event=submit input_id=496 frame_id=1526 t_ns=1543797912958 update_cpu_ns=17294438 final=0
K230_CARD_BENCH v=1 run=1524353495544 event=present frame_id=1525 t_ns=1543766320000 presented=1 clock=monotonic
K230_CARD_BENCH v=1 run=1524353495544 event=input input_id=498 gesture_id=52 kind=motion t_ns=1543770227152 source=injected
K230_CARD_SHELL state mode=2 actions=1 message=0 cards=2
K230_CARD_BENCH v=1 run=1524353495544 event=input input_id=497 gesture_id=52 kind=motion t_ns=1543768654047 source=injected
K230_CARD_SHELL state mode=2 actions=1 message=0 cards=2
K230_CARD_BENCH v=1 run=1524353495544 event=input input_id=496 gesture_id=52 kind=motion t_ns=1543766494570 source=injected
K230_CARD_SHELL state mode=2 actions=1 message=0 cards=2
K230_CARD_SHELL frame-cost run=1524353495544 frame_id=1525 total_cpu_ns=14630331 render_cpu_ns=14255072 input_cpu_ns=174667
K230_CARD_BENCH v=1 run=1524353495544 event=submit input_id=495 frame_id=1525 t_ns=1543763728501 update_cpu_ns=14630331 final=0
K230_CARD_BENCH v=1 run=1524353495544 event=present frame_id=1524 t_ns=1543747161000 presented=1 clock=monotonic
K230_CARD_BENCH v=1 run=1524353495544 event=input input_id=495 gesture_id=52 kind=motion t_ns=1543738618864 source=injected
K230_CARD_SHELL state mode=2 actions=1 message=0 cards=2
K230_CARD_SHELL state mode=2 actions=1 message=0 cards=2
K230_CARD_BENCH v=1 run=1524353495544 event=present frame_id=1523 t_ns=1543708842000 presented=1 clock=monotonic
K230_CARD_BENCH v=1 run=1524353495544 event=present frame_id=1522 t_ns=1543670524000 presented=1 clock=monotonic
K230_CARD_BENCH v=1 run=1524353495544 event=present frame_id=1521 t_ns=1543651366000 presented=1 clock=monotonic
K230_CARD_BENCH v=1 run=1524353495544 event=resource phase=active t_ns=1543639566405 cpu_ns=34012653000 memory_bytes=27627520 scope=session
K230_CARD_BENCH v=1 run=1524353495544 event=resource phase=active t_ns=1543639566405 cpu_ns=21404675606 memory_bytes=34611200 scope=compositor
K230_CARD_BENCH v=1 run=1524353495544 event=present frame_id=1520 t_ns=1543613048000 presented=1 clock=monotonic
K230_CARD_BENCH v=1 run=1524353495544 event=present frame_id=1519 t_ns=1543593889000 presented=1 clock=monotonic
K230_CARD_BENCH v=1 run=1524353495544 event=present frame_id=1518 t_ns=1543555571000 presented=1 clock=monotonic
K230_CARD_BENCH v=1 run=1524353495544 event=present frame_id=1517 t_ns=1543536413000 presented=1 clock=monotonic
K230_CARD_BENCH v=1 run=1524353495544 event=present frame_id=1516 t_ns=1543498094000 presented=1 clock=monotonic
K230_CARD_BENCH v=1 run=1524353495544 event=present frame_id=1515 t_ns=1543478936000 presented=1 clock=monotonic
K230_CARD_BENCH v=1 run=1524353495544 event=present frame_id=1514 t_ns=1543440620000 presented=1 clock=monotonic
K230_CARD_SHELL live cards=2 commits=1117 sampled=2171 frame-done=2177 output-presented=978
K230_CARD_SHELL frame-cost run=1524353495544 frame_id=1514 total_cpu_ns=21062302 render_cpu_ns=14355119 input_cpu_ns=5996186
K230_CARD_BENCH v=1 run=1524353495544 event=submit input_id=494 frame_id=1514 t_ns=1543437535301 update_cpu_ns=21062302 final=1
K230_CARD_BENCH v=1 run=1524353495544 event=submit input_id=493 frame_id=1514 t_ns=1543437535301 update_cpu_ns=21062302 final=0
K230_CARD_BENCH v=1 run=1524353495544 event=submit input_id=492 frame_id=1514 t_ns=1543437535301 update_cpu_ns=21062302 final=0
K230_CARD_BENCH v=1 run=1524353495544 event=submit input_id=491 frame_id=1514 t_ns=1543437535301 update_cpu_ns=21062302 final=0
K230_CARD_BENCH v=1 run=1524353495544 event=submit input_id=490 frame_id=1514 t_ns=1543437535301 update_cpu_ns=21062302 final=0
K230_CARD_BENCH v=1 run=1524353495544 event=submit input_id=489 frame_id=1514 t_ns=1543437535301 update_cpu_ns=21062302 final=0
K230_CARD_BENCH v=1 run=1524353495544 event=submit input_id=488 frame_id=1514 t_ns=1543437535301 update_cpu_ns=21062302 final=0
K230_CARD_BENCH v=1 run=1524353495544 event=submit input_id=487 frame_id=1514 t_ns=1543437535301 update_cpu_ns=21062302 final=0
K230_CARD_BENCH v=1 run=1524353495544 event=present frame_id=1513 t_ns=1543421460000 presented=1 clock=monotonic
K230_CARD_BENCH v=1 run=1524353495544 event=input input_id=494 gesture_id=51 kind=release t_ns=1543415885427 source=injected
K230_CARD_SHELL state mode=1 actions=1 message=0 cards=2
K230_CARD_BENCH v=1 run=1524353495544 event=input input_id=493 gesture_id=51 kind=motion t_ns=1543415287722 source=injected
K230_CARD_SHELL state mode=2 actions=1 message=0 cards=2
K230_CARD_BENCH v=1 run=1524353495544 event=input input_id=492 gesture_id=51 kind=motion t_ns=1543412131330 source=injected
K230_CARD_SHELL state mode=2 actions=1 message=0 cards=2
K230_CARD_BENCH v=1 run=1524353495544 event=input input_id=491 gesture_id=51 kind=motion t_ns=1543411362127 source=injected
K230_CARD_SHELL state mode=2 actions=1 message=0 cards=2
K230_CARD_BENCH v=1 run=1524353495544 event=input input_id=490 gesture_id=51 kind=motion t_ns=1543409878271 source=injected
K230_CARD_SHELL state mode=2 actions=1 message=0 cards=2
K230_CARD_BENCH v=1 run=1524353495544 event=input input_id=489 gesture_id=51 kind=motion t_ns=1543407393168 source=injected
K230_CARD_SHELL state mode=2 actions=1 message=0 cards=2
K230_CARD_BENCH v=1 run=1524353495544 event=input input_id=488 gesture_id=51 kind=motion t_ns=1543406841494 source=injected
K230_CARD_SHELL state mode=2 actions=1 message=0 cards=2
K230_CARD_BENCH v=1 run=1524353495544 event=input input_id=487 gesture_id=51 kind=motion t_ns=1543406224347 source=injected
K230_CARD_SHELL state mode=2 actions=1 message=0 cards=2
K230_CARD_BENCH v=1 run=1524353495544 event=present frame_id=1512 t_ns=1543383145000 presented=1 clock=monotonic
K230_CARD_SHELL frame-cost run=1524353495544 frame_id=1512 total_cpu_ns=21893562 render_cpu_ns=19828005 input_cpu_ns=1770890
K230_CARD_BENCH v=1 run=1524353495544 event=submit input_id=486 frame_id=1512 t_ns=1543379269158 update_cpu_ns=21893562 final=0
K230_CARD_BENCH v=1 run=1524353495544 event=submit input_id=485 frame_id=1512 t_ns=1543379269158 update_cpu_ns=21893562 final=0
K230_CARD_BENCH v=1 run=1524353495544 event=submit input_id=484 frame_id=1512 t_ns=1543379269158 update_cpu_ns=21893562 final=0
K230_CARD_BENCH v=1 run=1524353495544 event=submit input_id=483 frame_id=1512 t_ns=1543379269158 update_cpu_ns=21893562 final=0
K230_CARD_BENCH v=1 run=1524353495544 event=present frame_id=1511 t_ns=1543344825000 presented=1 clock=monotonic
K230_CARD_BENCH v=1 run=1524353495544 event=input input_id=486 gesture_id=51 kind=motion t_ns=1543339099767 source=injected
K230_CARD_SHELL state mode=2 actions=1 message=0 cards=2
K230_CARD_BENCH v=1 run=1524353495544 event=input input_id=485 gesture_id=51 kind=motion t_ns=1543335822612 source=injected
K230_CARD_SHELL state mode=2 actions=1 message=0 cards=2
K230_CARD_BENCH v=1 run=1524353495544 event=input input_id=484 gesture_id=51 kind=motion t_ns=1543335324599 source=injected
K230_CARD_SHELL state mode=2 actions=1 message=0 cards=2
K230_CARD_BENCH v=1 run=1524353495544 event=input input_id=483 gesture_id=51 kind=motion t_ns=1543334745188 source=injected
K230_CARD_SHELL state mode=2 actions=1 message=0 cards=2
K230_CARD_SHELL frame-cost run=1524353495544 frame_id=1511 total_cpu_ns=21739315 render_cpu_ns=18125534 input_cpu_ns=3307115
K230_CARD_BENCH v=1 run=1524353495544 event=submit input_id=482 frame_id=1511 t_ns=1543327244289 update_cpu_ns=21739315 final=0
K230_CARD_BENCH v=1 run=1524353495544 event=submit input_id=481 frame_id=1511 t_ns=1543327244289 update_cpu_ns=21739315 final=0
K230_CARD_BENCH v=1 run=1524353495544 event=submit input_id=480 frame_id=1511 t_ns=1543327244289 update_cpu_ns=21739315 final=0
K230_CARD_BENCH v=1 run=1524353495544 event=submit input_id=479 frame_id=1511 t_ns=1543327244289 update_cpu_ns=21739315 final=0
K230_CARD_BENCH v=1 run=1524353495544 event=submit input_id=478 frame_id=1511 t_ns=1543327244289 update_cpu_ns=21739315 final=0
K230_CARD_BENCH v=1 run=1524353495544 event=submit input_id=477 frame_id=1511 t_ns=1543327244289 update_cpu_ns=21739315 final=0
K230_CARD_BENCH v=1 run=1524353495544 event=submit input_id=476 frame_id=1511 t_ns=1543327244289 update_cpu_ns=21739315 final=0
K230_CARD_BENCH v=1 run=1524353495544 event=present frame_id=1510 t_ns=1543306506000 presented=1 clock=monotonic
K230_CARD_BENCH v=1 run=1524353495544 event=input input_id=482 gesture_id=51 kind=motion t_ns=1543298605343 source=injected
K230_CARD_SHELL state mode=2 actions=1 message=0 cards=2
K230_CARD_BENCH v=1 run=1524353495544 event=input input_id=481 gesture_id=51 kind=motion t_ns=1543295007152 source=injected
K230_CARD_SHELL state mode=2 actions=1 message=0 cards=2
K230_CARD_BENCH v=1 run=1524353495544 event=input input_id=480 gesture_id=51 kind=motion t_ns=1543293501781 source=injected
K230_CARD_SHELL state mode=2 actions=1 message=0 cards=2
K230_CARD_BENCH v=1 run=1524353495544 event=input input_id=479 gesture_id=51 kind=motion t_ns=1543291938305 source=injected
K230_CARD_SHELL state mode=2 actions=1 message=0 cards=2
K230_CARD_BENCH v=1 run=1524353495544 event=input input_id=478 gesture_id=51 kind=motion t_ns=1543291458956 source=injected
K230_CARD_SHELL state mode=2 actions=1 message=0 cards=2
K230_CARD_BENCH v=1 run=1524353495544 event=input input_id=477 gesture_id=51 kind=motion t_ns=1543290245512 source=injected
K230_CARD_SHELL state mode=2 actions=1 message=0 cards=2
K230_CARD_BENCH v=1 run=1524353495544 event=input input_id=476 gesture_id=51 kind=motion t_ns=1543287721746 source=injected
K230_CARD_SHELL state mode=2 actions=1 message=0 cards=2
K230_CARD_BENCH v=1 run=1524353495544 event=present frame_id=1509 t_ns=1543249051000 presented=1 clock=monotonic
K230_CARD_SHELL frame-cost run=1524353495544 frame_id=1509 total_cpu_ns=15711336 render_cpu_ns=14678891 input_cpu_ns=814073
K230_CARD_BENCH v=1 run=1524353495544 event=submit input_id=475 frame_id=1509 t_ns=1543246560773 update_cpu_ns=15711336 final=0
K230_CARD_BENCH v=1 run=1524353495544 event=submit input_id=474 frame_id=1509 t_ns=1543246560773 update_cpu_ns=15711336 final=0
K230_CARD_BENCH v=1 run=1524353495544 event=present frame_id=1508 t_ns=1543229872000 presented=1 clock=monotonic
K230_CARD_BENCH v=1 run=1524353495544 event=input input_id=475 gesture_id=51 kind=motion t_ns=1543228607817 source=injected
K230_CARD_SHELL state mode=2 actions=1 message=0 cards=2
K230_CARD_BENCH v=1 run=1524353495544 event=input input_id=474 gesture_id=51 kind=motion t_ns=1543218612371 source=injected
K230_CARD_SHELL state mode=2 actions=1 message=0 cards=2
K230_CARD_SHELL state mode=2 actions=1 message=0 cards=2
K230_CARD_BENCH v=1 run=1524353495544 event=present frame_id=1507 t_ns=1543191553000 presented=1 clock=monotonic
K230_CARD_BENCH v=1 run=1524353495544 event=present frame_id=1506 t_ns=1543153234000 presented=1 clock=monotonic
K230_CARD_BENCH v=1 run=1524353495544 event=present frame_id=1505 t_ns=1543134077000 presented=1 clock=monotonic
K230_CARD_BENCH v=1 run=1524353495544 event=present frame_id=1504 t_ns=1543095757000 presented=1 clock=monotonic
K230_CARD_BENCH v=1 run=1524353495544 event=present frame_id=1503 t_ns=1543076599000 presented=1 clock=monotonic
K230_CARD_BENCH v=1 run=1524353495544 event=present frame_id=1502 t_ns=1543038282000 presented=1 clock=monotonic
K230_CARD_BENCH v=1 run=1524353495544 event=present frame_id=1501 t_ns=1543019123000 presented=1 clock=monotonic
K230_CARD_BENCH v=1 run=1524353495544 event=present frame_id=1500 t_ns=1542980804000 presented=1 clock=monotonic
K230_CARD_BENCH v=1 run=1524353495544 event=present frame_id=1499 t_ns=1542961647000 presented=1 clock=monotonic
K230_CARD_BENCH v=1 run=1524353495544 event=present frame_id=1498 t_ns=1542942487000 presented=1 clock=monotonic
K230_CARD_SHELL frame-cost run=1524353495544 frame_id=1498 total_cpu_ns=18935528 render_cpu_ns=14055232 input_cpu_ns=4303962
K230_CARD_BENCH v=1 run=1524353495544 event=submit input_id=473 frame_id=1498 t_ns=1542931936605 update_cpu_ns=18935528 final=1
K230_CARD_BENCH v=1 run=1524353495544 event=submit input_id=472 frame_id=1498 t_ns=1542931936605 update_cpu_ns=18935528 final=0
K230_CARD_BENCH v=1 run=1524353495544 event=submit input_id=471 frame_id=1498 t_ns=1542931936605 update_cpu_ns=18935528 final=0
K230_CARD_BENCH v=1 run=1524353495544 event=submit input_id=470 frame_id=1498 t_ns=1542931936605 update_cpu_ns=18935528 final=0
K230_CARD_BENCH v=1 run=1524353495544 event=present frame_id=1497 t_ns=1542904170000 presented=1 clock=monotonic
K230_CARD_BENCH v=1 run=1524353495544 event=input input_id=473 gesture_id=50 kind=release t_ns=1542911897756 source=injected
K230_CARD_SHELL state mode=1 actions=1 message=0 cards=2
K230_CARD_BENCH v=1 run=1524353495544 event=input input_id=472 gesture_id=50 kind=motion t_ns=1542910413974 source=injected
K230_CARD_SHELL state mode=2 actions=1 message=0 cards=2
K230_CARD_BENCH v=1 run=1524353495544 event=input input_id=471 gesture_id=50 kind=motion t_ns=1542908796801 source=injected
K230_CARD_SHELL state mode=2 actions=1 message=0 cards=2
K230_CARD_BENCH v=1 run=1524353495544 event=input input_id=470 gesture_id=50 kind=motion t_ns=1542907316945 source=injected
K230_CARD_SHELL state mode=2 actions=1 message=0 cards=2
K230_CARD_SHELL frame-cost run=1524353495544 frame_id=1497 total_cpu_ns=22318251 render_cpu_ns=20117288 input_cpu_ns=1824482
K230_CARD_BENCH v=1 run=1524353495544 event=submit input_id=469 frame_id=1497 t_ns=1542903447380 update_cpu_ns=22318251 final=0
K230_CARD_BENCH v=1 run=1524353495544 event=submit input_id=468 frame_id=1497 t_ns=1542903447380 update_cpu_ns=22318251 final=0
K230_CARD_BENCH v=1 run=1524353495544 event=submit input_id=467 frame_id=1497 t_ns=1542903447380 update_cpu_ns=22318251 final=0
K230_CARD_BENCH v=1 run=1524353495544 event=present frame_id=1496 t_ns=1542865852000 presented=1 clock=monotonic
K230_CARD_BENCH v=1 run=1524353495544 event=input input_id=469 gesture_id=50 kind=motion t_ns=1542872761276 source=injected
K230_CARD_SHELL state mode=2 actions=1 message=0 cards=2
K230_CARD_BENCH v=1 run=1524353495544 event=input input_id=468 gesture_id=50 kind=motion t_ns=1542870966755 source=injected
K230_CARD_SHELL state mode=2 actions=1 message=0 cards=2
K230_CARD_BENCH v=1 run=1524353495544 event=input input_id=467 gesture_id=50 kind=motion t_ns=1542867241580 source=injected
K230_CARD_SHELL state mode=2 actions=1 message=0 cards=2
K230_CARD_SHELL frame-cost run=1524353495544 frame_id=1496 total_cpu_ns=22478329 render_cpu_ns=19919811 input_cpu_ns=2245037
K230_CARD_BENCH v=1 run=1524353495544 event=submit input_id=466 frame_id=1496 t_ns=1542862320107 update_cpu_ns=22478329 final=0
K230_CARD_BENCH v=1 run=1524353495544 event=submit input_id=465 frame_id=1496 t_ns=1542862320107 update_cpu_ns=22478329 final=0
K230_CARD_BENCH v=1 run=1524353495544 event=submit input_id=464 frame_id=1496 t_ns=1542862320107 update_cpu_ns=22478329 final=0
K230_CARD_BENCH v=1 run=1524353495544 event=submit input_id=463 frame_id=1496 t_ns=1542862320107 update_cpu_ns=22478329 final=0
K230_CARD_BENCH v=1 run=1524353495544 event=present frame_id=1495 t_ns=1542827534000 presented=1 clock=monotonic
K230_CARD_BENCH v=1 run=1524353495544 event=input input_id=466 gesture_id=50 kind=motion t_ns=1542832166789 source=injected
K230_CARD_SHELL state mode=2 actions=1 message=0 cards=2
K230_CARD_BENCH v=1 run=1524353495544 event=input input_id=465 gesture_id=50 kind=motion t_ns=1542828269562 source=injected
K230_CARD_SHELL state mode=2 actions=1 message=0 cards=2
K230_CARD_BENCH v=1 run=1524353495544 event=input input_id=464 gesture_id=50 kind=motion t_ns=1542826370127 source=injected
K230_CARD_SHELL state mode=2 actions=1 message=0 cards=2
K230_CARD_BENCH v=1 run=1524353495544 event=input input_id=463 gesture_id=50 kind=motion t_ns=1542825687136 source=injected
K230_CARD_SHELL state mode=2 actions=1 message=0 cards=2
K230_CARD_SHELL frame-cost run=1524353495544 frame_id=1495 total_cpu_ns=21132388 render_cpu_ns=18624797 input_cpu_ns=2197668
K230_CARD_BENCH v=1 run=1524353495544 event=submit input_id=462 frame_id=1495 t_ns=1542821206424 update_cpu_ns=21132388 final=0
K230_CARD_BENCH v=1 run=1524353495544 event=submit input_id=461 frame_id=1495 t_ns=1542821206424 update_cpu_ns=21132388 final=0
K230_CARD_BENCH v=1 run=1524353495544 event=submit input_id=460 frame_id=1495 t_ns=1542821206424 update_cpu_ns=21132388 final=0
K230_CARD_BENCH v=1 run=1524353495544 event=submit input_id=459 frame_id=1495 t_ns=1542821206424 update_cpu_ns=21132388 final=0
K230_CARD_BENCH v=1 run=1524353495544 event=present frame_id=1494 t_ns=1542789217000 presented=1 clock=monotonic
K230_CARD_BENCH v=1 run=1524353495544 event=input input_id=462 gesture_id=50 kind=motion t_ns=1542793041346 source=injected
K230_CARD_SHELL state mode=2 actions=1 message=0 cards=2
K230_CARD_BENCH v=1 run=1524353495544 event=input input_id=461 gesture_id=50 kind=motion t_ns=1542789467894 source=injected
K230_CARD_SHELL state mode=2 actions=1 message=0 cards=2
K230_CARD_BENCH v=1 run=1524353495544 event=input input_id=460 gesture_id=50 kind=motion t_ns=1542786848511 source=injected
K230_CARD_SHELL state mode=2 actions=1 message=0 cards=2
K230_CARD_BENCH v=1 run=1524353495544 event=input input_id=459 gesture_id=50 kind=motion t_ns=1542785310292 source=injected
K230_CARD_SHELL state mode=2 actions=1 message=0 cards=2
K230_CARD_SHELL frame-cost run=1524353495544 frame_id=1494 total_cpu_ns=19048001 render_cpu_ns=16952815 input_cpu_ns=1808002
K230_CARD_BENCH v=1 run=1524353495544 event=submit input_id=458 frame_id=1494 t_ns=1542777789620 update_cpu_ns=19048001 final=0
K230_CARD_BENCH v=1 run=1524353495544 event=submit input_id=457 frame_id=1494 t_ns=1542777789620 update_cpu_ns=19048001 final=0
K230_CARD_BENCH v=1 run=1524353495544 event=submit input_id=456 frame_id=1494 t_ns=1542777789620 update_cpu_ns=19048001 final=0
K230_CARD_BENCH v=1 run=1524353495544 event=submit input_id=455 frame_id=1494 t_ns=1542777789620 update_cpu_ns=19048001 final=0
K230_CARD_BENCH v=1 run=1524353495544 event=present frame_id=1493 t_ns=1542750898000 presented=1 clock=monotonic
K230_CARD_BENCH v=1 run=1524353495544 event=input input_id=458 gesture_id=50 kind=motion t_ns=1542752562930 source=injected
K230_CARD_SHELL state mode=2 actions=1 message=0 cards=2
K230_CARD_BENCH v=1 run=1524353495544 event=input input_id=457 gesture_id=50 kind=motion t_ns=1542747003610 source=injected
K230_CARD_SHELL state mode=2 actions=1 message=0 cards=2
K230_CARD_BENCH v=1 run=1524353495544 event=input input_id=456 gesture_id=50 kind=motion t_ns=1542745577007 source=injected
K230_CARD_SHELL state mode=2 actions=1 message=0 cards=2
K230_CARD_BENCH v=1 run=1524353495544 event=input input_id=455 gesture_id=50 kind=motion t_ns=1542745086104 source=injected
K230_CARD_SHELL state mode=2 actions=1 message=0 cards=2
K230_CARD_SHELL frame-cost run=1524353495544 frame_id=1493 total_cpu_ns=15570745 render_cpu_ns=14815894 input_cpu_ns=586408
K230_CARD_BENCH v=1 run=1524353495544 event=submit input_id=454 frame_id=1493 t_ns=1542739693801 update_cpu_ns=15570745 final=0
K230_CARD_BENCH v=1 run=1524353495544 event=submit input_id=453 frame_id=1493 t_ns=1542739693801 update_cpu_ns=15570745 final=0
K230_CARD_BENCH v=1 run=1524353495544 event=present frame_id=1492 t_ns=1542712583000 presented=1 clock=monotonic
K230_CARD_BENCH v=1 run=1524353495544 event=input input_id=454 gesture_id=50 kind=motion t_ns=1542712293674 source=injected
K230_CARD_SHELL state mode=2 actions=1 message=0 cards=2
K230_CARD_BENCH v=1 run=1524353495544 event=input input_id=453 gesture_id=50 kind=motion t_ns=1542710562664 source=injected
K230_CARD_SHELL state mode=2 actions=1 message=0 cards=2
K230_CARD_BENCH v=1 run=1524353495544 event=present frame_id=1491 t_ns=1542693422000 presented=1 clock=monotonic
K230_CARD_SHELL state mode=2 actions=1 message=0 cards=2
K230_CARD_BENCH v=1 run=1524353495544 event=present frame_id=1490 t_ns=1542655103000 presented=1 clock=monotonic
K230_CARD_BENCH v=1 run=1524353495544 event=present frame_id=1489 t_ns=1542635945000 presented=1 clock=monotonic
K230_CARD_BENCH v=1 run=1524353495544 event=resource phase=active t_ns=1542622484297 cpu_ns=33262627000 memory_bytes=27623424 scope=session
K230_CARD_BENCH v=1 run=1524353495544 event=resource phase=active t_ns=1542622484297 cpu_ns=20850754592 memory_bytes=34611200 scope=compositor
K230_CARD_BENCH v=1 run=1524353495544 event=present frame_id=1488 t_ns=1542597627000 presented=1 clock=monotonic
K230_CARD_BENCH v=1 run=1524353495544 event=present frame_id=1487 t_ns=1542578468000 presented=1 clock=monotonic
K230_CARD_BENCH v=1 run=1524353495544 event=present frame_id=1486 t_ns=1542540154000 presented=1 clock=monotonic
K230_CARD_BENCH v=1 run=1524353495544 event=present frame_id=1485 t_ns=1542520991000 presented=1 clock=monotonic
K230_CARD_BENCH v=1 run=1524353495544 event=present frame_id=1484 t_ns=1542482673000 presented=1 clock=monotonic
K230_CARD_BENCH v=1 run=1524353495544 event=present frame_id=1483 t_ns=1542463515000 presented=1 clock=monotonic
K230_CARD_BENCH v=1 run=1524353495544 event=present frame_id=1482 t_ns=1542425198000 presented=1 clock=monotonic
K230_CARD_SHELL frame-cost run=1524353495544 frame_id=1482 total_cpu_ns=17849723 render_cpu_ns=14164500 input_cpu_ns=3246334
K230_CARD_BENCH v=1 run=1524353495544 event=submit input_id=452 frame_id=1482 t_ns=1542421900146 update_cpu_ns=17849723 final=1
K230_CARD_BENCH v=1 run=1524353495544 event=submit input_id=451 frame_id=1482 t_ns=1542421900146 update_cpu_ns=17849723 final=0
K230_CARD_BENCH v=1 run=1524353495544 event=present frame_id=1481 t_ns=1542406038000 presented=1 clock=monotonic
K230_CARD_BENCH v=1 run=1524353495544 event=input input_id=452 gesture_id=49 kind=release t_ns=1542398437129 source=injected
K230_CARD_SHELL state mode=1 actions=1 message=0 cards=2
K230_CARD_BENCH v=1 run=1524353495544 event=input input_id=451 gesture_id=49 kind=motion t_ns=1542396154964 source=injected
K230_CARD_SHELL state mode=2 actions=1 message=0 cards=2
K230_CARD_SHELL frame-cost run=1524353495544 frame_id=1481 total_cpu_ns=22128617 render_cpu_ns=19908912 input_cpu_ns=1995927
K230_CARD_BENCH v=1 run=1524353495544 event=submit input_id=450 frame_id=1481 t_ns=1542395126720 update_cpu_ns=22128617 final=0
K230_CARD_BENCH v=1 run=1524353495544 event=submit input_id=449 frame_id=1481 t_ns=1542395126720 update_cpu_ns=22128617 final=0
K230_CARD_BENCH v=1 run=1524353495544 event=submit input_id=448 frame_id=1481 t_ns=1542395126720 update_cpu_ns=22128617 final=0
K230_CARD_BENCH v=1 run=1524353495544 event=submit input_id=447 frame_id=1481 t_ns=1542395126720 update_cpu_ns=22128617 final=0
K230_CARD_BENCH v=1 run=1524353495544 event=present frame_id=1480 t_ns=1542367722000 presented=1 clock=monotonic
K230_CARD_BENCH v=1 run=1524353495544 event=input input_id=450 gesture_id=49 kind=motion t_ns=1542370166442 source=injected
K230_CARD_SHELL state mode=2 actions=1 message=0 cards=2
K230_CARD_BENCH v=1 run=1524353495544 event=input input_id=449 gesture_id=49 kind=motion t_ns=1542367640047 source=injected
K230_CARD_SHELL state mode=2 actions=1 message=0 cards=2
K230_CARD_BENCH v=1 run=1524353495544 event=input input_id=448 gesture_id=49 kind=motion t_ns=1542367082560 source=injected
K230_CARD_SHELL state mode=2 actions=1 message=0 cards=2
K230_CARD_BENCH v=1 run=1524353495544 event=input input_id=447 gesture_id=49 kind=motion t_ns=1542366459081 source=injected
K230_CARD_SHELL state mode=2 actions=1 message=0 cards=2
K230_CARD_SHELL frame-cost run=1524353495544 frame_id=1480 total_cpu_ns=21547191 render_cpu_ns=19965708 input_cpu_ns=1339890
K230_CARD_BENCH v=1 run=1524353495544 event=submit input_id=446 frame_id=1480 t_ns=1542362303441 update_cpu_ns=21547191 final=0
K230_CARD_BENCH v=1 run=1524353495544 event=submit input_id=445 frame_id=1480 t_ns=1542362303441 update_cpu_ns=21547191 final=0
K230_CARD_BENCH v=1 run=1524353495544 event=submit input_id=444 frame_id=1480 t_ns=1542362303441 update_cpu_ns=21547191 final=0
K230_CARD_BENCH v=1 run=1524353495544 event=present frame_id=1479 t_ns=1542329403000 presented=1 clock=monotonic
K230_CARD_BENCH v=1 run=1524353495544 event=input input_id=446 gesture_id=49 kind=motion t_ns=1542322046777 source=injected
K230_CARD_SHELL state mode=2 actions=1 message=0 cards=2
K230_CARD_BENCH v=1 run=1524353495544 event=input input_id=445 gesture_id=49 kind=motion t_ns=1542315133660 source=injected
K230_CARD_SHELL state mode=2 actions=1 message=0 cards=2
K230_CARD_BENCH v=1 run=1524353495544 event=input input_id=444 gesture_id=49 kind=motion t_ns=1542314604799 source=injected
K230_CARD_SHELL state mode=2 actions=1 message=0 cards=2
K230_CARD_SHELL frame-cost run=1524353495544 frame_id=1479 total_cpu_ns=21607786 render_cpu_ns=19405303 input_cpu_ns=1635555
K230_CARD_BENCH v=1 run=1524353495544 event=submit input_id=443 frame_id=1479 t_ns=1542313410093 update_cpu_ns=21607786 final=0
K230_CARD_BENCH v=1 run=1524353495544 event=submit input_id=442 frame_id=1479 t_ns=1542313410093 update_cpu_ns=21607786 final=0
K230_CARD_BENCH v=1 run=1524353495544 event=submit input_id=441 frame_id=1479 t_ns=1542313410093 update_cpu_ns=21607786 final=0
K230_CARD_BENCH v=1 run=1524353495544 event=submit input_id=440 frame_id=1479 t_ns=1542313410093 update_cpu_ns=21607786 final=0
K230_CARD_BENCH v=1 run=1524353495544 event=present frame_id=1478 t_ns=1542291086000 presented=1 clock=monotonic
K230_CARD_BENCH v=1 run=1524353495544 event=input input_id=443 gesture_id=49 kind=motion t_ns=1542288710450 source=injected
K230_CARD_SHELL state mode=2 actions=1 message=0 cards=2
K230_CARD_BENCH v=1 run=1524353495544 event=input input_id=442 gesture_id=49 kind=motion t_ns=1542286333630 source=injected
K230_CARD_SHELL state mode=2 actions=1 message=0 cards=2
K230_CARD_BENCH v=1 run=1524353495544 event=input input_id=441 gesture_id=49 kind=motion t_ns=1542285802176 source=injected
K230_CARD_SHELL state mode=2 actions=1 message=0 cards=2
K230_CARD_BENCH v=1 run=1524353495544 event=input input_id=440 gesture_id=49 kind=motion t_ns=1542285271982 source=injected
K230_CARD_SHELL state mode=2 actions=1 message=0 cards=2
K230_CARD_SHELL frame-cost run=1524353495544 frame_id=1478 total_cpu_ns=20008023 render_cpu_ns=17417762 input_cpu_ns=2297448
K230_CARD_BENCH v=1 run=1524353495544 event=submit input_id=439 frame_id=1478 t_ns=1542279918563 update_cpu_ns=20008023 final=0
K230_CARD_BENCH v=1 run=1524353495544 event=submit input_id=438 frame_id=1478 t_ns=1542279918563 update_cpu_ns=20008023 final=0
K230_CARD_BENCH v=1 run=1524353495544 event=submit input_id=437 frame_id=1478 t_ns=1542279918563 update_cpu_ns=20008023 final=0
K230_CARD_BENCH v=1 run=1524353495544 event=submit input_id=436 frame_id=1478 t_ns=1542279918563 update_cpu_ns=20008023 final=0
K230_CARD_BENCH v=1 run=1524353495544 event=submit input_id=435 frame_id=1478 t_ns=1542279918563 update_cpu_ns=20008023 final=0
K230_CARD_BENCH v=1 run=1524353495544 event=submit input_id=434 frame_id=1478 t_ns=1542279918563 update_cpu_ns=20008023 final=0
K230_CARD_BENCH v=1 run=1524353495544 event=present frame_id=1477 t_ns=1542252767000 presented=1 clock=monotonic
K230_CARD_BENCH v=1 run=1524353495544 event=input input_id=439 gesture_id=49 kind=motion t_ns=1542258457783 source=injected
K230_CARD_SHELL state mode=2 actions=1 message=0 cards=2
K230_CARD_BENCH v=1 run=1524353495544 event=input input_id=438 gesture_id=49 kind=motion t_ns=1542256860904 source=injected
K230_CARD_SHELL state mode=2 actions=1 message=0 cards=2
K230_CARD_BENCH v=1 run=1524353495544 event=input input_id=437 gesture_id=49 kind=motion t_ns=1542256387258 source=injected
K230_CARD_SHELL state mode=2 actions=1 message=0 cards=2
K230_CARD_BENCH v=1 run=1524353495544 event=input input_id=436 gesture_id=49 kind=motion t_ns=1542254921993 source=injected
K230_CARD_SHELL state mode=2 actions=1 message=0 cards=2
K230_CARD_BENCH v=1 run=1524353495544 event=input input_id=435 gesture_id=49 kind=motion t_ns=1542254401168 source=injected
K230_CARD_SHELL state mode=2 actions=1 message=0 cards=2
K230_CARD_BENCH v=1 run=1524353495544 event=input input_id=434 gesture_id=49 kind=motion t_ns=1542252283131 source=injected
K230_CARD_SHELL state mode=2 actions=1 message=0 cards=2
K230_CARD_BENCH v=1 run=1524353495544 event=present frame_id=1476 t_ns=1542214450000 presented=1 clock=monotonic
K230_CARD_SHELL frame-cost run=1524353495544 frame_id=1476 total_cpu_ns=15779850 render_cpu_ns=14653926 input_cpu_ns=639481
K230_CARD_BENCH v=1 run=1524353495544 event=submit input_id=433 frame_id=1476 t_ns=1542212348797 update_cpu_ns=15779850 final=0
K230_CARD_BENCH v=1 run=1524353495544 event=submit input_id=432 frame_id=1476 t_ns=1542212348797 update_cpu_ns=15779850 final=0
K230_CARD_BENCH v=1 run=1524353495544 event=present frame_id=1475 t_ns=1542195291000 presented=1 clock=monotonic
K230_CARD_BENCH v=1 run=1524353495544 event=input input_id=433 gesture_id=49 kind=motion t_ns=1542188608555 source=injected
K230_CARD_SHELL state mode=2 actions=1 message=0 cards=2
K230_CARD_BENCH v=1 run=1524353495544 event=input input_id=432 gesture_id=49 kind=motion t_ns=1542180720743 source=injected
K230_CARD_SHELL state mode=2 actions=1 message=0 cards=2
K230_CARD_SHELL state mode=2 actions=1 message=0 cards=2
K230_CARD_BENCH v=1 run=1524353495544 event=present frame_id=1474 t_ns=1542156973000 presented=1 clock=monotonic
K230_CARD_BENCH v=1 run=1524353495544 event=present frame_id=1473 t_ns=1542118654000 presented=1 clock=monotonic
K230_CARD_BENCH v=1 run=1524353495544 event=present frame_id=1472 t_ns=1542099496000 presented=1 clock=monotonic
K230_CARD_BENCH v=1 run=1524353495544 event=present frame_id=1471 t_ns=1542061177000 presented=1 clock=monotonic
K230_CARD_BENCH v=1 run=1524353495544 event=present frame_id=1470 t_ns=1542042019000 presented=1 clock=monotonic
K230_CARD_BENCH v=1 run=1524353495544 event=present frame_id=1469 t_ns=1542003700000 presented=1 clock=monotonic
K230_CARD_BENCH v=1 run=1524353495544 event=present frame_id=1468 t_ns=1541984543000 presented=1 clock=monotonic
K230_CARD_BENCH v=1 run=1524353495544 event=present frame_id=1467 t_ns=1541946223000 presented=1 clock=monotonic
K230_CARD_BENCH v=1 run=1524353495544 event=present frame_id=1466 t_ns=1541927067000 presented=1 clock=monotonic
K230_CARD_SHELL frame-cost run=1524353495544 frame_id=1466 total_cpu_ns=17503951 render_cpu_ns=14250618 input_cpu_ns=3013556
K230_CARD_BENCH v=1 run=1524353495544 event=submit input_id=431 frame_id=1466 t_ns=1541909439616 update_cpu_ns=17503951 final=1
K230_CARD_BENCH v=1 run=1524353495544 event=submit input_id=430 frame_id=1466 t_ns=1541909439616 update_cpu_ns=17503951 final=0
K230_CARD_BENCH v=1 run=1524353495544 event=present frame_id=1465 t_ns=1541869590000 presented=1 clock=monotonic
K230_CARD_BENCH v=1 run=1524353495544 event=input input_id=431 gesture_id=48 kind=release t_ns=1541873027259 source=injected
K230_CARD_SHELL state mode=1 actions=1 message=0 cards=2
K230_CARD_BENCH v=1 run=1524353495544 event=input input_id=430 gesture_id=48 kind=motion t_ns=1541872285238 source=injected
K230_CARD_SHELL state mode=2 actions=1 message=0 cards=2
K230_CARD_SHELL frame-cost run=1524353495544 frame_id=1465 total_cpu_ns=23878969 render_cpu_ns=20074421 input_cpu_ns=3107626
K230_CARD_BENCH v=1 run=1524353495544 event=submit input_id=429 frame_id=1465 t_ns=1541863127433 update_cpu_ns=23878969 final=0
K230_CARD_BENCH v=1 run=1524353495544 event=submit input_id=428 frame_id=1465 t_ns=1541863127433 update_cpu_ns=23878969 final=0
K230_CARD_BENCH v=1 run=1524353495544 event=submit input_id=427 frame_id=1465 t_ns=1541863127433 update_cpu_ns=23878969 final=0
K230_CARD_BENCH v=1 run=1524353495544 event=submit input_id=426 frame_id=1465 t_ns=1541863127433 update_cpu_ns=23878969 final=0
K230_CARD_BENCH v=1 run=1524353495544 event=submit input_id=425 frame_id=1465 t_ns=1541863127433 update_cpu_ns=23878969 final=0
K230_CARD_BENCH v=1 run=1524353495544 event=present frame_id=1464 t_ns=1541831272000 presented=1 clock=monotonic
K230_CARD_BENCH v=1 run=1524353495544 event=input input_id=429 gesture_id=48 kind=motion t_ns=1541838164304 source=injected
K230_CARD_SHELL state mode=2 actions=1 message=0 cards=2
K230_CARD_BENCH v=1 run=1524353495544 event=input input_id=428 gesture_id=48 kind=motion t_ns=1541835658833 source=injected
K230_CARD_SHELL state mode=2 actions=1 message=0 cards=2
K230_CARD_BENCH v=1 run=1524353495544 event=input input_id=427 gesture_id=48 kind=motion t_ns=1541834467645 source=injected
K230_CARD_SHELL state mode=2 actions=1 message=0 cards=2
K230_CARD_BENCH v=1 run=1524353495544 event=input input_id=426 gesture_id=48 kind=motion t_ns=1541832636980 source=injected
K230_CARD_SHELL state mode=2 actions=1 message=0 cards=2
K230_CARD_BENCH v=1 run=1524353495544 event=input input_id=425 gesture_id=48 kind=motion t_ns=1541831836930 source=injected
K230_CARD_SHELL state mode=2 actions=1 message=0 cards=2
K230_CARD_SHELL frame-cost run=1524353495544 frame_id=1464 total_cpu_ns=21727184 render_cpu_ns=19844222 input_cpu_ns=1550962
K230_CARD_BENCH v=1 run=1524353495544 event=submit input_id=424 frame_id=1464 t_ns=1541828846148 update_cpu_ns=21727184 final=0
K230_CARD_BENCH v=1 run=1524353495544 event=submit input_id=423 frame_id=1464 t_ns=1541828846148 update_cpu_ns=21727184 final=0
K230_CARD_BENCH v=1 run=1524353495544 event=submit input_id=422 frame_id=1464 t_ns=1541828846148 update_cpu_ns=21727184 final=0
K230_CARD_BENCH v=1 run=1524353495544 event=present frame_id=1463 t_ns=1541792954000 presented=1 clock=monotonic
K230_CARD_BENCH v=1 run=1524353495544 event=input input_id=424 gesture_id=48 kind=motion t_ns=1541798134130 source=injected
K230_CARD_SHELL state mode=2 actions=1 message=0 cards=2
K230_CARD_BENCH v=1 run=1524353495544 event=input input_id=423 gesture_id=48 kind=motion t_ns=1541796222993 source=injected
K230_CARD_SHELL state mode=2 actions=1 message=0 cards=2
K230_CARD_BENCH v=1 run=1524353495544 event=input input_id=422 gesture_id=48 kind=motion t_ns=1541793295685 source=injected
K230_CARD_SHELL state mode=2 actions=1 message=0 cards=2
K230_CARD_SHELL frame-cost run=1524353495544 frame_id=1463 total_cpu_ns=21320195 render_cpu_ns=19034561 input_cpu_ns=1977559
K230_CARD_BENCH v=1 run=1524353495544 event=submit input_id=421 frame_id=1463 t_ns=1541787861351 update_cpu_ns=21320195 final=0
K230_CARD_BENCH v=1 run=1524353495544 event=submit input_id=420 frame_id=1463 t_ns=1541787861351 update_cpu_ns=21320195 final=0
K230_CARD_BENCH v=1 run=1524353495544 event=submit input_id=419 frame_id=1463 t_ns=1541787861351 update_cpu_ns=21320195 final=0
K230_CARD_BENCH v=1 run=1524353495544 event=submit input_id=418 frame_id=1463 t_ns=1541787861351 update_cpu_ns=21320195 final=0
K230_CARD_BENCH v=1 run=1524353495544 event=present frame_id=1462 t_ns=1541754638000 presented=1 clock=monotonic
K230_CARD_BENCH v=1 run=1524353495544 event=input input_id=421 gesture_id=48 kind=motion t_ns=1541760205930 source=injected
K230_CARD_SHELL state mode=2 actions=1 message=0 cards=2
K230_CARD_BENCH v=1 run=1524353495544 event=input input_id=420 gesture_id=48 kind=motion t_ns=1541754042427 source=injected
K230_CARD_SHELL state mode=2 actions=1 message=0 cards=2
K230_CARD_BENCH v=1 run=1524353495544 event=input input_id=419 gesture_id=48 kind=motion t_ns=1541753470386 source=injected
K230_CARD_SHELL state mode=2 actions=1 message=0 cards=2
K230_CARD_BENCH v=1 run=1524353495544 event=input input_id=418 gesture_id=48 kind=motion t_ns=1541752822761 source=injected
K230_CARD_SHELL state mode=2 actions=1 message=0 cards=2
K230_CARD_SHELL frame-cost run=1524353495544 frame_id=1462 total_cpu_ns=19374286 render_cpu_ns=17283839 input_cpu_ns=1783705
K230_CARD_BENCH v=1 run=1524353495544 event=submit input_id=417 frame_id=1462 t_ns=1541744333951 update_cpu_ns=19374286 final=0
K230_CARD_BENCH v=1 run=1524353495544 event=submit input_id=416 frame_id=1462 t_ns=1541744333951 update_cpu_ns=19374286 final=0
K230_CARD_BENCH v=1 run=1524353495544 event=submit input_id=415 frame_id=1462 t_ns=1541744333951 update_cpu_ns=19374286 final=0
K230_CARD_BENCH v=1 run=1524353495544 event=submit input_id=414 frame_id=1462 t_ns=1541744333951 update_cpu_ns=19374286 final=0
K230_CARD_BENCH v=1 run=1524353495544 event=present frame_id=1461 t_ns=1541716321000 presented=1 clock=monotonic
K230_CARD_BENCH v=1 run=1524353495544 event=input input_id=417 gesture_id=48 kind=motion t_ns=1541717794540 source=injected
K230_CARD_SHELL state mode=2 actions=1 message=0 cards=2
K230_CARD_BENCH v=1 run=1524353495544 event=input input_id=416 gesture_id=48 kind=motion t_ns=1541715490860 source=injected
K230_CARD_SHELL state mode=2 actions=1 message=0 cards=2
K230_CARD_BENCH v=1 run=1524353495544 event=input input_id=415 gesture_id=48 kind=motion t_ns=1541713688007 source=injected
K230_CARD_SHELL state mode=2 actions=1 message=0 cards=2
K230_CARD_BENCH v=1 run=1524353495544 event=input input_id=414 gesture_id=48 kind=motion t_ns=1541713150407 source=injected
K230_CARD_SHELL state mode=2 actions=1 message=0 cards=2
K230_CARD_SHELL frame-cost run=1524353495544 frame_id=1461 total_cpu_ns=16101181 render_cpu_ns=15202145 input_cpu_ns=610555
K230_CARD_BENCH v=1 run=1524353495544 event=submit input_id=413 frame_id=1461 t_ns=1541706742489 update_cpu_ns=16101181 final=0
K230_CARD_BENCH v=1 run=1524353495544 event=submit input_id=412 frame_id=1461 t_ns=1541706742489 update_cpu_ns=16101181 final=0
K230_CARD_BENCH v=1 run=1524353495544 event=present frame_id=1460 t_ns=1541678003000 presented=1 clock=monotonic
K230_CARD_BENCH v=1 run=1524353495544 event=input input_id=413 gesture_id=48 kind=motion t_ns=1541678605904 source=injected
K230_CARD_SHELL state mode=2 actions=1 message=0 cards=2
K230_CARD_BENCH v=1 run=1524353495544 event=input input_id=412 gesture_id=48 kind=motion t_ns=1541678159329 source=injected
K230_CARD_SHELL state mode=2 actions=1 message=0 cards=2
K230_CARD_SHELL frame-cost run=1524353495544 frame_id=1460 total_cpu_ns=14653997 render_cpu_ns=14031330 input_cpu_ns=369370
K230_CARD_BENCH v=1 run=1524353495544 event=submit input_id=411 frame_id=1460 t_ns=1541675119702 update_cpu_ns=14653997 final=0
K230_CARD_BENCH v=1 run=1524353495544 event=present frame_id=1459 t_ns=1541658842000 presented=1 clock=monotonic
K230_CARD_BENCH v=1 run=1524353495544 event=input input_id=411 gesture_id=48 kind=motion t_ns=1541655037092 source=injected
K230_CARD_SHELL state mode=2 actions=1 message=0 cards=2
K230_CARD_SHELL state mode=2 actions=1 message=0 cards=2
K230_CARD_BENCH v=1 run=1524353495544 event=present frame_id=1458 t_ns=1541620524000 presented=1 clock=monotonic
K230_CARD_BENCH v=1 run=1524353495544 event=resource phase=active t_ns=1541607933056 cpu_ns=32520757000 memory_bytes=27623424 scope=session
K230_CARD_BENCH v=1 run=1524353495544 event=resource phase=active t_ns=1541607933056 cpu_ns=20305114699 memory_bytes=34611200 scope=compositor
K230_CARD_BENCH v=1 run=1524353495544 event=present frame_id=1457 t_ns=1541582205000 presented=1 clock=monotonic
K230_CARD_BENCH v=1 run=1524353495544 event=present frame_id=1456 t_ns=1541563048000 presented=1 clock=monotonic
K230_CARD_SHELL live cards=2 commits=1045 sampled=2026 frame-done=2032 output-presented=920
K230_CARD_BENCH v=1 run=1524353495544 event=present frame_id=1455 t_ns=1541524730000 presented=1 clock=monotonic
K230_CARD_BENCH v=1 run=1524353495544 event=present frame_id=1454 t_ns=1541505571000 presented=1 clock=monotonic
K230_CARD_BENCH v=1 run=1524353495544 event=present frame_id=1453 t_ns=1541467252000 presented=1 clock=monotonic
K230_CARD_BENCH v=1 run=1524353495544 event=present frame_id=1452 t_ns=1541448096000 presented=1 clock=monotonic
K230_CARD_BENCH v=1 run=1524353495544 event=present frame_id=1451 t_ns=1541409776000 presented=1 clock=monotonic
K230_CARD_BENCH v=1 run=1524353495544 event=present frame_id=1450 t_ns=1541390617000 presented=1 clock=monotonic
K230_CARD_SHELL frame-cost run=1524353495544 frame_id=1450 total_cpu_ns=18250351 render_cpu_ns=14473316 input_cpu_ns=3510443
K230_CARD_BENCH v=1 run=1524353495544 event=submit input_id=410 frame_id=1450 t_ns=1541372650257 update_cpu_ns=18250351 final=1
K230_CARD_BENCH v=1 run=1524353495544 event=submit input_id=409 frame_id=1450 t_ns=1541372650257 update_cpu_ns=18250351 final=0
K230_CARD_BENCH v=1 run=1524353495544 event=submit input_id=408 frame_id=1450 t_ns=1541372650257 update_cpu_ns=18250351 final=0
K230_CARD_BENCH v=1 run=1524353495544 event=present frame_id=1449 t_ns=1541333143000 presented=1 clock=monotonic
K230_CARD_BENCH v=1 run=1524353495544 event=input input_id=410 gesture_id=47 kind=release t_ns=1541337021517 source=injected
K230_CARD_SHELL state mode=1 actions=1 message=0 cards=2
K230_CARD_BENCH v=1 run=1524353495544 event=input input_id=409 gesture_id=47 kind=motion t_ns=1541336428701 source=injected
K230_CARD_SHELL state mode=2 actions=1 message=0 cards=2
K230_CARD_BENCH v=1 run=1524353495544 event=input input_id=408 gesture_id=47 kind=motion t_ns=1541332727821 source=injected
K230_CARD_SHELL state mode=2 actions=1 message=0 cards=2
K230_CARD_SHELL frame-cost run=1524353495544 frame_id=1449 total_cpu_ns=23066899 render_cpu_ns=19934823 input_cpu_ns=2873668
K230_CARD_BENCH v=1 run=1524353495544 event=submit input_id=407 frame_id=1449 t_ns=1541324727469 update_cpu_ns=23066899 final=0
K230_CARD_BENCH v=1 run=1524353495544 event=submit input_id=406 frame_id=1449 t_ns=1541324727469 update_cpu_ns=23066899 final=0
K230_CARD_BENCH v=1 run=1524353495544 event=submit input_id=405 frame_id=1449 t_ns=1541324727469 update_cpu_ns=23066899 final=0
K230_CARD_BENCH v=1 run=1524353495544 event=submit input_id=404 frame_id=1449 t_ns=1541324727469 update_cpu_ns=23066899 final=0
K230_CARD_BENCH v=1 run=1524353495544 event=submit input_id=403 frame_id=1449 t_ns=1541324727469 update_cpu_ns=23066899 final=0
K230_CARD_BENCH v=1 run=1524353495544 event=present frame_id=1448 t_ns=1541294824000 presented=1 clock=monotonic
K230_CARD_BENCH v=1 run=1524353495544 event=input input_id=407 gesture_id=47 kind=motion t_ns=1541299988245 source=injected
K230_CARD_SHELL state mode=2 actions=1 message=0 cards=2
K230_CARD_BENCH v=1 run=1524353495544 event=input input_id=406 gesture_id=47 kind=motion t_ns=1541297607093 source=injected
K230_CARD_SHELL state mode=2 actions=1 message=0 cards=2
K230_CARD_BENCH v=1 run=1524353495544 event=input input_id=405 gesture_id=47 kind=motion t_ns=1541295436285 source=injected
K230_CARD_SHELL state mode=2 actions=1 message=0 cards=2
K230_CARD_BENCH v=1 run=1524353495544 event=input input_id=404 gesture_id=47 kind=motion t_ns=1541293517928 source=injected
K230_CARD_SHELL state mode=2 actions=1 message=0 cards=2
K230_CARD_BENCH v=1 run=1524353495544 event=input input_id=403 gesture_id=47 kind=motion t_ns=1541292923334 source=injected
K230_CARD_SHELL state mode=2 actions=1 message=0 cards=2
K230_CARD_SHELL frame-cost run=1524353495544 frame_id=1448 total_cpu_ns=21380787 render_cpu_ns=19715191 input_cpu_ns=1361040
K230_CARD_BENCH v=1 run=1524353495544 event=submit input_id=402 frame_id=1448 t_ns=1541290310544 update_cpu_ns=21380787 final=0
K230_CARD_BENCH v=1 run=1524353495544 event=submit input_id=401 frame_id=1448 t_ns=1541290310544 update_cpu_ns=21380787 final=0
K230_CARD_BENCH v=1 run=1524353495544 event=submit input_id=400 frame_id=1448 t_ns=1541290310544 update_cpu_ns=21380787 final=0
K230_CARD_BENCH v=1 run=1524353495544 event=present frame_id=1447 t_ns=1541256507000 presented=1 clock=monotonic
K230_CARD_BENCH v=1 run=1524353495544 event=input input_id=402 gesture_id=47 kind=motion t_ns=1541256275942 source=injected
K230_CARD_SHELL state mode=2 actions=1 message=0 cards=2
K230_CARD_BENCH v=1 run=1524353495544 event=input input_id=401 gesture_id=47 kind=motion t_ns=1541247267306 source=injected
K230_CARD_SHELL state mode=2 actions=1 message=0 cards=2
K230_CARD_BENCH v=1 run=1524353495544 event=input input_id=400 gesture_id=47 kind=motion t_ns=1541246650789 source=injected
K230_CARD_SHELL state mode=2 actions=1 message=0 cards=2
K230_CARD_SHELL frame-cost run=1524353495544 frame_id=1447 total_cpu_ns=22511317 render_cpu_ns=18429978 input_cpu_ns=3758787
K230_CARD_BENCH v=1 run=1524353495544 event=submit input_id=399 frame_id=1447 t_ns=1541238968880 update_cpu_ns=22511317 final=0
K230_CARD_BENCH v=1 run=1524353495544 event=submit input_id=398 frame_id=1447 t_ns=1541238968880 update_cpu_ns=22511317 final=0
K230_CARD_BENCH v=1 run=1524353495544 event=submit input_id=397 frame_id=1447 t_ns=1541238968880 update_cpu_ns=22511317 final=0
K230_CARD_BENCH v=1 run=1524353495544 event=submit input_id=396 frame_id=1447 t_ns=1541238968880 update_cpu_ns=22511317 final=0
K230_CARD_BENCH v=1 run=1524353495544 event=submit input_id=395 frame_id=1447 t_ns=1541238968880 update_cpu_ns=22511317 final=0
K230_CARD_BENCH v=1 run=1524353495544 event=submit input_id=394 frame_id=1447 t_ns=1541238968880 update_cpu_ns=22511317 final=0
K230_CARD_BENCH v=1 run=1524353495544 event=submit input_id=393 frame_id=1447 t_ns=1541238968880 update_cpu_ns=22511317 final=0
K230_CARD_BENCH v=1 run=1524353495544 event=submit input_id=392 frame_id=1447 t_ns=1541238968880 update_cpu_ns=22511317 final=0
K230_CARD_BENCH v=1 run=1524353495544 event=present frame_id=1446 t_ns=1541218190000 presented=1 clock=monotonic
K230_CARD_BENCH v=1 run=1524353495544 event=input input_id=399 gesture_id=47 kind=motion t_ns=1541216611771 source=injected
K230_CARD_SHELL state mode=2 actions=1 message=0 cards=2
K230_CARD_BENCH v=1 run=1524353495544 event=input input_id=398 gesture_id=47 kind=motion t_ns=1541208369486 source=injected
K230_CARD_SHELL state mode=2 actions=1 message=0 cards=2
K230_CARD_BENCH v=1 run=1524353495544 event=input input_id=397 gesture_id=47 kind=motion t_ns=1541207599655 source=injected
K230_CARD_SHELL state mode=2 actions=1 message=0 cards=2
K230_CARD_BENCH v=1 run=1524353495544 event=input input_id=396 gesture_id=47 kind=motion t_ns=1541205799357 source=injected
K230_CARD_SHELL state mode=2 actions=1 message=0 cards=2
K230_CARD_BENCH v=1 run=1524353495544 event=input input_id=395 gesture_id=47 kind=motion t_ns=1541205263349 source=injected
K230_CARD_SHELL state mode=2 actions=1 message=0 cards=2
K230_CARD_BENCH v=1 run=1524353495544 event=input input_id=394 gesture_id=47 kind=motion t_ns=1541203805416 source=injected
K230_CARD_SHELL state mode=2 actions=1 message=0 cards=2
K230_CARD_BENCH v=1 run=1524353495544 event=input input_id=393 gesture_id=47 kind=motion t_ns=1541201761519 source=injected
K230_CARD_SHELL state mode=2 actions=1 message=0 cards=2
K230_CARD_BENCH v=1 run=1524353495544 event=input input_id=392 gesture_id=47 kind=motion t_ns=1541199711956 source=injected
K230_CARD_SHELL state mode=2 actions=1 message=0 cards=2
K230_CARD_BENCH v=1 run=1524353495544 event=present frame_id=1445 t_ns=1541160711000 presented=1 clock=monotonic
K230_CARD_SHELL frame-cost run=1524353495544 frame_id=1445 total_cpu_ns=15817180 render_cpu_ns=14815330 input_cpu_ns=834742
K230_CARD_BENCH v=1 run=1524353495544 event=submit input_id=391 frame_id=1445 t_ns=1541159065906 update_cpu_ns=15817180 final=0
K230_CARD_BENCH v=1 run=1524353495544 event=submit input_id=390 frame_id=1445 t_ns=1541159065906 update_cpu_ns=15817180 final=0
K230_CARD_BENCH v=1 run=1524353495544 event=present frame_id=1444 t_ns=1541141553000 presented=1 clock=monotonic
K230_CARD_BENCH v=1 run=1524353495544 event=input input_id=391 gesture_id=47 kind=motion t_ns=1541136594070 source=injected
K230_CARD_SHELL state mode=2 actions=1 message=0 cards=2
K230_CARD_BENCH v=1 run=1524353495544 event=input input_id=390 gesture_id=47 kind=motion t_ns=1541132471428 source=injected
K230_CARD_SHELL state mode=2 actions=1 message=0 cards=2
K230_CARD_SHELL state mode=2 actions=1 message=0 cards=2
K230_CARD_BENCH v=1 run=1524353495544 event=present frame_id=1443 t_ns=1541103234000 presented=1 clock=monotonic
K230_CARD_BENCH v=1 run=1524353495544 event=present frame_id=1442 t_ns=1541084076000 presented=1 clock=monotonic
K230_CARD_BENCH v=1 run=1524353495544 event=present frame_id=1441 t_ns=1541045757000 presented=1 clock=monotonic
K230_CARD_BENCH v=1 run=1524353495544 event=present frame_id=1440 t_ns=1541026598000 presented=1 clock=monotonic
K230_CARD_BENCH v=1 run=1524353495544 event=present frame_id=1439 t_ns=1540988281000 presented=1 clock=monotonic
K230_CARD_BENCH v=1 run=1524353495544 event=present frame_id=1438 t_ns=1540969122000 presented=1 clock=monotonic
K230_CARD_BENCH v=1 run=1524353495544 event=present frame_id=1437 t_ns=1540930804000 presented=1 clock=monotonic
K230_CARD_BENCH v=1 run=1524353495544 event=present frame_id=1436 t_ns=1540911645000 presented=1 clock=monotonic
K230_CARD_BENCH v=1 run=1524353495544 event=present frame_id=1435 t_ns=1540873327000 presented=1 clock=monotonic
K230_CARD_BENCH v=1 run=1524353495544 event=present frame_id=1434 t_ns=1540854169000 presented=1 clock=monotonic
K230_CARD_BENCH v=1 run=1524353495544 event=present frame_id=1433 t_ns=1540815853000 presented=1 clock=monotonic
K230_CARD_SHELL frame-cost run=1524353495544 frame_id=1433 total_cpu_ns=20562429 render_cpu_ns=14302289 input_cpu_ns=5841625
K230_CARD_BENCH v=1 run=1524353495544 event=submit input_id=389 frame_id=1433 t_ns=1540812660517 update_cpu_ns=20562429 final=1
K230_CARD_BENCH v=1 run=1524353495544 event=submit input_id=388 frame_id=1433 t_ns=1540812660517 update_cpu_ns=20562429 final=0
K230_CARD_BENCH v=1 run=1524353495544 event=submit input_id=387 frame_id=1433 t_ns=1540812660517 update_cpu_ns=20562429 final=0
K230_CARD_BENCH v=1 run=1524353495544 event=submit input_id=386 frame_id=1433 t_ns=1540812660517 update_cpu_ns=20562429 final=0
K230_CARD_BENCH v=1 run=1524353495544 event=submit input_id=385 frame_id=1433 t_ns=1540812660517 update_cpu_ns=20562429 final=0
K230_CARD_BENCH v=1 run=1524353495544 event=submit input_id=384 frame_id=1433 t_ns=1540812660517 update_cpu_ns=20562429 final=0
K230_CARD_BENCH v=1 run=1524353495544 event=present frame_id=1432 t_ns=1540796694000 presented=1 clock=monotonic
K230_CARD_BENCH v=1 run=1524353495544 event=input input_id=389 gesture_id=46 kind=release t_ns=1540789115555 source=injected
K230_CARD_SHELL state mode=1 actions=1 message=0 cards=2
K230_CARD_BENCH v=1 run=1524353495544 event=input input_id=388 gesture_id=46 kind=motion t_ns=1540788082497 source=injected
K230_CARD_SHELL state mode=2 actions=1 message=0 cards=2
K230_CARD_BENCH v=1 run=1524353495544 event=input input_id=387 gesture_id=46 kind=motion t_ns=1540784288593 source=injected
K230_CARD_SHELL state mode=2 actions=1 message=0 cards=2
K230_CARD_BENCH v=1 run=1524353495544 event=input input_id=386 gesture_id=46 kind=motion t_ns=1540782280580 source=injected
K230_CARD_SHELL state mode=2 actions=1 message=0 cards=2
K230_CARD_BENCH v=1 run=1524353495544 event=input input_id=385 gesture_id=46 kind=motion t_ns=1540781593184 source=injected
K230_CARD_SHELL state mode=2 actions=1 message=0 cards=2
K230_CARD_BENCH v=1 run=1524353495544 event=input input_id=384 gesture_id=46 kind=motion t_ns=1540780799985 source=injected
K230_CARD_SHELL state mode=2 actions=1 message=0 cards=2
K230_CARD_SHELL frame-cost run=1524353495544 frame_id=1432 total_cpu_ns=22545192 render_cpu_ns=19985856 input_cpu_ns=2161482
K230_CARD_BENCH v=1 run=1524353495544 event=submit input_id=383 frame_id=1432 t_ns=1540777716623 update_cpu_ns=22545192 final=0
K230_CARD_BENCH v=1 run=1524353495544 event=submit input_id=382 frame_id=1432 t_ns=1540777716623 update_cpu_ns=22545192 final=0
K230_CARD_BENCH v=1 run=1524353495544 event=submit input_id=381 frame_id=1432 t_ns=1540777716623 update_cpu_ns=22545192 final=0
K230_CARD_BENCH v=1 run=1524353495544 event=submit input_id=380 frame_id=1432 t_ns=1540777716623 update_cpu_ns=22545192 final=0
K230_CARD_BENCH v=1 run=1524353495544 event=present frame_id=1431 t_ns=1540739216000 presented=1 clock=monotonic
K230_CARD_BENCH v=1 run=1524353495544 event=input input_id=383 gesture_id=46 kind=motion t_ns=1540740293892 source=injected
K230_CARD_SHELL state mode=2 actions=1 message=0 cards=2
K230_CARD_BENCH v=1 run=1524353495544 event=input input_id=382 gesture_id=46 kind=motion t_ns=1540735473003 source=injected
K230_CARD_SHELL state mode=2 actions=1 message=0 cards=2
K230_CARD_BENCH v=1 run=1524353495544 event=input input_id=381 gesture_id=46 kind=motion t_ns=1540732300801 source=injected
K230_CARD_SHELL state mode=2 actions=1 message=0 cards=2
K230_CARD_BENCH v=1 run=1524353495544 event=input input_id=380 gesture_id=46 kind=motion t_ns=1540728350916 source=injected
K230_CARD_SHELL state mode=2 actions=1 message=0 cards=2
K230_CARD_SHELL frame-cost run=1524353495544 frame_id=1431 total_cpu_ns=21731570 render_cpu_ns=19116236 input_cpu_ns=2053224
K230_CARD_BENCH v=1 run=1524353495544 event=submit input_id=379 frame_id=1431 t_ns=1540722275552 update_cpu_ns=21731570 final=0
K230_CARD_BENCH v=1 run=1524353495544 event=submit input_id=378 frame_id=1431 t_ns=1540722275552 update_cpu_ns=21731570 final=0
K230_CARD_BENCH v=1 run=1524353495544 event=submit input_id=377 frame_id=1431 t_ns=1540722275552 update_cpu_ns=21731570 final=0
K230_CARD_BENCH v=1 run=1524353495544 event=submit input_id=376 frame_id=1431 t_ns=1540722275552 update_cpu_ns=21731570 final=0
K230_CARD_BENCH v=1 run=1524353495544 event=present frame_id=1430 t_ns=1540700898000 presented=1 clock=monotonic
K230_CARD_BENCH v=1 run=1524353495544 event=input input_id=379 gesture_id=46 kind=motion t_ns=1540695461479 source=injected
K230_CARD_SHELL state mode=2 actions=1 message=0 cards=2
K230_CARD_BENCH v=1 run=1524353495544 event=input input_id=378 gesture_id=46 kind=motion t_ns=1540691111607 source=injected
K230_CARD_SHELL state mode=2 actions=1 message=0 cards=2
K230_CARD_BENCH v=1 run=1524353495544 event=input input_id=377 gesture_id=46 kind=motion t_ns=1540690311261 source=injected
K230_CARD_SHELL state mode=2 actions=1 message=0 cards=2
K230_CARD_BENCH v=1 run=1524353495544 event=input input_id=376 gesture_id=46 kind=motion t_ns=1540687818234 source=injected
K230_CARD_SHELL state mode=2 actions=1 message=0 cards=2
K230_CARD_SHELL frame-cost run=1524353495544 frame_id=1430 total_cpu_ns=19235220 render_cpu_ns=17122885 input_cpu_ns=1767185
K230_CARD_BENCH v=1 run=1524353495544 event=submit input_id=375 frame_id=1430 t_ns=1540686938898 update_cpu_ns=19235220 final=0
K230_CARD_BENCH v=1 run=1524353495544 event=submit input_id=374 frame_id=1430 t_ns=1540686938898 update_cpu_ns=19235220 final=0
K230_CARD_BENCH v=1 run=1524353495544 event=submit input_id=373 frame_id=1430 t_ns=1540686938898 update_cpu_ns=19235220 final=0
K230_CARD_BENCH v=1 run=1524353495544 event=submit input_id=372 frame_id=1430 t_ns=1540686938898 update_cpu_ns=19235220 final=0
K230_CARD_BENCH v=1 run=1524353495544 event=submit input_id=371 frame_id=1430 t_ns=1540686938898 update_cpu_ns=19235220 final=0
K230_CARD_BENCH v=1 run=1524353495544 event=present frame_id=1429 t_ns=1540662582000 presented=1 clock=monotonic
K230_CARD_BENCH v=1 run=1524353495544 event=input input_id=375 gesture_id=46 kind=motion t_ns=1540665931481 source=injected
K230_CARD_SHELL state mode=2 actions=1 message=0 cards=2
K230_CARD_BENCH v=1 run=1524353495544 event=input input_id=374 gesture_id=46 kind=motion t_ns=1540665433098 source=injected
K230_CARD_SHELL state mode=2 actions=1 message=0 cards=2
K230_CARD_BENCH v=1 run=1524353495544 event=input input_id=373 gesture_id=46 kind=motion t_ns=1540663716161 source=injected
K230_CARD_SHELL state mode=2 actions=1 message=0 cards=2
K230_CARD_BENCH v=1 run=1524353495544 event=input input_id=372 gesture_id=46 kind=motion t_ns=1540662243453 source=injected
K230_CARD_SHELL state mode=2 actions=1 message=0 cards=2
K230_CARD_BENCH v=1 run=1524353495544 event=input input_id=371 gesture_id=46 kind=motion t_ns=1540661802841 source=injected
K230_CARD_SHELL state mode=2 actions=1 message=0 cards=2
K230_CARD_BENCH v=1 run=1524353495544 event=present frame_id=1428 t_ns=1540624263000 presented=1 clock=monotonic
K230_CARD_SHELL frame-cost run=1524353495544 frame_id=1428 total_cpu_ns=16729707 render_cpu_ns=14797596 input_cpu_ns=795704
K230_CARD_BENCH v=1 run=1524353495544 event=submit input_id=370 frame_id=1428 t_ns=1540622310475 update_cpu_ns=16729707 final=0
K230_CARD_BENCH v=1 run=1524353495544 event=submit input_id=369 frame_id=1428 t_ns=1540622310475 update_cpu_ns=16729707 final=0
K230_CARD_BENCH v=1 run=1524353495544 event=present frame_id=1427 t_ns=1540605119000 presented=1 clock=monotonic
K230_CARD_BENCH v=1 run=1524353495544 event=input input_id=370 gesture_id=46 kind=motion t_ns=1540604609503 source=injected
K230_CARD_SHELL state mode=2 actions=1 message=0 cards=2
K230_CARD_BENCH v=1 run=1524353495544 event=input input_id=369 gesture_id=46 kind=motion t_ns=1540599462507 source=injected
K230_CARD_SHELL state mode=2 actions=1 message=0 cards=2
K230_CARD_SHELL state mode=2 actions=1 message=0 cards=2
K230_CARD_BENCH v=1 run=1524353495544 event=resource phase=active t_ns=1540593756208 cpu_ns=31788371000 memory_bytes=27623424 scope=session
K230_CARD_BENCH v=1 run=1524353495544 event=resource phase=active t_ns=1540593756208 cpu_ns=19769026118 memory_bytes=34611200 scope=compositor
K230_CARD_BENCH v=1 run=1524353495544 event=present frame_id=1426 t_ns=1540566784000 presented=1 clock=monotonic
K230_CARD_BENCH v=1 run=1524353495544 event=present frame_id=1425 t_ns=1540547627000 presented=1 clock=monotonic
K230_CARD_BENCH v=1 run=1524353495544 event=present frame_id=1424 t_ns=1540509309000 presented=1 clock=monotonic
K230_CARD_BENCH v=1 run=1524353495544 event=present frame_id=1423 t_ns=1540490150000 presented=1 clock=monotonic
K230_CARD_BENCH v=1 run=1524353495544 event=present frame_id=1422 t_ns=1540451831000 presented=1 clock=monotonic
K230_CARD_BENCH v=1 run=1524353495544 event=present frame_id=1421 t_ns=1540432673000 presented=1 clock=monotonic
K230_CARD_BENCH v=1 run=1524353495544 event=present frame_id=1420 t_ns=1540394355000 presented=1 clock=monotonic
K230_CARD_BENCH v=1 run=1524353495544 event=present frame_id=1419 t_ns=1540375197000 presented=1 clock=monotonic
K230_CARD_BENCH v=1 run=1524353495544 event=present frame_id=1418 t_ns=1540336879000 presented=1 clock=monotonic
K230_CARD_BENCH v=1 run=1524353495544 event=present frame_id=1417 t_ns=1540317720000 presented=1 clock=monotonic
K230_CARD_SHELL frame-cost run=1524353495544 frame_id=1417 total_cpu_ns=18785257 render_cpu_ns=14343446 input_cpu_ns=4012515
K230_CARD_BENCH v=1 run=1524353495544 event=submit input_id=368 frame_id=1417 t_ns=1540299426551 update_cpu_ns=18785257 final=1
K230_CARD_BENCH v=1 run=1524353495544 event=submit input_id=367 frame_id=1417 t_ns=1540299426551 update_cpu_ns=18785257 final=0
K230_CARD_BENCH v=1 run=1524353495544 event=submit input_id=366 frame_id=1417 t_ns=1540299426551 update_cpu_ns=18785257 final=0
K230_CARD_BENCH v=1 run=1524353495544 event=submit input_id=365 frame_id=1417 t_ns=1540299426551 update_cpu_ns=18785257 final=0
K230_CARD_BENCH v=1 run=1524353495544 event=present frame_id=1416 t_ns=1540260246000 presented=1 clock=monotonic
K230_CARD_BENCH v=1 run=1524353495544 event=input input_id=368 gesture_id=45 kind=release t_ns=1540268847275 source=injected
K230_CARD_SHELL state mode=1 actions=1 message=0 cards=2
K230_CARD_BENCH v=1 run=1524353495544 event=input input_id=367 gesture_id=45 kind=motion t_ns=1540268174950 source=injected
K230_CARD_SHELL state mode=2 actions=1 message=0 cards=2
K230_CARD_BENCH v=1 run=1524353495544 event=input input_id=366 gesture_id=45 kind=motion t_ns=1540266049063 source=injected
K230_CARD_SHELL state mode=2 actions=1 message=0 cards=2
K230_CARD_BENCH v=1 run=1524353495544 event=input input_id=365 gesture_id=45 kind=motion t_ns=1540264204957 source=injected
K230_CARD_SHELL state mode=2 actions=1 message=0 cards=2
K230_CARD_SHELL frame-cost run=1524353495544 frame_id=1416 total_cpu_ns=22670451 render_cpu_ns=20444410 input_cpu_ns=1919816
K230_CARD_BENCH v=1 run=1524353495544 event=submit input_id=364 frame_id=1416 t_ns=1540251079978 update_cpu_ns=22670451 final=0
K230_CARD_BENCH v=1 run=1524353495544 event=submit input_id=363 frame_id=1416 t_ns=1540251079978 update_cpu_ns=22670451 final=0
K230_CARD_BENCH v=1 run=1524353495544 event=submit input_id=362 frame_id=1416 t_ns=1540251079978 update_cpu_ns=22670451 final=0
K230_CARD_BENCH v=1 run=1524353495544 event=submit input_id=361 frame_id=1416 t_ns=1540251079978 update_cpu_ns=22670451 final=0
K230_CARD_BENCH v=1 run=1524353495544 event=present frame_id=1415 t_ns=1540221928000 presented=1 clock=monotonic
K230_CARD_BENCH v=1 run=1524353495544 event=input input_id=364 gesture_id=45 kind=motion t_ns=1540224873423 source=injected
K230_CARD_SHELL state mode=2 actions=1 message=0 cards=2
K230_CARD_BENCH v=1 run=1524353495544 event=input input_id=363 gesture_id=45 kind=motion t_ns=1540224208949 source=injected
K230_CARD_SHELL state mode=2 actions=1 message=0 cards=2
K230_CARD_BENCH v=1 run=1524353495544 event=input input_id=362 gesture_id=45 kind=motion t_ns=1540222707578 source=injected
K230_CARD_SHELL state mode=2 actions=1 message=0 cards=2
K230_CARD_BENCH v=1 run=1524353495544 event=input input_id=361 gesture_id=45 kind=motion t_ns=1540220737673 source=injected
K230_CARD_SHELL state mode=2 actions=1 message=0 cards=2
K230_CARD_SHELL frame-cost run=1524353495544 frame_id=1415 total_cpu_ns=21666746 render_cpu_ns=19650149 input_cpu_ns=1722634
K230_CARD_BENCH v=1 run=1524353495544 event=submit input_id=360 frame_id=1415 t_ns=1540217577913 update_cpu_ns=21666746 final=0
K230_CARD_BENCH v=1 run=1524353495544 event=submit input_id=359 frame_id=1415 t_ns=1540217577913 update_cpu_ns=21666746 final=0
K230_CARD_BENCH v=1 run=1524353495544 event=submit input_id=358 frame_id=1415 t_ns=1540217577913 update_cpu_ns=21666746 final=0
K230_CARD_BENCH v=1 run=1524353495544 event=submit input_id=357 frame_id=1415 t_ns=1540217577913 update_cpu_ns=21666746 final=0
K230_CARD_BENCH v=1 run=1524353495544 event=present frame_id=1414 t_ns=1540183608000 presented=1 clock=monotonic
K230_CARD_BENCH v=1 run=1524353495544 event=input input_id=360 gesture_id=45 kind=motion t_ns=1540179758342 source=injected
K230_CARD_SHELL state mode=2 actions=1 message=0 cards=2
K230_CARD_BENCH v=1 run=1524353495544 event=input input_id=359 gesture_id=45 kind=motion t_ns=1540177911272 source=injected
K230_CARD_SHELL state mode=2 actions=1 message=0 cards=2
K230_CARD_BENCH v=1 run=1524353495544 event=input input_id=358 gesture_id=45 kind=motion t_ns=1540177368117 source=injected
K230_CARD_SHELL state mode=2 actions=1 message=0 cards=2
K230_CARD_BENCH v=1 run=1524353495544 event=input input_id=357 gesture_id=45 kind=motion t_ns=1540172360955 source=injected
K230_CARD_SHELL state mode=2 actions=1 message=0 cards=2
K230_CARD_SHELL frame-cost run=1524353495544 frame_id=1414 total_cpu_ns=20138983 render_cpu_ns=17971022 input_cpu_ns=1857186
K230_CARD_BENCH v=1 run=1524353495544 event=submit input_id=356 frame_id=1414 t_ns=1540165309822 update_cpu_ns=20138983 final=0
K230_CARD_BENCH v=1 run=1524353495544 event=submit input_id=355 frame_id=1414 t_ns=1540165309822 update_cpu_ns=20138983 final=0
K230_CARD_BENCH v=1 run=1524353495544 event=submit input_id=354 frame_id=1414 t_ns=1540165309822 update_cpu_ns=20138983 final=0
K230_CARD_BENCH v=1 run=1524353495544 event=submit input_id=353 frame_id=1414 t_ns=1540165309822 update_cpu_ns=20138983 final=0
K230_CARD_BENCH v=1 run=1524353495544 event=present frame_id=1413 t_ns=1540145291000 presented=1 clock=monotonic
K230_CARD_BENCH v=1 run=1524353495544 event=input input_id=356 gesture_id=45 kind=motion t_ns=1540142186517 source=injected
K230_CARD_SHELL state mode=2 actions=1 message=0 cards=2
K230_CARD_BENCH v=1 run=1524353495544 event=input input_id=355 gesture_id=45 kind=motion t_ns=1540138889108 source=injected
K230_CARD_SHELL state mode=2 actions=1 message=0 cards=2
K230_CARD_BENCH v=1 run=1524353495544 event=input input_id=354 gesture_id=45 kind=motion t_ns=1540138407316 source=injected
K230_CARD_SHELL state mode=2 actions=1 message=0 cards=2
K230_CARD_BENCH v=1 run=1524353495544 event=input input_id=353 gesture_id=45 kind=motion t_ns=1540137869974 source=injected
K230_CARD_SHELL state mode=2 actions=1 message=0 cards=2
K230_CARD_SHELL frame-cost run=1524353495544 frame_id=1413 total_cpu_ns=17960065 render_cpu_ns=16515658 input_cpu_ns=1119926
K230_CARD_BENCH v=1 run=1524353495544 event=submit input_id=352 frame_id=1413 t_ns=1540134358147 update_cpu_ns=17960065 final=0
K230_CARD_BENCH v=1 run=1524353495544 event=submit input_id=351 frame_id=1413 t_ns=1540134358147 update_cpu_ns=17960065 final=0
K230_CARD_BENCH v=1 run=1524353495544 event=submit input_id=350 frame_id=1413 t_ns=1540134358147 update_cpu_ns=17960065 final=0
K230_CARD_BENCH v=1 run=1524353495544 event=present frame_id=1412 t_ns=1540106973000 presented=1 clock=monotonic
K230_CARD_BENCH v=1 run=1524353495544 event=input input_id=352 gesture_id=45 kind=motion t_ns=1540098629022 source=injected
K230_CARD_SHELL state mode=2 actions=1 message=0 cards=2
K230_CARD_BENCH v=1 run=1524353495544 event=input input_id=351 gesture_id=45 kind=motion t_ns=1540093634599 source=injected
K230_CARD_SHELL state mode=2 actions=1 message=0 cards=2
K230_CARD_BENCH v=1 run=1524353495544 event=input input_id=350 gesture_id=45 kind=motion t_ns=1540093123847 source=injected
K230_CARD_SHELL state mode=2 actions=1 message=0 cards=2
K230_CARD_SHELL frame-cost run=1524353495544 frame_id=1412 total_cpu_ns=15857027 render_cpu_ns=14698141 input_cpu_ns=614666
K230_CARD_BENCH v=1 run=1524353495544 event=submit input_id=349 frame_id=1412 t_ns=1540087699107 update_cpu_ns=15857027 final=0
K230_CARD_BENCH v=1 run=1524353495544 event=submit input_id=348 frame_id=1412 t_ns=1540087699107 update_cpu_ns=15857027 final=0
K230_CARD_BENCH v=1 run=1524353495544 event=present frame_id=1411 t_ns=1540068657000 presented=1 clock=monotonic
K230_CARD_BENCH v=1 run=1524353495544 event=input input_id=349 gesture_id=45 kind=motion t_ns=1540069140945 source=injected
K230_CARD_SHELL state mode=2 actions=1 message=0 cards=2
K230_CARD_BENCH v=1 run=1524353495544 event=input input_id=348 gesture_id=45 kind=motion t_ns=1540058626312 source=injected
K230_CARD_SHELL state mode=2 actions=1 message=0 cards=2
K230_CARD_SHELL state mode=2 actions=1 message=0 cards=2
K230_CARD_BENCH v=1 run=1524353495544 event=present frame_id=1410 t_ns=1540030337000 presented=1 clock=monotonic
K230_CARD_BENCH v=1 run=1524353495544 event=present frame_id=1409 t_ns=1539992033000 presented=1 clock=monotonic
K230_CARD_BENCH v=1 run=1524353495544 event=present frame_id=1408 t_ns=1539972860000 presented=1 clock=monotonic
K230_CARD_BENCH v=1 run=1524353495544 event=present frame_id=1407 t_ns=1539934544000 presented=1 clock=monotonic
K230_CARD_BENCH v=1 run=1524353495544 event=present frame_id=1406 t_ns=1539915384000 presented=1 clock=monotonic
K230_CARD_BENCH v=1 run=1524353495544 event=present frame_id=1405 t_ns=1539877066000 presented=1 clock=monotonic
K230_CARD_BENCH v=1 run=1524353495544 event=present frame_id=1404 t_ns=1539857907000 presented=1 clock=monotonic
K230_CARD_BENCH v=1 run=1524353495544 event=present frame_id=1403 t_ns=1539819588000 presented=1 clock=monotonic
K230_CARD_BENCH v=1 run=1524353495544 event=present frame_id=1402 t_ns=1539800431000 presented=1 clock=monotonic
K230_CARD_SHELL frame-cost run=1524353495544 frame_id=1402 total_cpu_ns=18392969 render_cpu_ns=14283267 input_cpu_ns=3797482
K230_CARD_BENCH v=1 run=1524353495544 event=submit input_id=347 frame_id=1402 t_ns=1539784458844 update_cpu_ns=18392969 final=1
K230_CARD_BENCH v=1 run=1524353495544 event=submit input_id=346 frame_id=1402 t_ns=1539784458844 update_cpu_ns=18392969 final=0
K230_CARD_BENCH v=1 run=1524353495544 event=submit input_id=345 frame_id=1402 t_ns=1539784458844 update_cpu_ns=18392969 final=0
K230_CARD_BENCH v=1 run=1524353495544 event=present frame_id=1401 t_ns=1539742954000 presented=1 clock=monotonic
K230_CARD_BENCH v=1 run=1524353495544 event=input input_id=347 gesture_id=44 kind=release t_ns=1539754051370 source=injected
K230_CARD_SHELL state mode=1 actions=1 message=0 cards=2
K230_CARD_BENCH v=1 run=1524353495544 event=input input_id=346 gesture_id=44 kind=motion t_ns=1539752303771 source=injected
K230_CARD_SHELL state mode=2 actions=1 message=0 cards=2
K230_CARD_BENCH v=1 run=1524353495544 event=input input_id=345 gesture_id=44 kind=motion t_ns=1539744354269 source=injected
K230_CARD_SHELL state mode=2 actions=1 message=0 cards=2
K230_CARD_SHELL frame-cost run=1524353495544 frame_id=1401 total_cpu_ns=23706522 render_cpu_ns=20201450 input_cpu_ns=3233847
K230_CARD_BENCH v=1 run=1524353495544 event=submit input_id=344 frame_id=1401 t_ns=1539737152712 update_cpu_ns=23706522 final=0
K230_CARD_BENCH v=1 run=1524353495544 event=submit input_id=343 frame_id=1401 t_ns=1539737152712 update_cpu_ns=23706522 final=0
K230_CARD_BENCH v=1 run=1524353495544 event=submit input_id=342 frame_id=1401 t_ns=1539737152712 update_cpu_ns=23706522 final=0
K230_CARD_BENCH v=1 run=1524353495544 event=submit input_id=341 frame_id=1401 t_ns=1539737152712 update_cpu_ns=23706522 final=0
K230_CARD_BENCH v=1 run=1524353495544 event=submit input_id=340 frame_id=1401 t_ns=1539737152712 update_cpu_ns=23706522 final=0
K230_CARD_BENCH v=1 run=1524353495544 event=present frame_id=1400 t_ns=1539704638000 presented=1 clock=monotonic
K230_CARD_BENCH v=1 run=1524353495544 event=input input_id=344 gesture_id=44 kind=motion t_ns=1539711649707 source=injected
K230_CARD_SHELL state mode=2 actions=1 message=0 cards=2
K230_CARD_BENCH v=1 run=1524353495544 event=input input_id=343 gesture_id=44 kind=motion t_ns=1539708721068 source=injected
K230_CARD_SHELL state mode=2 actions=1 message=0 cards=2
K230_CARD_BENCH v=1 run=1524353495544 event=input input_id=342 gesture_id=44 kind=motion t_ns=1539707516032 source=injected
K230_CARD_SHELL state mode=2 actions=1 message=0 cards=2
K230_CARD_BENCH v=1 run=1524353495544 event=input input_id=341 gesture_id=44 kind=motion t_ns=1539704878727 source=injected
K230_CARD_SHELL state mode=2 actions=1 message=0 cards=2
K230_CARD_BENCH v=1 run=1524353495544 event=input input_id=340 gesture_id=44 kind=motion t_ns=1539703867074 source=injected
K230_CARD_SHELL state mode=2 actions=1 message=0 cards=2
K230_CARD_SHELL frame-cost run=1524353495544 frame_id=1400 total_cpu_ns=21793446 render_cpu_ns=19865666 input_cpu_ns=1498745
K230_CARD_BENCH v=1 run=1524353495544 event=submit input_id=339 frame_id=1400 t_ns=1539703007106 update_cpu_ns=21793446 final=0
K230_CARD_BENCH v=1 run=1524353495544 event=submit input_id=338 frame_id=1400 t_ns=1539703007106 update_cpu_ns=21793446 final=0
K230_CARD_BENCH v=1 run=1524353495544 event=submit input_id=337 frame_id=1400 t_ns=1539703007106 update_cpu_ns=21793446 final=0
K230_CARD_BENCH v=1 run=1524353495544 event=present frame_id=1399 t_ns=1539666320000 presented=1 clock=monotonic
K230_CARD_BENCH v=1 run=1524353495544 event=input input_id=339 gesture_id=44 kind=motion t_ns=1539666430726 source=injected
K230_CARD_SHELL state mode=2 actions=1 message=0 cards=2
K230_CARD_BENCH v=1 run=1524353495544 event=input input_id=338 gesture_id=44 kind=motion t_ns=1539664227516 source=injected
K230_CARD_SHELL state mode=2 actions=1 message=0 cards=2
K230_CARD_BENCH v=1 run=1524353495544 event=input input_id=337 gesture_id=44 kind=motion t_ns=1539656455881 source=injected
K230_CARD_SHELL state mode=2 actions=1 message=0 cards=2
K230_CARD_SHELL live cards=2 commits=973 sampled=1890 frame-done=1896 output-presented=863
K230_CARD_SHELL frame-cost run=1524353495544 frame_id=1399 total_cpu_ns=22829436 render_cpu_ns=18482505 input_cpu_ns=3962412
K230_CARD_BENCH v=1 run=1524353495544 event=submit input_id=336 frame_id=1399 t_ns=1539650162583 update_cpu_ns=22829436 final=0
K230_CARD_BENCH v=1 run=1524353495544 event=submit input_id=335 frame_id=1399 t_ns=1539650162583 update_cpu_ns=22829436 final=0
K230_CARD_BENCH v=1 run=1524353495544 event=submit input_id=334 frame_id=1399 t_ns=1539650162583 update_cpu_ns=22829436 final=0
K230_CARD_BENCH v=1 run=1524353495544 event=submit input_id=333 frame_id=1399 t_ns=1539650162583 update_cpu_ns=22829436 final=0
K230_CARD_BENCH v=1 run=1524353495544 event=submit input_id=332 frame_id=1399 t_ns=1539650162583 update_cpu_ns=22829436 final=0
K230_CARD_BENCH v=1 run=1524353495544 event=submit input_id=331 frame_id=1399 t_ns=1539650162583 update_cpu_ns=22829436 final=0
K230_CARD_BENCH v=1 run=1524353495544 event=submit input_id=330 frame_id=1399 t_ns=1539650162583 update_cpu_ns=22829436 final=0
K230_CARD_BENCH v=1 run=1524353495544 event=submit input_id=329 frame_id=1399 t_ns=1539650162583 update_cpu_ns=22829436 final=0
K230_CARD_BENCH v=1 run=1524353495544 event=present frame_id=1398 t_ns=1539628003000 presented=1 clock=monotonic
K230_CARD_BENCH v=1 run=1524353495544 event=input input_id=336 gesture_id=44 kind=motion t_ns=1539627932064 source=injected
K230_CARD_SHELL state mode=2 actions=1 message=0 cards=2
K230_CARD_BENCH v=1 run=1524353495544 event=input input_id=335 gesture_id=44 kind=motion t_ns=1539621221705 source=injected
K230_CARD_SHELL state mode=2 actions=1 message=0 cards=2
K230_CARD_BENCH v=1 run=1524353495544 event=input input_id=334 gesture_id=44 kind=motion t_ns=1539619554430 source=injected
K230_CARD_SHELL state mode=2 actions=1 message=0 cards=2
K230_CARD_BENCH v=1 run=1524353495544 event=input input_id=333 gesture_id=44 kind=motion t_ns=1539618052911 source=injected
K230_CARD_SHELL state mode=2 actions=1 message=0 cards=2
K230_CARD_BENCH v=1 run=1524353495544 event=input input_id=332 gesture_id=44 kind=motion t_ns=1539615949726 source=injected
K230_CARD_SHELL state mode=2 actions=1 message=0 cards=2
K230_CARD_BENCH v=1 run=1524353495544 event=input input_id=331 gesture_id=44 kind=motion t_ns=1539615457305 source=injected
K230_CARD_SHELL state mode=2 actions=1 message=0 cards=2
K230_CARD_BENCH v=1 run=1524353495544 event=input input_id=330 gesture_id=44 kind=motion t_ns=1539614071587 source=injected
K230_CARD_SHELL state mode=2 actions=1 message=0 cards=2
K230_CARD_BENCH v=1 run=1524353495544 event=input input_id=329 gesture_id=44 kind=motion t_ns=1539612048095 source=injected
K230_CARD_SHELL state mode=2 actions=1 message=0 cards=2
K230_CARD_BENCH v=1 run=1524353495544 event=present frame_id=1397 t_ns=1539570527000 presented=1 clock=monotonic
K230_CARD_BENCH v=1 run=1524353495544 event=resource phase=active t_ns=1539576228955 cpu_ns=31056843000 memory_bytes=27619328 scope=session
K230_CARD_BENCH v=1 run=1524353495544 event=resource phase=active t_ns=1539576228955 cpu_ns=19246720810 memory_bytes=34611200 scope=compositor
K230_CARD_SHELL frame-cost run=1524353495544 frame_id=1397 total_cpu_ns=15624110 render_cpu_ns=14673629 input_cpu_ns=791221
K230_CARD_BENCH v=1 run=1524353495544 event=submit input_id=328 frame_id=1397 t_ns=1539568390736 update_cpu_ns=15624110 final=0
K230_CARD_BENCH v=1 run=1524353495544 event=submit input_id=327 frame_id=1397 t_ns=1539568390736 update_cpu_ns=15624110 final=0
K230_CARD_BENCH v=1 run=1524353495544 event=present frame_id=1396 t_ns=1539551365000 presented=1 clock=monotonic
K230_CARD_BENCH v=1 run=1524353495544 event=input input_id=328 gesture_id=44 kind=motion t_ns=1539547939627 source=injected
K230_CARD_SHELL state mode=2 actions=1 message=0 cards=2
K230_CARD_BENCH v=1 run=1524353495544 event=input input_id=327 gesture_id=44 kind=motion t_ns=1539543044194 source=injected
K230_CARD_SHELL state mode=2 actions=1 message=0 cards=2
K230_CARD_SHELL state mode=2 actions=1 message=0 cards=2
K230_CARD_BENCH v=1 run=1524353495544 event=present frame_id=1395 t_ns=1539513048000 presented=1 clock=monotonic
K230_CARD_BENCH v=1 run=1524353495544 event=present frame_id=1394 t_ns=1539493888000 presented=1 clock=monotonic
K230_CARD_BENCH v=1 run=1524353495544 event=present frame_id=1393 t_ns=1539455570000 presented=1 clock=monotonic
K230_CARD_BENCH v=1 run=1524353495544 event=present frame_id=1392 t_ns=1539436412000 presented=1 clock=monotonic
K230_CARD_BENCH v=1 run=1524353495544 event=present frame_id=1391 t_ns=1539398093000 presented=1 clock=monotonic
K230_CARD_BENCH v=1 run=1524353495544 event=present frame_id=1390 t_ns=1539378935000 presented=1 clock=monotonic
K230_CARD_BENCH v=1 run=1524353495544 event=present frame_id=1389 t_ns=1539340618000 presented=1 clock=monotonic
K230_CARD_BENCH v=1 run=1524353495544 event=present frame_id=1388 t_ns=1539302300000 presented=1 clock=monotonic
K230_CARD_BENCH v=1 run=1524353495544 event=present frame_id=1387 t_ns=1539263983000 presented=1 clock=monotonic
K230_CARD_SHELL frame-cost run=1524353495544 frame_id=1387 total_cpu_ns=18983261 render_cpu_ns=14459710 input_cpu_ns=4200848
K230_CARD_BENCH v=1 run=1524353495544 event=submit input_id=326 frame_id=1387 t_ns=1539257761691 update_cpu_ns=18983261 final=1
K230_CARD_BENCH v=1 run=1524353495544 event=submit input_id=325 frame_id=1387 t_ns=1539257761691 update_cpu_ns=18983261 final=0
K230_CARD_BENCH v=1 run=1524353495544 event=submit input_id=324 frame_id=1387 t_ns=1539257761691 update_cpu_ns=18983261 final=0
K230_CARD_BENCH v=1 run=1524353495544 event=submit input_id=323 frame_id=1387 t_ns=1539257761691 update_cpu_ns=18983261 final=0
K230_CARD_BENCH v=1 run=1524353495544 event=present frame_id=1386 t_ns=1539225666000 presented=1 clock=monotonic
K230_CARD_BENCH v=1 run=1524353495544 event=input input_id=326 gesture_id=43 kind=release t_ns=1539232774511 source=injected
K230_CARD_SHELL state mode=1 actions=1 message=0 cards=2
K230_CARD_BENCH v=1 run=1524353495544 event=input input_id=325 gesture_id=43 kind=motion t_ns=1539226472436 source=injected
K230_CARD_SHELL state mode=2 actions=1 message=0 cards=2
K230_CARD_BENCH v=1 run=1524353495544 event=input input_id=324 gesture_id=43 kind=motion t_ns=1539225776374 source=injected
K230_CARD_SHELL state mode=2 actions=1 message=0 cards=2
K230_CARD_BENCH v=1 run=1524353495544 event=input input_id=323 gesture_id=43 kind=motion t_ns=1539222147081 source=injected
K230_CARD_SHELL state mode=2 actions=1 message=0 cards=2
K230_CARD_SHELL frame-cost run=1524353495544 frame_id=1386 total_cpu_ns=24762420 render_cpu_ns=21194458 input_cpu_ns=3219629
K230_CARD_BENCH v=1 run=1524353495544 event=submit input_id=322 frame_id=1386 t_ns=1539217751919 update_cpu_ns=24762420 final=0
K230_CARD_BENCH v=1 run=1524353495544 event=submit input_id=321 frame_id=1386 t_ns=1539217751919 update_cpu_ns=24762420 final=0
K230_CARD_BENCH v=1 run=1524353495544 event=submit input_id=320 frame_id=1386 t_ns=1539217751919 update_cpu_ns=24762420 final=0
K230_CARD_BENCH v=1 run=1524353495544 event=submit input_id=319 frame_id=1386 t_ns=1539217751919 update_cpu_ns=24762420 final=0
K230_CARD_BENCH v=1 run=1524353495544 event=submit input_id=318 frame_id=1386 t_ns=1539217751919 update_cpu_ns=24762420 final=0
K230_CARD_BENCH v=1 run=1524353495544 event=submit input_id=317 frame_id=1386 t_ns=1539217751919 update_cpu_ns=24762420 final=0
K230_CARD_BENCH v=1 run=1524353495544 event=present frame_id=1385 t_ns=1539168190000 presented=1 clock=monotonic
K230_CARD_BENCH v=1 run=1524353495544 event=input input_id=322 gesture_id=43 kind=motion t_ns=1539181261861 source=injected
K230_CARD_SHELL state mode=2 actions=1 message=0 cards=2
K230_CARD_BENCH v=1 run=1524353495544 event=input input_id=321 gesture_id=43 kind=motion t_ns=1539175170501 source=injected
K230_CARD_SHELL state mode=2 actions=1 message=0 cards=2
K230_CARD_BENCH v=1 run=1524353495544 event=input input_id=320 gesture_id=43 kind=motion t_ns=1539170351983 source=injected
K230_CARD_SHELL state mode=2 actions=1 message=0 cards=2
K230_CARD_BENCH v=1 run=1524353495544 event=input input_id=319 gesture_id=43 kind=motion t_ns=1539167248847 source=injected
K230_CARD_SHELL state mode=2 actions=1 message=0 cards=2
K230_CARD_BENCH v=1 run=1524353495544 event=input input_id=318 gesture_id=43 kind=motion t_ns=1539166719764 source=injected
K230_CARD_SHELL state mode=2 actions=1 message=0 cards=2
K230_CARD_BENCH v=1 run=1524353495544 event=input input_id=317 gesture_id=43 kind=motion t_ns=1539163478016 source=injected
K230_CARD_SHELL state mode=2 actions=1 message=0 cards=2
K230_CARD_SHELL frame-cost run=1524353495544 frame_id=1385 total_cpu_ns=22518139 render_cpu_ns=20090062 input_cpu_ns=2190819
K230_CARD_BENCH v=1 run=1524353495544 event=submit input_id=316 frame_id=1385 t_ns=1539160216159 update_cpu_ns=22518139 final=0
K230_CARD_BENCH v=1 run=1524353495544 event=submit input_id=315 frame_id=1385 t_ns=1539160216159 update_cpu_ns=22518139 final=0
K230_CARD_BENCH v=1 run=1524353495544 event=submit input_id=314 frame_id=1385 t_ns=1539160216159 update_cpu_ns=22518139 final=0
K230_CARD_BENCH v=1 run=1524353495544 event=submit input_id=313 frame_id=1385 t_ns=1539160216159 update_cpu_ns=22518139 final=0
K230_CARD_BENCH v=1 run=1524353495544 event=present frame_id=1384 t_ns=1539110713000 presented=1 clock=monotonic
K230_CARD_BENCH v=1 run=1524353495544 event=input input_id=316 gesture_id=43 kind=motion t_ns=1539121496561 source=injected
K230_CARD_SHELL state mode=2 actions=1 message=0 cards=2
K230_CARD_BENCH v=1 run=1524353495544 event=input input_id=315 gesture_id=43 kind=motion t_ns=1539115398942 source=injected
K230_CARD_SHELL state mode=2 actions=1 message=0 cards=2
K230_CARD_BENCH v=1 run=1524353495544 event=input input_id=314 gesture_id=43 kind=motion t_ns=1539112686721 source=injected
K230_CARD_SHELL state mode=2 actions=1 message=0 cards=2
K230_CARD_BENCH v=1 run=1524353495544 event=input input_id=313 gesture_id=43 kind=motion t_ns=1539109111310 source=injected
K230_CARD_SHELL state mode=2 actions=1 message=0 cards=2
K230_CARD_SHELL frame-cost run=1524353495544 frame_id=1384 total_cpu_ns=20433085 render_cpu_ns=18108271 input_cpu_ns=2040630
K230_CARD_BENCH v=1 run=1524353495544 event=submit input_id=312 frame_id=1384 t_ns=1539106682276 update_cpu_ns=20433085 final=0
K230_CARD_BENCH v=1 run=1524353495544 event=submit input_id=311 frame_id=1384 t_ns=1539106682276 update_cpu_ns=20433085 final=0
K230_CARD_BENCH v=1 run=1524353495544 event=submit input_id=310 frame_id=1384 t_ns=1539106682276 update_cpu_ns=20433085 final=0
K230_CARD_BENCH v=1 run=1524353495544 event=submit input_id=309 frame_id=1384 t_ns=1539106682276 update_cpu_ns=20433085 final=0
K230_CARD_BENCH v=1 run=1524353495544 event=present frame_id=1383 t_ns=1539072395000 presented=1 clock=monotonic
K230_CARD_BENCH v=1 run=1524353495544 event=input input_id=312 gesture_id=43 kind=motion t_ns=1539072526449 source=injected
K230_CARD_SHELL state mode=2 actions=1 message=0 cards=2
K230_CARD_BENCH v=1 run=1524353495544 event=input input_id=311 gesture_id=43 kind=motion t_ns=1539069019622 source=injected
K230_CARD_SHELL state mode=2 actions=1 message=0 cards=2
K230_CARD_BENCH v=1 run=1524353495544 event=input input_id=310 gesture_id=43 kind=motion t_ns=1539066789008 source=injected
K230_CARD_SHELL state mode=2 actions=1 message=0 cards=2
K230_CARD_BENCH v=1 run=1524353495544 event=input input_id=309 gesture_id=43 kind=motion t_ns=1539064795883 source=injected
K230_CARD_SHELL state mode=2 actions=1 message=0 cards=2
K230_CARD_SHELL frame-cost run=1524353495544 frame_id=1383 total_cpu_ns=17410653 render_cpu_ns=16001396 input_cpu_ns=1102666
K230_CARD_BENCH v=1 run=1524353495544 event=submit input_id=308 frame_id=1383 t_ns=1539058385229 update_cpu_ns=17410653 final=0
K230_CARD_BENCH v=1 run=1524353495544 event=submit input_id=307 frame_id=1383 t_ns=1539058385229 update_cpu_ns=17410653 final=0
K230_CARD_BENCH v=1 run=1524353495544 event=submit input_id=306 frame_id=1383 t_ns=1539058385229 update_cpu_ns=17410653 final=0
K230_CARD_BENCH v=1 run=1524353495544 event=present frame_id=1382 t_ns=1539034078000 presented=1 clock=monotonic
K230_CARD_BENCH v=1 run=1524353495544 event=input input_id=308 gesture_id=43 kind=motion t_ns=1539032419985 source=injected
K230_CARD_SHELL state mode=2 actions=1 message=0 cards=2
K230_CARD_BENCH v=1 run=1524353495544 event=input input_id=307 gesture_id=43 kind=motion t_ns=1539022420329 source=injected
K230_CARD_SHELL state mode=2 actions=1 message=0 cards=2
K230_CARD_BENCH v=1 run=1524353495544 event=input input_id=306 gesture_id=43 kind=motion t_ns=1539020725834 source=injected
K230_CARD_SHELL state mode=2 actions=1 message=0 cards=2
K230_CARD_SHELL state mode=2 actions=1 message=0 cards=2
K230_CARD_BENCH v=1 run=1524353495544 event=present frame_id=1381 t_ns=1538995760000 presented=1 clock=monotonic
K230_CARD_BENCH v=1 run=1524353495544 event=present frame_id=1380 t_ns=1538957443000 presented=1 clock=monotonic
K230_CARD_BENCH v=1 run=1524353495544 event=present frame_id=1379 t_ns=1538919123000 presented=1 clock=monotonic
K230_CARD_BENCH v=1 run=1524353495544 event=present frame_id=1378 t_ns=1538899964000 presented=1 clock=monotonic
K230_CARD_BENCH v=1 run=1524353495544 event=present frame_id=1377 t_ns=1538861646000 presented=1 clock=monotonic
K230_CARD_BENCH v=1 run=1524353495544 event=present frame_id=1376 t_ns=1538823332000 presented=1 clock=monotonic
K230_CARD_BENCH v=1 run=1524353495544 event=present frame_id=1375 t_ns=1538785011000 presented=1 clock=monotonic
K230_CARD_BENCH v=1 run=1524353495544 event=present frame_id=1374 t_ns=1538746692000 presented=1 clock=monotonic
K230_CARD_BENCH v=1 run=1524353495544 event=present frame_id=1373 t_ns=1538727534000 presented=1 clock=monotonic
K230_CARD_SHELL frame-cost run=1524353495544 frame_id=1373 total_cpu_ns=18785856 render_cpu_ns=14217594 input_cpu_ns=4242078
K230_CARD_BENCH v=1 run=1524353495544 event=submit input_id=305 frame_id=1373 t_ns=1538720877443 update_cpu_ns=18785856 final=1
K230_CARD_BENCH v=1 run=1524353495544 event=submit input_id=304 frame_id=1373 t_ns=1538720877443 update_cpu_ns=18785856 final=0
K230_CARD_BENCH v=1 run=1524353495544 event=submit input_id=303 frame_id=1373 t_ns=1538720877443 update_cpu_ns=18785856 final=0
K230_CARD_BENCH v=1 run=1524353495544 event=submit input_id=302 frame_id=1373 t_ns=1538720877443 update_cpu_ns=18785856 final=0
K230_CARD_BENCH v=1 run=1524353495544 event=present frame_id=1372 t_ns=1538689216000 presented=1 clock=monotonic
K230_CARD_BENCH v=1 run=1524353495544 event=input input_id=305 gesture_id=42 kind=release t_ns=1538685615170 source=injected
K230_CARD_SHELL state mode=1 actions=1 message=0 cards=2
K230_CARD_BENCH v=1 run=1524353495544 event=input input_id=304 gesture_id=42 kind=motion t_ns=1538684986100 source=injected
K230_CARD_SHELL state mode=2 actions=1 message=0 cards=2
K230_CARD_BENCH v=1 run=1524353495544 event=input input_id=303 gesture_id=42 kind=motion t_ns=1538684273225 source=injected
K230_CARD_SHELL state mode=2 actions=1 message=0 cards=2
K230_CARD_BENCH v=1 run=1524353495544 event=input input_id=302 gesture_id=42 kind=motion t_ns=1538680338230 source=injected
K230_CARD_SHELL state mode=2 actions=1 message=0 cards=2
K230_CARD_SHELL frame-cost run=1524353495544 frame_id=1372 total_cpu_ns=23663375 render_cpu_ns=20060595 input_cpu_ns=3136520
K230_CARD_BENCH v=1 run=1524353495544 event=submit input_id=301 frame_id=1372 t_ns=1538673458080 update_cpu_ns=23663375 final=0
K230_CARD_BENCH v=1 run=1524353495544 event=submit input_id=300 frame_id=1372 t_ns=1538673458080 update_cpu_ns=23663375 final=0
K230_CARD_BENCH v=1 run=1524353495544 event=submit input_id=299 frame_id=1372 t_ns=1538673458080 update_cpu_ns=23663375 final=0
K230_CARD_BENCH v=1 run=1524353495544 event=submit input_id=298 frame_id=1372 t_ns=1538673458080 update_cpu_ns=23663375 final=0
K230_CARD_BENCH v=1 run=1524353495544 event=submit input_id=297 frame_id=1372 t_ns=1538673458080 update_cpu_ns=23663375 final=0
K230_CARD_BENCH v=1 run=1524353495544 event=present frame_id=1371 t_ns=1538650898000 presented=1 clock=monotonic
K230_CARD_BENCH v=1 run=1524353495544 event=input input_id=301 gesture_id=42 kind=motion t_ns=1538648308631 source=injected
K230_CARD_SHELL state mode=2 actions=1 message=0 cards=2
K230_CARD_BENCH v=1 run=1524353495544 event=input input_id=300 gesture_id=42 kind=motion t_ns=1538642110693 source=injected
K230_CARD_SHELL state mode=2 actions=1 message=0 cards=2
K230_CARD_BENCH v=1 run=1524353495544 event=input input_id=299 gesture_id=42 kind=motion t_ns=1538639274562 source=injected
K230_CARD_SHELL state mode=2 actions=1 message=0 cards=2
K230_CARD_BENCH v=1 run=1524353495544 event=input input_id=298 gesture_id=42 kind=motion t_ns=1538638578315 source=injected
K230_CARD_SHELL state mode=2 actions=1 message=0 cards=2
K230_CARD_BENCH v=1 run=1524353495544 event=input input_id=297 gesture_id=42 kind=motion t_ns=1538636152800 source=injected
K230_CARD_SHELL state mode=2 actions=1 message=0 cards=2
K230_CARD_SHELL frame-cost run=1524353495544 frame_id=1371 total_cpu_ns=21700004 render_cpu_ns=19569148 input_cpu_ns=1833039
K230_CARD_BENCH v=1 run=1524353495544 event=submit input_id=296 frame_id=1371 t_ns=1538634495967 update_cpu_ns=21700004 final=0
K230_CARD_BENCH v=1 run=1524353495544 event=submit input_id=295 frame_id=1371 t_ns=1538634495967 update_cpu_ns=21700004 final=0
K230_CARD_BENCH v=1 run=1524353495544 event=submit input_id=294 frame_id=1371 t_ns=1538634495967 update_cpu_ns=21700004 final=0
K230_CARD_BENCH v=1 run=1524353495544 event=submit input_id=293 frame_id=1371 t_ns=1538634495967 update_cpu_ns=21700004 final=0
K230_CARD_BENCH v=1 run=1524353495544 event=present frame_id=1370 t_ns=1538593423000 presented=1 clock=monotonic
K230_CARD_BENCH v=1 run=1524353495544 event=input input_id=296 gesture_id=42 kind=motion t_ns=1538605459110 source=injected
K230_CARD_SHELL state mode=2 actions=1 message=0 cards=2
K230_CARD_BENCH v=1 run=1524353495544 event=input input_id=295 gesture_id=42 kind=motion t_ns=1538600837718 source=injected
K230_CARD_SHELL state mode=2 actions=1 message=0 cards=2
K230_CARD_BENCH v=1 run=1524353495544 event=input input_id=294 gesture_id=42 kind=motion t_ns=1538600250124 source=injected
K230_CARD_SHELL state mode=2 actions=1 message=0 cards=2
K230_CARD_BENCH v=1 run=1524353495544 event=input input_id=293 gesture_id=42 kind=motion t_ns=1538598475862 source=injected
K230_CARD_SHELL state mode=2 actions=1 message=0 cards=2
K230_CARD_SHELL frame-cost run=1524353495544 frame_id=1370 total_cpu_ns=20672479 render_cpu_ns=17759148 input_cpu_ns=2057334
K230_CARD_BENCH v=1 run=1524353495544 event=submit input_id=292 frame_id=1370 t_ns=1538590988972 update_cpu_ns=20672479 final=0
K230_CARD_BENCH v=1 run=1524353495544 event=submit input_id=291 frame_id=1370 t_ns=1538590988972 update_cpu_ns=20672479 final=0
K230_CARD_BENCH v=1 run=1524353495544 event=submit input_id=290 frame_id=1370 t_ns=1538590988972 update_cpu_ns=20672479 final=0
K230_CARD_BENCH v=1 run=1524353495544 event=submit input_id=289 frame_id=1370 t_ns=1538590988972 update_cpu_ns=20672479 final=0
K230_CARD_BENCH v=1 run=1524353495544 event=present frame_id=1369 t_ns=1538555106000 presented=1 clock=monotonic
K230_CARD_BENCH v=1 run=1524353495544 event=input input_id=292 gesture_id=42 kind=motion t_ns=1538564829945 source=injected
K230_CARD_SHELL state mode=2 actions=1 message=0 cards=2
K230_CARD_BENCH v=1 run=1524353495544 event=input input_id=291 gesture_id=42 kind=motion t_ns=1538559540487 source=injected
K230_CARD_SHELL state mode=2 actions=1 message=0 cards=2
K230_CARD_BENCH v=1 run=1524353495544 event=input input_id=290 gesture_id=42 kind=motion t_ns=1538558606603 source=injected
K230_CARD_SHELL state mode=2 actions=1 message=0 cards=2
K230_CARD_BENCH v=1 run=1524353495544 event=input input_id=289 gesture_id=42 kind=motion t_ns=1538558023415 source=injected
K230_CARD_SHELL state mode=2 actions=1 message=0 cards=2
K230_CARD_BENCH v=1 run=1524353495544 event=resource phase=active t_ns=1538552195469 cpu_ns=30342961000 memory_bytes=27615232 scope=session
K230_CARD_BENCH v=1 run=1524353495544 event=resource phase=active t_ns=1538552195469 cpu_ns=18747424394 memory_bytes=34611200 scope=compositor
K230_CARD_SHELL frame-cost run=1524353495544 frame_id=1369 total_cpu_ns=17292371 render_cpu_ns=16024633 input_cpu_ns=976629
K230_CARD_BENCH v=1 run=1524353495544 event=submit input_id=288 frame_id=1369 t_ns=1538548621096 update_cpu_ns=17292371 final=0
K230_CARD_BENCH v=1 run=1524353495544 event=submit input_id=287 frame_id=1369 t_ns=1538548621096 update_cpu_ns=17292371 final=0
K230_CARD_BENCH v=1 run=1524353495544 event=submit input_id=286 frame_id=1369 t_ns=1538548621096 update_cpu_ns=17292371 final=0
K230_CARD_BENCH v=1 run=1524353495544 event=present frame_id=1368 t_ns=1538516792000 presented=1 clock=monotonic
K230_CARD_BENCH v=1 run=1524353495544 event=input input_id=288 gesture_id=42 kind=motion t_ns=1538520360550 source=injected
K230_CARD_SHELL state mode=2 actions=1 message=0 cards=2
K230_CARD_BENCH v=1 run=1524353495544 event=input input_id=287 gesture_id=42 kind=motion t_ns=1538518506668 source=injected
K230_CARD_SHELL state mode=2 actions=1 message=0 cards=2
K230_CARD_BENCH v=1 run=1524353495544 event=input input_id=286 gesture_id=42 kind=motion t_ns=1538518039467 source=injected
K230_CARD_SHELL state mode=2 actions=1 message=0 cards=2
K230_CARD_SHELL frame-cost run=1524353495544 frame_id=1368 total_cpu_ns=14277581 render_cpu_ns=13980915 input_cpu_ns=157333
K230_CARD_BENCH v=1 run=1524353495544 event=submit input_id=285 frame_id=1368 t_ns=1538514263229 update_cpu_ns=14277581 final=0
K230_CARD_BENCH v=1 run=1524353495544 event=present frame_id=1367 t_ns=1538497627000 presented=1 clock=monotonic
K230_CARD_BENCH v=1 run=1524353495544 event=input input_id=285 gesture_id=42 kind=motion t_ns=1538488505560 source=injected
K230_CARD_SHELL state mode=2 actions=1 message=0 cards=2
K230_CARD_SHELL state mode=2 actions=1 message=0 cards=2
K230_CARD_BENCH v=1 run=1524353495544 event=present frame_id=1366 t_ns=1538459308000 presented=1 clock=monotonic
K230_CARD_BENCH v=1 run=1524353495544 event=present frame_id=1365 t_ns=1538440151000 presented=1 clock=monotonic
K230_CARD_BENCH v=1 run=1524353495544 event=present frame_id=1364 t_ns=1538401833000 presented=1 clock=monotonic
K230_CARD_BENCH v=1 run=1524353495544 event=present frame_id=1363 t_ns=1538382674000 presented=1 clock=monotonic
K230_CARD_BENCH v=1 run=1524353495544 event=present frame_id=1362 t_ns=1538344357000 presented=1 clock=monotonic
K230_CARD_BENCH v=1 run=1524353495544 event=present frame_id=1361 t_ns=1538325198000 presented=1 clock=monotonic
K230_CARD_BENCH v=1 run=1524353495544 event=present frame_id=1360 t_ns=1538286879000 presented=1 clock=monotonic
K230_CARD_BENCH v=1 run=1524353495544 event=present frame_id=1359 t_ns=1538267721000 presented=1 clock=monotonic
K230_CARD_BENCH v=1 run=1524353495544 event=present frame_id=1358 t_ns=1538229403000 presented=1 clock=monotonic
K230_CARD_BENCH v=1 run=1524353495544 event=present frame_id=1357 t_ns=1538210247000 presented=1 clock=monotonic
K230_CARD_SHELL frame-cost run=1524353495544 frame_id=1357 total_cpu_ns=18910399 render_cpu_ns=14284254 input_cpu_ns=4069332
K230_CARD_BENCH v=1 run=1524353495544 event=submit input_id=284 frame_id=1357 t_ns=1538197012092 update_cpu_ns=18910399 final=1
K230_CARD_BENCH v=1 run=1524353495544 event=submit input_id=283 frame_id=1357 t_ns=1538197012092 update_cpu_ns=18910399 final=0
K230_CARD_BENCH v=1 run=1524353495544 event=submit input_id=282 frame_id=1357 t_ns=1538197012092 update_cpu_ns=18910399 final=0
K230_CARD_BENCH v=1 run=1524353495544 event=submit input_id=281 frame_id=1357 t_ns=1538197012092 update_cpu_ns=18910399 final=0
K230_CARD_BENCH v=1 run=1524353495544 event=present frame_id=1356 t_ns=1538171929000 presented=1 clock=monotonic
K230_CARD_BENCH v=1 run=1524353495544 event=input input_id=284 gesture_id=41 kind=release t_ns=1538178040806 source=injected
K230_CARD_SHELL state mode=1 actions=1 message=0 cards=2
K230_CARD_BENCH v=1 run=1524353495544 event=input input_id=283 gesture_id=41 kind=motion t_ns=1538176598947 source=injected
K230_CARD_SHELL state mode=2 actions=1 message=0 cards=2
K230_CARD_BENCH v=1 run=1524353495544 event=input input_id=282 gesture_id=41 kind=motion t_ns=1538174845349 source=injected
K230_CARD_SHELL state mode=2 actions=1 message=0 cards=2
K230_CARD_BENCH v=1 run=1524353495544 event=input input_id=281 gesture_id=41 kind=motion t_ns=1538174164581 source=injected
K230_CARD_SHELL state mode=2 actions=1 message=0 cards=2
K230_CARD_SHELL frame-cost run=1524353495544 frame_id=1356 total_cpu_ns=21681457 render_cpu_ns=19962125 input_cpu_ns=1486074
K230_CARD_BENCH v=1 run=1524353495544 event=submit input_id=280 frame_id=1356 t_ns=1538169654916 update_cpu_ns=21681457 final=0
K230_CARD_BENCH v=1 run=1524353495544 event=submit input_id=279 frame_id=1356 t_ns=1538169654916 update_cpu_ns=21681457 final=0
K230_CARD_BENCH v=1 run=1524353495544 event=submit input_id=278 frame_id=1356 t_ns=1538169654916 update_cpu_ns=21681457 final=0
K230_CARD_BENCH v=1 run=1524353495544 event=present frame_id=1355 t_ns=1538133609000 presented=1 clock=monotonic
K230_CARD_BENCH v=1 run=1524353495544 event=input input_id=280 gesture_id=41 kind=motion t_ns=1538136794828 source=injected
K230_CARD_SHELL state mode=2 actions=1 message=0 cards=2
K230_CARD_BENCH v=1 run=1524353495544 event=input input_id=279 gesture_id=41 kind=motion t_ns=1538136217085 source=injected
K230_CARD_SHELL state mode=2 actions=1 message=0 cards=2
K230_CARD_BENCH v=1 run=1524353495544 event=input input_id=278 gesture_id=41 kind=motion t_ns=1538133943477 source=injected
K230_CARD_SHELL state mode=2 actions=1 message=0 cards=2
K230_CARD_SHELL frame-cost run=1524353495544 frame_id=1355 total_cpu_ns=22021239 render_cpu_ns=19831568 input_cpu_ns=1836592
K230_CARD_BENCH v=1 run=1524353495544 event=submit input_id=277 frame_id=1355 t_ns=1538128441267 update_cpu_ns=22021239 final=0
K230_CARD_BENCH v=1 run=1524353495544 event=submit input_id=276 frame_id=1355 t_ns=1538128441267 update_cpu_ns=22021239 final=0
K230_CARD_BENCH v=1 run=1524353495544 event=submit input_id=275 frame_id=1355 t_ns=1538128441267 update_cpu_ns=22021239 final=0
K230_CARD_BENCH v=1 run=1524353495544 event=submit input_id=274 frame_id=1355 t_ns=1538128441267 update_cpu_ns=22021239 final=0
K230_CARD_BENCH v=1 run=1524353495544 event=present frame_id=1354 t_ns=1538095293000 presented=1 clock=monotonic
K230_CARD_BENCH v=1 run=1524353495544 event=input input_id=277 gesture_id=41 kind=motion t_ns=1538097221310 source=injected
K230_CARD_SHELL state mode=2 actions=1 message=0 cards=2
K230_CARD_BENCH v=1 run=1524353495544 event=input input_id=276 gesture_id=41 kind=motion t_ns=1538094375476 source=injected
K230_CARD_SHELL state mode=2 actions=1 message=0 cards=2
K230_CARD_BENCH v=1 run=1524353495544 event=input input_id=275 gesture_id=41 kind=motion t_ns=1538093782809 source=injected
K230_CARD_SHELL state mode=2 actions=1 message=0 cards=2
K230_CARD_BENCH v=1 run=1524353495544 event=input input_id=274 gesture_id=41 kind=motion t_ns=1538092312657 source=injected
K230_CARD_SHELL state mode=2 actions=1 message=0 cards=2
K230_CARD_SHELL frame-cost run=1524353495544 frame_id=1354 total_cpu_ns=20661797 render_cpu_ns=18456722 input_cpu_ns=1916410
K230_CARD_BENCH v=1 run=1524353495544 event=submit input_id=273 frame_id=1354 t_ns=1538085299412 update_cpu_ns=20661797 final=0
K230_CARD_BENCH v=1 run=1524353495544 event=submit input_id=272 frame_id=1354 t_ns=1538085299412 update_cpu_ns=20661797 final=0
K230_CARD_BENCH v=1 run=1524353495544 event=submit input_id=271 frame_id=1354 t_ns=1538085299412 update_cpu_ns=20661797 final=0
K230_CARD_BENCH v=1 run=1524353495544 event=submit input_id=270 frame_id=1354 t_ns=1538085299412 update_cpu_ns=20661797 final=0
K230_CARD_BENCH v=1 run=1524353495544 event=present frame_id=1353 t_ns=1538056974000 presented=1 clock=monotonic
K230_CARD_BENCH v=1 run=1524353495544 event=input input_id=273 gesture_id=41 kind=motion t_ns=1538057175591 source=injected
K230_CARD_SHELL state mode=2 actions=1 message=0 cards=2
K230_CARD_BENCH v=1 run=1524353495544 event=input input_id=272 gesture_id=41 kind=motion t_ns=1538054670048 source=injected
K230_CARD_SHELL state mode=2 actions=1 message=0 cards=2
K230_CARD_BENCH v=1 run=1524353495544 event=input input_id=271 gesture_id=41 kind=motion t_ns=1538051066123 source=injected
K230_CARD_SHELL state mode=2 actions=1 message=0 cards=2
K230_CARD_BENCH v=1 run=1524353495544 event=input input_id=270 gesture_id=41 kind=motion t_ns=1538050508489 source=injected
K230_CARD_SHELL state mode=2 actions=1 message=0 cards=2
K230_CARD_SHELL frame-cost run=1524353495544 frame_id=1353 total_cpu_ns=18789486 render_cpu_ns=16989411 input_cpu_ns=1419888
K230_CARD_BENCH v=1 run=1524353495544 event=submit input_id=269 frame_id=1353 t_ns=1538046132622 update_cpu_ns=18789486 final=0
K230_CARD_BENCH v=1 run=1524353495544 event=submit input_id=268 frame_id=1353 t_ns=1538046132622 update_cpu_ns=18789486 final=0
K230_CARD_BENCH v=1 run=1524353495544 event=submit input_id=267 frame_id=1353 t_ns=1538046132622 update_cpu_ns=18789486 final=0
K230_CARD_BENCH v=1 run=1524353495544 event=submit input_id=266 frame_id=1353 t_ns=1538046132622 update_cpu_ns=18789486 final=0
K230_CARD_BENCH v=1 run=1524353495544 event=present frame_id=1352 t_ns=1538018656000 presented=1 clock=monotonic
K230_CARD_BENCH v=1 run=1524353495544 event=input input_id=269 gesture_id=41 kind=motion t_ns=1538020274039 source=injected
K230_CARD_SHELL state mode=2 actions=1 message=0 cards=2
K230_CARD_BENCH v=1 run=1524353495544 event=input input_id=268 gesture_id=41 kind=motion t_ns=1538019727366 source=injected
K230_CARD_SHELL state mode=2 actions=1 message=0 cards=2
K230_CARD_BENCH v=1 run=1524353495544 event=input input_id=267 gesture_id=41 kind=motion t_ns=1538015332612 source=injected
K230_CARD_SHELL state mode=2 actions=1 message=0 cards=2
K230_CARD_BENCH v=1 run=1524353495544 event=input input_id=266 gesture_id=41 kind=motion t_ns=1538014821972 source=injected
K230_CARD_SHELL state mode=2 actions=1 message=0 cards=2
K230_CARD_SHELL frame-cost run=1524353495544 frame_id=1352 total_cpu_ns=15592550 render_cpu_ns=14702517 input_cpu_ns=657367
K230_CARD_BENCH v=1 run=1524353495544 event=submit input_id=265 frame_id=1352 t_ns=1538008614664 update_cpu_ns=15592550 final=0
K230_CARD_BENCH v=1 run=1524353495544 event=submit input_id=264 frame_id=1352 t_ns=1538008614664 update_cpu_ns=15592550 final=0
K230_CARD_BENCH v=1 run=1524353495544 event=present frame_id=1351 t_ns=1537980341000 presented=1 clock=monotonic
K230_CARD_BENCH v=1 run=1524353495544 event=input input_id=265 gesture_id=41 kind=motion t_ns=1537982059353 source=injected
K230_CARD_SHELL state mode=2 actions=1 message=0 cards=2
K230_CARD_BENCH v=1 run=1524353495544 event=input input_id=264 gesture_id=41 kind=motion t_ns=1537980287868 source=injected
K230_CARD_SHELL state mode=2 actions=1 message=0 cards=2
K230_CARD_BENCH v=1 run=1524353495544 event=present frame_id=1350 t_ns=1537961179000 presented=1 clock=monotonic
K230_CARD_SHELL state mode=2 actions=1 message=0 cards=2
K230_CARD_BENCH v=1 run=1524353495544 event=present frame_id=1349 t_ns=1537922860000 presented=1 clock=monotonic
K230_CARD_BENCH v=1 run=1524353495544 event=present frame_id=1348 t_ns=1537903702000 presented=1 clock=monotonic
K230_CARD_BENCH v=1 run=1524353495544 event=present frame_id=1347 t_ns=1537865384000 presented=1 clock=monotonic
K230_CARD_BENCH v=1 run=1524353495544 event=present frame_id=1346 t_ns=1537846225000 presented=1 clock=monotonic
K230_CARD_BENCH v=1 run=1524353495544 event=present frame_id=1345 t_ns=1537807908000 presented=1 clock=monotonic
K230_CARD_SHELL live cards=2 commits=902 sampled=1761 frame-done=1767 output-presented=809
K230_CARD_BENCH v=1 run=1524353495544 event=present frame_id=1344 t_ns=1537788749000 presented=1 clock=monotonic
K230_CARD_BENCH v=1 run=1524353495544 event=present frame_id=1343 t_ns=1537750432000 presented=1 clock=monotonic
K230_CARD_BENCH v=1 run=1524353495544 event=present frame_id=1342 t_ns=1537731273000 presented=1 clock=monotonic
K230_CARD_BENCH v=1 run=1524353495544 event=present frame_id=1341 t_ns=1537692956000 presented=1 clock=monotonic
K230_CARD_SHELL frame-cost run=1524353495544 frame_id=1341 total_cpu_ns=18302742 render_cpu_ns=14446933 input_cpu_ns=3595810
K230_CARD_BENCH v=1 run=1524353495544 event=submit input_id=263 frame_id=1341 t_ns=1537689370544 update_cpu_ns=18302742 final=1
K230_CARD_BENCH v=1 run=1524353495544 event=submit input_id=262 frame_id=1341 t_ns=1537689370544 update_cpu_ns=18302742 final=0
K230_CARD_BENCH v=1 run=1524353495544 event=submit input_id=261 frame_id=1341 t_ns=1537689370544 update_cpu_ns=18302742 final=0
K230_CARD_BENCH v=1 run=1524353495544 event=present frame_id=1340 t_ns=1537673796000 presented=1 clock=monotonic
K230_CARD_BENCH v=1 run=1524353495544 event=input input_id=263 gesture_id=40 kind=release t_ns=1537669003511 source=injected
K230_CARD_SHELL state mode=1 actions=1 message=0 cards=2
K230_CARD_BENCH v=1 run=1524353495544 event=input input_id=262 gesture_id=40 kind=motion t_ns=1537667271688 source=injected
K230_CARD_SHELL state mode=2 actions=1 message=0 cards=2
K230_CARD_BENCH v=1 run=1524353495544 event=input input_id=261 gesture_id=40 kind=motion t_ns=1537666535001 source=injected
K230_CARD_SHELL state mode=2 actions=1 message=0 cards=2
K230_CARD_SHELL frame-cost run=1524353495544 frame_id=1340 total_cpu_ns=22075130 render_cpu_ns=19952984 input_cpu_ns=1820185
K230_CARD_BENCH v=1 run=1524353495544 event=submit input_id=260 frame_id=1340 t_ns=1537663195156 update_cpu_ns=22075130 final=0
K230_CARD_BENCH v=1 run=1524353495544 event=submit input_id=259 frame_id=1340 t_ns=1537663195156 update_cpu_ns=22075130 final=0
K230_CARD_BENCH v=1 run=1524353495544 event=submit input_id=258 frame_id=1340 t_ns=1537663195156 update_cpu_ns=22075130 final=0
K230_CARD_BENCH v=1 run=1524353495544 event=present frame_id=1339 t_ns=1537616321000 presented=1 clock=monotonic
K230_CARD_BENCH v=1 run=1524353495544 event=input input_id=260 gesture_id=40 kind=motion t_ns=1537624833240 source=injected
K230_CARD_SHELL state mode=2 actions=1 message=0 cards=2
K230_CARD_BENCH v=1 run=1524353495544 event=input input_id=259 gesture_id=40 kind=motion t_ns=1537622647844 source=injected
K230_CARD_SHELL state mode=2 actions=1 message=0 cards=2
K230_CARD_BENCH v=1 run=1524353495544 event=input input_id=258 gesture_id=40 kind=motion t_ns=1537617908171 source=injected
K230_CARD_SHELL state mode=2 actions=1 message=0 cards=2
K230_CARD_SHELL frame-cost run=1524353495544 frame_id=1339 total_cpu_ns=23725522 render_cpu_ns=20230446 input_cpu_ns=3180931
K230_CARD_BENCH v=1 run=1524353495544 event=submit input_id=257 frame_id=1339 t_ns=1537611283103 update_cpu_ns=23725522 final=0
K230_CARD_BENCH v=1 run=1524353495544 event=submit input_id=256 frame_id=1339 t_ns=1537611283103 update_cpu_ns=23725522 final=0
K230_CARD_BENCH v=1 run=1524353495544 event=submit input_id=255 frame_id=1339 t_ns=1537611283103 update_cpu_ns=23725522 final=0
K230_CARD_BENCH v=1 run=1524353495544 event=submit input_id=254 frame_id=1339 t_ns=1537611283103 update_cpu_ns=23725522 final=0
K230_CARD_BENCH v=1 run=1524353495544 event=submit input_id=253 frame_id=1339 t_ns=1537611283103 update_cpu_ns=23725522 final=0
K230_CARD_BENCH v=1 run=1524353495544 event=present frame_id=1338 t_ns=1537578005000 presented=1 clock=monotonic
K230_CARD_BENCH v=1 run=1524353495544 event=input input_id=257 gesture_id=40 kind=motion t_ns=1537585515813 source=injected
K230_CARD_SHELL state mode=2 actions=1 message=0 cards=2
K230_CARD_BENCH v=1 run=1524353495544 event=input input_id=256 gesture_id=40 kind=motion t_ns=1537581662179 source=injected
K230_CARD_SHELL state mode=2 actions=1 message=0 cards=2
K230_CARD_BENCH v=1 run=1524353495544 event=input input_id=255 gesture_id=40 kind=motion t_ns=1537579822629 source=injected
K230_CARD_SHELL state mode=2 actions=1 message=0 cards=2
K230_CARD_BENCH v=1 run=1524353495544 event=input input_id=254 gesture_id=40 kind=motion t_ns=1537579255403 source=injected
K230_CARD_SHELL state mode=2 actions=1 message=0 cards=2
K230_CARD_BENCH v=1 run=1524353495544 event=input input_id=253 gesture_id=40 kind=motion t_ns=1537578208088 source=injected
K230_CARD_SHELL state mode=2 actions=1 message=0 cards=2
K230_CARD_SHELL frame-cost run=1524353495544 frame_id=1338 total_cpu_ns=21459900 render_cpu_ns=18725379 input_cpu_ns=1825559
K230_CARD_BENCH v=1 run=1524353495544 event=submit input_id=252 frame_id=1338 t_ns=1537574700448 update_cpu_ns=21459900 final=0
K230_CARD_BENCH v=1 run=1524353495544 event=submit input_id=251 frame_id=1338 t_ns=1537574700448 update_cpu_ns=21459900 final=0
K230_CARD_BENCH v=1 run=1524353495544 event=submit input_id=250 frame_id=1338 t_ns=1537574700448 update_cpu_ns=21459900 final=0
K230_CARD_BENCH v=1 run=1524353495544 event=submit input_id=249 frame_id=1338 t_ns=1537574700448 update_cpu_ns=21459900 final=0
K230_CARD_BENCH v=1 run=1524353495544 event=present frame_id=1337 t_ns=1537539685000 presented=1 clock=monotonic
K230_CARD_BENCH v=1 run=1524353495544 event=input input_id=252 gesture_id=40 kind=motion t_ns=1537538292327 source=injected
K230_CARD_SHELL state mode=2 actions=1 message=0 cards=2
K230_CARD_BENCH v=1 run=1524353495544 event=input input_id=251 gesture_id=40 kind=motion t_ns=1537532864111 source=injected
K230_CARD_SHELL state mode=2 actions=1 message=0 cards=2
K230_CARD_BENCH v=1 run=1524353495544 event=input input_id=250 gesture_id=40 kind=motion t_ns=1537532259037 source=injected
K230_CARD_SHELL state mode=2 actions=1 message=0 cards=2
K230_CARD_BENCH v=1 run=1524353495544 event=input input_id=249 gesture_id=40 kind=motion t_ns=1537528706848 source=injected
K230_CARD_SHELL state mode=2 actions=1 message=0 cards=2
K230_CARD_BENCH v=1 run=1524353495544 event=resource phase=active t_ns=1537525983703 cpu_ns=29586181000 memory_bytes=27611136 scope=session
K230_CARD_BENCH v=1 run=1524353495544 event=resource phase=active t_ns=1537525983703 cpu_ns=18194363592 memory_bytes=34611200 scope=compositor
K230_CARD_SHELL frame-cost run=1524353495544 frame_id=1337 total_cpu_ns=19381174 render_cpu_ns=17109364 input_cpu_ns=1930441
K230_CARD_BENCH v=1 run=1524353495544 event=submit input_id=248 frame_id=1337 t_ns=1537520949438 update_cpu_ns=19381174 final=0
K230_CARD_BENCH v=1 run=1524353495544 event=submit input_id=247 frame_id=1337 t_ns=1537520949438 update_cpu_ns=19381174 final=0
K230_CARD_BENCH v=1 run=1524353495544 event=submit input_id=246 frame_id=1337 t_ns=1537520949438 update_cpu_ns=19381174 final=0
K230_CARD_BENCH v=1 run=1524353495544 event=submit input_id=245 frame_id=1337 t_ns=1537520949438 update_cpu_ns=19381174 final=0
K230_CARD_BENCH v=1 run=1524353495544 event=submit input_id=244 frame_id=1337 t_ns=1537520949438 update_cpu_ns=19381174 final=0
K230_CARD_BENCH v=1 run=1524353495544 event=present frame_id=1336 t_ns=1537501367000 presented=1 clock=monotonic
K230_CARD_BENCH v=1 run=1524353495544 event=input input_id=248 gesture_id=40 kind=motion t_ns=1537496126438 source=injected
K230_CARD_SHELL state mode=2 actions=1 message=0 cards=2
K230_CARD_BENCH v=1 run=1524353495544 event=input input_id=247 gesture_id=40 kind=motion t_ns=1537494505268 source=injected
K230_CARD_SHELL state mode=2 actions=1 message=0 cards=2
K230_CARD_BENCH v=1 run=1524353495544 event=input input_id=246 gesture_id=40 kind=motion t_ns=1537493993887 source=injected
K230_CARD_SHELL state mode=2 actions=1 message=0 cards=2
K230_CARD_BENCH v=1 run=1524353495544 event=input input_id=245 gesture_id=40 kind=motion t_ns=1537491240117 source=injected
K230_CARD_SHELL state mode=2 actions=1 message=0 cards=2
K230_CARD_BENCH v=1 run=1524353495544 event=input input_id=244 gesture_id=40 kind=motion t_ns=1537489324503 source=injected
K230_CARD_SHELL state mode=2 actions=1 message=0 cards=2
K230_CARD_BENCH v=1 run=1524353495544 event=present frame_id=1335 t_ns=1537463049000 presented=1 clock=monotonic
K230_CARD_SHELL frame-cost run=1524353495544 frame_id=1335 total_cpu_ns=14415840 render_cpu_ns=14049914 input_cpu_ns=224370
K230_CARD_BENCH v=1 run=1524353495544 event=submit input_id=243 frame_id=1335 t_ns=1537460078199 update_cpu_ns=14415840 final=0
K230_CARD_BENCH v=1 run=1524353495544 event=present frame_id=1334 t_ns=1537443892000 presented=1 clock=monotonic
K230_CARD_BENCH v=1 run=1524353495544 event=input input_id=243 gesture_id=40 kind=motion t_ns=1537442630952 source=injected
K230_CARD_SHELL state mode=2 actions=1 message=0 cards=2
K230_CARD_SHELL state mode=2 actions=1 message=0 cards=2
K230_CARD_BENCH v=1 run=1524353495544 event=present frame_id=1333 t_ns=1537405571000 presented=1 clock=monotonic
K230_CARD_BENCH v=1 run=1524353495544 event=present frame_id=1332 t_ns=1537386414000 presented=1 clock=monotonic
K230_CARD_BENCH v=1 run=1524353495544 event=present frame_id=1331 t_ns=1537348096000 presented=1 clock=monotonic
K230_CARD_BENCH v=1 run=1524353495544 event=present frame_id=1330 t_ns=1537328936000 presented=1 clock=monotonic
K230_CARD_BENCH v=1 run=1524353495544 event=present frame_id=1329 t_ns=1537290618000 presented=1 clock=monotonic
K230_CARD_BENCH v=1 run=1524353495544 event=present frame_id=1328 t_ns=1537271460000 presented=1 clock=monotonic
K230_CARD_BENCH v=1 run=1524353495544 event=present frame_id=1327 t_ns=1537233142000 presented=1 clock=monotonic
K230_CARD_BENCH v=1 run=1524353495544 event=present frame_id=1326 t_ns=1537213983000 presented=1 clock=monotonic
K230_CARD_BENCH v=1 run=1524353495544 event=present frame_id=1325 t_ns=1537175667000 presented=1 clock=monotonic
K230_CARD_SHELL frame-cost run=1524353495544 frame_id=1325 total_cpu_ns=18225829 render_cpu_ns=14418719 input_cpu_ns=3484852
K230_CARD_BENCH v=1 run=1524353495544 event=submit input_id=242 frame_id=1325 t_ns=1537172761668 update_cpu_ns=18225829 final=1
K230_CARD_BENCH v=1 run=1524353495544 event=submit input_id=241 frame_id=1325 t_ns=1537172761668 update_cpu_ns=18225829 final=0
K230_CARD_BENCH v=1 run=1524353495544 event=submit input_id=240 frame_id=1325 t_ns=1537172761668 update_cpu_ns=18225829 final=0
K230_CARD_BENCH v=1 run=1524353495544 event=present frame_id=1324 t_ns=1537156507000 presented=1 clock=monotonic
K230_CARD_BENCH v=1 run=1524353495544 event=input input_id=242 gesture_id=39 kind=release t_ns=1537145221190 source=injected
K230_CARD_SHELL state mode=1 actions=1 message=0 cards=2
K230_CARD_BENCH v=1 run=1524353495544 event=input input_id=241 gesture_id=39 kind=motion t_ns=1537143738670 source=injected
K230_CARD_SHELL state mode=2 actions=1 message=0 cards=2
K230_CARD_BENCH v=1 run=1524353495544 event=input input_id=240 gesture_id=39 kind=motion t_ns=1537142182085 source=injected
K230_CARD_SHELL state mode=2 actions=1 message=0 cards=2
K230_CARD_SHELL frame-cost run=1524353495544 frame_id=1324 total_cpu_ns=21586754 render_cpu_ns=19979274 input_cpu_ns=1352998
K230_CARD_BENCH v=1 run=1524353495544 event=submit input_id=239 frame_id=1324 t_ns=1537138625600 update_cpu_ns=21586754 final=0
K230_CARD_BENCH v=1 run=1524353495544 event=submit input_id=238 frame_id=1324 t_ns=1537138625600 update_cpu_ns=21586754 final=0
K230_CARD_BENCH v=1 run=1524353495544 event=submit input_id=237 frame_id=1324 t_ns=1537138625600 update_cpu_ns=21586754 final=0
K230_CARD_BENCH v=1 run=1524353495544 event=present frame_id=1323 t_ns=1537099031000 presented=1 clock=monotonic
K230_CARD_BENCH v=1 run=1524353495544 event=input input_id=239 gesture_id=39 kind=motion t_ns=1537097538280 source=injected
K230_CARD_SHELL state mode=2 actions=1 message=0 cards=2
K230_CARD_BENCH v=1 run=1524353495544 event=input input_id=238 gesture_id=39 kind=motion t_ns=1537096982534 source=injected
K230_CARD_SHELL state mode=2 actions=1 message=0 cards=2
K230_CARD_BENCH v=1 run=1524353495544 event=input input_id=237 gesture_id=39 kind=motion t_ns=1537096349798 source=injected
K230_CARD_SHELL state mode=2 actions=1 message=0 cards=2
K230_CARD_SHELL frame-cost run=1524353495544 frame_id=1323 total_cpu_ns=22655562 render_cpu_ns=19811041 input_cpu_ns=2495893
K230_CARD_BENCH v=1 run=1524353495544 event=submit input_id=236 frame_id=1323 t_ns=1537085975897 update_cpu_ns=22655562 final=0
K230_CARD_BENCH v=1 run=1524353495544 event=submit input_id=235 frame_id=1323 t_ns=1537085975897 update_cpu_ns=22655562 final=0
K230_CARD_BENCH v=1 run=1524353495544 event=submit input_id=234 frame_id=1323 t_ns=1537085975897 update_cpu_ns=22655562 final=0
K230_CARD_BENCH v=1 run=1524353495544 event=submit input_id=233 frame_id=1323 t_ns=1537085975897 update_cpu_ns=22655562 final=0
K230_CARD_BENCH v=1 run=1524353495544 event=submit input_id=232 frame_id=1323 t_ns=1537085975897 update_cpu_ns=22655562 final=0
K230_CARD_BENCH v=1 run=1524353495544 event=present frame_id=1322 t_ns=1537060715000 presented=1 clock=monotonic
K230_CARD_BENCH v=1 run=1524353495544 event=input input_id=236 gesture_id=39 kind=motion t_ns=1537062566500 source=injected
K230_CARD_SHELL state mode=2 actions=1 message=0 cards=2
K230_CARD_BENCH v=1 run=1524353495544 event=input input_id=235 gesture_id=39 kind=motion t_ns=1537059191214 source=injected
K230_CARD_SHELL state mode=2 actions=1 message=0 cards=2
K230_CARD_BENCH v=1 run=1524353495544 event=input input_id=234 gesture_id=39 kind=motion t_ns=1537057319631 source=injected
K230_CARD_SHELL state mode=2 actions=1 message=0 cards=2
K230_CARD_BENCH v=1 run=1524353495544 event=input input_id=233 gesture_id=39 kind=motion t_ns=1537056792067 source=injected
K230_CARD_SHELL state mode=2 actions=1 message=0 cards=2
K230_CARD_BENCH v=1 run=1524353495544 event=input input_id=232 gesture_id=39 kind=motion t_ns=1537056133704 source=injected
K230_CARD_SHELL state mode=2 actions=1 message=0 cards=2
K230_CARD_SHELL frame-cost run=1524353495544 frame_id=1322 total_cpu_ns=20006450 render_cpu_ns=18507928 input_cpu_ns=1268411
K230_CARD_BENCH v=1 run=1524353495544 event=submit input_id=231 frame_id=1322 t_ns=1537052779638 update_cpu_ns=20006450 final=0
K230_CARD_BENCH v=1 run=1524353495544 event=submit input_id=230 frame_id=1322 t_ns=1537052779638 update_cpu_ns=20006450 final=0
K230_CARD_BENCH v=1 run=1524353495544 event=submit input_id=229 frame_id=1322 t_ns=1537052779638 update_cpu_ns=20006450 final=0
K230_CARD_BENCH v=1 run=1524353495544 event=present frame_id=1321 t_ns=1537022396000 presented=1 clock=monotonic
K230_CARD_BENCH v=1 run=1524353495544 event=input input_id=231 gesture_id=39 kind=motion t_ns=1537012833807 source=injected
K230_CARD_SHELL state mode=2 actions=1 message=0 cards=2
K230_CARD_BENCH v=1 run=1524353495544 event=input input_id=230 gesture_id=39 kind=motion t_ns=1537012231104 source=injected
K230_CARD_SHELL state mode=2 actions=1 message=0 cards=2
K230_CARD_BENCH v=1 run=1524353495544 event=input input_id=229 gesture_id=39 kind=motion t_ns=1537009860694 source=injected
K230_CARD_SHELL state mode=2 actions=1 message=0 cards=2
K230_CARD_SHELL frame-cost run=1524353495544 frame_id=1321 total_cpu_ns=19817639 render_cpu_ns=17128525 input_cpu_ns=2403929
K230_CARD_BENCH v=1 run=1524353495544 event=submit input_id=228 frame_id=1321 t_ns=1537003760264 update_cpu_ns=19817639 final=0
K230_CARD_BENCH v=1 run=1524353495544 event=submit input_id=227 frame_id=1321 t_ns=1537003760264 update_cpu_ns=19817639 final=0
K230_CARD_BENCH v=1 run=1524353495544 event=submit input_id=226 frame_id=1321 t_ns=1537003760264 update_cpu_ns=19817639 final=0
K230_CARD_BENCH v=1 run=1524353495544 event=submit input_id=225 frame_id=1321 t_ns=1537003760264 update_cpu_ns=19817639 final=0
K230_CARD_BENCH v=1 run=1524353495544 event=submit input_id=224 frame_id=1321 t_ns=1537003760264 update_cpu_ns=19817639 final=0
K230_CARD_BENCH v=1 run=1524353495544 event=submit input_id=223 frame_id=1321 t_ns=1537003760264 update_cpu_ns=19817639 final=0
K230_CARD_BENCH v=1 run=1524353495544 event=present frame_id=1320 t_ns=1536984084000 presented=1 clock=monotonic
K230_CARD_BENCH v=1 run=1524353495544 event=input input_id=228 gesture_id=39 kind=motion t_ns=1536981090183 source=injected
K230_CARD_SHELL state mode=2 actions=1 message=0 cards=2
K230_CARD_BENCH v=1 run=1524353495544 event=input input_id=227 gesture_id=39 kind=motion t_ns=1536977334277 source=injected
K230_CARD_SHELL state mode=2 actions=1 message=0 cards=2
K230_CARD_BENCH v=1 run=1524353495544 event=input input_id=226 gesture_id=39 kind=motion t_ns=1536975503726 source=injected
K230_CARD_SHELL state mode=2 actions=1 message=0 cards=2
K230_CARD_BENCH v=1 run=1524353495544 event=input input_id=225 gesture_id=39 kind=motion t_ns=1536975060189 source=injected
K230_CARD_SHELL state mode=2 actions=1 message=0 cards=2
K230_CARD_BENCH v=1 run=1524353495544 event=input input_id=224 gesture_id=39 kind=motion t_ns=1536974523292 source=injected
K230_CARD_SHELL state mode=2 actions=1 message=0 cards=2
K230_CARD_BENCH v=1 run=1524353495544 event=input input_id=223 gesture_id=39 kind=motion t_ns=1536972676003 source=injected
K230_CARD_SHELL state mode=2 actions=1 message=0 cards=2
K230_CARD_BENCH v=1 run=1524353495544 event=present frame_id=1319 t_ns=1536945760000 presented=1 clock=monotonic
K230_CARD_SHELL frame-cost run=1524353495544 frame_id=1319 total_cpu_ns=14518365 render_cpu_ns=14007032 input_cpu_ns=366740
K230_CARD_BENCH v=1 run=1524353495544 event=submit input_id=222 frame_id=1319 t_ns=1536942995678 update_cpu_ns=14518365 final=0
K230_CARD_BENCH v=1 run=1524353495544 event=present frame_id=1318 t_ns=1536926601000 presented=1 clock=monotonic
K230_CARD_BENCH v=1 run=1524353495544 event=input input_id=222 gesture_id=39 kind=motion t_ns=1536921120646 source=injected
K230_CARD_SHELL state mode=2 actions=1 message=0 cards=2
K230_CARD_SHELL state mode=2 actions=1 message=0 cards=2
K230_CARD_BENCH v=1 run=1524353495544 event=present frame_id=1317 t_ns=1536888284000 presented=1 clock=monotonic
K230_CARD_BENCH v=1 run=1524353495544 event=present frame_id=1316 t_ns=1536869124000 presented=1 clock=monotonic
K230_CARD_BENCH v=1 run=1524353495544 event=present frame_id=1315 t_ns=1536830806000 presented=1 clock=monotonic
K230_CARD_BENCH v=1 run=1524353495544 event=present frame_id=1314 t_ns=1536811648000 presented=1 clock=monotonic
K230_CARD_BENCH v=1 run=1524353495544 event=present frame_id=1313 t_ns=1536773329000 presented=1 clock=monotonic
K230_CARD_BENCH v=1 run=1524353495544 event=present frame_id=1312 t_ns=1536754172000 presented=1 clock=monotonic
K230_CARD_BENCH v=1 run=1524353495544 event=present frame_id=1311 t_ns=1536715852000 presented=1 clock=monotonic
K230_CARD_BENCH v=1 run=1524353495544 event=present frame_id=1310 t_ns=1536696694000 presented=1 clock=monotonic
K230_CARD_BENCH v=1 run=1524353495544 event=present frame_id=1309 t_ns=1536658376000 presented=1 clock=monotonic
K230_CARD_BENCH v=1 run=1524353495544 event=present frame_id=1308 t_ns=1536639218000 presented=1 clock=monotonic
K230_CARD_SHELL frame-cost run=1524353495544 frame_id=1308 total_cpu_ns=20280472 render_cpu_ns=14412177 input_cpu_ns=5446146
K230_CARD_BENCH v=1 run=1524353495544 event=submit input_id=221 frame_id=1308 t_ns=1536620073052 update_cpu_ns=20280472 final=1
K230_CARD_BENCH v=1 run=1524353495544 event=submit input_id=220 frame_id=1308 t_ns=1536620073052 update_cpu_ns=20280472 final=0
K230_CARD_BENCH v=1 run=1524353495544 event=submit input_id=219 frame_id=1308 t_ns=1536620073052 update_cpu_ns=20280472 final=0
K230_CARD_BENCH v=1 run=1524353495544 event=submit input_id=218 frame_id=1308 t_ns=1536620073052 update_cpu_ns=20280472 final=0
K230_CARD_BENCH v=1 run=1524353495544 event=submit input_id=217 frame_id=1308 t_ns=1536620073052 update_cpu_ns=20280472 final=0
K230_CARD_BENCH v=1 run=1524353495544 event=submit input_id=216 frame_id=1308 t_ns=1536620073052 update_cpu_ns=20280472 final=0
K230_CARD_BENCH v=1 run=1524353495544 event=present frame_id=1307 t_ns=1536600912000 presented=1 clock=monotonic
K230_CARD_BENCH v=1 run=1524353495544 event=input input_id=221 gesture_id=38 kind=release t_ns=1536599098582 source=injected
K230_CARD_SHELL state mode=1 actions=1 message=0 cards=2
K230_CARD_BENCH v=1 run=1524353495544 event=input input_id=220 gesture_id=38 kind=motion t_ns=1536597374648 source=injected
K230_CARD_SHELL state mode=2 actions=1 message=0 cards=2
K230_CARD_BENCH v=1 run=1524353495544 event=input input_id=219 gesture_id=38 kind=motion t_ns=1536596620593 source=injected
K230_CARD_SHELL state mode=2 actions=1 message=0 cards=2
K230_CARD_BENCH v=1 run=1524353495544 event=input input_id=218 gesture_id=38 kind=motion t_ns=1536594459935 source=injected
K230_CARD_SHELL state mode=2 actions=1 message=0 cards=2
K230_CARD_BENCH v=1 run=1524353495544 event=input input_id=217 gesture_id=38 kind=motion t_ns=1536592977008 source=injected
K230_CARD_SHELL state mode=2 actions=1 message=0 cards=2
K230_CARD_BENCH v=1 run=1524353495544 event=input input_id=216 gesture_id=38 kind=motion t_ns=1536591074504 source=injected
K230_CARD_SHELL state mode=2 actions=1 message=0 cards=2
K230_CARD_SHELL frame-cost run=1524353495544 frame_id=1307 total_cpu_ns=22640416 render_cpu_ns=19966042 input_cpu_ns=2267039
K230_CARD_BENCH v=1 run=1524353495544 event=submit input_id=215 frame_id=1307 t_ns=1536587319044 update_cpu_ns=22640416 final=0
K230_CARD_BENCH v=1 run=1524353495544 event=submit input_id=214 frame_id=1307 t_ns=1536587319044 update_cpu_ns=22640416 final=0
K230_CARD_BENCH v=1 run=1524353495544 event=submit input_id=213 frame_id=1307 t_ns=1536587319044 update_cpu_ns=22640416 final=0
K230_CARD_BENCH v=1 run=1524353495544 event=submit input_id=212 frame_id=1307 t_ns=1536587319044 update_cpu_ns=22640416 final=0
K230_CARD_BENCH v=1 run=1524353495544 event=present frame_id=1306 t_ns=1536543425000 presented=1 clock=monotonic
K230_CARD_BENCH v=1 run=1524353495544 event=input input_id=215 gesture_id=38 kind=motion t_ns=1536544604161 source=injected
K230_CARD_SHELL state mode=2 actions=1 message=0 cards=2
K230_CARD_BENCH v=1 run=1524353495544 event=input input_id=214 gesture_id=38 kind=motion t_ns=1536543257625 source=injected
K230_CARD_SHELL state mode=2 actions=1 message=0 cards=2
K230_CARD_BENCH v=1 run=1524353495544 event=input input_id=213 gesture_id=38 kind=motion t_ns=1536540303436 source=injected
K230_CARD_SHELL state mode=2 actions=1 message=0 cards=2
K230_CARD_BENCH v=1 run=1524353495544 event=input input_id=212 gesture_id=38 kind=motion t_ns=1536533849718 source=injected
K230_CARD_SHELL state mode=2 actions=1 message=0 cards=2
K230_CARD_SHELL frame-cost run=1524353495544 frame_id=1306 total_cpu_ns=22648226 render_cpu_ns=19133303 input_cpu_ns=2094369
K230_CARD_BENCH v=1 run=1524353495544 event=submit input_id=211 frame_id=1306 t_ns=1536530711293 update_cpu_ns=22648226 final=0
K230_CARD_BENCH v=1 run=1524353495544 event=submit input_id=210 frame_id=1306 t_ns=1536530711293 update_cpu_ns=22648226 final=0
K230_CARD_BENCH v=1 run=1524353495544 event=submit input_id=209 frame_id=1306 t_ns=1536530711293 update_cpu_ns=22648226 final=0
K230_CARD_BENCH v=1 run=1524353495544 event=submit input_id=208 frame_id=1306 t_ns=1536530711293 update_cpu_ns=22648226 final=0
K230_CARD_BENCH v=1 run=1524353495544 event=present frame_id=1305 t_ns=1536505108000 presented=1 clock=monotonic
K230_CARD_BENCH v=1 run=1524353495544 event=input input_id=211 gesture_id=38 kind=motion t_ns=1536507036565 source=injected
K230_CARD_SHELL state mode=2 actions=1 message=0 cards=2
K230_CARD_BENCH v=1 run=1524353495544 event=input input_id=210 gesture_id=38 kind=motion t_ns=1536505336332 source=injected
K230_CARD_SHELL state mode=2 actions=1 message=0 cards=2
K230_CARD_BENCH v=1 run=1524353495544 event=input input_id=209 gesture_id=38 kind=motion t_ns=1536504550948 source=injected
K230_CARD_SHELL state mode=2 actions=1 message=0 cards=2
K230_CARD_BENCH v=1 run=1524353495544 event=input input_id=208 gesture_id=38 kind=motion t_ns=1536502066442 source=injected
K230_CARD_SHELL state mode=2 actions=1 message=0 cards=2
K230_CARD_BENCH v=1 run=1524353495544 event=resource phase=active t_ns=1536500830039 cpu_ns=28845724000 memory_bytes=27615232 scope=session
K230_CARD_BENCH v=1 run=1524353495544 event=resource phase=active t_ns=1536500830039 cpu_ns=17643963286 memory_bytes=34611200 scope=compositor
K230_CARD_SHELL frame-cost run=1524353495544 frame_id=1305 total_cpu_ns=18526637 render_cpu_ns=17052748 input_cpu_ns=1189814
K230_CARD_BENCH v=1 run=1524353495544 event=submit input_id=207 frame_id=1305 t_ns=1536496504058 update_cpu_ns=18526637 final=0
K230_CARD_BENCH v=1 run=1524353495544 event=submit input_id=206 frame_id=1305 t_ns=1536496504058 update_cpu_ns=18526637 final=0
K230_CARD_BENCH v=1 run=1524353495544 event=submit input_id=205 frame_id=1305 t_ns=1536496504058 update_cpu_ns=18526637 final=0
K230_CARD_BENCH v=1 run=1524353495544 event=present frame_id=1304 t_ns=1536466788000 presented=1 clock=monotonic
K230_CARD_BENCH v=1 run=1524353495544 event=input input_id=207 gesture_id=38 kind=motion t_ns=1536471357291 source=injected
K230_CARD_SHELL state mode=2 actions=1 message=0 cards=2
K230_CARD_BENCH v=1 run=1524353495544 event=input input_id=206 gesture_id=38 kind=motion t_ns=1536470863907 source=injected
K230_CARD_SHELL state mode=2 actions=1 message=0 cards=2
K230_CARD_BENCH v=1 run=1524353495544 event=input input_id=205 gesture_id=38 kind=motion t_ns=1536468336629 source=injected
K230_CARD_SHELL state mode=2 actions=1 message=0 cards=2
K230_CARD_SHELL frame-cost run=1524353495544 frame_id=1304 total_cpu_ns=17405706 render_cpu_ns=16041889 input_cpu_ns=1071075
K230_CARD_BENCH v=1 run=1524353495544 event=submit input_id=204 frame_id=1304 t_ns=1536459926228 update_cpu_ns=17405706 final=0
K230_CARD_BENCH v=1 run=1524353495544 event=submit input_id=203 frame_id=1304 t_ns=1536459926228 update_cpu_ns=17405706 final=0
K230_CARD_BENCH v=1 run=1524353495544 event=submit input_id=202 frame_id=1304 t_ns=1536459926228 update_cpu_ns=17405706 final=0
K230_CARD_BENCH v=1 run=1524353495544 event=present frame_id=1303 t_ns=1536428470000 presented=1 clock=monotonic
K230_CARD_BENCH v=1 run=1524353495544 event=input input_id=204 gesture_id=38 kind=motion t_ns=1536431844825 source=injected
K230_CARD_SHELL state mode=2 actions=1 message=0 cards=2
K230_CARD_BENCH v=1 run=1524353495544 event=input input_id=203 gesture_id=38 kind=motion t_ns=1536429136235 source=injected
K230_CARD_SHELL state mode=2 actions=1 message=0 cards=2
K230_CARD_BENCH v=1 run=1524353495544 event=input input_id=202 gesture_id=38 kind=motion t_ns=1536428671700 source=injected
K230_CARD_SHELL state mode=2 actions=1 message=0 cards=2
K230_CARD_SHELL frame-cost run=1524353495544 frame_id=1303 total_cpu_ns=14571329 render_cpu_ns=13999217 input_cpu_ns=368407
K230_CARD_BENCH v=1 run=1524353495544 event=submit input_id=201 frame_id=1303 t_ns=1536425530275 update_cpu_ns=14571329 final=0
K230_CARD_BENCH v=1 run=1524353495544 event=present frame_id=1302 t_ns=1536409312000 presented=1 clock=monotonic
K230_CARD_BENCH v=1 run=1524353495544 event=input input_id=201 gesture_id=38 kind=motion t_ns=1536403317922 source=injected
K230_CARD_SHELL state mode=2 actions=1 message=0 cards=2
K230_CARD_SHELL state mode=2 actions=1 message=0 cards=2
K230_CARD_BENCH v=1 run=1524353495544 event=present frame_id=1301 t_ns=1536370994000 presented=1 clock=monotonic
K230_CARD_BENCH v=1 run=1524353495544 event=present frame_id=1300 t_ns=1536332676000 presented=1 clock=monotonic
K230_CARD_BENCH v=1 run=1524353495544 event=present frame_id=1299 t_ns=1536313517000 presented=1 clock=monotonic
K230_CARD_BENCH v=1 run=1524353495544 event=present frame_id=1298 t_ns=1536275199000 presented=1 clock=monotonic
K230_CARD_BENCH v=1 run=1524353495544 event=present frame_id=1297 t_ns=1536256045000 presented=1 clock=monotonic
K230_CARD_BENCH v=1 run=1524353495544 event=present frame_id=1296 t_ns=1536217722000 presented=1 clock=monotonic
K230_CARD_BENCH v=1 run=1524353495544 event=present frame_id=1295 t_ns=1536198564000 presented=1 clock=monotonic
K230_CARD_BENCH v=1 run=1524353495544 event=present frame_id=1294 t_ns=1536160248000 presented=1 clock=monotonic
K230_CARD_BENCH v=1 run=1524353495544 event=present frame_id=1293 t_ns=1536141088000 presented=1 clock=monotonic
K230_CARD_BENCH v=1 run=1524353495544 event=present frame_id=1292 t_ns=1536121931000 presented=1 clock=monotonic
K230_CARD_SHELL frame-cost run=1524353495544 frame_id=1292 total_cpu_ns=18626337 render_cpu_ns=14269377 input_cpu_ns=3992219
K230_CARD_BENCH v=1 run=1524353495544 event=submit input_id=200 frame_id=1292 t_ns=1536118466911 update_cpu_ns=18626337 final=1
K230_CARD_BENCH v=1 run=1524353495544 event=submit input_id=199 frame_id=1292 t_ns=1536118466911 update_cpu_ns=18626337 final=0
K230_CARD_BENCH v=1 run=1524353495544 event=submit input_id=198 frame_id=1292 t_ns=1536118466911 update_cpu_ns=18626337 final=0
K230_CARD_BENCH v=1 run=1524353495544 event=submit input_id=197 frame_id=1292 t_ns=1536118466911 update_cpu_ns=18626337 final=0
K230_CARD_BENCH v=1 run=1524353495544 event=present frame_id=1291 t_ns=1536083611000 presented=1 clock=monotonic
K230_CARD_BENCH v=1 run=1524353495544 event=input input_id=200 gesture_id=37 kind=release t_ns=1536084823864 source=injected
K230_CARD_SHELL state mode=1 actions=1 message=0 cards=2
K230_CARD_BENCH v=1 run=1524353495544 event=input input_id=199 gesture_id=37 kind=motion t_ns=1536084162317 source=injected
K230_CARD_SHELL state mode=2 actions=1 message=0 cards=2
K230_CARD_BENCH v=1 run=1524353495544 event=input input_id=198 gesture_id=37 kind=motion t_ns=1536080309795 source=injected
K230_CARD_SHELL state mode=2 actions=1 message=0 cards=2
K230_CARD_BENCH v=1 run=1524353495544 event=input input_id=197 gesture_id=37 kind=motion t_ns=1536076401095 source=injected
K230_CARD_SHELL state mode=2 actions=1 message=0 cards=2
K230_CARD_SHELL frame-cost run=1524353495544 frame_id=1291 total_cpu_ns=22565759 render_cpu_ns=20452532 input_cpu_ns=1832189
K230_CARD_BENCH v=1 run=1524353495544 event=submit input_id=196 frame_id=1291 t_ns=1536070891520 update_cpu_ns=22565759 final=0
K230_CARD_BENCH v=1 run=1524353495544 event=submit input_id=195 frame_id=1291 t_ns=1536070891520 update_cpu_ns=22565759 final=0
K230_CARD_BENCH v=1 run=1524353495544 event=submit input_id=194 frame_id=1291 t_ns=1536070891520 update_cpu_ns=22565759 final=0
K230_CARD_BENCH v=1 run=1524353495544 event=submit input_id=193 frame_id=1291 t_ns=1536070891520 update_cpu_ns=22565759 final=0
K230_CARD_BENCH v=1 run=1524353495544 event=present frame_id=1290 t_ns=1536045295000 presented=1 clock=monotonic
K230_CARD_BENCH v=1 run=1524353495544 event=input input_id=196 gesture_id=37 kind=motion t_ns=1536044310856 source=injected
K230_CARD_SHELL state mode=2 actions=1 message=0 cards=2
K230_CARD_BENCH v=1 run=1524353495544 event=input input_id=195 gesture_id=37 kind=motion t_ns=1536043690304 source=injected
K230_CARD_SHELL state mode=2 actions=1 message=0 cards=2
K230_CARD_BENCH v=1 run=1524353495544 event=input input_id=194 gesture_id=37 kind=motion t_ns=1536043071195 source=injected
K230_CARD_SHELL state mode=2 actions=1 message=0 cards=2
K230_CARD_BENCH v=1 run=1524353495544 event=input input_id=193 gesture_id=37 kind=motion t_ns=1536040889244 source=injected
K230_CARD_SHELL state mode=2 actions=1 message=0 cards=2
K230_CARD_SHELL frame-cost run=1524353495544 frame_id=1290 total_cpu_ns=21722997 render_cpu_ns=19733441 input_cpu_ns=1733037
K230_CARD_BENCH v=1 run=1524353495544 event=submit input_id=192 frame_id=1290 t_ns=1536039558594 update_cpu_ns=21722997 final=0
K230_CARD_BENCH v=1 run=1524353495544 event=submit input_id=191 frame_id=1290 t_ns=1536039558594 update_cpu_ns=21722997 final=0
K230_CARD_BENCH v=1 run=1524353495544 event=submit input_id=190 frame_id=1290 t_ns=1536039558594 update_cpu_ns=21722997 final=0
K230_CARD_BENCH v=1 run=1524353495544 event=submit input_id=189 frame_id=1290 t_ns=1536039558594 update_cpu_ns=21722997 final=0
K230_CARD_BENCH v=1 run=1524353495544 event=present frame_id=1289 t_ns=1536006976000 presented=1 clock=monotonic
K230_CARD_BENCH v=1 run=1524353495544 event=input input_id=192 gesture_id=37 kind=motion t_ns=1536005998242 source=injected
K230_CARD_SHELL state mode=2 actions=1 message=0 cards=2
K230_CARD_BENCH v=1 run=1524353495544 event=input input_id=191 gesture_id=37 kind=motion t_ns=1535999941364 source=injected
K230_CARD_SHELL state mode=2 actions=1 message=0 cards=2
K230_CARD_BENCH v=1 run=1524353495544 event=input input_id=190 gesture_id=37 kind=motion t_ns=1535996887484 source=injected
K230_CARD_SHELL state mode=2 actions=1 message=0 cards=2
K230_CARD_BENCH v=1 run=1524353495544 event=input input_id=189 gesture_id=37 kind=motion t_ns=1535996312370 source=injected
K230_CARD_SHELL state mode=2 actions=1 message=0 cards=2
K230_CARD_SHELL frame-cost run=1524353495544 frame_id=1289 total_cpu_ns=21519278 render_cpu_ns=17967689 input_cpu_ns=3187296
K230_CARD_BENCH v=1 run=1524353495544 event=submit input_id=188 frame_id=1289 t_ns=1535988994464 update_cpu_ns=21519278 final=0
K230_CARD_BENCH v=1 run=1524353495544 event=submit input_id=187 frame_id=1289 t_ns=1535988994464 update_cpu_ns=21519278 final=0
K230_CARD_BENCH v=1 run=1524353495544 event=submit input_id=186 frame_id=1289 t_ns=1535988994464 update_cpu_ns=21519278 final=0
K230_CARD_BENCH v=1 run=1524353495544 event=submit input_id=185 frame_id=1289 t_ns=1535988994464 update_cpu_ns=21519278 final=0
K230_CARD_BENCH v=1 run=1524353495544 event=submit input_id=184 frame_id=1289 t_ns=1535988994464 update_cpu_ns=21519278 final=0
K230_CARD_BENCH v=1 run=1524353495544 event=submit input_id=183 frame_id=1289 t_ns=1535988994464 update_cpu_ns=21519278 final=0
K230_CARD_BENCH v=1 run=1524353495544 event=submit input_id=182 frame_id=1289 t_ns=1535988994464 update_cpu_ns=21519278 final=0
K230_CARD_BENCH v=1 run=1524353495544 event=present frame_id=1288 t_ns=1535968658000 presented=1 clock=monotonic
K230_CARD_BENCH v=1 run=1524353495544 event=input input_id=188 gesture_id=37 kind=motion t_ns=1535961127478 source=injected
K230_CARD_SHELL state mode=2 actions=1 message=0 cards=2
K230_CARD_BENCH v=1 run=1524353495544 event=input input_id=187 gesture_id=37 kind=motion t_ns=1535958178770 source=injected
K230_CARD_SHELL state mode=2 actions=1 message=0 cards=2
K230_CARD_BENCH v=1 run=1524353495544 event=input input_id=186 gesture_id=37 kind=motion t_ns=1535956526198 source=injected
K230_CARD_SHELL state mode=2 actions=1 message=0 cards=2
K230_CARD_BENCH v=1 run=1524353495544 event=input input_id=185 gesture_id=37 kind=motion t_ns=1535956037925 source=injected
K230_CARD_SHELL state mode=2 actions=1 message=0 cards=2
K230_CARD_BENCH v=1 run=1524353495544 event=input input_id=184 gesture_id=37 kind=motion t_ns=1535954690648 source=injected
K230_CARD_SHELL state mode=2 actions=1 message=0 cards=2
K230_CARD_BENCH v=1 run=1524353495544 event=input input_id=183 gesture_id=37 kind=motion t_ns=1535952837804 source=injected
K230_CARD_SHELL state mode=2 actions=1 message=0 cards=2
K230_CARD_BENCH v=1 run=1524353495544 event=input input_id=182 gesture_id=37 kind=motion t_ns=1535950606970 source=injected
K230_CARD_SHELL state mode=2 actions=1 message=0 cards=2
K230_CARD_BENCH v=1 run=1524353495544 event=present frame_id=1287 t_ns=1535911183000 presented=1 clock=monotonic
K230_CARD_SHELL frame-cost run=1524353495544 frame_id=1287 total_cpu_ns=15855733 render_cpu_ns=14643142 input_cpu_ns=792073
K230_CARD_BENCH v=1 run=1524353495544 event=submit input_id=181 frame_id=1287 t_ns=1535909129192 update_cpu_ns=15855733 final=0
K230_CARD_BENCH v=1 run=1524353495544 event=submit input_id=180 frame_id=1287 t_ns=1535909129192 update_cpu_ns=15855733 final=0
K230_CARD_BENCH v=1 run=1524353495544 event=present frame_id=1286 t_ns=1535892042000 presented=1 clock=monotonic
K230_CARD_BENCH v=1 run=1524353495544 event=input input_id=181 gesture_id=37 kind=motion t_ns=1535890159103 source=injected
K230_CARD_SHELL state mode=2 actions=1 message=0 cards=2
K230_CARD_BENCH v=1 run=1524353495544 event=input input_id=180 gesture_id=37 kind=motion t_ns=1535880229780 source=injected
K230_CARD_SHELL state mode=2 actions=1 message=0 cards=2
K230_CARD_SHELL state mode=2 actions=1 message=0 cards=2
K230_CARD_SHELL live cards=2 commits=828 sampled=1618 frame-done=1624 output-presented=750
K230_CARD_BENCH v=1 run=1524353495544 event=present frame_id=1285 t_ns=1535853705000 presented=1 clock=monotonic
K230_CARD_BENCH v=1 run=1524353495544 event=present frame_id=1284 t_ns=1535815387000 presented=1 clock=monotonic
K230_CARD_BENCH v=1 run=1524353495544 event=present frame_id=1283 t_ns=1535796228000 presented=1 clock=monotonic
K230_CARD_BENCH v=1 run=1524353495544 event=present frame_id=1282 t_ns=1535757909000 presented=1 clock=monotonic
K230_CARD_BENCH v=1 run=1524353495544 event=present frame_id=1281 t_ns=1535738752000 presented=1 clock=monotonic
K230_CARD_BENCH v=1 run=1524353495544 event=present frame_id=1280 t_ns=1535700435000 presented=1 clock=monotonic
K230_CARD_BENCH v=1 run=1524353495544 event=present frame_id=1279 t_ns=1535681275000 presented=1 clock=monotonic
K230_CARD_BENCH v=1 run=1524353495544 event=present frame_id=1278 t_ns=1535642957000 presented=1 clock=monotonic
K230_CARD_BENCH v=1 run=1524353495544 event=present frame_id=1277 t_ns=1535623799000 presented=1 clock=monotonic
K230_CARD_BENCH v=1 run=1524353495544 event=present frame_id=1276 t_ns=1535585480000 presented=1 clock=monotonic
K230_CARD_SHELL frame-cost run=1524353495544 frame_id=1276 total_cpu_ns=19606077 render_cpu_ns=14436379 input_cpu_ns=4854921
K230_CARD_BENCH v=1 run=1524353495544 event=submit input_id=179 frame_id=1276 t_ns=1535582486468 update_cpu_ns=19606077 final=1
K230_CARD_BENCH v=1 run=1524353495544 event=submit input_id=178 frame_id=1276 t_ns=1535582486468 update_cpu_ns=19606077 final=0
K230_CARD_BENCH v=1 run=1524353495544 event=submit input_id=177 frame_id=1276 t_ns=1535582486468 update_cpu_ns=19606077 final=0
K230_CARD_BENCH v=1 run=1524353495544 event=submit input_id=176 frame_id=1276 t_ns=1535582486468 update_cpu_ns=19606077 final=0
K230_CARD_BENCH v=1 run=1524353495544 event=submit input_id=175 frame_id=1276 t_ns=1535582486468 update_cpu_ns=19606077 final=0
K230_CARD_BENCH v=1 run=1524353495544 event=present frame_id=1275 t_ns=1535566322000 presented=1 clock=monotonic
K230_CARD_BENCH v=1 run=1524353495544 event=input input_id=179 gesture_id=36 kind=release t_ns=1535558598922 source=injected
K230_CARD_SHELL state mode=1 actions=1 message=0 cards=2
K230_CARD_BENCH v=1 run=1524353495544 event=input input_id=178 gesture_id=36 kind=motion t_ns=1535556294468 source=injected
K230_CARD_SHELL state mode=2 actions=1 message=0 cards=2
K230_CARD_BENCH v=1 run=1524353495544 event=input input_id=177 gesture_id=36 kind=motion t_ns=1535553693384 source=injected
K230_CARD_SHELL state mode=2 actions=1 message=0 cards=2
K230_CARD_BENCH v=1 run=1524353495544 event=input input_id=176 gesture_id=36 kind=motion t_ns=1535553035058 source=injected
K230_CARD_SHELL state mode=2 actions=1 message=0 cards=2
K230_CARD_BENCH v=1 run=1524353495544 event=input input_id=175 gesture_id=36 kind=motion t_ns=1535552320073 source=injected
K230_CARD_SHELL state mode=2 actions=1 message=0 cards=2
K230_CARD_SHELL frame-cost run=1524353495544 frame_id=1275 total_cpu_ns=23535123 render_cpu_ns=20177754 input_cpu_ns=2373259
K230_CARD_BENCH v=1 run=1524353495544 event=submit input_id=174 frame_id=1275 t_ns=1535547971429 update_cpu_ns=23535123 final=0
K230_CARD_BENCH v=1 run=1524353495544 event=submit input_id=173 frame_id=1275 t_ns=1535547971429 update_cpu_ns=23535123 final=0
K230_CARD_BENCH v=1 run=1524353495544 event=submit input_id=172 frame_id=1275 t_ns=1535547971429 update_cpu_ns=23535123 final=0
K230_CARD_BENCH v=1 run=1524353495544 event=submit input_id=171 frame_id=1275 t_ns=1535547971429 update_cpu_ns=23535123 final=0
K230_CARD_BENCH v=1 run=1524353495544 event=present frame_id=1274 t_ns=1535508847000 presented=1 clock=monotonic
K230_CARD_BENCH v=1 run=1524353495544 event=input input_id=174 gesture_id=36 kind=motion t_ns=1535511324989 source=injected
K230_CARD_SHELL state mode=2 actions=1 message=0 cards=2
K230_CARD_BENCH v=1 run=1524353495544 event=input input_id=173 gesture_id=36 kind=motion t_ns=1535508817894 source=injected
K230_CARD_SHELL state mode=2 actions=1 message=0 cards=2
K230_CARD_BENCH v=1 run=1524353495544 event=input input_id=172 gesture_id=36 kind=motion t_ns=1535508088133 source=injected
K230_CARD_SHELL state mode=2 actions=1 message=0 cards=2
K230_CARD_BENCH v=1 run=1524353495544 event=input input_id=171 gesture_id=36 kind=motion t_ns=1535505079544 source=injected
K230_CARD_SHELL state mode=2 actions=1 message=0 cards=2
K230_CARD_BENCH v=1 run=1524353495544 event=resource phase=active t_ns=1535498396968 cpu_ns=28118079000 memory_bytes=27615232 scope=session
K230_CARD_BENCH v=1 run=1524353495544 event=resource phase=active t_ns=1535498396968 cpu_ns=17119128884 memory_bytes=34611200 scope=compositor
K230_CARD_SHELL frame-cost run=1524353495544 frame_id=1274 total_cpu_ns=22262314 render_cpu_ns=19715865 input_cpu_ns=1940782
K230_CARD_BENCH v=1 run=1524353495544 event=submit input_id=170 frame_id=1274 t_ns=1535493698367 update_cpu_ns=22262314 final=0
K230_CARD_BENCH v=1 run=1524353495544 event=submit input_id=169 frame_id=1274 t_ns=1535493698367 update_cpu_ns=22262314 final=0
K230_CARD_BENCH v=1 run=1524353495544 event=submit input_id=168 frame_id=1274 t_ns=1535493698367 update_cpu_ns=22262314 final=0
K230_CARD_BENCH v=1 run=1524353495544 event=submit input_id=167 frame_id=1274 t_ns=1535493698367 update_cpu_ns=22262314 final=0
K230_CARD_BENCH v=1 run=1524353495544 event=present frame_id=1273 t_ns=1535470531000 presented=1 clock=monotonic
K230_CARD_BENCH v=1 run=1524353495544 event=input input_id=170 gesture_id=36 kind=motion t_ns=1535470098563 source=injected
K230_CARD_SHELL state mode=2 actions=1 message=0 cards=2
K230_CARD_BENCH v=1 run=1524353495544 event=input input_id=169 gesture_id=36 kind=motion t_ns=1535466903739 source=injected
K230_CARD_SHELL state mode=2 actions=1 message=0 cards=2
K230_CARD_BENCH v=1 run=1524353495544 event=input input_id=168 gesture_id=36 kind=motion t_ns=1535465480434 source=injected
K230_CARD_SHELL state mode=2 actions=1 message=0 cards=2
K230_CARD_BENCH v=1 run=1524353495544 event=input input_id=167 gesture_id=36 kind=motion t_ns=1535463466129 source=injected
K230_CARD_SHELL state mode=2 actions=1 message=0 cards=2
K230_CARD_SHELL frame-cost run=1524353495544 frame_id=1273 total_cpu_ns=20231329 render_cpu_ns=17478661 input_cpu_ns=2442408
K230_CARD_BENCH v=1 run=1524353495544 event=submit input_id=166 frame_id=1273 t_ns=1535459821101 update_cpu_ns=20231329 final=0
K230_CARD_BENCH v=1 run=1524353495544 event=submit input_id=165 frame_id=1273 t_ns=1535459821101 update_cpu_ns=20231329 final=0
K230_CARD_BENCH v=1 run=1524353495544 event=submit input_id=164 frame_id=1273 t_ns=1535459821101 update_cpu_ns=20231329 final=0
K230_CARD_BENCH v=1 run=1524353495544 event=submit input_id=163 frame_id=1273 t_ns=1535459821101 update_cpu_ns=20231329 final=0
K230_CARD_BENCH v=1 run=1524353495544 event=submit input_id=162 frame_id=1273 t_ns=1535459821101 update_cpu_ns=20231329 final=0
K230_CARD_BENCH v=1 run=1524353495544 event=submit input_id=161 frame_id=1273 t_ns=1535459821101 update_cpu_ns=20231329 final=0
K230_CARD_BENCH v=1 run=1524353495544 event=present frame_id=1272 t_ns=1535432210000 presented=1 clock=monotonic
K230_CARD_BENCH v=1 run=1524353495544 event=input input_id=166 gesture_id=36 kind=motion t_ns=1535437555946 source=injected
K230_CARD_SHELL state mode=2 actions=1 message=0 cards=2
K230_CARD_BENCH v=1 run=1524353495544 event=input input_id=165 gesture_id=36 kind=motion t_ns=1535437078968 source=injected
K230_CARD_SHELL state mode=2 actions=1 message=0 cards=2
K230_CARD_BENCH v=1 run=1524353495544 event=input input_id=164 gesture_id=36 kind=motion t_ns=1535436616470 source=injected
K230_CARD_SHELL state mode=2 actions=1 message=0 cards=2
K230_CARD_BENCH v=1 run=1524353495544 event=input input_id=163 gesture_id=36 kind=motion t_ns=1535435295820 source=injected
K230_CARD_SHELL state mode=2 actions=1 message=0 cards=2
K230_CARD_BENCH v=1 run=1524353495544 event=input input_id=162 gesture_id=36 kind=motion t_ns=1535434453147 source=injected
K230_CARD_SHELL state mode=2 actions=1 message=0 cards=2
K230_CARD_BENCH v=1 run=1524353495544 event=input input_id=161 gesture_id=36 kind=motion t_ns=1535432476393 source=injected
K230_CARD_SHELL state mode=2 actions=1 message=0 cards=2
K230_CARD_BENCH v=1 run=1524353495544 event=present frame_id=1271 t_ns=1535393893000 presented=1 clock=monotonic
K230_CARD_SHELL frame-cost run=1524353495544 frame_id=1271 total_cpu_ns=16047931 render_cpu_ns=14941746 input_cpu_ns=580962
K230_CARD_BENCH v=1 run=1524353495544 event=submit input_id=160 frame_id=1271 t_ns=1535391842375 update_cpu_ns=16047931 final=0
K230_CARD_BENCH v=1 run=1524353495544 event=submit input_id=159 frame_id=1271 t_ns=1535391842375 update_cpu_ns=16047931 final=0
K230_CARD_BENCH v=1 run=1524353495544 event=present frame_id=1270 t_ns=1535374736000 presented=1 clock=monotonic
K230_CARD_BENCH v=1 run=1524353495544 event=input input_id=160 gesture_id=36 kind=motion t_ns=1535368585342 source=injected
K230_CARD_SHELL state mode=2 actions=1 message=0 cards=2
K230_CARD_BENCH v=1 run=1524353495544 event=input input_id=159 gesture_id=36 kind=motion t_ns=1535359973229 source=injected
K230_CARD_SHELL state mode=2 actions=1 message=0 cards=2
K230_CARD_SHELL state mode=2 actions=1 message=0 cards=2
K230_CARD_BENCH v=1 run=1524353495544 event=present frame_id=1269 t_ns=1535336416000 presented=1 clock=monotonic
K230_CARD_BENCH v=1 run=1524353495544 event=present frame_id=1268 t_ns=1535298098000 presented=1 clock=monotonic
K230_CARD_BENCH v=1 run=1524353495544 event=present frame_id=1267 t_ns=1535278945000 presented=1 clock=monotonic
K230_CARD_BENCH v=1 run=1524353495544 event=present frame_id=1266 t_ns=1535240621000 presented=1 clock=monotonic
K230_CARD_BENCH v=1 run=1524353495544 event=present frame_id=1265 t_ns=1535221463000 presented=1 clock=monotonic
K230_CARD_BENCH v=1 run=1524353495544 event=present frame_id=1264 t_ns=1535183146000 presented=1 clock=monotonic
K230_CARD_BENCH v=1 run=1524353495544 event=present frame_id=1263 t_ns=1535163986000 presented=1 clock=monotonic
K230_CARD_BENCH v=1 run=1524353495544 event=present frame_id=1262 t_ns=1535125669000 presented=1 clock=monotonic
K230_CARD_BENCH v=1 run=1524353495544 event=present frame_id=1261 t_ns=1535106510000 presented=1 clock=monotonic
K230_CARD_BENCH v=1 run=1524353495544 event=present frame_id=1260 t_ns=1535087351000 presented=1 clock=monotonic
K230_CARD_SHELL frame-cost run=1524353495544 frame_id=1260 total_cpu_ns=18264683 render_cpu_ns=14313277 input_cpu_ns=3642330
K230_CARD_BENCH v=1 run=1524353495544 event=submit input_id=158 frame_id=1260 t_ns=1535084611936 update_cpu_ns=18264683 final=1
K230_CARD_BENCH v=1 run=1524353495544 event=submit input_id=157 frame_id=1260 t_ns=1535084611936 update_cpu_ns=18264683 final=0
K230_CARD_BENCH v=1 run=1524353495544 event=submit input_id=156 frame_id=1260 t_ns=1535084611936 update_cpu_ns=18264683 final=0
K230_CARD_BENCH v=1 run=1524353495544 event=present frame_id=1259 t_ns=1535049035000 presented=1 clock=monotonic
K230_CARD_BENCH v=1 run=1524353495544 event=input input_id=158 gesture_id=35 kind=release t_ns=1535049611958 source=injected
K230_CARD_SHELL state mode=1 actions=1 message=0 cards=2
K230_CARD_BENCH v=1 run=1524353495544 event=input input_id=157 gesture_id=35 kind=motion t_ns=1535048898417 source=injected
K230_CARD_SHELL state mode=2 actions=1 message=0 cards=2
K230_CARD_BENCH v=1 run=1524353495544 event=input input_id=156 gesture_id=35 kind=motion t_ns=1535048231611 source=injected
K230_CARD_SHELL state mode=2 actions=1 message=0 cards=2
K230_CARD_SHELL frame-cost run=1524353495544 frame_id=1259 total_cpu_ns=22626573 render_cpu_ns=20355311 input_cpu_ns=1983781
K230_CARD_BENCH v=1 run=1524353495544 event=submit input_id=155 frame_id=1259 t_ns=1535039874391 update_cpu_ns=22626573 final=0
K230_CARD_BENCH v=1 run=1524353495544 event=submit input_id=154 frame_id=1259 t_ns=1535039874391 update_cpu_ns=22626573 final=0
K230_CARD_BENCH v=1 run=1524353495544 event=submit input_id=153 frame_id=1259 t_ns=1535039874391 update_cpu_ns=22626573 final=0
K230_CARD_BENCH v=1 run=1524353495544 event=submit input_id=152 frame_id=1259 t_ns=1535039874391 update_cpu_ns=22626573 final=0
K230_CARD_BENCH v=1 run=1524353495544 event=present frame_id=1258 t_ns=1535010718000 presented=1 clock=monotonic
K230_CARD_BENCH v=1 run=1524353495544 event=input input_id=155 gesture_id=35 kind=motion t_ns=1535014457406 source=injected
K230_CARD_SHELL state mode=2 actions=1 message=0 cards=2
K230_CARD_BENCH v=1 run=1524353495544 event=input input_id=154 gesture_id=35 kind=motion t_ns=1535012854235 source=injected
K230_CARD_SHELL state mode=2 actions=1 message=0 cards=2
K230_CARD_BENCH v=1 run=1524353495544 event=input input_id=153 gesture_id=35 kind=motion t_ns=1535012240348 source=injected
K230_CARD_SHELL state mode=2 actions=1 message=0 cards=2
K230_CARD_BENCH v=1 run=1524353495544 event=input input_id=152 gesture_id=35 kind=motion t_ns=1535010526636 source=injected
K230_CARD_SHELL state mode=2 actions=1 message=0 cards=2
K230_CARD_SHELL frame-cost run=1524353495544 frame_id=1258 total_cpu_ns=21828412 render_cpu_ns=19789672 input_cpu_ns=1753262
K230_CARD_BENCH v=1 run=1524353495544 event=submit input_id=151 frame_id=1258 t_ns=1535006888311 update_cpu_ns=21828412 final=0
K230_CARD_BENCH v=1 run=1524353495544 event=submit input_id=150 frame_id=1258 t_ns=1535006888311 update_cpu_ns=21828412 final=0
K230_CARD_BENCH v=1 run=1524353495544 event=submit input_id=149 frame_id=1258 t_ns=1535006888311 update_cpu_ns=21828412 final=0
K230_CARD_BENCH v=1 run=1524353495544 event=submit input_id=148 frame_id=1258 t_ns=1535006888311 update_cpu_ns=21828412 final=0
K230_CARD_BENCH v=1 run=1524353495544 event=present frame_id=1257 t_ns=1534972400000 presented=1 clock=monotonic
K230_CARD_BENCH v=1 run=1524353495544 event=input input_id=151 gesture_id=35 kind=motion t_ns=1534971465274 source=injected
K230_CARD_SHELL state mode=2 actions=1 message=0 cards=2
K230_CARD_BENCH v=1 run=1524353495544 event=input input_id=150 gesture_id=35 kind=motion t_ns=1534968860265 source=injected
K230_CARD_SHELL state mode=2 actions=1 message=0 cards=2
K230_CARD_BENCH v=1 run=1524353495544 event=input input_id=149 gesture_id=35 kind=motion t_ns=1534968265598 source=injected
K230_CARD_SHELL state mode=2 actions=1 message=0 cards=2
K230_CARD_BENCH v=1 run=1524353495544 event=input input_id=148 gesture_id=35 kind=motion t_ns=1534959406663 source=injected
K230_CARD_SHELL state mode=2 actions=1 message=0 cards=2
K230_CARD_SHELL frame-cost run=1524353495544 frame_id=1257 total_cpu_ns=22502045 render_cpu_ns=18404413 input_cpu_ns=3788930
K230_CARD_BENCH v=1 run=1524353495544 event=submit input_id=147 frame_id=1257 t_ns=1534954965845 update_cpu_ns=22502045 final=0
K230_CARD_BENCH v=1 run=1524353495544 event=submit input_id=146 frame_id=1257 t_ns=1534954965845 update_cpu_ns=22502045 final=0
K230_CARD_BENCH v=1 run=1524353495544 event=submit input_id=145 frame_id=1257 t_ns=1534954965845 update_cpu_ns=22502045 final=0
K230_CARD_BENCH v=1 run=1524353495544 event=submit input_id=144 frame_id=1257 t_ns=1534954965845 update_cpu_ns=22502045 final=0
K230_CARD_BENCH v=1 run=1524353495544 event=submit input_id=143 frame_id=1257 t_ns=1534954965845 update_cpu_ns=22502045 final=0
K230_CARD_BENCH v=1 run=1524353495544 event=submit input_id=142 frame_id=1257 t_ns=1534954965845 update_cpu_ns=22502045 final=0
K230_CARD_BENCH v=1 run=1524353495544 event=submit input_id=141 frame_id=1257 t_ns=1534954965845 update_cpu_ns=22502045 final=0
K230_CARD_BENCH v=1 run=1524353495544 event=submit input_id=140 frame_id=1257 t_ns=1534954965845 update_cpu_ns=22502045 final=0
K230_CARD_BENCH v=1 run=1524353495544 event=present frame_id=1256 t_ns=1534934080000 presented=1 clock=monotonic
K230_CARD_BENCH v=1 run=1524353495544 event=input input_id=147 gesture_id=35 kind=motion t_ns=1534929008001 source=injected
K230_CARD_SHELL state mode=2 actions=1 message=0 cards=2
K230_CARD_BENCH v=1 run=1524353495544 event=input input_id=146 gesture_id=35 kind=motion t_ns=1534923640447 source=injected
K230_CARD_SHELL state mode=2 actions=1 message=0 cards=2
K230_CARD_BENCH v=1 run=1524353495544 event=input input_id=145 gesture_id=35 kind=motion t_ns=1534922999749 source=injected
K230_CARD_SHELL state mode=2 actions=1 message=0 cards=2
K230_CARD_BENCH v=1 run=1524353495544 event=input input_id=144 gesture_id=35 kind=motion t_ns=1534922526363 source=injected
K230_CARD_SHELL state mode=2 actions=1 message=0 cards=2
K230_CARD_BENCH v=1 run=1524353495544 event=input input_id=143 gesture_id=35 kind=motion t_ns=1534921974098 source=injected
K230_CARD_SHELL state mode=2 actions=1 message=0 cards=2
K230_CARD_BENCH v=1 run=1524353495544 event=input input_id=142 gesture_id=35 kind=motion t_ns=1534920766175 source=injected
K230_CARD_SHELL state mode=2 actions=1 message=0 cards=2
K230_CARD_BENCH v=1 run=1524353495544 event=input input_id=141 gesture_id=35 kind=motion t_ns=1534917823726 source=injected
K230_CARD_SHELL state mode=2 actions=1 message=0 cards=2
K230_CARD_BENCH v=1 run=1524353495544 event=input input_id=140 gesture_id=35 kind=motion t_ns=1534915610076 source=injected
K230_CARD_SHELL state mode=2 actions=1 message=0 cards=2
K230_CARD_BENCH v=1 run=1524353495544 event=present frame_id=1255 t_ns=1534876603000 presented=1 clock=monotonic
K230_CARD_SHELL frame-cost run=1524353495544 frame_id=1255 total_cpu_ns=15901223 render_cpu_ns=14960446 input_cpu_ns=730332
K230_CARD_BENCH v=1 run=1524353495544 event=submit input_id=139 frame_id=1255 t_ns=1534874407091 update_cpu_ns=15901223 final=0
K230_CARD_BENCH v=1 run=1524353495544 event=submit input_id=138 frame_id=1255 t_ns=1534874407091 update_cpu_ns=15901223 final=0
K230_CARD_BENCH v=1 run=1524353495544 event=present frame_id=1254 t_ns=1534857445000 presented=1 clock=monotonic
K230_CARD_BENCH v=1 run=1524353495544 event=input input_id=139 gesture_id=35 kind=motion t_ns=1534850209880 source=injected
K230_CARD_SHELL state mode=2 actions=1 message=0 cards=2
K230_CARD_BENCH v=1 run=1524353495544 event=input input_id=138 gesture_id=35 kind=motion t_ns=1534847694970 source=injected
K230_CARD_SHELL state mode=2 actions=1 message=0 cards=2
K230_CARD_SHELL state mode=2 actions=1 message=0 cards=2
K230_CARD_BENCH v=1 run=1524353495544 event=present frame_id=1253 t_ns=1534819128000 presented=1 clock=monotonic
K230_CARD_BENCH v=1 run=1524353495544 event=present frame_id=1252 t_ns=1534799968000 presented=1 clock=monotonic
K230_CARD_BENCH v=1 run=1524353495544 event=present frame_id=1251 t_ns=1534761651000 presented=1 clock=monotonic
K230_CARD_BENCH v=1 run=1524353495544 event=present frame_id=1250 t_ns=1534742492000 presented=1 clock=monotonic
K230_CARD_BENCH v=1 run=1524353495544 event=present frame_id=1249 t_ns=1534704175000 presented=1 clock=monotonic
K230_CARD_BENCH v=1 run=1524353495544 event=present frame_id=1248 t_ns=1534685015000 presented=1 clock=monotonic
K230_CARD_BENCH v=1 run=1524353495544 event=present frame_id=1247 t_ns=1534646697000 presented=1 clock=monotonic
K230_CARD_BENCH v=1 run=1524353495544 event=present frame_id=1246 t_ns=1534627539000 presented=1 clock=monotonic
K230_CARD_BENCH v=1 run=1524353495544 event=present frame_id=1245 t_ns=1534589220000 presented=1 clock=monotonic
K230_CARD_BENCH v=1 run=1524353495544 event=present frame_id=1244 t_ns=1534570062000 presented=1 clock=monotonic
K230_CARD_SHELL frame-cost run=1524353495544 frame_id=1244 total_cpu_ns=18300683 render_cpu_ns=14238906 input_cpu_ns=3646368
K230_CARD_BENCH v=1 run=1524353495544 event=submit input_id=137 frame_id=1244 t_ns=1534552569356 update_cpu_ns=18300683 final=1
K230_CARD_BENCH v=1 run=1524353495544 event=submit input_id=136 frame_id=1244 t_ns=1534552569356 update_cpu_ns=18300683 final=0
K230_CARD_BENCH v=1 run=1524353495544 event=submit input_id=135 frame_id=1244 t_ns=1534552569356 update_cpu_ns=18300683 final=0
K230_CARD_BENCH v=1 run=1524353495544 event=present frame_id=1243 t_ns=1534512587000 presented=1 clock=monotonic
K230_CARD_BENCH v=1 run=1524353495544 event=input input_id=137 gesture_id=34 kind=release t_ns=1534520244388 source=injected
K230_CARD_SHELL state mode=1 actions=1 message=0 cards=2
K230_CARD_BENCH v=1 run=1524353495544 event=input input_id=136 gesture_id=34 kind=motion t_ns=1534516967834 source=injected
K230_CARD_SHELL state mode=2 actions=1 message=0 cards=2
K230_CARD_BENCH v=1 run=1524353495544 event=input input_id=135 gesture_id=34 kind=motion t_ns=1534512226536 source=injected
K230_CARD_SHELL state mode=2 actions=1 message=0 cards=2
K230_CARD_SHELL frame-cost run=1524353495544 frame_id=1243 total_cpu_ns=24431777 render_cpu_ns=20102075 input_cpu_ns=3077075
K230_CARD_BENCH v=1 run=1524353495544 event=submit input_id=134 frame_id=1243 t_ns=1534505014473 update_cpu_ns=24431777 final=0
K230_CARD_BENCH v=1 run=1524353495544 event=submit input_id=133 frame_id=1243 t_ns=1534505014473 update_cpu_ns=24431777 final=0
K230_CARD_BENCH v=1 run=1524353495544 event=submit input_id=132 frame_id=1243 t_ns=1534505014473 update_cpu_ns=24431777 final=0
K230_CARD_BENCH v=1 run=1524353495544 event=submit input_id=131 frame_id=1243 t_ns=1534505014473 update_cpu_ns=24431777 final=0
K230_CARD_BENCH v=1 run=1524353495544 event=submit input_id=130 frame_id=1243 t_ns=1534505014473 update_cpu_ns=24431777 final=0
K230_CARD_BENCH v=1 run=1524353495544 event=present frame_id=1242 t_ns=1534474270000 presented=1 clock=monotonic
K230_CARD_BENCH v=1 run=1524353495544 event=input input_id=134 gesture_id=34 kind=motion t_ns=1534480587260 source=injected
K230_CARD_SHELL state mode=2 actions=1 message=0 cards=2
K230_CARD_BENCH v=1 run=1524353495544 event=input input_id=133 gesture_id=34 kind=motion t_ns=1534477469797 source=injected
K230_CARD_SHELL state mode=2 actions=1 message=0 cards=2
K230_CARD_BENCH v=1 run=1524353495544 event=input input_id=132 gesture_id=34 kind=motion t_ns=1534476761367 source=injected
K230_CARD_SHELL state mode=2 actions=1 message=0 cards=2
K230_CARD_BENCH v=1 run=1524353495544 event=input input_id=131 gesture_id=34 kind=motion t_ns=1534475854517 source=injected
K230_CARD_SHELL state mode=2 actions=1 message=0 cards=2
K230_CARD_BENCH v=1 run=1524353495544 event=input input_id=130 gesture_id=34 kind=motion t_ns=1534474023782 source=injected
K230_CARD_SHELL state mode=2 actions=1 message=0 cards=2
K230_CARD_BENCH v=1 run=1524353495544 event=resource phase=active t_ns=1534473252879 cpu_ns=27369290000 memory_bytes=27611136 scope=session
K230_CARD_BENCH v=1 run=1524353495544 event=resource phase=active t_ns=1534473252879 cpu_ns=16569776147 memory_bytes=34611200 scope=compositor
K230_CARD_SHELL frame-cost run=1524353495544 frame_id=1242 total_cpu_ns=21544254 render_cpu_ns=19637182 input_cpu_ns=1537260
K230_CARD_BENCH v=1 run=1524353495544 event=submit input_id=129 frame_id=1242 t_ns=1534470272399 update_cpu_ns=21544254 final=0
K230_CARD_BENCH v=1 run=1524353495544 event=submit input_id=128 frame_id=1242 t_ns=1534470272399 update_cpu_ns=21544254 final=0
K230_CARD_BENCH v=1 run=1524353495544 event=submit input_id=127 frame_id=1242 t_ns=1534470272399 update_cpu_ns=21544254 final=0
K230_CARD_BENCH v=1 run=1524353495544 event=present frame_id=1241 t_ns=1534435950000 presented=1 clock=monotonic
K230_CARD_BENCH v=1 run=1524353495544 event=input input_id=129 gesture_id=34 kind=motion t_ns=1534440323060 source=injected
K230_CARD_SHELL state mode=2 actions=1 message=0 cards=2
K230_CARD_BENCH v=1 run=1524353495544 event=input input_id=128 gesture_id=34 kind=motion t_ns=1534438407669 source=injected
K230_CARD_SHELL state mode=2 actions=1 message=0 cards=2
K230_CARD_BENCH v=1 run=1524353495544 event=input input_id=127 gesture_id=34 kind=motion t_ns=1534436359665 source=injected
K230_CARD_SHELL state mode=2 actions=1 message=0 cards=2
K230_CARD_SHELL frame-cost run=1524353495544 frame_id=1241 total_cpu_ns=21163903 render_cpu_ns=18571012 input_cpu_ns=2302520
K230_CARD_BENCH v=1 run=1524353495544 event=submit input_id=126 frame_id=1241 t_ns=1534429409495 update_cpu_ns=21163903 final=0
K230_CARD_BENCH v=1 run=1524353495544 event=submit input_id=125 frame_id=1241 t_ns=1534429409495 update_cpu_ns=21163903 final=0
K230_CARD_BENCH v=1 run=1524353495544 event=submit input_id=124 frame_id=1241 t_ns=1534429409495 update_cpu_ns=21163903 final=0
K230_CARD_BENCH v=1 run=1524353495544 event=submit input_id=123 frame_id=1241 t_ns=1534429409495 update_cpu_ns=21163903 final=0
K230_CARD_BENCH v=1 run=1524353495544 event=present frame_id=1240 t_ns=1534397634000 presented=1 clock=monotonic
K230_CARD_BENCH v=1 run=1524353495544 event=input input_id=126 gesture_id=34 kind=motion t_ns=1534402679866 source=injected
K230_CARD_SHELL state mode=2 actions=1 message=0 cards=2
K230_CARD_BENCH v=1 run=1524353495544 event=input input_id=125 gesture_id=34 kind=motion t_ns=1534399569180 source=injected
K230_CARD_SHELL state mode=2 actions=1 message=0 cards=2
K230_CARD_BENCH v=1 run=1524353495544 event=input input_id=124 gesture_id=34 kind=motion t_ns=1534397463850 source=injected
K230_CARD_SHELL state mode=2 actions=1 message=0 cards=2
K230_CARD_BENCH v=1 run=1524353495544 event=input input_id=123 gesture_id=34 kind=motion t_ns=1534396857740 source=injected
K230_CARD_SHELL state mode=2 actions=1 message=0 cards=2
K230_CARD_SHELL frame-cost run=1524353495544 frame_id=1240 total_cpu_ns=18922894 render_cpu_ns=16861710 input_cpu_ns=1718779
K230_CARD_BENCH v=1 run=1524353495544 event=submit input_id=122 frame_id=1240 t_ns=1534385509600 update_cpu_ns=18922894 final=0
K230_CARD_BENCH v=1 run=1524353495544 event=submit input_id=121 frame_id=1240 t_ns=1534385509600 update_cpu_ns=18922894 final=0
K230_CARD_BENCH v=1 run=1524353495544 event=submit input_id=120 frame_id=1240 t_ns=1534385509600 update_cpu_ns=18922894 final=0
K230_CARD_BENCH v=1 run=1524353495544 event=submit input_id=119 frame_id=1240 t_ns=1534385509600 update_cpu_ns=18922894 final=0
K230_CARD_BENCH v=1 run=1524353495544 event=present frame_id=1239 t_ns=1534359315000 presented=1 clock=monotonic
K230_CARD_BENCH v=1 run=1524353495544 event=input input_id=122 gesture_id=34 kind=motion t_ns=1534359819582 source=injected
K230_CARD_SHELL state mode=2 actions=1 message=0 cards=2
K230_CARD_BENCH v=1 run=1524353495544 event=input input_id=121 gesture_id=34 kind=motion t_ns=1534356198663 source=injected
K230_CARD_SHELL state mode=2 actions=1 message=0 cards=2
K230_CARD_BENCH v=1 run=1524353495544 event=input input_id=120 gesture_id=34 kind=motion t_ns=1534353768448 source=injected
K230_CARD_SHELL state mode=2 actions=1 message=0 cards=2
K230_CARD_BENCH v=1 run=1524353495544 event=input input_id=119 gesture_id=34 kind=motion t_ns=1534353098717 source=injected
K230_CARD_SHELL state mode=2 actions=1 message=0 cards=2
K230_CARD_SHELL frame-cost run=1524353495544 frame_id=1239 total_cpu_ns=15382632 render_cpu_ns=14694039 input_cpu_ns=423776
K230_CARD_BENCH v=1 run=1524353495544 event=submit input_id=118 frame_id=1239 t_ns=1534347652026 update_cpu_ns=15382632 final=0
K230_CARD_BENCH v=1 run=1524353495544 event=submit input_id=117 frame_id=1239 t_ns=1534347652026 update_cpu_ns=15382632 final=0
K230_CARD_BENCH v=1 run=1524353495544 event=present frame_id=1238 t_ns=1534320999000 presented=1 clock=monotonic
K230_CARD_BENCH v=1 run=1524353495544 event=input input_id=118 gesture_id=34 kind=motion t_ns=1534320534408 source=injected
K230_CARD_SHELL state mode=2 actions=1 message=0 cards=2
K230_CARD_BENCH v=1 run=1524353495544 event=input input_id=117 gesture_id=34 kind=motion t_ns=1534320288920 source=injected
K230_CARD_SHELL state mode=2 actions=1 message=0 cards=2
K230_CARD_BENCH v=1 run=1524353495544 event=present frame_id=1237 t_ns=1534301838000 presented=1 clock=monotonic
K230_CARD_SHELL state mode=2 actions=1 message=0 cards=2
K230_CARD_BENCH v=1 run=1524353495544 event=present frame_id=1236 t_ns=1534263519000 presented=1 clock=monotonic
K230_CARD_BENCH v=1 run=1524353495544 event=present frame_id=1235 t_ns=1534244362000 presented=1 clock=monotonic
K230_CARD_BENCH v=1 run=1524353495544 event=present frame_id=1234 t_ns=1534206044000 presented=1 clock=monotonic
K230_CARD_BENCH v=1 run=1524353495544 event=present frame_id=1233 t_ns=1534186885000 presented=1 clock=monotonic
K230_CARD_BENCH v=1 run=1524353495544 event=present frame_id=1232 t_ns=1534148568000 presented=1 clock=monotonic
K230_CARD_BENCH v=1 run=1524353495544 event=present frame_id=1231 t_ns=1534129409000 presented=1 clock=monotonic
K230_CARD_BENCH v=1 run=1524353495544 event=present frame_id=1230 t_ns=1534091089000 presented=1 clock=monotonic
K230_CARD_BENCH v=1 run=1524353495544 event=present frame_id=1229 t_ns=1534071932000 presented=1 clock=monotonic
K230_CARD_SHELL live cards=2 commits=758 sampled=1482 frame-done=1488 output-presented=693
K230_CARD_BENCH v=1 run=1524353495544 event=present frame_id=1228 t_ns=1534033615000 presented=1 clock=monotonic
K230_CARD_SHELL frame-cost run=1524353495544 frame_id=1228 total_cpu_ns=18370907 render_cpu_ns=14258542 input_cpu_ns=3622108
K230_CARD_BENCH v=1 run=1524353495544 event=submit input_id=116 frame_id=1228 t_ns=1534030545429 update_cpu_ns=18370907 final=1
K230_CARD_BENCH v=1 run=1524353495544 event=submit input_id=115 frame_id=1228 t_ns=1534030545429 update_cpu_ns=18370907 final=0
K230_CARD_BENCH v=1 run=1524353495544 event=submit input_id=114 frame_id=1228 t_ns=1534030545429 update_cpu_ns=18370907 final=0
K230_CARD_BENCH v=1 run=1524353495544 event=present frame_id=1227 t_ns=1534014457000 presented=1 clock=monotonic
K230_CARD_BENCH v=1 run=1524353495544 event=input input_id=116 gesture_id=33 kind=release t_ns=1534000897497 source=injected
K230_CARD_SHELL state mode=1 actions=1 message=0 cards=2
K230_CARD_BENCH v=1 run=1524353495544 event=input input_id=115 gesture_id=33 kind=motion t_ns=1534000305238 source=injected
K230_CARD_SHELL state mode=2 actions=1 message=0 cards=2
K230_CARD_BENCH v=1 run=1524353495544 event=input input_id=114 gesture_id=33 kind=motion t_ns=1533998463801 source=injected
K230_CARD_SHELL state mode=2 actions=1 message=0 cards=2
K230_CARD_SHELL frame-cost run=1524353495544 frame_id=1227 total_cpu_ns=22352755 render_cpu_ns=20111051 input_cpu_ns=1879557
K230_CARD_BENCH v=1 run=1524353495544 event=submit input_id=113 frame_id=1227 t_ns=1533996652434 update_cpu_ns=22352755 final=0
K230_CARD_BENCH v=1 run=1524353495544 event=submit input_id=112 frame_id=1227 t_ns=1533996652434 update_cpu_ns=22352755 final=0
K230_CARD_BENCH v=1 run=1524353495544 event=submit input_id=111 frame_id=1227 t_ns=1533996652434 update_cpu_ns=22352755 final=0
K230_CARD_BENCH v=1 run=1524353495544 event=submit input_id=110 frame_id=1227 t_ns=1533996652434 update_cpu_ns=22352755 final=0
K230_CARD_BENCH v=1 run=1524353495544 event=present frame_id=1226 t_ns=1533956983000 presented=1 clock=monotonic
K230_CARD_BENCH v=1 run=1524353495544 event=input input_id=113 gesture_id=33 kind=motion t_ns=1533955655547 source=injected
K230_CARD_SHELL state mode=2 actions=1 message=0 cards=2
K230_CARD_BENCH v=1 run=1524353495544 event=input input_id=112 gesture_id=33 kind=motion t_ns=1533953139157 source=injected
K230_CARD_SHELL state mode=2 actions=1 message=0 cards=2
K230_CARD_BENCH v=1 run=1524353495544 event=input input_id=111 gesture_id=33 kind=motion t_ns=1533952580709 source=injected
K230_CARD_SHELL state mode=2 actions=1 message=0 cards=2
K230_CARD_BENCH v=1 run=1524353495544 event=input input_id=110 gesture_id=33 kind=motion t_ns=1533951893091 source=injected
K230_CARD_SHELL state mode=2 actions=1 message=0 cards=2
K230_CARD_SHELL frame-cost run=1524353495544 frame_id=1226 total_cpu_ns=22177235 render_cpu_ns=19778528 input_cpu_ns=2040113
K230_CARD_BENCH v=1 run=1524353495544 event=submit input_id=109 frame_id=1226 t_ns=1533943763142 update_cpu_ns=22177235 final=0
K230_CARD_BENCH v=1 run=1524353495544 event=submit input_id=108 frame_id=1226 t_ns=1533943763142 update_cpu_ns=22177235 final=0
K230_CARD_BENCH v=1 run=1524353495544 event=submit input_id=107 frame_id=1226 t_ns=1533943763142 update_cpu_ns=22177235 final=0
K230_CARD_BENCH v=1 run=1524353495544 event=submit input_id=106 frame_id=1226 t_ns=1533943763142 update_cpu_ns=22177235 final=0
K230_CARD_BENCH v=1 run=1524353495544 event=present frame_id=1225 t_ns=1533918663000 presented=1 clock=monotonic
K230_CARD_BENCH v=1 run=1524353495544 event=input input_id=109 gesture_id=33 kind=motion t_ns=1533919786577 source=injected
K230_CARD_SHELL state mode=2 actions=1 message=0 cards=2
K230_CARD_BENCH v=1 run=1524353495544 event=input input_id=108 gesture_id=33 kind=motion t_ns=1533916722774 source=injected
K230_CARD_SHELL state mode=2 actions=1 message=0 cards=2
K230_CARD_BENCH v=1 run=1524353495544 event=input input_id=107 gesture_id=33 kind=motion t_ns=1533916190840 source=injected
K230_CARD_SHELL state mode=2 actions=1 message=0 cards=2
K230_CARD_BENCH v=1 run=1524353495544 event=input input_id=106 gesture_id=33 kind=motion t_ns=1533915169078 source=injected
K230_CARD_SHELL state mode=2 actions=1 message=0 cards=2
K230_CARD_SHELL frame-cost run=1524353495544 frame_id=1225 total_cpu_ns=20601114 render_cpu_ns=18541003 input_cpu_ns=1800518
K230_CARD_BENCH v=1 run=1524353495544 event=submit input_id=105 frame_id=1225 t_ns=1533912252294 update_cpu_ns=20601114 final=0
K230_CARD_BENCH v=1 run=1524353495544 event=submit input_id=104 frame_id=1225 t_ns=1533912252294 update_cpu_ns=20601114 final=0
K230_CARD_BENCH v=1 run=1524353495544 event=submit input_id=103 frame_id=1225 t_ns=1533912252294 update_cpu_ns=20601114 final=0
K230_CARD_BENCH v=1 run=1524353495544 event=submit input_id=102 frame_id=1225 t_ns=1533912252294 update_cpu_ns=20601114 final=0
K230_CARD_BENCH v=1 run=1524353495544 event=present frame_id=1224 t_ns=1533880344000 presented=1 clock=monotonic
K230_CARD_BENCH v=1 run=1524353495544 event=input input_id=105 gesture_id=33 kind=motion t_ns=1533877934945 source=injected
K230_CARD_SHELL state mode=2 actions=1 message=0 cards=2
K230_CARD_BENCH v=1 run=1524353495544 event=input input_id=104 gesture_id=33 kind=motion t_ns=1533875687373 source=injected
K230_CARD_SHELL state mode=2 actions=1 message=0 cards=2
K230_CARD_BENCH v=1 run=1524353495544 event=input input_id=103 gesture_id=33 kind=motion t_ns=1533875083745 source=injected
K230_CARD_SHELL state mode=2 actions=1 message=0 cards=2
K230_CARD_BENCH v=1 run=1524353495544 event=input input_id=102 gesture_id=33 kind=motion t_ns=1533867308455 source=injected
K230_CARD_SHELL state mode=2 actions=1 message=0 cards=2
K230_CARD_SHELL frame-cost run=1524353495544 frame_id=1224 total_cpu_ns=19281639 render_cpu_ns=16779677 input_cpu_ns=2152555
K230_CARD_BENCH v=1 run=1524353495544 event=submit input_id=101 frame_id=1224 t_ns=1533861431966 update_cpu_ns=19281639 final=0
K230_CARD_BENCH v=1 run=1524353495544 event=submit input_id=100 frame_id=1224 t_ns=1533861431966 update_cpu_ns=19281639 final=0
K230_CARD_BENCH v=1 run=1524353495544 event=submit input_id=99 frame_id=1224 t_ns=1533861431966 update_cpu_ns=19281639 final=0
K230_CARD_BENCH v=1 run=1524353495544 event=submit input_id=98 frame_id=1224 t_ns=1533861431966 update_cpu_ns=19281639 final=0
K230_CARD_BENCH v=1 run=1524353495544 event=submit input_id=97 frame_id=1224 t_ns=1533861431966 update_cpu_ns=19281639 final=0
K230_CARD_BENCH v=1 run=1524353495544 event=submit input_id=96 frame_id=1224 t_ns=1533861431966 update_cpu_ns=19281639 final=0
K230_CARD_BENCH v=1 run=1524353495544 event=present frame_id=1223 t_ns=1533842026000 presented=1 clock=monotonic
K230_CARD_BENCH v=1 run=1524353495544 event=input input_id=101 gesture_id=33 kind=motion t_ns=1533835571858 source=injected
K230_CARD_SHELL state mode=2 actions=1 message=0 cards=2
K230_CARD_BENCH v=1 run=1524353495544 event=input input_id=100 gesture_id=33 kind=motion t_ns=1533832477540 source=injected
K230_CARD_SHELL state mode=2 actions=1 message=0 cards=2
K230_CARD_BENCH v=1 run=1524353495544 event=input input_id=99 gesture_id=33 kind=motion t_ns=1533831938571 source=injected
K230_CARD_SHELL state mode=2 actions=1 message=0 cards=2
K230_CARD_BENCH v=1 run=1524353495544 event=input input_id=98 gesture_id=33 kind=motion t_ns=1533830326512 source=injected
K230_CARD_SHELL state mode=2 actions=1 message=0 cards=2
K230_CARD_BENCH v=1 run=1524353495544 event=input input_id=97 gesture_id=33 kind=motion t_ns=1533829861015 source=injected
K230_CARD_SHELL state mode=2 actions=1 message=0 cards=2
K230_CARD_BENCH v=1 run=1524353495544 event=input input_id=96 gesture_id=33 kind=motion t_ns=1533828779224 source=injected
K230_CARD_SHELL state mode=2 actions=1 message=0 cards=2
K230_CARD_BENCH v=1 run=1524353495544 event=present frame_id=1222 t_ns=1533803709000 presented=1 clock=monotonic
K230_CARD_BENCH v=1 run=1524353495544 event=present frame_id=1221 t_ns=1533784549000 presented=1 clock=monotonic
K230_CARD_SHELL state mode=2 actions=1 message=0 cards=2
K230_CARD_BENCH v=1 run=1524353495544 event=present frame_id=1220 t_ns=1533746232000 presented=1 clock=monotonic
K230_CARD_BENCH v=1 run=1524353495544 event=present frame_id=1219 t_ns=1533727073000 presented=1 clock=monotonic
K230_CARD_BENCH v=1 run=1524353495544 event=present frame_id=1218 t_ns=1533688756000 presented=1 clock=monotonic
K230_CARD_BENCH v=1 run=1524353495544 event=present frame_id=1217 t_ns=1533669596000 presented=1 clock=monotonic
K230_CARD_BENCH v=1 run=1524353495544 event=present frame_id=1216 t_ns=1533631281000 presented=1 clock=monotonic
K230_CARD_BENCH v=1 run=1524353495544 event=present frame_id=1215 t_ns=1533612120000 presented=1 clock=monotonic
K230_CARD_BENCH v=1 run=1524353495544 event=present frame_id=1214 t_ns=1533573803000 presented=1 clock=monotonic
K230_CARD_BENCH v=1 run=1524353495544 event=present frame_id=1213 t_ns=1533535486000 presented=1 clock=monotonic
K230_CARD_SHELL frame-cost run=1524353495544 frame_id=1213 total_cpu_ns=21728122 render_cpu_ns=15110675 input_cpu_ns=5074221
K230_CARD_BENCH v=1 run=1524353495544 event=submit input_id=95 frame_id=1213 t_ns=1533522004344 update_cpu_ns=21728122 final=1
K230_CARD_BENCH v=1 run=1524353495544 event=submit input_id=94 frame_id=1213 t_ns=1533522004344 update_cpu_ns=21728122 final=0
K230_CARD_BENCH v=1 run=1524353495544 event=submit input_id=93 frame_id=1213 t_ns=1533522004344 update_cpu_ns=21728122 final=0
K230_CARD_BENCH v=1 run=1524353495544 event=submit input_id=92 frame_id=1213 t_ns=1533522004344 update_cpu_ns=21728122 final=0
K230_CARD_BENCH v=1 run=1524353495544 event=present frame_id=1212 t_ns=1533478011000 presented=1 clock=monotonic
K230_CARD_BENCH v=1 run=1524353495544 event=input input_id=95 gesture_id=32 kind=release t_ns=1533486836852 source=injected
K230_CARD_SHELL state mode=1 actions=1 message=0 cards=2
K230_CARD_BENCH v=1 run=1524353495544 event=input input_id=94 gesture_id=32 kind=motion t_ns=1533485929077 source=injected
K230_CARD_SHELL state mode=2 actions=1 message=0 cards=2
K230_CARD_BENCH v=1 run=1524353495544 event=input input_id=93 gesture_id=32 kind=motion t_ns=1533479551504 source=injected
K230_CARD_SHELL state mode=2 actions=1 message=0 cards=2
K230_CARD_BENCH v=1 run=1524353495544 event=input input_id=92 gesture_id=32 kind=motion t_ns=1533475553004 source=injected
K230_CARD_SHELL state mode=2 actions=1 message=0 cards=2
K230_CARD_BENCH v=1 run=1524353495544 event=resource phase=active t_ns=1533468764001 cpu_ns=26654398000 memory_bytes=27643904 scope=session
K230_CARD_BENCH v=1 run=1524353495544 event=resource phase=active t_ns=1533468764001 cpu_ns=16050536659 memory_bytes=34611200 scope=compositor
K230_CARD_SHELL frame-cost run=1524353495544 frame_id=1212 total_cpu_ns=25410691 render_cpu_ns=20621174 input_cpu_ns=4272482
K230_CARD_BENCH v=1 run=1524353495544 event=submit input_id=91 frame_id=1212 t_ns=1533466291976 update_cpu_ns=25410691 final=0
K230_CARD_BENCH v=1 run=1524353495544 event=submit input_id=90 frame_id=1212 t_ns=1533466291976 update_cpu_ns=25410691 final=0
K230_CARD_BENCH v=1 run=1524353495544 event=submit input_id=89 frame_id=1212 t_ns=1533466291976 update_cpu_ns=25410691 final=0
K230_CARD_BENCH v=1 run=1524353495544 event=submit input_id=88 frame_id=1212 t_ns=1533466291976 update_cpu_ns=25410691 final=0
K230_CARD_BENCH v=1 run=1524353495544 event=submit input_id=87 frame_id=1212 t_ns=1533466291976 update_cpu_ns=25410691 final=0
K230_CARD_BENCH v=1 run=1524353495544 event=submit input_id=86 frame_id=1212 t_ns=1533466291976 update_cpu_ns=25410691 final=0
K230_CARD_BENCH v=1 run=1524353495544 event=present frame_id=1211 t_ns=1533420532000 presented=1 clock=monotonic
K230_CARD_BENCH v=1 run=1524353495544 event=input input_id=91 gesture_id=32 kind=motion t_ns=1533433455674 source=injected
K230_CARD_SHELL state mode=2 actions=1 message=0 cards=2
K230_CARD_BENCH v=1 run=1524353495544 event=input input_id=90 gesture_id=32 kind=motion t_ns=1533428533919 source=injected
K230_CARD_SHELL state mode=2 actions=1 message=0 cards=2
K230_CARD_BENCH v=1 run=1524353495544 event=input input_id=89 gesture_id=32 kind=motion t_ns=1533424605781 source=injected
K230_CARD_SHELL state mode=2 actions=1 message=0 cards=2
K230_CARD_BENCH v=1 run=1524353495544 event=input input_id=88 gesture_id=32 kind=motion t_ns=1533420270656 source=injected
K230_CARD_SHELL state mode=2 actions=1 message=0 cards=2
K230_CARD_BENCH v=1 run=1524353495544 event=input input_id=87 gesture_id=32 kind=motion t_ns=1533417303657 source=injected
K230_CARD_SHELL state mode=2 actions=1 message=0 cards=2
K230_CARD_BENCH v=1 run=1524353495544 event=input input_id=86 gesture_id=32 kind=motion t_ns=1533414931212 source=injected
K230_CARD_SHELL state mode=2 actions=1 message=0 cards=2
K230_CARD_SHELL frame-cost run=1524353495544 frame_id=1211 total_cpu_ns=23020684 render_cpu_ns=20210202 input_cpu_ns=2600925
K230_CARD_BENCH v=1 run=1524353495544 event=submit input_id=85 frame_id=1211 t_ns=1533408883969 update_cpu_ns=23020684 final=0
K230_CARD_BENCH v=1 run=1524353495544 event=submit input_id=84 frame_id=1211 t_ns=1533408883969 update_cpu_ns=23020684 final=0
K230_CARD_BENCH v=1 run=1524353495544 event=submit input_id=83 frame_id=1211 t_ns=1533408883969 update_cpu_ns=23020684 final=0
K230_CARD_BENCH v=1 run=1524353495544 event=submit input_id=82 frame_id=1211 t_ns=1533408883969 update_cpu_ns=23020684 final=0
K230_CARD_BENCH v=1 run=1524353495544 event=present frame_id=1210 t_ns=1533363055000 presented=1 clock=monotonic
K230_CARD_BENCH v=1 run=1524353495544 event=input input_id=85 gesture_id=32 kind=motion t_ns=1533370222876 source=injected
K230_CARD_SHELL state mode=2 actions=1 message=0 cards=2
K230_CARD_BENCH v=1 run=1524353495544 event=input input_id=84 gesture_id=32 kind=motion t_ns=1533367952345 source=injected
K230_CARD_SHELL state mode=2 actions=1 message=0 cards=2
K230_CARD_BENCH v=1 run=1524353495544 event=input input_id=83 gesture_id=32 kind=motion t_ns=1533361413607 source=injected
K230_CARD_SHELL state mode=2 actions=1 message=0 cards=2
K230_CARD_BENCH v=1 run=1524353495544 event=input input_id=82 gesture_id=32 kind=motion t_ns=1533357120477 source=injected
K230_CARD_SHELL state mode=2 actions=1 message=0 cards=2
K230_CARD_SHELL frame-cost run=1524353495544 frame_id=1210 total_cpu_ns=20123101 render_cpu_ns=17847174 input_cpu_ns=1965778
K230_CARD_BENCH v=1 run=1524353495544 event=submit input_id=81 frame_id=1210 t_ns=1533355401766 update_cpu_ns=20123101 final=0
K230_CARD_BENCH v=1 run=1524353495544 event=submit input_id=80 frame_id=1210 t_ns=1533355401766 update_cpu_ns=20123101 final=0
K230_CARD_BENCH v=1 run=1524353495544 event=submit input_id=79 frame_id=1210 t_ns=1533355401766 update_cpu_ns=20123101 final=0
K230_CARD_BENCH v=1 run=1524353495544 event=submit input_id=78 frame_id=1210 t_ns=1533355401766 update_cpu_ns=20123101 final=0
K230_CARD_BENCH v=1 run=1524353495544 event=present frame_id=1209 t_ns=1533324738000 presented=1 clock=monotonic
K230_CARD_BENCH v=1 run=1524353495544 event=input input_id=81 gesture_id=32 kind=motion t_ns=1533324922762 source=injected
K230_CARD_SHELL state mode=2 actions=1 message=0 cards=2
K230_CARD_BENCH v=1 run=1524353495544 event=input input_id=80 gesture_id=32 kind=motion t_ns=1533319468592 source=injected
K230_CARD_SHELL state mode=2 actions=1 message=0 cards=2
K230_CARD_BENCH v=1 run=1524353495544 event=input input_id=79 gesture_id=32 kind=motion t_ns=1533318036623 source=injected
K230_CARD_SHELL state mode=2 actions=1 message=0 cards=2
K230_CARD_BENCH v=1 run=1524353495544 event=input input_id=78 gesture_id=32 kind=motion t_ns=1533317527909 source=injected
K230_CARD_SHELL state mode=2 actions=1 message=0 cards=2
K230_CARD_SHELL frame-cost run=1524353495544 frame_id=1209 total_cpu_ns=17047965 render_cpu_ns=15868519 input_cpu_ns=893742
K230_CARD_BENCH v=1 run=1524353495544 event=submit input_id=77 frame_id=1209 t_ns=1533310125205 update_cpu_ns=17047965 final=0
K230_CARD_BENCH v=1 run=1524353495544 event=submit input_id=76 frame_id=1209 t_ns=1533310125205 update_cpu_ns=17047965 final=0
K230_CARD_BENCH v=1 run=1524353495544 event=submit input_id=75 frame_id=1209 t_ns=1533310125205 update_cpu_ns=17047965 final=0
K230_CARD_BENCH v=1 run=1524353495544 event=present frame_id=1208 t_ns=1533286420000 presented=1 clock=monotonic
K230_CARD_BENCH v=1 run=1524353495544 event=input input_id=77 gesture_id=32 kind=motion t_ns=1533281584699 source=injected
K230_CARD_SHELL state mode=2 actions=1 message=0 cards=2
K230_CARD_BENCH v=1 run=1524353495544 event=input input_id=76 gesture_id=32 kind=motion t_ns=1533271706897 source=injected
K230_CARD_SHELL state mode=2 actions=1 message=0 cards=2
K230_CARD_BENCH v=1 run=1524353495544 event=input input_id=75 gesture_id=32 kind=motion t_ns=1533270137093 source=injected
K230_CARD_SHELL state mode=2 actions=1 message=0 cards=2
K230_CARD_BENCH v=1 run=1524353495544 event=present frame_id=1207 t_ns=1533248103000 presented=1 clock=monotonic
K230_CARD_SHELL state mode=2 actions=1 message=0 cards=2
K230_CARD_BENCH v=1 run=1524353495544 event=present frame_id=1206 t_ns=1533209785000 presented=1 clock=monotonic
K230_CARD_BENCH v=1 run=1524353495544 event=present frame_id=1205 t_ns=1533171467000 presented=1 clock=monotonic
K230_CARD_BENCH v=1 run=1524353495544 event=present frame_id=1204 t_ns=1533133147000 presented=1 clock=monotonic
K230_CARD_BENCH v=1 run=1524353495544 event=present frame_id=1203 t_ns=1533113990000 presented=1 clock=monotonic
K230_CARD_BENCH v=1 run=1524353495544 event=present frame_id=1202 t_ns=1533075671000 presented=1 clock=monotonic
K230_CARD_BENCH v=1 run=1524353495544 event=present frame_id=1201 t_ns=1533056514000 presented=1 clock=monotonic
K230_CARD_BENCH v=1 run=1524353495544 event=present frame_id=1200 t_ns=1533018195000 presented=1 clock=monotonic
K230_CARD_BENCH v=1 run=1524353495544 event=present frame_id=1199 t_ns=1532999037000 presented=1 clock=monotonic
K230_CARD_BENCH v=1 run=1524353495544 event=present frame_id=1198 t_ns=1532979879000 presented=1 clock=monotonic
K230_CARD_SHELL frame-cost run=1524353495544 frame_id=1198 total_cpu_ns=18617339 render_cpu_ns=14375152 input_cpu_ns=3945740
K230_CARD_BENCH v=1 run=1524353495544 event=submit input_id=74 frame_id=1198 t_ns=1532965818215 update_cpu_ns=18617339 final=1
K230_CARD_BENCH v=1 run=1524353495544 event=submit input_id=73 frame_id=1198 t_ns=1532965818215 update_cpu_ns=18617339 final=0
K230_CARD_BENCH v=1 run=1524353495544 event=submit input_id=72 frame_id=1198 t_ns=1532965818215 update_cpu_ns=18617339 final=0
K230_CARD_BENCH v=1 run=1524353495544 event=submit input_id=71 frame_id=1198 t_ns=1532965818215 update_cpu_ns=18617339 final=0
K230_CARD_BENCH v=1 run=1524353495544 event=present frame_id=1197 t_ns=1532941563000 presented=1 clock=monotonic
K230_CARD_BENCH v=1 run=1524353495544 event=input input_id=74 gesture_id=31 kind=release t_ns=1532944753997 source=injected
K230_CARD_SHELL state mode=1 actions=1 message=0 cards=2
K230_CARD_BENCH v=1 run=1524353495544 event=input input_id=73 gesture_id=31 kind=motion t_ns=1532944115188 source=injected
K230_CARD_SHELL state mode=2 actions=1 message=0 cards=2
K230_CARD_BENCH v=1 run=1524353495544 event=input input_id=72 gesture_id=31 kind=motion t_ns=1532942544051 source=injected
K230_CARD_SHELL state mode=2 actions=1 message=0 cards=2
K230_CARD_BENCH v=1 run=1524353495544 event=input input_id=71 gesture_id=31 kind=motion t_ns=1532939302456 source=injected
K230_CARD_SHELL state mode=2 actions=1 message=0 cards=2
K230_CARD_SHELL frame-cost run=1524353495544 frame_id=1197 total_cpu_ns=22155272 render_cpu_ns=20042901 input_cpu_ns=1850630
K230_CARD_BENCH v=1 run=1524353495544 event=submit input_id=70 frame_id=1197 t_ns=1532938236071 update_cpu_ns=22155272 final=0
K230_CARD_BENCH v=1 run=1524353495544 event=submit input_id=69 frame_id=1197 t_ns=1532938236071 update_cpu_ns=22155272 final=0
K230_CARD_BENCH v=1 run=1524353495544 event=submit input_id=68 frame_id=1197 t_ns=1532938236071 update_cpu_ns=22155272 final=0
K230_CARD_BENCH v=1 run=1524353495544 event=submit input_id=67 frame_id=1197 t_ns=1532938236071 update_cpu_ns=22155272 final=0
K230_CARD_BENCH v=1 run=1524353495544 event=present frame_id=1196 t_ns=1532903244000 presented=1 clock=monotonic
K230_CARD_BENCH v=1 run=1524353495544 event=input input_id=70 gesture_id=31 kind=motion t_ns=1532902439472 source=injected
K230_CARD_SHELL state mode=2 actions=1 message=0 cards=2
K230_CARD_BENCH v=1 run=1524353495544 event=input input_id=69 gesture_id=31 kind=motion t_ns=1532901537992 source=injected
K230_CARD_SHELL state mode=2 actions=1 message=0 cards=2
K230_CARD_BENCH v=1 run=1524353495544 event=input input_id=68 gesture_id=31 kind=motion t_ns=1532900961546 source=injected
K230_CARD_SHELL state mode=2 actions=1 message=0 cards=2
K230_CARD_BENCH v=1 run=1524353495544 event=input input_id=67 gesture_id=31 kind=motion t_ns=1532900291444 source=injected
K230_CARD_SHELL state mode=2 actions=1 message=0 cards=2
K230_CARD_SHELL frame-cost run=1524353495544 frame_id=1196 total_cpu_ns=23749338 render_cpu_ns=19746335 input_cpu_ns=3687408
K230_CARD_BENCH v=1 run=1524353495544 event=submit input_id=66 frame_id=1196 t_ns=1532887060173 update_cpu_ns=23749338 final=0
K230_CARD_BENCH v=1 run=1524353495544 event=submit input_id=65 frame_id=1196 t_ns=1532887060173 update_cpu_ns=23749338 final=0
K230_CARD_BENCH v=1 run=1524353495544 event=submit input_id=64 frame_id=1196 t_ns=1532887060173 update_cpu_ns=23749338 final=0
K230_CARD_BENCH v=1 run=1524353495544 event=submit input_id=63 frame_id=1196 t_ns=1532887060173 update_cpu_ns=23749338 final=0
K230_CARD_BENCH v=1 run=1524353495544 event=submit input_id=62 frame_id=1196 t_ns=1532887060173 update_cpu_ns=23749338 final=0
K230_CARD_BENCH v=1 run=1524353495544 event=submit input_id=61 frame_id=1196 t_ns=1532887060173 update_cpu_ns=23749338 final=0
K230_CARD_BENCH v=1 run=1524353495544 event=submit input_id=60 frame_id=1196 t_ns=1532887060173 update_cpu_ns=23749338 final=0
K230_CARD_BENCH v=1 run=1524353495544 event=submit input_id=59 frame_id=1196 t_ns=1532887060173 update_cpu_ns=23749338 final=0
K230_CARD_BENCH v=1 run=1524353495544 event=present frame_id=1195 t_ns=1532864925000 presented=1 clock=monotonic
K230_CARD_BENCH v=1 run=1524353495544 event=input input_id=66 gesture_id=31 kind=motion t_ns=1532861230921 source=injected
K230_CARD_SHELL state mode=2 actions=1 message=0 cards=2
K230_CARD_BENCH v=1 run=1524353495544 event=input input_id=65 gesture_id=31 kind=motion t_ns=1532855721387 source=injected
K230_CARD_SHELL state mode=2 actions=1 message=0 cards=2
K230_CARD_BENCH v=1 run=1524353495544 event=input input_id=64 gesture_id=31 kind=motion t_ns=1532855092170 source=injected
K230_CARD_SHELL state mode=2 actions=1 message=0 cards=2
K230_CARD_BENCH v=1 run=1524353495544 event=input input_id=63 gesture_id=31 kind=motion t_ns=1532854603749 source=injected
K230_CARD_SHELL state mode=2 actions=1 message=0 cards=2
K230_CARD_BENCH v=1 run=1524353495544 event=input input_id=62 gesture_id=31 kind=motion t_ns=1532854067853 source=injected
K230_CARD_SHELL state mode=2 actions=1 message=0 cards=2
K230_CARD_BENCH v=1 run=1524353495544 event=input input_id=61 gesture_id=31 kind=motion t_ns=1532852103914 source=injected
K230_CARD_SHELL state mode=2 actions=1 message=0 cards=2
K230_CARD_BENCH v=1 run=1524353495544 event=input input_id=60 gesture_id=31 kind=motion t_ns=1532851584608 source=injected
K230_CARD_SHELL state mode=2 actions=1 message=0 cards=2
K230_CARD_BENCH v=1 run=1524353495544 event=input input_id=59 gesture_id=31 kind=motion t_ns=1532850636171 source=injected
K230_CARD_SHELL state mode=2 actions=1 message=0 cards=2
K230_CARD_BENCH v=1 run=1524353495544 event=present frame_id=1194 t_ns=1532807453000 presented=1 clock=monotonic
K230_CARD_SHELL frame-cost run=1524353495544 frame_id=1194 total_cpu_ns=18667529 render_cpu_ns=16298383 input_cpu_ns=2052999
K230_CARD_BENCH v=1 run=1524353495544 event=submit input_id=58 frame_id=1194 t_ns=1532806729290 update_cpu_ns=18667529 final=0
K230_CARD_BENCH v=1 run=1524353495544 event=submit input_id=57 frame_id=1194 t_ns=1532806729290 update_cpu_ns=18667529 final=0
K230_CARD_BENCH v=1 run=1524353495544 event=submit input_id=56 frame_id=1194 t_ns=1532806729290 update_cpu_ns=18667529 final=0
K230_CARD_BENCH v=1 run=1524353495544 event=submit input_id=55 frame_id=1194 t_ns=1532806729290 update_cpu_ns=18667529 final=0
K230_CARD_BENCH v=1 run=1524353495544 event=submit input_id=54 frame_id=1194 t_ns=1532806729290 update_cpu_ns=18667529 final=0
K230_CARD_BENCH v=1 run=1524353495544 event=present frame_id=1193 t_ns=1532788290000 presented=1 clock=monotonic
K230_CARD_BENCH v=1 run=1524353495544 event=input input_id=58 gesture_id=31 kind=motion t_ns=1532782377670 source=injected
K230_CARD_SHELL state mode=2 actions=1 message=0 cards=2
K230_CARD_BENCH v=1 run=1524353495544 event=input input_id=57 gesture_id=31 kind=motion t_ns=1532779330533 source=injected
K230_CARD_SHELL state mode=2 actions=1 message=0 cards=2
K230_CARD_BENCH v=1 run=1524353495544 event=input input_id=56 gesture_id=31 kind=motion t_ns=1532778638583 source=injected
K230_CARD_SHELL state mode=2 actions=1 message=0 cards=2
K230_CARD_BENCH v=1 run=1524353495544 event=input input_id=55 gesture_id=31 kind=motion t_ns=1532776668941 source=injected
K230_CARD_SHELL state mode=2 actions=1 message=0 cards=2
K230_CARD_BENCH v=1 run=1524353495544 event=input input_id=54 gesture_id=31 kind=motion t_ns=1532774720741 source=injected
K230_CARD_SHELL state mode=2 actions=1 message=0 cards=2
K230_CARD_BENCH v=1 run=1524353495544 event=present frame_id=1192 t_ns=1532749972000 presented=1 clock=monotonic
K230_CARD_BENCH v=1 run=1524353495544 event=present frame_id=1191 t_ns=1532730816000 presented=1 clock=monotonic
K230_CARD_SHELL state mode=2 actions=1 message=0 cards=2
K230_CARD_BENCH v=1 run=1524353495544 event=present frame_id=1190 t_ns=1532692495000 presented=1 clock=monotonic
K230_CARD_BENCH v=1 run=1524353495544 event=present frame_id=1189 t_ns=1532673337000 presented=1 clock=monotonic
K230_CARD_BENCH v=1 run=1524353495544 event=present frame_id=1188 t_ns=1532635018000 presented=1 clock=monotonic
K230_CARD_BENCH v=1 run=1524353495544 event=present frame_id=1187 t_ns=1532615861000 presented=1 clock=monotonic
K230_CARD_BENCH v=1 run=1524353495544 event=present frame_id=1186 t_ns=1532577543000 presented=1 clock=monotonic
K230_CARD_BENCH v=1 run=1524353495544 event=present frame_id=1185 t_ns=1532558384000 presented=1 clock=monotonic
K230_CARD_BENCH v=1 run=1524353495544 event=present frame_id=1184 t_ns=1532520067000 presented=1 clock=monotonic
K230_CARD_BENCH v=1 run=1524353495544 event=present frame_id=1183 t_ns=1532500907000 presented=1 clock=monotonic
K230_CARD_BENCH v=1 run=1524353495544 event=present frame_id=1182 t_ns=1532462590000 presented=1 clock=monotonic
K230_CARD_BENCH v=1 run=1524353495544 event=resource phase=active t_ns=1532460450905 cpu_ns=25938662000 memory_bytes=27607040 scope=session
K230_CARD_BENCH v=1 run=1524353495544 event=resource phase=active t_ns=1532460450905 cpu_ns=15532771405 memory_bytes=34611200 scope=compositor
K230_CARD_BENCH v=1 run=1524353495544 event=present frame_id=1181 t_ns=1532443431000 presented=1 clock=monotonic
K230_CARD_BENCH v=1 run=1524353495544 event=present frame_id=1180 t_ns=1532405114000 presented=1 clock=monotonic
K230_CARD_BENCH v=1 run=1524353495544 event=present frame_id=1179 t_ns=1532366800000 presented=1 clock=monotonic
K230_CARD_BENCH v=1 run=1524353495544 event=present frame_id=1178 t_ns=1532328478000 presented=1 clock=monotonic
K230_CARD_BENCH v=1 run=1524353495544 event=present frame_id=1177 t_ns=1532271002000 presented=1 clock=monotonic
K230_CARD_BENCH v=1 run=1524353495544 event=present frame_id=1176 t_ns=1532232687000 presented=1 clock=monotonic
K230_CARD_SHELL live cards=2 commits=692 sampled=1361 frame-done=1367 output-presented=640
K230_CARD_BENCH v=1 run=1524353495544 event=present frame_id=1175 t_ns=1532194367000 presented=1 clock=monotonic
K230_CARD_BENCH v=1 run=1524353495544 event=present frame_id=1174 t_ns=1532156054000 presented=1 clock=monotonic
K230_CARD_BENCH v=1 run=1524353495544 event=present frame_id=1173 t_ns=1532098573000 presented=1 clock=monotonic
K230_CARD_BENCH v=1 run=1524353495544 event=present frame_id=1172 t_ns=1532060255000 presented=1 clock=monotonic
K230_CARD_BENCH v=1 run=1524353495544 event=present frame_id=1171 t_ns=1532041098000 presented=1 clock=monotonic
K230_CARD_BENCH v=1 run=1524353495544 event=present frame_id=1170 t_ns=1532021937000 presented=1 clock=monotonic
K230_CARD_SHELL frame-cost run=1524353495544 frame_id=1170 total_cpu_ns=19086622 render_cpu_ns=14222994 input_cpu_ns=4341665
K230_CARD_BENCH v=1 run=1524353495544 event=submit input_id=53 frame_id=1170 t_ns=1532007319473 update_cpu_ns=19086622 final=1
K230_CARD_BENCH v=1 run=1524353495544 event=submit input_id=52 frame_id=1170 t_ns=1532007319473 update_cpu_ns=19086622 final=0
K230_CARD_BENCH v=1 run=1524353495544 event=submit input_id=51 frame_id=1170 t_ns=1532007319473 update_cpu_ns=19086622 final=0
K230_CARD_BENCH v=1 run=1524353495544 event=submit input_id=50 frame_id=1170 t_ns=1532007319473 update_cpu_ns=19086622 final=0
K230_CARD_BENCH v=1 run=1524353495544 event=present frame_id=1169 t_ns=1531983621000 presented=1 clock=monotonic
K230_CARD_BENCH v=1 run=1524353495544 event=input input_id=53 gesture_id=30 kind=release t_ns=1531982127593 source=injected
K230_CARD_SHELL state mode=1 actions=1 message=0 cards=2
K230_CARD_BENCH v=1 run=1524353495544 event=input input_id=52 gesture_id=30 kind=motion t_ns=1531978541894 source=injected
K230_CARD_SHELL state mode=2 actions=1 message=0 cards=2
K230_CARD_BENCH v=1 run=1524353495544 event=input input_id=51 gesture_id=30 kind=motion t_ns=1531977371708 source=injected
K230_CARD_SHELL state mode=2 actions=1 message=0 cards=2
K230_CARD_BENCH v=1 run=1524353495544 event=input input_id=50 gesture_id=30 kind=motion t_ns=1531976650243 source=injected
K230_CARD_SHELL state mode=2 actions=1 message=0 cards=2
K230_CARD_SHELL frame-cost run=1524353495544 frame_id=1169 total_cpu_ns=25090398 render_cpu_ns=20048179 input_cpu_ns=4241442
K230_CARD_BENCH v=1 run=1524353495544 event=submit input_id=49 frame_id=1169 t_ns=1531965923143 update_cpu_ns=25090398 final=0
K230_CARD_BENCH v=1 run=1524353495544 event=submit input_id=48 frame_id=1169 t_ns=1531965923143 update_cpu_ns=25090398 final=0
K230_CARD_BENCH v=1 run=1524353495544 event=submit input_id=47 frame_id=1169 t_ns=1531965923143 update_cpu_ns=25090398 final=0
K230_CARD_BENCH v=1 run=1524353495544 event=submit input_id=46 frame_id=1169 t_ns=1531965923143 update_cpu_ns=25090398 final=0
K230_CARD_BENCH v=1 run=1524353495544 event=submit input_id=45 frame_id=1169 t_ns=1531965923143 update_cpu_ns=25090398 final=0
K230_CARD_BENCH v=1 run=1524353495544 event=submit input_id=44 frame_id=1169 t_ns=1531965923143 update_cpu_ns=25090398 final=0
K230_CARD_BENCH v=1 run=1524353495544 event=submit input_id=43 frame_id=1169 t_ns=1531965923143 update_cpu_ns=25090398 final=0
K230_CARD_BENCH v=1 run=1524353495544 event=submit input_id=42 frame_id=1169 t_ns=1531965923143 update_cpu_ns=25090398 final=0
K230_CARD_BENCH v=1 run=1524353495544 event=present frame_id=1168 t_ns=1531926143000 presented=1 clock=monotonic
K230_CARD_BENCH v=1 run=1524353495544 event=input input_id=49 gesture_id=30 kind=motion t_ns=1531942116941 source=injected
K230_CARD_SHELL state mode=2 actions=1 message=0 cards=2
K230_CARD_BENCH v=1 run=1524353495544 event=input input_id=48 gesture_id=30 kind=motion t_ns=1531941409400 source=injected
K230_CARD_SHELL state mode=2 actions=1 message=0 cards=2
K230_CARD_BENCH v=1 run=1524353495544 event=input input_id=47 gesture_id=30 kind=motion t_ns=1531934681317 source=injected
K230_CARD_SHELL state mode=2 actions=1 message=0 cards=2
K230_CARD_BENCH v=1 run=1524353495544 event=input input_id=46 gesture_id=30 kind=motion t_ns=1531933393738 source=injected
K230_CARD_SHELL state mode=2 actions=1 message=0 cards=2
K230_CARD_BENCH v=1 run=1524353495544 event=input input_id=45 gesture_id=30 kind=motion t_ns=1531929166897 source=injected
K230_CARD_SHELL state mode=2 actions=1 message=0 cards=2
K230_CARD_BENCH v=1 run=1524353495544 event=input input_id=44 gesture_id=30 kind=motion t_ns=1531926991392 source=injected
K230_CARD_SHELL state mode=2 actions=1 message=0 cards=2
K230_CARD_BENCH v=1 run=1524353495544 event=input input_id=43 gesture_id=30 kind=motion t_ns=1531926393763 source=injected
K230_CARD_SHELL state mode=2 actions=1 message=0 cards=2
K230_CARD_BENCH v=1 run=1524353495544 event=input input_id=42 gesture_id=30 kind=motion t_ns=1531924329578 source=injected
K230_CARD_SHELL state mode=2 actions=1 message=0 cards=2
K230_CARD_SHELL frame-cost run=1524353495544 frame_id=1168 total_cpu_ns=20265367 render_cpu_ns=18552812 input_cpu_ns=1440888
K230_CARD_BENCH v=1 run=1524353495544 event=submit input_id=41 frame_id=1168 t_ns=1531915930223 update_cpu_ns=20265367 final=0
K230_CARD_BENCH v=1 run=1524353495544 event=submit input_id=40 frame_id=1168 t_ns=1531915930223 update_cpu_ns=20265367 final=0
K230_CARD_BENCH v=1 run=1524353495544 event=submit input_id=39 frame_id=1168 t_ns=1531915930223 update_cpu_ns=20265367 final=0
K230_CARD_BENCH v=1 run=1524353495544 event=present frame_id=1167 t_ns=1531868668000 presented=1 clock=monotonic
K230_CARD_BENCH v=1 run=1524353495544 event=input input_id=41 gesture_id=30 kind=motion t_ns=1531867020760 source=injected
K230_CARD_SHELL state mode=2 actions=1 message=0 cards=2
K230_CARD_BENCH v=1 run=1524353495544 event=input input_id=40 gesture_id=30 kind=motion t_ns=1531865007309 source=injected
K230_CARD_SHELL state mode=2 actions=1 message=0 cards=2
K230_CARD_BENCH v=1 run=1524353495544 event=input input_id=39 gesture_id=30 kind=motion t_ns=1531861758012 source=injected
K230_CARD_SHELL state mode=2 actions=1 message=0 cards=2
K230_CARD_SHELL frame-cost run=1524353495544 frame_id=1167 total_cpu_ns=18865935 render_cpu_ns=16898821 input_cpu_ns=1672113
K230_CARD_BENCH v=1 run=1524353495544 event=submit input_id=38 frame_id=1167 t_ns=1531856895955 update_cpu_ns=18865935 final=0
K230_CARD_BENCH v=1 run=1524353495544 event=submit input_id=37 frame_id=1167 t_ns=1531856895955 update_cpu_ns=18865935 final=0
K230_CARD_BENCH v=1 run=1524353495544 event=submit input_id=36 frame_id=1167 t_ns=1531856895955 update_cpu_ns=18865935 final=0
K230_CARD_BENCH v=1 run=1524353495544 event=submit input_id=35 frame_id=1167 t_ns=1531856895955 update_cpu_ns=18865935 final=0
K230_CARD_BENCH v=1 run=1524353495544 event=present frame_id=1166 t_ns=1531830349000 presented=1 clock=monotonic
K230_CARD_BENCH v=1 run=1524353495544 event=input input_id=38 gesture_id=30 kind=motion t_ns=1531830581438 source=injected
K230_CARD_SHELL state mode=2 actions=1 message=0 cards=2
K230_CARD_BENCH v=1 run=1524353495544 event=input input_id=37 gesture_id=30 kind=motion t_ns=1531827102948 source=injected
K230_CARD_SHELL state mode=2 actions=1 message=0 cards=2
K230_CARD_BENCH v=1 run=1524353495544 event=input input_id=36 gesture_id=30 kind=motion t_ns=1531825776374 source=injected
K230_CARD_SHELL state mode=2 actions=1 message=0 cards=2
K230_CARD_BENCH v=1 run=1524353495544 event=input input_id=35 gesture_id=30 kind=motion t_ns=1531825279510 source=injected
K230_CARD_SHELL state mode=2 actions=1 message=0 cards=2
K230_CARD_SHELL frame-cost run=1524353495544 frame_id=1166 total_cpu_ns=15485382 render_cpu_ns=14763491 input_cpu_ns=508889
K230_CARD_BENCH v=1 run=1524353495544 event=submit input_id=34 frame_id=1166 t_ns=1531818684633 update_cpu_ns=15485382 final=0
K230_CARD_BENCH v=1 run=1524353495544 event=submit input_id=33 frame_id=1166 t_ns=1531818684633 update_cpu_ns=15485382 final=0
K230_CARD_BENCH v=1 run=1524353495544 event=present frame_id=1165 t_ns=1531792048000 presented=1 clock=monotonic
K230_CARD_BENCH v=1 run=1524353495544 event=input input_id=34 gesture_id=30 kind=motion t_ns=1531792444403 source=injected
K230_CARD_SHELL state mode=2 actions=1 message=0 cards=2
K230_CARD_BENCH v=1 run=1524353495544 event=input input_id=33 gesture_id=30 kind=motion t_ns=1531789406598 source=injected
K230_CARD_SHELL state mode=2 actions=1 message=0 cards=2
K230_CARD_BENCH v=1 run=1524353495544 event=present frame_id=1164 t_ns=1531772872000 presented=1 clock=monotonic
K230_CARD_SHELL state mode=2 actions=1 message=0 cards=2
K230_CARD_BENCH v=1 run=1524353495544 event=present frame_id=1163 t_ns=1531734554000 presented=1 clock=monotonic
K230_CARD_BENCH v=1 run=1524353495544 event=present frame_id=1162 t_ns=1531715395000 presented=1 clock=monotonic
K230_CARD_BENCH v=1 run=1524353495544 event=present frame_id=1161 t_ns=1531677076000 presented=1 clock=monotonic
K230_CARD_BENCH v=1 run=1524353495544 event=present frame_id=1160 t_ns=1531657919000 presented=1 clock=monotonic
K230_CARD_BENCH v=1 run=1524353495544 event=present frame_id=1159 t_ns=1531619601000 presented=1 clock=monotonic
K230_CARD_BENCH v=1 run=1524353495544 event=present frame_id=1158 t_ns=1531600442000 presented=1 clock=monotonic
K230_CARD_BENCH v=1 run=1524353495544 event=present frame_id=1157 t_ns=1531562123000 presented=1 clock=monotonic
K230_CARD_BENCH v=1 run=1524353495544 event=present frame_id=1156 t_ns=1531542966000 presented=1 clock=monotonic
K230_CARD_BENCH v=1 run=1524353495544 event=present frame_id=1155 t_ns=1531504650000 presented=1 clock=monotonic
K230_CARD_SHELL frame-cost run=1524353495544 frame_id=1155 total_cpu_ns=21884664 render_cpu_ns=15007776 input_cpu_ns=6733591
K230_CARD_BENCH v=1 run=1524353495544 event=submit input_id=32 frame_id=1155 t_ns=1531502099619 update_cpu_ns=21884664 final=1
K230_CARD_BENCH v=1 run=1524353495544 event=present frame_id=1154 t_ns=1531485490000 presented=1 clock=monotonic
K230_CARD_BENCH v=1 run=1524353495544 event=input input_id=32 gesture_id=29 kind=release t_ns=1531473297571 source=injected
K230_CARD_SHELL state mode=1 actions=1 message=0 cards=2
K230_CARD_BENCH v=1 run=1524353495544 event=present frame_id=1153 t_ns=1531447171000 presented=1 clock=monotonic
K230_CARD_BENCH v=1 run=1524353495544 event=resource phase=active t_ns=1531447383975 cpu_ns=25301894000 memory_bytes=27578368 scope=session
K230_CARD_BENCH v=1 run=1524353495544 event=resource phase=active t_ns=1531447383975 cpu_ns=15062845659 memory_bytes=34611200 scope=compositor
K230_CARD_BENCH v=1 run=1524353495544 event=present frame_id=1152 t_ns=1531428032000 presented=1 clock=monotonic
K230_CARD_BENCH v=1 run=1524353495544 event=present frame_id=1151 t_ns=1531389696000 presented=1 clock=monotonic
K230_CARD_BENCH v=1 run=1524353495544 event=present frame_id=1150 t_ns=1531370539000 presented=1 clock=monotonic
K230_CARD_BENCH v=1 run=1524353495544 event=present frame_id=1149 t_ns=1531332218000 presented=1 clock=monotonic
K230_CARD_BENCH v=1 run=1524353495544 event=present frame_id=1148 t_ns=1531313061000 presented=1 clock=monotonic
K230_CARD_BENCH v=1 run=1524353495544 event=present frame_id=1147 t_ns=1531274741000 presented=1 clock=monotonic
K230_CARD_BENCH v=1 run=1524353495544 event=present frame_id=1146 t_ns=1531255584000 presented=1 clock=monotonic
K230_CARD_BENCH v=1 run=1524353495544 event=present frame_id=1145 t_ns=1531217266000 presented=1 clock=monotonic
K230_CARD_BENCH v=1 run=1524353495544 event=present frame_id=1144 t_ns=1531198107000 presented=1 clock=monotonic
K230_CARD_BENCH v=1 run=1524353495544 event=present frame_id=1143 t_ns=1531159788000 presented=1 clock=monotonic
K230_CARD_BENCH v=1 run=1524353495544 event=present frame_id=1142 t_ns=1531140631000 presented=1 clock=monotonic
K230_CARD_BENCH v=1 run=1524353495544 event=present frame_id=1141 t_ns=1531102313000 presented=1 clock=monotonic
K230_CARD_BENCH v=1 run=1524353495544 event=present frame_id=1140 t_ns=1531083154000 presented=1 clock=monotonic
K230_CARD_SHELL frame-cost run=1524353495544 frame_id=1140 total_cpu_ns=17437975 render_cpu_ns=14261271 input_cpu_ns=2892593
K230_CARD_BENCH v=1 run=1524353495544 event=submit input_id=31 frame_id=1140 t_ns=1531075768699 update_cpu_ns=17437975 final=1
K230_CARD_BENCH v=1 run=1524353495544 event=present frame_id=1139 t_ns=1531044839000 presented=1 clock=monotonic
K230_CARD_BENCH v=1 run=1524353495544 event=input input_id=31 gesture_id=28 kind=release t_ns=1531044795109 source=injected
K230_CARD_SHELL state mode=1 actions=1 message=0 cards=2
K230_CARD_BENCH v=1 run=1524353495544 event=present frame_id=1138 t_ns=1531006519000 presented=1 clock=monotonic
K230_CARD_BENCH v=1 run=1524353495544 event=present frame_id=1137 t_ns=1530949043000 presented=1 clock=monotonic
K230_CARD_BENCH v=1 run=1524353495544 event=present frame_id=1136 t_ns=1530891567000 presented=1 clock=monotonic
K230_CARD_BENCH v=1 run=1524353495544 event=present frame_id=1135 t_ns=1530814931000 presented=1 clock=monotonic
K230_CARD_BENCH v=1 run=1524353495544 event=present frame_id=1134 t_ns=1530757454000 presented=1 clock=monotonic
K230_CARD_BENCH v=1 run=1524353495544 event=present frame_id=1133 t_ns=1530699979000 presented=1 clock=monotonic
K230_CARD_BENCH v=1 run=1524353495544 event=present frame_id=1132 t_ns=1530642502000 presented=1 clock=monotonic
K230_CARD_BENCH v=1 run=1524353495544 event=present frame_id=1131 t_ns=1530585028000 presented=1 clock=monotonic
K230_CARD_BENCH v=1 run=1524353495544 event=present frame_id=1130 t_ns=1530546707000 presented=1 clock=monotonic
K230_CARD_BENCH v=1 run=1524353495544 event=present frame_id=1129 t_ns=1530489231000 presented=1 clock=monotonic
K230_CARD_BENCH v=1 run=1524353495544 event=present frame_id=1128 t_ns=1530450913000 presented=1 clock=monotonic
K230_CARD_BENCH v=1 run=1524353495544 event=resource phase=active t_ns=1530440198284 cpu_ns=24662881000 memory_bytes=27475968 scope=session
K230_CARD_BENCH v=1 run=1524353495544 event=resource phase=active t_ns=1530440198284 cpu_ns=14602232771 memory_bytes=34385920 scope=compositor
K230_CARD_BENCH v=1 run=1524353495544 event=present frame_id=1127 t_ns=1530412595000 presented=1 clock=monotonic
K230_CARD_BENCH v=1 run=1524353495544 event=present frame_id=1126 t_ns=1530374278000 presented=1 clock=monotonic
K230_CARD_BENCH v=1 run=1524353495544 event=present frame_id=1125 t_ns=1530335961000 presented=1 clock=monotonic
K230_CARD_BENCH v=1 run=1524353495544 event=present frame_id=1124 t_ns=1530297643000 presented=1 clock=monotonic
K230_CARD_BENCH v=1 run=1524353495544 event=present frame_id=1123 t_ns=1530259325000 presented=1 clock=monotonic
K230_CARD_BENCH v=1 run=1524353495544 event=present frame_id=1122 t_ns=1530221007000 presented=1 clock=monotonic
K230_CARD_BENCH v=1 run=1524353495544 event=present frame_id=1121 t_ns=1530182690000 presented=1 clock=monotonic
K230_CARD_SHELL live cards=2 commits=614 sampled=1210 frame-done=1214 output-presented=585
K230_CARD_BENCH v=1 run=1524353495544 event=present frame_id=1120 t_ns=1530144372000 presented=1 clock=monotonic
K230_CARD_BENCH v=1 run=1524353495544 event=present frame_id=1119 t_ns=1530106054000 presented=1 clock=monotonic
K230_CARD_BENCH v=1 run=1524353495544 event=present frame_id=1118 t_ns=1530067737000 presented=1 clock=monotonic
K230_CARD_BENCH v=1 run=1524353495544 event=present frame_id=1117 t_ns=1530029419000 presented=1 clock=monotonic
K230_CARD_BENCH v=1 run=1524353495544 event=present frame_id=1116 t_ns=1529991102000 presented=1 clock=monotonic
K230_CARD_BENCH v=1 run=1524353495544 event=present frame_id=1115 t_ns=1529952784000 presented=1 clock=monotonic
K230_CARD_BENCH v=1 run=1524353495544 event=present frame_id=1114 t_ns=1529914467000 presented=1 clock=monotonic
K230_CARD_BENCH v=1 run=1524353495544 event=present frame_id=1113 t_ns=1529876149000 presented=1 clock=monotonic
K230_CARD_BENCH v=1 run=1524353495544 event=present frame_id=1112 t_ns=1529837831000 presented=1 clock=monotonic
K230_CARD_BENCH v=1 run=1524353495544 event=present frame_id=1111 t_ns=1529799514000 presented=1 clock=monotonic
K230_CARD_BENCH v=1 run=1524353495544 event=present frame_id=1110 t_ns=1529761196000 presented=1 clock=monotonic
K230_CARD_BENCH v=1 run=1524353495544 event=present frame_id=1109 t_ns=1529722878000 presented=1 clock=monotonic
K230_CARD_BENCH v=1 run=1524353495544 event=present frame_id=1108 t_ns=1529684560000 presented=1 clock=monotonic
K230_CARD_BENCH v=1 run=1524353495544 event=present frame_id=1107 t_ns=1529646243000 presented=1 clock=monotonic
K230_CARD_BENCH v=1 run=1524353495544 event=present frame_id=1106 t_ns=1529607925000 presented=1 clock=monotonic
K230_CARD_BENCH v=1 run=1524353495544 event=present frame_id=1105 t_ns=1529569608000 presented=1 clock=monotonic
K230_CARD_SHELL frame-cost run=1524353495544 frame_id=1105 total_cpu_ns=21937024 render_cpu_ns=20441395 input_cpu_ns=1288851
K230_CARD_BENCH v=1 run=1524353495544 event=submit input_id=30 frame_id=1105 t_ns=1529558358302 update_cpu_ns=21937024 final=0
K230_CARD_BENCH v=1 run=1524353495544 event=submit input_id=29 frame_id=1105 t_ns=1529558358302 update_cpu_ns=21937024 final=0
K230_CARD_BENCH v=1 run=1524353495544 event=present frame_id=1104 t_ns=1529531290000 presented=1 clock=monotonic
K230_CARD_BENCH v=1 run=1524353495544 event=input input_id=30 gesture_id=28 kind=motion t_ns=1529532722132 source=injected
K230_CARD_SHELL state mode=2 actions=1 message=0 cards=2
K230_CARD_BENCH v=1 run=1524353495544 event=input input_id=29 gesture_id=28 kind=motion t_ns=1529531063045 source=injected
K230_CARD_SHELL state mode=2 actions=1 message=0 cards=2
K230_CARD_SHELL frame-cost run=1524353495544 frame_id=1104 total_cpu_ns=22224307 render_cpu_ns=20132417 input_cpu_ns=1804962
K230_CARD_BENCH v=1 run=1524353495544 event=submit input_id=28 frame_id=1104 t_ns=1529528538697 update_cpu_ns=22224307 final=0
K230_CARD_BENCH v=1 run=1524353495544 event=submit input_id=27 frame_id=1104 t_ns=1529528538697 update_cpu_ns=22224307 final=0
K230_CARD_BENCH v=1 run=1524353495544 event=submit input_id=26 frame_id=1104 t_ns=1529528538697 update_cpu_ns=22224307 final=0
K230_CARD_BENCH v=1 run=1524353495544 event=present frame_id=1103 t_ns=1529473815000 presented=1 clock=monotonic
K230_CARD_BENCH v=1 run=1524353495544 event=input input_id=28 gesture_id=28 kind=motion t_ns=1529478757167 source=injected
K230_CARD_SHELL state mode=2 actions=1 message=0 cards=2
K230_CARD_BENCH v=1 run=1524353495544 event=input input_id=27 gesture_id=28 kind=motion t_ns=1529476799636 source=injected
K230_CARD_SHELL state mode=2 actions=1 message=0 cards=2
K230_CARD_BENCH v=1 run=1524353495544 event=input input_id=26 gesture_id=28 kind=motion t_ns=1529473626703 source=injected
K230_CARD_SHELL state mode=2 actions=1 message=0 cards=2
K230_CARD_SHELL frame-cost run=1524353495544 frame_id=1103 total_cpu_ns=23336052 render_cpu_ns=19714571 input_cpu_ns=2742300
K230_CARD_BENCH v=1 run=1524353495544 event=submit input_id=25 frame_id=1103 t_ns=1529463766948 update_cpu_ns=23336052 final=0
K230_CARD_BENCH v=1 run=1524353495544 event=submit input_id=24 frame_id=1103 t_ns=1529463766948 update_cpu_ns=23336052 final=0
K230_CARD_BENCH v=1 run=1524353495544 event=submit input_id=23 frame_id=1103 t_ns=1529463766948 update_cpu_ns=23336052 final=0
K230_CARD_BENCH v=1 run=1524353495544 event=submit input_id=22 frame_id=1103 t_ns=1529463766948 update_cpu_ns=23336052 final=0
K230_CARD_BENCH v=1 run=1524353495544 event=submit input_id=21 frame_id=1103 t_ns=1529463766948 update_cpu_ns=23336052 final=0
K230_CARD_BENCH v=1 run=1524353495544 event=present frame_id=1102 t_ns=1529435497000 presented=1 clock=monotonic
K230_CARD_BENCH v=1 run=1524353495544 event=input input_id=25 gesture_id=28 kind=motion t_ns=1529439923292 source=injected
K230_CARD_SHELL state mode=2 actions=1 message=0 cards=2
K230_CARD_BENCH v=1 run=1524353495544 event=input input_id=24 gesture_id=28 kind=motion t_ns=1529436805611 source=injected
K230_CARD_SHELL state mode=2 actions=1 message=0 cards=2
K230_CARD_BENCH v=1 run=1524353495544 event=input input_id=23 gesture_id=28 kind=motion t_ns=1529434700062 source=injected
K230_CARD_SHELL state mode=2 actions=1 message=0 cards=2
K230_CARD_BENCH v=1 run=1524353495544 event=input input_id=22 gesture_id=28 kind=motion t_ns=1529434125320 source=injected
K230_CARD_SHELL state mode=2 actions=1 message=0 cards=2
K230_CARD_BENCH v=1 run=1524353495544 event=input input_id=21 gesture_id=28 kind=motion t_ns=1529433459330 source=injected
K230_CARD_SHELL state mode=2 actions=1 message=0 cards=2
K230_CARD_BENCH v=1 run=1524353495544 event=resource phase=active t_ns=1529431680666 cpu_ns=23849333000 memory_bytes=27475968 scope=session
K230_CARD_BENCH v=1 run=1524353495544 event=resource phase=active t_ns=1529431680666 cpu_ns=14042769794 memory_bytes=34385920 scope=compositor
K230_CARD_SHELL frame-cost run=1524353495544 frame_id=1102 total_cpu_ns=19519469 render_cpu_ns=17962206 input_cpu_ns=1291632
K230_CARD_BENCH v=1 run=1524353495544 event=submit input_id=20 frame_id=1102 t_ns=1529427773752 update_cpu_ns=19519469 final=0
K230_CARD_BENCH v=1 run=1524353495544 event=submit input_id=19 frame_id=1102 t_ns=1529427773752 update_cpu_ns=19519469 final=0
K230_CARD_BENCH v=1 run=1524353495544 event=submit input_id=18 frame_id=1102 t_ns=1529427773752 update_cpu_ns=19519469 final=0
K230_CARD_BENCH v=1 run=1524353495544 event=present frame_id=1101 t_ns=1529397178000 presented=1 clock=monotonic
K230_CARD_BENCH v=1 run=1524353495544 event=input input_id=20 gesture_id=28 kind=motion t_ns=1529390830305 source=injected
K230_CARD_SHELL state mode=2 actions=1 message=0 cards=2
K230_CARD_BENCH v=1 run=1524353495544 event=input input_id=19 gesture_id=28 kind=motion t_ns=1529390276449 source=injected
K230_CARD_SHELL state mode=2 actions=1 message=0 cards=2
K230_CARD_BENCH v=1 run=1524353495544 event=input input_id=18 gesture_id=28 kind=motion t_ns=1529388326399 source=injected
K230_CARD_SHELL state mode=2 actions=1 message=0 cards=2
K230_CARD_SHELL frame-cost run=1524353495544 frame_id=1101 total_cpu_ns=19860417 render_cpu_ns=17036824 input_cpu_ns=2537333
K230_CARD_BENCH v=1 run=1524353495544 event=submit input_id=17 frame_id=1101 t_ns=1529379323091 update_cpu_ns=19860417 final=0
K230_CARD_BENCH v=1 run=1524353495544 event=submit input_id=16 frame_id=1101 t_ns=1529379323091 update_cpu_ns=19860417 final=0
K230_CARD_BENCH v=1 run=1524353495544 event=submit input_id=15 frame_id=1101 t_ns=1529379323091 update_cpu_ns=19860417 final=0
K230_CARD_BENCH v=1 run=1524353495544 event=submit input_id=14 frame_id=1101 t_ns=1529379323091 update_cpu_ns=19860417 final=0
K230_CARD_BENCH v=1 run=1524353495544 event=submit input_id=13 frame_id=1101 t_ns=1529379323091 update_cpu_ns=19860417 final=0
K230_CARD_BENCH v=1 run=1524353495544 event=submit input_id=12 frame_id=1101 t_ns=1529379323091 update_cpu_ns=19860417 final=0
K230_CARD_BENCH v=1 run=1524353495544 event=present frame_id=1100 t_ns=1529358861000 presented=1 clock=monotonic
K230_CARD_BENCH v=1 run=1524353495544 event=input input_id=17 gesture_id=28 kind=motion t_ns=1529356658656 source=injected
K230_CARD_SHELL state mode=2 actions=1 message=0 cards=2
K230_CARD_BENCH v=1 run=1524353495544 event=input input_id=16 gesture_id=28 kind=motion t_ns=1529353021819 source=injected
K230_CARD_SHELL state mode=2 actions=1 message=0 cards=2
K230_CARD_BENCH v=1 run=1524353495544 event=input input_id=15 gesture_id=28 kind=motion t_ns=1529351195160 source=injected
K230_CARD_SHELL state mode=2 actions=1 message=0 cards=2
K230_CARD_BENCH v=1 run=1524353495544 event=input input_id=14 gesture_id=28 kind=motion t_ns=1529350732219 source=injected
K230_CARD_SHELL state mode=2 actions=1 message=0 cards=2
K230_CARD_BENCH v=1 run=1524353495544 event=input input_id=13 gesture_id=28 kind=motion t_ns=1529349453936 source=injected
K230_CARD_SHELL state mode=2 actions=1 message=0 cards=2
K230_CARD_BENCH v=1 run=1524353495544 event=input input_id=12 gesture_id=28 kind=motion t_ns=1529347012466 source=injected
K230_CARD_SHELL state mode=2 actions=1 message=0 cards=2
K230_CARD_BENCH v=1 run=1524353495544 event=present frame_id=1099 t_ns=1529320543000 presented=1 clock=monotonic
K230_CARD_SHELL frame-cost run=1524353495544 frame_id=1099 total_cpu_ns=14299136 render_cpu_ns=13977580 input_cpu_ns=176149
K230_CARD_BENCH v=1 run=1524353495544 event=submit input_id=11 frame_id=1099 t_ns=1529317739014 update_cpu_ns=14299136 final=0
K230_CARD_BENCH v=1 run=1524353495544 event=present frame_id=1098 t_ns=1529301384000 presented=1 clock=monotonic
K230_CARD_BENCH v=1 run=1524353495544 event=input input_id=11 gesture_id=28 kind=motion t_ns=1529296634456 source=injected
K230_CARD_SHELL state mode=2 actions=1 message=0 cards=2
K230_CARD_SHELL state mode=2 actions=1 message=0 cards=2
K230_CARD_BENCH v=1 run=1524353495544 event=present frame_id=1097 t_ns=1529263066000 presented=1 clock=monotonic
K230_CARD_BENCH v=1 run=1524353495544 event=present frame_id=1096 t_ns=1529243908000 presented=1 clock=monotonic
K230_CARD_BENCH v=1 run=1524353495544 event=present frame_id=1095 t_ns=1529205590000 presented=1 clock=monotonic
K230_CARD_BENCH v=1 run=1524353495544 event=present frame_id=1094 t_ns=1529186431000 presented=1 clock=monotonic
K230_CARD_BENCH v=1 run=1524353495544 event=present frame_id=1093 t_ns=1529148113000 presented=1 clock=monotonic
K230_CARD_BENCH v=1 run=1524353495544 event=present frame_id=1092 t_ns=1529128955000 presented=1 clock=monotonic
K230_CARD_BENCH v=1 run=1524353495544 event=present frame_id=1091 t_ns=1529090637000 presented=1 clock=monotonic
K230_CARD_BENCH v=1 run=1524353495544 event=present frame_id=1090 t_ns=1529071478000 presented=1 clock=monotonic
K230_CARD_BENCH v=1 run=1524353495544 event=present frame_id=1089 t_ns=1529033159000 presented=1 clock=monotonic
K230_CARD_BENCH v=1 run=1524353495544 event=present frame_id=1088 t_ns=1529014002000 presented=1 clock=monotonic
K230_CARD_BENCH v=1 run=1524353495544 event=present frame_id=1087 t_ns=1528975684000 presented=1 clock=monotonic
K230_CARD_BENCH v=1 run=1524353495544 event=present frame_id=1086 t_ns=1528956526000 presented=1 clock=monotonic
K230_CARD_BENCH v=1 run=1524353495544 event=present frame_id=1085 t_ns=1528918206000 presented=1 clock=monotonic
K230_CARD_BENCH v=1 run=1524353495544 event=present frame_id=1084 t_ns=1528899049000 presented=1 clock=monotonic
K230_CARD_BENCH v=1 run=1524353495544 event=present frame_id=1083 t_ns=1528860731000 presented=1 clock=monotonic
K230_CARD_BENCH v=1 run=1524353495544 event=present frame_id=1082 t_ns=1528841573000 presented=1 clock=monotonic
K230_CARD_BENCH v=1 run=1524353495544 event=present frame_id=1081 t_ns=1528803255000 presented=1 clock=monotonic
K230_CARD_BENCH v=1 run=1524353495544 event=present frame_id=1080 t_ns=1528784098000 presented=1 clock=monotonic
K230_CARD_BENCH v=1 run=1524353495544 event=present frame_id=1079 t_ns=1528745778000 presented=1 clock=monotonic
K230_CARD_BENCH v=1 run=1524353495544 event=present frame_id=1078 t_ns=1528726619000 presented=1 clock=monotonic
K230_CARD_BENCH v=1 run=1524353495544 event=present frame_id=1077 t_ns=1528688302000 presented=1 clock=monotonic
K230_CARD_BENCH v=1 run=1524353495544 event=present frame_id=1076 t_ns=1528669144000 presented=1 clock=monotonic
K230_CARD_BENCH v=1 run=1524353495544 event=present frame_id=1075 t_ns=1528630825000 presented=1 clock=monotonic
K230_CARD_BENCH v=1 run=1524353495544 event=present frame_id=1074 t_ns=1528611667000 presented=1 clock=monotonic
K230_CARD_BENCH v=1 run=1524353495544 event=present frame_id=1073 t_ns=1528573347000 presented=1 clock=monotonic
K230_CARD_BENCH v=1 run=1524353495544 event=present frame_id=1072 t_ns=1528554190000 presented=1 clock=monotonic
K230_CARD_BENCH v=1 run=1524353495544 event=present frame_id=1071 t_ns=1528515872000 presented=1 clock=monotonic
K230_CARD_BENCH v=1 run=1524353495544 event=present frame_id=1070 t_ns=1528496713000 presented=1 clock=monotonic
K230_CARD_BENCH v=1 run=1524353495544 event=present frame_id=1069 t_ns=1528458395000 presented=1 clock=monotonic
K230_CARD_BENCH v=1 run=1524353495544 event=present frame_id=1068 t_ns=1528439237000 presented=1 clock=monotonic
K230_CARD_BENCH v=1 run=1524353495544 event=present frame_id=1067 t_ns=1528400923000 presented=1 clock=monotonic
K230_CARD_BENCH v=1 run=1524353495544 event=resource phase=active t_ns=1528398091315 cpu_ns=23130749000 memory_bytes=27475968 scope=session
K230_CARD_BENCH v=1 run=1524353495544 event=resource phase=active t_ns=1528398091315 cpu_ns=13508889179 memory_bytes=34385920 scope=compositor
K230_CARD_BENCH v=1 run=1524353495544 event=present frame_id=1066 t_ns=1528381761000 presented=1 clock=monotonic
K230_CARD_BENCH v=1 run=1524353495544 event=present frame_id=1065 t_ns=1528343442000 presented=1 clock=monotonic
K230_CARD_BENCH v=1 run=1524353495544 event=present frame_id=1064 t_ns=1528324285000 presented=1 clock=monotonic
K230_CARD_BENCH v=1 run=1524353495544 event=present frame_id=1063 t_ns=1528285967000 presented=1 clock=monotonic
K230_CARD_SHELL live cards=2 commits=536 sampled=1052 frame-done=1056 output-presented=527
K230_CARD_BENCH v=1 run=1524353495544 event=present frame_id=1062 t_ns=1528266809000 presented=1 clock=monotonic
K230_CARD_BENCH v=1 run=1524353495544 event=present frame_id=1061 t_ns=1528228490000 presented=1 clock=monotonic
K230_CARD_BENCH v=1 run=1524353495544 event=present frame_id=1060 t_ns=1528209331000 presented=1 clock=monotonic
K230_CARD_BENCH v=1 run=1524353495544 event=present frame_id=1059 t_ns=1528171014000 presented=1 clock=monotonic
K230_CARD_BENCH v=1 run=1524353495544 event=present frame_id=1058 t_ns=1528151856000 presented=1 clock=monotonic
K230_CARD_BENCH v=1 run=1524353495544 event=present frame_id=1057 t_ns=1528113537000 presented=1 clock=monotonic
K230_CARD_BENCH v=1 run=1524353495544 event=present frame_id=1056 t_ns=1528094379000 presented=1 clock=monotonic
K230_CARD_BENCH v=1 run=1524353495544 event=present frame_id=1055 t_ns=1528056067000 presented=1 clock=monotonic
K230_CARD_BENCH v=1 run=1524353495544 event=present frame_id=1054 t_ns=1528017744000 presented=1 clock=monotonic
K230_CARD_BENCH v=1 run=1524353495544 event=present frame_id=1053 t_ns=1527979435000 presented=1 clock=monotonic
K230_CARD_BENCH v=1 run=1524353495544 event=present frame_id=1052 t_ns=1527941110000 presented=1 clock=monotonic
K230_CARD_BENCH v=1 run=1524353495544 event=present frame_id=1051 t_ns=1527902792000 presented=1 clock=monotonic
K230_CARD_BENCH v=1 run=1524353495544 event=present frame_id=1050 t_ns=1527864492000 presented=1 clock=monotonic
K230_CARD_BENCH v=1 run=1524353495544 event=present frame_id=1049 t_ns=1527845321000 presented=1 clock=monotonic
K230_CARD_BENCH v=1 run=1524353495544 event=present frame_id=1048 t_ns=1527806998000 presented=1 clock=monotonic
K230_CARD_SHELL frame-cost run=1524353495544 frame_id=1048 total_cpu_ns=14953882 render_cpu_ns=14735066 input_cpu_ns=58039
K230_CARD_BENCH v=1 run=1524353495544 event=submit input_id=10 frame_id=1048 t_ns=1527806436825 update_cpu_ns=14953882 final=1
K230_CARD_BENCH v=1 run=1524353495544 event=submit input_id=9 frame_id=1048 t_ns=1527806436825 update_cpu_ns=14953882 final=0
K230_CARD_BENCH v=1 run=1524353495544 event=submit input_id=8 frame_id=1048 t_ns=1527806436825 update_cpu_ns=14953882 final=0
K230_CARD_BENCH v=1 run=1524353495544 event=present frame_id=1047 t_ns=1527787838000 presented=1 clock=monotonic
K230_CARD_BENCH v=1 run=1524353495544 event=input input_id=10 gesture_id=27 kind=release t_ns=1527775355615 source=injected
K230_CARD_BENCH v=1 run=1524353495544 event=input input_id=9 gesture_id=27 kind=motion t_ns=1527773773852 source=injected
K230_CARD_BENCH v=1 run=1524353495544 event=input input_id=8 gesture_id=27 kind=motion t_ns=1527773640499 source=injected
K230_CARD_SHELL frame-cost run=1524353495544 frame_id=1047 total_cpu_ns=15660107 render_cpu_ns=15406108 input_cpu_ns=17927
K230_CARD_BENCH v=1 run=1524353495544 event=submit input_id=7 frame_id=1047 t_ns=1527772746983 update_cpu_ns=15660107 final=0
K230_CARD_BENCH v=1 run=1524353495544 event=submit input_id=6 frame_id=1047 t_ns=1527772746983 update_cpu_ns=15660107 final=0
K230_CARD_BENCH v=1 run=1524353495544 event=submit input_id=5 frame_id=1047 t_ns=1527772746983 update_cpu_ns=15660107 final=0
K230_CARD_BENCH v=1 run=1524353495544 event=submit input_id=4 frame_id=1047 t_ns=1527772746983 update_cpu_ns=15660107 final=0
K230_CARD_BENCH v=1 run=1524353495544 event=present frame_id=1046 t_ns=1527749521000 presented=1 clock=monotonic
K230_CARD_BENCH v=1 run=1524353495544 event=input input_id=7 gesture_id=27 kind=motion t_ns=1527747706419 source=injected
K230_CARD_BENCH v=1 run=1524353495544 event=input input_id=6 gesture_id=27 kind=motion t_ns=1527746368218 source=injected
K230_CARD_BENCH v=1 run=1524353495544 event=input input_id=5 gesture_id=27 kind=motion t_ns=1527746287192 source=injected
K230_CARD_BENCH v=1 run=1524353495544 event=input input_id=4 gesture_id=27 kind=motion t_ns=1527746107770 source=injected
K230_CARD_SHELL frame-cost run=1524353495544 frame_id=1046 total_cpu_ns=23627794 render_cpu_ns=15491904 input_cpu_ns=7905295
K230_CARD_BENCH v=1 run=1524353495544 event=submit input_id=3 frame_id=1046 t_ns=1527736075598 update_cpu_ns=23627794 final=0
K230_CARD_BENCH v=1 run=1524353495544 event=submit input_id=2 frame_id=1046 t_ns=1527736075598 update_cpu_ns=23627794 final=0
K230_CARD_BENCH v=1 run=1524353495544 event=submit input_id=1 frame_id=1046 t_ns=1527736075598 update_cpu_ns=23627794 final=0
K230_CARD_BENCH v=1 run=1524353495544 event=present frame_id=1045 t_ns=1527711205000 presented=1 clock=monotonic
K230_CARD_BENCH v=1 run=1524353495544 event=input input_id=3 gesture_id=27 kind=motion t_ns=1527717153814 source=injected
K230_CARD_BENCH v=1 run=1524353495544 event=input input_id=2 gesture_id=27 kind=motion t_ns=1527716147127 source=injected
K230_CARD_BENCH v=1 run=1524353495544 event=input input_id=1 gesture_id=27 kind=motion t_ns=1527696252577 source=injected
K230_CARD_SHELL state mode=1 actions=35 message=0 cards=2
K230_CARD_SHELL mirror id=9 format=34325258 width=128 height=96 stride=512
K230_CARD_SHELL mirror id=9 format=34325258 width=520 height=1040 stride=2080
K230_CARD_SHELL mirror id=7 format=34325258 width=128 height=96 stride=512
K230_CARD_SHELL mirror id=7 format=34325258 width=520 height=1040 stride=2080
K230_CARD_BENCH v=1 run=1524353495544 event=session t_ns=1527696252577 clock=monotonic backend=drm renderer=pixman width=568 height=1232 output_format=RGB565 input=injected cards=2
K230_CARD_BENCH v=1 run=1524353495544 event=present frame_id=1044 t_ns=1527672885000 presented=1 clock=monotonic
K230_CARD_BENCH v=1 run=1524353495544 event=present frame_id=1043 t_ns=1527653727000 presented=1 clock=monotonic
K230_CARD_BENCH v=1 run=1524353495544 event=present frame_id=1042 t_ns=1527634568000 presented=1 clock=monotonic
K230_CARD_BENCH v=1 run=1524353495544 event=present frame_id=1041 t_ns=1527615409000 presented=1 clock=monotonic
K230_CARD_BENCH v=1 run=1524353495544 event=present frame_id=1040 t_ns=1527596250000 presented=1 clock=monotonic
K230_CARD_BENCH v=1 run=1524353495544 event=present frame_id=1039 t_ns=1527557931000 presented=1 clock=monotonic
K230_CARD_BENCH v=1 run=1524353495544 event=present frame_id=1038 t_ns=1527538774000 presented=1 clock=monotonic
K230_CARD_BENCH v=1 run=1524353495544 event=present frame_id=1037 t_ns=1527519615000 presented=1 clock=monotonic
K230_CARD_BENCH v=1 run=1524353495544 event=present frame_id=1036 t_ns=1527500456000 presented=1 clock=monotonic
K230_CARD_BENCH v=1 run=1524353495544 event=present frame_id=1035 t_ns=1527462139000 presented=1 clock=monotonic
K230_CARD_BENCH v=1 run=1524353495544 event=present frame_id=1034 t_ns=1527442979000 presented=1 clock=monotonic
K230_CARD_BENCH v=1 run=1524353495544 event=present frame_id=1033 t_ns=1527423822000 presented=1 clock=monotonic
K230_CARD_BENCH v=1 run=1524353495544 event=present frame_id=1032 t_ns=1527404662000 presented=1 clock=monotonic
K230_CARD_BENCH v=1 run=1524353495544 event=present frame_id=1031 t_ns=1527385504000 presented=1 clock=monotonic
K230_CARD_BENCH v=1 run=1524353495544 event=resource phase=baseline t_ns=1527376330501 cpu_ns=22374503000 memory_bytes=27222016 scope=session
K230_CARD_BENCH v=1 run=1524353495544 event=resource phase=baseline t_ns=1527376330501 cpu_ns=13026238197 memory_bytes=34123776 scope=compositor
K230_CARD_BENCH v=1 run=1524353495544 event=present frame_id=1030 t_ns=1527366344000 presented=1 clock=monotonic
K230_CARD_BENCH v=1 run=1524353495544 event=present frame_id=1029 t_ns=1527328039000 presented=1 clock=monotonic
K230_CARD_BENCH v=1 run=1524353495544 event=present frame_id=1028 t_ns=1527308868000 presented=1 clock=monotonic
K230_CARD_BENCH v=1 run=1524353495544 event=present frame_id=1027 t_ns=1527289709000 presented=1 clock=monotonic
K230_CARD_BENCH v=1 run=1524353495544 event=present frame_id=1026 t_ns=1527270551000 presented=1 clock=monotonic
K230_CARD_BENCH v=1 run=1524353495544 event=present frame_id=1025 t_ns=1527251392000 presented=1 clock=monotonic
K230_CARD_BENCH v=1 run=1524353495544 event=present frame_id=1024 t_ns=1527232234000 presented=1 clock=monotonic
K230_CARD_BENCH v=1 run=1524353495544 event=present frame_id=1023 t_ns=1527213074000 presented=1 clock=monotonic
K230_CARD_BENCH v=1 run=1524353495544 event=present frame_id=1022 t_ns=1527193915000 presented=1 clock=monotonic
K230_CARD_BENCH v=1 run=1524353495544 event=present frame_id=1021 t_ns=1527155598000 presented=1 clock=monotonic
K230_CARD_BENCH v=1 run=1524353495544 event=present frame_id=1020 t_ns=1527136440000 presented=1 clock=monotonic
K230_CARD_BENCH v=1 run=1524353495544 event=present frame_id=1019 t_ns=1527117280000 presented=1 clock=monotonic
K230_CARD_BENCH v=1 run=1524353495544 event=present frame_id=1018 t_ns=1527098122000 presented=1 clock=monotonic
K230_CARD_BENCH v=1 run=1524353495544 event=present frame_id=1017 t_ns=1527078963000 presented=1 clock=monotonic
K230_CARD_BENCH v=1 run=1524353495544 event=present frame_id=1016 t_ns=1527059803000 presented=1 clock=monotonic
K230_CARD_BENCH v=1 run=1524353495544 event=present frame_id=1015 t_ns=1527040645000 presented=1 clock=monotonic
K230_CARD_BENCH v=1 run=1524353495544 event=present frame_id=1014 t_ns=1527002327000 presented=1 clock=monotonic
K230_CARD_BENCH v=1 run=1524353495544 event=present frame_id=1013 t_ns=1526983168000 presented=1 clock=monotonic
K230_CARD_BENCH v=1 run=1524353495544 event=present frame_id=1012 t_ns=1526964036000 presented=1 clock=monotonic
K230_CARD_BENCH v=1 run=1524353495544 event=present frame_id=1011 t_ns=1526944851000 presented=1 clock=monotonic
K230_CARD_BENCH v=1 run=1524353495544 event=present frame_id=1010 t_ns=1526925693000 presented=1 clock=monotonic
K230_CARD_BENCH v=1 run=1524353495544 event=present frame_id=1009 t_ns=1526906533000 presented=1 clock=monotonic
K230_CARD_BENCH v=1 run=1524353495544 event=present frame_id=1008 t_ns=1526887374000 presented=1 clock=monotonic
K230_CARD_BENCH v=1 run=1524353495544 event=present frame_id=1007 t_ns=1526868216000 presented=1 clock=monotonic
K230_CARD_BENCH v=1 run=1524353495544 event=present frame_id=1006 t_ns=1526829898000 presented=1 clock=monotonic
K230_CARD_BENCH v=1 run=1524353495544 event=present frame_id=1005 t_ns=1526810739000 presented=1 clock=monotonic
K230_CARD_BENCH v=1 run=1524353495544 event=present frame_id=1004 t_ns=1526791580000 presented=1 clock=monotonic
K230_CARD_BENCH v=1 run=1524353495544 event=present frame_id=1003 t_ns=1526772422000 presented=1 clock=monotonic
K230_CARD_BENCH v=1 run=1524353495544 event=present frame_id=1002 t_ns=1526753263000 presented=1 clock=monotonic
K230_CARD_BENCH v=1 run=1524353495544 event=present frame_id=1001 t_ns=1526734105000 presented=1 clock=monotonic
K230_CARD_BENCH v=1 run=1524353495544 event=present frame_id=1000 t_ns=1526714945000 presented=1 clock=monotonic
K230_CARD_BENCH v=1 run=1524353495544 event=present frame_id=999 t_ns=1526695786000 presented=1 clock=monotonic
K230_CARD_BENCH v=1 run=1524353495544 event=present frame_id=998 t_ns=1526657469000 presented=1 clock=monotonic
K230_CARD_BENCH v=1 run=1524353495544 event=present frame_id=997 t_ns=1526638310000 presented=1 clock=monotonic
K230_CARD_BENCH v=1 run=1524353495544 event=present frame_id=996 t_ns=1526619151000 presented=1 clock=monotonic
K230_CARD_BENCH v=1 run=1524353495544 event=present frame_id=995 t_ns=1526599993000 presented=1 clock=monotonic
K230_CARD_BENCH v=1 run=1524353495544 event=present frame_id=994 t_ns=1526580833000 presented=1 clock=monotonic
K230_CARD_BENCH v=1 run=1524353495544 event=present frame_id=993 t_ns=1526561675000 presented=1 clock=monotonic
K230_CARD_BENCH v=1 run=1524353495544 event=present frame_id=992 t_ns=1526542516000 presented=1 clock=monotonic
K230_CARD_BENCH v=1 run=1524353495544 event=present frame_id=991 t_ns=1526504199000 presented=1 clock=monotonic
K230_CARD_BENCH v=1 run=1524353495544 event=present frame_id=990 t_ns=1526485040000 presented=1 clock=monotonic
K230_CARD_BENCH v=1 run=1524353495544 event=present frame_id=989 t_ns=1526465881000 presented=1 clock=monotonic
K230_CARD_BENCH v=1 run=1524353495544 event=present frame_id=988 t_ns=1526446722000 presented=1 clock=monotonic
K230_CARD_BENCH v=1 run=1524353495544 event=present frame_id=987 t_ns=1526427564000 presented=1 clock=monotonic
K230_CARD_BENCH v=1 run=1524353495544 event=present frame_id=986 t_ns=1526408404000 presented=1 clock=monotonic
K230_CARD_BENCH v=1 run=1524353495544 event=present frame_id=985 t_ns=1526389246000 presented=1 clock=monotonic
K230_CARD_BENCH v=1 run=1524353495544 event=resource phase=baseline t_ns=1526376116683 cpu_ns=21505644000 memory_bytes=27222016 scope=session
K230_CARD_BENCH v=1 run=1524353495544 event=resource phase=baseline t_ns=1526376116683 cpu_ns=12601693865 memory_bytes=34123776 scope=compositor
K230_CARD_BENCH v=1 run=1524353495544 event=present frame_id=984 t_ns=1526350928000 presented=1 clock=monotonic
K230_CARD_BENCH v=1 run=1524353495544 event=present frame_id=983 t_ns=1526331769000 presented=1 clock=monotonic
K230_CARD_BENCH v=1 run=1524353495544 event=present frame_id=982 t_ns=1526312610000 presented=1 clock=monotonic
K230_CARD_BENCH v=1 run=1524353495544 event=present frame_id=981 t_ns=1526293453000 presented=1 clock=monotonic
K230_CARD_BENCH v=1 run=1524353495544 event=present frame_id=980 t_ns=1526274293000 presented=1 clock=monotonic
K230_CARD_BENCH v=1 run=1524353495544 event=present frame_id=979 t_ns=1526255134000 presented=1 clock=monotonic
K230_CARD_BENCH v=1 run=1524353495544 event=present frame_id=978 t_ns=1526235975000 presented=1 clock=monotonic
K230_CARD_BENCH v=1 run=1524353495544 event=present frame_id=977 t_ns=1526216817000 presented=1 clock=monotonic
K230_CARD_BENCH v=1 run=1524353495544 event=present frame_id=976 t_ns=1526178497000 presented=1 clock=monotonic
K230_CARD_BENCH v=1 run=1524353495544 event=present frame_id=975 t_ns=1526159340000 presented=1 clock=monotonic
K230_CARD_BENCH v=1 run=1524353495544 event=present frame_id=974 t_ns=1526140186000 presented=1 clock=monotonic
K230_CARD_BENCH v=1 run=1524353495544 event=present frame_id=973 t_ns=1526121023000 presented=1 clock=monotonic
K230_CARD_BENCH v=1 run=1524353495544 event=present frame_id=972 t_ns=1526101864000 presented=1 clock=monotonic
K230_CARD_BENCH v=1 run=1524353495544 event=present frame_id=971 t_ns=1526082706000 presented=1 clock=monotonic
K230_CARD_BENCH v=1 run=1524353495544 event=present frame_id=970 t_ns=1526063546000 presented=1 clock=monotonic
K230_CARD_BENCH v=1 run=1524353495544 event=present frame_id=969 t_ns=1526044388000 presented=1 clock=monotonic
K230_CARD_BENCH v=1 run=1524353495544 event=present frame_id=968 t_ns=1526006070000 presented=1 clock=monotonic
K230_CARD_BENCH v=1 run=1524353495544 event=present frame_id=967 t_ns=1525986912000 presented=1 clock=monotonic
K230_CARD_BENCH v=1 run=1524353495544 event=present frame_id=966 t_ns=1525967752000 presented=1 clock=monotonic
K230_CARD_BENCH v=1 run=1524353495544 event=present frame_id=965 t_ns=1525948594000 presented=1 clock=monotonic
K230_CARD_BENCH v=1 run=1524353495544 event=present frame_id=964 t_ns=1525929435000 presented=1 clock=monotonic
K230_CARD_BENCH v=1 run=1524353495544 event=present frame_id=963 t_ns=1525910276000 presented=1 clock=monotonic
K230_CARD_BENCH v=1 run=1524353495544 event=present frame_id=962 t_ns=1525891117000 presented=1 clock=monotonic
K230_CARD_BENCH v=1 run=1524353495544 event=present frame_id=961 t_ns=1525852799000 presented=1 clock=monotonic
K230_CARD_BENCH v=1 run=1524353495544 event=present frame_id=960 t_ns=1525833641000 presented=1 clock=monotonic
K230_CARD_BENCH v=1 run=1524353495544 event=present frame_id=959 t_ns=1525814482000 presented=1 clock=monotonic
K230_CARD_BENCH v=1 run=1524353495544 event=present frame_id=958 t_ns=1525795323000 presented=1 clock=monotonic
K230_CARD_BENCH v=1 run=1524353495544 event=present frame_id=957 t_ns=1525776166000 presented=1 clock=monotonic
K230_CARD_BENCH v=1 run=1524353495544 event=present frame_id=956 t_ns=1525757005000 presented=1 clock=monotonic
K230_CARD_BENCH v=1 run=1524353495544 event=present frame_id=955 t_ns=1525737846000 presented=1 clock=monotonic
K230_CARD_BENCH v=1 run=1524353495544 event=present frame_id=954 t_ns=1525718688000 presented=1 clock=monotonic
K230_CARD_BENCH v=1 run=1524353495544 event=present frame_id=953 t_ns=1525680370000 presented=1 clock=monotonic
K230_CARD_BENCH v=1 run=1524353495544 event=present frame_id=952 t_ns=1525661211000 presented=1 clock=monotonic
K230_CARD_BENCH v=1 run=1524353495544 event=present frame_id=951 t_ns=1525642053000 presented=1 clock=monotonic
K230_CARD_BENCH v=1 run=1524353495544 event=present frame_id=950 t_ns=1525622894000 presented=1 clock=monotonic
K230_CARD_BENCH v=1 run=1524353495544 event=present frame_id=949 t_ns=1525603735000 presented=1 clock=monotonic
K230_CARD_BENCH v=1 run=1524353495544 event=present frame_id=948 t_ns=1525584577000 presented=1 clock=monotonic
K230_CARD_BENCH v=1 run=1524353495544 event=present frame_id=947 t_ns=1525565418000 presented=1 clock=monotonic
K230_CARD_BENCH v=1 run=1524353495544 event=present frame_id=946 t_ns=1525527098000 presented=1 clock=monotonic
K230_CARD_BENCH v=1 run=1524353495544 event=present frame_id=945 t_ns=1525507941000 presented=1 clock=monotonic
K230_CARD_BENCH v=1 run=1524353495544 event=present frame_id=944 t_ns=1525488782000 presented=1 clock=monotonic
K230_CARD_BENCH v=1 run=1524353495544 event=present frame_id=943 t_ns=1525469624000 presented=1 clock=monotonic
K230_CARD_BENCH v=1 run=1524353495544 event=present frame_id=942 t_ns=1525450465000 presented=1 clock=monotonic
K230_CARD_BENCH v=1 run=1524353495544 event=present frame_id=941 t_ns=1525431305000 presented=1 clock=monotonic
K230_CARD_BENCH v=1 run=1524353495544 event=present frame_id=940 t_ns=1525412147000 presented=1 clock=monotonic
K230_CARD_BENCH v=1 run=1524353495544 event=present frame_id=939 t_ns=1525373828000 presented=1 clock=monotonic
K230_CARD_BENCH v=1 run=1524353495544 event=resource phase=baseline t_ns=1525374007906 cpu_ns=20632469000 memory_bytes=27222016 scope=session
K230_CARD_BENCH v=1 run=1524353495544 event=resource phase=baseline t_ns=1525374007906 cpu_ns=12176787271 memory_bytes=34123776 scope=compositor
K230_CARD_BENCH v=1 run=1524353495544 event=present frame_id=938 t_ns=1525354671000 presented=1 clock=monotonic
K230_CARD_BENCH v=1 run=1524353495544 event=present frame_id=937 t_ns=1525335512000 presented=1 clock=monotonic
K230_CARD_BENCH v=1 run=1524353495544 event=present frame_id=936 t_ns=1525316353000 presented=1 clock=monotonic
K230_CARD_BENCH v=1 run=1524353495544 event=present frame_id=935 t_ns=1525297195000 presented=1 clock=monotonic
K230_CARD_BENCH v=1 run=1524353495544 event=present frame_id=934 t_ns=1525278036000 presented=1 clock=monotonic
K230_CARD_BENCH v=1 run=1524353495544 event=present frame_id=933 t_ns=1525239718000 presented=1 clock=monotonic
K230_CARD_BENCH v=1 run=1524353495544 event=present frame_id=932 t_ns=1525220559000 presented=1 clock=monotonic
K230_CARD_BENCH v=1 run=1524353495544 event=present frame_id=931 t_ns=1525201401000 presented=1 clock=monotonic
K230_CARD_BENCH v=1 run=1524353495544 event=present frame_id=930 t_ns=1525182242000 presented=1 clock=monotonic
K230_CARD_BENCH v=1 run=1524353495544 event=present frame_id=929 t_ns=1525163083000 presented=1 clock=monotonic
K230_CARD_BENCH v=1 run=1524353495544 event=present frame_id=928 t_ns=1525143925000 presented=1 clock=monotonic
K230_CARD_BENCH v=1 run=1524353495544 event=present frame_id=927 t_ns=1525124765000 presented=1 clock=monotonic
K230_CARD_BENCH v=1 run=1524353495544 event=present frame_id=926 t_ns=1525105607000 presented=1 clock=monotonic
K230_CARD_BENCH v=1 run=1524353495544 event=present frame_id=925 t_ns=1525067289000 presented=1 clock=monotonic
K230_CARD_BENCH v=1 run=1524353495544 event=present frame_id=924 t_ns=1525048130000 presented=1 clock=monotonic
K230_CARD_BENCH v=1 run=1524353495544 event=present frame_id=923 t_ns=1525028972000 presented=1 clock=monotonic
K230_CARD_BENCH v=1 run=1524353495544 event=present frame_id=922 t_ns=1525009813000 presented=1 clock=monotonic
K230_CARD_BENCH v=1 run=1524353495544 event=present frame_id=921 t_ns=1524990654000 presented=1 clock=monotonic
K230_CARD_BENCH v=1 run=1524353495544 event=present frame_id=920 t_ns=1524971495000 presented=1 clock=monotonic
K230_CARD_BENCH v=1 run=1524353495544 event=present frame_id=919 t_ns=1524952336000 presented=1 clock=monotonic
K230_CARD_BENCH v=1 run=1524353495544 event=present frame_id=918 t_ns=1524933178000 presented=1 clock=monotonic
K230_CARD_BENCH v=1 run=1524353495544 event=present frame_id=917 t_ns=1524894860000 presented=1 clock=monotonic
K230_CARD_BENCH v=1 run=1524353495544 event=present frame_id=916 t_ns=1524875701000 presented=1 clock=monotonic
K230_CARD_BENCH v=1 run=1524353495544 event=present frame_id=915 t_ns=1524856542000 presented=1 clock=monotonic
K230_CARD_BENCH v=1 run=1524353495544 event=present frame_id=914 t_ns=1524837383000 presented=1 clock=monotonic
K230_CARD_BENCH v=1 run=1524353495544 event=present frame_id=913 t_ns=1524818225000 presented=1 clock=monotonic
K230_CARD_BENCH v=1 run=1524353495544 event=present frame_id=912 t_ns=1524799066000 presented=1 clock=monotonic
K230_CARD_BENCH v=1 run=1524353495544 event=present frame_id=911 t_ns=1524779908000 presented=1 clock=monotonic
K230_CARD_BENCH v=1 run=1524353495544 event=present frame_id=910 t_ns=1524760748000 presented=1 clock=monotonic
K230_CARD_BENCH v=1 run=1524353495544 event=present frame_id=909 t_ns=1524722431000 presented=1 clock=monotonic
K230_CARD_BENCH v=1 run=1524353495544 event=present frame_id=908 t_ns=1524703272000 presented=1 clock=monotonic
K230_CARD_BENCH v=1 run=1524353495544 event=present frame_id=907 t_ns=1524684115000 presented=1 clock=monotonic
K230_CARD_BENCH v=1 run=1524353495544 event=present frame_id=906 t_ns=1524664955000 presented=1 clock=monotonic
K230_CARD_BENCH v=1 run=1524353495544 event=present frame_id=905 t_ns=1524645796000 presented=1 clock=monotonic
K230_CARD_BENCH v=1 run=1524353495544 event=present frame_id=904 t_ns=1524626637000 presented=1 clock=monotonic
K230_CARD_BENCH v=1 run=1524353495544 event=present frame_id=903 t_ns=1524607479000 presented=1 clock=monotonic
K230_CARD_BENCH v=1 run=1524353495544 event=present frame_id=902 t_ns=1524588320000 presented=1 clock=monotonic
K230_CARD_BENCH v=1 run=1524353495544 event=present frame_id=901 t_ns=1524550001000 presented=1 clock=monotonic
K230_CARD_BENCH v=1 run=1524353495544 event=present frame_id=900 t_ns=1524530843000 presented=1 clock=monotonic
K230_CARD_BENCH v=1 run=1524353495544 event=present frame_id=899 t_ns=1524511685000 presented=1 clock=monotonic
K230_CARD_BENCH v=1 run=1524353495544 event=present frame_id=898 t_ns=1524492525000 presented=1 clock=monotonic
K230_CARD_BENCH v=1 run=1524353495544 event=present frame_id=897 t_ns=1524473367000 presented=1 clock=monotonic
K230_CARD_BENCH v=1 run=1524353495544 event=present frame_id=896 t_ns=1524454209000 presented=1 clock=monotonic
K230_CARD_BENCH v=1 run=1524353495544 event=present frame_id=895 t_ns=1524415893000 presented=1 clock=monotonic
K230_CARD_SHELL input=injected operation=benchmark accepted=1
K230_CARD_BENCH v=1 run=1524353495544 event=resource phase=baseline t_ns=1524353652080 cpu_ns=19737714000 memory_bytes=23420928 scope=session
K230_CARD_BENCH v=1 run=1524353495544 event=resource phase=baseline t_ns=1524353652080 cpu_ns=11755697340 memory_bytes=27570176 scope=compositor
K230_CARD_SHELL map id=9 class=2
K230_CARD_SHELL state mode=0 actions=32 message=0 cards=2
K230_CARD_SHELL input=injected operation=benchmark-stop accepted=1
K230_CARD_BENCH v=1 run=1501316649118 event=present frame_id=889 t_ns=1524166826000 presented=1 clock=monotonic
K230_CARD_BENCH v=1 run=1501316649118 event=present frame_id=888 t_ns=1524147667000 presented=1 clock=monotonic
K230_CARD_BENCH v=1 run=1501316649118 event=present frame_id=887 t_ns=1524128510000 presented=1 clock=monotonic
K230_CARD_BENCH v=1 run=1501316649118 event=present frame_id=886 t_ns=1524090192000 presented=1 clock=monotonic
K230_CARD_BENCH v=1 run=1501316649118 event=present frame_id=885 t_ns=1524071031000 presented=1 clock=monotonic
K230_CARD_BENCH v=1 run=1501316649118 event=present frame_id=884 t_ns=1524051873000 presented=1 clock=monotonic
K230_CARD_BENCH v=1 run=1501316649118 event=present frame_id=883 t_ns=1524032715000 presented=1 clock=monotonic
K230_CARD_BENCH v=1 run=1501316649118 event=present frame_id=882 t_ns=1524013556000 presented=1 clock=monotonic
K230_CARD_BENCH v=1 run=1501316649118 event=present frame_id=881 t_ns=1523994397000 presented=1 clock=monotonic
K230_CARD_BENCH v=1 run=1501316649118 event=present frame_id=880 t_ns=1523975239000 presented=1 clock=monotonic
K230_CARD_BENCH v=1 run=1501316649118 event=present frame_id=879 t_ns=1523956080000 presented=1 clock=monotonic
K230_CARD_BENCH v=1 run=1501316649118 event=present frame_id=878 t_ns=1523936921000 presented=1 clock=monotonic
K230_CARD_BENCH v=1 run=1501316649118 event=present frame_id=877 t_ns=1523898604000 presented=1 clock=monotonic
K230_CARD_BENCH v=1 run=1501316649118 event=present frame_id=876 t_ns=1523879443000 presented=1 clock=monotonic
K230_CARD_BENCH v=1 run=1501316649118 event=present frame_id=875 t_ns=1523860286000 presented=1 clock=monotonic
K230_CARD_BENCH v=1 run=1501316649118 event=present frame_id=874 t_ns=1523841127000 presented=1 clock=monotonic
K230_CARD_BENCH v=1 run=1501316649118 event=present frame_id=873 t_ns=1523821968000 presented=1 clock=monotonic
K230_CARD_BENCH v=1 run=1501316649118 event=present frame_id=872 t_ns=1523802810000 presented=1 clock=monotonic
K230_CARD_BENCH v=1 run=1501316649118 event=present frame_id=871 t_ns=1523783650000 presented=1 clock=monotonic
K230_CARD_BENCH v=1 run=1501316649118 event=present frame_id=870 t_ns=1523764491000 presented=1 clock=monotonic
K230_CARD_BENCH v=1 run=1501316649118 event=present frame_id=869 t_ns=1523745334000 presented=1 clock=monotonic
K230_CARD_BENCH v=1 run=1501316649118 event=present frame_id=868 t_ns=1523707016000 presented=1 clock=monotonic
K230_CARD_BENCH v=1 run=1501316649118 event=present frame_id=867 t_ns=1523687857000 presented=1 clock=monotonic
K230_CARD_BENCH v=1 run=1501316649118 event=present frame_id=866 t_ns=1523668698000 presented=1 clock=monotonic
K230_CARD_BENCH v=1 run=1501316649118 event=present frame_id=865 t_ns=1523649539000 presented=1 clock=monotonic
K230_CARD_BENCH v=1 run=1501316649118 event=present frame_id=864 t_ns=1523630380000 presented=1 clock=monotonic
K230_CARD_BENCH v=1 run=1501316649118 event=present frame_id=863 t_ns=1523611222000 presented=1 clock=monotonic
K230_CARD_BENCH v=1 run=1501316649118 event=resource phase=restored t_ns=1523603768667 cpu_ns=19084004000 memory_bytes=19685376 scope=session
K230_CARD_BENCH v=1 run=1501316649118 event=resource phase=restored t_ns=1523603768667 cpu_ns=11456280497 memory_bytes=27570176 scope=compositor
K230_CARD_BENCH v=1 run=1501316649118 event=present frame_id=862 t_ns=1523592063000 presented=1 clock=monotonic
K230_CARD_BENCH v=1 run=1501316649118 event=present frame_id=861 t_ns=1523572904000 presented=1 clock=monotonic
K230_CARD_BENCH v=1 run=1501316649118 event=present frame_id=860 t_ns=1523534587000 presented=1 clock=monotonic
K230_CARD_BENCH v=1 run=1501316649118 event=present frame_id=859 t_ns=1523515426000 presented=1 clock=monotonic
K230_CARD_BENCH v=1 run=1501316649118 event=present frame_id=858 t_ns=1523496268000 presented=1 clock=monotonic
K230_CARD_BENCH v=1 run=1501316649118 event=present frame_id=857 t_ns=1523477110000 presented=1 clock=monotonic
K230_CARD_BENCH v=1 run=1501316649118 event=present frame_id=856 t_ns=1523457952000 presented=1 clock=monotonic
K230_CARD_BENCH v=1 run=1501316649118 event=present frame_id=855 t_ns=1523438792000 presented=1 clock=monotonic
K230_CARD_BENCH v=1 run=1501316649118 event=present frame_id=854 t_ns=1523419634000 presented=1 clock=monotonic
K230_CARD_BENCH v=1 run=1501316649118 event=present frame_id=853 t_ns=1523381315000 presented=1 clock=monotonic
K230_CARD_BENCH v=1 run=1501316649118 event=present frame_id=852 t_ns=1523362157000 presented=1 clock=monotonic
K230_CARD_BENCH v=1 run=1501316649118 event=present frame_id=851 t_ns=1523342999000 presented=1 clock=monotonic
K230_CARD_BENCH v=1 run=1501316649118 event=present frame_id=850 t_ns=1523323840000 presented=1 clock=monotonic
K230_CARD_BENCH v=1 run=1501316649118 event=present frame_id=849 t_ns=1523304681000 presented=1 clock=monotonic
K230_CARD_BENCH v=1 run=1501316649118 event=present frame_id=848 t_ns=1523285522000 presented=1 clock=monotonic
K230_CARD_BENCH v=1 run=1501316649118 event=present frame_id=847 t_ns=1523266363000 presented=1 clock=monotonic
K230_CARD_BENCH v=1 run=1501316649118 event=present frame_id=846 t_ns=1523228047000 presented=1 clock=monotonic
K230_CARD_BENCH v=1 run=1501316649118 event=present frame_id=845 t_ns=1523208887000 presented=1 clock=monotonic
K230_CARD_BENCH v=1 run=1501316649118 event=present frame_id=844 t_ns=1523189728000 presented=1 clock=monotonic
K230_CARD_BENCH v=1 run=1501316649118 event=present frame_id=843 t_ns=1523170570000 presented=1 clock=monotonic
K230_CARD_BENCH v=1 run=1501316649118 event=present frame_id=842 t_ns=1523151411000 presented=1 clock=monotonic
K230_CARD_BENCH v=1 run=1501316649118 event=present frame_id=841 t_ns=1523132252000 presented=1 clock=monotonic
K230_CARD_BENCH v=1 run=1501316649118 event=present frame_id=840 t_ns=1523113093000 presented=1 clock=monotonic
K230_CARD_BENCH v=1 run=1501316649118 event=present frame_id=839 t_ns=1523093934000 presented=1 clock=monotonic
K230_CARD_BENCH v=1 run=1501316649118 event=present frame_id=838 t_ns=1523074776000 presented=1 clock=monotonic
K230_CARD_BENCH v=1 run=1501316649118 event=present frame_id=837 t_ns=1523036458000 presented=1 clock=monotonic
K230_CARD_BENCH v=1 run=1501316649118 event=present frame_id=836 t_ns=1523017299000 presented=1 clock=monotonic
K230_CARD_BENCH v=1 run=1501316649118 event=present frame_id=835 t_ns=1522998140000 presented=1 clock=monotonic
K230_CARD_BENCH v=1 run=1501316649118 event=present frame_id=834 t_ns=1522978982000 presented=1 clock=monotonic
K230_CARD_BENCH v=1 run=1501316649118 event=present frame_id=833 t_ns=1522959823000 presented=1 clock=monotonic
K230_CARD_BENCH v=1 run=1501316649118 event=present frame_id=832 t_ns=1522940664000 presented=1 clock=monotonic
K230_CARD_BENCH v=1 run=1501316649118 event=present frame_id=831 t_ns=1522921505000 presented=1 clock=monotonic
K230_CARD_BENCH v=1 run=1501316649118 event=present frame_id=830 t_ns=1522902347000 presented=1 clock=monotonic
K230_CARD_BENCH v=1 run=1501316649118 event=present frame_id=829 t_ns=1522864047000 presented=1 clock=monotonic
K230_CARD_BENCH v=1 run=1501316649118 event=present frame_id=828 t_ns=1522844870000 presented=1 clock=monotonic
K230_CARD_BENCH v=1 run=1501316649118 event=present frame_id=827 t_ns=1522825712000 presented=1 clock=monotonic
K230_CARD_BENCH v=1 run=1501316649118 event=present frame_id=826 t_ns=1522806553000 presented=1 clock=monotonic
K230_CARD_BENCH v=1 run=1501316649118 event=present frame_id=825 t_ns=1522787394000 presented=1 clock=monotonic
K230_CARD_BENCH v=1 run=1501316649118 event=present frame_id=824 t_ns=1522768236000 presented=1 clock=monotonic
K230_CARD_BENCH v=1 run=1501316649118 event=present frame_id=823 t_ns=1522729918000 presented=1 clock=monotonic
K230_CARD_BENCH v=1 run=1501316649118 event=present frame_id=822 t_ns=1522710759000 presented=1 clock=monotonic
K230_CARD_BENCH v=1 run=1501316649118 event=present frame_id=821 t_ns=1522691609000 presented=1 clock=monotonic
K230_CARD_BENCH v=1 run=1501316649118 event=present frame_id=820 t_ns=1522653284000 presented=1 clock=monotonic
K230_CARD_BENCH v=1 run=1501316649118 event=present frame_id=819 t_ns=1522634125000 presented=1 clock=monotonic
K230_CARD_BENCH v=1 run=1501316649118 event=present frame_id=818 t_ns=1522595807000 presented=1 clock=monotonic
K230_CARD_BENCH v=1 run=1501316649118 event=resource phase=restored t_ns=1522596362838 cpu_ns=18231797000 memory_bytes=19685376 scope=session
K230_CARD_BENCH v=1 run=1501316649118 event=resource phase=restored t_ns=1522596362838 cpu_ns=11041202137 memory_bytes=27570176 scope=compositor
K230_CARD_BENCH v=1 run=1501316649118 event=present frame_id=817 t_ns=1522576648000 presented=1 clock=monotonic
K230_CARD_BENCH v=1 run=1501316649118 event=present frame_id=816 t_ns=1522557489000 presented=1 clock=monotonic
K230_CARD_BENCH v=1 run=1501316649118 event=present frame_id=815 t_ns=1522519174000 presented=1 clock=monotonic
K230_CARD_BENCH v=1 run=1501316649118 event=present frame_id=814 t_ns=1522500038000 presented=1 clock=monotonic
K230_CARD_BENCH v=1 run=1501316649118 event=present frame_id=813 t_ns=1522480854000 presented=1 clock=monotonic
K230_CARD_BENCH v=1 run=1501316649118 event=present frame_id=812 t_ns=1522461695000 presented=1 clock=monotonic
K230_CARD_BENCH v=1 run=1501316649118 event=present frame_id=811 t_ns=1522423377000 presented=1 clock=monotonic
K230_CARD_BENCH v=1 run=1501316649118 event=present frame_id=810 t_ns=1522404219000 presented=1 clock=monotonic
K230_CARD_BENCH v=1 run=1501316649118 event=present frame_id=809 t_ns=1522365901000 presented=1 clock=monotonic
K230_CARD_BENCH v=1 run=1501316649118 event=present frame_id=808 t_ns=1522346742000 presented=1 clock=monotonic
K230_CARD_BENCH v=1 run=1501316649118 event=present frame_id=807 t_ns=1522327584000 presented=1 clock=monotonic
K230_CARD_BENCH v=1 run=1501316649118 event=present frame_id=806 t_ns=1522289267000 presented=1 clock=monotonic
K230_CARD_BENCH v=1 run=1501316649118 event=present frame_id=805 t_ns=1522270107000 presented=1 clock=monotonic
K230_CARD_BENCH v=1 run=1501316649118 event=present frame_id=804 t_ns=1522250949000 presented=1 clock=monotonic
K230_CARD_BENCH v=1 run=1501316649118 event=present frame_id=803 t_ns=1522212631000 presented=1 clock=monotonic
K230_CARD_BENCH v=1 run=1501316649118 event=present frame_id=802 t_ns=1522193472000 presented=1 clock=monotonic
K230_CARD_BENCH v=1 run=1501316649118 event=present frame_id=801 t_ns=1522174313000 presented=1 clock=monotonic
K230_CARD_BENCH v=1 run=1501316649118 event=present frame_id=800 t_ns=1522155155000 presented=1 clock=monotonic
K230_CARD_BENCH v=1 run=1501316649118 event=present frame_id=799 t_ns=1522135996000 presented=1 clock=monotonic
K230_CARD_BENCH v=1 run=1501316649118 event=present frame_id=798 t_ns=1522116837000 presented=1 clock=monotonic
K230_CARD_BENCH v=1 run=1501316649118 event=present frame_id=797 t_ns=1522097679000 presented=1 clock=monotonic
K230_CARD_BENCH v=1 run=1501316649118 event=present frame_id=796 t_ns=1522059361000 presented=1 clock=monotonic
K230_CARD_BENCH v=1 run=1501316649118 event=present frame_id=795 t_ns=1522040202000 presented=1 clock=monotonic
K230_CARD_BENCH v=1 run=1501316649118 event=present frame_id=794 t_ns=1522021043000 presented=1 clock=monotonic
K230_CARD_BENCH v=1 run=1501316649118 event=present frame_id=793 t_ns=1522001885000 presented=1 clock=monotonic
K230_CARD_BENCH v=1 run=1501316649118 event=present frame_id=792 t_ns=1521963567000 presented=1 clock=monotonic
K230_CARD_BENCH v=1 run=1501316649118 event=present frame_id=791 t_ns=1521944409000 presented=1 clock=monotonic
K230_CARD_BENCH v=1 run=1501316649118 event=present frame_id=790 t_ns=1521906092000 presented=1 clock=monotonic
K230_CARD_BENCH v=1 run=1501316649118 event=present frame_id=789 t_ns=1521886932000 presented=1 clock=monotonic
K230_CARD_BENCH v=1 run=1501316649118 event=present frame_id=788 t_ns=1521867773000 presented=1 clock=monotonic
K230_CARD_BENCH v=1 run=1501316649118 event=present frame_id=787 t_ns=1521848615000 presented=1 clock=monotonic
K230_CARD_BENCH v=1 run=1501316649118 event=present frame_id=786 t_ns=1521829455000 presented=1 clock=monotonic
K230_CARD_BENCH v=1 run=1501316649118 event=present frame_id=785 t_ns=1521810297000 presented=1 clock=monotonic
K230_CARD_BENCH v=1 run=1501316649118 event=present frame_id=784 t_ns=1521791138000 presented=1 clock=monotonic
K230_CARD_BENCH v=1 run=1501316649118 event=present frame_id=783 t_ns=1521752820000 presented=1 clock=monotonic
K230_CARD_BENCH v=1 run=1501316649118 event=present frame_id=782 t_ns=1521733661000 presented=1 clock=monotonic
K230_CARD_BENCH v=1 run=1501316649118 event=present frame_id=781 t_ns=1521714503000 presented=1 clock=monotonic
K230_CARD_BENCH v=1 run=1501316649118 event=present frame_id=780 t_ns=1521695344000 presented=1 clock=monotonic
K230_CARD_BENCH v=1 run=1501316649118 event=present frame_id=779 t_ns=1521676187000 presented=1 clock=monotonic
K230_CARD_BENCH v=1 run=1501316649118 event=present frame_id=778 t_ns=1521657027000 presented=1 clock=monotonic
K230_CARD_BENCH v=1 run=1501316649118 event=present frame_id=777 t_ns=1521637868000 presented=1 clock=monotonic
K230_CARD_BENCH v=1 run=1501316649118 event=present frame_id=776 t_ns=1521618709000 presented=1 clock=monotonic
K230_CARD_BENCH v=1 run=1501316649118 event=present frame_id=775 t_ns=1521580391000 presented=1 clock=monotonic
K230_CARD_BENCH v=1 run=1501316649118 event=resource phase=restored t_ns=1521584123371 cpu_ns=17412171000 memory_bytes=19685376 scope=session
K230_CARD_BENCH v=1 run=1501316649118 event=resource phase=restored t_ns=1521584123371 cpu_ns=10641140844 memory_bytes=27570176 scope=compositor
K230_CARD_BENCH v=1 run=1501316649118 event=present frame_id=774 t_ns=1521561232000 presented=1 clock=monotonic
K230_CARD_BENCH v=1 run=1501316649118 event=present frame_id=773 t_ns=1521542074000 presented=1 clock=monotonic
K230_CARD_BENCH v=1 run=1501316649118 event=present frame_id=772 t_ns=1521522916000 presented=1 clock=monotonic
K230_CARD_BENCH v=1 run=1501316649118 event=present frame_id=771 t_ns=1521503757000 presented=1 clock=monotonic
K230_CARD_BENCH v=1 run=1501316649118 event=present frame_id=770 t_ns=1521484598000 presented=1 clock=monotonic
K230_CARD_BENCH v=1 run=1501316649118 event=present frame_id=769 t_ns=1521465439000 presented=1 clock=monotonic
K230_CARD_BENCH v=1 run=1501316649118 event=present frame_id=768 t_ns=1521427121000 presented=1 clock=monotonic
K230_CARD_BENCH v=1 run=1501316649118 event=present frame_id=767 t_ns=1521407963000 presented=1 clock=monotonic
K230_CARD_BENCH v=1 run=1501316649118 event=present frame_id=766 t_ns=1521388804000 presented=1 clock=monotonic
K230_CARD_BENCH v=1 run=1501316649118 event=present frame_id=765 t_ns=1521369645000 presented=1 clock=monotonic
K230_CARD_BENCH v=1 run=1501316649118 event=present frame_id=764 t_ns=1521350486000 presented=1 clock=monotonic
K230_CARD_BENCH v=1 run=1501316649118 event=present frame_id=763 t_ns=1521331328000 presented=1 clock=monotonic
K230_CARD_BENCH v=1 run=1501316649118 event=present frame_id=762 t_ns=1521312169000 presented=1 clock=monotonic
K230_CARD_BENCH v=1 run=1501316649118 event=present frame_id=761 t_ns=1521293010000 presented=1 clock=monotonic
K230_CARD_BENCH v=1 run=1501316649118 event=present frame_id=760 t_ns=1521254693000 presented=1 clock=monotonic
K230_CARD_BENCH v=1 run=1501316649118 event=present frame_id=759 t_ns=1521235534000 presented=1 clock=monotonic
K230_CARD_BENCH v=1 run=1501316649118 event=present frame_id=758 t_ns=1521216376000 presented=1 clock=monotonic
K230_CARD_BENCH v=1 run=1501316649118 event=present frame_id=757 t_ns=1521197216000 presented=1 clock=monotonic
K230_CARD_BENCH v=1 run=1501316649118 event=present frame_id=756 t_ns=1521178058000 presented=1 clock=monotonic
K230_CARD_BENCH v=1 run=1501316649118 event=present frame_id=755 t_ns=1521158899000 presented=1 clock=monotonic
K230_CARD_BENCH v=1 run=1501316649118 event=present frame_id=754 t_ns=1521139740000 presented=1 clock=monotonic
K230_CARD_BENCH v=1 run=1501316649118 event=present frame_id=753 t_ns=1521120581000 presented=1 clock=monotonic
K230_CARD_BENCH v=1 run=1501316649118 event=present frame_id=752 t_ns=1521101423000 presented=1 clock=monotonic
K230_CARD_BENCH v=1 run=1501316649118 event=present frame_id=751 t_ns=1521063105000 presented=1 clock=monotonic
K230_CARD_BENCH v=1 run=1501316649118 event=present frame_id=750 t_ns=1521043946000 presented=1 clock=monotonic
K230_CARD_BENCH v=1 run=1501316649118 event=present frame_id=749 t_ns=1521024788000 presented=1 clock=monotonic
K230_CARD_BENCH v=1 run=1501316649118 event=present frame_id=748 t_ns=1521005629000 presented=1 clock=monotonic
K230_CARD_BENCH v=1 run=1501316649118 event=present frame_id=747 t_ns=1520986470000 presented=1 clock=monotonic
K230_CARD_BENCH v=1 run=1501316649118 event=present frame_id=746 t_ns=1520967311000 presented=1 clock=monotonic
K230_CARD_BENCH v=1 run=1501316649118 event=present frame_id=745 t_ns=1520948152000 presented=1 clock=monotonic
K230_CARD_BENCH v=1 run=1501316649118 event=present frame_id=744 t_ns=1520928995000 presented=1 clock=monotonic
K230_CARD_BENCH v=1 run=1501316649118 event=present frame_id=743 t_ns=1520909835000 presented=1 clock=monotonic
K230_CARD_BENCH v=1 run=1501316649118 event=present frame_id=742 t_ns=1520871517000 presented=1 clock=monotonic
K230_CARD_BENCH v=1 run=1501316649118 event=present frame_id=741 t_ns=1520852359000 presented=1 clock=monotonic
K230_CARD_BENCH v=1 run=1501316649118 event=present frame_id=740 t_ns=1520833200000 presented=1 clock=monotonic
K230_CARD_BENCH v=1 run=1501316649118 event=present frame_id=739 t_ns=1520814042000 presented=1 clock=monotonic
K230_CARD_BENCH v=1 run=1501316649118 event=present frame_id=738 t_ns=1520794882000 presented=1 clock=monotonic
K230_CARD_BENCH v=1 run=1501316649118 event=present frame_id=737 t_ns=1520775724000 presented=1 clock=monotonic
K230_CARD_BENCH v=1 run=1501316649118 event=present frame_id=736 t_ns=1520756565000 presented=1 clock=monotonic
K230_CARD_BENCH v=1 run=1501316649118 event=present frame_id=735 t_ns=1520737406000 presented=1 clock=monotonic
K230_CARD_BENCH v=1 run=1501316649118 event=present frame_id=734 t_ns=1520718247000 presented=1 clock=monotonic
K230_CARD_BENCH v=1 run=1501316649118 event=present frame_id=733 t_ns=1520679930000 presented=1 clock=monotonic
K230_CARD_BENCH v=1 run=1501316649118 event=present frame_id=732 t_ns=1520660771000 presented=1 clock=monotonic
K230_CARD_BENCH v=1 run=1501316649118 event=present frame_id=731 t_ns=1520641612000 presented=1 clock=monotonic
K230_CARD_BENCH v=1 run=1501316649118 event=present frame_id=730 t_ns=1520622453000 presented=1 clock=monotonic
K230_CARD_BENCH v=1 run=1501316649118 event=present frame_id=729 t_ns=1520603295000 presented=1 clock=monotonic
K230_CARD_BENCH v=1 run=1501316649118 event=present frame_id=728 t_ns=1520584137000 presented=1 clock=monotonic
K230_CARD_BENCH v=1 run=1501316649118 event=resource phase=restored t_ns=1520575264140 cpu_ns=16526526000 memory_bytes=19685376 scope=session
K230_CARD_BENCH v=1 run=1501316649118 event=resource phase=restored t_ns=1520575264140 cpu_ns=10210671929 memory_bytes=27570176 scope=compositor
K230_CARD_BENCH v=1 run=1501316649118 event=present frame_id=727 t_ns=1520564977000 presented=1 clock=monotonic
K230_CARD_BENCH v=1 run=1501316649118 event=present frame_id=726 t_ns=1520526659000 presented=1 clock=monotonic
K230_CARD_BENCH v=1 run=1501316649118 event=present frame_id=725 t_ns=1520507500000 presented=1 clock=monotonic
K230_CARD_BENCH v=1 run=1501316649118 event=present frame_id=724 t_ns=1520488343000 presented=1 clock=monotonic
K230_CARD_BENCH v=1 run=1501316649118 event=present frame_id=723 t_ns=1520469184000 presented=1 clock=monotonic
K230_CARD_BENCH v=1 run=1501316649118 event=present frame_id=722 t_ns=1520450025000 presented=1 clock=monotonic
K230_CARD_BENCH v=1 run=1501316649118 event=present frame_id=721 t_ns=1520430866000 presented=1 clock=monotonic
K230_CARD_BENCH v=1 run=1501316649118 event=present frame_id=720 t_ns=1520411707000 presented=1 clock=monotonic
K230_CARD_BENCH v=1 run=1501316649118 event=present frame_id=719 t_ns=1520392548000 presented=1 clock=monotonic
K230_CARD_BENCH v=1 run=1501316649118 event=present frame_id=718 t_ns=1520373390000 presented=1 clock=monotonic
K230_CARD_BENCH v=1 run=1501316649118 event=present frame_id=717 t_ns=1520335072000 presented=1 clock=monotonic
K230_CARD_BENCH v=1 run=1501316649118 event=present frame_id=716 t_ns=1520315913000 presented=1 clock=monotonic
K230_CARD_BENCH v=1 run=1501316649118 event=present frame_id=715 t_ns=1520296755000 presented=1 clock=monotonic
K230_CARD_BENCH v=1 run=1501316649118 event=present frame_id=714 t_ns=1520277596000 presented=1 clock=monotonic
K230_CARD_BENCH v=1 run=1501316649118 event=present frame_id=713 t_ns=1520258437000 presented=1 clock=monotonic
K230_CARD_BENCH v=1 run=1501316649118 event=present frame_id=712 t_ns=1520239278000 presented=1 clock=monotonic
K230_CARD_BENCH v=1 run=1501316649118 event=present frame_id=711 t_ns=1520220120000 presented=1 clock=monotonic
K230_CARD_BENCH v=1 run=1501316649118 event=present frame_id=710 t_ns=1520200961000 presented=1 clock=monotonic
K230_CARD_BENCH v=1 run=1501316649118 event=present frame_id=709 t_ns=1520162643000 presented=1 clock=monotonic
K230_CARD_BENCH v=1 run=1501316649118 event=present frame_id=708 t_ns=1520143484000 presented=1 clock=monotonic
K230_CARD_BENCH v=1 run=1501316649118 event=present frame_id=707 t_ns=1520124327000 presented=1 clock=monotonic
K230_CARD_BENCH v=1 run=1501316649118 event=present frame_id=706 t_ns=1520105167000 presented=1 clock=monotonic
K230_CARD_BENCH v=1 run=1501316649118 event=present frame_id=705 t_ns=1520086008000 presented=1 clock=monotonic
K230_CARD_BENCH v=1 run=1501316649118 event=present frame_id=704 t_ns=1520066850000 presented=1 clock=monotonic
K230_CARD_BENCH v=1 run=1501316649118 event=present frame_id=703 t_ns=1520047691000 presented=1 clock=monotonic
K230_CARD_BENCH v=1 run=1501316649118 event=present frame_id=702 t_ns=1520028532000 presented=1 clock=monotonic
K230_CARD_BENCH v=1 run=1501316649118 event=present frame_id=701 t_ns=1520009374000 presented=1 clock=monotonic
K230_CARD_BENCH v=1 run=1501316649118 event=present frame_id=700 t_ns=1519971057000 presented=1 clock=monotonic
K230_CARD_BENCH v=1 run=1501316649118 event=present frame_id=699 t_ns=1519951897000 presented=1 clock=monotonic
K230_CARD_BENCH v=1 run=1501316649118 event=present frame_id=698 t_ns=1519932738000 presented=1 clock=monotonic
K230_CARD_BENCH v=1 run=1501316649118 event=present frame_id=697 t_ns=1519913579000 presented=1 clock=monotonic
K230_CARD_BENCH v=1 run=1501316649118 event=present frame_id=696 t_ns=1519894420000 presented=1 clock=monotonic
K230_CARD_BENCH v=1 run=1501316649118 event=present frame_id=695 t_ns=1519875262000 presented=1 clock=monotonic
K230_CARD_BENCH v=1 run=1501316649118 event=present frame_id=694 t_ns=1519856105000 presented=1 clock=monotonic
K230_CARD_BENCH v=1 run=1501316649118 event=present frame_id=693 t_ns=1519836945000 presented=1 clock=monotonic
K230_CARD_BENCH v=1 run=1501316649118 event=present frame_id=692 t_ns=1519817786000 presented=1 clock=monotonic
K230_CARD_BENCH v=1 run=1501316649118 event=present frame_id=691 t_ns=1519798627000 presented=1 clock=monotonic
K230_CARD_BENCH v=1 run=1501316649118 event=present frame_id=690 t_ns=1519760309000 presented=1 clock=monotonic
K230_CARD_BENCH v=1 run=1501316649118 event=present frame_id=689 t_ns=1519741150000 presented=1 clock=monotonic
K230_CARD_BENCH v=1 run=1501316649118 event=present frame_id=688 t_ns=1519721992000 presented=1 clock=monotonic
K230_CARD_BENCH v=1 run=1501316649118 event=present frame_id=687 t_ns=1519702833000 presented=1 clock=monotonic
K230_CARD_BENCH v=1 run=1501316649118 event=present frame_id=686 t_ns=1519683675000 presented=1 clock=monotonic
K230_CARD_BENCH v=1 run=1501316649118 event=present frame_id=685 t_ns=1519664516000 presented=1 clock=monotonic
K230_CARD_BENCH v=1 run=1501316649118 event=present frame_id=684 t_ns=1519645357000 presented=1 clock=monotonic
K230_CARD_BENCH v=1 run=1501316649118 event=present frame_id=683 t_ns=1519626198000 presented=1 clock=monotonic
K230_CARD_BENCH v=1 run=1501316649118 event=present frame_id=682 t_ns=1519607039000 presented=1 clock=monotonic
K230_CARD_BENCH v=1 run=1501316649118 event=present frame_id=681 t_ns=1519568722000 presented=1 clock=monotonic
K230_CARD_BENCH v=1 run=1501316649118 event=resource phase=restored t_ns=1519572120951 cpu_ns=15642465000 memory_bytes=19685376 scope=session
K230_CARD_BENCH v=1 run=1501316649118 event=resource phase=restored t_ns=1519572120951 cpu_ns=9780321741 memory_bytes=27570176 scope=compositor
K230_CARD_BENCH v=1 run=1501316649118 event=present frame_id=680 t_ns=1519549563000 presented=1 clock=monotonic
K230_CARD_BENCH v=1 run=1501316649118 event=present frame_id=679 t_ns=1519530404000 presented=1 clock=monotonic
K230_CARD_BENCH v=1 run=1501316649118 event=present frame_id=678 t_ns=1519511245000 presented=1 clock=monotonic
K230_CARD_SHELL frame-cost run=1501316649118 frame_id=678 total_cpu_ns=10652878 render_cpu_ns=8823063 input_cpu_ns=1706852
K230_CARD_BENCH v=1 run=1501316649118 event=submit input_id=515 frame_id=678 t_ns=1519502258146 update_cpu_ns=10652878 final=1
K230_CARD_BENCH v=1 run=1501316649118 event=present frame_id=677 t_ns=1519492087000 presented=1 clock=monotonic
K230_CARD_BENCH v=1 run=1501316649118 event=input input_id=515 gesture_id=26 kind=release t_ns=1519478355796 source=injected
K230_CARD_SHELL restored focus=7 message=0
K230_CARD_SHELL mirror-release id=7
K230_CARD_SHELL mirror-release id=7
K230_CARD_BENCH v=1 run=1501316649118 event=present frame_id=676 t_ns=1519453769000 presented=1 clock=monotonic
K230_CARD_BENCH v=1 run=1501316649118 event=present frame_id=675 t_ns=1519434610000 presented=1 clock=monotonic
K230_CARD_BENCH v=1 run=1501316649118 event=present frame_id=674 t_ns=1519396299000 presented=1 clock=monotonic
K230_CARD_SHELL state mode=2 actions=1 message=0 cards=1
K230_CARD_BENCH v=1 run=1501316649118 event=present frame_id=673 t_ns=1519377136000 presented=1 clock=monotonic
K230_CARD_BENCH v=1 run=1501316649118 event=present frame_id=672 t_ns=1519338815000 presented=1 clock=monotonic
K230_CARD_BENCH v=1 run=1501316649118 event=present frame_id=671 t_ns=1519319658000 presented=1 clock=monotonic
K230_CARD_BENCH v=1 run=1501316649118 event=present frame_id=670 t_ns=1519281341000 presented=1 clock=monotonic
K230_CARD_BENCH v=1 run=1501316649118 event=present frame_id=669 t_ns=1519262182000 presented=1 clock=monotonic
K230_CARD_BENCH v=1 run=1501316649118 event=present frame_id=668 t_ns=1519223863000 presented=1 clock=monotonic
K230_CARD_BENCH v=1 run=1501316649118 event=present frame_id=667 t_ns=1519204706000 presented=1 clock=monotonic
K230_CARD_BENCH v=1 run=1501316649118 event=present frame_id=666 t_ns=1519166387000 presented=1 clock=monotonic
K230_CARD_BENCH v=1 run=1501316649118 event=present frame_id=665 t_ns=1519147229000 presented=1 clock=monotonic
K230_CARD_BENCH v=1 run=1501316649118 event=present frame_id=664 t_ns=1519108912000 presented=1 clock=monotonic
K230_CARD_SHELL frame-cost run=1501316649118 frame_id=664 total_cpu_ns=15121246 render_cpu_ns=14297134 input_cpu_ns=648704
K230_CARD_BENCH v=1 run=1501316649118 event=submit input_id=514 frame_id=664 t_ns=1519105690717 update_cpu_ns=15121246 final=1
K230_CARD_BENCH v=1 run=1501316649118 event=submit input_id=513 frame_id=664 t_ns=1519105690717 update_cpu_ns=15121246 final=0
K230_CARD_BENCH v=1 run=1501316649118 event=present frame_id=663 t_ns=1519089753000 presented=1 clock=monotonic
K230_CARD_BENCH v=1 run=1501316649118 event=input input_id=514 gesture_id=25 kind=release t_ns=1519080423914 source=injected
K230_CARD_SHELL state mode=1 actions=1 message=0 cards=1
K230_CARD_BENCH v=1 run=1501316649118 event=input input_id=513 gesture_id=25 kind=motion t_ns=1519079832065 source=injected
K230_CARD_SHELL state mode=2 actions=1 message=0 cards=1
K230_CARD_SHELL frame-cost run=1501316649118 frame_id=663 total_cpu_ns=12532588 render_cpu_ns=11761068 input_cpu_ns=610964
K230_CARD_BENCH v=1 run=1501316649118 event=submit input_id=512 frame_id=663 t_ns=1519077160966 update_cpu_ns=12532588 final=0
K230_CARD_BENCH v=1 run=1501316649118 event=submit input_id=511 frame_id=663 t_ns=1519077160966 update_cpu_ns=12532588 final=0
K230_CARD_BENCH v=1 run=1501316649118 event=present frame_id=662 t_ns=1519051438000 presented=1 clock=monotonic
K230_CARD_BENCH v=1 run=1501316649118 event=input input_id=512 gesture_id=25 kind=motion t_ns=1519056588630 source=injected
K230_CARD_SHELL state mode=2 actions=1 message=0 cards=1
K230_CARD_BENCH v=1 run=1501316649118 event=input input_id=511 gesture_id=25 kind=motion t_ns=1519056128727 source=injected
K230_CARD_SHELL state mode=2 actions=1 message=0 cards=1
K230_CARD_SHELL frame-cost run=1501316649118 frame_id=662 total_cpu_ns=13868315 render_cpu_ns=12438245 input_cpu_ns=1269591
K230_CARD_BENCH v=1 run=1501316649118 event=submit input_id=510 frame_id=662 t_ns=1519046279076 update_cpu_ns=13868315 final=0
K230_CARD_BENCH v=1 run=1501316649118 event=submit input_id=509 frame_id=662 t_ns=1519046279076 update_cpu_ns=13868315 final=0
K230_CARD_BENCH v=1 run=1501316649118 event=submit input_id=508 frame_id=662 t_ns=1519046279076 update_cpu_ns=13868315 final=0
K230_CARD_BENCH v=1 run=1501316649118 event=submit input_id=507 frame_id=662 t_ns=1519046279076 update_cpu_ns=13868315 final=0
K230_CARD_BENCH v=1 run=1501316649118 event=present frame_id=661 t_ns=1519032277000 presented=1 clock=monotonic
K230_CARD_BENCH v=1 run=1501316649118 event=input input_id=510 gesture_id=25 kind=motion t_ns=1519027742328 source=injected
K230_CARD_SHELL state mode=2 actions=1 message=0 cards=1
K230_CARD_BENCH v=1 run=1501316649118 event=input input_id=509 gesture_id=25 kind=motion t_ns=1519023551352 source=injected
K230_CARD_SHELL state mode=2 actions=1 message=0 cards=1
K230_CARD_BENCH v=1 run=1501316649118 event=input input_id=508 gesture_id=25 kind=motion t_ns=1519023189288 source=injected
K230_CARD_SHELL state mode=2 actions=1 message=0 cards=1
K230_CARD_BENCH v=1 run=1501316649118 event=input input_id=507 gesture_id=25 kind=motion t_ns=1519022776860 source=injected
K230_CARD_SHELL state mode=2 actions=1 message=0 cards=1
K230_CARD_SHELL frame-cost run=1501316649118 frame_id=661 total_cpu_ns=14717530 render_cpu_ns=14017197 input_cpu_ns=501851
K230_CARD_BENCH v=1 run=1501316649118 event=submit input_id=506 frame_id=661 t_ns=1519022013218 update_cpu_ns=14717530 final=0
K230_CARD_BENCH v=1 run=1501316649118 event=submit input_id=505 frame_id=661 t_ns=1519022013218 update_cpu_ns=14717530 final=0
K230_CARD_BENCH v=1 run=1501316649118 event=present frame_id=660 t_ns=1518993961000 presented=1 clock=monotonic
K230_CARD_BENCH v=1 run=1501316649118 event=input input_id=506 gesture_id=25 kind=motion t_ns=1518996494744 source=injected
K230_CARD_SHELL state mode=2 actions=1 message=0 cards=1
K230_CARD_BENCH v=1 run=1501316649118 event=input input_id=505 gesture_id=25 kind=motion t_ns=1518996065356 source=injected
K230_CARD_SHELL state mode=2 actions=1 message=0 cards=1
K230_CARD_SHELL frame-cost run=1501316649118 frame_id=660 total_cpu_ns=15499784 render_cpu_ns=14270264 input_cpu_ns=967111
K230_CARD_BENCH v=1 run=1501316649118 event=submit input_id=504 frame_id=660 t_ns=1518991402071 update_cpu_ns=15499784 final=0
K230_CARD_BENCH v=1 run=1501316649118 event=submit input_id=503 frame_id=660 t_ns=1518991402071 update_cpu_ns=15499784 final=0
K230_CARD_BENCH v=1 run=1501316649118 event=submit input_id=502 frame_id=660 t_ns=1518991402071 update_cpu_ns=15499784 final=0
K230_CARD_BENCH v=1 run=1501316649118 event=submit input_id=501 frame_id=660 t_ns=1518991402071 update_cpu_ns=15499784 final=0
K230_CARD_BENCH v=1 run=1501316649118 event=present frame_id=659 t_ns=1518974801000 presented=1 clock=monotonic
K230_CARD_BENCH v=1 run=1501316649118 event=input input_id=504 gesture_id=25 kind=motion t_ns=1518971106365 source=injected
K230_CARD_SHELL state mode=2 actions=1 message=0 cards=1
K230_CARD_BENCH v=1 run=1501316649118 event=input input_id=503 gesture_id=25 kind=motion t_ns=1518969428768 source=injected
K230_CARD_SHELL state mode=2 actions=1 message=0 cards=1
K230_CARD_BENCH v=1 run=1501316649118 event=input input_id=502 gesture_id=25 kind=motion t_ns=1518969111253 source=injected
K230_CARD_SHELL state mode=2 actions=1 message=0 cards=1
K230_CARD_BENCH v=1 run=1501316649118 event=input input_id=501 gesture_id=25 kind=motion t_ns=1518968685901 source=injected
K230_CARD_SHELL state mode=2 actions=1 message=0 cards=1
K230_CARD_SHELL frame-cost run=1501316649118 frame_id=659 total_cpu_ns=14579090 render_cpu_ns=14002053 input_cpu_ns=392335
K230_CARD_BENCH v=1 run=1501316649118 event=submit input_id=500 frame_id=659 t_ns=1518965934331 update_cpu_ns=14579090 final=0
K230_CARD_BENCH v=1 run=1501316649118 event=submit input_id=499 frame_id=659 t_ns=1518965934331 update_cpu_ns=14579090 final=0
K230_CARD_BENCH v=1 run=1501316649118 event=present frame_id=658 t_ns=1518936486000 presented=1 clock=monotonic
K230_CARD_BENCH v=1 run=1501316649118 event=input input_id=500 gesture_id=25 kind=motion t_ns=1518938563838 source=injected
K230_CARD_SHELL state mode=2 actions=1 message=0 cards=1
K230_CARD_BENCH v=1 run=1501316649118 event=input input_id=499 gesture_id=25 kind=motion t_ns=1518936871576 source=injected
K230_CARD_SHELL state mode=2 actions=1 message=0 cards=1
K230_CARD_SHELL frame-cost run=1501316649118 frame_id=658 total_cpu_ns=15077095 render_cpu_ns=14290206 input_cpu_ns=600966
K230_CARD_BENCH v=1 run=1501316649118 event=submit input_id=498 frame_id=658 t_ns=1518933663769 update_cpu_ns=15077095 final=0
K230_CARD_BENCH v=1 run=1501316649118 event=submit input_id=497 frame_id=658 t_ns=1518933663769 update_cpu_ns=15077095 final=0
K230_CARD_BENCH v=1 run=1501316649118 event=submit input_id=496 frame_id=658 t_ns=1518933663769 update_cpu_ns=15077095 final=0
K230_CARD_BENCH v=1 run=1501316649118 event=present frame_id=657 t_ns=1518917324000 presented=1 clock=monotonic
K230_CARD_BENCH v=1 run=1501316649118 event=input input_id=498 gesture_id=25 kind=motion t_ns=1518910488807 source=injected
K230_CARD_SHELL state mode=2 actions=1 message=0 cards=1
K230_CARD_BENCH v=1 run=1501316649118 event=input input_id=497 gesture_id=25 kind=motion t_ns=1518909452385 source=injected
K230_CARD_SHELL state mode=2 actions=1 message=0 cards=1
K230_CARD_BENCH v=1 run=1501316649118 event=input input_id=496 gesture_id=25 kind=motion t_ns=1518908955894 source=injected
K230_CARD_SHELL state mode=2 actions=1 message=0 cards=1
K230_CARD_SHELL frame-cost run=1501316649118 frame_id=657 total_cpu_ns=14699914 render_cpu_ns=14112173 input_cpu_ns=418036
K230_CARD_BENCH v=1 run=1501316649118 event=submit input_id=495 frame_id=657 t_ns=1518905210935 update_cpu_ns=14699914 final=0
K230_CARD_BENCH v=1 run=1501316649118 event=submit input_id=494 frame_id=657 t_ns=1518905210935 update_cpu_ns=14699914 final=0
K230_CARD_BENCH v=1 run=1501316649118 event=present frame_id=656 t_ns=1518879018000 presented=1 clock=monotonic
K230_CARD_BENCH v=1 run=1501316649118 event=input input_id=495 gesture_id=25 kind=motion t_ns=1518884174584 source=injected
K230_CARD_SHELL state mode=2 actions=1 message=0 cards=1
K230_CARD_BENCH v=1 run=1501316649118 event=input input_id=494 gesture_id=25 kind=motion t_ns=1518877941947 source=injected
K230_CARD_SHELL state mode=2 actions=1 message=0 cards=1
K230_CARD_BENCH v=1 run=1501316649118 event=present frame_id=655 t_ns=1518859848000 presented=1 clock=monotonic
K230_CARD_SHELL state mode=2 actions=1 message=0 cards=1
K230_CARD_BENCH v=1 run=1501316649118 event=present frame_id=654 t_ns=1518821530000 presented=1 clock=monotonic
K230_CARD_BENCH v=1 run=1501316649118 event=present frame_id=653 t_ns=1518802372000 presented=1 clock=monotonic
K230_CARD_BENCH v=1 run=1501316649118 event=present frame_id=652 t_ns=1518764052000 presented=1 clock=monotonic
K230_CARD_BENCH v=1 run=1501316649118 event=present frame_id=651 t_ns=1518744895000 presented=1 clock=monotonic
K230_CARD_BENCH v=1 run=1501316649118 event=present frame_id=650 t_ns=1518706577000 presented=1 clock=monotonic
K230_CARD_BENCH v=1 run=1501316649118 event=present frame_id=649 t_ns=1518687420000 presented=1 clock=monotonic
K230_CARD_BENCH v=1 run=1501316649118 event=present frame_id=648 t_ns=1518649101000 presented=1 clock=monotonic
K230_CARD_BENCH v=1 run=1501316649118 event=present frame_id=647 t_ns=1518629943000 presented=1 clock=monotonic
K230_CARD_BENCH v=1 run=1501316649118 event=present frame_id=646 t_ns=1518591628000 presented=1 clock=monotonic
K230_CARD_SHELL frame-cost run=1501316649118 frame_id=646 total_cpu_ns=16722614 render_cpu_ns=14268508 input_cpu_ns=1706812
K230_CARD_BENCH v=1 run=1501316649118 event=submit input_id=493 frame_id=646 t_ns=1518587987707 update_cpu_ns=16722614 final=1
K230_CARD_BENCH v=1 run=1501316649118 event=submit input_id=492 frame_id=646 t_ns=1518587987707 update_cpu_ns=16722614 final=0
K230_CARD_BENCH v=1 run=1501316649118 event=submit input_id=491 frame_id=646 t_ns=1518587987707 update_cpu_ns=16722614 final=0
K230_CARD_BENCH v=1 run=1501316649118 event=submit input_id=490 frame_id=646 t_ns=1518587987707 update_cpu_ns=16722614 final=0
K230_CARD_BENCH v=1 run=1501316649118 event=present frame_id=645 t_ns=1518572467000 presented=1 clock=monotonic
K230_CARD_BENCH v=1 run=1501316649118 event=resource phase=active t_ns=1518564765166 cpu_ns=14927972000 memory_bytes=19693568 scope=session
K230_CARD_BENCH v=1 run=1501316649118 event=resource phase=active t_ns=1518564765166 cpu_ns=9256638875 memory_bytes=27570176 scope=compositor
K230_CARD_BENCH v=1 run=1501316649118 event=input input_id=493 gesture_id=24 kind=release t_ns=1518564231457 source=injected
K230_CARD_SHELL state mode=1 actions=1 message=0 cards=1
K230_CARD_BENCH v=1 run=1501316649118 event=input input_id=492 gesture_id=24 kind=motion t_ns=1518563639053 source=injected
K230_CARD_SHELL state mode=2 actions=1 message=0 cards=1
K230_CARD_BENCH v=1 run=1501316649118 event=input input_id=491 gesture_id=24 kind=motion t_ns=1518563039723 source=injected
K230_CARD_SHELL state mode=2 actions=1 message=0 cards=1
K230_CARD_BENCH v=1 run=1501316649118 event=input input_id=490 gesture_id=24 kind=motion t_ns=1518561425007 source=injected
K230_CARD_SHELL state mode=2 actions=1 message=0 cards=1
K230_CARD_BENCH v=1 run=1501316649118 event=present frame_id=644 t_ns=1518534151000 presented=1 clock=monotonic
K230_CARD_SHELL frame-cost run=1501316649118 frame_id=644 total_cpu_ns=15884844 render_cpu_ns=13083030 input_cpu_ns=2498293
K230_CARD_BENCH v=1 run=1501316649118 event=submit input_id=489 frame_id=644 t_ns=1518531674388 update_cpu_ns=15884844 final=0
K230_CARD_BENCH v=1 run=1501316649118 event=submit input_id=488 frame_id=644 t_ns=1518531674388 update_cpu_ns=15884844 final=0
K230_CARD_BENCH v=1 run=1501316649118 event=submit input_id=487 frame_id=644 t_ns=1518531674388 update_cpu_ns=15884844 final=0
K230_CARD_BENCH v=1 run=1501316649118 event=submit input_id=486 frame_id=644 t_ns=1518531674388 update_cpu_ns=15884844 final=0
K230_CARD_BENCH v=1 run=1501316649118 event=submit input_id=485 frame_id=644 t_ns=1518531674388 update_cpu_ns=15884844 final=0
K230_CARD_BENCH v=1 run=1501316649118 event=submit input_id=484 frame_id=644 t_ns=1518531674388 update_cpu_ns=15884844 final=0
K230_CARD_BENCH v=1 run=1501316649118 event=present frame_id=643 t_ns=1518514991000 presented=1 clock=monotonic
K230_CARD_BENCH v=1 run=1501316649118 event=input input_id=489 gesture_id=24 kind=motion t_ns=1518511318956 source=injected
K230_CARD_SHELL state mode=2 actions=1 message=0 cards=1
K230_CARD_BENCH v=1 run=1501316649118 event=input input_id=488 gesture_id=24 kind=motion t_ns=1518509555667 source=injected
K230_CARD_SHELL state mode=2 actions=1 message=0 cards=1
K230_CARD_BENCH v=1 run=1501316649118 event=input input_id=487 gesture_id=24 kind=motion t_ns=1518509058250 source=injected
K230_CARD_SHELL state mode=2 actions=1 message=0 cards=1
K230_CARD_BENCH v=1 run=1501316649118 event=input input_id=486 gesture_id=24 kind=motion t_ns=1518507513154 source=injected
K230_CARD_SHELL state mode=2 actions=1 message=0 cards=1
K230_CARD_BENCH v=1 run=1501316649118 event=input input_id=485 gesture_id=24 kind=motion t_ns=1518506733848 source=injected
K230_CARD_SHELL state mode=2 actions=1 message=0 cards=1
K230_CARD_BENCH v=1 run=1501316649118 event=input input_id=484 gesture_id=24 kind=motion t_ns=1518504829725 source=injected
K230_CARD_SHELL state mode=2 actions=1 message=0 cards=1
K230_CARD_BENCH v=1 run=1501316649118 event=present frame_id=642 t_ns=1518476674000 presented=1 clock=monotonic
K230_CARD_SHELL live cards=1 commits=478 sampled=946 frame-done=950 output-presented=474
K230_CARD_SHELL frame-cost run=1501316649118 frame_id=642 total_cpu_ns=16343455 render_cpu_ns=14354750 input_cpu_ns=1780926
K230_CARD_BENCH v=1 run=1501316649118 event=submit input_id=483 frame_id=642 t_ns=1518473737057 update_cpu_ns=16343455 final=0
K230_CARD_BENCH v=1 run=1501316649118 event=submit input_id=482 frame_id=642 t_ns=1518473737057 update_cpu_ns=16343455 final=0
K230_CARD_BENCH v=1 run=1501316649118 event=submit input_id=481 frame_id=642 t_ns=1518473737057 update_cpu_ns=16343455 final=0
K230_CARD_BENCH v=1 run=1501316649118 event=submit input_id=480 frame_id=642 t_ns=1518473737057 update_cpu_ns=16343455 final=0
K230_CARD_BENCH v=1 run=1501316649118 event=submit input_id=479 frame_id=642 t_ns=1518473737057 update_cpu_ns=16343455 final=0
K230_CARD_BENCH v=1 run=1501316649118 event=present frame_id=641 t_ns=1518457514000 presented=1 clock=monotonic
K230_CARD_BENCH v=1 run=1501316649118 event=input input_id=483 gesture_id=24 kind=motion t_ns=1518451941479 source=injected
K230_CARD_SHELL state mode=2 actions=1 message=0 cards=1
K230_CARD_BENCH v=1 run=1501316649118 event=input input_id=482 gesture_id=24 kind=motion t_ns=1518450391866 source=injected
K230_CARD_SHELL state mode=2 actions=1 message=0 cards=1
K230_CARD_BENCH v=1 run=1501316649118 event=input input_id=481 gesture_id=24 kind=motion t_ns=1518449778205 source=injected
K230_CARD_SHELL state mode=2 actions=1 message=0 cards=1
K230_CARD_BENCH v=1 run=1501316649118 event=input input_id=480 gesture_id=24 kind=motion t_ns=1518447475578 source=injected
K230_CARD_SHELL state mode=2 actions=1 message=0 cards=1
K230_CARD_BENCH v=1 run=1501316649118 event=input input_id=479 gesture_id=24 kind=motion t_ns=1518445706289 source=injected
K230_CARD_SHELL state mode=2 actions=1 message=0 cards=1
K230_CARD_BENCH v=1 run=1501316649118 event=present frame_id=640 t_ns=1518419197000 presented=1 clock=monotonic
K230_CARD_SHELL frame-cost run=1501316649118 frame_id=640 total_cpu_ns=15320939 render_cpu_ns=14095460 input_cpu_ns=1066184
K230_CARD_BENCH v=1 run=1501316649118 event=submit input_id=478 frame_id=640 t_ns=1518415996442 update_cpu_ns=15320939 final=0
K230_CARD_BENCH v=1 run=1501316649118 event=submit input_id=477 frame_id=640 t_ns=1518415996442 update_cpu_ns=15320939 final=0
K230_CARD_BENCH v=1 run=1501316649118 event=submit input_id=476 frame_id=640 t_ns=1518415996442 update_cpu_ns=15320939 final=0
K230_CARD_BENCH v=1 run=1501316649118 event=submit input_id=475 frame_id=640 t_ns=1518415996442 update_cpu_ns=15320939 final=0
K230_CARD_BENCH v=1 run=1501316649118 event=present frame_id=639 t_ns=1518400045000 presented=1 clock=monotonic
K230_CARD_BENCH v=1 run=1501316649118 event=input input_id=478 gesture_id=24 kind=motion t_ns=1518398018591 source=injected
K230_CARD_SHELL state mode=2 actions=1 message=0 cards=1
K230_CARD_BENCH v=1 run=1501316649118 event=input input_id=477 gesture_id=24 kind=motion t_ns=1518392476347 source=injected
K230_CARD_SHELL state mode=2 actions=1 message=0 cards=1
K230_CARD_BENCH v=1 run=1501316649118 event=input input_id=476 gesture_id=24 kind=motion t_ns=1518392218751 source=injected
K230_CARD_SHELL state mode=2 actions=1 message=0 cards=1
K230_CARD_BENCH v=1 run=1501316649118 event=input input_id=475 gesture_id=24 kind=motion t_ns=1518391850651 source=injected
K230_CARD_SHELL state mode=2 actions=1 message=0 cards=1
K230_CARD_SHELL frame-cost run=1501316649118 frame_id=639 total_cpu_ns=14907548 render_cpu_ns=14116141 input_cpu_ns=577334
K230_CARD_BENCH v=1 run=1501316649118 event=submit input_id=474 frame_id=639 t_ns=1518388835190 update_cpu_ns=14907548 final=0
K230_CARD_BENCH v=1 run=1501316649118 event=submit input_id=473 frame_id=639 t_ns=1518388835190 update_cpu_ns=14907548 final=0
K230_CARD_BENCH v=1 run=1501316649118 event=present frame_id=638 t_ns=1518361721000 presented=1 clock=monotonic
K230_CARD_BENCH v=1 run=1501316649118 event=input input_id=474 gesture_id=24 kind=motion t_ns=1518363121084 source=injected
K230_CARD_SHELL state mode=2 actions=1 message=0 cards=1
K230_CARD_BENCH v=1 run=1501316649118 event=input input_id=473 gesture_id=24 kind=motion t_ns=1518360272824 source=injected
K230_CARD_SHELL state mode=2 actions=1 message=0 cards=1
K230_CARD_BENCH v=1 run=1501316649118 event=present frame_id=637 t_ns=1518342562000 presented=1 clock=monotonic
K230_CARD_SHELL state mode=2 actions=1 message=0 cards=1
K230_CARD_BENCH v=1 run=1501316649118 event=present frame_id=636 t_ns=1518304244000 presented=1 clock=monotonic
K230_CARD_BENCH v=1 run=1501316649118 event=present frame_id=635 t_ns=1518285086000 presented=1 clock=monotonic
K230_CARD_BENCH v=1 run=1501316649118 event=present frame_id=634 t_ns=1518246767000 presented=1 clock=monotonic
K230_CARD_BENCH v=1 run=1501316649118 event=present frame_id=633 t_ns=1518227609000 presented=1 clock=monotonic
K230_CARD_BENCH v=1 run=1501316649118 event=present frame_id=632 t_ns=1518189291000 presented=1 clock=monotonic
K230_CARD_BENCH v=1 run=1501316649118 event=present frame_id=631 t_ns=1518170133000 presented=1 clock=monotonic
K230_CARD_BENCH v=1 run=1501316649118 event=present frame_id=630 t_ns=1518131814000 presented=1 clock=monotonic
K230_CARD_BENCH v=1 run=1501316649118 event=present frame_id=629 t_ns=1518112657000 presented=1 clock=monotonic
K230_CARD_BENCH v=1 run=1501316649118 event=present frame_id=628 t_ns=1518074340000 presented=1 clock=monotonic
K230_CARD_SHELL frame-cost run=1501316649118 frame_id=628 total_cpu_ns=14872294 render_cpu_ns=14182664 input_cpu_ns=550113
K230_CARD_BENCH v=1 run=1501316649118 event=submit input_id=472 frame_id=628 t_ns=1518070949755 update_cpu_ns=14872294 final=1
K230_CARD_BENCH v=1 run=1501316649118 event=submit input_id=471 frame_id=628 t_ns=1518070949755 update_cpu_ns=14872294 final=0
K230_CARD_BENCH v=1 run=1501316649118 event=present frame_id=627 t_ns=1518055181000 presented=1 clock=monotonic
K230_CARD_BENCH v=1 run=1501316649118 event=input input_id=472 gesture_id=23 kind=release t_ns=1518044189784 source=injected
K230_CARD_SHELL state mode=1 actions=1 message=0 cards=1
K230_CARD_BENCH v=1 run=1501316649118 event=input input_id=471 gesture_id=23 kind=motion t_ns=1518043685183 source=injected
K230_CARD_SHELL state mode=2 actions=1 message=0 cards=1
K230_CARD_SHELL frame-cost run=1501316649118 frame_id=627 total_cpu_ns=12742745 render_cpu_ns=11848819 input_cpu_ns=667592
K230_CARD_BENCH v=1 run=1501316649118 event=submit input_id=470 frame_id=627 t_ns=1518041303529 update_cpu_ns=12742745 final=0
K230_CARD_BENCH v=1 run=1501316649118 event=submit input_id=469 frame_id=627 t_ns=1518041303529 update_cpu_ns=12742745 final=0
K230_CARD_BENCH v=1 run=1501316649118 event=present frame_id=626 t_ns=1518016863000 presented=1 clock=monotonic
K230_CARD_BENCH v=1 run=1501316649118 event=input input_id=470 gesture_id=23 kind=motion t_ns=1518016957542 source=injected
K230_CARD_SHELL state mode=2 actions=1 message=0 cards=1
K230_CARD_BENCH v=1 run=1501316649118 event=input input_id=469 gesture_id=23 kind=motion t_ns=1518015346714 source=injected
K230_CARD_SHELL state mode=2 actions=1 message=0 cards=1
K230_CARD_SHELL frame-cost run=1501316649118 frame_id=626 total_cpu_ns=14954588 render_cpu_ns=12458808 input_cpu_ns=2245262
K230_CARD_BENCH v=1 run=1501316649118 event=submit input_id=468 frame_id=626 t_ns=1518012228378 update_cpu_ns=14954588 final=0
K230_CARD_BENCH v=1 run=1501316649118 event=submit input_id=467 frame_id=626 t_ns=1518012228378 update_cpu_ns=14954588 final=0
K230_CARD_BENCH v=1 run=1501316649118 event=submit input_id=466 frame_id=626 t_ns=1518012228378 update_cpu_ns=14954588 final=0
K230_CARD_BENCH v=1 run=1501316649118 event=submit input_id=465 frame_id=626 t_ns=1518012228378 update_cpu_ns=14954588 final=0
K230_CARD_BENCH v=1 run=1501316649118 event=submit input_id=464 frame_id=626 t_ns=1518012228378 update_cpu_ns=14954588 final=0
K230_CARD_BENCH v=1 run=1501316649118 event=submit input_id=463 frame_id=626 t_ns=1518012228378 update_cpu_ns=14954588 final=0
K230_CARD_BENCH v=1 run=1501316649118 event=present frame_id=625 t_ns=1517997705000 presented=1 clock=monotonic
K230_CARD_BENCH v=1 run=1501316649118 event=input input_id=468 gesture_id=23 kind=motion t_ns=1517993829396 source=injected
K230_CARD_SHELL state mode=2 actions=1 message=0 cards=1
K230_CARD_BENCH v=1 run=1501316649118 event=input input_id=467 gesture_id=23 kind=motion t_ns=1517991654197 source=injected
K230_CARD_SHELL state mode=2 actions=1 message=0 cards=1
K230_CARD_BENCH v=1 run=1501316649118 event=input input_id=466 gesture_id=23 kind=motion t_ns=1517990285745 source=injected
K230_CARD_SHELL state mode=2 actions=1 message=0 cards=1
K230_CARD_BENCH v=1 run=1501316649118 event=input input_id=465 gesture_id=23 kind=motion t_ns=1517989493329 source=injected
K230_CARD_SHELL state mode=2 actions=1 message=0 cards=1
K230_CARD_BENCH v=1 run=1501316649118 event=input input_id=464 gesture_id=23 kind=motion t_ns=1517987705413 source=injected
K230_CARD_SHELL state mode=2 actions=1 message=0 cards=1
K230_CARD_BENCH v=1 run=1501316649118 event=input input_id=463 gesture_id=23 kind=motion t_ns=1517985839248 source=injected
K230_CARD_SHELL state mode=2 actions=1 message=0 cards=1
K230_CARD_BENCH v=1 run=1501316649118 event=present frame_id=624 t_ns=1517959387000 presented=1 clock=monotonic
K230_CARD_SHELL frame-cost run=1501316649118 frame_id=624 total_cpu_ns=15811681 render_cpu_ns=14189271 input_cpu_ns=1387113
K230_CARD_BENCH v=1 run=1501316649118 event=submit input_id=462 frame_id=624 t_ns=1517956335930 update_cpu_ns=15811681 final=0
K230_CARD_BENCH v=1 run=1501316649118 event=submit input_id=461 frame_id=624 t_ns=1517956335930 update_cpu_ns=15811681 final=0
K230_CARD_BENCH v=1 run=1501316649118 event=submit input_id=460 frame_id=624 t_ns=1517956335930 update_cpu_ns=15811681 final=0
K230_CARD_BENCH v=1 run=1501316649118 event=submit input_id=459 frame_id=624 t_ns=1517956335930 update_cpu_ns=15811681 final=0
K230_CARD_BENCH v=1 run=1501316649118 event=submit input_id=458 frame_id=624 t_ns=1517956335930 update_cpu_ns=15811681 final=0
K230_CARD_BENCH v=1 run=1501316649118 event=present frame_id=623 t_ns=1517940228000 presented=1 clock=monotonic
K230_CARD_BENCH v=1 run=1501316649118 event=input input_id=462 gesture_id=23 kind=motion t_ns=1517935527632 source=injected
K230_CARD_SHELL state mode=2 actions=1 message=0 cards=1
K230_CARD_BENCH v=1 run=1501316649118 event=input input_id=461 gesture_id=23 kind=motion t_ns=1517934940893 source=injected
K230_CARD_SHELL state mode=2 actions=1 message=0 cards=1
K230_CARD_BENCH v=1 run=1501316649118 event=input input_id=460 gesture_id=23 kind=motion t_ns=1517933477009 source=injected
K230_CARD_SHELL state mode=2 actions=1 message=0 cards=1
K230_CARD_BENCH v=1 run=1501316649118 event=input input_id=459 gesture_id=23 kind=motion t_ns=1517933055212 source=injected
K230_CARD_SHELL state mode=2 actions=1 message=0 cards=1
K230_CARD_BENCH v=1 run=1501316649118 event=input input_id=458 gesture_id=23 kind=motion t_ns=1517930669003 source=injected
K230_CARD_SHELL state mode=2 actions=1 message=0 cards=1
K230_CARD_BENCH v=1 run=1501316649118 event=present frame_id=622 t_ns=1517901912000 presented=1 clock=monotonic
K230_CARD_SHELL frame-cost run=1501316649118 frame_id=622 total_cpu_ns=15165314 render_cpu_ns=13997978 input_cpu_ns=970778
K230_CARD_BENCH v=1 run=1501316649118 event=submit input_id=457 frame_id=622 t_ns=1517898834284 update_cpu_ns=15165314 final=0
K230_CARD_BENCH v=1 run=1501316649118 event=submit input_id=456 frame_id=622 t_ns=1517898834284 update_cpu_ns=15165314 final=0
K230_CARD_BENCH v=1 run=1501316649118 event=submit input_id=455 frame_id=622 t_ns=1517898834284 update_cpu_ns=15165314 final=0
K230_CARD_BENCH v=1 run=1501316649118 event=submit input_id=454 frame_id=622 t_ns=1517898834284 update_cpu_ns=15165314 final=0
K230_CARD_BENCH v=1 run=1501316649118 event=present frame_id=621 t_ns=1517882755000 presented=1 clock=monotonic
K230_CARD_BENCH v=1 run=1501316649118 event=input input_id=457 gesture_id=23 kind=motion t_ns=1517882170262 source=injected
K230_CARD_SHELL state mode=2 actions=1 message=0 cards=1
K230_CARD_BENCH v=1 run=1501316649118 event=input input_id=456 gesture_id=23 kind=motion t_ns=1517876175337 source=injected
K230_CARD_SHELL state mode=2 actions=1 message=0 cards=1
K230_CARD_BENCH v=1 run=1501316649118 event=input input_id=455 gesture_id=23 kind=motion t_ns=1517875766834 source=injected
K230_CARD_SHELL state mode=2 actions=1 message=0 cards=1
K230_CARD_BENCH v=1 run=1501316649118 event=input input_id=454 gesture_id=23 kind=motion t_ns=1517874794738 source=injected
K230_CARD_SHELL state mode=2 actions=1 message=0 cards=1
K230_CARD_SHELL frame-cost run=1501316649118 frame_id=621 total_cpu_ns=14946233 render_cpu_ns=14165419 input_cpu_ns=596407
K230_CARD_BENCH v=1 run=1501316649118 event=submit input_id=453 frame_id=621 t_ns=1517872530551 update_cpu_ns=14946233 final=0
K230_CARD_BENCH v=1 run=1501316649118 event=submit input_id=452 frame_id=621 t_ns=1517872530551 update_cpu_ns=14946233 final=0
K230_CARD_BENCH v=1 run=1501316649118 event=present frame_id=620 t_ns=1517844436000 presented=1 clock=monotonic
K230_CARD_BENCH v=1 run=1501316649118 event=input input_id=453 gesture_id=23 kind=motion t_ns=1517845995884 source=injected
K230_CARD_SHELL state mode=2 actions=1 message=0 cards=1
K230_CARD_BENCH v=1 run=1501316649118 event=input input_id=452 gesture_id=23 kind=motion t_ns=1517844228299 source=injected
K230_CARD_SHELL state mode=2 actions=1 message=0 cards=1
K230_CARD_BENCH v=1 run=1501316649118 event=present frame_id=619 t_ns=1517825276000 presented=1 clock=monotonic
K230_CARD_SHELL state mode=2 actions=1 message=0 cards=1
K230_CARD_BENCH v=1 run=1501316649118 event=present frame_id=618 t_ns=1517786957000 presented=1 clock=monotonic
K230_CARD_BENCH v=1 run=1501316649118 event=present frame_id=617 t_ns=1517767800000 presented=1 clock=monotonic
K230_CARD_BENCH v=1 run=1501316649118 event=present frame_id=616 t_ns=1517729482000 presented=1 clock=monotonic
K230_CARD_BENCH v=1 run=1501316649118 event=present frame_id=615 t_ns=1517710326000 presented=1 clock=monotonic
K230_CARD_BENCH v=1 run=1501316649118 event=present frame_id=614 t_ns=1517672046000 presented=1 clock=monotonic
K230_CARD_BENCH v=1 run=1501316649118 event=present frame_id=613 t_ns=1517652847000 presented=1 clock=monotonic
K230_CARD_BENCH v=1 run=1501316649118 event=present frame_id=612 t_ns=1517614528000 presented=1 clock=monotonic
K230_CARD_BENCH v=1 run=1501316649118 event=present frame_id=611 t_ns=1517595371000 presented=1 clock=monotonic
K230_CARD_BENCH v=1 run=1501316649118 event=present frame_id=610 t_ns=1517557053000 presented=1 clock=monotonic
K230_CARD_BENCH v=1 run=1501316649118 event=resource phase=active t_ns=1517557253410 cpu_ns=14213180000 memory_bytes=19685376 scope=session
K230_CARD_BENCH v=1 run=1501316649118 event=resource phase=active t_ns=1517557253410 cpu_ns=8717077815 memory_bytes=27570176 scope=compositor
K230_CARD_SHELL frame-cost run=1501316649118 frame_id=610 total_cpu_ns=16569041 render_cpu_ns=14199338 input_cpu_ns=2161223
K230_CARD_BENCH v=1 run=1501316649118 event=submit input_id=451 frame_id=610 t_ns=1517553703317 update_cpu_ns=16569041 final=1
K230_CARD_BENCH v=1 run=1501316649118 event=submit input_id=450 frame_id=610 t_ns=1517553703317 update_cpu_ns=16569041 final=0
K230_CARD_BENCH v=1 run=1501316649118 event=submit input_id=449 frame_id=610 t_ns=1517553703317 update_cpu_ns=16569041 final=0
K230_CARD_BENCH v=1 run=1501316649118 event=submit input_id=448 frame_id=610 t_ns=1517553703317 update_cpu_ns=16569041 final=0
K230_CARD_BENCH v=1 run=1501316649118 event=present frame_id=609 t_ns=1517537897000 presented=1 clock=monotonic
K230_CARD_BENCH v=1 run=1501316649118 event=input input_id=451 gesture_id=22 kind=release t_ns=1517535403884 source=injected
K230_CARD_SHELL state mode=1 actions=1 message=0 cards=1
K230_CARD_BENCH v=1 run=1501316649118 event=input input_id=450 gesture_id=22 kind=motion t_ns=1517533495614 source=injected
K230_CARD_SHELL state mode=2 actions=1 message=0 cards=1
K230_CARD_BENCH v=1 run=1501316649118 event=input input_id=449 gesture_id=22 kind=motion t_ns=1517531379445 source=injected
K230_CARD_SHELL state mode=2 actions=1 message=0 cards=1
K230_CARD_BENCH v=1 run=1501316649118 event=input input_id=448 gesture_id=22 kind=motion t_ns=1517529469990 source=injected
K230_CARD_SHELL state mode=2 actions=1 message=0 cards=1
K230_CARD_BENCH v=1 run=1501316649118 event=present frame_id=608 t_ns=1517499581000 presented=1 clock=monotonic
K230_CARD_SHELL frame-cost run=1501316649118 frame_id=608 total_cpu_ns=15391622 render_cpu_ns=12575916 input_cpu_ns=2560037
K230_CARD_BENCH v=1 run=1501316649118 event=submit input_id=447 frame_id=608 t_ns=1517494736881 update_cpu_ns=15391622 final=0
K230_CARD_BENCH v=1 run=1501316649118 event=submit input_id=446 frame_id=608 t_ns=1517494736881 update_cpu_ns=15391622 final=0
K230_CARD_BENCH v=1 run=1501316649118 event=submit input_id=445 frame_id=608 t_ns=1517494736881 update_cpu_ns=15391622 final=0
K230_CARD_BENCH v=1 run=1501316649118 event=submit input_id=444 frame_id=608 t_ns=1517494736881 update_cpu_ns=15391622 final=0
K230_CARD_BENCH v=1 run=1501316649118 event=submit input_id=443 frame_id=608 t_ns=1517494736881 update_cpu_ns=15391622 final=0
K230_CARD_BENCH v=1 run=1501316649118 event=submit input_id=442 frame_id=608 t_ns=1517494736881 update_cpu_ns=15391622 final=0
K230_CARD_BENCH v=1 run=1501316649118 event=present frame_id=607 t_ns=1517480419000 presented=1 clock=monotonic
K230_CARD_BENCH v=1 run=1501316649118 event=input input_id=447 gesture_id=22 kind=motion t_ns=1517477846598 source=injected
K230_CARD_SHELL state mode=2 actions=1 message=0 cards=1
K230_CARD_BENCH v=1 run=1501316649118 event=input input_id=446 gesture_id=22 kind=motion t_ns=1517473611445 source=injected
K230_CARD_SHELL state mode=2 actions=1 message=0 cards=1
K230_CARD_BENCH v=1 run=1501316649118 event=input input_id=445 gesture_id=22 kind=motion t_ns=1517473047149 source=injected
K230_CARD_SHELL state mode=2 actions=1 message=0 cards=1
K230_CARD_BENCH v=1 run=1501316649118 event=input input_id=444 gesture_id=22 kind=motion t_ns=1517471393808 source=injected
K230_CARD_SHELL state mode=2 actions=1 message=0 cards=1
K230_CARD_BENCH v=1 run=1501316649118 event=input input_id=443 gesture_id=22 kind=motion t_ns=1517470904502 source=injected
K230_CARD_SHELL state mode=2 actions=1 message=0 cards=1
K230_CARD_BENCH v=1 run=1501316649118 event=input input_id=442 gesture_id=22 kind=motion t_ns=1517469502277 source=injected
K230_CARD_SHELL state mode=2 actions=1 message=0 cards=1
K230_CARD_BENCH v=1 run=1501316649118 event=present frame_id=606 t_ns=1517442103000 presented=1 clock=monotonic
K230_CARD_SHELL frame-cost run=1501316649118 frame_id=606 total_cpu_ns=16510935 render_cpu_ns=14399417 input_cpu_ns=1841742
K230_CARD_BENCH v=1 run=1501316649118 event=submit input_id=441 frame_id=606 t_ns=1517439189000 update_cpu_ns=16510935 final=0
K230_CARD_BENCH v=1 run=1501316649118 event=submit input_id=440 frame_id=606 t_ns=1517439189000 update_cpu_ns=16510935 final=0
K230_CARD_BENCH v=1 run=1501316649118 event=submit input_id=439 frame_id=606 t_ns=1517439189000 update_cpu_ns=16510935 final=0
K230_CARD_BENCH v=1 run=1501316649118 event=submit input_id=438 frame_id=606 t_ns=1517439189000 update_cpu_ns=16510935 final=0
K230_CARD_BENCH v=1 run=1501316649118 event=submit input_id=437 frame_id=606 t_ns=1517439189000 update_cpu_ns=16510935 final=0
K230_CARD_BENCH v=1 run=1501316649118 event=submit input_id=436 frame_id=606 t_ns=1517439189000 update_cpu_ns=16510935 final=0
K230_CARD_BENCH v=1 run=1501316649118 event=present frame_id=605 t_ns=1517422942000 presented=1 clock=monotonic
K230_CARD_BENCH v=1 run=1501316649118 event=input input_id=441 gesture_id=22 kind=motion t_ns=1517418975409 source=injected
K230_CARD_SHELL state mode=2 actions=1 message=0 cards=1
K230_CARD_BENCH v=1 run=1501316649118 event=input input_id=440 gesture_id=22 kind=motion t_ns=1517418433924 source=injected
K230_CARD_SHELL state mode=2 actions=1 message=0 cards=1
K230_CARD_BENCH v=1 run=1501316649118 event=input input_id=439 gesture_id=22 kind=motion t_ns=1517416910641 source=injected
K230_CARD_SHELL state mode=2 actions=1 message=0 cards=1
K230_CARD_BENCH v=1 run=1501316649118 event=input input_id=438 gesture_id=22 kind=motion t_ns=1517416306127 source=injected
K230_CARD_SHELL state mode=2 actions=1 message=0 cards=1
K230_CARD_BENCH v=1 run=1501316649118 event=input input_id=437 gesture_id=22 kind=motion t_ns=1517414446924 source=injected
K230_CARD_SHELL state mode=2 actions=1 message=0 cards=1
K230_CARD_BENCH v=1 run=1501316649118 event=input input_id=436 gesture_id=22 kind=motion t_ns=1517412655120 source=injected
K230_CARD_SHELL state mode=2 actions=1 message=0 cards=1
K230_CARD_BENCH v=1 run=1501316649118 event=present frame_id=604 t_ns=1517384626000 presented=1 clock=monotonic
K230_CARD_SHELL frame-cost run=1501316649118 frame_id=604 total_cpu_ns=15502020 render_cpu_ns=14144539 input_cpu_ns=1125553
K230_CARD_BENCH v=1 run=1501316649118 event=submit input_id=435 frame_id=604 t_ns=1517381678189 update_cpu_ns=15502020 final=0
K230_CARD_BENCH v=1 run=1501316649118 event=submit input_id=434 frame_id=604 t_ns=1517381678189 update_cpu_ns=15502020 final=0
K230_CARD_BENCH v=1 run=1501316649118 event=submit input_id=433 frame_id=604 t_ns=1517381678189 update_cpu_ns=15502020 final=0
K230_CARD_BENCH v=1 run=1501316649118 event=submit input_id=432 frame_id=604 t_ns=1517381678189 update_cpu_ns=15502020 final=0
K230_CARD_BENCH v=1 run=1501316649118 event=submit input_id=431 frame_id=604 t_ns=1517381678189 update_cpu_ns=15502020 final=0
K230_CARD_BENCH v=1 run=1501316649118 event=present frame_id=603 t_ns=1517365467000 presented=1 clock=monotonic
K230_CARD_BENCH v=1 run=1501316649118 event=input input_id=435 gesture_id=22 kind=motion t_ns=1517357831590 source=injected
K230_CARD_SHELL state mode=2 actions=1 message=0 cards=1
K230_CARD_BENCH v=1 run=1501316649118 event=input input_id=434 gesture_id=22 kind=motion t_ns=1517353930171 source=injected
K230_CARD_SHELL state mode=2 actions=1 message=0 cards=1
K230_CARD_BENCH v=1 run=1501316649118 event=input input_id=433 gesture_id=22 kind=motion t_ns=1517353640839 source=injected
K230_CARD_SHELL state mode=2 actions=1 message=0 cards=1
K230_CARD_BENCH v=1 run=1501316649118 event=input input_id=432 gesture_id=22 kind=motion t_ns=1517352731772 source=injected
K230_CARD_SHELL state mode=2 actions=1 message=0 cards=1
K230_CARD_BENCH v=1 run=1501316649118 event=input input_id=431 gesture_id=22 kind=motion t_ns=1517351520078 source=injected
K230_CARD_SHELL state mode=2 actions=1 message=0 cards=1
K230_CARD_BENCH v=1 run=1501316649118 event=present frame_id=602 t_ns=1517327148000 presented=1 clock=monotonic
K230_CARD_BENCH v=1 run=1501316649118 event=present frame_id=601 t_ns=1517307990000 presented=1 clock=monotonic
K230_CARD_SHELL state mode=2 actions=1 message=0 cards=1
K230_CARD_BENCH v=1 run=1501316649118 event=present frame_id=600 t_ns=1517269671000 presented=1 clock=monotonic
K230_CARD_BENCH v=1 run=1501316649118 event=present frame_id=599 t_ns=1517250514000 presented=1 clock=monotonic
K230_CARD_BENCH v=1 run=1501316649118 event=present frame_id=598 t_ns=1517212198000 presented=1 clock=monotonic
K230_CARD_BENCH v=1 run=1501316649118 event=present frame_id=597 t_ns=1517193037000 presented=1 clock=monotonic
K230_CARD_BENCH v=1 run=1501316649118 event=present frame_id=596 t_ns=1517154720000 presented=1 clock=monotonic
K230_CARD_BENCH v=1 run=1501316649118 event=present frame_id=595 t_ns=1517135561000 presented=1 clock=monotonic
K230_CARD_BENCH v=1 run=1501316649118 event=present frame_id=594 t_ns=1517097244000 presented=1 clock=monotonic
K230_CARD_BENCH v=1 run=1501316649118 event=present frame_id=593 t_ns=1517078085000 presented=1 clock=monotonic
K230_CARD_BENCH v=1 run=1501316649118 event=present frame_id=592 t_ns=1517039768000 presented=1 clock=monotonic
K230_CARD_SHELL frame-cost run=1501316649118 frame_id=592 total_cpu_ns=15136481 render_cpu_ns=14256853 input_cpu_ns=737072
K230_CARD_BENCH v=1 run=1501316649118 event=submit input_id=430 frame_id=592 t_ns=1517036154385 update_cpu_ns=15136481 final=1
K230_CARD_BENCH v=1 run=1501316649118 event=submit input_id=429 frame_id=592 t_ns=1517036154385 update_cpu_ns=15136481 final=0
K230_CARD_BENCH v=1 run=1501316649118 event=present frame_id=591 t_ns=1517020609000 presented=1 clock=monotonic
K230_CARD_BENCH v=1 run=1501316649118 event=input input_id=430 gesture_id=21 kind=release t_ns=1517007970202 source=injected
K230_CARD_SHELL state mode=1 actions=1 message=0 cards=1
K230_CARD_BENCH v=1 run=1501316649118 event=input input_id=429 gesture_id=21 kind=motion t_ns=1517006838053 source=injected
K230_CARD_SHELL state mode=2 actions=1 message=0 cards=1
K230_CARD_SHELL frame-cost run=1501316649118 frame_id=591 total_cpu_ns=12300339 render_cpu_ns=11770376 input_cpu_ns=402667
K230_CARD_BENCH v=1 run=1501316649118 event=submit input_id=428 frame_id=591 t_ns=1517004742992 update_cpu_ns=12300339 final=0
K230_CARD_BENCH v=1 run=1501316649118 event=present frame_id=590 t_ns=1516982293000 presented=1 clock=monotonic
K230_CARD_BENCH v=1 run=1501316649118 event=input input_id=428 gesture_id=21 kind=motion t_ns=1516978330097 source=injected
K230_CARD_SHELL state mode=2 actions=1 message=0 cards=1
K230_CARD_SHELL frame-cost run=1501316649118 frame_id=590 total_cpu_ns=14656252 render_cpu_ns=12062071 input_cpu_ns=2330885
K230_CARD_BENCH v=1 run=1501316649118 event=submit input_id=427 frame_id=590 t_ns=1516977304267 update_cpu_ns=14656252 final=0
K230_CARD_BENCH v=1 run=1501316649118 event=submit input_id=426 frame_id=590 t_ns=1516977304267 update_cpu_ns=14656252 final=0
K230_CARD_BENCH v=1 run=1501316649118 event=submit input_id=425 frame_id=590 t_ns=1516977304267 update_cpu_ns=14656252 final=0
K230_CARD_BENCH v=1 run=1501316649118 event=submit input_id=424 frame_id=590 t_ns=1516977304267 update_cpu_ns=14656252 final=0
K230_CARD_BENCH v=1 run=1501316649118 event=submit input_id=423 frame_id=590 t_ns=1516977304267 update_cpu_ns=14656252 final=0
K230_CARD_BENCH v=1 run=1501316649118 event=submit input_id=422 frame_id=590 t_ns=1516977304267 update_cpu_ns=14656252 final=0
K230_CARD_BENCH v=1 run=1501316649118 event=present frame_id=589 t_ns=1516963135000 presented=1 clock=monotonic
K230_CARD_BENCH v=1 run=1501316649118 event=input input_id=427 gesture_id=21 kind=motion t_ns=1516962603292 source=injected
K230_CARD_SHELL state mode=2 actions=1 message=0 cards=1
K230_CARD_BENCH v=1 run=1501316649118 event=input input_id=426 gesture_id=21 kind=motion t_ns=1516956649067 source=injected
K230_CARD_SHELL state mode=2 actions=1 message=0 cards=1
K230_CARD_BENCH v=1 run=1501316649118 event=input input_id=425 gesture_id=21 kind=motion t_ns=1516956077660 source=injected
K230_CARD_SHELL state mode=2 actions=1 message=0 cards=1
K230_CARD_BENCH v=1 run=1501316649118 event=input input_id=424 gesture_id=21 kind=motion t_ns=1516954976988 source=injected
K230_CARD_SHELL state mode=2 actions=1 message=0 cards=1
K230_CARD_BENCH v=1 run=1501316649118 event=input input_id=423 gesture_id=21 kind=motion t_ns=1516953811955 source=injected
K230_CARD_SHELL state mode=2 actions=1 message=0 cards=1
K230_CARD_BENCH v=1 run=1501316649118 event=input input_id=422 gesture_id=21 kind=motion t_ns=1516951569024 source=injected
K230_CARD_SHELL state mode=2 actions=1 message=0 cards=1
K230_CARD_BENCH v=1 run=1501316649118 event=present frame_id=588 t_ns=1516924815000 presented=1 clock=monotonic
K230_CARD_SHELL frame-cost run=1501316649118 frame_id=588 total_cpu_ns=16047603 render_cpu_ns=13911933 input_cpu_ns=1837003
K230_CARD_BENCH v=1 run=1501316649118 event=submit input_id=421 frame_id=588 t_ns=1516921595370 update_cpu_ns=16047603 final=0
K230_CARD_BENCH v=1 run=1501316649118 event=submit input_id=420 frame_id=588 t_ns=1516921595370 update_cpu_ns=16047603 final=0
K230_CARD_BENCH v=1 run=1501316649118 event=submit input_id=419 frame_id=588 t_ns=1516921595370 update_cpu_ns=16047603 final=0
K230_CARD_BENCH v=1 run=1501316649118 event=submit input_id=418 frame_id=588 t_ns=1516921595370 update_cpu_ns=16047603 final=0
K230_CARD_BENCH v=1 run=1501316649118 event=submit input_id=417 frame_id=588 t_ns=1516921595370 update_cpu_ns=16047603 final=0
K230_CARD_BENCH v=1 run=1501316649118 event=submit input_id=416 frame_id=588 t_ns=1516921595370 update_cpu_ns=16047603 final=0
K230_CARD_BENCH v=1 run=1501316649118 event=present frame_id=587 t_ns=1516905657000 presented=1 clock=monotonic
K230_CARD_BENCH v=1 run=1501316649118 event=input input_id=421 gesture_id=21 kind=motion t_ns=1516902607471 source=injected
K230_CARD_SHELL state mode=2 actions=1 message=0 cards=1
K230_CARD_BENCH v=1 run=1501316649118 event=input input_id=420 gesture_id=21 kind=motion t_ns=1516898619583 source=injected
K230_CARD_SHELL state mode=2 actions=1 message=0 cards=1
K230_CARD_BENCH v=1 run=1501316649118 event=input input_id=419 gesture_id=21 kind=motion t_ns=1516898199860 source=injected
K230_CARD_SHELL state mode=2 actions=1 message=0 cards=1
K230_CARD_BENCH v=1 run=1501316649118 event=input input_id=418 gesture_id=21 kind=motion t_ns=1516896863108 source=injected
K230_CARD_SHELL state mode=2 actions=1 message=0 cards=1
K230_CARD_BENCH v=1 run=1501316649118 event=input input_id=417 gesture_id=21 kind=motion t_ns=1516896203972 source=injected
K230_CARD_SHELL state mode=2 actions=1 message=0 cards=1
K230_CARD_BENCH v=1 run=1501316649118 event=input input_id=416 gesture_id=21 kind=motion t_ns=1516894326290 source=injected
K230_CARD_SHELL state mode=2 actions=1 message=0 cards=1
K230_CARD_BENCH v=1 run=1501316649118 event=present frame_id=586 t_ns=1516867339000 presented=1 clock=monotonic
K230_CARD_SHELL frame-cost run=1501316649118 frame_id=586 total_cpu_ns=15817683 render_cpu_ns=14116720 input_cpu_ns=1460408
K230_CARD_BENCH v=1 run=1501316649118 event=submit input_id=415 frame_id=586 t_ns=1516864388261 update_cpu_ns=15817683 final=0
K230_CARD_BENCH v=1 run=1501316649118 event=submit input_id=414 frame_id=586 t_ns=1516864388261 update_cpu_ns=15817683 final=0
K230_CARD_BENCH v=1 run=1501316649118 event=submit input_id=413 frame_id=586 t_ns=1516864388261 update_cpu_ns=15817683 final=0
K230_CARD_BENCH v=1 run=1501316649118 event=submit input_id=412 frame_id=586 t_ns=1516864388261 update_cpu_ns=15817683 final=0
K230_CARD_BENCH v=1 run=1501316649118 event=submit input_id=411 frame_id=586 t_ns=1516864388261 update_cpu_ns=15817683 final=0
K230_CARD_BENCH v=1 run=1501316649118 event=submit input_id=410 frame_id=586 t_ns=1516864388261 update_cpu_ns=15817683 final=0
K230_CARD_BENCH v=1 run=1501316649118 event=present frame_id=585 t_ns=1516848180000 presented=1 clock=monotonic
K230_CARD_BENCH v=1 run=1501316649118 event=input input_id=415 gesture_id=21 kind=motion t_ns=1516842604393 source=injected
K230_CARD_SHELL state mode=2 actions=1 message=0 cards=1
K230_CARD_BENCH v=1 run=1501316649118 event=input input_id=414 gesture_id=21 kind=motion t_ns=1516838577546 source=injected
K230_CARD_SHELL state mode=2 actions=1 message=0 cards=1
K230_CARD_BENCH v=1 run=1501316649118 event=input input_id=413 gesture_id=21 kind=motion t_ns=1516837004566 source=injected
K230_CARD_SHELL state mode=2 actions=1 message=0 cards=1
K230_CARD_BENCH v=1 run=1501316649118 event=input input_id=412 gesture_id=21 kind=motion t_ns=1516836753821 source=injected
K230_CARD_SHELL state mode=2 actions=1 message=0 cards=1
K230_CARD_BENCH v=1 run=1501316649118 event=input input_id=411 gesture_id=21 kind=motion t_ns=1516835952221 source=injected
K230_CARD_SHELL state mode=2 actions=1 message=0 cards=1
K230_CARD_BENCH v=1 run=1501316649118 event=input input_id=410 gesture_id=21 kind=motion t_ns=1516834738935 source=injected
K230_CARD_SHELL state mode=2 actions=1 message=0 cards=1
K230_CARD_BENCH v=1 run=1501316649118 event=present frame_id=584 t_ns=1516809862000 presented=1 clock=monotonic
K230_CARD_BENCH v=1 run=1501316649118 event=present frame_id=583 t_ns=1516790704000 presented=1 clock=monotonic
K230_CARD_SHELL state mode=2 actions=1 message=0 cards=1
K230_CARD_BENCH v=1 run=1501316649118 event=present frame_id=582 t_ns=1516752389000 presented=1 clock=monotonic
K230_CARD_SHELL live cards=1 commits=418 sampled=826 frame-done=830 output-presented=414
K230_CARD_BENCH v=1 run=1501316649118 event=present frame_id=581 t_ns=1516733228000 presented=1 clock=monotonic
K230_CARD_BENCH v=1 run=1501316649118 event=present frame_id=580 t_ns=1516694911000 presented=1 clock=monotonic
K230_CARD_BENCH v=1 run=1501316649118 event=present frame_id=579 t_ns=1516675752000 presented=1 clock=monotonic
K230_CARD_BENCH v=1 run=1501316649118 event=present frame_id=578 t_ns=1516637434000 presented=1 clock=monotonic
K230_CARD_BENCH v=1 run=1501316649118 event=present frame_id=577 t_ns=1516618276000 presented=1 clock=monotonic
K230_CARD_BENCH v=1 run=1501316649118 event=present frame_id=576 t_ns=1516579957000 presented=1 clock=monotonic
K230_CARD_BENCH v=1 run=1501316649118 event=present frame_id=575 t_ns=1516560799000 presented=1 clock=monotonic
K230_CARD_BENCH v=1 run=1501316649118 event=resource phase=active t_ns=1516548054628 cpu_ns=13505627000 memory_bytes=19681280 scope=session
K230_CARD_BENCH v=1 run=1501316649118 event=resource phase=active t_ns=1516548054628 cpu_ns=8176995850 memory_bytes=27570176 scope=compositor
K230_CARD_BENCH v=1 run=1501316649118 event=present frame_id=574 t_ns=1516522482000 presented=1 clock=monotonic
K230_CARD_SHELL frame-cost run=1501316649118 frame_id=574 total_cpu_ns=15332334 render_cpu_ns=14336186 input_cpu_ns=794112
K230_CARD_BENCH v=1 run=1501316649118 event=submit input_id=409 frame_id=574 t_ns=1516518973868 update_cpu_ns=15332334 final=1
K230_CARD_BENCH v=1 run=1501316649118 event=submit input_id=408 frame_id=574 t_ns=1516518973868 update_cpu_ns=15332334 final=0
K230_CARD_BENCH v=1 run=1501316649118 event=present frame_id=573 t_ns=1516503323000 presented=1 clock=monotonic
K230_CARD_BENCH v=1 run=1501316649118 event=input input_id=409 gesture_id=20 kind=release t_ns=1516495607177 source=injected
K230_CARD_SHELL state mode=1 actions=1 message=0 cards=1
K230_CARD_BENCH v=1 run=1501316649118 event=input input_id=408 gesture_id=20 kind=motion t_ns=1516493992980 source=injected
K230_CARD_SHELL state mode=2 actions=1 message=0 cards=1
K230_CARD_SHELL frame-cost run=1501316649118 frame_id=573 total_cpu_ns=13341385 render_cpu_ns=12106536 input_cpu_ns=1010629
K230_CARD_BENCH v=1 run=1501316649118 event=submit input_id=407 frame_id=573 t_ns=1516492963448 update_cpu_ns=13341385 final=0
K230_CARD_BENCH v=1 run=1501316649118 event=submit input_id=406 frame_id=573 t_ns=1516492963448 update_cpu_ns=13341385 final=0
K230_CARD_BENCH v=1 run=1501316649118 event=present frame_id=572 t_ns=1516465008000 presented=1 clock=monotonic
K230_CARD_BENCH v=1 run=1501316649118 event=input input_id=407 gesture_id=20 kind=motion t_ns=1516464650513 source=injected
K230_CARD_SHELL state mode=2 actions=1 message=0 cards=1
K230_CARD_BENCH v=1 run=1501316649118 event=input input_id=406 gesture_id=20 kind=motion t_ns=1516464050443 source=injected
K230_CARD_SHELL state mode=2 actions=1 message=0 cards=1
K230_CARD_SHELL frame-cost run=1501316649118 frame_id=572 total_cpu_ns=15038559 render_cpu_ns=12823521 input_cpu_ns=1911406
K230_CARD_BENCH v=1 run=1501316649118 event=submit input_id=405 frame_id=572 t_ns=1516460525200 update_cpu_ns=15038559 final=0
K230_CARD_BENCH v=1 run=1501316649118 event=submit input_id=404 frame_id=572 t_ns=1516460525200 update_cpu_ns=15038559 final=0
K230_CARD_BENCH v=1 run=1501316649118 event=submit input_id=403 frame_id=572 t_ns=1516460525200 update_cpu_ns=15038559 final=0
K230_CARD_BENCH v=1 run=1501316649118 event=submit input_id=402 frame_id=572 t_ns=1516460525200 update_cpu_ns=15038559 final=0
K230_CARD_BENCH v=1 run=1501316649118 event=submit input_id=401 frame_id=572 t_ns=1516460525200 update_cpu_ns=15038559 final=0
K230_CARD_BENCH v=1 run=1501316649118 event=present frame_id=571 t_ns=1516445847000 presented=1 clock=monotonic
K230_CARD_BENCH v=1 run=1501316649118 event=input input_id=405 gesture_id=20 kind=motion t_ns=1516442155004 source=injected
K230_CARD_SHELL state mode=2 actions=1 message=0 cards=1
K230_CARD_BENCH v=1 run=1501316649118 event=input input_id=404 gesture_id=20 kind=motion t_ns=1516440780295 source=injected
K230_CARD_SHELL state mode=2 actions=1 message=0 cards=1
K230_CARD_BENCH v=1 run=1501316649118 event=input input_id=403 gesture_id=20 kind=motion t_ns=1516440253586 source=injected
K230_CARD_SHELL state mode=2 actions=1 message=0 cards=1
K230_CARD_BENCH v=1 run=1501316649118 event=input input_id=402 gesture_id=20 kind=motion t_ns=1516438813514 source=injected
K230_CARD_SHELL state mode=2 actions=1 message=0 cards=1
K230_CARD_BENCH v=1 run=1501316649118 event=input input_id=401 gesture_id=20 kind=motion t_ns=1516438278177 source=injected
K230_CARD_SHELL state mode=2 actions=1 message=0 cards=1
K230_CARD_BENCH v=1 run=1501316649118 event=present frame_id=570 t_ns=1516407532000 presented=1 clock=monotonic
K230_CARD_SHELL frame-cost run=1501316649118 frame_id=570 total_cpu_ns=15793158 render_cpu_ns=14201343 input_cpu_ns=1427557
K230_CARD_BENCH v=1 run=1501316649118 event=submit input_id=400 frame_id=570 t_ns=1516404457146 update_cpu_ns=15793158 final=0
K230_CARD_BENCH v=1 run=1501316649118 event=submit input_id=399 frame_id=570 t_ns=1516404457146 update_cpu_ns=15793158 final=0
K230_CARD_BENCH v=1 run=1501316649118 event=submit input_id=398 frame_id=570 t_ns=1516404457146 update_cpu_ns=15793158 final=0
K230_CARD_BENCH v=1 run=1501316649118 event=submit input_id=397 frame_id=570 t_ns=1516404457146 update_cpu_ns=15793158 final=0
K230_CARD_BENCH v=1 run=1501316649118 event=present frame_id=569 t_ns=1516388371000 presented=1 clock=monotonic
K230_CARD_BENCH v=1 run=1501316649118 event=input input_id=400 gesture_id=20 kind=motion t_ns=1516386109393 source=injected
K230_CARD_SHELL state mode=2 actions=1 message=0 cards=1
K230_CARD_BENCH v=1 run=1501316649118 event=input input_id=399 gesture_id=20 kind=motion t_ns=1516382441501 source=injected
K230_CARD_SHELL state mode=2 actions=1 message=0 cards=1
K230_CARD_BENCH v=1 run=1501316649118 event=input input_id=398 gesture_id=20 kind=motion t_ns=1516382043664 source=injected
K230_CARD_SHELL state mode=2 actions=1 message=0 cards=1
K230_CARD_BENCH v=1 run=1501316649118 event=input input_id=397 gesture_id=20 kind=motion t_ns=1516380772348 source=injected
K230_CARD_SHELL state mode=2 actions=1 message=0 cards=1
K230_CARD_SHELL frame-cost run=1501316649118 frame_id=569 total_cpu_ns=14959420 render_cpu_ns=14265899 input_cpu_ns=547595
K230_CARD_BENCH v=1 run=1501316649118 event=submit input_id=396 frame_id=569 t_ns=1516377649348 update_cpu_ns=14959420 final=0
K230_CARD_BENCH v=1 run=1501316649118 event=submit input_id=395 frame_id=569 t_ns=1516377649348 update_cpu_ns=14959420 final=0
K230_CARD_BENCH v=1 run=1501316649118 event=present frame_id=568 t_ns=1516350054000 presented=1 clock=monotonic
K230_CARD_BENCH v=1 run=1501316649118 event=input input_id=396 gesture_id=20 kind=motion t_ns=1516352258958 source=injected
K230_CARD_SHELL state mode=2 actions=1 message=0 cards=1
K230_CARD_BENCH v=1 run=1501316649118 event=input input_id=395 gesture_id=20 kind=motion t_ns=1516348064839 source=injected
K230_CARD_SHELL state mode=2 actions=1 message=0 cards=1
K230_CARD_SHELL frame-cost run=1501316649118 frame_id=568 total_cpu_ns=15355378 render_cpu_ns=14169121 input_cpu_ns=990740
K230_CARD_BENCH v=1 run=1501316649118 event=submit input_id=394 frame_id=568 t_ns=1516347152995 update_cpu_ns=15355378 final=0
K230_CARD_BENCH v=1 run=1501316649118 event=submit input_id=393 frame_id=568 t_ns=1516347152995 update_cpu_ns=15355378 final=0
K230_CARD_BENCH v=1 run=1501316649118 event=submit input_id=392 frame_id=568 t_ns=1516347152995 update_cpu_ns=15355378 final=0
K230_CARD_BENCH v=1 run=1501316649118 event=submit input_id=391 frame_id=568 t_ns=1516347152995 update_cpu_ns=15355378 final=0
K230_CARD_BENCH v=1 run=1501316649118 event=present frame_id=567 t_ns=1516330894000 presented=1 clock=monotonic
K230_CARD_BENCH v=1 run=1501316649118 event=input input_id=394 gesture_id=20 kind=motion t_ns=1516326122480 source=injected
K230_CARD_SHELL state mode=2 actions=1 message=0 cards=1
K230_CARD_BENCH v=1 run=1501316649118 event=input input_id=393 gesture_id=20 kind=motion t_ns=1516324069341 source=injected
K230_CARD_SHELL state mode=2 actions=1 message=0 cards=1
K230_CARD_BENCH v=1 run=1501316649118 event=input input_id=392 gesture_id=20 kind=motion t_ns=1516323654950 source=injected
K230_CARD_SHELL state mode=2 actions=1 message=0 cards=1
K230_CARD_BENCH v=1 run=1501316649118 event=input input_id=391 gesture_id=20 kind=motion t_ns=1516322116114 source=injected
K230_CARD_SHELL state mode=2 actions=1 message=0 cards=1
K230_CARD_SHELL frame-cost run=1501316649118 frame_id=567 total_cpu_ns=14749358 render_cpu_ns=14158797 input_cpu_ns=446373
K230_CARD_BENCH v=1 run=1501316649118 event=submit input_id=390 frame_id=567 t_ns=1516321298554 update_cpu_ns=14749358 final=0
K230_CARD_BENCH v=1 run=1501316649118 event=submit input_id=389 frame_id=567 t_ns=1516321298554 update_cpu_ns=14749358 final=0
K230_CARD_BENCH v=1 run=1501316649118 event=present frame_id=566 t_ns=1516292579000 presented=1 clock=monotonic
K230_CARD_BENCH v=1 run=1501316649118 event=input input_id=390 gesture_id=20 kind=motion t_ns=1516294815492 source=injected
K230_CARD_SHELL state mode=2 actions=1 message=0 cards=1
K230_CARD_BENCH v=1 run=1501316649118 event=input input_id=389 gesture_id=20 kind=motion t_ns=1516290906891 source=injected
K230_CARD_SHELL state mode=2 actions=1 message=0 cards=1
K230_CARD_BENCH v=1 run=1501316649118 event=present frame_id=565 t_ns=1516273419000 presented=1 clock=monotonic
K230_CARD_SHELL state mode=2 actions=1 message=0 cards=1
K230_CARD_BENCH v=1 run=1501316649118 event=present frame_id=564 t_ns=1516235099000 presented=1 clock=monotonic
K230_CARD_BENCH v=1 run=1501316649118 event=present frame_id=563 t_ns=1516215942000 presented=1 clock=monotonic
K230_CARD_BENCH v=1 run=1501316649118 event=present frame_id=562 t_ns=1516177625000 presented=1 clock=monotonic
K230_CARD_BENCH v=1 run=1501316649118 event=present frame_id=561 t_ns=1516158465000 presented=1 clock=monotonic
K230_CARD_BENCH v=1 run=1501316649118 event=present frame_id=560 t_ns=1516120147000 presented=1 clock=monotonic
K230_CARD_BENCH v=1 run=1501316649118 event=present frame_id=559 t_ns=1516100997000 presented=1 clock=monotonic
K230_CARD_BENCH v=1 run=1501316649118 event=present frame_id=558 t_ns=1516062672000 presented=1 clock=monotonic
K230_CARD_BENCH v=1 run=1501316649118 event=present frame_id=557 t_ns=1516043514000 presented=1 clock=monotonic
K230_CARD_BENCH v=1 run=1501316649118 event=present frame_id=556 t_ns=1516005196000 presented=1 clock=monotonic
K230_CARD_BENCH v=1 run=1501316649118 event=present frame_id=555 t_ns=1515986037000 presented=1 clock=monotonic
K230_CARD_SHELL frame-cost run=1501316649118 frame_id=555 total_cpu_ns=15241108 render_cpu_ns=14009700 input_cpu_ns=1050371
K230_CARD_BENCH v=1 run=1501316649118 event=submit input_id=388 frame_id=555 t_ns=1515974658236 update_cpu_ns=15241108 final=1
K230_CARD_BENCH v=1 run=1501316649118 event=submit input_id=387 frame_id=555 t_ns=1515974658236 update_cpu_ns=15241108 final=0
K230_CARD_BENCH v=1 run=1501316649118 event=submit input_id=386 frame_id=555 t_ns=1515974658236 update_cpu_ns=15241108 final=0
K230_CARD_BENCH v=1 run=1501316649118 event=present frame_id=554 t_ns=1515947722000 presented=1 clock=monotonic
K230_CARD_BENCH v=1 run=1501316649118 event=input input_id=388 gesture_id=19 kind=release t_ns=1515948352040 source=injected
K230_CARD_SHELL state mode=1 actions=1 message=0 cards=1
K230_CARD_BENCH v=1 run=1501316649118 event=input input_id=387 gesture_id=19 kind=motion t_ns=1515947669166 source=injected
K230_CARD_SHELL state mode=2 actions=1 message=0 cards=1
K230_CARD_BENCH v=1 run=1501316649118 event=input input_id=386 gesture_id=19 kind=motion t_ns=1515947095611 source=injected
K230_CARD_SHELL state mode=2 actions=1 message=0 cards=1
K230_CARD_SHELL frame-cost run=1501316649118 frame_id=554 total_cpu_ns=14611199 render_cpu_ns=12087420 input_cpu_ns=2223036
K230_CARD_BENCH v=1 run=1501316649118 event=submit input_id=385 frame_id=554 t_ns=1515942327048 update_cpu_ns=14611199 final=0
K230_CARD_BENCH v=1 run=1501316649118 event=submit input_id=384 frame_id=554 t_ns=1515942327048 update_cpu_ns=14611199 final=0
K230_CARD_BENCH v=1 run=1501316649118 event=submit input_id=383 frame_id=554 t_ns=1515942327048 update_cpu_ns=14611199 final=0
K230_CARD_BENCH v=1 run=1501316649118 event=submit input_id=382 frame_id=554 t_ns=1515942327048 update_cpu_ns=14611199 final=0
K230_CARD_BENCH v=1 run=1501316649118 event=submit input_id=381 frame_id=554 t_ns=1515942327048 update_cpu_ns=14611199 final=0
K230_CARD_BENCH v=1 run=1501316649118 event=submit input_id=380 frame_id=554 t_ns=1515942327048 update_cpu_ns=14611199 final=0
K230_CARD_BENCH v=1 run=1501316649118 event=present frame_id=553 t_ns=1515928561000 presented=1 clock=monotonic
K230_CARD_BENCH v=1 run=1501316649118 event=input input_id=385 gesture_id=19 kind=motion t_ns=1515926987902 source=injected
K230_CARD_SHELL state mode=2 actions=1 message=0 cards=1
K230_CARD_BENCH v=1 run=1501316649118 event=input input_id=384 gesture_id=19 kind=motion t_ns=1515922132314 source=injected
K230_CARD_SHELL state mode=2 actions=1 message=0 cards=1
K230_CARD_BENCH v=1 run=1501316649118 event=input input_id=383 gesture_id=19 kind=motion t_ns=1515921727922 source=injected
K230_CARD_SHELL state mode=2 actions=1 message=0 cards=1
K230_CARD_BENCH v=1 run=1501316649118 event=input input_id=382 gesture_id=19 kind=motion t_ns=1515920918176 source=injected
K230_CARD_SHELL state mode=2 actions=1 message=0 cards=1
K230_CARD_BENCH v=1 run=1501316649118 event=input input_id=381 gesture_id=19 kind=motion t_ns=1515919036310 source=injected
K230_CARD_SHELL state mode=2 actions=1 message=0 cards=1
K230_CARD_BENCH v=1 run=1501316649118 event=input input_id=380 gesture_id=19 kind=motion t_ns=1515917161851 source=injected
K230_CARD_SHELL state mode=2 actions=1 message=0 cards=1
K230_CARD_BENCH v=1 run=1501316649118 event=present frame_id=552 t_ns=1515890244000 presented=1 clock=monotonic
K230_CARD_SHELL frame-cost run=1501316649118 frame_id=552 total_cpu_ns=16164761 render_cpu_ns=14068132 input_cpu_ns=1842629
K230_CARD_BENCH v=1 run=1501316649118 event=submit input_id=379 frame_id=552 t_ns=1515887137917 update_cpu_ns=16164761 final=0
K230_CARD_BENCH v=1 run=1501316649118 event=submit input_id=378 frame_id=552 t_ns=1515887137917 update_cpu_ns=16164761 final=0
K230_CARD_BENCH v=1 run=1501316649118 event=submit input_id=377 frame_id=552 t_ns=1515887137917 update_cpu_ns=16164761 final=0
K230_CARD_BENCH v=1 run=1501316649118 event=submit input_id=376 frame_id=552 t_ns=1515887137917 update_cpu_ns=16164761 final=0
K230_CARD_BENCH v=1 run=1501316649118 event=submit input_id=375 frame_id=552 t_ns=1515887137917 update_cpu_ns=16164761 final=0
K230_CARD_BENCH v=1 run=1501316649118 event=submit input_id=374 frame_id=552 t_ns=1515887137917 update_cpu_ns=16164761 final=0
K230_CARD_BENCH v=1 run=1501316649118 event=present frame_id=551 t_ns=1515871085000 presented=1 clock=monotonic
K230_CARD_BENCH v=1 run=1501316649118 event=input input_id=379 gesture_id=19 kind=motion t_ns=1515867625982 source=injected
K230_CARD_SHELL state mode=2 actions=1 message=0 cards=1
K230_CARD_BENCH v=1 run=1501316649118 event=input input_id=378 gesture_id=19 kind=motion t_ns=1515865515554 source=injected
K230_CARD_SHELL state mode=2 actions=1 message=0 cards=1
K230_CARD_BENCH v=1 run=1501316649118 event=input input_id=377 gesture_id=19 kind=motion t_ns=1515865206965 source=injected
K230_CARD_SHELL state mode=2 actions=1 message=0 cards=1
K230_CARD_BENCH v=1 run=1501316649118 event=input input_id=376 gesture_id=19 kind=motion t_ns=1515864800536 source=injected
K230_CARD_SHELL state mode=2 actions=1 message=0 cards=1
K230_CARD_BENCH v=1 run=1501316649118 event=input input_id=375 gesture_id=19 kind=motion t_ns=1515862851272 source=injected
K230_CARD_SHELL state mode=2 actions=1 message=0 cards=1
K230_CARD_BENCH v=1 run=1501316649118 event=input input_id=374 gesture_id=19 kind=motion t_ns=1515861174158 source=injected
K230_CARD_SHELL state mode=2 actions=1 message=0 cards=1
K230_CARD_BENCH v=1 run=1501316649118 event=present frame_id=550 t_ns=1515832770000 presented=1 clock=monotonic
K230_CARD_SHELL frame-cost run=1501316649118 frame_id=550 total_cpu_ns=15127053 render_cpu_ns=14060201 input_cpu_ns=870370
K230_CARD_BENCH v=1 run=1501316649118 event=submit input_id=373 frame_id=550 t_ns=1515829654975 update_cpu_ns=15127053 final=0
K230_CARD_BENCH v=1 run=1501316649118 event=submit input_id=372 frame_id=550 t_ns=1515829654975 update_cpu_ns=15127053 final=0
K230_CARD_BENCH v=1 run=1501316649118 event=submit input_id=371 frame_id=550 t_ns=1515829654975 update_cpu_ns=15127053 final=0
K230_CARD_BENCH v=1 run=1501316649118 event=submit input_id=370 frame_id=550 t_ns=1515829654975 update_cpu_ns=15127053 final=0
K230_CARD_BENCH v=1 run=1501316649118 event=present frame_id=549 t_ns=1515813609000 presented=1 clock=monotonic
K230_CARD_BENCH v=1 run=1501316649118 event=input input_id=373 gesture_id=19 kind=motion t_ns=1515806994747 source=injected
K230_CARD_SHELL state mode=2 actions=1 message=0 cards=1
K230_CARD_BENCH v=1 run=1501316649118 event=input input_id=372 gesture_id=19 kind=motion t_ns=1515804787664 source=injected
K230_CARD_SHELL state mode=2 actions=1 message=0 cards=1
K230_CARD_BENCH v=1 run=1501316649118 event=input input_id=371 gesture_id=19 kind=motion t_ns=1515804508738 source=injected
K230_CARD_SHELL state mode=2 actions=1 message=0 cards=1
K230_CARD_BENCH v=1 run=1501316649118 event=input input_id=370 gesture_id=19 kind=motion t_ns=1515803060408 source=injected
K230_CARD_SHELL state mode=2 actions=1 message=0 cards=1
K230_CARD_SHELL frame-cost run=1501316649118 frame_id=549 total_cpu_ns=14749765 render_cpu_ns=14195321 input_cpu_ns=372887
K230_CARD_BENCH v=1 run=1501316649118 event=submit input_id=369 frame_id=549 t_ns=1515801318747 update_cpu_ns=14749765 final=0
K230_CARD_BENCH v=1 run=1501316649118 event=submit input_id=368 frame_id=549 t_ns=1515801318747 update_cpu_ns=14749765 final=0
K230_CARD_BENCH v=1 run=1501316649118 event=present frame_id=548 t_ns=1515775290000 presented=1 clock=monotonic
K230_CARD_BENCH v=1 run=1501316649118 event=input input_id=369 gesture_id=19 kind=motion t_ns=1515775610588 source=injected
K230_CARD_SHELL state mode=2 actions=1 message=0 cards=1
K230_CARD_BENCH v=1 run=1501316649118 event=input input_id=368 gesture_id=19 kind=motion t_ns=1515773154576 source=injected
K230_CARD_SHELL state mode=2 actions=1 message=0 cards=1
K230_CARD_BENCH v=1 run=1501316649118 event=present frame_id=547 t_ns=1515756132000 presented=1 clock=monotonic
K230_CARD_SHELL state mode=2 actions=1 message=0 cards=1
K230_CARD_BENCH v=1 run=1501316649118 event=present frame_id=546 t_ns=1515717815000 presented=1 clock=monotonic
K230_CARD_BENCH v=1 run=1501316649118 event=present frame_id=545 t_ns=1515698657000 presented=1 clock=monotonic
K230_CARD_BENCH v=1 run=1501316649118 event=present frame_id=544 t_ns=1515660338000 presented=1 clock=monotonic
K230_CARD_BENCH v=1 run=1501316649118 event=present frame_id=543 t_ns=1515641180000 presented=1 clock=monotonic
K230_CARD_BENCH v=1 run=1501316649118 event=present frame_id=542 t_ns=1515602862000 presented=1 clock=monotonic
K230_CARD_BENCH v=1 run=1501316649118 event=present frame_id=541 t_ns=1515583704000 presented=1 clock=monotonic
K230_CARD_BENCH v=1 run=1501316649118 event=present frame_id=540 t_ns=1515545389000 presented=1 clock=monotonic
K230_CARD_BENCH v=1 run=1501316649118 event=resource phase=active t_ns=1515542613186 cpu_ns=12789712000 memory_bytes=19681280 scope=session
K230_CARD_BENCH v=1 run=1501316649118 event=resource phase=active t_ns=1515542613186 cpu_ns=7636378353 memory_bytes=27570176 scope=compositor
K230_CARD_BENCH v=1 run=1501316649118 event=present frame_id=539 t_ns=1515526228000 presented=1 clock=monotonic
K230_CARD_BENCH v=1 run=1501316649118 event=present frame_id=538 t_ns=1515487913000 presented=1 clock=monotonic
K230_CARD_SHELL frame-cost run=1501316649118 frame_id=538 total_cpu_ns=15797709 render_cpu_ns=14283485 input_cpu_ns=1345039
K230_CARD_BENCH v=1 run=1501316649118 event=submit input_id=367 frame_id=538 t_ns=1515484143096 update_cpu_ns=15797709 final=1
K230_CARD_BENCH v=1 run=1501316649118 event=submit input_id=366 frame_id=538 t_ns=1515484143096 update_cpu_ns=15797709 final=0
K230_CARD_BENCH v=1 run=1501316649118 event=submit input_id=365 frame_id=538 t_ns=1515484143096 update_cpu_ns=15797709 final=0
K230_CARD_BENCH v=1 run=1501316649118 event=present frame_id=537 t_ns=1515468752000 presented=1 clock=monotonic
K230_CARD_BENCH v=1 run=1501316649118 event=input input_id=367 gesture_id=18 kind=release t_ns=1515458676465 source=injected
K230_CARD_SHELL state mode=1 actions=1 message=0 cards=1
K230_CARD_BENCH v=1 run=1501316649118 event=input input_id=366 gesture_id=18 kind=motion t_ns=1515458113169 source=injected
K230_CARD_SHELL state mode=2 actions=1 message=0 cards=1
K230_CARD_BENCH v=1 run=1501316649118 event=input input_id=365 gesture_id=18 kind=motion t_ns=1515456099655 source=injected
K230_CARD_SHELL state mode=2 actions=1 message=0 cards=1
K230_CARD_BENCH v=1 run=1501316649118 event=present frame_id=536 t_ns=1515430434000 presented=1 clock=monotonic
K230_CARD_SHELL frame-cost run=1501316649118 frame_id=536 total_cpu_ns=13832817 render_cpu_ns=12234189 input_cpu_ns=1385370
K230_CARD_BENCH v=1 run=1501316649118 event=submit input_id=364 frame_id=536 t_ns=1515425378785 update_cpu_ns=13832817 final=0
K230_CARD_BENCH v=1 run=1501316649118 event=submit input_id=363 frame_id=536 t_ns=1515425378785 update_cpu_ns=13832817 final=0
K230_CARD_BENCH v=1 run=1501316649118 event=submit input_id=362 frame_id=536 t_ns=1515425378785 update_cpu_ns=13832817 final=0
K230_CARD_BENCH v=1 run=1501316649118 event=present frame_id=535 t_ns=1515411276000 presented=1 clock=monotonic
K230_CARD_BENCH v=1 run=1501316649118 event=input input_id=364 gesture_id=18 kind=motion t_ns=1515408113082 source=injected
K230_CARD_SHELL state mode=2 actions=1 message=0 cards=1
K230_CARD_BENCH v=1 run=1501316649118 event=input input_id=363 gesture_id=18 kind=motion t_ns=1515405161653 source=injected
K230_CARD_SHELL state mode=2 actions=1 message=0 cards=1
K230_CARD_BENCH v=1 run=1501316649118 event=input input_id=362 gesture_id=18 kind=motion t_ns=1515404583877 source=injected
K230_CARD_SHELL state mode=2 actions=1 message=0 cards=1
K230_CARD_SHELL frame-cost run=1501316649118 frame_id=535 total_cpu_ns=14701020 render_cpu_ns=13400873 input_cpu_ns=1109035
K230_CARD_BENCH v=1 run=1501316649118 event=submit input_id=361 frame_id=535 t_ns=1515401735101 update_cpu_ns=14701020 final=0
K230_CARD_BENCH v=1 run=1501316649118 event=submit input_id=360 frame_id=535 t_ns=1515401735101 update_cpu_ns=14701020 final=0
K230_CARD_BENCH v=1 run=1501316649118 event=submit input_id=359 frame_id=535 t_ns=1515401735101 update_cpu_ns=14701020 final=0
K230_CARD_BENCH v=1 run=1501316649118 event=present frame_id=534 t_ns=1515372959000 presented=1 clock=monotonic
K230_CARD_BENCH v=1 run=1501316649118 event=input input_id=361 gesture_id=18 kind=motion t_ns=1515375301819 source=injected
K230_CARD_SHELL state mode=2 actions=1 message=0 cards=1
K230_CARD_BENCH v=1 run=1501316649118 event=input input_id=360 gesture_id=18 kind=motion t_ns=1515374766371 source=injected
K230_CARD_SHELL state mode=2 actions=1 message=0 cards=1
K230_CARD_BENCH v=1 run=1501316649118 event=input input_id=359 gesture_id=18 kind=motion t_ns=1515371559939 source=injected
K230_CARD_SHELL state mode=2 actions=1 message=0 cards=1
K230_CARD_SHELL frame-cost run=1501316649118 frame_id=534 total_cpu_ns=16037291 render_cpu_ns=14324584 input_cpu_ns=1431481
K230_CARD_BENCH v=1 run=1501316649118 event=submit input_id=358 frame_id=534 t_ns=1515370418273 update_cpu_ns=16037291 final=0
K230_CARD_BENCH v=1 run=1501316649118 event=submit input_id=357 frame_id=534 t_ns=1515370418273 update_cpu_ns=16037291 final=0
K230_CARD_BENCH v=1 run=1501316649118 event=submit input_id=356 frame_id=534 t_ns=1515370418273 update_cpu_ns=16037291 final=0
K230_CARD_BENCH v=1 run=1501316649118 event=submit input_id=355 frame_id=534 t_ns=1515370418273 update_cpu_ns=16037291 final=0
K230_CARD_BENCH v=1 run=1501316649118 event=submit input_id=354 frame_id=534 t_ns=1515370418273 update_cpu_ns=16037291 final=0
K230_CARD_BENCH v=1 run=1501316649118 event=present frame_id=533 t_ns=1515353799000 presented=1 clock=monotonic
K230_CARD_BENCH v=1 run=1501316649118 event=input input_id=358 gesture_id=18 kind=motion t_ns=1515348458258 source=injected
K230_CARD_SHELL state mode=2 actions=1 message=0 cards=1
K230_CARD_BENCH v=1 run=1501316649118 event=input input_id=357 gesture_id=18 kind=motion t_ns=1515348055607 source=injected
K230_CARD_SHELL state mode=2 actions=1 message=0 cards=1
K230_CARD_BENCH v=1 run=1501316649118 event=input input_id=356 gesture_id=18 kind=motion t_ns=1515346784106 source=injected
K230_CARD_SHELL state mode=2 actions=1 message=0 cards=1
K230_CARD_BENCH v=1 run=1501316649118 event=input input_id=355 gesture_id=18 kind=motion t_ns=1515346388418 source=injected
K230_CARD_SHELL state mode=2 actions=1 message=0 cards=1
K230_CARD_BENCH v=1 run=1501316649118 event=input input_id=354 gesture_id=18 kind=motion t_ns=1515345244863 source=injected
K230_CARD_SHELL state mode=2 actions=1 message=0 cards=1
K230_CARD_BENCH v=1 run=1501316649118 event=present frame_id=532 t_ns=1515315485000 presented=1 clock=monotonic
K230_CARD_SHELL frame-cost run=1501316649118 frame_id=532 total_cpu_ns=15912305 render_cpu_ns=14222380 input_cpu_ns=1452257
K230_CARD_BENCH v=1 run=1501316649118 event=submit input_id=353 frame_id=532 t_ns=1515312374498 update_cpu_ns=15912305 final=0
K230_CARD_BENCH v=1 run=1501316649118 event=submit input_id=352 frame_id=532 t_ns=1515312374498 update_cpu_ns=15912305 final=0
K230_CARD_BENCH v=1 run=1501316649118 event=submit input_id=351 frame_id=532 t_ns=1515312374498 update_cpu_ns=15912305 final=0
K230_CARD_BENCH v=1 run=1501316649118 event=submit input_id=350 frame_id=532 t_ns=1515312374498 update_cpu_ns=15912305 final=0
K230_CARD_BENCH v=1 run=1501316649118 event=submit input_id=349 frame_id=532 t_ns=1515312374498 update_cpu_ns=15912305 final=0
K230_CARD_BENCH v=1 run=1501316649118 event=submit input_id=348 frame_id=532 t_ns=1515312374498 update_cpu_ns=15912305 final=0
K230_CARD_BENCH v=1 run=1501316649118 event=present frame_id=531 t_ns=1515296323000 presented=1 clock=monotonic
K230_CARD_BENCH v=1 run=1501316649118 event=input input_id=353 gesture_id=18 kind=motion t_ns=1515294624080 source=injected
K230_CARD_SHELL state mode=2 actions=1 message=0 cards=1
K230_CARD_BENCH v=1 run=1501316649118 event=input input_id=352 gesture_id=18 kind=motion t_ns=1515290342307 source=injected
K230_CARD_SHELL state mode=2 actions=1 message=0 cards=1
K230_CARD_BENCH v=1 run=1501316649118 event=input input_id=351 gesture_id=18 kind=motion t_ns=1515289991723 source=injected
K230_CARD_SHELL state mode=2 actions=1 message=0 cards=1
K230_CARD_BENCH v=1 run=1501316649118 event=input input_id=350 gesture_id=18 kind=motion t_ns=1515288496956 source=injected
K230_CARD_SHELL state mode=2 actions=1 message=0 cards=1
K230_CARD_BENCH v=1 run=1501316649118 event=input input_id=349 gesture_id=18 kind=motion t_ns=1515288196884 source=injected
K230_CARD_SHELL state mode=2 actions=1 message=0 cards=1
K230_CARD_BENCH v=1 run=1501316649118 event=input input_id=348 gesture_id=18 kind=motion t_ns=1515284942384 source=injected
K230_CARD_SHELL state mode=2 actions=1 message=0 cards=1
K230_CARD_BENCH v=1 run=1501316649118 event=present frame_id=530 t_ns=1515258006000 presented=1 clock=monotonic
K230_CARD_SHELL frame-cost run=1501316649118 frame_id=530 total_cpu_ns=14551103 render_cpu_ns=14076953 input_cpu_ns=357408
K230_CARD_BENCH v=1 run=1501316649118 event=submit input_id=347 frame_id=530 t_ns=1515256247583 update_cpu_ns=14551103 final=0
K230_CARD_BENCH v=1 run=1501316649118 event=present frame_id=529 t_ns=1515238847000 presented=1 clock=monotonic
K230_CARD_BENCH v=1 run=1501316649118 event=input input_id=347 gesture_id=18 kind=motion t_ns=1515234624227 source=injected
K230_CARD_SHELL state mode=2 actions=1 message=0 cards=1
K230_CARD_SHELL state mode=2 actions=1 message=0 cards=1
K230_CARD_BENCH v=1 run=1501316649118 event=present frame_id=528 t_ns=1515200529000 presented=1 clock=monotonic
K230_CARD_BENCH v=1 run=1501316649118 event=present frame_id=527 t_ns=1515181370000 presented=1 clock=monotonic
K230_CARD_BENCH v=1 run=1501316649118 event=present frame_id=526 t_ns=1515143052000 presented=1 clock=monotonic
K230_CARD_BENCH v=1 run=1501316649118 event=present frame_id=525 t_ns=1515123894000 presented=1 clock=monotonic
K230_CARD_BENCH v=1 run=1501316649118 event=present frame_id=524 t_ns=1515085577000 presented=1 clock=monotonic
K230_CARD_BENCH v=1 run=1501316649118 event=present frame_id=523 t_ns=1515066418000 presented=1 clock=monotonic
K230_CARD_BENCH v=1 run=1501316649118 event=present frame_id=522 t_ns=1515028102000 presented=1 clock=monotonic
K230_CARD_SHELL live cards=1 commits=358 sampled=706 frame-done=710 output-presented=354
K230_CARD_BENCH v=1 run=1501316649118 event=present frame_id=521 t_ns=1515008942000 presented=1 clock=monotonic
K230_CARD_BENCH v=1 run=1501316649118 event=present frame_id=520 t_ns=1514970623000 presented=1 clock=monotonic
K230_CARD_BENCH v=1 run=1501316649118 event=present frame_id=519 t_ns=1514951466000 presented=1 clock=monotonic
K230_CARD_SHELL frame-cost run=1501316649118 frame_id=519 total_cpu_ns=14600548 render_cpu_ns=13998733 input_cpu_ns=442999
K230_CARD_BENCH v=1 run=1501316649118 event=submit input_id=346 frame_id=519 t_ns=1514936300818 update_cpu_ns=14600548 final=1
K230_CARD_BENCH v=1 run=1501316649118 event=present frame_id=518 t_ns=1514913150000 presented=1 clock=monotonic
K230_CARD_BENCH v=1 run=1501316649118 event=input input_id=346 gesture_id=17 kind=release t_ns=1514912975055 source=injected
K230_CARD_SHELL state mode=1 actions=1 message=0 cards=1
K230_CARD_SHELL frame-cost run=1501316649118 frame_id=518 total_cpu_ns=12844526 render_cpu_ns=11315010 input_cpu_ns=1320631
K230_CARD_BENCH v=1 run=1501316649118 event=submit input_id=345 frame_id=518 t_ns=1514907128042 update_cpu_ns=12844526 final=0
K230_CARD_BENCH v=1 run=1501316649118 event=submit input_id=344 frame_id=518 t_ns=1514907128042 update_cpu_ns=12844526 final=0
K230_CARD_BENCH v=1 run=1501316649118 event=submit input_id=343 frame_id=518 t_ns=1514907128042 update_cpu_ns=12844526 final=0
K230_CARD_BENCH v=1 run=1501316649118 event=submit input_id=342 frame_id=518 t_ns=1514907128042 update_cpu_ns=12844526 final=0
K230_CARD_BENCH v=1 run=1501316649118 event=present frame_id=517 t_ns=1514893992000 presented=1 clock=monotonic
K230_CARD_BENCH v=1 run=1501316649118 event=input input_id=345 gesture_id=17 kind=motion t_ns=1514893234638 source=injected
K230_CARD_SHELL state mode=2 actions=1 message=0 cards=1
K230_CARD_BENCH v=1 run=1501316649118 event=input input_id=344 gesture_id=17 kind=motion t_ns=1514886389867 source=injected
K230_CARD_SHELL state mode=2 actions=1 message=0 cards=1
K230_CARD_BENCH v=1 run=1501316649118 event=input input_id=343 gesture_id=17 kind=motion t_ns=1514884840107 source=injected
K230_CARD_SHELL state mode=2 actions=1 message=0 cards=1
K230_CARD_BENCH v=1 run=1501316649118 event=input input_id=342 gesture_id=17 kind=motion t_ns=1514884432123 source=injected
K230_CARD_SHELL state mode=2 actions=1 message=0 cards=1
K230_CARD_SHELL frame-cost run=1501316649118 frame_id=517 total_cpu_ns=13731668 render_cpu_ns=12876372 input_cpu_ns=677888
K230_CARD_BENCH v=1 run=1501316649118 event=submit input_id=341 frame_id=517 t_ns=1514881486027 update_cpu_ns=13731668 final=0
K230_CARD_BENCH v=1 run=1501316649118 event=submit input_id=340 frame_id=517 t_ns=1514881486027 update_cpu_ns=13731668 final=0
K230_CARD_BENCH v=1 run=1501316649118 event=present frame_id=516 t_ns=1514855672000 presented=1 clock=monotonic
K230_CARD_BENCH v=1 run=1501316649118 event=input input_id=341 gesture_id=17 kind=motion t_ns=1514856388645 source=injected
K230_CARD_SHELL state mode=2 actions=1 message=0 cards=1
K230_CARD_BENCH v=1 run=1501316649118 event=input input_id=340 gesture_id=17 kind=motion t_ns=1514855764652 source=injected
K230_CARD_SHELL state mode=2 actions=1 message=0 cards=1
K230_CARD_SHELL frame-cost run=1501316649118 frame_id=516 total_cpu_ns=15406544 render_cpu_ns=13592765 input_cpu_ns=1566669
K230_CARD_BENCH v=1 run=1501316649118 event=submit input_id=339 frame_id=516 t_ns=1514851745919 update_cpu_ns=15406544 final=0
K230_CARD_BENCH v=1 run=1501316649118 event=submit input_id=338 frame_id=516 t_ns=1514851745919 update_cpu_ns=15406544 final=0
K230_CARD_BENCH v=1 run=1501316649118 event=submit input_id=337 frame_id=516 t_ns=1514851745919 update_cpu_ns=15406544 final=0
K230_CARD_BENCH v=1 run=1501316649118 event=submit input_id=336 frame_id=516 t_ns=1514851745919 update_cpu_ns=15406544 final=0
K230_CARD_BENCH v=1 run=1501316649118 event=submit input_id=335 frame_id=516 t_ns=1514851745919 update_cpu_ns=15406544 final=0
K230_CARD_BENCH v=1 run=1501316649118 event=submit input_id=334 frame_id=516 t_ns=1514851745919 update_cpu_ns=15406544 final=0
K230_CARD_BENCH v=1 run=1501316649118 event=present frame_id=515 t_ns=1514836514000 presented=1 clock=monotonic
K230_CARD_BENCH v=1 run=1501316649118 event=input input_id=339 gesture_id=17 kind=motion t_ns=1514833230193 source=injected
K230_CARD_SHELL state mode=2 actions=1 message=0 cards=1
K230_CARD_BENCH v=1 run=1501316649118 event=input input_id=338 gesture_id=17 kind=motion t_ns=1514827722359 source=injected
K230_CARD_SHELL state mode=2 actions=1 message=0 cards=1
K230_CARD_BENCH v=1 run=1501316649118 event=input input_id=337 gesture_id=17 kind=motion t_ns=1514825862565 source=injected
K230_CARD_SHELL state mode=2 actions=1 message=0 cards=1
K230_CARD_BENCH v=1 run=1501316649118 event=input input_id=336 gesture_id=17 kind=motion t_ns=1514825570455 source=injected
K230_CARD_SHELL state mode=2 actions=1 message=0 cards=1
K230_CARD_BENCH v=1 run=1501316649118 event=input input_id=335 gesture_id=17 kind=motion t_ns=1514825250201 source=injected
K230_CARD_SHELL state mode=2 actions=1 message=0 cards=1
K230_CARD_BENCH v=1 run=1501316649118 event=input input_id=334 gesture_id=17 kind=motion t_ns=1514824877323 source=injected
K230_CARD_SHELL state mode=2 actions=1 message=0 cards=1
K230_CARD_BENCH v=1 run=1501316649118 event=present frame_id=514 t_ns=1514798196000 presented=1 clock=monotonic
K230_CARD_SHELL frame-cost run=1501316649118 frame_id=514 total_cpu_ns=15266156 render_cpu_ns=14173894 input_cpu_ns=837409
K230_CARD_BENCH v=1 run=1501316649118 event=submit input_id=333 frame_id=514 t_ns=1514795336596 update_cpu_ns=15266156 final=0
K230_CARD_BENCH v=1 run=1501316649118 event=submit input_id=332 frame_id=514 t_ns=1514795336596 update_cpu_ns=15266156 final=0
K230_CARD_BENCH v=1 run=1501316649118 event=submit input_id=331 frame_id=514 t_ns=1514795336596 update_cpu_ns=15266156 final=0
K230_CARD_BENCH v=1 run=1501316649118 event=present frame_id=513 t_ns=1514779038000 presented=1 clock=monotonic
K230_CARD_BENCH v=1 run=1501316649118 event=input input_id=333 gesture_id=17 kind=motion t_ns=1514773947548 source=injected
K230_CARD_SHELL state mode=2 actions=1 message=0 cards=1
K230_CARD_BENCH v=1 run=1501316649118 event=input input_id=332 gesture_id=17 kind=motion t_ns=1514772722005 source=injected
K230_CARD_SHELL state mode=2 actions=1 message=0 cards=1
K230_CARD_BENCH v=1 run=1501316649118 event=input input_id=331 gesture_id=17 kind=motion t_ns=1514772397381 source=injected
K230_CARD_SHELL state mode=2 actions=1 message=0 cards=1
K230_CARD_SHELL frame-cost run=1501316649118 frame_id=513 total_cpu_ns=14847492 render_cpu_ns=14084086 input_cpu_ns=588296
K230_CARD_BENCH v=1 run=1501316649118 event=submit input_id=330 frame_id=513 t_ns=1514769244313 update_cpu_ns=14847492 final=0
K230_CARD_BENCH v=1 run=1501316649118 event=submit input_id=329 frame_id=513 t_ns=1514769244313 update_cpu_ns=14847492 final=0
K230_CARD_BENCH v=1 run=1501316649118 event=submit input_id=328 frame_id=513 t_ns=1514769244313 update_cpu_ns=14847492 final=0
K230_CARD_BENCH v=1 run=1501316649118 event=present frame_id=512 t_ns=1514740721000 presented=1 clock=monotonic
K230_CARD_BENCH v=1 run=1501316649118 event=input input_id=330 gesture_id=17 kind=motion t_ns=1514743898453 source=injected
K230_CARD_SHELL state mode=2 actions=1 message=0 cards=1
K230_CARD_BENCH v=1 run=1501316649118 event=input input_id=329 gesture_id=17 kind=motion t_ns=1514743587087 source=injected
K230_CARD_SHELL state mode=2 actions=1 message=0 cards=1
K230_CARD_BENCH v=1 run=1501316649118 event=input input_id=328 gesture_id=17 kind=motion t_ns=1514743219616 source=injected
K230_CARD_SHELL state mode=2 actions=1 message=0 cards=1
K230_CARD_SHELL frame-cost run=1501316649118 frame_id=512 total_cpu_ns=14955539 render_cpu_ns=14461094 input_cpu_ns=314371
K230_CARD_BENCH v=1 run=1501316649118 event=submit input_id=327 frame_id=512 t_ns=1514738526825 update_cpu_ns=14955539 final=0
K230_CARD_BENCH v=1 run=1501316649118 event=submit input_id=326 frame_id=512 t_ns=1514738526825 update_cpu_ns=14955539 final=0
K230_CARD_BENCH v=1 run=1501316649118 event=present frame_id=511 t_ns=1514721569000 presented=1 clock=monotonic
K230_CARD_BENCH v=1 run=1501316649118 event=input input_id=327 gesture_id=17 kind=motion t_ns=1514713242660 source=injected
K230_CARD_SHELL state mode=2 actions=1 message=0 cards=1
K230_CARD_BENCH v=1 run=1501316649118 event=input input_id=326 gesture_id=17 kind=motion t_ns=1514708464250 source=injected
K230_CARD_SHELL state mode=2 actions=1 message=0 cards=1
K230_CARD_SHELL state mode=2 actions=1 message=0 cards=1
K230_CARD_BENCH v=1 run=1501316649118 event=present frame_id=510 t_ns=1514683246000 presented=1 clock=monotonic
K230_CARD_BENCH v=1 run=1501316649118 event=present frame_id=509 t_ns=1514644927000 presented=1 clock=monotonic
K230_CARD_BENCH v=1 run=1501316649118 event=present frame_id=508 t_ns=1514625769000 presented=1 clock=monotonic
K230_CARD_BENCH v=1 run=1501316649118 event=present frame_id=507 t_ns=1514587450000 presented=1 clock=monotonic
K230_CARD_BENCH v=1 run=1501316649118 event=present frame_id=506 t_ns=1514568291000 presented=1 clock=monotonic
K230_CARD_BENCH v=1 run=1501316649118 event=present frame_id=505 t_ns=1514529974000 presented=1 clock=monotonic
K230_CARD_BENCH v=1 run=1501316649118 event=resource phase=active t_ns=1514526999799 cpu_ns=12076624000 memory_bytes=19681280 scope=session
K230_CARD_BENCH v=1 run=1501316649118 event=resource phase=active t_ns=1514526999799 cpu_ns=7098393154 memory_bytes=27570176 scope=compositor
K230_CARD_BENCH v=1 run=1501316649118 event=present frame_id=504 t_ns=1514510815000 presented=1 clock=monotonic
K230_CARD_BENCH v=1 run=1501316649118 event=present frame_id=503 t_ns=1514472497000 presented=1 clock=monotonic
K230_CARD_BENCH v=1 run=1501316649118 event=present frame_id=502 t_ns=1514453339000 presented=1 clock=monotonic
K230_CARD_BENCH v=1 run=1501316649118 event=present frame_id=501 t_ns=1514415022000 presented=1 clock=monotonic
K230_CARD_SHELL frame-cost run=1501316649118 frame_id=501 total_cpu_ns=15228631 render_cpu_ns=14262263 input_cpu_ns=796332
K230_CARD_BENCH v=1 run=1501316649118 event=submit input_id=325 frame_id=501 t_ns=1514411793765 update_cpu_ns=15228631 final=1
K230_CARD_BENCH v=1 run=1501316649118 event=submit input_id=324 frame_id=501 t_ns=1514411793765 update_cpu_ns=15228631 final=0
K230_CARD_BENCH v=1 run=1501316649118 event=present frame_id=500 t_ns=1514395863000 presented=1 clock=monotonic
K230_CARD_BENCH v=1 run=1501316649118 event=input input_id=325 gesture_id=16 kind=release t_ns=1514385218585 source=injected
K230_CARD_SHELL state mode=1 actions=1 message=0 cards=1
K230_CARD_BENCH v=1 run=1501316649118 event=input input_id=324 gesture_id=16 kind=motion t_ns=1514383485257 source=injected
K230_CARD_SHELL state mode=2 actions=1 message=0 cards=1
K230_CARD_SHELL frame-cost run=1501316649118 frame_id=500 total_cpu_ns=12950821 render_cpu_ns=11931119 input_cpu_ns=837257
K230_CARD_BENCH v=1 run=1501316649118 event=submit input_id=323 frame_id=500 t_ns=1514382116363 update_cpu_ns=12950821 final=0
K230_CARD_BENCH v=1 run=1501316649118 event=submit input_id=322 frame_id=500 t_ns=1514382116363 update_cpu_ns=12950821 final=0
K230_CARD_BENCH v=1 run=1501316649118 event=present frame_id=499 t_ns=1514357548000 presented=1 clock=monotonic
K230_CARD_BENCH v=1 run=1501316649118 event=input input_id=323 gesture_id=16 kind=motion t_ns=1514360640365 source=injected
K230_CARD_SHELL state mode=2 actions=1 message=0 cards=1
K230_CARD_BENCH v=1 run=1501316649118 event=input input_id=322 gesture_id=16 kind=motion t_ns=1514357525515 source=injected
K230_CARD_SHELL state mode=2 actions=1 message=0 cards=1
K230_CARD_SHELL frame-cost run=1501316649118 frame_id=499 total_cpu_ns=15423734 render_cpu_ns=12612993 input_cpu_ns=2507482
K230_CARD_BENCH v=1 run=1501316649118 event=submit input_id=321 frame_id=499 t_ns=1514352558278 update_cpu_ns=15423734 final=0
K230_CARD_BENCH v=1 run=1501316649118 event=submit input_id=320 frame_id=499 t_ns=1514352558278 update_cpu_ns=15423734 final=0
K230_CARD_BENCH v=1 run=1501316649118 event=submit input_id=319 frame_id=499 t_ns=1514352558278 update_cpu_ns=15423734 final=0
K230_CARD_BENCH v=1 run=1501316649118 event=submit input_id=318 frame_id=499 t_ns=1514352558278 update_cpu_ns=15423734 final=0
K230_CARD_BENCH v=1 run=1501316649118 event=submit input_id=317 frame_id=499 t_ns=1514352558278 update_cpu_ns=15423734 final=0
K230_CARD_BENCH v=1 run=1501316649118 event=submit input_id=316 frame_id=499 t_ns=1514352558278 update_cpu_ns=15423734 final=0
K230_CARD_BENCH v=1 run=1501316649118 event=present frame_id=498 t_ns=1514338389000 presented=1 clock=monotonic
K230_CARD_BENCH v=1 run=1501316649118 event=input input_id=321 gesture_id=16 kind=motion t_ns=1514337173296 source=injected
K230_CARD_SHELL state mode=2 actions=1 message=0 cards=1
K230_CARD_BENCH v=1 run=1501316649118 event=input input_id=320 gesture_id=16 kind=motion t_ns=1514334062001 source=injected
K230_CARD_SHELL state mode=2 actions=1 message=0 cards=1
K230_CARD_BENCH v=1 run=1501316649118 event=input input_id=319 gesture_id=16 kind=motion t_ns=1514333530996 source=injected
K230_CARD_SHELL state mode=2 actions=1 message=0 cards=1
K230_CARD_BENCH v=1 run=1501316649118 event=input input_id=318 gesture_id=16 kind=motion t_ns=1514332319822 source=injected
K230_CARD_SHELL state mode=2 actions=1 message=0 cards=1
K230_CARD_BENCH v=1 run=1501316649118 event=input input_id=317 gesture_id=16 kind=motion t_ns=1514331728270 source=injected
K230_CARD_SHELL state mode=2 actions=1 message=0 cards=1
K230_CARD_BENCH v=1 run=1501316649118 event=input input_id=316 gesture_id=16 kind=motion t_ns=1514329519448 source=injected
K230_CARD_SHELL state mode=2 actions=1 message=0 cards=1
K230_CARD_BENCH v=1 run=1501316649118 event=present frame_id=497 t_ns=1514300071000 presented=1 clock=monotonic
K230_CARD_SHELL frame-cost run=1501316649118 frame_id=497 total_cpu_ns=16125118 render_cpu_ns=14221157 input_cpu_ns=1688444
K230_CARD_BENCH v=1 run=1501316649118 event=submit input_id=315 frame_id=497 t_ns=1514297052819 update_cpu_ns=16125118 final=0
K230_CARD_BENCH v=1 run=1501316649118 event=submit input_id=314 frame_id=497 t_ns=1514297052819 update_cpu_ns=16125118 final=0
K230_CARD_BENCH v=1 run=1501316649118 event=submit input_id=313 frame_id=497 t_ns=1514297052819 update_cpu_ns=16125118 final=0
K230_CARD_BENCH v=1 run=1501316649118 event=submit input_id=312 frame_id=497 t_ns=1514297052819 update_cpu_ns=16125118 final=0
K230_CARD_BENCH v=1 run=1501316649118 event=submit input_id=311 frame_id=497 t_ns=1514297052819 update_cpu_ns=16125118 final=0
K230_CARD_BENCH v=1 run=1501316649118 event=submit input_id=310 frame_id=497 t_ns=1514297052819 update_cpu_ns=16125118 final=0
K230_CARD_BENCH v=1 run=1501316649118 event=present frame_id=496 t_ns=1514280910000 presented=1 clock=monotonic
K230_CARD_BENCH v=1 run=1501316649118 event=input input_id=315 gesture_id=16 kind=motion t_ns=1514276790107 source=injected
K230_CARD_SHELL state mode=2 actions=1 message=0 cards=1
K230_CARD_BENCH v=1 run=1501316649118 event=input input_id=314 gesture_id=16 kind=motion t_ns=1514271822574 source=injected
K230_CARD_SHELL state mode=2 actions=1 message=0 cards=1
K230_CARD_BENCH v=1 run=1501316649118 event=input input_id=313 gesture_id=16 kind=motion t_ns=1514271500616 source=injected
K230_CARD_SHELL state mode=2 actions=1 message=0 cards=1
K230_CARD_BENCH v=1 run=1501316649118 event=input input_id=312 gesture_id=16 kind=motion t_ns=1514271163142 source=injected
K230_CARD_SHELL state mode=2 actions=1 message=0 cards=1
K230_CARD_BENCH v=1 run=1501316649118 event=input input_id=311 gesture_id=16 kind=motion t_ns=1514270837295 source=injected
K230_CARD_SHELL state mode=2 actions=1 message=0 cards=1
K230_CARD_BENCH v=1 run=1501316649118 event=input input_id=310 gesture_id=16 kind=motion t_ns=1514270530743 source=injected
K230_CARD_SHELL state mode=2 actions=1 message=0 cards=1
K230_CARD_BENCH v=1 run=1501316649118 event=present frame_id=495 t_ns=1514242595000 presented=1 clock=monotonic
K230_CARD_SHELL frame-cost run=1501316649118 frame_id=495 total_cpu_ns=15134897 render_cpu_ns=14116787 input_cpu_ns=858590
K230_CARD_BENCH v=1 run=1501316649118 event=submit input_id=309 frame_id=495 t_ns=1514239564102 update_cpu_ns=15134897 final=0
K230_CARD_BENCH v=1 run=1501316649118 event=submit input_id=308 frame_id=495 t_ns=1514239564102 update_cpu_ns=15134897 final=0
K230_CARD_BENCH v=1 run=1501316649118 event=submit input_id=307 frame_id=495 t_ns=1514239564102 update_cpu_ns=15134897 final=0
K230_CARD_BENCH v=1 run=1501316649118 event=submit input_id=306 frame_id=495 t_ns=1514239564102 update_cpu_ns=15134897 final=0
K230_CARD_BENCH v=1 run=1501316649118 event=present frame_id=494 t_ns=1514223435000 presented=1 clock=monotonic
K230_CARD_BENCH v=1 run=1501316649118 event=input input_id=309 gesture_id=16 kind=motion t_ns=1514216162728 source=injected
K230_CARD_SHELL state mode=2 actions=1 message=0 cards=1
K230_CARD_BENCH v=1 run=1501316649118 event=input input_id=308 gesture_id=16 kind=motion t_ns=1514214022935 source=injected
K230_CARD_SHELL state mode=2 actions=1 message=0 cards=1
K230_CARD_BENCH v=1 run=1501316649118 event=input input_id=307 gesture_id=16 kind=motion t_ns=1514213778041 source=injected
K230_CARD_SHELL state mode=2 actions=1 message=0 cards=1
K230_CARD_BENCH v=1 run=1501316649118 event=input input_id=306 gesture_id=16 kind=motion t_ns=1514213459638 source=injected
K230_CARD_SHELL state mode=2 actions=1 message=0 cards=1
K230_CARD_SHELL frame-cost run=1501316649118 frame_id=494 total_cpu_ns=14505814 render_cpu_ns=14097852 input_cpu_ns=248333
K230_CARD_BENCH v=1 run=1501316649118 event=submit input_id=305 frame_id=494 t_ns=1514211254779 update_cpu_ns=14505814 final=0
K230_CARD_BENCH v=1 run=1501316649118 event=present frame_id=493 t_ns=1514185135000 presented=1 clock=monotonic
K230_CARD_BENCH v=1 run=1501316649118 event=input input_id=305 gesture_id=16 kind=motion t_ns=1514184270319 source=injected
K230_CARD_SHELL state mode=2 actions=1 message=0 cards=1
K230_CARD_BENCH v=1 run=1501316649118 event=present frame_id=492 t_ns=1514165958000 presented=1 clock=monotonic
K230_CARD_SHELL state mode=2 actions=1 message=0 cards=1
K230_CARD_BENCH v=1 run=1501316649118 event=present frame_id=491 t_ns=1514127640000 presented=1 clock=monotonic
K230_CARD_BENCH v=1 run=1501316649118 event=present frame_id=490 t_ns=1514108482000 presented=1 clock=monotonic
K230_CARD_BENCH v=1 run=1501316649118 event=present frame_id=489 t_ns=1514070165000 presented=1 clock=monotonic
K230_CARD_BENCH v=1 run=1501316649118 event=present frame_id=488 t_ns=1514051006000 presented=1 clock=monotonic
K230_CARD_BENCH v=1 run=1501316649118 event=present frame_id=487 t_ns=1514012687000 presented=1 clock=monotonic
K230_CARD_BENCH v=1 run=1501316649118 event=present frame_id=486 t_ns=1513993530000 presented=1 clock=monotonic
K230_CARD_BENCH v=1 run=1501316649118 event=present frame_id=485 t_ns=1513955211000 presented=1 clock=monotonic
K230_CARD_BENCH v=1 run=1501316649118 event=present frame_id=484 t_ns=1513936053000 presented=1 clock=monotonic
K230_CARD_BENCH v=1 run=1501316649118 event=present frame_id=483 t_ns=1513897736000 presented=1 clock=monotonic
K230_CARD_BENCH v=1 run=1501316649118 event=present frame_id=482 t_ns=1513878577000 presented=1 clock=monotonic
K230_CARD_SHELL frame-cost run=1501316649118 frame_id=482 total_cpu_ns=15132798 render_cpu_ns=14105281 input_cpu_ns=840664
K230_CARD_BENCH v=1 run=1501316649118 event=submit input_id=304 frame_id=482 t_ns=1513869436292 update_cpu_ns=15132798 final=1
K230_CARD_BENCH v=1 run=1501316649118 event=submit input_id=303 frame_id=482 t_ns=1513869436292 update_cpu_ns=15132798 final=0
K230_CARD_BENCH v=1 run=1501316649118 event=submit input_id=302 frame_id=482 t_ns=1513869436292 update_cpu_ns=15132798 final=0
K230_CARD_BENCH v=1 run=1501316649118 event=present frame_id=481 t_ns=1513840262000 presented=1 clock=monotonic
K230_CARD_BENCH v=1 run=1501316649118 event=input input_id=304 gesture_id=15 kind=release t_ns=1513845943892 source=injected
K230_CARD_SHELL state mode=1 actions=1 message=0 cards=1
K230_CARD_BENCH v=1 run=1501316649118 event=input input_id=303 gesture_id=15 kind=motion t_ns=1513845516948 source=injected
K230_CARD_SHELL state mode=2 actions=1 message=0 cards=1
K230_CARD_BENCH v=1 run=1501316649118 event=input input_id=302 gesture_id=15 kind=motion t_ns=1513839522031 source=injected
K230_CARD_SHELL state mode=2 actions=1 message=0 cards=1
K230_CARD_SHELL frame-cost run=1501316649118 frame_id=481 total_cpu_ns=14489813 render_cpu_ns=12064186 input_cpu_ns=2162480
K230_CARD_BENCH v=1 run=1501316649118 event=submit input_id=301 frame_id=481 t_ns=1513835413533 update_cpu_ns=14489813 final=0
K230_CARD_BENCH v=1 run=1501316649118 event=submit input_id=300 frame_id=481 t_ns=1513835413533 update_cpu_ns=14489813 final=0
K230_CARD_BENCH v=1 run=1501316649118 event=submit input_id=299 frame_id=481 t_ns=1513835413533 update_cpu_ns=14489813 final=0
K230_CARD_BENCH v=1 run=1501316649118 event=submit input_id=298 frame_id=481 t_ns=1513835413533 update_cpu_ns=14489813 final=0
K230_CARD_BENCH v=1 run=1501316649118 event=submit input_id=297 frame_id=481 t_ns=1513835413533 update_cpu_ns=14489813 final=0
K230_CARD_BENCH v=1 run=1501316649118 event=submit input_id=296 frame_id=481 t_ns=1513835413533 update_cpu_ns=14489813 final=0
K230_CARD_BENCH v=1 run=1501316649118 event=present frame_id=480 t_ns=1513821103000 presented=1 clock=monotonic
K230_CARD_BENCH v=1 run=1501316649118 event=input input_id=301 gesture_id=15 kind=motion t_ns=1513820832668 source=injected
K230_CARD_SHELL state mode=2 actions=1 message=0 cards=1
K230_CARD_BENCH v=1 run=1501316649118 event=input input_id=300 gesture_id=15 kind=motion t_ns=1513817833395 source=injected
K230_CARD_SHELL state mode=2 actions=1 message=0 cards=1
K230_CARD_BENCH v=1 run=1501316649118 event=input input_id=299 gesture_id=15 kind=motion t_ns=1513816576301 source=injected
K230_CARD_SHELL state mode=2 actions=1 message=0 cards=1
K230_CARD_BENCH v=1 run=1501316649118 event=input input_id=298 gesture_id=15 kind=motion t_ns=1513816148320 source=injected
K230_CARD_SHELL state mode=2 actions=1 message=0 cards=1
K230_CARD_BENCH v=1 run=1501316649118 event=input input_id=297 gesture_id=15 kind=motion t_ns=1513814824345 source=injected
K230_CARD_SHELL state mode=2 actions=1 message=0 cards=1
K230_CARD_BENCH v=1 run=1501316649118 event=input input_id=296 gesture_id=15 kind=motion t_ns=1513812789057 source=injected
K230_CARD_SHELL state mode=2 actions=1 message=0 cards=1
K230_CARD_BENCH v=1 run=1501316649118 event=present frame_id=479 t_ns=1513782792000 presented=1 clock=monotonic
K230_CARD_SHELL frame-cost run=1501316649118 frame_id=479 total_cpu_ns=15885603 render_cpu_ns=13989082 input_cpu_ns=1651447
K230_CARD_BENCH v=1 run=1501316649118 event=submit input_id=295 frame_id=479 t_ns=1513779352113 update_cpu_ns=15885603 final=0
K230_CARD_BENCH v=1 run=1501316649118 event=submit input_id=294 frame_id=479 t_ns=1513779352113 update_cpu_ns=15885603 final=0
K230_CARD_BENCH v=1 run=1501316649118 event=submit input_id=293 frame_id=479 t_ns=1513779352113 update_cpu_ns=15885603 final=0
K230_CARD_BENCH v=1 run=1501316649118 event=submit input_id=292 frame_id=479 t_ns=1513779352113 update_cpu_ns=15885603 final=0
K230_CARD_BENCH v=1 run=1501316649118 event=submit input_id=291 frame_id=479 t_ns=1513779352113 update_cpu_ns=15885603 final=0
K230_CARD_BENCH v=1 run=1501316649118 event=submit input_id=290 frame_id=479 t_ns=1513779352113 update_cpu_ns=15885603 final=0
K230_CARD_BENCH v=1 run=1501316649118 event=present frame_id=478 t_ns=1513763625000 presented=1 clock=monotonic
K230_CARD_BENCH v=1 run=1501316649118 event=input input_id=295 gesture_id=15 kind=motion t_ns=1513760833772 source=injected
K230_CARD_SHELL state mode=2 actions=1 message=0 cards=1
K230_CARD_BENCH v=1 run=1501316649118 event=input input_id=294 gesture_id=15 kind=motion t_ns=1513756990166 source=injected
K230_CARD_SHELL state mode=2 actions=1 message=0 cards=1
K230_CARD_BENCH v=1 run=1501316649118 event=input input_id=293 gesture_id=15 kind=motion t_ns=1513755438963 source=injected
K230_CARD_SHELL state mode=2 actions=1 message=0 cards=1
K230_CARD_BENCH v=1 run=1501316649118 event=input input_id=292 gesture_id=15 kind=motion t_ns=1513755080269 source=injected
K230_CARD_SHELL state mode=2 actions=1 message=0 cards=1
K230_CARD_BENCH v=1 run=1501316649118 event=input input_id=291 gesture_id=15 kind=motion t_ns=1513753823286 source=injected
K230_CARD_SHELL state mode=2 actions=1 message=0 cards=1
K230_CARD_BENCH v=1 run=1501316649118 event=input input_id=290 gesture_id=15 kind=motion t_ns=1513753225995 source=injected
K230_CARD_SHELL state mode=2 actions=1 message=0 cards=1
K230_CARD_BENCH v=1 run=1501316649118 event=present frame_id=477 t_ns=1513725312000 presented=1 clock=monotonic
K230_CARD_SHELL frame-cost run=1501316649118 frame_id=477 total_cpu_ns=15600683 render_cpu_ns=14088200 input_cpu_ns=1231779
K230_CARD_BENCH v=1 run=1501316649118 event=submit input_id=289 frame_id=477 t_ns=1513722514183 update_cpu_ns=15600683 final=0
K230_CARD_BENCH v=1 run=1501316649118 event=submit input_id=288 frame_id=477 t_ns=1513722514183 update_cpu_ns=15600683 final=0
K230_CARD_BENCH v=1 run=1501316649118 event=submit input_id=287 frame_id=477 t_ns=1513722514183 update_cpu_ns=15600683 final=0
K230_CARD_BENCH v=1 run=1501316649118 event=submit input_id=286 frame_id=477 t_ns=1513722514183 update_cpu_ns=15600683 final=0
K230_CARD_BENCH v=1 run=1501316649118 event=submit input_id=285 frame_id=477 t_ns=1513722514183 update_cpu_ns=15600683 final=0
K230_CARD_BENCH v=1 run=1501316649118 event=submit input_id=284 frame_id=477 t_ns=1513722514183 update_cpu_ns=15600683 final=0
K230_CARD_BENCH v=1 run=1501316649118 event=present frame_id=476 t_ns=1513706150000 presented=1 clock=monotonic
K230_CARD_BENCH v=1 run=1501316649118 event=input input_id=289 gesture_id=15 kind=motion t_ns=1513700839516 source=injected
K230_CARD_SHELL state mode=2 actions=1 message=0 cards=1
K230_CARD_BENCH v=1 run=1501316649118 event=input input_id=288 gesture_id=15 kind=motion t_ns=1513695059239 source=injected
K230_CARD_SHELL state mode=2 actions=1 message=0 cards=1
K230_CARD_BENCH v=1 run=1501316649118 event=input input_id=287 gesture_id=15 kind=motion t_ns=1513694846415 source=injected
K230_CARD_SHELL state mode=2 actions=1 message=0 cards=1
K230_CARD_BENCH v=1 run=1501316649118 event=input input_id=286 gesture_id=15 kind=motion t_ns=1513694562008 source=injected
K230_CARD_SHELL state mode=2 actions=1 message=0 cards=1
K230_CARD_BENCH v=1 run=1501316649118 event=input input_id=285 gesture_id=15 kind=motion t_ns=1513693654757 source=injected
K230_CARD_SHELL state mode=2 actions=1 message=0 cards=1
K230_CARD_BENCH v=1 run=1501316649118 event=input input_id=284 gesture_id=15 kind=motion t_ns=1513692293418 source=injected
K230_CARD_SHELL state mode=2 actions=1 message=0 cards=1
K230_CARD_BENCH v=1 run=1501316649118 event=present frame_id=475 t_ns=1513667832000 presented=1 clock=monotonic
K230_CARD_BENCH v=1 run=1501316649118 event=present frame_id=474 t_ns=1513648673000 presented=1 clock=monotonic
K230_CARD_SHELL state mode=2 actions=1 message=0 cards=1
K230_CARD_BENCH v=1 run=1501316649118 event=present frame_id=473 t_ns=1513610356000 presented=1 clock=monotonic
K230_CARD_BENCH v=1 run=1501316649118 event=present frame_id=472 t_ns=1513591197000 presented=1 clock=monotonic
K230_CARD_BENCH v=1 run=1501316649118 event=present frame_id=471 t_ns=1513552880000 presented=1 clock=monotonic
K230_CARD_BENCH v=1 run=1501316649118 event=present frame_id=470 t_ns=1513533720000 presented=1 clock=monotonic
K230_CARD_BENCH v=1 run=1501316649118 event=present frame_id=469 t_ns=1513495402000 presented=1 clock=monotonic
K230_CARD_BENCH v=1 run=1501316649118 event=resource phase=active t_ns=1513495604588 cpu_ns=11345963000 memory_bytes=19681280 scope=session
K230_CARD_BENCH v=1 run=1501316649118 event=resource phase=active t_ns=1513495604588 cpu_ns=6543354209 memory_bytes=27570176 scope=compositor
K230_CARD_BENCH v=1 run=1501316649118 event=present frame_id=468 t_ns=1513476244000 presented=1 clock=monotonic
K230_CARD_BENCH v=1 run=1501316649118 event=present frame_id=467 t_ns=1513437926000 presented=1 clock=monotonic
K230_CARD_BENCH v=1 run=1501316649118 event=present frame_id=466 t_ns=1513418768000 presented=1 clock=monotonic
K230_CARD_BENCH v=1 run=1501316649118 event=present frame_id=465 t_ns=1513380453000 presented=1 clock=monotonic
K230_CARD_SHELL frame-cost run=1501316649118 frame_id=465 total_cpu_ns=15885079 render_cpu_ns=14351411 input_cpu_ns=1367592
K230_CARD_BENCH v=1 run=1501316649118 event=submit input_id=283 frame_id=465 t_ns=1513377147393 update_cpu_ns=15885079 final=1
K230_CARD_BENCH v=1 run=1501316649118 event=submit input_id=282 frame_id=465 t_ns=1513377147393 update_cpu_ns=15885079 final=0
K230_CARD_BENCH v=1 run=1501316649118 event=submit input_id=281 frame_id=465 t_ns=1513377147393 update_cpu_ns=15885079 final=0
K230_CARD_BENCH v=1 run=1501316649118 event=present frame_id=464 t_ns=1513361292000 presented=1 clock=monotonic
K230_CARD_BENCH v=1 run=1501316649118 event=input input_id=283 gesture_id=14 kind=release t_ns=1513351994480 source=injected
K230_CARD_SHELL state mode=1 actions=1 message=0 cards=1
K230_CARD_BENCH v=1 run=1501316649118 event=input input_id=282 gesture_id=14 kind=motion t_ns=1513351419370 source=injected
K230_CARD_SHELL state mode=2 actions=1 message=0 cards=1
K230_CARD_BENCH v=1 run=1501316649118 event=input input_id=281 gesture_id=14 kind=motion t_ns=1513349418004 source=injected
K230_CARD_SHELL state mode=2 actions=1 message=0 cards=1
K230_CARD_BENCH v=1 run=1501316649118 event=present frame_id=463 t_ns=1513322978000 presented=1 clock=monotonic
K230_CARD_SHELL live cards=1 commits=298 sampled=588 frame-done=592 output-presented=295
K230_CARD_SHELL frame-cost run=1501316649118 frame_id=463 total_cpu_ns=14367924 render_cpu_ns=12230334 input_cpu_ns=1653257
K230_CARD_BENCH v=1 run=1501316649118 event=submit input_id=280 frame_id=463 t_ns=1513317510720 update_cpu_ns=14367924 final=0
K230_CARD_BENCH v=1 run=1501316649118 event=submit input_id=279 frame_id=463 t_ns=1513317510720 update_cpu_ns=14367924 final=0
K230_CARD_BENCH v=1 run=1501316649118 event=submit input_id=278 frame_id=463 t_ns=1513317510720 update_cpu_ns=14367924 final=0
K230_CARD_BENCH v=1 run=1501316649118 event=submit input_id=277 frame_id=463 t_ns=1513317510720 update_cpu_ns=14367924 final=0
K230_CARD_BENCH v=1 run=1501316649118 event=present frame_id=462 t_ns=1513303816000 presented=1 clock=monotonic
K230_CARD_BENCH v=1 run=1501316649118 event=input input_id=280 gesture_id=14 kind=motion t_ns=1513301608849 source=injected
K230_CARD_SHELL state mode=2 actions=1 message=0 cards=1
K230_CARD_BENCH v=1 run=1501316649118 event=input input_id=279 gesture_id=14 kind=motion t_ns=1513291085603 source=injected
K230_CARD_SHELL state mode=2 actions=1 message=0 cards=1
K230_CARD_BENCH v=1 run=1501316649118 event=input input_id=278 gesture_id=14 kind=motion t_ns=1513288264197 source=injected
K230_CARD_SHELL state mode=2 actions=1 message=0 cards=1
K230_CARD_BENCH v=1 run=1501316649118 event=input input_id=277 gesture_id=14 kind=motion t_ns=1513284787987 source=injected
K230_CARD_SHELL state mode=2 actions=1 message=0 cards=1
K230_CARD_SHELL frame-cost run=1501316649118 frame_id=462 total_cpu_ns=16641647 render_cpu_ns=14069538 input_cpu_ns=2295888
K230_CARD_BENCH v=1 run=1501316649118 event=submit input_id=276 frame_id=462 t_ns=1513283758345 update_cpu_ns=16641647 final=0
K230_CARD_BENCH v=1 run=1501316649118 event=submit input_id=275 frame_id=462 t_ns=1513283758345 update_cpu_ns=16641647 final=0
K230_CARD_BENCH v=1 run=1501316649118 event=submit input_id=274 frame_id=462 t_ns=1513283758345 update_cpu_ns=16641647 final=0
K230_CARD_BENCH v=1 run=1501316649118 event=submit input_id=273 frame_id=462 t_ns=1513283758345 update_cpu_ns=16641647 final=0
K230_CARD_BENCH v=1 run=1501316649118 event=submit input_id=272 frame_id=462 t_ns=1513283758345 update_cpu_ns=16641647 final=0
K230_CARD_BENCH v=1 run=1501316649118 event=submit input_id=271 frame_id=462 t_ns=1513283758345 update_cpu_ns=16641647 final=0
K230_CARD_BENCH v=1 run=1501316649118 event=present frame_id=461 t_ns=1513265499000 presented=1 clock=monotonic
K230_CARD_BENCH v=1 run=1501316649118 event=input input_id=276 gesture_id=14 kind=motion t_ns=1513263311220 source=injected
K230_CARD_SHELL state mode=2 actions=1 message=0 cards=1
K230_CARD_BENCH v=1 run=1501316649118 event=input input_id=275 gesture_id=14 kind=motion t_ns=1513261794642 source=injected
K230_CARD_SHELL state mode=2 actions=1 message=0 cards=1
K230_CARD_BENCH v=1 run=1501316649118 event=input input_id=274 gesture_id=14 kind=motion t_ns=1513259939256 source=injected
K230_CARD_SHELL state mode=2 actions=1 message=0 cards=1
K230_CARD_BENCH v=1 run=1501316649118 event=input input_id=273 gesture_id=14 kind=motion t_ns=1513259322041 source=injected
K230_CARD_SHELL state mode=2 actions=1 message=0 cards=1
K230_CARD_BENCH v=1 run=1501316649118 event=input input_id=272 gesture_id=14 kind=motion t_ns=1513257553829 source=injected
K230_CARD_SHELL state mode=2 actions=1 message=0 cards=1
K230_CARD_BENCH v=1 run=1501316649118 event=input input_id=271 gesture_id=14 kind=motion t_ns=1513255731402 source=injected
K230_CARD_SHELL state mode=2 actions=1 message=0 cards=1
K230_CARD_BENCH v=1 run=1501316649118 event=present frame_id=460 t_ns=1513227183000 presented=1 clock=monotonic
K230_CARD_SHELL frame-cost run=1501316649118 frame_id=460 total_cpu_ns=15979048 render_cpu_ns=14187747 input_cpu_ns=1454596
K230_CARD_BENCH v=1 run=1501316649118 event=submit input_id=270 frame_id=460 t_ns=1513224375786 update_cpu_ns=15979048 final=0
K230_CARD_BENCH v=1 run=1501316649118 event=submit input_id=269 frame_id=460 t_ns=1513224375786 update_cpu_ns=15979048 final=0
K230_CARD_BENCH v=1 run=1501316649118 event=submit input_id=268 frame_id=460 t_ns=1513224375786 update_cpu_ns=15979048 final=0
K230_CARD_BENCH v=1 run=1501316649118 event=submit input_id=267 frame_id=460 t_ns=1513224375786 update_cpu_ns=15979048 final=0
K230_CARD_BENCH v=1 run=1501316649118 event=submit input_id=266 frame_id=460 t_ns=1513224375786 update_cpu_ns=15979048 final=0
K230_CARD_BENCH v=1 run=1501316649118 event=submit input_id=265 frame_id=460 t_ns=1513224375786 update_cpu_ns=15979048 final=0
K230_CARD_BENCH v=1 run=1501316649118 event=present frame_id=459 t_ns=1513208023000 presented=1 clock=monotonic
K230_CARD_BENCH v=1 run=1501316649118 event=input input_id=270 gesture_id=14 kind=motion t_ns=1513201709694 source=injected
K230_CARD_SHELL state mode=2 actions=1 message=0 cards=1
K230_CARD_BENCH v=1 run=1501316649118 event=input input_id=269 gesture_id=14 kind=motion t_ns=1513199799612 source=injected
K230_CARD_SHELL state mode=2 actions=1 message=0 cards=1
K230_CARD_BENCH v=1 run=1501316649118 event=input input_id=268 gesture_id=14 kind=motion t_ns=1513199503651 source=injected
K230_CARD_SHELL state mode=2 actions=1 message=0 cards=1
K230_CARD_BENCH v=1 run=1501316649118 event=input input_id=267 gesture_id=14 kind=motion t_ns=1513197987109 source=injected
K230_CARD_SHELL state mode=2 actions=1 message=0 cards=1
K230_CARD_BENCH v=1 run=1501316649118 event=input input_id=266 gesture_id=14 kind=motion t_ns=1513197703962 source=injected
K230_CARD_SHELL state mode=2 actions=1 message=0 cards=1
K230_CARD_BENCH v=1 run=1501316649118 event=input input_id=265 gesture_id=14 kind=motion t_ns=1513196934174 source=injected
K230_CARD_SHELL state mode=2 actions=1 message=0 cards=1
K230_CARD_BENCH v=1 run=1501316649118 event=present frame_id=458 t_ns=1513169708000 presented=1 clock=monotonic
K230_CARD_SHELL frame-cost run=1501316649118 frame_id=458 total_cpu_ns=14760766 render_cpu_ns=14280765 input_cpu_ns=304777
K230_CARD_BENCH v=1 run=1501316649118 event=submit input_id=264 frame_id=458 t_ns=1513166976300 update_cpu_ns=14760766 final=0
K230_CARD_BENCH v=1 run=1501316649118 event=submit input_id=263 frame_id=458 t_ns=1513166976300 update_cpu_ns=14760766 final=0
K230_CARD_BENCH v=1 run=1501316649118 event=present frame_id=457 t_ns=1513150547000 presented=1 clock=monotonic
K230_CARD_BENCH v=1 run=1501316649118 event=input input_id=264 gesture_id=14 kind=motion t_ns=1513141093779 source=injected
K230_CARD_SHELL state mode=2 actions=1 message=0 cards=1
K230_CARD_BENCH v=1 run=1501316649118 event=input input_id=263 gesture_id=14 kind=motion t_ns=1513136454352 source=injected
K230_CARD_SHELL state mode=2 actions=1 message=0 cards=1
K230_CARD_SHELL state mode=2 actions=1 message=0 cards=1
K230_CARD_BENCH v=1 run=1501316649118 event=present frame_id=456 t_ns=1513112228000 presented=1 clock=monotonic
K230_CARD_BENCH v=1 run=1501316649118 event=present frame_id=455 t_ns=1513073912000 presented=1 clock=monotonic
K230_CARD_BENCH v=1 run=1501316649118 event=present frame_id=454 t_ns=1513054753000 presented=1 clock=monotonic
K230_CARD_BENCH v=1 run=1501316649118 event=present frame_id=453 t_ns=1513016434000 presented=1 clock=monotonic
K230_CARD_BENCH v=1 run=1501316649118 event=present frame_id=452 t_ns=1512997277000 presented=1 clock=monotonic
K230_CARD_BENCH v=1 run=1501316649118 event=present frame_id=451 t_ns=1512958959000 presented=1 clock=monotonic
K230_CARD_BENCH v=1 run=1501316649118 event=present frame_id=450 t_ns=1512939801000 presented=1 clock=monotonic
K230_CARD_BENCH v=1 run=1501316649118 event=present frame_id=449 t_ns=1512901482000 presented=1 clock=monotonic
K230_CARD_BENCH v=1 run=1501316649118 event=present frame_id=448 t_ns=1512882325000 presented=1 clock=monotonic
K230_CARD_BENCH v=1 run=1501316649118 event=present frame_id=447 t_ns=1512844043000 presented=1 clock=monotonic
K230_CARD_SHELL frame-cost run=1501316649118 frame_id=447 total_cpu_ns=15698513 render_cpu_ns=14300809 input_cpu_ns=1168480
K230_CARD_BENCH v=1 run=1501316649118 event=submit input_id=262 frame_id=447 t_ns=1512840469807 update_cpu_ns=15698513 final=1
K230_CARD_BENCH v=1 run=1501316649118 event=submit input_id=261 frame_id=447 t_ns=1512840469807 update_cpu_ns=15698513 final=0
K230_CARD_BENCH v=1 run=1501316649118 event=submit input_id=260 frame_id=447 t_ns=1512840469807 update_cpu_ns=15698513 final=0
K230_CARD_BENCH v=1 run=1501316649118 event=submit input_id=259 frame_id=447 t_ns=1512840469807 update_cpu_ns=15698513 final=0
K230_CARD_BENCH v=1 run=1501316649118 event=present frame_id=446 t_ns=1512824848000 presented=1 clock=monotonic
K230_CARD_BENCH v=1 run=1501316649118 event=input input_id=262 gesture_id=13 kind=release t_ns=1512815209945 source=injected
K230_CARD_SHELL state mode=1 actions=1 message=0 cards=1
K230_CARD_BENCH v=1 run=1501316649118 event=input input_id=261 gesture_id=13 kind=motion t_ns=1512814833661 source=injected
K230_CARD_SHELL state mode=2 actions=1 message=0 cards=1
K230_CARD_BENCH v=1 run=1501316649118 event=input input_id=260 gesture_id=13 kind=motion t_ns=1512814344799 source=injected
K230_CARD_SHELL state mode=2 actions=1 message=0 cards=1
K230_CARD_BENCH v=1 run=1501316649118 event=input input_id=259 gesture_id=13 kind=motion t_ns=1512813071485 source=injected
K230_CARD_SHELL state mode=2 actions=1 message=0 cards=1
K230_CARD_BENCH v=1 run=1501316649118 event=present frame_id=445 t_ns=1512786531000 presented=1 clock=monotonic
K230_CARD_SHELL frame-cost run=1501316649118 frame_id=445 total_cpu_ns=13720919 render_cpu_ns=12591362 input_cpu_ns=939038
K230_CARD_BENCH v=1 run=1501316649118 event=submit input_id=258 frame_id=445 t_ns=1512781751978 update_cpu_ns=13720919 final=0
K230_CARD_BENCH v=1 run=1501316649118 event=submit input_id=257 frame_id=445 t_ns=1512781751978 update_cpu_ns=13720919 final=0
K230_CARD_BENCH v=1 run=1501316649118 event=submit input_id=256 frame_id=445 t_ns=1512781751978 update_cpu_ns=13720919 final=0
K230_CARD_BENCH v=1 run=1501316649118 event=present frame_id=444 t_ns=1512767372000 presented=1 clock=monotonic
K230_CARD_BENCH v=1 run=1501316649118 event=input input_id=258 gesture_id=13 kind=motion t_ns=1512763309040 source=injected
K230_CARD_SHELL state mode=2 actions=1 message=0 cards=1
K230_CARD_BENCH v=1 run=1501316649118 event=input input_id=257 gesture_id=13 kind=motion t_ns=1512762900946 source=injected
K230_CARD_SHELL state mode=2 actions=1 message=0 cards=1
K230_CARD_BENCH v=1 run=1501316649118 event=input input_id=256 gesture_id=13 kind=motion t_ns=1512762127937 source=injected
K230_CARD_SHELL state mode=2 actions=1 message=0 cards=1
K230_CARD_SHELL frame-cost run=1501316649118 frame_id=444 total_cpu_ns=14758988 render_cpu_ns=13705321 input_cpu_ns=872444
K230_CARD_BENCH v=1 run=1501316649118 event=submit input_id=255 frame_id=444 t_ns=1512757121301 update_cpu_ns=14758988 final=0
K230_CARD_BENCH v=1 run=1501316649118 event=submit input_id=254 frame_id=444 t_ns=1512757121301 update_cpu_ns=14758988 final=0
K230_CARD_BENCH v=1 run=1501316649118 event=submit input_id=253 frame_id=444 t_ns=1512757121301 update_cpu_ns=14758988 final=0
K230_CARD_BENCH v=1 run=1501316649118 event=present frame_id=443 t_ns=1512729058000 presented=1 clock=monotonic
K230_CARD_BENCH v=1 run=1501316649118 event=input input_id=255 gesture_id=13 kind=motion t_ns=1512731769719 source=injected
K230_CARD_SHELL state mode=2 actions=1 message=0 cards=1
K230_CARD_BENCH v=1 run=1501316649118 event=input input_id=254 gesture_id=13 kind=motion t_ns=1512731348922 source=injected
K230_CARD_SHELL state mode=2 actions=1 message=0 cards=1
K230_CARD_BENCH v=1 run=1501316649118 event=input input_id=253 gesture_id=13 kind=motion t_ns=1512727287125 source=injected
K230_CARD_SHELL state mode=2 actions=1 message=0 cards=1
K230_CARD_SHELL frame-cost run=1501316649118 frame_id=443 total_cpu_ns=15952383 render_cpu_ns=14191123 input_cpu_ns=1522411
K230_CARD_BENCH v=1 run=1501316649118 event=submit input_id=252 frame_id=443 t_ns=1512726057102 update_cpu_ns=15952383 final=0
K230_CARD_BENCH v=1 run=1501316649118 event=submit input_id=251 frame_id=443 t_ns=1512726057102 update_cpu_ns=15952383 final=0
K230_CARD_BENCH v=1 run=1501316649118 event=submit input_id=250 frame_id=443 t_ns=1512726057102 update_cpu_ns=15952383 final=0
K230_CARD_BENCH v=1 run=1501316649118 event=submit input_id=249 frame_id=443 t_ns=1512726057102 update_cpu_ns=15952383 final=0
K230_CARD_BENCH v=1 run=1501316649118 event=submit input_id=248 frame_id=443 t_ns=1512726057102 update_cpu_ns=15952383 final=0
K230_CARD_BENCH v=1 run=1501316649118 event=present frame_id=442 t_ns=1512709896000 presented=1 clock=monotonic
K230_CARD_BENCH v=1 run=1501316649118 event=input input_id=252 gesture_id=13 kind=motion t_ns=1512704540310 source=injected
K230_CARD_SHELL state mode=2 actions=1 message=0 cards=1
K230_CARD_BENCH v=1 run=1501316649118 event=input input_id=251 gesture_id=13 kind=motion t_ns=1512703972237 source=injected
K230_CARD_SHELL state mode=2 actions=1 message=0 cards=1
K230_CARD_BENCH v=1 run=1501316649118 event=input input_id=250 gesture_id=13 kind=motion t_ns=1512703398535 source=injected
K230_CARD_SHELL state mode=2 actions=1 message=0 cards=1
K230_CARD_BENCH v=1 run=1501316649118 event=input input_id=249 gesture_id=13 kind=motion t_ns=1512701629102 source=injected
K230_CARD_SHELL state mode=2 actions=1 message=0 cards=1
K230_CARD_BENCH v=1 run=1501316649118 event=input input_id=248 gesture_id=13 kind=motion t_ns=1512699262266 source=injected
K230_CARD_SHELL state mode=2 actions=1 message=0 cards=1
K230_CARD_BENCH v=1 run=1501316649118 event=present frame_id=441 t_ns=1512671581000 presented=1 clock=monotonic
K230_CARD_SHELL frame-cost run=1501316649118 frame_id=441 total_cpu_ns=15317197 render_cpu_ns=14092457 input_cpu_ns=1017111
K230_CARD_BENCH v=1 run=1501316649118 event=submit input_id=247 frame_id=441 t_ns=1512668436850 update_cpu_ns=15317197 final=0
K230_CARD_BENCH v=1 run=1501316649118 event=submit input_id=246 frame_id=441 t_ns=1512668436850 update_cpu_ns=15317197 final=0
K230_CARD_BENCH v=1 run=1501316649118 event=submit input_id=245 frame_id=441 t_ns=1512668436850 update_cpu_ns=15317197 final=0
K230_CARD_BENCH v=1 run=1501316649118 event=submit input_id=244 frame_id=441 t_ns=1512668436850 update_cpu_ns=15317197 final=0
K230_CARD_BENCH v=1 run=1501316649118 event=present frame_id=440 t_ns=1512652425000 presented=1 clock=monotonic
K230_CARD_BENCH v=1 run=1501316649118 event=input input_id=247 gesture_id=13 kind=motion t_ns=1512651175312 source=injected
K230_CARD_SHELL state mode=2 actions=1 message=0 cards=1
K230_CARD_BENCH v=1 run=1501316649118 event=input input_id=246 gesture_id=13 kind=motion t_ns=1512643463700 source=injected
K230_CARD_SHELL state mode=2 actions=1 message=0 cards=1
K230_CARD_BENCH v=1 run=1501316649118 event=input input_id=245 gesture_id=13 kind=motion t_ns=1512642362919 source=injected
K230_CARD_SHELL state mode=2 actions=1 message=0 cards=1
K230_CARD_BENCH v=1 run=1501316649118 event=input input_id=244 gesture_id=13 kind=motion t_ns=1512640284156 source=injected
K230_CARD_SHELL state mode=2 actions=1 message=0 cards=1
K230_CARD_SHELL frame-cost run=1501316649118 frame_id=440 total_cpu_ns=14710037 render_cpu_ns=14137258 input_cpu_ns=377594
K230_CARD_BENCH v=1 run=1501316649118 event=submit input_id=243 frame_id=440 t_ns=1512639481114 update_cpu_ns=14710037 final=0
K230_CARD_BENCH v=1 run=1501316649118 event=submit input_id=242 frame_id=440 t_ns=1512639481114 update_cpu_ns=14710037 final=0
K230_CARD_BENCH v=1 run=1501316649118 event=present frame_id=439 t_ns=1512614103000 presented=1 clock=monotonic
K230_CARD_BENCH v=1 run=1501316649118 event=input input_id=243 gesture_id=13 kind=motion t_ns=1512614428863 source=injected
K230_CARD_SHELL state mode=2 actions=1 message=0 cards=1
K230_CARD_BENCH v=1 run=1501316649118 event=input input_id=242 gesture_id=13 kind=motion t_ns=1512612261149 source=injected
K230_CARD_SHELL state mode=2 actions=1 message=0 cards=1
K230_CARD_BENCH v=1 run=1501316649118 event=present frame_id=438 t_ns=1512594944000 presented=1 clock=monotonic
K230_CARD_SHELL state mode=2 actions=1 message=0 cards=1
K230_CARD_BENCH v=1 run=1501316649118 event=present frame_id=437 t_ns=1512556626000 presented=1 clock=monotonic
K230_CARD_BENCH v=1 run=1501316649118 event=present frame_id=436 t_ns=1512537467000 presented=1 clock=monotonic
K230_CARD_BENCH v=1 run=1501316649118 event=present frame_id=435 t_ns=1512499151000 presented=1 clock=monotonic
K230_CARD_BENCH v=1 run=1501316649118 event=present frame_id=434 t_ns=1512479992000 presented=1 clock=monotonic
K230_CARD_BENCH v=1 run=1501316649118 event=resource phase=active t_ns=1512464785009 cpu_ns=10624478000 memory_bytes=19681280 scope=session
K230_CARD_BENCH v=1 run=1501316649118 event=resource phase=active t_ns=1512464785009 cpu_ns=6001168623 memory_bytes=27570176 scope=compositor
K230_CARD_BENCH v=1 run=1501316649118 event=present frame_id=433 t_ns=1512441674000 presented=1 clock=monotonic
K230_CARD_BENCH v=1 run=1501316649118 event=present frame_id=432 t_ns=1512422515000 presented=1 clock=monotonic
K230_CARD_BENCH v=1 run=1501316649118 event=present frame_id=431 t_ns=1512384197000 presented=1 clock=monotonic
K230_CARD_BENCH v=1 run=1501316649118 event=present frame_id=430 t_ns=1512365039000 presented=1 clock=monotonic
K230_CARD_BENCH v=1 run=1501316649118 event=present frame_id=429 t_ns=1512326721000 presented=1 clock=monotonic
K230_CARD_BENCH v=1 run=1501316649118 event=present frame_id=428 t_ns=1512307563000 presented=1 clock=monotonic
K230_CARD_SHELL frame-cost run=1501316649118 frame_id=428 total_cpu_ns=15575062 render_cpu_ns=14199284 input_cpu_ns=1139593
K230_CARD_BENCH v=1 run=1501316649118 event=submit input_id=241 frame_id=428 t_ns=1512298892520 update_cpu_ns=15575062 final=1
K230_CARD_BENCH v=1 run=1501316649118 event=submit input_id=240 frame_id=428 t_ns=1512298892520 update_cpu_ns=15575062 final=0
K230_CARD_BENCH v=1 run=1501316649118 event=submit input_id=239 frame_id=428 t_ns=1512298892520 update_cpu_ns=15575062 final=0
K230_CARD_BENCH v=1 run=1501316649118 event=present frame_id=427 t_ns=1512269247000 presented=1 clock=monotonic
K230_CARD_BENCH v=1 run=1501316649118 event=input input_id=241 gesture_id=12 kind=release t_ns=1512272843697 source=injected
K230_CARD_SHELL state mode=1 actions=1 message=0 cards=1
K230_CARD_BENCH v=1 run=1501316649118 event=input input_id=240 gesture_id=12 kind=motion t_ns=1512272319136 source=injected
K230_CARD_SHELL state mode=2 actions=1 message=0 cards=1
K230_CARD_BENCH v=1 run=1501316649118 event=input input_id=239 gesture_id=12 kind=motion t_ns=1512268486345 source=injected
K230_CARD_SHELL state mode=2 actions=1 message=0 cards=1
K230_CARD_SHELL frame-cost run=1501316649118 frame_id=427 total_cpu_ns=15606025 render_cpu_ns=12602396 input_cpu_ns=2727148
K230_CARD_BENCH v=1 run=1501316649118 event=submit input_id=238 frame_id=427 t_ns=1512264309007 update_cpu_ns=15606025 final=0
K230_CARD_BENCH v=1 run=1501316649118 event=submit input_id=237 frame_id=427 t_ns=1512264309007 update_cpu_ns=15606025 final=0
K230_CARD_BENCH v=1 run=1501316649118 event=submit input_id=236 frame_id=427 t_ns=1512264309007 update_cpu_ns=15606025 final=0
K230_CARD_BENCH v=1 run=1501316649118 event=submit input_id=235 frame_id=427 t_ns=1512264309007 update_cpu_ns=15606025 final=0
K230_CARD_BENCH v=1 run=1501316649118 event=submit input_id=234 frame_id=427 t_ns=1512264309007 update_cpu_ns=15606025 final=0
K230_CARD_BENCH v=1 run=1501316649118 event=submit input_id=233 frame_id=427 t_ns=1512264309007 update_cpu_ns=15606025 final=0
K230_CARD_BENCH v=1 run=1501316649118 event=present frame_id=426 t_ns=1512250087000 presented=1 clock=monotonic
K230_CARD_BENCH v=1 run=1501316649118 event=input input_id=238 gesture_id=12 kind=motion t_ns=1512247223631 source=injected
K230_CARD_SHELL state mode=2 actions=1 message=0 cards=1
K230_CARD_BENCH v=1 run=1501316649118 event=input input_id=237 gesture_id=12 kind=motion t_ns=1512245396132 source=injected
K230_CARD_SHELL state mode=2 actions=1 message=0 cards=1
K230_CARD_BENCH v=1 run=1501316649118 event=input input_id=236 gesture_id=12 kind=motion t_ns=1512244815282 source=injected
K230_CARD_SHELL state mode=2 actions=1 message=0 cards=1
K230_CARD_BENCH v=1 run=1501316649118 event=input input_id=235 gesture_id=12 kind=motion t_ns=1512243371288 source=injected
K230_CARD_SHELL state mode=2 actions=1 message=0 cards=1
K230_CARD_BENCH v=1 run=1501316649118 event=input input_id=234 gesture_id=12 kind=motion t_ns=1512241371848 source=injected
K230_CARD_SHELL state mode=2 actions=1 message=0 cards=1
K230_CARD_BENCH v=1 run=1501316649118 event=input input_id=233 gesture_id=12 kind=motion t_ns=1512239176693 source=injected
K230_CARD_SHELL state mode=2 actions=1 message=0 cards=1
K230_CARD_BENCH v=1 run=1501316649118 event=present frame_id=425 t_ns=1512211770000 presented=1 clock=monotonic
K230_CARD_SHELL frame-cost run=1501316649118 frame_id=425 total_cpu_ns=16300268 render_cpu_ns=14294825 input_cpu_ns=1715443
K230_CARD_BENCH v=1 run=1501316649118 event=submit input_id=232 frame_id=425 t_ns=1512208977972 update_cpu_ns=16300268 final=0
K230_CARD_BENCH v=1 run=1501316649118 event=submit input_id=231 frame_id=425 t_ns=1512208977972 update_cpu_ns=16300268 final=0
K230_CARD_BENCH v=1 run=1501316649118 event=submit input_id=230 frame_id=425 t_ns=1512208977972 update_cpu_ns=16300268 final=0
K230_CARD_BENCH v=1 run=1501316649118 event=submit input_id=229 frame_id=425 t_ns=1512208977972 update_cpu_ns=16300268 final=0
K230_CARD_BENCH v=1 run=1501316649118 event=submit input_id=228 frame_id=425 t_ns=1512208977972 update_cpu_ns=16300268 final=0
K230_CARD_BENCH v=1 run=1501316649118 event=present frame_id=424 t_ns=1512192611000 presented=1 clock=monotonic
K230_CARD_BENCH v=1 run=1501316649118 event=input input_id=232 gesture_id=12 kind=motion t_ns=1512189499134 source=injected
K230_CARD_SHELL state mode=2 actions=1 message=0 cards=1
K230_CARD_BENCH v=1 run=1501316649118 event=input input_id=231 gesture_id=12 kind=motion t_ns=1512187843649 source=injected
K230_CARD_SHELL state mode=2 actions=1 message=0 cards=1
K230_CARD_BENCH v=1 run=1501316649118 event=input input_id=230 gesture_id=12 kind=motion t_ns=1512187374563 source=injected
K230_CARD_SHELL state mode=2 actions=1 message=0 cards=1
K230_CARD_BENCH v=1 run=1501316649118 event=input input_id=229 gesture_id=12 kind=motion t_ns=1512185688822 source=injected
K230_CARD_SHELL state mode=2 actions=1 message=0 cards=1
K230_CARD_BENCH v=1 run=1501316649118 event=input input_id=228 gesture_id=12 kind=motion t_ns=1512183251477 source=injected
K230_CARD_SHELL state mode=2 actions=1 message=0 cards=1
K230_CARD_BENCH v=1 run=1501316649118 event=present frame_id=423 t_ns=1512154296000 presented=1 clock=monotonic
K230_CARD_SHELL frame-cost run=1501316649118 frame_id=423 total_cpu_ns=16100166 render_cpu_ns=14178907 input_cpu_ns=1632778
K230_CARD_BENCH v=1 run=1501316649118 event=submit input_id=227 frame_id=423 t_ns=1512151374126 update_cpu_ns=16100166 final=0
K230_CARD_BENCH v=1 run=1501316649118 event=submit input_id=226 frame_id=423 t_ns=1512151374126 update_cpu_ns=16100166 final=0
K230_CARD_BENCH v=1 run=1501316649118 event=submit input_id=225 frame_id=423 t_ns=1512151374126 update_cpu_ns=16100166 final=0
K230_CARD_BENCH v=1 run=1501316649118 event=submit input_id=224 frame_id=423 t_ns=1512151374126 update_cpu_ns=16100166 final=0
K230_CARD_BENCH v=1 run=1501316649118 event=submit input_id=223 frame_id=423 t_ns=1512151374126 update_cpu_ns=16100166 final=0
K230_CARD_BENCH v=1 run=1501316649118 event=submit input_id=222 frame_id=423 t_ns=1512151374126 update_cpu_ns=16100166 final=0
K230_CARD_BENCH v=1 run=1501316649118 event=present frame_id=422 t_ns=1512135138000 presented=1 clock=monotonic
K230_CARD_BENCH v=1 run=1501316649118 event=input input_id=227 gesture_id=12 kind=motion t_ns=1512134885449 source=injected
K230_CARD_SHELL state mode=2 actions=1 message=0 cards=1
K230_CARD_BENCH v=1 run=1501316649118 event=input input_id=226 gesture_id=12 kind=motion t_ns=1512127541751 source=injected
K230_CARD_SHELL state mode=2 actions=1 message=0 cards=1
K230_CARD_BENCH v=1 run=1501316649118 event=input input_id=225 gesture_id=12 kind=motion t_ns=1512127104438 source=injected
K230_CARD_SHELL state mode=2 actions=1 message=0 cards=1
K230_CARD_BENCH v=1 run=1501316649118 event=input input_id=224 gesture_id=12 kind=motion t_ns=1512126192040 source=injected
K230_CARD_SHELL state mode=2 actions=1 message=0 cards=1
K230_CARD_BENCH v=1 run=1501316649118 event=input input_id=223 gesture_id=12 kind=motion t_ns=1512124375909 source=injected
K230_CARD_SHELL state mode=2 actions=1 message=0 cards=1
K230_CARD_BENCH v=1 run=1501316649118 event=input input_id=222 gesture_id=12 kind=motion t_ns=1512122670357 source=injected
K230_CARD_SHELL state mode=2 actions=1 message=0 cards=1
K230_CARD_BENCH v=1 run=1501316649118 event=present frame_id=421 t_ns=1512096818000 presented=1 clock=monotonic
K230_CARD_SHELL frame-cost run=1501316649118 frame_id=421 total_cpu_ns=14326289 render_cpu_ns=13952917 input_cpu_ns=256077
K230_CARD_BENCH v=1 run=1501316649118 event=submit input_id=221 frame_id=421 t_ns=1512093331189 update_cpu_ns=14326289 final=0
K230_CARD_BENCH v=1 run=1501316649118 event=present frame_id=420 t_ns=1512077660000 presented=1 clock=monotonic
K230_CARD_BENCH v=1 run=1501316649118 event=input input_id=221 gesture_id=12 kind=motion t_ns=1512074885734 source=injected
K230_CARD_SHELL state mode=2 actions=1 message=0 cards=1
K230_CARD_SHELL state mode=2 actions=1 message=0 cards=1
K230_CARD_BENCH v=1 run=1501316649118 event=present frame_id=419 t_ns=1512039340000 presented=1 clock=monotonic
K230_CARD_BENCH v=1 run=1501316649118 event=present frame_id=418 t_ns=1512020183000 presented=1 clock=monotonic
K230_CARD_BENCH v=1 run=1501316649118 event=present frame_id=417 t_ns=1511981866000 presented=1 clock=monotonic
K230_CARD_BENCH v=1 run=1501316649118 event=present frame_id=416 t_ns=1511962706000 presented=1 clock=monotonic
K230_CARD_BENCH v=1 run=1501316649118 event=present frame_id=415 t_ns=1511924388000 presented=1 clock=monotonic
K230_CARD_BENCH v=1 run=1501316649118 event=present frame_id=414 t_ns=1511905230000 presented=1 clock=monotonic
K230_CARD_BENCH v=1 run=1501316649118 event=present frame_id=413 t_ns=1511866911000 presented=1 clock=monotonic
K230_CARD_BENCH v=1 run=1501316649118 event=present frame_id=412 t_ns=1511847754000 presented=1 clock=monotonic
K230_CARD_BENCH v=1 run=1501316649118 event=present frame_id=411 t_ns=1511809437000 presented=1 clock=monotonic
K230_CARD_BENCH v=1 run=1501316649118 event=present frame_id=410 t_ns=1511790279000 presented=1 clock=monotonic
K230_CARD_SHELL frame-cost run=1501316649118 frame_id=410 total_cpu_ns=14833627 render_cpu_ns=14089811 input_cpu_ns=596593
K230_CARD_BENCH v=1 run=1501316649118 event=submit input_id=220 frame_id=410 t_ns=1511780736979 update_cpu_ns=14833627 final=1
K230_CARD_BENCH v=1 run=1501316649118 event=submit input_id=219 frame_id=410 t_ns=1511780736979 update_cpu_ns=14833627 final=0
K230_CARD_BENCH v=1 run=1501316649118 event=present frame_id=409 t_ns=1511751975000 presented=1 clock=monotonic
K230_CARD_BENCH v=1 run=1501316649118 event=input input_id=220 gesture_id=11 kind=release t_ns=1511757138397 source=injected
K230_CARD_SHELL state mode=1 actions=1 message=0 cards=1
K230_CARD_BENCH v=1 run=1501316649118 event=input input_id=219 gesture_id=11 kind=motion t_ns=1511756669459 source=injected
K230_CARD_SHELL state mode=2 actions=1 message=0 cards=1
K230_CARD_SHELL frame-cost run=1501316649118 frame_id=409 total_cpu_ns=14111852 render_cpu_ns=11708299 input_cpu_ns=2084629
K230_CARD_BENCH v=1 run=1501316649118 event=submit input_id=218 frame_id=409 t_ns=1511746400113 update_cpu_ns=14111852 final=0
K230_CARD_BENCH v=1 run=1501316649118 event=submit input_id=217 frame_id=409 t_ns=1511746400113 update_cpu_ns=14111852 final=0
K230_CARD_BENCH v=1 run=1501316649118 event=submit input_id=216 frame_id=409 t_ns=1511746400113 update_cpu_ns=14111852 final=0
K230_CARD_BENCH v=1 run=1501316649118 event=submit input_id=215 frame_id=409 t_ns=1511746400113 update_cpu_ns=14111852 final=0
K230_CARD_BENCH v=1 run=1501316649118 event=submit input_id=214 frame_id=409 t_ns=1511746400113 update_cpu_ns=14111852 final=0
K230_CARD_BENCH v=1 run=1501316649118 event=submit input_id=213 frame_id=409 t_ns=1511746400113 update_cpu_ns=14111852 final=0
K230_CARD_BENCH v=1 run=1501316649118 event=present frame_id=408 t_ns=1511732804000 presented=1 clock=monotonic
K230_CARD_BENCH v=1 run=1501316649118 event=input input_id=218 gesture_id=11 kind=motion t_ns=1511732243134 source=injected
K230_CARD_SHELL state mode=2 actions=1 message=0 cards=1
K230_CARD_BENCH v=1 run=1501316649118 event=input input_id=217 gesture_id=11 kind=motion t_ns=1511727707512 source=injected
K230_CARD_SHELL state mode=2 actions=1 message=0 cards=1
K230_CARD_BENCH v=1 run=1501316649118 event=input input_id=216 gesture_id=11 kind=motion t_ns=1511727288086 source=injected
K230_CARD_SHELL state mode=2 actions=1 message=0 cards=1
K230_CARD_BENCH v=1 run=1501316649118 event=input input_id=215 gesture_id=11 kind=motion t_ns=1511725980407 source=injected
K230_CARD_SHELL state mode=2 actions=1 message=0 cards=1
K230_CARD_BENCH v=1 run=1501316649118 event=input input_id=214 gesture_id=11 kind=motion t_ns=1511725509247 source=injected
K230_CARD_SHELL state mode=2 actions=1 message=0 cards=1
K230_CARD_BENCH v=1 run=1501316649118 event=input input_id=213 gesture_id=11 kind=motion t_ns=1511723463999 source=injected
K230_CARD_SHELL state mode=2 actions=1 message=0 cards=1
K230_CARD_BENCH v=1 run=1501316649118 event=present frame_id=407 t_ns=1511694486000 presented=1 clock=monotonic
K230_CARD_SHELL frame-cost run=1501316649118 frame_id=407 total_cpu_ns=16036160 render_cpu_ns=13981641 input_cpu_ns=1804742
K230_CARD_BENCH v=1 run=1501316649118 event=submit input_id=212 frame_id=407 t_ns=1511690951854 update_cpu_ns=16036160 final=0
K230_CARD_BENCH v=1 run=1501316649118 event=submit input_id=211 frame_id=407 t_ns=1511690951854 update_cpu_ns=16036160 final=0
K230_CARD_BENCH v=1 run=1501316649118 event=submit input_id=210 frame_id=407 t_ns=1511690951854 update_cpu_ns=16036160 final=0
K230_CARD_BENCH v=1 run=1501316649118 event=submit input_id=209 frame_id=407 t_ns=1511690951854 update_cpu_ns=16036160 final=0
K230_CARD_BENCH v=1 run=1501316649118 event=submit input_id=208 frame_id=407 t_ns=1511690951854 update_cpu_ns=16036160 final=0
K230_CARD_BENCH v=1 run=1501316649118 event=submit input_id=207 frame_id=407 t_ns=1511690951854 update_cpu_ns=16036160 final=0
K230_CARD_BENCH v=1 run=1501316649118 event=present frame_id=406 t_ns=1511675326000 presented=1 clock=monotonic
K230_CARD_BENCH v=1 run=1501316649118 event=input input_id=212 gesture_id=11 kind=motion t_ns=1511672240144 source=injected
K230_CARD_SHELL state mode=2 actions=1 message=0 cards=1
K230_CARD_BENCH v=1 run=1501316649118 event=input input_id=211 gesture_id=11 kind=motion t_ns=1511669290016 source=injected
K230_CARD_SHELL state mode=2 actions=1 message=0 cards=1
K230_CARD_BENCH v=1 run=1501316649118 event=input input_id=210 gesture_id=11 kind=motion t_ns=1511668876404 source=injected
K230_CARD_SHELL state mode=2 actions=1 message=0 cards=1
K230_CARD_BENCH v=1 run=1501316649118 event=input input_id=209 gesture_id=11 kind=motion t_ns=1511667549098 source=injected
K230_CARD_SHELL state mode=2 actions=1 message=0 cards=1
K230_CARD_BENCH v=1 run=1501316649118 event=input input_id=208 gesture_id=11 kind=motion t_ns=1511667147151 source=injected
K230_CARD_SHELL state mode=2 actions=1 message=0 cards=1
K230_CARD_BENCH v=1 run=1501316649118 event=input input_id=207 gesture_id=11 kind=motion t_ns=1511665398419 source=injected
K230_CARD_SHELL state mode=2 actions=1 message=0 cards=1
K230_CARD_BENCH v=1 run=1501316649118 event=present frame_id=405 t_ns=1511637010000 presented=1 clock=monotonic
K230_CARD_SHELL frame-cost run=1501316649118 frame_id=405 total_cpu_ns=15819157 render_cpu_ns=14100675 input_cpu_ns=1340184
K230_CARD_BENCH v=1 run=1501316649118 event=submit input_id=206 frame_id=405 t_ns=1511633829298 update_cpu_ns=15819157 final=0
K230_CARD_BENCH v=1 run=1501316649118 event=submit input_id=205 frame_id=405 t_ns=1511633829298 update_cpu_ns=15819157 final=0
K230_CARD_BENCH v=1 run=1501316649118 event=submit input_id=204 frame_id=405 t_ns=1511633829298 update_cpu_ns=15819157 final=0
K230_CARD_BENCH v=1 run=1501316649118 event=submit input_id=203 frame_id=405 t_ns=1511633829298 update_cpu_ns=15819157 final=0
K230_CARD_BENCH v=1 run=1501316649118 event=submit input_id=202 frame_id=405 t_ns=1511633829298 update_cpu_ns=15819157 final=0
K230_CARD_BENCH v=1 run=1501316649118 event=submit input_id=201 frame_id=405 t_ns=1511633829298 update_cpu_ns=15819157 final=0
K230_CARD_BENCH v=1 run=1501316649118 event=present frame_id=404 t_ns=1511617850000 presented=1 clock=monotonic
K230_CARD_BENCH v=1 run=1501316649118 event=input input_id=206 gesture_id=11 kind=motion t_ns=1511613455141 source=injected
K230_CARD_SHELL state mode=2 actions=1 message=0 cards=1
K230_CARD_SHELL live cards=1 commits=236 sampled=470 frame-done=474 output-presented=236
K230_CARD_BENCH v=1 run=1501316649118 event=input input_id=205 gesture_id=11 kind=motion t_ns=1511610056998 source=injected
K230_CARD_SHELL state mode=2 actions=1 message=0 cards=1
K230_CARD_BENCH v=1 run=1501316649118 event=input input_id=204 gesture_id=11 kind=motion t_ns=1511609823621 source=injected
K230_CARD_SHELL state mode=2 actions=1 message=0 cards=1
K230_CARD_BENCH v=1 run=1501316649118 event=input input_id=203 gesture_id=11 kind=motion t_ns=1511609546362 source=injected
K230_CARD_SHELL state mode=2 actions=1 message=0 cards=1
K230_CARD_BENCH v=1 run=1501316649118 event=input input_id=202 gesture_id=11 kind=motion t_ns=1511608624632 source=injected
K230_CARD_SHELL state mode=2 actions=1 message=0 cards=1
K230_CARD_BENCH v=1 run=1501316649118 event=input input_id=201 gesture_id=11 kind=motion t_ns=1511607304399 source=injected
K230_CARD_SHELL state mode=2 actions=1 message=0 cards=1
K230_CARD_BENCH v=1 run=1501316649118 event=present frame_id=403 t_ns=1511579536000 presented=1 clock=monotonic
K230_CARD_SHELL frame-cost run=1501316649118 frame_id=403 total_cpu_ns=14684615 render_cpu_ns=14142616 input_cpu_ns=423740
K230_CARD_BENCH v=1 run=1501316649118 event=submit input_id=200 frame_id=403 t_ns=1511577872477 update_cpu_ns=14684615 final=0
K230_CARD_BENCH v=1 run=1501316649118 event=present frame_id=402 t_ns=1511560375000 presented=1 clock=monotonic
K230_CARD_BENCH v=1 run=1501316649118 event=input input_id=200 gesture_id=11 kind=motion t_ns=1511552261382 source=injected
K230_CARD_SHELL state mode=2 actions=1 message=0 cards=1
K230_CARD_SHELL state mode=2 actions=1 message=0 cards=1
K230_CARD_BENCH v=1 run=1501316649118 event=present frame_id=401 t_ns=1511522056000 presented=1 clock=monotonic
K230_CARD_BENCH v=1 run=1501316649118 event=present frame_id=400 t_ns=1511502898000 presented=1 clock=monotonic
K230_CARD_BENCH v=1 run=1501316649118 event=present frame_id=399 t_ns=1511464582000 presented=1 clock=monotonic
K230_CARD_BENCH v=1 run=1501316649118 event=resource phase=active t_ns=1511464169256 cpu_ns=9907436000 memory_bytes=19681280 scope=session
K230_CARD_BENCH v=1 run=1501316649118 event=resource phase=active t_ns=1511464169256 cpu_ns=5458024245 memory_bytes=27570176 scope=compositor
K230_CARD_BENCH v=1 run=1501316649118 event=present frame_id=398 t_ns=1511445421000 presented=1 clock=monotonic
K230_CARD_BENCH v=1 run=1501316649118 event=present frame_id=397 t_ns=1511407103000 presented=1 clock=monotonic
K230_CARD_BENCH v=1 run=1501316649118 event=present frame_id=396 t_ns=1511387946000 presented=1 clock=monotonic
K230_CARD_BENCH v=1 run=1501316649118 event=present frame_id=395 t_ns=1511349628000 presented=1 clock=monotonic
K230_CARD_BENCH v=1 run=1501316649118 event=present frame_id=394 t_ns=1511330469000 presented=1 clock=monotonic
K230_CARD_BENCH v=1 run=1501316649118 event=present frame_id=393 t_ns=1511292152000 presented=1 clock=monotonic
K230_CARD_BENCH v=1 run=1501316649118 event=present frame_id=392 t_ns=1511272994000 presented=1 clock=monotonic
K230_CARD_SHELL frame-cost run=1501316649118 frame_id=392 total_cpu_ns=15205623 render_cpu_ns=14153069 input_cpu_ns=839073
K230_CARD_BENCH v=1 run=1501316649118 event=submit input_id=199 frame_id=392 t_ns=1511260849295 update_cpu_ns=15205623 final=1
K230_CARD_BENCH v=1 run=1501316649118 event=submit input_id=198 frame_id=392 t_ns=1511260849295 update_cpu_ns=15205623 final=0
K230_CARD_BENCH v=1 run=1501316649118 event=present frame_id=391 t_ns=1511234676000 presented=1 clock=monotonic
K230_CARD_BENCH v=1 run=1501316649118 event=input input_id=199 gesture_id=10 kind=release t_ns=1511236955825 source=injected
K230_CARD_SHELL state mode=1 actions=1 message=0 cards=1
K230_CARD_BENCH v=1 run=1501316649118 event=input input_id=198 gesture_id=10 kind=motion t_ns=1511236350090 source=injected
K230_CARD_SHELL state mode=2 actions=1 message=0 cards=1
K230_CARD_SHELL frame-cost run=1501316649118 frame_id=391 total_cpu_ns=15051893 render_cpu_ns=12188895 input_cpu_ns=2602032
K230_CARD_BENCH v=1 run=1501316649118 event=submit input_id=197 frame_id=391 t_ns=1511229629720 update_cpu_ns=15051893 final=0
K230_CARD_BENCH v=1 run=1501316649118 event=submit input_id=196 frame_id=391 t_ns=1511229629720 update_cpu_ns=15051893 final=0
K230_CARD_BENCH v=1 run=1501316649118 event=submit input_id=195 frame_id=391 t_ns=1511229629720 update_cpu_ns=15051893 final=0
K230_CARD_BENCH v=1 run=1501316649118 event=submit input_id=194 frame_id=391 t_ns=1511229629720 update_cpu_ns=15051893 final=0
K230_CARD_BENCH v=1 run=1501316649118 event=submit input_id=193 frame_id=391 t_ns=1511229629720 update_cpu_ns=15051893 final=0
K230_CARD_BENCH v=1 run=1501316649118 event=present frame_id=390 t_ns=1511215518000 presented=1 clock=monotonic
K230_CARD_BENCH v=1 run=1501316649118 event=input input_id=197 gesture_id=10 kind=motion t_ns=1511212251018 source=injected
K230_CARD_SHELL state mode=2 actions=1 message=0 cards=1
K230_CARD_BENCH v=1 run=1501316649118 event=input input_id=196 gesture_id=10 kind=motion t_ns=1511210553761 source=injected
K230_CARD_SHELL state mode=2 actions=1 message=0 cards=1
K230_CARD_BENCH v=1 run=1501316649118 event=input input_id=195 gesture_id=10 kind=motion t_ns=1511209295891 source=injected
K230_CARD_SHELL state mode=2 actions=1 message=0 cards=1
K230_CARD_BENCH v=1 run=1501316649118 event=input input_id=194 gesture_id=10 kind=motion t_ns=1511206860324 source=injected
K230_CARD_SHELL state mode=2 actions=1 message=0 cards=1
K230_CARD_BENCH v=1 run=1501316649118 event=input input_id=193 gesture_id=10 kind=motion t_ns=1511204624398 source=injected
K230_CARD_SHELL state mode=2 actions=1 message=0 cards=1
K230_CARD_BENCH v=1 run=1501316649118 event=present frame_id=389 t_ns=1511177201000 presented=1 clock=monotonic
K230_CARD_SHELL frame-cost run=1501316649118 frame_id=389 total_cpu_ns=16405500 render_cpu_ns=13730387 input_cpu_ns=2397558
K230_CARD_BENCH v=1 run=1501316649118 event=submit input_id=192 frame_id=389 t_ns=1511174345180 update_cpu_ns=16405500 final=0
K230_CARD_BENCH v=1 run=1501316649118 event=submit input_id=191 frame_id=389 t_ns=1511174345180 update_cpu_ns=16405500 final=0
K230_CARD_BENCH v=1 run=1501316649118 event=submit input_id=190 frame_id=389 t_ns=1511174345180 update_cpu_ns=16405500 final=0
K230_CARD_BENCH v=1 run=1501316649118 event=submit input_id=189 frame_id=389 t_ns=1511174345180 update_cpu_ns=16405500 final=0
K230_CARD_BENCH v=1 run=1501316649118 event=submit input_id=188 frame_id=389 t_ns=1511174345180 update_cpu_ns=16405500 final=0
K230_CARD_BENCH v=1 run=1501316649118 event=submit input_id=187 frame_id=389 t_ns=1511174345180 update_cpu_ns=16405500 final=0
K230_CARD_BENCH v=1 run=1501316649118 event=present frame_id=388 t_ns=1511158043000 presented=1 clock=monotonic
K230_CARD_BENCH v=1 run=1501316649118 event=input input_id=192 gesture_id=10 kind=motion t_ns=1511157519628 source=injected
K230_CARD_SHELL state mode=2 actions=1 message=0 cards=1
K230_CARD_BENCH v=1 run=1501316649118 event=input input_id=191 gesture_id=10 kind=motion t_ns=1511154768584 source=injected
K230_CARD_SHELL state mode=2 actions=1 message=0 cards=1
K230_CARD_BENCH v=1 run=1501316649118 event=input input_id=190 gesture_id=10 kind=motion t_ns=1511153505566 source=injected
K230_CARD_SHELL state mode=2 actions=1 message=0 cards=1
K230_CARD_BENCH v=1 run=1501316649118 event=input input_id=189 gesture_id=10 kind=motion t_ns=1511153067476 source=injected
K230_CARD_SHELL state mode=2 actions=1 message=0 cards=1
K230_CARD_BENCH v=1 run=1501316649118 event=input input_id=188 gesture_id=10 kind=motion t_ns=1511151162579 source=injected
K230_CARD_SHELL state mode=2 actions=1 message=0 cards=1
K230_CARD_BENCH v=1 run=1501316649118 event=input input_id=187 gesture_id=10 kind=motion t_ns=1511148880104 source=injected
K230_CARD_SHELL state mode=2 actions=1 message=0 cards=1
K230_CARD_BENCH v=1 run=1501316649118 event=present frame_id=387 t_ns=1511119729000 presented=1 clock=monotonic
K230_CARD_SHELL frame-cost run=1501316649118 frame_id=387 total_cpu_ns=16043452 render_cpu_ns=14174229 input_cpu_ns=1616405
K230_CARD_BENCH v=1 run=1501316649118 event=submit input_id=186 frame_id=387 t_ns=1511116265232 update_cpu_ns=16043452 final=0
K230_CARD_BENCH v=1 run=1501316649118 event=submit input_id=185 frame_id=387 t_ns=1511116265232 update_cpu_ns=16043452 final=0
K230_CARD_BENCH v=1 run=1501316649118 event=submit input_id=184 frame_id=387 t_ns=1511116265232 update_cpu_ns=16043452 final=0
K230_CARD_BENCH v=1 run=1501316649118 event=submit input_id=183 frame_id=387 t_ns=1511116265232 update_cpu_ns=16043452 final=0
K230_CARD_BENCH v=1 run=1501316649118 event=submit input_id=182 frame_id=387 t_ns=1511116265232 update_cpu_ns=16043452 final=0
K230_CARD_BENCH v=1 run=1501316649118 event=submit input_id=181 frame_id=387 t_ns=1511116265232 update_cpu_ns=16043452 final=0
K230_CARD_BENCH v=1 run=1501316649118 event=present frame_id=386 t_ns=1511100565000 presented=1 clock=monotonic
K230_CARD_BENCH v=1 run=1501316649118 event=input input_id=186 gesture_id=10 kind=motion t_ns=1511097370175 source=injected
K230_CARD_SHELL state mode=2 actions=1 message=0 cards=1
K230_CARD_BENCH v=1 run=1501316649118 event=input input_id=185 gesture_id=10 kind=motion t_ns=1511093121663 source=injected
K230_CARD_SHELL state mode=2 actions=1 message=0 cards=1
K230_CARD_BENCH v=1 run=1501316649118 event=input input_id=184 gesture_id=10 kind=motion t_ns=1511092888176 source=injected
K230_CARD_SHELL state mode=2 actions=1 message=0 cards=1
K230_CARD_BENCH v=1 run=1501316649118 event=input input_id=183 gesture_id=10 kind=motion t_ns=1511092593992 source=injected
K230_CARD_SHELL state mode=2 actions=1 message=0 cards=1
K230_CARD_BENCH v=1 run=1501316649118 event=input input_id=182 gesture_id=10 kind=motion t_ns=1511091204806 source=injected
K230_CARD_SHELL state mode=2 actions=1 message=0 cards=1
K230_CARD_BENCH v=1 run=1501316649118 event=input input_id=181 gesture_id=10 kind=motion t_ns=1511089522176 source=injected
K230_CARD_SHELL state mode=2 actions=1 message=0 cards=1
K230_CARD_BENCH v=1 run=1501316649118 event=present frame_id=385 t_ns=1511062251000 presented=1 clock=monotonic
K230_CARD_SHELL frame-cost run=1501316649118 frame_id=385 total_cpu_ns=14792812 render_cpu_ns=14041665 input_cpu_ns=378295
K230_CARD_BENCH v=1 run=1501316649118 event=submit input_id=180 frame_id=385 t_ns=1511059095052 update_cpu_ns=14792812 final=0
K230_CARD_BENCH v=1 run=1501316649118 event=submit input_id=179 frame_id=385 t_ns=1511059095052 update_cpu_ns=14792812 final=0
K230_CARD_BENCH v=1 run=1501316649118 event=present frame_id=384 t_ns=1511043089000 presented=1 clock=monotonic
K230_CARD_BENCH v=1 run=1501316649118 event=input input_id=180 gesture_id=10 kind=motion t_ns=1511037374407 source=injected
K230_CARD_SHELL state mode=2 actions=1 message=0 cards=1
K230_CARD_BENCH v=1 run=1501316649118 event=input input_id=179 gesture_id=10 kind=motion t_ns=1511027938544 source=injected
K230_CARD_SHELL state mode=2 actions=1 message=0 cards=1
K230_CARD_SHELL state mode=2 actions=1 message=0 cards=1
K230_CARD_BENCH v=1 run=1501316649118 event=present frame_id=383 t_ns=1511004772000 presented=1 clock=monotonic
K230_CARD_BENCH v=1 run=1501316649118 event=present frame_id=382 t_ns=1510966453000 presented=1 clock=monotonic
K230_CARD_BENCH v=1 run=1501316649118 event=present frame_id=381 t_ns=1510947296000 presented=1 clock=monotonic
K230_CARD_BENCH v=1 run=1501316649118 event=present frame_id=380 t_ns=1510908977000 presented=1 clock=monotonic
K230_CARD_BENCH v=1 run=1501316649118 event=present frame_id=379 t_ns=1510889819000 presented=1 clock=monotonic
K230_CARD_BENCH v=1 run=1501316649118 event=present frame_id=378 t_ns=1510851502000 presented=1 clock=monotonic
K230_CARD_BENCH v=1 run=1501316649118 event=present frame_id=377 t_ns=1510832343000 presented=1 clock=monotonic
K230_CARD_BENCH v=1 run=1501316649118 event=present frame_id=376 t_ns=1510794026000 presented=1 clock=monotonic
K230_CARD_BENCH v=1 run=1501316649118 event=present frame_id=375 t_ns=1510774867000 presented=1 clock=monotonic
K230_CARD_BENCH v=1 run=1501316649118 event=present frame_id=374 t_ns=1510736550000 presented=1 clock=monotonic
K230_CARD_SHELL frame-cost run=1501316649118 frame_id=374 total_cpu_ns=15235553 render_cpu_ns=14179964 input_cpu_ns=865258
K230_CARD_BENCH v=1 run=1501316649118 event=submit input_id=178 frame_id=374 t_ns=1510732799192 update_cpu_ns=15235553 final=1
K230_CARD_BENCH v=1 run=1501316649118 event=submit input_id=177 frame_id=374 t_ns=1510732799192 update_cpu_ns=15235553 final=0
K230_CARD_BENCH v=1 run=1501316649118 event=submit input_id=176 frame_id=374 t_ns=1510732799192 update_cpu_ns=15235553 final=0
K230_CARD_BENCH v=1 run=1501316649118 event=present frame_id=373 t_ns=1510717391000 presented=1 clock=monotonic
K230_CARD_BENCH v=1 run=1501316649118 event=input input_id=178 gesture_id=9 kind=release t_ns=1510705926904 source=injected
K230_CARD_SHELL state mode=1 actions=1 message=0 cards=1
K230_CARD_BENCH v=1 run=1501316649118 event=input input_id=177 gesture_id=9 kind=motion t_ns=1510705549880 source=injected
K230_CARD_SHELL state mode=2 actions=1 message=0 cards=1
K230_CARD_BENCH v=1 run=1501316649118 event=input input_id=176 gesture_id=9 kind=motion t_ns=1510705073351 source=injected
K230_CARD_SHELL state mode=2 actions=1 message=0 cards=1
K230_CARD_SHELL frame-cost run=1501316649118 frame_id=373 total_cpu_ns=12896965 render_cpu_ns=12072779 input_cpu_ns=645851
K230_CARD_BENCH v=1 run=1501316649118 event=submit input_id=175 frame_id=373 t_ns=1510703285032 update_cpu_ns=12896965 final=0
K230_CARD_BENCH v=1 run=1501316649118 event=submit input_id=174 frame_id=373 t_ns=1510703285032 update_cpu_ns=12896965 final=0
K230_CARD_BENCH v=1 run=1501316649118 event=present frame_id=372 t_ns=1510679074000 presented=1 clock=monotonic
K230_CARD_BENCH v=1 run=1501316649118 event=input input_id=175 gesture_id=9 kind=motion t_ns=1510679681681 source=injected
K230_CARD_SHELL state mode=2 actions=1 message=0 cards=1
K230_CARD_BENCH v=1 run=1501316649118 event=input input_id=174 gesture_id=9 kind=motion t_ns=1510679175415 source=injected
K230_CARD_SHELL state mode=2 actions=1 message=0 cards=1
K230_CARD_SHELL frame-cost run=1501316649118 frame_id=372 total_cpu_ns=14750111 render_cpu_ns=12817742 input_cpu_ns=1666256
K230_CARD_BENCH v=1 run=1501316649118 event=submit input_id=173 frame_id=372 t_ns=1510674800625 update_cpu_ns=14750111 final=0
K230_CARD_BENCH v=1 run=1501316649118 event=submit input_id=172 frame_id=372 t_ns=1510674800625 update_cpu_ns=14750111 final=0
K230_CARD_BENCH v=1 run=1501316649118 event=submit input_id=171 frame_id=372 t_ns=1510674800625 update_cpu_ns=14750111 final=0
K230_CARD_BENCH v=1 run=1501316649118 event=submit input_id=170 frame_id=372 t_ns=1510674800625 update_cpu_ns=14750111 final=0
K230_CARD_BENCH v=1 run=1501316649118 event=submit input_id=169 frame_id=372 t_ns=1510674800625 update_cpu_ns=14750111 final=0
K230_CARD_BENCH v=1 run=1501316649118 event=submit input_id=168 frame_id=372 t_ns=1510674800625 update_cpu_ns=14750111 final=0
K230_CARD_BENCH v=1 run=1501316649118 event=present frame_id=371 t_ns=1510659915000 presented=1 clock=monotonic
K230_CARD_BENCH v=1 run=1501316649118 event=input input_id=173 gesture_id=9 kind=motion t_ns=1510653363430 source=injected
K230_CARD_SHELL state mode=2 actions=1 message=0 cards=1
K230_CARD_BENCH v=1 run=1501316649118 event=input input_id=172 gesture_id=9 kind=motion t_ns=1510648923723 source=injected
K230_CARD_SHELL state mode=2 actions=1 message=0 cards=1
K230_CARD_BENCH v=1 run=1501316649118 event=input input_id=171 gesture_id=9 kind=motion t_ns=1510648567622 source=injected
K230_CARD_SHELL state mode=2 actions=1 message=0 cards=1
K230_CARD_BENCH v=1 run=1501316649118 event=input input_id=170 gesture_id=9 kind=motion t_ns=1510648263625 source=injected
K230_CARD_SHELL state mode=2 actions=1 message=0 cards=1
K230_CARD_BENCH v=1 run=1501316649118 event=input input_id=169 gesture_id=9 kind=motion t_ns=1510647876232 source=injected
K230_CARD_SHELL state mode=2 actions=1 message=0 cards=1
K230_CARD_BENCH v=1 run=1501316649118 event=input input_id=168 gesture_id=9 kind=motion t_ns=1510647500578 source=injected
K230_CARD_SHELL state mode=2 actions=1 message=0 cards=1
K230_CARD_BENCH v=1 run=1501316649118 event=present frame_id=370 t_ns=1510621598000 presented=1 clock=monotonic
K230_CARD_SHELL frame-cost run=1501316649118 frame_id=370 total_cpu_ns=15862603 render_cpu_ns=14203451 input_cpu_ns=1380929
K230_CARD_BENCH v=1 run=1501316649118 event=submit input_id=167 frame_id=370 t_ns=1510618583561 update_cpu_ns=15862603 final=0
K230_CARD_BENCH v=1 run=1501316649118 event=submit input_id=166 frame_id=370 t_ns=1510618583561 update_cpu_ns=15862603 final=0
K230_CARD_BENCH v=1 run=1501316649118 event=submit input_id=165 frame_id=370 t_ns=1510618583561 update_cpu_ns=15862603 final=0
K230_CARD_BENCH v=1 run=1501316649118 event=submit input_id=164 frame_id=370 t_ns=1510618583561 update_cpu_ns=15862603 final=0
K230_CARD_BENCH v=1 run=1501316649118 event=submit input_id=163 frame_id=370 t_ns=1510618583561 update_cpu_ns=15862603 final=0
K230_CARD_BENCH v=1 run=1501316649118 event=present frame_id=369 t_ns=1510602439000 presented=1 clock=monotonic
K230_CARD_BENCH v=1 run=1501316649118 event=input input_id=167 gesture_id=9 kind=motion t_ns=1510597211470 source=injected
K230_CARD_SHELL state mode=2 actions=1 message=0 cards=1
K230_CARD_BENCH v=1 run=1501316649118 event=input input_id=166 gesture_id=9 kind=motion t_ns=1510596715647 source=injected
K230_CARD_SHELL state mode=2 actions=1 message=0 cards=1
K230_CARD_BENCH v=1 run=1501316649118 event=input input_id=165 gesture_id=9 kind=motion t_ns=1510595676155 source=injected
K230_CARD_SHELL state mode=2 actions=1 message=0 cards=1
K230_CARD_BENCH v=1 run=1501316649118 event=input input_id=164 gesture_id=9 kind=motion t_ns=1510594387548 source=injected
K230_CARD_SHELL state mode=2 actions=1 message=0 cards=1
K230_CARD_BENCH v=1 run=1501316649118 event=input input_id=163 gesture_id=9 kind=motion t_ns=1510592150215 source=injected
K230_CARD_SHELL state mode=2 actions=1 message=0 cards=1
K230_CARD_BENCH v=1 run=1501316649118 event=present frame_id=368 t_ns=1510564122000 presented=1 clock=monotonic
K230_CARD_SHELL frame-cost run=1501316649118 frame_id=368 total_cpu_ns=15636903 render_cpu_ns=14068498 input_cpu_ns=1372738
K230_CARD_BENCH v=1 run=1501316649118 event=submit input_id=162 frame_id=368 t_ns=1510560488970 update_cpu_ns=15636903 final=0
K230_CARD_BENCH v=1 run=1501316649118 event=submit input_id=161 frame_id=368 t_ns=1510560488970 update_cpu_ns=15636903 final=0
K230_CARD_BENCH v=1 run=1501316649118 event=submit input_id=160 frame_id=368 t_ns=1510560488970 update_cpu_ns=15636903 final=0
K230_CARD_BENCH v=1 run=1501316649118 event=submit input_id=159 frame_id=368 t_ns=1510560488970 update_cpu_ns=15636903 final=0
K230_CARD_BENCH v=1 run=1501316649118 event=submit input_id=158 frame_id=368 t_ns=1510560488970 update_cpu_ns=15636903 final=0
K230_CARD_BENCH v=1 run=1501316649118 event=present frame_id=367 t_ns=1510544963000 presented=1 clock=monotonic
K230_CARD_BENCH v=1 run=1501316649118 event=input input_id=162 gesture_id=9 kind=motion t_ns=1510543324542 source=injected
K230_CARD_SHELL state mode=2 actions=1 message=0 cards=1
K230_CARD_BENCH v=1 run=1501316649118 event=input input_id=161 gesture_id=9 kind=motion t_ns=1510536338691 source=injected
K230_CARD_SHELL state mode=2 actions=1 message=0 cards=1
K230_CARD_BENCH v=1 run=1501316649118 event=input input_id=160 gesture_id=9 kind=motion t_ns=1510535846645 source=injected
K230_CARD_SHELL state mode=2 actions=1 message=0 cards=1
K230_CARD_BENCH v=1 run=1501316649118 event=input input_id=159 gesture_id=9 kind=motion t_ns=1510534280223 source=injected
K230_CARD_SHELL state mode=2 actions=1 message=0 cards=1
K230_CARD_BENCH v=1 run=1501316649118 event=input input_id=158 gesture_id=9 kind=motion t_ns=1510532121287 source=injected
K230_CARD_SHELL state mode=2 actions=1 message=0 cards=1
K230_CARD_SHELL state mode=2 actions=1 message=0 cards=1
K230_CARD_BENCH v=1 run=1501316649118 event=present frame_id=366 t_ns=1510506646000 presented=1 clock=monotonic
K230_CARD_BENCH v=1 run=1501316649118 event=present frame_id=365 t_ns=1510487490000 presented=1 clock=monotonic
K230_CARD_BENCH v=1 run=1501316649118 event=present frame_id=364 t_ns=1510449171000 presented=1 clock=monotonic
K230_CARD_BENCH v=1 run=1501316649118 event=resource phase=active t_ns=1510446282745 cpu_ns=9190113000 memory_bytes=19685376 scope=session
K230_CARD_BENCH v=1 run=1501316649118 event=resource phase=active t_ns=1510446282745 cpu_ns=4917493293 memory_bytes=27570176 scope=compositor
K230_CARD_BENCH v=1 run=1501316649118 event=present frame_id=363 t_ns=1510430011000 presented=1 clock=monotonic
K230_CARD_BENCH v=1 run=1501316649118 event=present frame_id=362 t_ns=1510391692000 presented=1 clock=monotonic
K230_CARD_BENCH v=1 run=1501316649118 event=present frame_id=361 t_ns=1510372534000 presented=1 clock=monotonic
K230_CARD_BENCH v=1 run=1501316649118 event=present frame_id=360 t_ns=1510334216000 presented=1 clock=monotonic
K230_CARD_BENCH v=1 run=1501316649118 event=present frame_id=359 t_ns=1510315059000 presented=1 clock=monotonic
K230_CARD_BENCH v=1 run=1501316649118 event=present frame_id=358 t_ns=1510276740000 presented=1 clock=monotonic
K230_CARD_BENCH v=1 run=1501316649118 event=present frame_id=357 t_ns=1510257583000 presented=1 clock=monotonic
K230_CARD_BENCH v=1 run=1501316649118 event=present frame_id=356 t_ns=1510219266000 presented=1 clock=monotonic
K230_CARD_SHELL frame-cost run=1501316649118 frame_id=356 total_cpu_ns=15225660 render_cpu_ns=14284773 input_cpu_ns=792665
K230_CARD_BENCH v=1 run=1501316649118 event=submit input_id=157 frame_id=356 t_ns=1510215638407 update_cpu_ns=15225660 final=1
K230_CARD_BENCH v=1 run=1501316649118 event=submit input_id=156 frame_id=356 t_ns=1510215638407 update_cpu_ns=15225660 final=0
K230_CARD_BENCH v=1 run=1501316649118 event=present frame_id=355 t_ns=1510200107000 presented=1 clock=monotonic
K230_CARD_BENCH v=1 run=1501316649118 event=input input_id=157 gesture_id=8 kind=release t_ns=1510188285219 source=injected
K230_CARD_SHELL state mode=1 actions=1 message=0 cards=1
K230_CARD_BENCH v=1 run=1501316649118 event=input input_id=156 gesture_id=8 kind=motion t_ns=1510187447960 source=injected
K230_CARD_SHELL state mode=2 actions=1 message=0 cards=1
K230_CARD_SHELL frame-cost run=1501316649118 frame_id=355 total_cpu_ns=12946196 render_cpu_ns=11925491 input_cpu_ns=845446
K230_CARD_BENCH v=1 run=1501316649118 event=submit input_id=155 frame_id=355 t_ns=1510186690061 update_cpu_ns=12946196 final=0
K230_CARD_BENCH v=1 run=1501316649118 event=submit input_id=154 frame_id=355 t_ns=1510186690061 update_cpu_ns=12946196 final=0
K230_CARD_BENCH v=1 run=1501316649118 event=present frame_id=354 t_ns=1510161789000 presented=1 clock=monotonic
K230_CARD_BENCH v=1 run=1501316649118 event=input input_id=155 gesture_id=8 kind=motion t_ns=1510162512045 source=injected
K230_CARD_SHELL state mode=2 actions=1 message=0 cards=1
K230_CARD_BENCH v=1 run=1501316649118 event=input input_id=154 gesture_id=8 kind=motion t_ns=1510161884165 source=injected
K230_CARD_SHELL state mode=2 actions=1 message=0 cards=1
K230_CARD_SHELL frame-cost run=1501316649118 frame_id=354 total_cpu_ns=14523176 render_cpu_ns=12858584 input_cpu_ns=1479664
K230_CARD_BENCH v=1 run=1501316649118 event=submit input_id=153 frame_id=354 t_ns=1510157426608 update_cpu_ns=14523176 final=0
K230_CARD_BENCH v=1 run=1501316649118 event=submit input_id=152 frame_id=354 t_ns=1510157426608 update_cpu_ns=14523176 final=0
K230_CARD_BENCH v=1 run=1501316649118 event=submit input_id=151 frame_id=354 t_ns=1510157426608 update_cpu_ns=14523176 final=0
K230_CARD_BENCH v=1 run=1501316649118 event=present frame_id=353 t_ns=1510142632000 presented=1 clock=monotonic
K230_CARD_BENCH v=1 run=1501316649118 event=input input_id=153 gesture_id=8 kind=motion t_ns=1510139819499 source=injected
K230_CARD_SHELL state mode=2 actions=1 message=0 cards=1
K230_CARD_BENCH v=1 run=1501316649118 event=input input_id=152 gesture_id=8 kind=motion t_ns=1510139064895 source=injected
K230_CARD_SHELL state mode=2 actions=1 message=0 cards=1
K230_CARD_BENCH v=1 run=1501316649118 event=input input_id=151 gesture_id=8 kind=motion t_ns=1510137695114 source=injected
K230_CARD_SHELL state mode=2 actions=1 message=0 cards=1
K230_CARD_SHELL frame-cost run=1501316649118 frame_id=353 total_cpu_ns=15154763 render_cpu_ns=13970538 input_cpu_ns=986742
K230_CARD_BENCH v=1 run=1501316649118 event=submit input_id=150 frame_id=353 t_ns=1510133989161 update_cpu_ns=15154763 final=0
K230_CARD_BENCH v=1 run=1501316649118 event=submit input_id=149 frame_id=353 t_ns=1510133989161 update_cpu_ns=15154763 final=0
K230_CARD_BENCH v=1 run=1501316649118 event=submit input_id=148 frame_id=353 t_ns=1510133989161 update_cpu_ns=15154763 final=0
K230_CARD_BENCH v=1 run=1501316649118 event=present frame_id=352 t_ns=1510104313000 presented=1 clock=monotonic
K230_CARD_BENCH v=1 run=1501316649118 event=input input_id=150 gesture_id=8 kind=motion t_ns=1510106803248 source=injected
K230_CARD_SHELL state mode=2 actions=1 message=0 cards=1
K230_CARD_BENCH v=1 run=1501316649118 event=input input_id=149 gesture_id=8 kind=motion t_ns=1510106241100 source=injected
K230_CARD_SHELL state mode=2 actions=1 message=0 cards=1
K230_CARD_BENCH v=1 run=1501316649118 event=input input_id=148 gesture_id=8 kind=motion t_ns=1510102448677 source=injected
K230_CARD_SHELL state mode=2 actions=1 message=0 cards=1
K230_CARD_SHELL frame-cost run=1501316649118 frame_id=352 total_cpu_ns=16331900 render_cpu_ns=14453674 input_cpu_ns=1618150
K230_CARD_BENCH v=1 run=1501316649118 event=submit input_id=147 frame_id=352 t_ns=1510101452031 update_cpu_ns=16331900 final=0
K230_CARD_BENCH v=1 run=1501316649118 event=submit input_id=146 frame_id=352 t_ns=1510101452031 update_cpu_ns=16331900 final=0
K230_CARD_BENCH v=1 run=1501316649118 event=submit input_id=145 frame_id=352 t_ns=1510101452031 update_cpu_ns=16331900 final=0
K230_CARD_BENCH v=1 run=1501316649118 event=submit input_id=144 frame_id=352 t_ns=1510101452031 update_cpu_ns=16331900 final=0
K230_CARD_BENCH v=1 run=1501316649118 event=submit input_id=143 frame_id=352 t_ns=1510101452031 update_cpu_ns=16331900 final=0
K230_CARD_BENCH v=1 run=1501316649118 event=present frame_id=351 t_ns=1510085154000 presented=1 clock=monotonic
K230_CARD_BENCH v=1 run=1501316649118 event=input input_id=147 gesture_id=8 kind=motion t_ns=1510080677786 source=injected
K230_CARD_SHELL state mode=2 actions=1 message=0 cards=1
K230_CARD_BENCH v=1 run=1501316649118 event=input input_id=146 gesture_id=8 kind=motion t_ns=1510079113586 source=injected
K230_CARD_SHELL state mode=2 actions=1 message=0 cards=1
K230_CARD_BENCH v=1 run=1501316649118 event=input input_id=145 gesture_id=8 kind=motion t_ns=1510078718787 source=injected
K230_CARD_SHELL state mode=2 actions=1 message=0 cards=1
K230_CARD_BENCH v=1 run=1501316649118 event=input input_id=144 gesture_id=8 kind=motion t_ns=1510076998052 source=injected
K230_CARD_SHELL state mode=2 actions=1 message=0 cards=1
K230_CARD_BENCH v=1 run=1501316649118 event=input input_id=143 gesture_id=8 kind=motion t_ns=1510074627033 source=injected
K230_CARD_SHELL state mode=2 actions=1 message=0 cards=1
K230_CARD_BENCH v=1 run=1501316649118 event=present frame_id=350 t_ns=1510046838000 presented=1 clock=monotonic
K230_CARD_SHELL frame-cost run=1501316649118 frame_id=350 total_cpu_ns=15263575 render_cpu_ns=14119647 input_cpu_ns=945334
K230_CARD_BENCH v=1 run=1501316649118 event=submit input_id=142 frame_id=350 t_ns=1510043227383 update_cpu_ns=15263575 final=0
K230_CARD_BENCH v=1 run=1501316649118 event=submit input_id=141 frame_id=350 t_ns=1510043227383 update_cpu_ns=15263575 final=0
K230_CARD_BENCH v=1 run=1501316649118 event=submit input_id=140 frame_id=350 t_ns=1510043227383 update_cpu_ns=15263575 final=0
K230_CARD_BENCH v=1 run=1501316649118 event=submit input_id=139 frame_id=350 t_ns=1510043227383 update_cpu_ns=15263575 final=0
K230_CARD_BENCH v=1 run=1501316649118 event=present frame_id=349 t_ns=1510027681000 presented=1 clock=monotonic
K230_CARD_BENCH v=1 run=1501316649118 event=input input_id=142 gesture_id=8 kind=motion t_ns=1510026097432 source=injected
K230_CARD_SHELL state mode=2 actions=1 message=0 cards=1
K230_CARD_BENCH v=1 run=1501316649118 event=input input_id=141 gesture_id=8 kind=motion t_ns=1510020691890 source=injected
K230_CARD_SHELL state mode=2 actions=1 message=0 cards=1
K230_CARD_BENCH v=1 run=1501316649118 event=input input_id=140 gesture_id=8 kind=motion t_ns=1510019591036 source=injected
K230_CARD_SHELL state mode=2 actions=1 message=0 cards=1
K230_CARD_BENCH v=1 run=1501316649118 event=input input_id=139 gesture_id=8 kind=motion t_ns=1510019267967 source=injected
K230_CARD_SHELL state mode=2 actions=1 message=0 cards=1
K230_CARD_SHELL frame-cost run=1501316649118 frame_id=349 total_cpu_ns=14769821 render_cpu_ns=14126783 input_cpu_ns=467853
K230_CARD_BENCH v=1 run=1501316649118 event=submit input_id=138 frame_id=349 t_ns=1510016168786 update_cpu_ns=14769821 final=0
K230_CARD_BENCH v=1 run=1501316649118 event=submit input_id=137 frame_id=349 t_ns=1510016168786 update_cpu_ns=14769821 final=0
K230_CARD_BENCH v=1 run=1501316649118 event=present frame_id=348 t_ns=1509989363000 presented=1 clock=monotonic
K230_CARD_BENCH v=1 run=1501316649118 event=input input_id=138 gesture_id=8 kind=motion t_ns=1509992107310 source=injected
K230_CARD_SHELL state mode=2 actions=1 message=0 cards=1
K230_CARD_BENCH v=1 run=1501316649118 event=input input_id=137 gesture_id=8 kind=motion t_ns=1509988267264 source=injected
K230_CARD_SHELL state mode=2 actions=1 message=0 cards=1
K230_CARD_BENCH v=1 run=1501316649118 event=present frame_id=347 t_ns=1509970202000 presented=1 clock=monotonic
K230_CARD_SHELL state mode=2 actions=1 message=0 cards=1
K230_CARD_BENCH v=1 run=1501316649118 event=present frame_id=346 t_ns=1509931883000 presented=1 clock=monotonic
K230_CARD_BENCH v=1 run=1501316649118 event=present frame_id=345 t_ns=1509912726000 presented=1 clock=monotonic
K230_CARD_SHELL live cards=1 commits=176 sampled=352 frame-done=356 output-presented=177
K230_CARD_BENCH v=1 run=1501316649118 event=present frame_id=344 t_ns=1509874408000 presented=1 clock=monotonic
K230_CARD_BENCH v=1 run=1501316649118 event=present frame_id=343 t_ns=1509855250000 presented=1 clock=monotonic
K230_CARD_BENCH v=1 run=1501316649118 event=present frame_id=342 t_ns=1509816933000 presented=1 clock=monotonic
K230_CARD_BENCH v=1 run=1501316649118 event=present frame_id=341 t_ns=1509797774000 presented=1 clock=monotonic
K230_CARD_BENCH v=1 run=1501316649118 event=present frame_id=340 t_ns=1509759455000 presented=1 clock=monotonic
K230_CARD_BENCH v=1 run=1501316649118 event=present frame_id=339 t_ns=1509740298000 presented=1 clock=monotonic
K230_CARD_BENCH v=1 run=1501316649118 event=present frame_id=338 t_ns=1509701981000 presented=1 clock=monotonic
K230_CARD_SHELL frame-cost run=1501316649118 frame_id=338 total_cpu_ns=15881075 render_cpu_ns=14180298 input_cpu_ns=1467890
K230_CARD_BENCH v=1 run=1501316649118 event=submit input_id=136 frame_id=338 t_ns=1509698213727 update_cpu_ns=15881075 final=1
K230_CARD_BENCH v=1 run=1501316649118 event=submit input_id=135 frame_id=338 t_ns=1509698213727 update_cpu_ns=15881075 final=0
K230_CARD_BENCH v=1 run=1501316649118 event=submit input_id=134 frame_id=338 t_ns=1509698213727 update_cpu_ns=15881075 final=0
K230_CARD_BENCH v=1 run=1501316649118 event=submit input_id=133 frame_id=338 t_ns=1509698213727 update_cpu_ns=15881075 final=0
K230_CARD_BENCH v=1 run=1501316649118 event=present frame_id=337 t_ns=1509682822000 presented=1 clock=monotonic
K230_CARD_BENCH v=1 run=1501316649118 event=input input_id=136 gesture_id=7 kind=release t_ns=1509673286227 source=injected
K230_CARD_SHELL state mode=1 actions=1 message=0 cards=1
K230_CARD_BENCH v=1 run=1501316649118 event=input input_id=135 gesture_id=7 kind=motion t_ns=1509671859787 source=injected
K230_CARD_SHELL state mode=2 actions=1 message=0 cards=1
K230_CARD_BENCH v=1 run=1501316649118 event=input input_id=134 gesture_id=7 kind=motion t_ns=1509671439917 source=injected
K230_CARD_SHELL state mode=2 actions=1 message=0 cards=1
K230_CARD_BENCH v=1 run=1501316649118 event=input input_id=133 gesture_id=7 kind=motion t_ns=1509670289626 source=injected
K230_CARD_SHELL state mode=2 actions=1 message=0 cards=1
K230_CARD_BENCH v=1 run=1501316649118 event=present frame_id=336 t_ns=1509644504000 presented=1 clock=monotonic
K230_CARD_SHELL frame-cost run=1501316649118 frame_id=336 total_cpu_ns=14635695 render_cpu_ns=12470959 input_cpu_ns=1912738
K230_CARD_BENCH v=1 run=1501316649118 event=submit input_id=132 frame_id=336 t_ns=1509639569526 update_cpu_ns=14635695 final=0
K230_CARD_BENCH v=1 run=1501316649118 event=submit input_id=131 frame_id=336 t_ns=1509639569526 update_cpu_ns=14635695 final=0
K230_CARD_BENCH v=1 run=1501316649118 event=submit input_id=130 frame_id=336 t_ns=1509639569526 update_cpu_ns=14635695 final=0
K230_CARD_BENCH v=1 run=1501316649118 event=submit input_id=129 frame_id=336 t_ns=1509639569526 update_cpu_ns=14635695 final=0
K230_CARD_BENCH v=1 run=1501316649118 event=submit input_id=128 frame_id=336 t_ns=1509639569526 update_cpu_ns=14635695 final=0
K230_CARD_BENCH v=1 run=1501316649118 event=submit input_id=127 frame_id=336 t_ns=1509639569526 update_cpu_ns=14635695 final=0
K230_CARD_BENCH v=1 run=1501316649118 event=present frame_id=335 t_ns=1509625346000 presented=1 clock=monotonic
K230_CARD_BENCH v=1 run=1501316649118 event=input input_id=132 gesture_id=7 kind=motion t_ns=1509620432515 source=injected
K230_CARD_SHELL state mode=2 actions=1 message=0 cards=1
K230_CARD_BENCH v=1 run=1501316649118 event=input input_id=131 gesture_id=7 kind=motion t_ns=1509618071829 source=injected
K230_CARD_SHELL state mode=2 actions=1 message=0 cards=1
K230_CARD_BENCH v=1 run=1501316649118 event=input input_id=130 gesture_id=7 kind=motion t_ns=1509616345688 source=injected
K230_CARD_SHELL state mode=2 actions=1 message=0 cards=1
K230_CARD_BENCH v=1 run=1501316649118 event=input input_id=129 gesture_id=7 kind=motion t_ns=1509615912857 source=injected
K230_CARD_SHELL state mode=2 actions=1 message=0 cards=1
K230_CARD_BENCH v=1 run=1501316649118 event=input input_id=128 gesture_id=7 kind=motion t_ns=1509615556349 source=injected
K230_CARD_SHELL state mode=2 actions=1 message=0 cards=1
K230_CARD_BENCH v=1 run=1501316649118 event=input input_id=127 gesture_id=7 kind=motion t_ns=1509614351138 source=injected
K230_CARD_SHELL state mode=2 actions=1 message=0 cards=1
K230_CARD_BENCH v=1 run=1501316649118 event=present frame_id=334 t_ns=1509587030000 presented=1 clock=monotonic
K230_CARD_SHELL frame-cost run=1501316649118 frame_id=334 total_cpu_ns=15926457 render_cpu_ns=14135569 input_cpu_ns=1596556
K230_CARD_BENCH v=1 run=1501316649118 event=submit input_id=126 frame_id=334 t_ns=1509583967957 update_cpu_ns=15926457 final=0
K230_CARD_BENCH v=1 run=1501316649118 event=submit input_id=125 frame_id=334 t_ns=1509583967957 update_cpu_ns=15926457 final=0
K230_CARD_BENCH v=1 run=1501316649118 event=submit input_id=124 frame_id=334 t_ns=1509583967957 update_cpu_ns=15926457 final=0
K230_CARD_BENCH v=1 run=1501316649118 event=submit input_id=123 frame_id=334 t_ns=1509583967957 update_cpu_ns=15926457 final=0
K230_CARD_BENCH v=1 run=1501316649118 event=submit input_id=122 frame_id=334 t_ns=1509583967957 update_cpu_ns=15926457 final=0
K230_CARD_BENCH v=1 run=1501316649118 event=present frame_id=333 t_ns=1509567873000 presented=1 clock=monotonic
K230_CARD_BENCH v=1 run=1501316649118 event=input input_id=126 gesture_id=7 kind=motion t_ns=1509566122996 source=injected
K230_CARD_SHELL state mode=2 actions=1 message=0 cards=1
K230_CARD_BENCH v=1 run=1501316649118 event=input input_id=125 gesture_id=7 kind=motion t_ns=1509564724923 source=injected
K230_CARD_SHELL state mode=2 actions=1 message=0 cards=1
K230_CARD_BENCH v=1 run=1501316649118 event=input input_id=124 gesture_id=7 kind=motion t_ns=1509563269376 source=injected
K230_CARD_SHELL state mode=2 actions=1 message=0 cards=1
K230_CARD_BENCH v=1 run=1501316649118 event=input input_id=123 gesture_id=7 kind=motion t_ns=1509561417992 source=injected
K230_CARD_SHELL state mode=2 actions=1 message=0 cards=1
K230_CARD_BENCH v=1 run=1501316649118 event=input input_id=122 gesture_id=7 kind=motion t_ns=1509559286276 source=injected
K230_CARD_SHELL state mode=2 actions=1 message=0 cards=1
K230_CARD_BENCH v=1 run=1501316649118 event=present frame_id=332 t_ns=1509529557000 presented=1 clock=monotonic
K230_CARD_SHELL frame-cost run=1501316649118 frame_id=332 total_cpu_ns=15332486 render_cpu_ns=14232042 input_cpu_ns=938742
K230_CARD_BENCH v=1 run=1501316649118 event=submit input_id=121 frame_id=332 t_ns=1509528784776 update_cpu_ns=15332486 final=0
K230_CARD_BENCH v=1 run=1501316649118 event=submit input_id=120 frame_id=332 t_ns=1509528784776 update_cpu_ns=15332486 final=0
K230_CARD_BENCH v=1 run=1501316649118 event=submit input_id=119 frame_id=332 t_ns=1509528784776 update_cpu_ns=15332486 final=0
K230_CARD_BENCH v=1 run=1501316649118 event=submit input_id=118 frame_id=332 t_ns=1509528784776 update_cpu_ns=15332486 final=0
K230_CARD_BENCH v=1 run=1501316649118 event=present frame_id=331 t_ns=1509510395000 presented=1 clock=monotonic
K230_CARD_BENCH v=1 run=1501316649118 event=input input_id=121 gesture_id=7 kind=motion t_ns=1509510502245 source=injected
K230_CARD_SHELL state mode=2 actions=1 message=0 cards=1
K230_CARD_BENCH v=1 run=1501316649118 event=input input_id=120 gesture_id=7 kind=motion t_ns=1509501384383 source=injected
K230_CARD_SHELL state mode=2 actions=1 message=0 cards=1
K230_CARD_BENCH v=1 run=1501316649118 event=input input_id=119 gesture_id=7 kind=motion t_ns=1509501152673 source=injected
K230_CARD_SHELL state mode=2 actions=1 message=0 cards=1
K230_CARD_BENCH v=1 run=1501316649118 event=input input_id=118 gesture_id=7 kind=motion t_ns=1509500846899 source=injected
K230_CARD_SHELL state mode=2 actions=1 message=0 cards=1
K230_CARD_SHELL frame-cost run=1501316649118 frame_id=331 total_cpu_ns=14680398 render_cpu_ns=14045326 input_cpu_ns=464257
K230_CARD_BENCH v=1 run=1501316649118 event=submit input_id=117 frame_id=331 t_ns=1509498015127 update_cpu_ns=14680398 final=0
K230_CARD_BENCH v=1 run=1501316649118 event=submit input_id=116 frame_id=331 t_ns=1509498015127 update_cpu_ns=14680398 final=0
K230_CARD_BENCH v=1 run=1501316649118 event=present frame_id=330 t_ns=1509472077000 presented=1 clock=monotonic
K230_CARD_BENCH v=1 run=1501316649118 event=input input_id=117 gesture_id=7 kind=motion t_ns=1509472988159 source=injected
K230_CARD_SHELL state mode=2 actions=1 message=0 cards=1
K230_CARD_BENCH v=1 run=1501316649118 event=input input_id=116 gesture_id=7 kind=motion t_ns=1509469453296 source=injected
K230_CARD_SHELL state mode=2 actions=1 message=0 cards=1
K230_CARD_BENCH v=1 run=1501316649118 event=present frame_id=329 t_ns=1509452918000 presented=1 clock=monotonic
K230_CARD_SHELL state mode=2 actions=1 message=0 cards=1
K230_CARD_BENCH v=1 run=1501316649118 event=present frame_id=328 t_ns=1509414599000 presented=1 clock=monotonic
K230_CARD_BENCH v=1 run=1501316649118 event=resource phase=active t_ns=1509414799268 cpu_ns=8460487000 memory_bytes=19681280 scope=session
K230_CARD_BENCH v=1 run=1501316649118 event=resource phase=active t_ns=1509414799268 cpu_ns=4363158626 memory_bytes=27570176 scope=compositor
K230_CARD_BENCH v=1 run=1501316649118 event=present frame_id=327 t_ns=1509395441000 presented=1 clock=monotonic
K230_CARD_BENCH v=1 run=1501316649118 event=present frame_id=326 t_ns=1509357123000 presented=1 clock=monotonic
K230_CARD_BENCH v=1 run=1501316649118 event=present frame_id=325 t_ns=1509337965000 presented=1 clock=monotonic
K230_CARD_BENCH v=1 run=1501316649118 event=present frame_id=324 t_ns=1509299647000 presented=1 clock=monotonic
K230_CARD_BENCH v=1 run=1501316649118 event=present frame_id=323 t_ns=1509280489000 presented=1 clock=monotonic
K230_CARD_BENCH v=1 run=1501316649118 event=present frame_id=322 t_ns=1509242171000 presented=1 clock=monotonic
K230_CARD_BENCH v=1 run=1501316649118 event=present frame_id=321 t_ns=1509223013000 presented=1 clock=monotonic
K230_CARD_BENCH v=1 run=1501316649118 event=present frame_id=320 t_ns=1509184696000 presented=1 clock=monotonic
K230_CARD_SHELL frame-cost run=1501316649118 frame_id=320 total_cpu_ns=16025998 render_cpu_ns=14317033 input_cpu_ns=1487890
K230_CARD_BENCH v=1 run=1501316649118 event=submit input_id=115 frame_id=320 t_ns=1509181406008 update_cpu_ns=16025998 final=1
K230_CARD_BENCH v=1 run=1501316649118 event=submit input_id=114 frame_id=320 t_ns=1509181406008 update_cpu_ns=16025998 final=0
K230_CARD_BENCH v=1 run=1501316649118 event=submit input_id=113 frame_id=320 t_ns=1509181406008 update_cpu_ns=16025998 final=0
K230_CARD_BENCH v=1 run=1501316649118 event=present frame_id=319 t_ns=1509165538000 presented=1 clock=monotonic
K230_CARD_BENCH v=1 run=1501316649118 event=input input_id=115 gesture_id=6 kind=release t_ns=1509158190391 source=injected
K230_CARD_SHELL state mode=1 actions=1 message=0 cards=1
K230_CARD_BENCH v=1 run=1501316649118 event=input input_id=114 gesture_id=6 kind=motion t_ns=1509156522576 source=injected
K230_CARD_SHELL state mode=2 actions=1 message=0 cards=1
K230_CARD_BENCH v=1 run=1501316649118 event=input input_id=113 gesture_id=6 kind=motion t_ns=1509154340163 source=injected
K230_CARD_SHELL state mode=2 actions=1 message=0 cards=1
K230_CARD_BENCH v=1 run=1501316649118 event=present frame_id=318 t_ns=1509127222000 presented=1 clock=monotonic
K230_CARD_SHELL frame-cost run=1501316649118 frame_id=318 total_cpu_ns=15567216 render_cpu_ns=12272917 input_cpu_ns=2963597
K230_CARD_BENCH v=1 run=1501316649118 event=submit input_id=112 frame_id=318 t_ns=1509121802156 update_cpu_ns=15567216 final=0
K230_CARD_BENCH v=1 run=1501316649118 event=submit input_id=111 frame_id=318 t_ns=1509121802156 update_cpu_ns=15567216 final=0
K230_CARD_BENCH v=1 run=1501316649118 event=submit input_id=110 frame_id=318 t_ns=1509121802156 update_cpu_ns=15567216 final=0
K230_CARD_BENCH v=1 run=1501316649118 event=submit input_id=109 frame_id=318 t_ns=1509121802156 update_cpu_ns=15567216 final=0
K230_CARD_BENCH v=1 run=1501316649118 event=submit input_id=108 frame_id=318 t_ns=1509121802156 update_cpu_ns=15567216 final=0
K230_CARD_BENCH v=1 run=1501316649118 event=submit input_id=107 frame_id=318 t_ns=1509121802156 update_cpu_ns=15567216 final=0
K230_CARD_BENCH v=1 run=1501316649118 event=present frame_id=317 t_ns=1509108061000 presented=1 clock=monotonic
K230_CARD_BENCH v=1 run=1501316649118 event=input input_id=112 gesture_id=6 kind=motion t_ns=1509106570811 source=injected
K230_CARD_SHELL state mode=2 actions=1 message=0 cards=1
K230_CARD_BENCH v=1 run=1501316649118 event=input input_id=111 gesture_id=6 kind=motion t_ns=1509103968528 source=injected
K230_CARD_SHELL state mode=2 actions=1 message=0 cards=1
K230_CARD_BENCH v=1 run=1501316649118 event=input input_id=110 gesture_id=6 kind=motion t_ns=1509102810978 source=injected
K230_CARD_SHELL state mode=2 actions=1 message=0 cards=1
K230_CARD_BENCH v=1 run=1501316649118 event=input input_id=109 gesture_id=6 kind=motion t_ns=1509100827723 source=injected
K230_CARD_SHELL state mode=2 actions=1 message=0 cards=1
K230_CARD_BENCH v=1 run=1501316649118 event=input input_id=108 gesture_id=6 kind=motion t_ns=1509098636052 source=injected
K230_CARD_SHELL state mode=2 actions=1 message=0 cards=1
K230_CARD_BENCH v=1 run=1501316649118 event=input input_id=107 gesture_id=6 kind=motion t_ns=1509096732416 source=injected
K230_CARD_SHELL state mode=2 actions=1 message=0 cards=1
K230_CARD_BENCH v=1 run=1501316649118 event=present frame_id=316 t_ns=1509069744000 presented=1 clock=monotonic
K230_CARD_SHELL frame-cost run=1501316649118 frame_id=316 total_cpu_ns=16697016 render_cpu_ns=14429796 input_cpu_ns=1982776
K230_CARD_BENCH v=1 run=1501316649118 event=submit input_id=106 frame_id=316 t_ns=1509067089950 update_cpu_ns=16697016 final=0
K230_CARD_BENCH v=1 run=1501316649118 event=submit input_id=105 frame_id=316 t_ns=1509067089950 update_cpu_ns=16697016 final=0
K230_CARD_BENCH v=1 run=1501316649118 event=submit input_id=104 frame_id=316 t_ns=1509067089950 update_cpu_ns=16697016 final=0
K230_CARD_BENCH v=1 run=1501316649118 event=submit input_id=103 frame_id=316 t_ns=1509067089950 update_cpu_ns=16697016 final=0
K230_CARD_BENCH v=1 run=1501316649118 event=submit input_id=102 frame_id=316 t_ns=1509067089950 update_cpu_ns=16697016 final=0
K230_CARD_BENCH v=1 run=1501316649118 event=submit input_id=101 frame_id=316 t_ns=1509067089950 update_cpu_ns=16697016 final=0
K230_CARD_BENCH v=1 run=1501316649118 event=present frame_id=315 t_ns=1509050585000 presented=1 clock=monotonic
K230_CARD_BENCH v=1 run=1501316649118 event=input input_id=106 gesture_id=6 kind=motion t_ns=1509048044927 source=injected
K230_CARD_SHELL state mode=2 actions=1 message=0 cards=1
K230_CARD_BENCH v=1 run=1501316649118 event=input input_id=105 gesture_id=6 kind=motion t_ns=1509047376794 source=injected
K230_CARD_SHELL state mode=2 actions=1 message=0 cards=1
K230_CARD_BENCH v=1 run=1501316649118 event=input input_id=104 gesture_id=6 kind=motion t_ns=1509045517782 source=injected
K230_CARD_SHELL state mode=2 actions=1 message=0 cards=1
K230_CARD_BENCH v=1 run=1501316649118 event=input input_id=103 gesture_id=6 kind=motion t_ns=1509045046919 source=injected
K230_CARD_SHELL state mode=2 actions=1 message=0 cards=1
K230_CARD_BENCH v=1 run=1501316649118 event=input input_id=102 gesture_id=6 kind=motion t_ns=1509043228790 source=injected
K230_CARD_SHELL state mode=2 actions=1 message=0 cards=1
K230_CARD_BENCH v=1 run=1501316649118 event=input input_id=101 gesture_id=6 kind=motion t_ns=1509041227649 source=injected
K230_CARD_SHELL state mode=2 actions=1 message=0 cards=1
K230_CARD_BENCH v=1 run=1501316649118 event=present frame_id=314 t_ns=1509012269000 presented=1 clock=monotonic
K230_CARD_SHELL frame-cost run=1501316649118 frame_id=314 total_cpu_ns=16243528 render_cpu_ns=14436859 input_cpu_ns=1552853
K230_CARD_BENCH v=1 run=1501316649118 event=submit input_id=100 frame_id=314 t_ns=1509010056757 update_cpu_ns=16243528 final=0
K230_CARD_BENCH v=1 run=1501316649118 event=submit input_id=99 frame_id=314 t_ns=1509010056757 update_cpu_ns=16243528 final=0
K230_CARD_BENCH v=1 run=1501316649118 event=submit input_id=98 frame_id=314 t_ns=1509010056757 update_cpu_ns=16243528 final=0
K230_CARD_BENCH v=1 run=1501316649118 event=submit input_id=97 frame_id=314 t_ns=1509010056757 update_cpu_ns=16243528 final=0
K230_CARD_BENCH v=1 run=1501316649118 event=submit input_id=96 frame_id=314 t_ns=1509010056757 update_cpu_ns=16243528 final=0
K230_CARD_BENCH v=1 run=1501316649118 event=submit input_id=95 frame_id=314 t_ns=1509010056757 update_cpu_ns=16243528 final=0
K230_CARD_BENCH v=1 run=1501316649118 event=present frame_id=313 t_ns=1508993109000 presented=1 clock=monotonic
K230_CARD_BENCH v=1 run=1501316649118 event=input input_id=100 gesture_id=6 kind=motion t_ns=1508987259937 source=injected
K230_CARD_SHELL state mode=2 actions=1 message=0 cards=1
K230_CARD_BENCH v=1 run=1501316649118 event=input input_id=99 gesture_id=6 kind=motion t_ns=1508986833993 source=injected
K230_CARD_SHELL state mode=2 actions=1 message=0 cards=1
K230_CARD_BENCH v=1 run=1501316649118 event=input input_id=98 gesture_id=6 kind=motion t_ns=1508985113296 source=injected
K230_CARD_SHELL state mode=2 actions=1 message=0 cards=1
K230_CARD_BENCH v=1 run=1501316649118 event=input input_id=97 gesture_id=6 kind=motion t_ns=1508983202921 source=injected
K230_CARD_SHELL state mode=2 actions=1 message=0 cards=1
K230_CARD_BENCH v=1 run=1501316649118 event=input input_id=96 gesture_id=6 kind=motion t_ns=1508981520515 source=injected
K230_CARD_SHELL state mode=2 actions=1 message=0 cards=1
K230_CARD_BENCH v=1 run=1501316649118 event=input input_id=95 gesture_id=6 kind=motion t_ns=1508979704941 source=injected
K230_CARD_SHELL state mode=2 actions=1 message=0 cards=1
K230_CARD_BENCH v=1 run=1501316649118 event=present frame_id=312 t_ns=1508954791000 presented=1 clock=monotonic
K230_CARD_BENCH v=1 run=1501316649118 event=present frame_id=311 t_ns=1508935633000 presented=1 clock=monotonic
K230_CARD_SHELL state mode=2 actions=1 message=0 cards=1
K230_CARD_BENCH v=1 run=1501316649118 event=present frame_id=310 t_ns=1508897314000 presented=1 clock=monotonic
K230_CARD_BENCH v=1 run=1501316649118 event=present frame_id=309 t_ns=1508878157000 presented=1 clock=monotonic
K230_CARD_BENCH v=1 run=1501316649118 event=present frame_id=308 t_ns=1508839839000 presented=1 clock=monotonic
K230_CARD_BENCH v=1 run=1501316649118 event=present frame_id=307 t_ns=1508820681000 presented=1 clock=monotonic
K230_CARD_BENCH v=1 run=1501316649118 event=present frame_id=306 t_ns=1508782362000 presented=1 clock=monotonic
K230_CARD_BENCH v=1 run=1501316649118 event=present frame_id=305 t_ns=1508763205000 presented=1 clock=monotonic
K230_CARD_BENCH v=1 run=1501316649118 event=present frame_id=304 t_ns=1508724888000 presented=1 clock=monotonic
K230_CARD_BENCH v=1 run=1501316649118 event=present frame_id=303 t_ns=1508705729000 presented=1 clock=monotonic
K230_CARD_BENCH v=1 run=1501316649118 event=present frame_id=302 t_ns=1508667410000 presented=1 clock=monotonic
K230_CARD_BENCH v=1 run=1501316649118 event=present frame_id=301 t_ns=1508648253000 presented=1 clock=monotonic
K230_CARD_SHELL frame-cost run=1501316649118 frame_id=301 total_cpu_ns=15085811 render_cpu_ns=13977995 input_cpu_ns=950075
K230_CARD_BENCH v=1 run=1501316649118 event=submit input_id=94 frame_id=301 t_ns=1508641544298 update_cpu_ns=15085811 final=1
K230_CARD_BENCH v=1 run=1501316649118 event=submit input_id=93 frame_id=301 t_ns=1508641544298 update_cpu_ns=15085811 final=0
K230_CARD_BENCH v=1 run=1501316649118 event=submit input_id=92 frame_id=301 t_ns=1508641544298 update_cpu_ns=15085811 final=0
K230_CARD_BENCH v=1 run=1501316649118 event=present frame_id=300 t_ns=1508609937000 presented=1 clock=monotonic
K230_CARD_BENCH v=1 run=1501316649118 event=input input_id=94 gesture_id=5 kind=release t_ns=1508616855924 source=injected
K230_CARD_SHELL state mode=1 actions=1 message=0 cards=1
K230_CARD_BENCH v=1 run=1501316649118 event=input input_id=93 gesture_id=5 kind=motion t_ns=1508616497305 source=injected
K230_CARD_SHELL state mode=2 actions=1 message=0 cards=1
K230_CARD_BENCH v=1 run=1501316649118 event=input input_id=92 gesture_id=5 kind=motion t_ns=1508611819336 source=injected
K230_CARD_SHELL state mode=2 actions=1 message=0 cards=1
K230_CARD_SHELL frame-cost run=1501316649118 frame_id=300 total_cpu_ns=14818336 render_cpu_ns=12255596 input_cpu_ns=2263444
K230_CARD_BENCH v=1 run=1501316649118 event=submit input_id=91 frame_id=300 t_ns=1508607169882 update_cpu_ns=14818336 final=0
K230_CARD_BENCH v=1 run=1501316649118 event=submit input_id=90 frame_id=300 t_ns=1508607169882 update_cpu_ns=14818336 final=0
K230_CARD_BENCH v=1 run=1501316649118 event=submit input_id=89 frame_id=300 t_ns=1508607169882 update_cpu_ns=14818336 final=0
K230_CARD_BENCH v=1 run=1501316649118 event=submit input_id=88 frame_id=300 t_ns=1508607169882 update_cpu_ns=14818336 final=0
K230_CARD_BENCH v=1 run=1501316649118 event=submit input_id=87 frame_id=300 t_ns=1508607169882 update_cpu_ns=14818336 final=0
K230_CARD_BENCH v=1 run=1501316649118 event=submit input_id=86 frame_id=300 t_ns=1508607169882 update_cpu_ns=14818336 final=0
K230_CARD_BENCH v=1 run=1501316649118 event=present frame_id=299 t_ns=1508590779000 presented=1 clock=monotonic
K230_CARD_BENCH v=1 run=1501316649118 event=input input_id=91 gesture_id=5 kind=motion t_ns=1508590972634 source=injected
K230_CARD_SHELL state mode=2 actions=1 message=0 cards=1
K230_CARD_BENCH v=1 run=1501316649118 event=input input_id=90 gesture_id=5 kind=motion t_ns=1508586218898 source=injected
K230_CARD_SHELL state mode=2 actions=1 message=0 cards=1
K230_CARD_BENCH v=1 run=1501316649118 event=input input_id=89 gesture_id=5 kind=motion t_ns=1508584762462 source=injected
K230_CARD_SHELL state mode=2 actions=1 message=0 cards=1
K230_CARD_BENCH v=1 run=1501316649118 event=input input_id=88 gesture_id=5 kind=motion t_ns=1508584268713 source=injected
K230_CARD_SHELL state mode=2 actions=1 message=0 cards=1
K230_CARD_BENCH v=1 run=1501316649118 event=input input_id=87 gesture_id=5 kind=motion t_ns=1508582272313 source=injected
K230_CARD_SHELL state mode=2 actions=1 message=0 cards=1
K230_CARD_BENCH v=1 run=1501316649118 event=input input_id=86 gesture_id=5 kind=motion t_ns=1508579810641 source=injected
K230_CARD_SHELL state mode=2 actions=1 message=0 cards=1
K230_CARD_BENCH v=1 run=1501316649118 event=present frame_id=298 t_ns=1508552461000 presented=1 clock=monotonic
K230_CARD_SHELL frame-cost run=1501316649118 frame_id=298 total_cpu_ns=15420469 render_cpu_ns=13959280 input_cpu_ns=1254520
K230_CARD_BENCH v=1 run=1501316649118 event=submit input_id=85 frame_id=298 t_ns=1508549263196 update_cpu_ns=15420469 final=0
K230_CARD_BENCH v=1 run=1501316649118 event=submit input_id=84 frame_id=298 t_ns=1508549263196 update_cpu_ns=15420469 final=0
K230_CARD_BENCH v=1 run=1501316649118 event=submit input_id=83 frame_id=298 t_ns=1508549263196 update_cpu_ns=15420469 final=0
K230_CARD_BENCH v=1 run=1501316649118 event=submit input_id=82 frame_id=298 t_ns=1508549263196 update_cpu_ns=15420469 final=0
K230_CARD_BENCH v=1 run=1501316649118 event=present frame_id=297 t_ns=1508533301000 presented=1 clock=monotonic
K230_CARD_BENCH v=1 run=1501316649118 event=input input_id=85 gesture_id=5 kind=motion t_ns=1508530971006 source=injected
K230_CARD_SHELL state mode=2 actions=1 message=0 cards=1
K230_CARD_BENCH v=1 run=1501316649118 event=input input_id=84 gesture_id=5 kind=motion t_ns=1508528914946 source=injected
K230_CARD_SHELL state mode=2 actions=1 message=0 cards=1
K230_CARD_BENCH v=1 run=1501316649118 event=input input_id=83 gesture_id=5 kind=motion t_ns=1508527463288 source=injected
K230_CARD_SHELL state mode=2 actions=1 message=0 cards=1
K230_CARD_BENCH v=1 run=1501316649118 event=input input_id=82 gesture_id=5 kind=motion t_ns=1508526744902 source=injected
K230_CARD_SHELL state mode=2 actions=1 message=0 cards=1
K230_CARD_SHELL frame-cost run=1501316649118 frame_id=297 total_cpu_ns=14728485 render_cpu_ns=14082079 input_cpu_ns=467890
K230_CARD_BENCH v=1 run=1501316649118 event=submit input_id=81 frame_id=297 t_ns=1508523665498 update_cpu_ns=14728485 final=0
K230_CARD_BENCH v=1 run=1501316649118 event=submit input_id=80 frame_id=297 t_ns=1508523665498 update_cpu_ns=14728485 final=0
K230_CARD_BENCH v=1 run=1501316649118 event=present frame_id=296 t_ns=1508494987000 presented=1 clock=monotonic
K230_CARD_BENCH v=1 run=1501316649118 event=input input_id=81 gesture_id=5 kind=motion t_ns=1508500267952 source=injected
K230_CARD_SHELL state mode=2 actions=1 message=0 cards=1
K230_CARD_BENCH v=1 run=1501316649118 event=input input_id=80 gesture_id=5 kind=motion t_ns=1508494763463 source=injected
K230_CARD_SHELL state mode=2 actions=1 message=0 cards=1
K230_CARD_SHELL frame-cost run=1501316649118 frame_id=296 total_cpu_ns=15343823 render_cpu_ns=14182786 input_cpu_ns=962888
K230_CARD_BENCH v=1 run=1501316649118 event=submit input_id=79 frame_id=296 t_ns=1508492193769 update_cpu_ns=15343823 final=0
K230_CARD_BENCH v=1 run=1501316649118 event=submit input_id=78 frame_id=296 t_ns=1508492193769 update_cpu_ns=15343823 final=0
K230_CARD_BENCH v=1 run=1501316649118 event=submit input_id=77 frame_id=296 t_ns=1508492193769 update_cpu_ns=15343823 final=0
K230_CARD_BENCH v=1 run=1501316649118 event=submit input_id=76 frame_id=296 t_ns=1508492193769 update_cpu_ns=15343823 final=0
K230_CARD_BENCH v=1 run=1501316649118 event=present frame_id=295 t_ns=1508475825000 presented=1 clock=monotonic
K230_CARD_BENCH v=1 run=1501316649118 event=input input_id=79 gesture_id=5 kind=motion t_ns=1508470897868 source=injected
K230_CARD_SHELL state mode=2 actions=1 message=0 cards=1
K230_CARD_BENCH v=1 run=1501316649118 event=input input_id=78 gesture_id=5 kind=motion t_ns=1508466375508 source=injected
K230_CARD_SHELL state mode=2 actions=1 message=0 cards=1
K230_CARD_BENCH v=1 run=1501316649118 event=input input_id=77 gesture_id=5 kind=motion t_ns=1508465999151 source=injected
K230_CARD_SHELL state mode=2 actions=1 message=0 cards=1
K230_CARD_BENCH v=1 run=1501316649118 event=input input_id=76 gesture_id=5 kind=motion t_ns=1508464476428 source=injected
K230_CARD_SHELL state mode=2 actions=1 message=0 cards=1
K230_CARD_SHELL frame-cost run=1501316649118 frame_id=295 total_cpu_ns=14724209 render_cpu_ns=14160837 input_cpu_ns=379112
K230_CARD_BENCH v=1 run=1501316649118 event=submit input_id=75 frame_id=295 t_ns=1508463495411 update_cpu_ns=14724209 final=0
K230_CARD_BENCH v=1 run=1501316649118 event=submit input_id=74 frame_id=295 t_ns=1508463495411 update_cpu_ns=14724209 final=0
K230_CARD_BENCH v=1 run=1501316649118 event=present frame_id=294 t_ns=1508437507000 presented=1 clock=monotonic
K230_CARD_BENCH v=1 run=1501316649118 event=input input_id=75 gesture_id=5 kind=motion t_ns=1508437834647 source=injected
K230_CARD_SHELL state mode=2 actions=1 message=0 cards=1
K230_CARD_BENCH v=1 run=1501316649118 event=input input_id=74 gesture_id=5 kind=motion t_ns=1508435091087 source=injected
K230_CARD_SHELL state mode=2 actions=1 message=0 cards=1
K230_CARD_BENCH v=1 run=1501316649118 event=present frame_id=293 t_ns=1508418349000 presented=1 clock=monotonic
K230_CARD_SHELL state mode=2 actions=1 message=0 cards=1
K230_CARD_BENCH v=1 run=1501316649118 event=present frame_id=292 t_ns=1508380046000 presented=1 clock=monotonic
K230_CARD_BENCH v=1 run=1501316649118 event=resource phase=active t_ns=1508380251437 cpu_ns=7727027000 memory_bytes=19681280 scope=session
K230_CARD_BENCH v=1 run=1501316649118 event=resource phase=active t_ns=1508380251437 cpu_ns=3805855761 memory_bytes=27570176 scope=compositor
K230_CARD_BENCH v=1 run=1501316649118 event=present frame_id=291 t_ns=1508360873000 presented=1 clock=monotonic
K230_CARD_BENCH v=1 run=1501316649118 event=present frame_id=290 t_ns=1508322556000 presented=1 clock=monotonic
K230_CARD_BENCH v=1 run=1501316649118 event=present frame_id=289 t_ns=1508303397000 presented=1 clock=monotonic
K230_CARD_BENCH v=1 run=1501316649118 event=present frame_id=288 t_ns=1508265078000 presented=1 clock=monotonic
K230_CARD_BENCH v=1 run=1501316649118 event=present frame_id=287 t_ns=1508245920000 presented=1 clock=monotonic
K230_CARD_BENCH v=1 run=1501316649118 event=present frame_id=286 t_ns=1508207603000 presented=1 clock=monotonic
K230_CARD_BENCH v=1 run=1501316649118 event=present frame_id=285 t_ns=1508188445000 presented=1 clock=monotonic
K230_CARD_SHELL live cards=1 commits=116 sampled=232 frame-done=236 output-presented=117
K230_CARD_BENCH v=1 run=1501316649118 event=present frame_id=284 t_ns=1508150127000 presented=1 clock=monotonic
K230_CARD_BENCH v=1 run=1501316649118 event=present frame_id=283 t_ns=1508130969000 presented=1 clock=monotonic
K230_CARD_SHELL frame-cost run=1501316649118 frame_id=283 total_cpu_ns=15580152 render_cpu_ns=14179117 input_cpu_ns=1213776
K230_CARD_BENCH v=1 run=1501316649118 event=submit input_id=73 frame_id=283 t_ns=1508119618524 update_cpu_ns=15580152 final=1
K230_CARD_BENCH v=1 run=1501316649118 event=submit input_id=72 frame_id=283 t_ns=1508119618524 update_cpu_ns=15580152 final=0
K230_CARD_BENCH v=1 run=1501316649118 event=submit input_id=71 frame_id=283 t_ns=1508119618524 update_cpu_ns=15580152 final=0
K230_CARD_BENCH v=1 run=1501316649118 event=present frame_id=282 t_ns=1508092654000 presented=1 clock=monotonic
K230_CARD_BENCH v=1 run=1501316649118 event=input input_id=73 gesture_id=4 kind=release t_ns=1508093355952 source=injected
K230_CARD_SHELL state mode=1 actions=1 message=0 cards=1
K230_CARD_BENCH v=1 run=1501316649118 event=input input_id=72 gesture_id=4 kind=motion t_ns=1508092837836 source=injected
K230_CARD_SHELL state mode=2 actions=1 message=0 cards=1
K230_CARD_BENCH v=1 run=1501316649118 event=input input_id=71 gesture_id=4 kind=motion t_ns=1508092108304 source=injected
K230_CARD_SHELL state mode=2 actions=1 message=0 cards=1
K230_CARD_SHELL frame-cost run=1501316649118 frame_id=282 total_cpu_ns=14927159 render_cpu_ns=12433271 input_cpu_ns=2185518
K230_CARD_BENCH v=1 run=1501316649118 event=submit input_id=70 frame_id=282 t_ns=1508087723555 update_cpu_ns=14927159 final=0
K230_CARD_BENCH v=1 run=1501316649118 event=submit input_id=69 frame_id=282 t_ns=1508087723555 update_cpu_ns=14927159 final=0
K230_CARD_BENCH v=1 run=1501316649118 event=submit input_id=68 frame_id=282 t_ns=1508087723555 update_cpu_ns=14927159 final=0
K230_CARD_BENCH v=1 run=1501316649118 event=submit input_id=67 frame_id=282 t_ns=1508087723555 update_cpu_ns=14927159 final=0
K230_CARD_BENCH v=1 run=1501316649118 event=submit input_id=66 frame_id=282 t_ns=1508087723555 update_cpu_ns=14927159 final=0
K230_CARD_BENCH v=1 run=1501316649118 event=present frame_id=281 t_ns=1508073493000 presented=1 clock=monotonic
K230_CARD_BENCH v=1 run=1501316649118 event=input input_id=70 gesture_id=4 kind=motion t_ns=1508069614377 source=injected
K230_CARD_SHELL state mode=2 actions=1 message=0 cards=1
K230_CARD_BENCH v=1 run=1501316649118 event=input input_id=69 gesture_id=4 kind=motion t_ns=1508067884126 source=injected
K230_CARD_SHELL state mode=2 actions=1 message=0 cards=1
K230_CARD_BENCH v=1 run=1501316649118 event=input input_id=68 gesture_id=4 kind=motion t_ns=1508066133212 source=injected
K230_CARD_SHELL state mode=2 actions=1 message=0 cards=1
K230_CARD_BENCH v=1 run=1501316649118 event=input input_id=67 gesture_id=4 kind=motion t_ns=1508065603875 source=injected
K230_CARD_SHELL state mode=2 actions=1 message=0 cards=1
K230_CARD_BENCH v=1 run=1501316649118 event=input input_id=66 gesture_id=4 kind=motion t_ns=1508063618954 source=injected
K230_CARD_SHELL state mode=2 actions=1 message=0 cards=1
K230_CARD_BENCH v=1 run=1501316649118 event=present frame_id=280 t_ns=1508035178000 presented=1 clock=monotonic
K230_CARD_SHELL frame-cost run=1501316649118 frame_id=280 total_cpu_ns=16667020 render_cpu_ns=14113910 input_cpu_ns=2282554
K230_CARD_BENCH v=1 run=1501316649118 event=submit input_id=65 frame_id=280 t_ns=1508031874965 update_cpu_ns=16667020 final=0
K230_CARD_BENCH v=1 run=1501316649118 event=submit input_id=64 frame_id=280 t_ns=1508031874965 update_cpu_ns=16667020 final=0
K230_CARD_BENCH v=1 run=1501316649118 event=submit input_id=63 frame_id=280 t_ns=1508031874965 update_cpu_ns=16667020 final=0
K230_CARD_BENCH v=1 run=1501316649118 event=submit input_id=62 frame_id=280 t_ns=1508031874965 update_cpu_ns=16667020 final=0
K230_CARD_BENCH v=1 run=1501316649118 event=submit input_id=61 frame_id=280 t_ns=1508031874965 update_cpu_ns=16667020 final=0
K230_CARD_BENCH v=1 run=1501316649118 event=submit input_id=60 frame_id=280 t_ns=1508031874965 update_cpu_ns=16667020 final=0
K230_CARD_BENCH v=1 run=1501316649118 event=present frame_id=279 t_ns=1508016024000 presented=1 clock=monotonic
K230_CARD_BENCH v=1 run=1501316649118 event=input input_id=65 gesture_id=4 kind=motion t_ns=1508014612526 source=injected
K230_CARD_SHELL state mode=2 actions=1 message=0 cards=1
K230_CARD_BENCH v=1 run=1501316649118 event=input input_id=64 gesture_id=4 kind=motion t_ns=1508010338059 source=injected
K230_CARD_SHELL state mode=2 actions=1 message=0 cards=1
K230_CARD_BENCH v=1 run=1501316649118 event=input input_id=63 gesture_id=4 kind=motion t_ns=1508009938224 source=injected
K230_CARD_SHELL state mode=2 actions=1 message=0 cards=1
K230_CARD_BENCH v=1 run=1501316649118 event=input input_id=62 gesture_id=4 kind=motion t_ns=1508008804523 source=injected
K230_CARD_SHELL state mode=2 actions=1 message=0 cards=1
K230_CARD_BENCH v=1 run=1501316649118 event=input input_id=61 gesture_id=4 kind=motion t_ns=1508006983062 source=injected
K230_CARD_SHELL state mode=2 actions=1 message=0 cards=1
K230_CARD_BENCH v=1 run=1501316649118 event=input input_id=60 gesture_id=4 kind=motion t_ns=1508005113978 source=injected
K230_CARD_SHELL state mode=2 actions=1 message=0 cards=1
K230_CARD_BENCH v=1 run=1501316649118 event=present frame_id=278 t_ns=1507977701000 presented=1 clock=monotonic
K230_CARD_SHELL frame-cost run=1501316649118 frame_id=278 total_cpu_ns=15419131 render_cpu_ns=14166420 input_cpu_ns=1094230
K230_CARD_BENCH v=1 run=1501316649118 event=submit input_id=59 frame_id=278 t_ns=1507974172437 update_cpu_ns=15419131 final=0
K230_CARD_BENCH v=1 run=1501316649118 event=submit input_id=58 frame_id=278 t_ns=1507974172437 update_cpu_ns=15419131 final=0
K230_CARD_BENCH v=1 run=1501316649118 event=submit input_id=57 frame_id=278 t_ns=1507974172437 update_cpu_ns=15419131 final=0
K230_CARD_BENCH v=1 run=1501316649118 event=submit input_id=56 frame_id=278 t_ns=1507974172437 update_cpu_ns=15419131 final=0
K230_CARD_BENCH v=1 run=1501316649118 event=present frame_id=277 t_ns=1507958541000 presented=1 clock=monotonic
K230_CARD_BENCH v=1 run=1501316649118 event=input input_id=59 gesture_id=4 kind=motion t_ns=1507954664483 source=injected
K230_CARD_SHELL state mode=2 actions=1 message=0 cards=1
K230_CARD_BENCH v=1 run=1501316649118 event=input input_id=58 gesture_id=4 kind=motion t_ns=1507952695634 source=injected
K230_CARD_SHELL state mode=2 actions=1 message=0 cards=1
K230_CARD_BENCH v=1 run=1501316649118 event=input input_id=57 gesture_id=4 kind=motion t_ns=1507951309338 source=injected
K230_CARD_SHELL state mode=2 actions=1 message=0 cards=1
K230_CARD_BENCH v=1 run=1501316649118 event=input input_id=56 gesture_id=4 kind=motion t_ns=1507950265514 source=injected
K230_CARD_SHELL state mode=2 actions=1 message=0 cards=1
K230_CARD_SHELL frame-cost run=1501316649118 frame_id=277 total_cpu_ns=14679795 render_cpu_ns=14151052 input_cpu_ns=360779
K230_CARD_BENCH v=1 run=1501316649118 event=submit input_id=55 frame_id=277 t_ns=1507947051313 update_cpu_ns=14679795 final=0
K230_CARD_BENCH v=1 run=1501316649118 event=submit input_id=54 frame_id=277 t_ns=1507947051313 update_cpu_ns=14679795 final=0
K230_CARD_BENCH v=1 run=1501316649118 event=present frame_id=276 t_ns=1507920223000 presented=1 clock=monotonic
K230_CARD_BENCH v=1 run=1501316649118 event=input input_id=55 gesture_id=4 kind=motion t_ns=1507920497298 source=injected
K230_CARD_SHELL state mode=2 actions=1 message=0 cards=1
K230_CARD_BENCH v=1 run=1501316649118 event=input input_id=54 gesture_id=4 kind=motion t_ns=1507919006423 source=injected
K230_CARD_SHELL state mode=2 actions=1 message=0 cards=1
K230_CARD_SHELL frame-cost run=1501316649118 frame_id=276 total_cpu_ns=14449138 render_cpu_ns=14006102 input_cpu_ns=325000
K230_CARD_BENCH v=1 run=1501316649118 event=submit input_id=53 frame_id=276 t_ns=1507917336386 update_cpu_ns=14449138 final=0
K230_CARD_BENCH v=1 run=1501316649118 event=present frame_id=275 t_ns=1507901065000 presented=1 clock=monotonic
K230_CARD_BENCH v=1 run=1501316649118 event=input input_id=53 gesture_id=4 kind=motion t_ns=1507894619564 source=injected
K230_CARD_SHELL state mode=2 actions=1 message=0 cards=1
K230_CARD_SHELL state mode=2 actions=1 message=0 cards=1
K230_CARD_BENCH v=1 run=1501316649118 event=present frame_id=274 t_ns=1507862746000 presented=1 clock=monotonic
K230_CARD_BENCH v=1 run=1501316649118 event=present frame_id=273 t_ns=1507843588000 presented=1 clock=monotonic
K230_CARD_BENCH v=1 run=1501316649118 event=present frame_id=272 t_ns=1507805270000 presented=1 clock=monotonic
K230_CARD_BENCH v=1 run=1501316649118 event=present frame_id=271 t_ns=1507786113000 presented=1 clock=monotonic
K230_CARD_BENCH v=1 run=1501316649118 event=present frame_id=270 t_ns=1507747795000 presented=1 clock=monotonic
K230_CARD_BENCH v=1 run=1501316649118 event=present frame_id=269 t_ns=1507728636000 presented=1 clock=monotonic
K230_CARD_BENCH v=1 run=1501316649118 event=present frame_id=268 t_ns=1507690319000 presented=1 clock=monotonic
K230_CARD_BENCH v=1 run=1501316649118 event=present frame_id=267 t_ns=1507671160000 presented=1 clock=monotonic
K230_CARD_BENCH v=1 run=1501316649118 event=present frame_id=266 t_ns=1507632843000 presented=1 clock=monotonic
K230_CARD_BENCH v=1 run=1501316649118 event=present frame_id=265 t_ns=1507613684000 presented=1 clock=monotonic
K230_CARD_BENCH v=1 run=1501316649118 event=present frame_id=264 t_ns=1507575369000 presented=1 clock=monotonic
K230_CARD_SHELL frame-cost run=1501316649118 frame_id=264 total_cpu_ns=16250358 render_cpu_ns=14210840 input_cpu_ns=1862887
K230_CARD_BENCH v=1 run=1501316649118 event=submit input_id=52 frame_id=264 t_ns=1507573017158 update_cpu_ns=16250358 final=1
K230_CARD_BENCH v=1 run=1501316649118 event=submit input_id=51 frame_id=264 t_ns=1507573017158 update_cpu_ns=16250358 final=0
K230_CARD_BENCH v=1 run=1501316649118 event=submit input_id=50 frame_id=264 t_ns=1507573017158 update_cpu_ns=16250358 final=0
K230_CARD_BENCH v=1 run=1501316649118 event=submit input_id=49 frame_id=264 t_ns=1507573017158 update_cpu_ns=16250358 final=0
K230_CARD_BENCH v=1 run=1501316649118 event=submit input_id=48 frame_id=264 t_ns=1507573017158 update_cpu_ns=16250358 final=0
K230_CARD_BENCH v=1 run=1501316649118 event=present frame_id=263 t_ns=1507556211000 presented=1 clock=monotonic
K230_CARD_BENCH v=1 run=1501316649118 event=input input_id=52 gesture_id=3 kind=release t_ns=1507555908409 source=injected
K230_CARD_SHELL state mode=1 actions=1 message=0 cards=1
K230_CARD_BENCH v=1 run=1501316649118 event=input input_id=51 gesture_id=3 kind=motion t_ns=1507554273553 source=injected
K230_CARD_SHELL state mode=2 actions=1 message=0 cards=1
K230_CARD_BENCH v=1 run=1501316649118 event=input input_id=50 gesture_id=3 kind=motion t_ns=1507549242374 source=injected
K230_CARD_SHELL state mode=2 actions=1 message=0 cards=1
K230_CARD_BENCH v=1 run=1501316649118 event=input input_id=49 gesture_id=3 kind=motion t_ns=1507548783399 source=injected
K230_CARD_SHELL state mode=2 actions=1 message=0 cards=1
K230_CARD_BENCH v=1 run=1501316649118 event=input input_id=48 gesture_id=3 kind=motion t_ns=1507546896910 source=injected
K230_CARD_SHELL state mode=2 actions=1 message=0 cards=1
K230_CARD_SHELL frame-cost run=1501316649118 frame_id=263 total_cpu_ns=13672000 render_cpu_ns=12942889 input_cpu_ns=560000
K230_CARD_BENCH v=1 run=1501316649118 event=submit input_id=47 frame_id=263 t_ns=1507543269062 update_cpu_ns=13672000 final=0
K230_CARD_BENCH v=1 run=1501316649118 event=submit input_id=46 frame_id=263 t_ns=1507543269062 update_cpu_ns=13672000 final=0
K230_CARD_BENCH v=1 run=1501316649118 event=present frame_id=262 t_ns=1507517891000 presented=1 clock=monotonic
K230_CARD_BENCH v=1 run=1501316649118 event=input input_id=47 gesture_id=3 kind=motion t_ns=1507516832523 source=injected
K230_CARD_SHELL state mode=2 actions=1 message=0 cards=1
K230_CARD_BENCH v=1 run=1501316649118 event=input input_id=46 gesture_id=3 kind=motion t_ns=1507516414356 source=injected
K230_CARD_SHELL state mode=2 actions=1 message=0 cards=1
K230_CARD_SHELL frame-cost run=1501316649118 frame_id=262 total_cpu_ns=14994319 render_cpu_ns=13614319 input_cpu_ns=1171370
K230_CARD_BENCH v=1 run=1501316649118 event=submit input_id=45 frame_id=262 t_ns=1507514447730 update_cpu_ns=14994319 final=0
K230_CARD_BENCH v=1 run=1501316649118 event=submit input_id=44 frame_id=262 t_ns=1507514447730 update_cpu_ns=14994319 final=0
K230_CARD_BENCH v=1 run=1501316649118 event=submit input_id=43 frame_id=262 t_ns=1507514447730 update_cpu_ns=14994319 final=0
K230_CARD_BENCH v=1 run=1501316649118 event=submit input_id=42 frame_id=262 t_ns=1507514447730 update_cpu_ns=14994319 final=0
K230_CARD_BENCH v=1 run=1501316649118 event=present frame_id=261 t_ns=1507498732000 presented=1 clock=monotonic
K230_CARD_BENCH v=1 run=1501316649118 event=input input_id=45 gesture_id=3 kind=motion t_ns=1507494301832 source=injected
K230_CARD_SHELL state mode=2 actions=1 message=0 cards=1
K230_CARD_BENCH v=1 run=1501316649118 event=input input_id=44 gesture_id=3 kind=motion t_ns=1507490940244 source=injected
K230_CARD_SHELL state mode=2 actions=1 message=0 cards=1
K230_CARD_BENCH v=1 run=1501316649118 event=input input_id=43 gesture_id=3 kind=motion t_ns=1507490511375 source=injected
K230_CARD_SHELL state mode=2 actions=1 message=0 cards=1
K230_CARD_BENCH v=1 run=1501316649118 event=input input_id=42 gesture_id=3 kind=motion t_ns=1507488852005 source=injected
K230_CARD_SHELL state mode=2 actions=1 message=0 cards=1
K230_CARD_SHELL frame-cost run=1501316649118 frame_id=261 total_cpu_ns=14733090 render_cpu_ns=14027607 input_cpu_ns=510372
K230_CARD_BENCH v=1 run=1501316649118 event=submit input_id=41 frame_id=261 t_ns=1507488100846 update_cpu_ns=14733090 final=0
K230_CARD_BENCH v=1 run=1501316649118 event=submit input_id=40 frame_id=261 t_ns=1507488100846 update_cpu_ns=14733090 final=0
K230_CARD_BENCH v=1 run=1501316649118 event=present frame_id=260 t_ns=1507460415000 presented=1 clock=monotonic
K230_CARD_BENCH v=1 run=1501316649118 event=input input_id=41 gesture_id=3 kind=motion t_ns=1507464405311 source=injected
K230_CARD_SHELL state mode=2 actions=1 message=0 cards=1
K230_CARD_BENCH v=1 run=1501316649118 event=input input_id=40 gesture_id=3 kind=motion t_ns=1507463937484 source=injected
K230_CARD_SHELL state mode=2 actions=1 message=0 cards=1
K230_CARD_SHELL frame-cost run=1501316649118 frame_id=260 total_cpu_ns=16193118 render_cpu_ns=14266637 input_cpu_ns=1713742
K230_CARD_BENCH v=1 run=1501316649118 event=submit input_id=39 frame_id=260 t_ns=1507457490902 update_cpu_ns=16193118 final=0
K230_CARD_BENCH v=1 run=1501316649118 event=submit input_id=38 frame_id=260 t_ns=1507457490902 update_cpu_ns=16193118 final=0
K230_CARD_BENCH v=1 run=1501316649118 event=submit input_id=37 frame_id=260 t_ns=1507457490902 update_cpu_ns=16193118 final=0
K230_CARD_BENCH v=1 run=1501316649118 event=submit input_id=36 frame_id=260 t_ns=1507457490902 update_cpu_ns=16193118 final=0
K230_CARD_BENCH v=1 run=1501316649118 event=submit input_id=35 frame_id=260 t_ns=1507457490902 update_cpu_ns=16193118 final=0
K230_CARD_BENCH v=1 run=1501316649118 event=submit input_id=34 frame_id=260 t_ns=1507457490902 update_cpu_ns=16193118 final=0
K230_CARD_BENCH v=1 run=1501316649118 event=present frame_id=259 t_ns=1507441256000 presented=1 clock=monotonic
K230_CARD_BENCH v=1 run=1501316649118 event=input input_id=39 gesture_id=3 kind=motion t_ns=1507437334819 source=injected
K230_CARD_SHELL state mode=2 actions=1 message=0 cards=1
K230_CARD_BENCH v=1 run=1501316649118 event=input input_id=38 gesture_id=3 kind=motion t_ns=1507435865423 source=injected
K230_CARD_SHELL state mode=2 actions=1 message=0 cards=1
K230_CARD_BENCH v=1 run=1501316649118 event=input input_id=37 gesture_id=3 kind=motion t_ns=1507435570796 source=injected
K230_CARD_SHELL state mode=2 actions=1 message=0 cards=1
K230_CARD_BENCH v=1 run=1501316649118 event=input input_id=36 gesture_id=3 kind=motion t_ns=1507433816216 source=injected
K230_CARD_SHELL state mode=2 actions=1 message=0 cards=1
K230_CARD_BENCH v=1 run=1501316649118 event=input input_id=35 gesture_id=3 kind=motion t_ns=1507431926357 source=injected
K230_CARD_SHELL state mode=2 actions=1 message=0 cards=1
K230_CARD_BENCH v=1 run=1501316649118 event=input input_id=34 gesture_id=3 kind=motion t_ns=1507430098379 source=injected
K230_CARD_SHELL state mode=2 actions=1 message=0 cards=1
K230_CARD_BENCH v=1 run=1501316649118 event=present frame_id=258 t_ns=1507402940000 presented=1 clock=monotonic
K230_CARD_SHELL frame-cost run=1501316649118 frame_id=258 total_cpu_ns=15356951 render_cpu_ns=14273732 input_cpu_ns=275147
K230_CARD_BENCH v=1 run=1501316649118 event=submit input_id=33 frame_id=258 t_ns=1507400216301 update_cpu_ns=15356951 final=0
K230_CARD_BENCH v=1 run=1501316649118 event=submit input_id=32 frame_id=258 t_ns=1507400216301 update_cpu_ns=15356951 final=0
K230_CARD_BENCH v=1 run=1501316649118 event=present frame_id=257 t_ns=1507383781000 presented=1 clock=monotonic
K230_CARD_BENCH v=1 run=1501316649118 event=input input_id=33 gesture_id=3 kind=motion t_ns=1507374365461 source=injected
K230_CARD_SHELL state mode=2 actions=1 message=0 cards=1
K230_CARD_BENCH v=1 run=1501316649118 event=input input_id=32 gesture_id=3 kind=motion t_ns=1507372864662 source=injected
K230_CARD_SHELL state mode=2 actions=1 message=0 cards=1
K230_CARD_SHELL state mode=2 actions=1 message=0 cards=1
K230_CARD_BENCH v=1 run=1501316649118 event=resource phase=active t_ns=1507368710254 cpu_ns=7008079000 memory_bytes=19681280 scope=session
K230_CARD_BENCH v=1 run=1501316649118 event=resource phase=active t_ns=1507368710254 cpu_ns=3262666533 memory_bytes=27570176 scope=compositor
K230_CARD_BENCH v=1 run=1501316649118 event=present frame_id=256 t_ns=1507345463000 presented=1 clock=monotonic
K230_CARD_BENCH v=1 run=1501316649118 event=present frame_id=255 t_ns=1507307144000 presented=1 clock=monotonic
K230_CARD_BENCH v=1 run=1501316649118 event=present frame_id=254 t_ns=1507287987000 presented=1 clock=monotonic
K230_CARD_BENCH v=1 run=1501316649118 event=present frame_id=253 t_ns=1507249668000 presented=1 clock=monotonic
K230_CARD_BENCH v=1 run=1501316649118 event=present frame_id=252 t_ns=1507230511000 presented=1 clock=monotonic
K230_CARD_BENCH v=1 run=1501316649118 event=present frame_id=251 t_ns=1507192193000 presented=1 clock=monotonic
K230_CARD_BENCH v=1 run=1501316649118 event=present frame_id=250 t_ns=1507173035000 presented=1 clock=monotonic
K230_CARD_BENCH v=1 run=1501316649118 event=present frame_id=249 t_ns=1507134717000 presented=1 clock=monotonic
K230_CARD_BENCH v=1 run=1501316649118 event=present frame_id=248 t_ns=1507115559000 presented=1 clock=monotonic
K230_CARD_BENCH v=1 run=1501316649118 event=present frame_id=247 t_ns=1507077242000 presented=1 clock=monotonic
K230_CARD_SHELL frame-cost run=1501316649118 frame_id=247 total_cpu_ns=15367852 render_cpu_ns=14357446 input_cpu_ns=795000
K230_CARD_BENCH v=1 run=1501316649118 event=submit input_id=31 frame_id=247 t_ns=1507073716699 update_cpu_ns=15367852 final=1
K230_CARD_BENCH v=1 run=1501316649118 event=submit input_id=30 frame_id=247 t_ns=1507073716699 update_cpu_ns=15367852 final=0
K230_CARD_BENCH v=1 run=1501316649118 event=present frame_id=246 t_ns=1507058083000 presented=1 clock=monotonic
K230_CARD_BENCH v=1 run=1501316649118 event=input input_id=31 gesture_id=2 kind=release t_ns=1507049856963 source=injected
K230_CARD_SHELL state mode=1 actions=1 message=0 cards=1
K230_CARD_BENCH v=1 run=1501316649118 event=input input_id=30 gesture_id=2 kind=motion t_ns=1507049303149 source=injected
K230_CARD_SHELL state mode=2 actions=1 message=0 cards=1
K230_CARD_SHELL frame-cost run=1501316649118 frame_id=246 total_cpu_ns=12942319 render_cpu_ns=11864467 input_cpu_ns=932222
K230_CARD_BENCH v=1 run=1501316649118 event=submit input_id=29 frame_id=246 t_ns=1507047460136 update_cpu_ns=12942319 final=0
K230_CARD_BENCH v=1 run=1501316649118 event=submit input_id=28 frame_id=246 t_ns=1507047460136 update_cpu_ns=12942319 final=0
K230_CARD_BENCH v=1 run=1501316649118 event=present frame_id=245 t_ns=1507019768000 presented=1 clock=monotonic
K230_CARD_BENCH v=1 run=1501316649118 event=input input_id=29 gesture_id=2 kind=motion t_ns=1507024634929 source=injected
K230_CARD_SHELL state mode=2 actions=1 message=0 cards=1
K230_CARD_BENCH v=1 run=1501316649118 event=input input_id=28 gesture_id=2 kind=motion t_ns=1507019657224 source=injected
K230_CARD_SHELL state mode=2 actions=1 message=0 cards=1
K230_CARD_SHELL frame-cost run=1501316649118 frame_id=245 total_cpu_ns=15654619 render_cpu_ns=12852290 input_cpu_ns=2502142
K230_CARD_BENCH v=1 run=1501316649118 event=submit input_id=27 frame_id=245 t_ns=1507015271736 update_cpu_ns=15654619 final=0
K230_CARD_BENCH v=1 run=1501316649118 event=submit input_id=26 frame_id=245 t_ns=1507015271736 update_cpu_ns=15654619 final=0
K230_CARD_BENCH v=1 run=1501316649118 event=submit input_id=25 frame_id=245 t_ns=1507015271736 update_cpu_ns=15654619 final=0
K230_CARD_BENCH v=1 run=1501316649118 event=submit input_id=24 frame_id=245 t_ns=1507015271736 update_cpu_ns=15654619 final=0
K230_CARD_BENCH v=1 run=1501316649118 event=submit input_id=23 frame_id=245 t_ns=1507015271736 update_cpu_ns=15654619 final=0
K230_CARD_BENCH v=1 run=1501316649118 event=submit input_id=22 frame_id=245 t_ns=1507015271736 update_cpu_ns=15654619 final=0
K230_CARD_BENCH v=1 run=1501316649118 event=present frame_id=244 t_ns=1507000607000 presented=1 clock=monotonic
K230_CARD_BENCH v=1 run=1501316649118 event=input input_id=27 gesture_id=2 kind=motion t_ns=1506996599307 source=injected
K230_CARD_SHELL state mode=2 actions=1 message=0 cards=1
K230_CARD_BENCH v=1 run=1501316649118 event=input input_id=26 gesture_id=2 kind=motion t_ns=1506994473776 source=injected
K230_CARD_SHELL state mode=2 actions=1 message=0 cards=1
K230_CARD_BENCH v=1 run=1501316649118 event=input input_id=25 gesture_id=2 kind=motion t_ns=1506993931849 source=injected
K230_CARD_SHELL state mode=2 actions=1 message=0 cards=1
K230_CARD_BENCH v=1 run=1501316649118 event=input input_id=24 gesture_id=2 kind=motion t_ns=1506992702791 source=injected
K230_CARD_SHELL state mode=2 actions=1 message=0 cards=1
K230_CARD_BENCH v=1 run=1501316649118 event=input input_id=23 gesture_id=2 kind=motion t_ns=1506991874309 source=injected
K230_CARD_SHELL state mode=2 actions=1 message=0 cards=1
K230_CARD_BENCH v=1 run=1501316649118 event=input input_id=22 gesture_id=2 kind=motion t_ns=1506989946678 source=injected
K230_CARD_SHELL state mode=2 actions=1 message=0 cards=1
K230_CARD_BENCH v=1 run=1501316649118 event=present frame_id=243 t_ns=1506962292000 presented=1 clock=monotonic
K230_CARD_SHELL frame-cost run=1501316649118 frame_id=243 total_cpu_ns=15739909 render_cpu_ns=14466760 input_cpu_ns=1008334
K230_CARD_BENCH v=1 run=1501316649118 event=submit input_id=21 frame_id=243 t_ns=1506960521872 update_cpu_ns=15739909 final=0
K230_CARD_BENCH v=1 run=1501316649118 event=submit input_id=20 frame_id=243 t_ns=1506960521872 update_cpu_ns=15739909 final=0
K230_CARD_BENCH v=1 run=1501316649118 event=submit input_id=19 frame_id=243 t_ns=1506960521872 update_cpu_ns=15739909 final=0
K230_CARD_BENCH v=1 run=1501316649118 event=present frame_id=242 t_ns=1506943131000 presented=1 clock=monotonic
K230_CARD_BENCH v=1 run=1501316649118 event=input input_id=21 gesture_id=2 kind=motion t_ns=1506937005053 source=injected
K230_CARD_SHELL state mode=2 actions=1 message=0 cards=1
K230_CARD_BENCH v=1 run=1501316649118 event=input input_id=20 gesture_id=2 kind=motion t_ns=1506935355940 source=injected
K230_CARD_SHELL state mode=2 actions=1 message=0 cards=1
K230_CARD_BENCH v=1 run=1501316649118 event=input input_id=19 gesture_id=2 kind=motion t_ns=1506933541739 source=injected
K230_CARD_SHELL state mode=2 actions=1 message=0 cards=1
K230_CARD_SHELL frame-cost run=1501316649118 frame_id=242 total_cpu_ns=14826156 render_cpu_ns=14123526 input_cpu_ns=511074
K230_CARD_BENCH v=1 run=1501316649118 event=submit input_id=18 frame_id=242 t_ns=1506932788543 update_cpu_ns=14826156 final=0
K230_CARD_BENCH v=1 run=1501316649118 event=submit input_id=17 frame_id=242 t_ns=1506932788543 update_cpu_ns=14826156 final=0
K230_CARD_BENCH v=1 run=1501316649118 event=present frame_id=241 t_ns=1506904816000 presented=1 clock=monotonic
K230_CARD_BENCH v=1 run=1501316649118 event=input input_id=18 gesture_id=2 kind=motion t_ns=1506908868223 source=injected
K230_CARD_SHELL state mode=2 actions=1 message=0 cards=1
K230_CARD_BENCH v=1 run=1501316649118 event=input input_id=17 gesture_id=2 kind=motion t_ns=1506908485311 source=injected
K230_CARD_SHELL state mode=2 actions=1 message=0 cards=1
K230_CARD_SHELL frame-cost run=1501316649118 frame_id=241 total_cpu_ns=16082687 render_cpu_ns=14210871 input_cpu_ns=1631297
K230_CARD_BENCH v=1 run=1501316649118 event=submit input_id=16 frame_id=241 t_ns=1506902068984 update_cpu_ns=16082687 final=0
K230_CARD_BENCH v=1 run=1501316649118 event=submit input_id=15 frame_id=241 t_ns=1506902068984 update_cpu_ns=16082687 final=0
K230_CARD_BENCH v=1 run=1501316649118 event=submit input_id=14 frame_id=241 t_ns=1506902068984 update_cpu_ns=16082687 final=0
K230_CARD_BENCH v=1 run=1501316649118 event=submit input_id=13 frame_id=241 t_ns=1506902068984 update_cpu_ns=16082687 final=0
K230_CARD_BENCH v=1 run=1501316649118 event=submit input_id=12 frame_id=241 t_ns=1506902068984 update_cpu_ns=16082687 final=0
K230_CARD_BENCH v=1 run=1501316649118 event=submit input_id=11 frame_id=241 t_ns=1506902068984 update_cpu_ns=16082687 final=0
K230_CARD_BENCH v=1 run=1501316649118 event=present frame_id=240 t_ns=1506885656000 presented=1 clock=monotonic
K230_CARD_BENCH v=1 run=1501316649118 event=input input_id=16 gesture_id=2 kind=motion t_ns=1506885199388 source=injected
K230_CARD_SHELL state mode=2 actions=1 message=0 cards=1
K230_CARD_BENCH v=1 run=1501316649118 event=input input_id=15 gesture_id=2 kind=motion t_ns=1506876790179 source=injected
K230_CARD_SHELL state mode=2 actions=1 message=0 cards=1
K230_CARD_BENCH v=1 run=1501316649118 event=input input_id=14 gesture_id=2 kind=motion t_ns=1506876280803 source=injected
K230_CARD_SHELL state mode=2 actions=1 message=0 cards=1
K230_CARD_BENCH v=1 run=1501316649118 event=input input_id=13 gesture_id=2 kind=motion t_ns=1506874794186 source=injected
K230_CARD_SHELL state mode=2 actions=1 message=0 cards=1
K230_CARD_BENCH v=1 run=1501316649118 event=input input_id=12 gesture_id=2 kind=motion t_ns=1506873134631 source=injected
K230_CARD_SHELL state mode=2 actions=1 message=0 cards=1
K230_CARD_BENCH v=1 run=1501316649118 event=input input_id=11 gesture_id=2 kind=motion t_ns=1506871267547 source=injected
K230_CARD_SHELL state mode=2 actions=1 message=0 cards=1
K230_CARD_BENCH v=1 run=1501316649118 event=present frame_id=239 t_ns=1506847337000 presented=1 clock=monotonic
K230_CARD_BENCH v=1 run=1501316649118 event=present frame_id=238 t_ns=1506828180000 presented=1 clock=monotonic
K230_CARD_SHELL state mode=2 actions=1 message=0 cards=1
K230_CARD_BENCH v=1 run=1501316649118 event=present frame_id=237 t_ns=1506789862000 presented=1 clock=monotonic
K230_CARD_BENCH v=1 run=1501316649118 event=present frame_id=236 t_ns=1506770703000 presented=1 clock=monotonic
K230_CARD_BENCH v=1 run=1501316649118 event=present frame_id=235 t_ns=1506751543000 presented=1 clock=monotonic
K230_CARD_BENCH v=1 run=1501316649118 event=present frame_id=234 t_ns=1506713227000 presented=1 clock=monotonic
K230_CARD_BENCH v=1 run=1501316649118 event=present frame_id=233 t_ns=1506674911000 presented=1 clock=monotonic
K230_CARD_BENCH v=1 run=1501316649118 event=present frame_id=232 t_ns=1506655751000 presented=1 clock=monotonic
K230_CARD_BENCH v=1 run=1501316649118 event=present frame_id=231 t_ns=1506617433000 presented=1 clock=monotonic
K230_CARD_BENCH v=1 run=1501316649118 event=present frame_id=230 t_ns=1506579117000 presented=1 clock=monotonic
K230_CARD_BENCH v=1 run=1501316649118 event=present frame_id=229 t_ns=1506521641000 presented=1 clock=monotonic
K230_CARD_BENCH v=1 run=1501316649118 event=present frame_id=228 t_ns=1506483324000 presented=1 clock=monotonic
K230_CARD_BENCH v=1 run=1501316649118 event=present frame_id=227 t_ns=1506425848000 presented=1 clock=monotonic
K230_CARD_BENCH v=1 run=1501316649118 event=present frame_id=226 t_ns=1506406689000 presented=1 clock=monotonic
K230_CARD_SHELL live cards=1 commits=60 sampled=118 frame-done=118 output-presented=58
K230_CARD_BENCH v=1 run=1501316649118 event=present frame_id=225 t_ns=1506349214000 presented=1 clock=monotonic
K230_CARD_BENCH v=1 run=1501316649118 event=resource phase=active t_ns=1506348182248 cpu_ns=6393044000 memory_bytes=19652608 scope=session
K230_CARD_BENCH v=1 run=1501316649118 event=resource phase=active t_ns=1506348182248 cpu_ns=2796034090 memory_bytes=27525120 scope=compositor
K230_CARD_BENCH v=1 run=1501316649118 event=present frame_id=224 t_ns=1506330054000 presented=1 clock=monotonic
K230_CARD_BENCH v=1 run=1501316649118 event=present frame_id=223 t_ns=1506291735000 presented=1 clock=monotonic
K230_CARD_BENCH v=1 run=1501316649118 event=present frame_id=222 t_ns=1506272578000 presented=1 clock=monotonic
K230_CARD_BENCH v=1 run=1501316649118 event=present frame_id=221 t_ns=1506234260000 presented=1 clock=monotonic
K230_CARD_BENCH v=1 run=1501316649118 event=present frame_id=220 t_ns=1506215102000 presented=1 clock=monotonic
K230_CARD_BENCH v=1 run=1501316649118 event=present frame_id=219 t_ns=1506176785000 presented=1 clock=monotonic
K230_CARD_BENCH v=1 run=1501316649118 event=present frame_id=218 t_ns=1506157626000 presented=1 clock=monotonic
K230_CARD_BENCH v=1 run=1501316649118 event=present frame_id=217 t_ns=1506119307000 presented=1 clock=monotonic
K230_CARD_BENCH v=1 run=1501316649118 event=present frame_id=216 t_ns=1506100150000 presented=1 clock=monotonic
K230_CARD_BENCH v=1 run=1501316649118 event=present frame_id=215 t_ns=1506061832000 presented=1 clock=monotonic
K230_CARD_BENCH v=1 run=1501316649118 event=present frame_id=214 t_ns=1506042674000 presented=1 clock=monotonic
K230_CARD_BENCH v=1 run=1501316649118 event=present frame_id=213 t_ns=1506004355000 presented=1 clock=monotonic
K230_CARD_BENCH v=1 run=1501316649118 event=present frame_id=212 t_ns=1505985198000 presented=1 clock=monotonic
K230_CARD_BENCH v=1 run=1501316649118 event=present frame_id=211 t_ns=1505946879000 presented=1 clock=monotonic
K230_CARD_BENCH v=1 run=1501316649118 event=present frame_id=210 t_ns=1505927722000 presented=1 clock=monotonic
K230_CARD_BENCH v=1 run=1501316649118 event=present frame_id=209 t_ns=1505889404000 presented=1 clock=monotonic
K230_CARD_BENCH v=1 run=1501316649118 event=present frame_id=208 t_ns=1505870246000 presented=1 clock=monotonic
K230_CARD_BENCH v=1 run=1501316649118 event=present frame_id=207 t_ns=1505831927000 presented=1 clock=monotonic
K230_CARD_BENCH v=1 run=1501316649118 event=present frame_id=206 t_ns=1505812770000 presented=1 clock=monotonic
K230_CARD_BENCH v=1 run=1501316649118 event=present frame_id=205 t_ns=1505774453000 presented=1 clock=monotonic
K230_CARD_BENCH v=1 run=1501316649118 event=present frame_id=204 t_ns=1505755293000 presented=1 clock=monotonic
K230_CARD_BENCH v=1 run=1501316649118 event=present frame_id=203 t_ns=1505716977000 presented=1 clock=monotonic
K230_CARD_BENCH v=1 run=1501316649118 event=present frame_id=202 t_ns=1505697818000 presented=1 clock=monotonic
K230_CARD_BENCH v=1 run=1501316649118 event=present frame_id=201 t_ns=1505659499000 presented=1 clock=monotonic
K230_CARD_BENCH v=1 run=1501316649118 event=present frame_id=200 t_ns=1505640342000 presented=1 clock=monotonic
K230_CARD_BENCH v=1 run=1501316649118 event=present frame_id=199 t_ns=1505602025000 presented=1 clock=monotonic
K230_CARD_BENCH v=1 run=1501316649118 event=present frame_id=198 t_ns=1505582866000 presented=1 clock=monotonic
K230_CARD_BENCH v=1 run=1501316649118 event=present frame_id=197 t_ns=1505544548000 presented=1 clock=monotonic
K230_CARD_BENCH v=1 run=1501316649118 event=present frame_id=196 t_ns=1505525390000 presented=1 clock=monotonic
K230_CARD_BENCH v=1 run=1501316649118 event=present frame_id=195 t_ns=1505487071000 presented=1 clock=monotonic
K230_CARD_BENCH v=1 run=1501316649118 event=present frame_id=194 t_ns=1505467915000 presented=1 clock=monotonic
K230_CARD_BENCH v=1 run=1501316649118 event=present frame_id=193 t_ns=1505429596000 presented=1 clock=monotonic
K230_CARD_BENCH v=1 run=1501316649118 event=present frame_id=192 t_ns=1505410438000 presented=1 clock=monotonic
K230_CARD_BENCH v=1 run=1501316649118 event=present frame_id=191 t_ns=1505372122000 presented=1 clock=monotonic
K230_CARD_BENCH v=1 run=1501316649118 event=present frame_id=190 t_ns=1505352962000 presented=1 clock=monotonic
K230_CARD_BENCH v=1 run=1501316649118 event=resource phase=active t_ns=1505341090488 cpu_ns=5707770000 memory_bytes=19652608 scope=session
K230_CARD_BENCH v=1 run=1501316649118 event=resource phase=active t_ns=1505341090488 cpu_ns=2278660054 memory_bytes=27525120 scope=compositor
K230_CARD_BENCH v=1 run=1501316649118 event=present frame_id=189 t_ns=1505314645000 presented=1 clock=monotonic
K230_CARD_BENCH v=1 run=1501316649118 event=present frame_id=188 t_ns=1505295486000 presented=1 clock=monotonic
K230_CARD_BENCH v=1 run=1501316649118 event=present frame_id=187 t_ns=1505257169000 presented=1 clock=monotonic
K230_CARD_BENCH v=1 run=1501316649118 event=present frame_id=186 t_ns=1505238010000 presented=1 clock=monotonic
K230_CARD_BENCH v=1 run=1501316649118 event=present frame_id=185 t_ns=1505199691000 presented=1 clock=monotonic
K230_CARD_BENCH v=1 run=1501316649118 event=present frame_id=184 t_ns=1505180534000 presented=1 clock=monotonic
K230_CARD_BENCH v=1 run=1501316649118 event=present frame_id=183 t_ns=1505142216000 presented=1 clock=monotonic
K230_CARD_BENCH v=1 run=1501316649118 event=present frame_id=182 t_ns=1505123059000 presented=1 clock=monotonic
K230_CARD_BENCH v=1 run=1501316649118 event=present frame_id=181 t_ns=1505084741000 presented=1 clock=monotonic
K230_CARD_BENCH v=1 run=1501316649118 event=present frame_id=180 t_ns=1505065582000 presented=1 clock=monotonic
K230_CARD_BENCH v=1 run=1501316649118 event=present frame_id=179 t_ns=1505027264000 presented=1 clock=monotonic
K230_CARD_BENCH v=1 run=1501316649118 event=present frame_id=178 t_ns=1505008106000 presented=1 clock=monotonic
K230_CARD_BENCH v=1 run=1501316649118 event=present frame_id=177 t_ns=1504969788000 presented=1 clock=monotonic
K230_CARD_BENCH v=1 run=1501316649118 event=present frame_id=176 t_ns=1504950630000 presented=1 clock=monotonic
K230_CARD_BENCH v=1 run=1501316649118 event=present frame_id=175 t_ns=1504912312000 presented=1 clock=monotonic
K230_CARD_BENCH v=1 run=1501316649118 event=present frame_id=174 t_ns=1504893154000 presented=1 clock=monotonic
K230_CARD_BENCH v=1 run=1501316649118 event=present frame_id=173 t_ns=1504854836000 presented=1 clock=monotonic
K230_CARD_BENCH v=1 run=1501316649118 event=present frame_id=172 t_ns=1504835678000 presented=1 clock=monotonic
K230_CARD_BENCH v=1 run=1501316649118 event=present frame_id=171 t_ns=1504797361000 presented=1 clock=monotonic
K230_CARD_SHELL frame-cost run=1501316649118 frame_id=171 total_cpu_ns=14284198 render_cpu_ns=14095866 input_cpu_ns=14111
K230_CARD_BENCH v=1 run=1501316649118 event=submit input_id=10 frame_id=171 t_ns=1504793673648 update_cpu_ns=14284198 final=1
K230_CARD_BENCH v=1 run=1501316649118 event=submit input_id=9 frame_id=171 t_ns=1504793673648 update_cpu_ns=14284198 final=0
K230_CARD_BENCH v=1 run=1501316649118 event=submit input_id=8 frame_id=171 t_ns=1504793673648 update_cpu_ns=14284198 final=0
K230_CARD_BENCH v=1 run=1501316649118 event=present frame_id=170 t_ns=1504778202000 presented=1 clock=monotonic
K230_CARD_BENCH v=1 run=1501316649118 event=input input_id=10 gesture_id=1 kind=release t_ns=1504772268052 source=injected
K230_CARD_BENCH v=1 run=1501316649118 event=input input_id=9 gesture_id=1 kind=motion t_ns=1504771285333 source=injected
K230_CARD_BENCH v=1 run=1501316649118 event=input input_id=8 gesture_id=1 kind=motion t_ns=1504770105936 source=injected
K230_CARD_BENCH v=1 run=1501316649118 event=present frame_id=169 t_ns=1504739888000 presented=1 clock=monotonic
K230_CARD_SHELL frame-cost run=1501316649118 frame_id=169 total_cpu_ns=15718517 render_cpu_ns=15501628 input_cpu_ns=28776
K230_CARD_BENCH v=1 run=1501316649118 event=submit input_id=7 frame_id=169 t_ns=1504738170427 update_cpu_ns=15718517 final=0
K230_CARD_BENCH v=1 run=1501316649118 event=submit input_id=6 frame_id=169 t_ns=1504738170427 update_cpu_ns=15718517 final=0
K230_CARD_BENCH v=1 run=1501316649118 event=submit input_id=5 frame_id=169 t_ns=1504738170427 update_cpu_ns=15718517 final=0
K230_CARD_BENCH v=1 run=1501316649118 event=submit input_id=4 frame_id=169 t_ns=1504738170427 update_cpu_ns=15718517 final=0
K230_CARD_BENCH v=1 run=1501316649118 event=submit input_id=3 frame_id=169 t_ns=1504738170427 update_cpu_ns=15718517 final=0
K230_CARD_BENCH v=1 run=1501316649118 event=submit input_id=2 frame_id=169 t_ns=1504738170427 update_cpu_ns=15718517 final=0
K230_CARD_BENCH v=1 run=1501316649118 event=present frame_id=168 t_ns=1504720727000 presented=1 clock=monotonic
K230_CARD_BENCH v=1 run=1501316649118 event=input input_id=7 gesture_id=1 kind=motion t_ns=1504718757045 source=injected
K230_CARD_BENCH v=1 run=1501316649118 event=input input_id=6 gesture_id=1 kind=motion t_ns=1504718676537 source=injected
K230_CARD_BENCH v=1 run=1501316649118 event=input input_id=5 gesture_id=1 kind=motion t_ns=1504718497413 source=injected
K230_CARD_BENCH v=1 run=1501316649118 event=input input_id=4 gesture_id=1 kind=motion t_ns=1504717492586 source=injected
K230_CARD_BENCH v=1 run=1501316649118 event=input input_id=3 gesture_id=1 kind=motion t_ns=1504717425373 source=injected
K230_CARD_BENCH v=1 run=1501316649118 event=input input_id=2 gesture_id=1 kind=motion t_ns=1504717294983 source=injected
K230_CARD_SHELL frame-cost run=1501316649118 frame_id=168 total_cpu_ns=49611822 render_cpu_ns=15796175 input_cpu_ns=33680609
K230_CARD_BENCH v=1 run=1501316649118 event=submit input_id=1 frame_id=168 t_ns=1504715564327 update_cpu_ns=49611822 final=0
K230_CARD_BENCH v=1 run=1501316649118 event=input input_id=1 gesture_id=1 kind=motion t_ns=1504655153880 source=injected
K230_CARD_SHELL state mode=1 actions=35 message=0 cards=1
K230_CARD_SHELL mirror id=7 format=34325258 width=128 height=96 stride=512
K230_CARD_SHELL mirror id=7 format=34325258 width=520 height=1040 stride=2080
K230_CARD_BENCH v=1 run=1501316649118 event=session t_ns=1504655153880 clock=monotonic backend=drm renderer=pixman width=568 height=1232 output_format=RGB565 input=injected cards=1
K230_CARD_BENCH v=1 run=1501316649118 event=present frame_id=167 t_ns=1504644092000 presented=1 clock=monotonic
K230_CARD_BENCH v=1 run=1501316649118 event=present frame_id=166 t_ns=1504624934000 presented=1 clock=monotonic
K230_CARD_BENCH v=1 run=1501316649118 event=present frame_id=165 t_ns=1504605775000 presented=1 clock=monotonic
K230_CARD_BENCH v=1 run=1501316649118 event=present frame_id=164 t_ns=1504586616000 presented=1 clock=monotonic
K230_CARD_BENCH v=1 run=1501316649118 event=present frame_id=163 t_ns=1504567458000 presented=1 clock=monotonic
K230_CARD_BENCH v=1 run=1501316649118 event=present frame_id=162 t_ns=1504548299000 presented=1 clock=monotonic
K230_CARD_BENCH v=1 run=1501316649118 event=present frame_id=161 t_ns=1504509983000 presented=1 clock=monotonic
K230_CARD_BENCH v=1 run=1501316649118 event=present frame_id=160 t_ns=1504490822000 presented=1 clock=monotonic
K230_CARD_BENCH v=1 run=1501316649118 event=present frame_id=159 t_ns=1504471665000 presented=1 clock=monotonic
K230_CARD_BENCH v=1 run=1501316649118 event=present frame_id=158 t_ns=1504452505000 presented=1 clock=monotonic
K230_CARD_BENCH v=1 run=1501316649118 event=present frame_id=157 t_ns=1504433347000 presented=1 clock=monotonic
K230_CARD_BENCH v=1 run=1501316649118 event=present frame_id=156 t_ns=1504414188000 presented=1 clock=monotonic
K230_CARD_BENCH v=1 run=1501316649118 event=present frame_id=155 t_ns=1504395030000 presented=1 clock=monotonic
K230_CARD_BENCH v=1 run=1501316649118 event=present frame_id=154 t_ns=1504375871000 presented=1 clock=monotonic
K230_CARD_BENCH v=1 run=1501316649118 event=present frame_id=153 t_ns=1504337554000 presented=1 clock=monotonic
K230_CARD_BENCH v=1 run=1501316649118 event=resource phase=baseline t_ns=1504340184053 cpu_ns=4946445000 memory_bytes=19214336 scope=session
K230_CARD_BENCH v=1 run=1501316649118 event=resource phase=baseline t_ns=1504340184053 cpu_ns=1768421487 memory_bytes=27000832 scope=compositor
K230_CARD_BENCH v=1 run=1501316649118 event=present frame_id=152 t_ns=1504318395000 presented=1 clock=monotonic
K230_CARD_BENCH v=1 run=1501316649118 event=present frame_id=151 t_ns=1504299236000 presented=1 clock=monotonic
K230_CARD_BENCH v=1 run=1501316649118 event=present frame_id=150 t_ns=1504280078000 presented=1 clock=monotonic
K230_CARD_BENCH v=1 run=1501316649118 event=present frame_id=149 t_ns=1504260919000 presented=1 clock=monotonic
K230_CARD_BENCH v=1 run=1501316649118 event=present frame_id=148 t_ns=1504241761000 presented=1 clock=monotonic
K230_CARD_BENCH v=1 run=1501316649118 event=present frame_id=147 t_ns=1504222601000 presented=1 clock=monotonic
K230_CARD_BENCH v=1 run=1501316649118 event=present frame_id=146 t_ns=1504203443000 presented=1 clock=monotonic
K230_CARD_BENCH v=1 run=1501316649118 event=present frame_id=145 t_ns=1504165126000 presented=1 clock=monotonic
K230_CARD_BENCH v=1 run=1501316649118 event=present frame_id=144 t_ns=1504145968000 presented=1 clock=monotonic
K230_CARD_BENCH v=1 run=1501316649118 event=present frame_id=143 t_ns=1504126808000 presented=1 clock=monotonic
K230_CARD_BENCH v=1 run=1501316649118 event=present frame_id=142 t_ns=1504107650000 presented=1 clock=monotonic
K230_CARD_BENCH v=1 run=1501316649118 event=present frame_id=141 t_ns=1504088492000 presented=1 clock=monotonic
K230_CARD_BENCH v=1 run=1501316649118 event=present frame_id=140 t_ns=1504069332000 presented=1 clock=monotonic
K230_CARD_BENCH v=1 run=1501316649118 event=present frame_id=139 t_ns=1504050174000 presented=1 clock=monotonic
K230_CARD_BENCH v=1 run=1501316649118 event=present frame_id=138 t_ns=1504011856000 presented=1 clock=monotonic
K230_CARD_BENCH v=1 run=1501316649118 event=present frame_id=137 t_ns=1503992698000 presented=1 clock=monotonic
K230_CARD_BENCH v=1 run=1501316649118 event=present frame_id=136 t_ns=1503973539000 presented=1 clock=monotonic
K230_CARD_BENCH v=1 run=1501316649118 event=present frame_id=135 t_ns=1503954380000 presented=1 clock=monotonic
K230_CARD_BENCH v=1 run=1501316649118 event=present frame_id=134 t_ns=1503935221000 presented=1 clock=monotonic
K230_CARD_BENCH v=1 run=1501316649118 event=present frame_id=133 t_ns=1503916064000 presented=1 clock=monotonic
K230_CARD_BENCH v=1 run=1501316649118 event=present frame_id=132 t_ns=1503877746000 presented=1 clock=monotonic
K230_CARD_BENCH v=1 run=1501316649118 event=present frame_id=131 t_ns=1503858587000 presented=1 clock=monotonic
K230_CARD_BENCH v=1 run=1501316649118 event=present frame_id=130 t_ns=1503839428000 presented=1 clock=monotonic
K230_CARD_BENCH v=1 run=1501316649118 event=present frame_id=129 t_ns=1503820271000 presented=1 clock=monotonic
K230_CARD_BENCH v=1 run=1501316649118 event=present frame_id=128 t_ns=1503801112000 presented=1 clock=monotonic
K230_CARD_BENCH v=1 run=1501316649118 event=present frame_id=127 t_ns=1503781953000 presented=1 clock=monotonic
K230_CARD_BENCH v=1 run=1501316649118 event=present frame_id=126 t_ns=1503762794000 presented=1 clock=monotonic
K230_CARD_BENCH v=1 run=1501316649118 event=present frame_id=125 t_ns=1503743635000 presented=1 clock=monotonic
K230_CARD_BENCH v=1 run=1501316649118 event=present frame_id=124 t_ns=1503724477000 presented=1 clock=monotonic
K230_CARD_BENCH v=1 run=1501316649118 event=present frame_id=123 t_ns=1503686160000 presented=1 clock=monotonic
K230_CARD_BENCH v=1 run=1501316649118 event=present frame_id=122 t_ns=1503667001000 presented=1 clock=monotonic
K230_CARD_BENCH v=1 run=1501316649118 event=present frame_id=121 t_ns=1503647841000 presented=1 clock=monotonic
K230_CARD_BENCH v=1 run=1501316649118 event=present frame_id=120 t_ns=1503628684000 presented=1 clock=monotonic
K230_CARD_BENCH v=1 run=1501316649118 event=present frame_id=119 t_ns=1503609525000 presented=1 clock=monotonic
K230_CARD_BENCH v=1 run=1501316649118 event=present frame_id=118 t_ns=1503590366000 presented=1 clock=monotonic
K230_CARD_BENCH v=1 run=1501316649118 event=present frame_id=117 t_ns=1503571208000 presented=1 clock=monotonic
K230_CARD_BENCH v=1 run=1501316649118 event=present frame_id=116 t_ns=1503552050000 presented=1 clock=monotonic
K230_CARD_BENCH v=1 run=1501316649118 event=present frame_id=115 t_ns=1503513731000 presented=1 clock=monotonic
K230_CARD_BENCH v=1 run=1501316649118 event=present frame_id=114 t_ns=1503494573000 presented=1 clock=monotonic
K230_CARD_BENCH v=1 run=1501316649118 event=present frame_id=113 t_ns=1503475415000 presented=1 clock=monotonic
K230_CARD_BENCH v=1 run=1501316649118 event=present frame_id=112 t_ns=1503456255000 presented=1 clock=monotonic
K230_CARD_BENCH v=1 run=1501316649118 event=present frame_id=111 t_ns=1503437096000 presented=1 clock=monotonic
K230_CARD_BENCH v=1 run=1501316649118 event=present frame_id=110 t_ns=1503417938000 presented=1 clock=monotonic
K230_CARD_BENCH v=1 run=1501316649118 event=present frame_id=109 t_ns=1503379621000 presented=1 clock=monotonic
K230_CARD_BENCH v=1 run=1501316649118 event=present frame_id=108 t_ns=1503360462000 presented=1 clock=monotonic
K230_CARD_BENCH v=1 run=1501316649118 event=present frame_id=107 t_ns=1503341307000 presented=1 clock=monotonic
K230_CARD_BENCH v=1 run=1501316649118 event=resource phase=baseline t_ns=1503340141842 cpu_ns=4080218000 memory_bytes=19214336 scope=session
K230_CARD_BENCH v=1 run=1501316649118 event=resource phase=baseline t_ns=1503340141842 cpu_ns=1346756956 memory_bytes=27000832 scope=compositor
K230_CARD_BENCH v=1 run=1501316649118 event=present frame_id=106 t_ns=1503322145000 presented=1 clock=monotonic
K230_CARD_BENCH v=1 run=1501316649118 event=present frame_id=105 t_ns=1503302987000 presented=1 clock=monotonic
K230_CARD_BENCH v=1 run=1501316649118 event=present frame_id=104 t_ns=1503283828000 presented=1 clock=monotonic
K230_CARD_BENCH v=1 run=1501316649118 event=present frame_id=103 t_ns=1503264669000 presented=1 clock=monotonic
K230_CARD_BENCH v=1 run=1501316649118 event=present frame_id=102 t_ns=1503226352000 presented=1 clock=monotonic
K230_CARD_BENCH v=1 run=1501316649118 event=present frame_id=101 t_ns=1503207193000 presented=1 clock=monotonic
K230_CARD_BENCH v=1 run=1501316649118 event=present frame_id=100 t_ns=1503188047000 presented=1 clock=monotonic
K230_CARD_BENCH v=1 run=1501316649118 event=present frame_id=99 t_ns=1503168877000 presented=1 clock=monotonic
K230_CARD_BENCH v=1 run=1501316649118 event=present frame_id=98 t_ns=1503149717000 presented=1 clock=monotonic
K230_CARD_BENCH v=1 run=1501316649118 event=present frame_id=97 t_ns=1503130559000 presented=1 clock=monotonic
K230_CARD_BENCH v=1 run=1501316649118 event=present frame_id=96 t_ns=1503111401000 presented=1 clock=monotonic
K230_CARD_BENCH v=1 run=1501316649118 event=present frame_id=95 t_ns=1503092242000 presented=1 clock=monotonic
K230_CARD_BENCH v=1 run=1501316649118 event=present frame_id=94 t_ns=1503053924000 presented=1 clock=monotonic
K230_CARD_BENCH v=1 run=1501316649118 event=present frame_id=93 t_ns=1503034765000 presented=1 clock=monotonic
K230_CARD_BENCH v=1 run=1501316649118 event=present frame_id=92 t_ns=1503015607000 presented=1 clock=monotonic
K230_CARD_BENCH v=1 run=1501316649118 event=present frame_id=91 t_ns=1502996448000 presented=1 clock=monotonic
K230_CARD_BENCH v=1 run=1501316649118 event=present frame_id=90 t_ns=1502977289000 presented=1 clock=monotonic
K230_CARD_BENCH v=1 run=1501316649118 event=present frame_id=89 t_ns=1502958131000 presented=1 clock=monotonic
K230_CARD_BENCH v=1 run=1501316649118 event=present frame_id=88 t_ns=1502938973000 presented=1 clock=monotonic
K230_CARD_BENCH v=1 run=1501316649118 event=present frame_id=87 t_ns=1502919814000 presented=1 clock=monotonic
K230_CARD_BENCH v=1 run=1501316649118 event=present frame_id=86 t_ns=1502900655000 presented=1 clock=monotonic
K230_CARD_BENCH v=1 run=1501316649118 event=present frame_id=85 t_ns=1502862338000 presented=1 clock=monotonic
K230_CARD_BENCH v=1 run=1501316649118 event=present frame_id=84 t_ns=1502843179000 presented=1 clock=monotonic
K230_CARD_BENCH v=1 run=1501316649118 event=present frame_id=83 t_ns=1502824047000 presented=1 clock=monotonic
K230_CARD_BENCH v=1 run=1501316649118 event=present frame_id=82 t_ns=1502804862000 presented=1 clock=monotonic
K230_CARD_BENCH v=1 run=1501316649118 event=present frame_id=81 t_ns=1502785704000 presented=1 clock=monotonic
K230_CARD_BENCH v=1 run=1501316649118 event=present frame_id=80 t_ns=1502766544000 presented=1 clock=monotonic
K230_CARD_BENCH v=1 run=1501316649118 event=present frame_id=79 t_ns=1502747386000 presented=1 clock=monotonic
K230_CARD_BENCH v=1 run=1501316649118 event=present frame_id=78 t_ns=1502728227000 presented=1 clock=monotonic
K230_CARD_BENCH v=1 run=1501316649118 event=present frame_id=77 t_ns=1502689911000 presented=1 clock=monotonic
K230_CARD_BENCH v=1 run=1501316649118 event=present frame_id=76 t_ns=1502670751000 presented=1 clock=monotonic
K230_CARD_BENCH v=1 run=1501316649118 event=present frame_id=75 t_ns=1502651593000 presented=1 clock=monotonic
K230_CARD_BENCH v=1 run=1501316649118 event=present frame_id=74 t_ns=1502632434000 presented=1 clock=monotonic
K230_CARD_BENCH v=1 run=1501316649118 event=present frame_id=73 t_ns=1502613276000 presented=1 clock=monotonic
K230_CARD_BENCH v=1 run=1501316649118 event=present frame_id=72 t_ns=1502594117000 presented=1 clock=monotonic
K230_CARD_BENCH v=1 run=1501316649118 event=present frame_id=71 t_ns=1502574958000 presented=1 clock=monotonic
K230_CARD_BENCH v=1 run=1501316649118 event=present frame_id=70 t_ns=1502555800000 presented=1 clock=monotonic
K230_CARD_BENCH v=1 run=1501316649118 event=present frame_id=69 t_ns=1502517482000 presented=1 clock=monotonic
K230_CARD_BENCH v=1 run=1501316649118 event=present frame_id=68 t_ns=1502498324000 presented=1 clock=monotonic
K230_CARD_BENCH v=1 run=1501316649118 event=present frame_id=67 t_ns=1502479165000 presented=1 clock=monotonic
K230_CARD_BENCH v=1 run=1501316649118 event=present frame_id=66 t_ns=1502460048000 presented=1 clock=monotonic
K230_CARD_BENCH v=1 run=1501316649118 event=present frame_id=65 t_ns=1502440848000 presented=1 clock=monotonic
K230_CARD_BENCH v=1 run=1501316649118 event=present frame_id=64 t_ns=1502421689000 presented=1 clock=monotonic
K230_CARD_BENCH v=1 run=1501316649118 event=present frame_id=63 t_ns=1502402531000 presented=1 clock=monotonic
K230_CARD_BENCH v=1 run=1501316649118 event=present frame_id=62 t_ns=1502383372000 presented=1 clock=monotonic
K230_CARD_BENCH v=1 run=1501316649118 event=present frame_id=61 t_ns=1502364213000 presented=1 clock=monotonic
K230_CARD_BENCH v=1 run=1501316649118 event=present frame_id=60 t_ns=1502325907000 presented=1 clock=monotonic
K230_CARD_BENCH v=1 run=1501316649118 event=resource phase=baseline t_ns=1502324248605 cpu_ns=3191726000 memory_bytes=19214336 scope=session
K230_CARD_BENCH v=1 run=1501316649118 event=resource phase=baseline t_ns=1502324248605 cpu_ns=915693885 memory_bytes=27000832 scope=compositor
K230_CARD_BENCH v=1 run=1501316649118 event=present frame_id=59 t_ns=1502306737000 presented=1 clock=monotonic
K230_CARD_BENCH v=1 run=1501316649118 event=present frame_id=58 t_ns=1502287580000 presented=1 clock=monotonic
K230_CARD_BENCH v=1 run=1501316649118 event=present frame_id=57 t_ns=1502268421000 presented=1 clock=monotonic
K230_CARD_BENCH v=1 run=1501316649118 event=present frame_id=56 t_ns=1502249261000 presented=1 clock=monotonic
K230_CARD_BENCH v=1 run=1501316649118 event=present frame_id=55 t_ns=1502230103000 presented=1 clock=monotonic
K230_CARD_BENCH v=1 run=1501316649118 event=present frame_id=54 t_ns=1502210944000 presented=1 clock=monotonic
K230_CARD_BENCH v=1 run=1501316649118 event=present frame_id=53 t_ns=1502172627000 presented=1 clock=monotonic
K230_CARD_BENCH v=1 run=1501316649118 event=present frame_id=52 t_ns=1502153468000 presented=1 clock=monotonic
K230_CARD_BENCH v=1 run=1501316649118 event=present frame_id=51 t_ns=1502134310000 presented=1 clock=monotonic
K230_CARD_BENCH v=1 run=1501316649118 event=present frame_id=50 t_ns=1502115151000 presented=1 clock=monotonic
K230_CARD_BENCH v=1 run=1501316649118 event=present frame_id=49 t_ns=1502095993000 presented=1 clock=monotonic
K230_CARD_BENCH v=1 run=1501316649118 event=present frame_id=48 t_ns=1502076833000 presented=1 clock=monotonic
K230_CARD_BENCH v=1 run=1501316649118 event=present frame_id=47 t_ns=1502057675000 presented=1 clock=monotonic
K230_CARD_BENCH v=1 run=1501316649118 event=present frame_id=46 t_ns=1502019358000 presented=1 clock=monotonic
K230_CARD_BENCH v=1 run=1501316649118 event=present frame_id=45 t_ns=1502000200000 presented=1 clock=monotonic
K230_CARD_BENCH v=1 run=1501316649118 event=present frame_id=44 t_ns=1501981041000 presented=1 clock=monotonic
K230_CARD_BENCH v=1 run=1501316649118 event=present frame_id=43 t_ns=1501961882000 presented=1 clock=monotonic
K230_CARD_BENCH v=1 run=1501316649118 event=present frame_id=42 t_ns=1501942723000 presented=1 clock=monotonic
K230_CARD_BENCH v=1 run=1501316649118 event=present frame_id=41 t_ns=1501923565000 presented=1 clock=monotonic
K230_CARD_BENCH v=1 run=1501316649118 event=present frame_id=40 t_ns=1501904407000 presented=1 clock=monotonic
K230_CARD_BENCH v=1 run=1501316649118 event=present frame_id=39 t_ns=1501885247000 presented=1 clock=monotonic
K230_CARD_BENCH v=1 run=1501316649118 event=present frame_id=38 t_ns=1501866089000 presented=1 clock=monotonic
K230_CARD_BENCH v=1 run=1501316649118 event=present frame_id=37 t_ns=1501827772000 presented=1 clock=monotonic
K230_CARD_BENCH v=1 run=1501316649118 event=present frame_id=36 t_ns=1501808613000 presented=1 clock=monotonic
K230_CARD_BENCH v=1 run=1501316649118 event=present frame_id=35 t_ns=1501789454000 presented=1 clock=monotonic
K230_CARD_BENCH v=1 run=1501316649118 event=present frame_id=34 t_ns=1501770296000 presented=1 clock=monotonic
K230_CARD_BENCH v=1 run=1501316649118 event=present frame_id=33 t_ns=1501751137000 presented=1 clock=monotonic
K230_CARD_BENCH v=1 run=1501316649118 event=present frame_id=32 t_ns=1501731978000 presented=1 clock=monotonic
K230_CARD_BENCH v=1 run=1501316649118 event=present frame_id=31 t_ns=1501712820000 presented=1 clock=monotonic
K230_CARD_BENCH v=1 run=1501316649118 event=present frame_id=30 t_ns=1501674502000 presented=1 clock=monotonic
K230_CARD_BENCH v=1 run=1501316649118 event=present frame_id=29 t_ns=1501655343000 presented=1 clock=monotonic
K230_CARD_BENCH v=1 run=1501316649118 event=present frame_id=28 t_ns=1501636186000 presented=1 clock=monotonic
K230_CARD_BENCH v=1 run=1501316649118 event=present frame_id=27 t_ns=1501617027000 presented=1 clock=monotonic
K230_CARD_BENCH v=1 run=1501316649118 event=present frame_id=26 t_ns=1501597868000 presented=1 clock=monotonic
K230_CARD_BENCH v=1 run=1501316649118 event=present frame_id=25 t_ns=1501578710000 presented=1 clock=monotonic
K230_CARD_BENCH v=1 run=1501316649118 event=present frame_id=24 t_ns=1501559551000 presented=1 clock=monotonic
K230_CARD_BENCH v=1 run=1501316649118 event=present frame_id=23 t_ns=1501540392000 presented=1 clock=monotonic
K230_CARD_BENCH v=1 run=1501316649118 event=present frame_id=22 t_ns=1501502076000 presented=1 clock=monotonic
K230_CARD_BENCH v=1 run=1501316649118 event=present frame_id=21 t_ns=1501482917000 presented=1 clock=monotonic
K230_CARD_BENCH v=1 run=1501316649118 event=present frame_id=20 t_ns=1501463757000 presented=1 clock=monotonic
K230_CARD_BENCH v=1 run=1501316649118 event=present frame_id=19 t_ns=1501444599000 presented=1 clock=monotonic
K230_CARD_BENCH v=1 run=1501316649118 event=present frame_id=18 t_ns=1501425441000 presented=1 clock=monotonic
K230_CARD_BENCH v=1 run=1501316649118 event=present frame_id=17 t_ns=1501406282000 presented=1 clock=monotonic
K230_CARD_BENCH v=1 run=1501316649118 event=present frame_id=16 t_ns=1501387123000 presented=1 clock=monotonic
K230_CARD_BENCH v=1 run=1501316649118 event=present frame_id=15 t_ns=1501348807000 presented=1 clock=monotonic
K230_CARD_SHELL input=injected operation=benchmark accepted=1
K230_CARD_BENCH v=1 run=1501316649118 event=resource phase=baseline t_ns=1501316795802 cpu_ns=2312684000 memory_bytes=18460672 scope=session
K230_CARD_BENCH v=1 run=1501316649118 event=resource phase=baseline t_ns=1501316795802 cpu_ns=490712089 memory_bytes=22544384 scope=compositor
K230_CARD_SHELL map id=7 class=2
K230_CARD_SHELL state mode=0 actions=32 message=0 cards=1
K230_CARD_SHELL unmap id=5
K230_CARD_SHELL state mode=0 actions=32 message=0 cards=0
K230_CARD_SHELL map id=5 class=2
K230_CARD_SHELL state mode=0 actions=32 message=0 cards=1
