K230_CARD_SHELL restored focus=11 message=0
K230_CARD_SHELL mirror-release id=11
K230_CARD_SHELL mirror-release id=7
K230_CARD_SHELL mirror-release id=7
K230_CARD_SHELL live cards=2 commits=2131 sampled=4219 frame-done=4230 output-presented=1945
K230_CARD_SHELL state mode=1 actions=35 message=0 cards=2
K230_CARD_SHELL mirror id=11 format=34325241 width=568 height=1144 stride=2304
K230_CARD_SHELL mirror id=7 format=34325258 width=128 height=96 stride=512
K230_CARD_SHELL mirror id=7 format=34325258 width=520 height=1040 stride=2080
K230_CARD_SHELL map id=11 class=2
K230_CARD_SHELL state mode=0 actions=32 message=0 cards=2
K230_CARD_SHELL restored focus=7 message=0
K230_CARD_SHELL mirror-release id=7
K230_CARD_SHELL mirror-release id=7
K230_CARD_SHELL unmap id=9
K230_CARD_SHELL state mode=1 actions=33 message=9 cards=1
K230_CARD_SHELL source-gone id=9
K230_CARD_SHELL mirror-release id=9
K230_CARD_SHELL mirror-release id=9
K230_CARD_SHELL state mode=3 actions=17 message=4 cards=2
K230_CARD_SHELL close-request id=9
K230_CARD_SHELL live cards=2 commits=2093 sampled=4145 frame-done=4145 output-presented=1896
K230_CARD_SHELL state mode=1 actions=1 message=0 cards=2
K230_CARD_SHELL live cards=2 commits=2043 sampled=4045 frame-done=4045 output-presented=1846
K230_CARD_SHELL state mode=1 actions=1 message=6 cards=2
K230_CARD_SHELL live cards=2 commits=1997 sampled=3955 frame-done=3955 output-presented=1801
K230_CARD_SHELL state mode=3 actions=17 message=4 cards=2
K230_CARD_SHELL close-request id=7
K230_CARD_SHELL live cards=2 commits=1945 sampled=3855 frame-done=3855 output-presented=1751
K230_CARD_SHELL live cards=2 commits=1891 sampled=3749 frame-done=3749 output-presented=1698
K230_CARD_SHELL live cards=2 commits=1839 sampled=3647 frame-done=3647 output-presented=1647
K230_CARD_SHELL state mode=1 actions=1 message=0 cards=2
K230_CARD_SHELL state mode=2 actions=1 message=0 cards=2
K230_CARD_SHELL state mode=2 actions=1 message=0 cards=2
K230_CARD_SHELL state mode=2 actions=1 message=0 cards=2
K230_CARD_SHELL state mode=2 actions=1 message=0 cards=2
K230_CARD_SHELL state mode=2 actions=1 message=0 cards=2
K230_CARD_SHELL state mode=2 actions=1 message=0 cards=2
K230_CARD_SHELL state mode=2 actions=1 message=0 cards=2
K230_CARD_SHELL state mode=2 actions=1 message=0 cards=2
K230_CARD_SHELL state mode=2 actions=1 message=0 cards=2
K230_CARD_SHELL live cards=2 commits=1808 sampled=3586 frame-done=3586 output-presented=1590
K230_CARD_SHELL state mode=2 actions=1 message=0 cards=2
K230_CARD_SHELL state mode=2 actions=1 message=0 cards=2
K230_CARD_SHELL state mode=2 actions=1 message=0 cards=2
K230_CARD_SHELL state mode=2 actions=1 message=0 cards=2
K230_CARD_SHELL state mode=2 actions=1 message=0 cards=2
K230_CARD_SHELL state mode=2 actions=1 message=0 cards=2
K230_CARD_SHELL state mode=2 actions=1 message=0 cards=2
K230_CARD_SHELL state mode=2 actions=1 message=0 cards=2
K230_CARD_SHELL state mode=2 actions=1 message=0 cards=2
K230_CARD_SHELL state mode=2 actions=1 message=0 cards=2
K230_CARD_SHELL state mode=2 actions=1 message=0 cards=2
K230_CARD_SHELL state mode=2 actions=1 message=0 cards=2
K230_CARD_SHELL live cards=2 commits=1753 sampled=3485 frame-done=3485 output-presented=1534
K230_CARD_SHELL state mode=1 actions=33 message=0 cards=2
K230_CARD_SHELL mirror id=7 format=34325258 width=128 height=96 stride=512
K230_CARD_SHELL mirror id=7 format=34325258 width=520 height=1040 stride=2080
K230_CARD_SHELL state mode=1 actions=33 message=3 cards=2
K230_CARD_SHELL live cards=2 commits=1751 sampled=3479 frame-done=3479 output-presented=1482
K230_CARD_SHELL state mode=1 actions=33 message=2 cards=2
K230_CARD_SHELL mirror-release id=7
K230_CARD_SHELL mirror-release id=7
K230_CARD_SHELL state mode=1 actions=35 message=0 cards=2
K230_CARD_SHELL mirror id=9 format=34325258 width=128 height=96 stride=512
K230_CARD_SHELL mirror id=9 format=34325258 width=520 height=1040 stride=2080
K230_CARD_SHELL mirror id=7 format=34325258 width=128 height=96 stride=512
K230_CARD_SHELL mirror id=7 format=34325258 width=520 height=1040 stride=2080
K230_CARD_SHELL input=injected operation=benchmark-stop accepted=1
K230_CARD_BENCH v=1 run=33469008682412 event=present frame_id=2211 t_ns=33512201201000 presented=1 clock=monotonic
K230_CARD_BENCH v=1 run=33469008682412 event=present frame_id=2210 t_ns=33512182040000 presented=1 clock=monotonic
K230_CARD_BENCH v=1 run=33469008682412 event=present frame_id=2209 t_ns=33512162881000 presented=1 clock=monotonic
K230_CARD_BENCH v=1 run=33469008682412 event=present frame_id=2208 t_ns=33512143719000 presented=1 clock=monotonic
K230_CARD_BENCH v=1 run=33469008682412 event=present frame_id=2207 t_ns=33512124560000 presented=1 clock=monotonic
K230_CARD_BENCH v=1 run=33469008682412 event=present frame_id=2206 t_ns=33512105399000 presented=1 clock=monotonic
K230_CARD_BENCH v=1 run=33469008682412 event=present frame_id=2205 t_ns=33512086239000 presented=1 clock=monotonic
K230_CARD_BENCH v=1 run=33469008682412 event=present frame_id=2204 t_ns=33512067078000 presented=1 clock=monotonic
K230_CARD_BENCH v=1 run=33469008682412 event=present frame_id=2203 t_ns=33512047917000 presented=1 clock=monotonic
K230_CARD_BENCH v=1 run=33469008682412 event=present frame_id=2202 t_ns=33512009599000 presented=1 clock=monotonic
K230_CARD_BENCH v=1 run=33469008682412 event=present frame_id=2201 t_ns=33511971275000 presented=1 clock=monotonic
K230_CARD_BENCH v=1 run=33469008682412 event=present frame_id=2200 t_ns=33511932953000 presented=1 clock=monotonic
K230_CARD_BENCH v=1 run=33469008682412 event=present frame_id=2199 t_ns=33511913792000 presented=1 clock=monotonic
K230_CARD_BENCH v=1 run=33469008682412 event=present frame_id=2198 t_ns=33511894632000 presented=1 clock=monotonic
K230_CARD_BENCH v=1 run=33469008682412 event=present frame_id=2197 t_ns=33511875471000 presented=1 clock=monotonic
K230_CARD_BENCH v=1 run=33469008682412 event=present frame_id=2196 t_ns=33511856311000 presented=1 clock=monotonic
K230_CARD_BENCH v=1 run=33469008682412 event=present frame_id=2195 t_ns=33511837151000 presented=1 clock=monotonic
K230_CARD_BENCH v=1 run=33469008682412 event=present frame_id=2194 t_ns=33511817990000 presented=1 clock=monotonic
K230_CARD_BENCH v=1 run=33469008682412 event=present frame_id=2193 t_ns=33511798829000 presented=1 clock=monotonic
K230_CARD_BENCH v=1 run=33469008682412 event=present frame_id=2192 t_ns=33511779672000 presented=1 clock=monotonic
K230_CARD_BENCH v=1 run=33469008682412 event=present frame_id=2191 t_ns=33511741346000 presented=1 clock=monotonic
K230_CARD_BENCH v=1 run=33469008682412 event=present frame_id=2190 t_ns=33511722187000 presented=1 clock=monotonic
K230_CARD_BENCH v=1 run=33469008682412 event=resource phase=restored t_ns=33511720138273 cpu_ns=49230559000 memory_bytes=27451392 scope=session
K230_CARD_BENCH v=1 run=33469008682412 event=resource phase=restored t_ns=33511720138273 cpu_ns=31333447707 memory_bytes=34480128 scope=compositor
K230_CARD_BENCH v=1 run=33469008682412 event=present frame_id=2189 t_ns=33511703026000 presented=1 clock=monotonic
K230_CARD_BENCH v=1 run=33469008682412 event=present frame_id=2188 t_ns=33511683866000 presented=1 clock=monotonic
K230_CARD_BENCH v=1 run=33469008682412 event=present frame_id=2187 t_ns=33511664706000 presented=1 clock=monotonic
K230_CARD_BENCH v=1 run=33469008682412 event=present frame_id=2186 t_ns=33511645544000 presented=1 clock=monotonic
K230_CARD_BENCH v=1 run=33469008682412 event=present frame_id=2185 t_ns=33511607223000 presented=1 clock=monotonic
K230_CARD_BENCH v=1 run=33469008682412 event=present frame_id=2184 t_ns=33511588069000 presented=1 clock=monotonic
K230_CARD_BENCH v=1 run=33469008682412 event=present frame_id=2183 t_ns=33511568903000 presented=1 clock=monotonic
K230_CARD_BENCH v=1 run=33469008682412 event=present frame_id=2182 t_ns=33511549742000 presented=1 clock=monotonic
K230_CARD_BENCH v=1 run=33469008682412 event=present frame_id=2181 t_ns=33511530581000 presented=1 clock=monotonic
K230_CARD_BENCH v=1 run=33469008682412 event=present frame_id=2180 t_ns=33511511421000 presented=1 clock=monotonic
K230_CARD_BENCH v=1 run=33469008682412 event=present frame_id=2179 t_ns=33511492259000 presented=1 clock=monotonic
K230_CARD_BENCH v=1 run=33469008682412 event=present frame_id=2178 t_ns=33511473099000 presented=1 clock=monotonic
K230_CARD_BENCH v=1 run=33469008682412 event=present frame_id=2177 t_ns=33511434778000 presented=1 clock=monotonic
K230_CARD_BENCH v=1 run=33469008682412 event=present frame_id=2176 t_ns=33511396458000 presented=1 clock=monotonic
K230_CARD_BENCH v=1 run=33469008682412 event=present frame_id=2175 t_ns=33511358136000 presented=1 clock=monotonic
K230_CARD_BENCH v=1 run=33469008682412 event=present frame_id=2174 t_ns=33511338975000 presented=1 clock=monotonic
K230_CARD_BENCH v=1 run=33469008682412 event=present frame_id=2173 t_ns=33511319814000 presented=1 clock=monotonic
K230_CARD_BENCH v=1 run=33469008682412 event=present frame_id=2172 t_ns=33511300653000 presented=1 clock=monotonic
K230_CARD_BENCH v=1 run=33469008682412 event=present frame_id=2171 t_ns=33511281493000 presented=1 clock=monotonic
K230_CARD_BENCH v=1 run=33469008682412 event=present frame_id=2170 t_ns=33511262333000 presented=1 clock=monotonic
K230_CARD_BENCH v=1 run=33469008682412 event=present frame_id=2169 t_ns=33511243172000 presented=1 clock=monotonic
K230_CARD_BENCH v=1 run=33469008682412 event=present frame_id=2168 t_ns=33511224020000 presented=1 clock=monotonic
K230_CARD_BENCH v=1 run=33469008682412 event=present frame_id=2167 t_ns=33511204851000 presented=1 clock=monotonic
K230_CARD_BENCH v=1 run=33469008682412 event=present frame_id=2166 t_ns=33511166528000 presented=1 clock=monotonic
K230_CARD_BENCH v=1 run=33469008682412 event=present frame_id=2165 t_ns=33511147369000 presented=1 clock=monotonic
K230_CARD_BENCH v=1 run=33469008682412 event=present frame_id=2164 t_ns=33511128210000 presented=1 clock=monotonic
K230_CARD_BENCH v=1 run=33469008682412 event=present frame_id=2163 t_ns=33511109048000 presented=1 clock=monotonic
K230_CARD_BENCH v=1 run=33469008682412 event=present frame_id=2162 t_ns=33511089887000 presented=1 clock=monotonic
K230_CARD_BENCH v=1 run=33469008682412 event=present frame_id=2161 t_ns=33511070727000 presented=1 clock=monotonic
K230_CARD_BENCH v=1 run=33469008682412 event=present frame_id=2160 t_ns=33511051566000 presented=1 clock=monotonic
K230_CARD_BENCH v=1 run=33469008682412 event=present frame_id=2159 t_ns=33511032404000 presented=1 clock=monotonic
K230_CARD_BENCH v=1 run=33469008682412 event=present frame_id=2158 t_ns=33511013244000 presented=1 clock=monotonic
K230_CARD_BENCH v=1 run=33469008682412 event=present frame_id=2157 t_ns=33510974923000 presented=1 clock=monotonic
K230_CARD_BENCH v=1 run=33469008682412 event=present frame_id=2156 t_ns=33510955763000 presented=1 clock=monotonic
K230_CARD_BENCH v=1 run=33469008682412 event=present frame_id=2155 t_ns=33510936603000 presented=1 clock=monotonic
K230_CARD_BENCH v=1 run=33469008682412 event=present frame_id=2154 t_ns=33510917443000 presented=1 clock=monotonic
K230_CARD_BENCH v=1 run=33469008682412 event=present frame_id=2153 t_ns=33510898281000 presented=1 clock=monotonic
K230_CARD_BENCH v=1 run=33469008682412 event=present frame_id=2152 t_ns=33510859961000 presented=1 clock=monotonic
K230_CARD_BENCH v=1 run=33469008682412 event=present frame_id=2151 t_ns=33510821639000 presented=1 clock=monotonic
K230_CARD_BENCH v=1 run=33469008682412 event=present frame_id=2150 t_ns=33510802478000 presented=1 clock=monotonic
K230_CARD_BENCH v=1 run=33469008682412 event=present frame_id=2149 t_ns=33510783317000 presented=1 clock=monotonic
K230_CARD_BENCH v=1 run=33469008682412 event=present frame_id=2148 t_ns=33510764157000 presented=1 clock=monotonic
K230_CARD_BENCH v=1 run=33469008682412 event=present frame_id=2147 t_ns=33510725836000 presented=1 clock=monotonic
K230_CARD_BENCH v=1 run=33469008682412 event=present frame_id=2146 t_ns=33510706675000 presented=1 clock=monotonic
K230_CARD_BENCH v=1 run=33469008682412 event=resource phase=restored t_ns=33510706858038 cpu_ns=48397942000 memory_bytes=27447296 scope=session
K230_CARD_BENCH v=1 run=33469008682412 event=resource phase=restored t_ns=33510706858038 cpu_ns=30927406280 memory_bytes=34480128 scope=compositor
K230_CARD_BENCH v=1 run=33469008682412 event=present frame_id=2145 t_ns=33510687514000 presented=1 clock=monotonic
K230_CARD_BENCH v=1 run=33469008682412 event=present frame_id=2144 t_ns=33510668354000 presented=1 clock=monotonic
K230_CARD_BENCH v=1 run=33469008682412 event=present frame_id=2143 t_ns=33510649193000 presented=1 clock=monotonic
K230_CARD_BENCH v=1 run=33469008682412 event=present frame_id=2142 t_ns=33510630032000 presented=1 clock=monotonic
K230_CARD_BENCH v=1 run=33469008682412 event=present frame_id=2141 t_ns=33510610872000 presented=1 clock=monotonic
K230_CARD_BENCH v=1 run=33469008682412 event=present frame_id=2140 t_ns=33510572554000 presented=1 clock=monotonic
K230_CARD_BENCH v=1 run=33469008682412 event=present frame_id=2139 t_ns=33510553390000 presented=1 clock=monotonic
K230_CARD_BENCH v=1 run=33469008682412 event=present frame_id=2138 t_ns=33510534230000 presented=1 clock=monotonic
K230_CARD_BENCH v=1 run=33469008682412 event=present frame_id=2137 t_ns=33510515069000 presented=1 clock=monotonic
K230_CARD_BENCH v=1 run=33469008682412 event=present frame_id=2136 t_ns=33510495909000 presented=1 clock=monotonic
K230_CARD_BENCH v=1 run=33469008682412 event=present frame_id=2135 t_ns=33510476748000 presented=1 clock=monotonic
K230_CARD_BENCH v=1 run=33469008682412 event=present frame_id=2134 t_ns=33510457587000 presented=1 clock=monotonic
K230_CARD_BENCH v=1 run=33469008682412 event=present frame_id=2133 t_ns=33510438426000 presented=1 clock=monotonic
K230_CARD_BENCH v=1 run=33469008682412 event=present frame_id=2132 t_ns=33510400104000 presented=1 clock=monotonic
K230_CARD_BENCH v=1 run=33469008682412 event=present frame_id=2131 t_ns=33510380944000 presented=1 clock=monotonic
K230_CARD_BENCH v=1 run=33469008682412 event=present frame_id=2130 t_ns=33510361784000 presented=1 clock=monotonic
K230_CARD_BENCH v=1 run=33469008682412 event=present frame_id=2129 t_ns=33510342623000 presented=1 clock=monotonic
K230_CARD_BENCH v=1 run=33469008682412 event=present frame_id=2128 t_ns=33510323463000 presented=1 clock=monotonic
K230_CARD_BENCH v=1 run=33469008682412 event=present frame_id=2127 t_ns=33510265981000 presented=1 clock=monotonic
K230_CARD_BENCH v=1 run=33469008682412 event=present frame_id=2126 t_ns=33510246821000 presented=1 clock=monotonic
K230_CARD_BENCH v=1 run=33469008682412 event=present frame_id=2125 t_ns=33510227660000 presented=1 clock=monotonic
K230_CARD_BENCH v=1 run=33469008682412 event=present frame_id=2124 t_ns=33510208499000 presented=1 clock=monotonic
K230_CARD_BENCH v=1 run=33469008682412 event=present frame_id=2123 t_ns=33510189338000 presented=1 clock=monotonic
K230_CARD_BENCH v=1 run=33469008682412 event=present frame_id=2122 t_ns=33510151017000 presented=1 clock=monotonic
K230_CARD_BENCH v=1 run=33469008682412 event=present frame_id=2121 t_ns=33510131857000 presented=1 clock=monotonic
K230_CARD_BENCH v=1 run=33469008682412 event=present frame_id=2120 t_ns=33510112696000 presented=1 clock=monotonic
K230_CARD_BENCH v=1 run=33469008682412 event=present frame_id=2119 t_ns=33510093536000 presented=1 clock=monotonic
K230_CARD_BENCH v=1 run=33469008682412 event=present frame_id=2118 t_ns=33510074375000 presented=1 clock=monotonic
K230_CARD_BENCH v=1 run=33469008682412 event=present frame_id=2117 t_ns=33510055214000 presented=1 clock=monotonic
K230_CARD_BENCH v=1 run=33469008682412 event=present frame_id=2116 t_ns=33510036054000 presented=1 clock=monotonic
K230_CARD_BENCH v=1 run=33469008682412 event=present frame_id=2115 t_ns=33510016893000 presented=1 clock=monotonic
K230_CARD_BENCH v=1 run=33469008682412 event=present frame_id=2114 t_ns=33509978572000 presented=1 clock=monotonic
K230_CARD_BENCH v=1 run=33469008682412 event=present frame_id=2113 t_ns=33509959411000 presented=1 clock=monotonic
K230_CARD_BENCH v=1 run=33469008682412 event=present frame_id=2112 t_ns=33509940251000 presented=1 clock=monotonic
K230_CARD_BENCH v=1 run=33469008682412 event=present frame_id=2111 t_ns=33509921091000 presented=1 clock=monotonic
K230_CARD_BENCH v=1 run=33469008682412 event=present frame_id=2110 t_ns=33509901929000 presented=1 clock=monotonic
K230_CARD_BENCH v=1 run=33469008682412 event=present frame_id=2109 t_ns=33509882769000 presented=1 clock=monotonic
K230_CARD_BENCH v=1 run=33469008682412 event=present frame_id=2108 t_ns=33509863608000 presented=1 clock=monotonic
K230_CARD_BENCH v=1 run=33469008682412 event=present frame_id=2107 t_ns=33509844448000 presented=1 clock=monotonic
K230_CARD_BENCH v=1 run=33469008682412 event=present frame_id=2106 t_ns=33509825287000 presented=1 clock=monotonic
K230_CARD_BENCH v=1 run=33469008682412 event=present frame_id=2105 t_ns=33509786966000 presented=1 clock=monotonic
K230_CARD_BENCH v=1 run=33469008682412 event=present frame_id=2104 t_ns=33509767805000 presented=1 clock=monotonic
K230_CARD_BENCH v=1 run=33469008682412 event=present frame_id=2103 t_ns=33509729484000 presented=1 clock=monotonic
K230_CARD_BENCH v=1 run=33469008682412 event=resource phase=restored t_ns=33509703795736 cpu_ns=47567985000 memory_bytes=27447296 scope=session
K230_CARD_BENCH v=1 run=33469008682412 event=resource phase=restored t_ns=33509703795736 cpu_ns=30521668802 memory_bytes=34480128 scope=compositor
K230_CARD_BENCH v=1 run=33469008682412 event=present frame_id=2102 t_ns=33509691164000 presented=1 clock=monotonic
K230_CARD_BENCH v=1 run=33469008682412 event=present frame_id=2101 t_ns=33509672003000 presented=1 clock=monotonic
K230_CARD_BENCH v=1 run=33469008682412 event=present frame_id=2100 t_ns=33509652841000 presented=1 clock=monotonic
K230_CARD_BENCH v=1 run=33469008682412 event=present frame_id=2099 t_ns=33509633681000 presented=1 clock=monotonic
K230_CARD_BENCH v=1 run=33469008682412 event=present frame_id=2098 t_ns=33509595361000 presented=1 clock=monotonic
K230_CARD_BENCH v=1 run=33469008682412 event=present frame_id=2097 t_ns=33509576200000 presented=1 clock=monotonic
K230_CARD_BENCH v=1 run=33469008682412 event=present frame_id=2096 t_ns=33509557037000 presented=1 clock=monotonic
K230_CARD_BENCH v=1 run=33469008682412 event=present frame_id=2095 t_ns=33509537878000 presented=1 clock=monotonic
K230_CARD_BENCH v=1 run=33469008682412 event=present frame_id=2094 t_ns=33509518718000 presented=1 clock=monotonic
K230_CARD_BENCH v=1 run=33469008682412 event=present frame_id=2093 t_ns=33509499557000 presented=1 clock=monotonic
K230_CARD_BENCH v=1 run=33469008682412 event=present frame_id=2092 t_ns=33509480396000 presented=1 clock=monotonic
K230_CARD_BENCH v=1 run=33469008682412 event=present frame_id=2091 t_ns=33509442075000 presented=1 clock=monotonic
K230_CARD_BENCH v=1 run=33469008682412 event=present frame_id=2090 t_ns=33509422914000 presented=1 clock=monotonic
K230_CARD_BENCH v=1 run=33469008682412 event=present frame_id=2089 t_ns=33509403754000 presented=1 clock=monotonic
K230_CARD_BENCH v=1 run=33469008682412 event=present frame_id=2088 t_ns=33509384593000 presented=1 clock=monotonic
K230_CARD_BENCH v=1 run=33469008682412 event=present frame_id=2087 t_ns=33509365433000 presented=1 clock=monotonic
K230_CARD_BENCH v=1 run=33469008682412 event=present frame_id=2086 t_ns=33509346272000 presented=1 clock=monotonic
K230_CARD_BENCH v=1 run=33469008682412 event=present frame_id=2085 t_ns=33509327111000 presented=1 clock=monotonic
K230_CARD_BENCH v=1 run=33469008682412 event=present frame_id=2084 t_ns=33509307951000 presented=1 clock=monotonic
K230_CARD_BENCH v=1 run=33469008682412 event=present frame_id=2083 t_ns=33509288790000 presented=1 clock=monotonic
K230_CARD_BENCH v=1 run=33469008682412 event=present frame_id=2082 t_ns=33509250469000 presented=1 clock=monotonic
K230_CARD_BENCH v=1 run=33469008682412 event=present frame_id=2081 t_ns=33509231308000 presented=1 clock=monotonic
K230_CARD_BENCH v=1 run=33469008682412 event=present frame_id=2080 t_ns=33509212149000 presented=1 clock=monotonic
K230_CARD_BENCH v=1 run=33469008682412 event=present frame_id=2079 t_ns=33509192988000 presented=1 clock=monotonic
K230_CARD_BENCH v=1 run=33469008682412 event=present frame_id=2078 t_ns=33509154666000 presented=1 clock=monotonic
K230_CARD_BENCH v=1 run=33469008682412 event=present frame_id=2077 t_ns=33509116345000 presented=1 clock=monotonic
K230_CARD_BENCH v=1 run=33469008682412 event=present frame_id=2076 t_ns=33509097184000 presented=1 clock=monotonic
K230_CARD_BENCH v=1 run=33469008682412 event=present frame_id=2075 t_ns=33509078023000 presented=1 clock=monotonic
K230_CARD_BENCH v=1 run=33469008682412 event=present frame_id=2074 t_ns=33509058863000 presented=1 clock=monotonic
K230_CARD_BENCH v=1 run=33469008682412 event=present frame_id=2073 t_ns=33509039702000 presented=1 clock=monotonic
K230_CARD_BENCH v=1 run=33469008682412 event=present frame_id=2072 t_ns=33509001384000 presented=1 clock=monotonic
K230_CARD_BENCH v=1 run=33469008682412 event=present frame_id=2071 t_ns=33508963059000 presented=1 clock=monotonic
K230_CARD_BENCH v=1 run=33469008682412 event=present frame_id=2070 t_ns=33508924740000 presented=1 clock=monotonic
K230_CARD_BENCH v=1 run=33469008682412 event=present frame_id=2069 t_ns=33508886418000 presented=1 clock=monotonic
K230_CARD_BENCH v=1 run=33469008682412 event=present frame_id=2068 t_ns=33508848098000 presented=1 clock=monotonic
K230_CARD_BENCH v=1 run=33469008682412 event=present frame_id=2067 t_ns=33508809776000 presented=1 clock=monotonic
K230_CARD_BENCH v=1 run=33469008682412 event=present frame_id=2066 t_ns=33508771454000 presented=1 clock=monotonic
K230_CARD_BENCH v=1 run=33469008682412 event=present frame_id=2065 t_ns=33508733133000 presented=1 clock=monotonic
K230_CARD_BENCH v=1 run=33469008682412 event=resource phase=restored t_ns=33508692179612 cpu_ns=46848246000 memory_bytes=28856320 scope=session
K230_CARD_BENCH v=1 run=33469008682412 event=resource phase=restored t_ns=33508692179612 cpu_ns=30168966634 memory_bytes=35790848 scope=compositor
K230_CARD_BENCH v=1 run=33469008682412 event=present frame_id=2064 t_ns=33508675652000 presented=1 clock=monotonic
K230_CARD_BENCH v=1 run=33469008682412 event=present frame_id=2063 t_ns=33508637331000 presented=1 clock=monotonic
K230_CARD_BENCH v=1 run=33469008682412 event=present frame_id=2062 t_ns=33508599009000 presented=1 clock=monotonic
K230_CARD_BENCH v=1 run=33469008682412 event=present frame_id=2061 t_ns=33508560687000 presented=1 clock=monotonic
K230_CARD_BENCH v=1 run=33469008682412 event=present frame_id=2060 t_ns=33508522366000 presented=1 clock=monotonic
K230_CARD_BENCH v=1 run=33469008682412 event=present frame_id=2059 t_ns=33508503205000 presented=1 clock=monotonic
K230_CARD_BENCH v=1 run=33469008682412 event=present frame_id=2058 t_ns=33508484046000 presented=1 clock=monotonic
K230_CARD_BENCH v=1 run=33469008682412 event=present frame_id=2057 t_ns=33508464884000 presented=1 clock=monotonic
K230_CARD_BENCH v=1 run=33469008682412 event=present frame_id=2056 t_ns=33508445723000 presented=1 clock=monotonic
K230_CARD_BENCH v=1 run=33469008682412 event=present frame_id=2055 t_ns=33508426562000 presented=1 clock=monotonic
K230_CARD_BENCH v=1 run=33469008682412 event=present frame_id=2054 t_ns=33508407402000 presented=1 clock=monotonic
K230_CARD_BENCH v=1 run=33469008682412 event=present frame_id=2053 t_ns=33508369081000 presented=1 clock=monotonic
K230_CARD_BENCH v=1 run=33469008682412 event=present frame_id=2052 t_ns=33508349919000 presented=1 clock=monotonic
K230_CARD_BENCH v=1 run=33469008682412 event=present frame_id=2051 t_ns=33508330760000 presented=1 clock=monotonic
K230_CARD_BENCH v=1 run=33469008682412 event=present frame_id=2050 t_ns=33508311599000 presented=1 clock=monotonic
K230_CARD_BENCH v=1 run=33469008682412 event=present frame_id=2049 t_ns=33508292438000 presented=1 clock=monotonic
K230_CARD_BENCH v=1 run=33469008682412 event=present frame_id=2048 t_ns=33508273279000 presented=1 clock=monotonic
K230_CARD_BENCH v=1 run=33469008682412 event=submit input_id=137 frame_id=2048 t_ns=33508264318726 update_cpu_ns=11631134 final=1
K230_CARD_BENCH v=1 run=33469008682412 event=present frame_id=2047 t_ns=33508254118000 presented=1 clock=monotonic
K230_CARD_BENCH v=1 run=33469008682412 event=input input_id=137 gesture_id=16 kind=release t_ns=33508240895641 source=injected
K230_CARD_SHELL restored focus=7 message=0
K230_CARD_SHELL mirror-release id=9
K230_CARD_SHELL mirror-release id=9
K230_CARD_SHELL mirror-release id=7
K230_CARD_SHELL mirror-release id=7
K230_CARD_BENCH v=1 run=33469008682412 event=present frame_id=2046 t_ns=33508215797000 presented=1 clock=monotonic
K230_CARD_BENCH v=1 run=33469008682412 event=present frame_id=2045 t_ns=33508177477000 presented=1 clock=monotonic
K230_CARD_BENCH v=1 run=33469008682412 event=present frame_id=2044 t_ns=33508139154000 presented=1 clock=monotonic
K230_CARD_BENCH v=1 run=33469008682412 event=present frame_id=2043 t_ns=33508119993000 presented=1 clock=monotonic
K230_CARD_BENCH v=1 run=33469008682412 event=present frame_id=2042 t_ns=33508100833000 presented=1 clock=monotonic
K230_CARD_BENCH v=1 run=33469008682412 event=present frame_id=2041 t_ns=33508043353000 presented=1 clock=monotonic
K230_CARD_SHELL state mode=2 actions=1 message=0 cards=2
K230_CARD_BENCH v=1 run=33469008682412 event=present frame_id=2040 t_ns=33507966709000 presented=1 clock=monotonic
K230_CARD_BENCH v=1 run=33469008682412 event=present frame_id=2039 t_ns=33507928387000 presented=1 clock=monotonic
K230_CARD_BENCH v=1 run=33469008682412 event=present frame_id=2038 t_ns=33507890068000 presented=1 clock=monotonic
K230_CARD_BENCH v=1 run=33469008682412 event=present frame_id=2037 t_ns=33507851745000 presented=1 clock=monotonic
K230_CARD_BENCH v=1 run=33469008682412 event=present frame_id=2036 t_ns=33507794266000 presented=1 clock=monotonic
K230_CARD_BENCH v=1 run=33469008682412 event=present frame_id=2035 t_ns=33507775102000 presented=1 clock=monotonic
K230_CARD_BENCH v=1 run=33469008682412 event=present frame_id=2034 t_ns=33507736780000 presented=1 clock=monotonic
K230_CARD_BENCH v=1 run=33469008682412 event=present frame_id=2033 t_ns=33507717621000 presented=1 clock=monotonic
K230_CARD_BENCH v=1 run=33469008682412 event=present frame_id=2032 t_ns=33507679299000 presented=1 clock=monotonic
K230_CARD_BENCH v=1 run=33469008682412 event=resource phase=active t_ns=33507678039578 cpu_ns=46221022000 memory_bytes=27607040 scope=session
K230_CARD_BENCH v=1 run=33469008682412 event=resource phase=active t_ns=33507678039578 cpu_ns=29773941865 memory_bytes=34480128 scope=compositor
K230_CARD_BENCH v=1 run=33469008682412 event=present frame_id=2031 t_ns=33507660138000 presented=1 clock=monotonic
K230_CARD_BENCH v=1 run=33469008682412 event=present frame_id=2030 t_ns=33507621816000 presented=1 clock=monotonic
K230_CARD_BENCH v=1 run=33469008682412 event=present frame_id=2029 t_ns=33507602657000 presented=1 clock=monotonic
K230_CARD_BENCH v=1 run=33469008682412 event=present frame_id=2028 t_ns=33507564336000 presented=1 clock=monotonic
K230_CARD_BENCH v=1 run=33469008682412 event=present frame_id=2027 t_ns=33507545175000 presented=1 clock=monotonic
K230_CARD_BENCH v=1 run=33469008682412 event=present frame_id=2026 t_ns=33507506853000 presented=1 clock=monotonic
K230_CARD_BENCH v=1 run=33469008682412 event=present frame_id=2025 t_ns=33507487693000 presented=1 clock=monotonic
K230_CARD_BENCH v=1 run=33469008682412 event=submit input_id=136 frame_id=2025 t_ns=33507468607205 update_cpu_ns=18066940 final=1
K230_CARD_BENCH v=1 run=33469008682412 event=submit input_id=135 frame_id=2025 t_ns=33507468607205 update_cpu_ns=18066940 final=0
K230_CARD_BENCH v=1 run=33469008682412 event=present frame_id=2024 t_ns=33507430213000 presented=1 clock=monotonic
K230_CARD_BENCH v=1 run=33469008682412 event=input input_id=136 gesture_id=15 kind=release t_ns=33507432851559 source=injected
K230_CARD_SHELL state mode=1 actions=1 message=0 cards=2
K230_CARD_BENCH v=1 run=33469008682412 event=input input_id=135 gesture_id=15 kind=motion t_ns=33507429286490 source=injected
K230_CARD_SHELL state mode=2 actions=1 message=0 cards=2
K230_CARD_BENCH v=1 run=33469008682412 event=present frame_id=2023 t_ns=33507334408000 presented=1 clock=monotonic
K230_CARD_BENCH v=1 run=33469008682412 event=present frame_id=2022 t_ns=33507296091000 presented=1 clock=monotonic
K230_CARD_BENCH v=1 run=33469008682412 event=present frame_id=2021 t_ns=33507219445000 presented=1 clock=monotonic
K230_CARD_BENCH v=1 run=33469008682412 event=submit input_id=134 frame_id=2021 t_ns=33507216745404 update_cpu_ns=21738969 final=0
K230_CARD_BENCH v=1 run=33469008682412 event=present frame_id=2020 t_ns=33507181126000 presented=1 clock=monotonic
K230_CARD_BENCH v=1 run=33469008682412 event=input input_id=134 gesture_id=15 kind=motion t_ns=33507169281104 source=injected
K230_CARD_SHELL state mode=2 actions=1 message=0 cards=2
K230_CARD_BENCH v=1 run=33469008682412 event=present frame_id=2019 t_ns=33507104482000 presented=1 clock=monotonic
K230_CARD_BENCH v=1 run=33469008682412 event=present frame_id=2018 t_ns=33507066160000 presented=1 clock=monotonic
K230_CARD_BENCH v=1 run=33469008682412 event=present frame_id=2017 t_ns=33506989518000 presented=1 clock=monotonic
K230_CARD_BENCH v=1 run=33469008682412 event=submit input_id=133 frame_id=2017 t_ns=33506983958386 update_cpu_ns=21917669 final=0
K230_CARD_BENCH v=1 run=33469008682412 event=present frame_id=2016 t_ns=33506951198000 presented=1 clock=monotonic
K230_CARD_BENCH v=1 run=33469008682412 event=input input_id=133 gesture_id=15 kind=motion t_ns=33506934577668 source=injected
K230_CARD_SHELL state mode=2 actions=1 message=0 cards=2
K230_CARD_BENCH v=1 run=33469008682412 event=present frame_id=2015 t_ns=33506874554000 presented=1 clock=monotonic
K230_CARD_BENCH v=1 run=33469008682412 event=submit input_id=132 frame_id=2015 t_ns=33506869486907 update_cpu_ns=22111194 final=0
K230_CARD_BENCH v=1 run=33469008682412 event=present frame_id=2014 t_ns=33506817075000 presented=1 clock=monotonic
K230_CARD_BENCH v=1 run=33469008682412 event=input input_id=132 gesture_id=15 kind=motion t_ns=33506812740281 source=injected
K230_CARD_SHELL state mode=2 actions=1 message=0 cards=2
K230_CARD_BENCH v=1 run=33469008682412 event=present frame_id=2013 t_ns=33506721269000 presented=1 clock=monotonic
K230_CARD_SHELL live cards=2 commits=1700 sampled=3378 frame-done=3378 output-presented=1429
K230_CARD_BENCH v=1 run=33469008682412 event=present frame_id=2012 t_ns=33506663789000 presented=1 clock=monotonic
K230_CARD_BENCH v=1 run=33469008682412 event=resource phase=active t_ns=33506655666563 cpu_ns=45683520000 memory_bytes=27607040 scope=session
K230_CARD_BENCH v=1 run=33469008682412 event=resource phase=active t_ns=33506655666563 cpu_ns=29384253999 memory_bytes=34480128 scope=compositor
K230_CARD_BENCH v=1 run=33469008682412 event=present frame_id=2011 t_ns=33506606306000 presented=1 clock=monotonic
K230_CARD_BENCH v=1 run=33469008682412 event=submit input_id=131 frame_id=2011 t_ns=33506587669525 update_cpu_ns=21335676 final=0
K230_CARD_BENCH v=1 run=33469008682412 event=present frame_id=2010 t_ns=33506548825000 presented=1 clock=monotonic
K230_CARD_BENCH v=1 run=33469008682412 event=input input_id=131 gesture_id=15 kind=motion t_ns=33506542482483 source=injected
K230_CARD_SHELL state mode=2 actions=1 message=0 cards=2
K230_CARD_BENCH v=1 run=33469008682412 event=present frame_id=2009 t_ns=33506472183000 presented=1 clock=monotonic
K230_CARD_BENCH v=1 run=33469008682412 event=present frame_id=2008 t_ns=33506433861000 presented=1 clock=monotonic
K230_CARD_BENCH v=1 run=33469008682412 event=submit input_id=130 frame_id=2008 t_ns=33506427510165 update_cpu_ns=21217597 final=0
K230_CARD_BENCH v=1 run=33469008682412 event=present frame_id=2007 t_ns=33506376380000 presented=1 clock=monotonic
K230_CARD_BENCH v=1 run=33469008682412 event=input input_id=130 gesture_id=15 kind=motion t_ns=33506368751567 source=injected
K230_CARD_SHELL state mode=2 actions=1 message=0 cards=2
K230_CARD_BENCH v=1 run=33469008682412 event=present frame_id=2006 t_ns=33506318896000 presented=1 clock=monotonic
K230_CARD_BENCH v=1 run=33469008682412 event=submit input_id=129 frame_id=2006 t_ns=33506302173742 update_cpu_ns=21189742 final=0
K230_CARD_BENCH v=1 run=33469008682412 event=present frame_id=2005 t_ns=33506242256000 presented=1 clock=monotonic
K230_CARD_BENCH v=1 run=33469008682412 event=input input_id=129 gesture_id=15 kind=motion t_ns=33506236458445 source=injected
K230_CARD_SHELL state mode=2 actions=1 message=0 cards=2
K230_CARD_BENCH v=1 run=33469008682412 event=present frame_id=2004 t_ns=33506165612000 presented=1 clock=monotonic
K230_CARD_BENCH v=1 run=33469008682412 event=present frame_id=2003 t_ns=33506069809000 presented=1 clock=monotonic
K230_CARD_BENCH v=1 run=33469008682412 event=submit input_id=128 frame_id=2003 t_ns=33506067262824 update_cpu_ns=21577228 final=0
K230_CARD_BENCH v=1 run=33469008682412 event=present frame_id=2002 t_ns=33506031488000 presented=1 clock=monotonic
K230_CARD_BENCH v=1 run=33469008682412 event=input input_id=128 gesture_id=15 kind=motion t_ns=33506024968243 source=injected
K230_CARD_SHELL state mode=2 actions=1 message=0 cards=2
K230_CARD_BENCH v=1 run=33469008682412 event=present frame_id=2001 t_ns=33505954845000 presented=1 clock=monotonic
K230_CARD_BENCH v=1 run=33469008682412 event=present frame_id=2000 t_ns=33505916523000 presented=1 clock=monotonic
K230_CARD_BENCH v=1 run=33469008682412 event=submit input_id=127 frame_id=2000 t_ns=33505907740333 update_cpu_ns=20690720 final=0
K230_CARD_BENCH v=1 run=33469008682412 event=present frame_id=1999 t_ns=33505859042000 presented=1 clock=monotonic
K230_CARD_BENCH v=1 run=33469008682412 event=input input_id=127 gesture_id=15 kind=motion t_ns=33505848503009 source=injected
K230_CARD_SHELL state mode=2 actions=1 message=0 cards=2
K230_CARD_BENCH v=1 run=33469008682412 event=present frame_id=1998 t_ns=33505801562000 presented=1 clock=monotonic
K230_CARD_BENCH v=1 run=33469008682412 event=present frame_id=1997 t_ns=33505763241000 presented=1 clock=monotonic
K230_CARD_BENCH v=1 run=33469008682412 event=present frame_id=1996 t_ns=33505705757000 presented=1 clock=monotonic
K230_CARD_BENCH v=1 run=33469008682412 event=submit input_id=126 frame_id=1996 t_ns=33505689591236 update_cpu_ns=21503866 final=0
K230_CARD_BENCH v=1 run=33469008682412 event=present frame_id=1995 t_ns=33505648276000 presented=1 clock=monotonic
K230_CARD_BENCH v=1 run=33469008682412 event=resource phase=active t_ns=33505646765560 cpu_ns=45163565000 memory_bytes=27602944 scope=session
K230_CARD_BENCH v=1 run=33469008682412 event=resource phase=active t_ns=33505646765560 cpu_ns=29020115976 memory_bytes=34480128 scope=compositor
K230_CARD_BENCH v=1 run=33469008682412 event=input input_id=126 gesture_id=15 kind=motion t_ns=33505638745377 source=injected
K230_CARD_SHELL state mode=2 actions=1 message=0 cards=2
K230_CARD_BENCH v=1 run=33469008682412 event=present frame_id=1994 t_ns=33505552476000 presented=1 clock=monotonic
K230_CARD_BENCH v=1 run=33469008682412 event=submit input_id=125 frame_id=1994 t_ns=33505535570449 update_cpu_ns=20039831 final=0
K230_CARD_BENCH v=1 run=33469008682412 event=present frame_id=1993 t_ns=33505475831000 presented=1 clock=monotonic
K230_CARD_BENCH v=1 run=33469008682412 event=input input_id=125 gesture_id=15 kind=motion t_ns=33505469904593 source=injected
K230_CARD_SHELL state mode=2 actions=1 message=0 cards=2
K230_CARD_BENCH v=1 run=33469008682412 event=present frame_id=1992 t_ns=33505437510000 presented=1 clock=monotonic
K230_CARD_BENCH v=1 run=33469008682412 event=present frame_id=1991 t_ns=33505380061000 presented=1 clock=monotonic
K230_CARD_BENCH v=1 run=33469008682412 event=present frame_id=1990 t_ns=33505341705000 presented=1 clock=monotonic
K230_CARD_BENCH v=1 run=33469008682412 event=submit input_id=124 frame_id=1990 t_ns=33505324604039 update_cpu_ns=19346576 final=0
K230_CARD_BENCH v=1 run=33469008682412 event=present frame_id=1989 t_ns=33505265064000 presented=1 clock=monotonic
K230_CARD_BENCH v=1 run=33469008682412 event=input input_id=124 gesture_id=15 kind=motion t_ns=33505260606351 source=injected
K230_CARD_SHELL state mode=2 actions=1 message=0 cards=2
K230_CARD_BENCH v=1 run=33469008682412 event=present frame_id=1988 t_ns=33505226772000 presented=1 clock=monotonic
K230_CARD_BENCH v=1 run=33469008682412 event=present frame_id=1987 t_ns=33505150099000 presented=1 clock=monotonic
K230_CARD_BENCH v=1 run=33469008682412 event=submit input_id=123 frame_id=1987 t_ns=33505142230623 update_cpu_ns=19098093 final=0
K230_CARD_BENCH v=1 run=33469008682412 event=present frame_id=1986 t_ns=33505111778000 presented=1 clock=monotonic
K230_CARD_BENCH v=1 run=33469008682412 event=input input_id=123 gesture_id=15 kind=motion t_ns=33505108614387 source=injected
K230_CARD_SHELL state mode=2 actions=1 message=0 cards=2
K230_CARD_BENCH v=1 run=33469008682412 event=present frame_id=1985 t_ns=33505054297000 presented=1 clock=monotonic
K230_CARD_BENCH v=1 run=33469008682412 event=present frame_id=1984 t_ns=33505015977000 presented=1 clock=monotonic
K230_CARD_BENCH v=1 run=33469008682412 event=submit input_id=122 frame_id=1984 t_ns=33505007284250 update_cpu_ns=18411378 final=0
K230_CARD_BENCH v=1 run=33469008682412 event=present frame_id=1983 t_ns=33504977656000 presented=1 clock=monotonic
K230_CARD_BENCH v=1 run=33469008682412 event=input input_id=122 gesture_id=15 kind=motion t_ns=33504973147364 source=injected
K230_CARD_SHELL state mode=2 actions=1 message=0 cards=2
K230_CARD_BENCH v=1 run=33469008682412 event=present frame_id=1982 t_ns=33504862691000 presented=1 clock=monotonic
K230_CARD_BENCH v=1 run=33469008682412 event=present frame_id=1981 t_ns=33504824371000 presented=1 clock=monotonic
K230_CARD_BENCH v=1 run=33469008682412 event=present frame_id=1980 t_ns=33504766887000 presented=1 clock=monotonic
K230_CARD_BENCH v=1 run=33469008682412 event=submit input_id=121 frame_id=1980 t_ns=33504759592039 update_cpu_ns=18192044 final=0
K230_CARD_BENCH v=1 run=33469008682412 event=present frame_id=1979 t_ns=33504728568000 presented=1 clock=monotonic
K230_CARD_BENCH v=1 run=33469008682412 event=input input_id=121 gesture_id=15 kind=motion t_ns=33504726547006 source=injected
K230_CARD_SHELL state mode=2 actions=1 message=0 cards=2
K230_CARD_BENCH v=1 run=33469008682412 event=present frame_id=1978 t_ns=33504671085000 presented=1 clock=monotonic
K230_CARD_BENCH v=1 run=33469008682412 event=present frame_id=1977 t_ns=33504632765000 presented=1 clock=monotonic
K230_CARD_BENCH v=1 run=33469008682412 event=resource phase=active t_ns=33504630797240 cpu_ns=44658756000 memory_bytes=27602944 scope=session
K230_CARD_BENCH v=1 run=33469008682412 event=resource phase=active t_ns=33504630797240 cpu_ns=28671834990 memory_bytes=34480128 scope=compositor
K230_CARD_BENCH v=1 run=33469008682412 event=present frame_id=1976 t_ns=33504575281000 presented=1 clock=monotonic
K230_CARD_BENCH v=1 run=33469008682412 event=present frame_id=1975 t_ns=33504536960000 presented=1 clock=monotonic
K230_CARD_BENCH v=1 run=33469008682412 event=submit input_id=120 frame_id=1975 t_ns=33504531666066 update_cpu_ns=17465604 final=0
K230_CARD_BENCH v=1 run=33469008682412 event=present frame_id=1974 t_ns=33504479478000 presented=1 clock=monotonic
K230_CARD_BENCH v=1 run=33469008682412 event=input input_id=120 gesture_id=15 kind=motion t_ns=33504480297741 source=injected
K230_CARD_SHELL state mode=2 actions=1 message=0 cards=2
K230_CARD_BENCH v=1 run=33469008682412 event=present frame_id=1973 t_ns=33504441157000 presented=1 clock=monotonic
K230_CARD_BENCH v=1 run=33469008682412 event=present frame_id=1972 t_ns=33504364515000 presented=1 clock=monotonic
K230_CARD_BENCH v=1 run=33469008682412 event=submit input_id=119 frame_id=1972 t_ns=33504355746730 update_cpu_ns=17607995 final=0
K230_CARD_BENCH v=1 run=33469008682412 event=present frame_id=1971 t_ns=33504287873000 presented=1 clock=monotonic
K230_CARD_BENCH v=1 run=33469008682412 event=input input_id=119 gesture_id=15 kind=motion t_ns=33504287985310 source=injected
K230_CARD_SHELL state mode=2 actions=1 message=0 cards=2
K230_CARD_BENCH v=1 run=33469008682412 event=present frame_id=1970 t_ns=33504230391000 presented=1 clock=monotonic
K230_CARD_BENCH v=1 run=33469008682412 event=present frame_id=1969 t_ns=33504192070000 presented=1 clock=monotonic
K230_CARD_BENCH v=1 run=33469008682412 event=present frame_id=1968 t_ns=33504134587000 presented=1 clock=monotonic
K230_CARD_BENCH v=1 run=33469008682412 event=submit input_id=118 frame_id=1968 t_ns=33504128862796 update_cpu_ns=16650783 final=0
K230_CARD_BENCH v=1 run=33469008682412 event=present frame_id=1967 t_ns=33504096268000 presented=1 clock=monotonic
K230_CARD_BENCH v=1 run=33469008682412 event=input input_id=118 gesture_id=15 kind=motion t_ns=33504086967126 source=injected
K230_CARD_SHELL state mode=2 actions=1 message=0 cards=2
K230_CARD_BENCH v=1 run=33469008682412 event=present frame_id=1966 t_ns=33504038785000 presented=1 clock=monotonic
K230_CARD_BENCH v=1 run=33469008682412 event=present frame_id=1965 t_ns=33504000464000 presented=1 clock=monotonic
K230_CARD_BENCH v=1 run=33469008682412 event=present frame_id=1964 t_ns=33503942982000 presented=1 clock=monotonic
K230_CARD_BENCH v=1 run=33469008682412 event=submit input_id=117 frame_id=1964 t_ns=33503933507020 update_cpu_ns=15799096 final=0
K230_CARD_BENCH v=1 run=33469008682412 event=present frame_id=1963 t_ns=33503904660000 presented=1 clock=monotonic
K230_CARD_BENCH v=1 run=33469008682412 event=input input_id=117 gesture_id=15 kind=motion t_ns=33503900859307 source=injected
K230_CARD_SHELL state mode=2 actions=1 message=0 cards=2
K230_CARD_BENCH v=1 run=33469008682412 event=present frame_id=1962 t_ns=33503866340000 presented=1 clock=monotonic
K230_CARD_BENCH v=1 run=33469008682412 event=present frame_id=1961 t_ns=33503828024000 presented=1 clock=monotonic
K230_CARD_BENCH v=1 run=33469008682412 event=present frame_id=1960 t_ns=33503789696000 presented=1 clock=monotonic
K230_CARD_BENCH v=1 run=33469008682412 event=submit input_id=116 frame_id=1960 t_ns=33503773714047 update_cpu_ns=14728653 final=0
K230_CARD_BENCH v=1 run=33469008682412 event=present frame_id=1959 t_ns=33503713054000 presented=1 clock=monotonic
K230_CARD_BENCH v=1 run=33469008682412 event=input input_id=116 gesture_id=15 kind=motion t_ns=33503703632294 source=injected
K230_CARD_SHELL state mode=2 actions=1 message=0 cards=2
K230_CARD_BENCH v=1 run=33469008682412 event=present frame_id=1958 t_ns=33503655573000 presented=1 clock=monotonic
K230_CARD_BENCH v=1 run=33469008682412 event=present frame_id=1957 t_ns=33503617252000 presented=1 clock=monotonic
K230_CARD_BENCH v=1 run=33469008682412 event=present frame_id=1956 t_ns=33503578930000 presented=1 clock=monotonic
K230_CARD_SHELL live cards=2 commits=1621 sampled=3214 frame-done=3214 output-presented=1372
K230_CARD_BENCH v=1 run=33469008682412 event=resource phase=active t_ns=33503581734673 cpu_ns=44129235000 memory_bytes=27602944 scope=session
K230_CARD_BENCH v=1 run=33469008682412 event=resource phase=active t_ns=33503581734673 cpu_ns=28320792219 memory_bytes=34480128 scope=compositor
K230_CARD_SHELL state mode=2 actions=1 message=0 cards=2
K230_CARD_BENCH v=1 run=33469008682412 event=present frame_id=1955 t_ns=33503540609000 presented=1 clock=monotonic
K230_CARD_BENCH v=1 run=33469008682412 event=present frame_id=1954 t_ns=33503502288000 presented=1 clock=monotonic
K230_CARD_BENCH v=1 run=33469008682412 event=present frame_id=1953 t_ns=33503463966000 presented=1 clock=monotonic
K230_CARD_BENCH v=1 run=33469008682412 event=present frame_id=1952 t_ns=33503425646000 presented=1 clock=monotonic
K230_CARD_BENCH v=1 run=33469008682412 event=present frame_id=1951 t_ns=33503387324000 presented=1 clock=monotonic
K230_CARD_BENCH v=1 run=33469008682412 event=present frame_id=1950 t_ns=33503349004000 presented=1 clock=monotonic
K230_CARD_BENCH v=1 run=33469008682412 event=present frame_id=1949 t_ns=33503310683000 presented=1 clock=monotonic
K230_CARD_BENCH v=1 run=33469008682412 event=present frame_id=1948 t_ns=33503272361000 presented=1 clock=monotonic
K230_CARD_BENCH v=1 run=33469008682412 event=present frame_id=1947 t_ns=33503253199000 presented=1 clock=monotonic
K230_CARD_BENCH v=1 run=33469008682412 event=present frame_id=1946 t_ns=33503214876000 presented=1 clock=monotonic
K230_CARD_BENCH v=1 run=33469008682412 event=present frame_id=1945 t_ns=33503195717000 presented=1 clock=monotonic
K230_CARD_BENCH v=1 run=33469008682412 event=present frame_id=1944 t_ns=33503157398000 presented=1 clock=monotonic
K230_CARD_BENCH v=1 run=33469008682412 event=present frame_id=1943 t_ns=33503119076000 presented=1 clock=monotonic
K230_CARD_BENCH v=1 run=33469008682412 event=present frame_id=1942 t_ns=33503080753000 presented=1 clock=monotonic
K230_CARD_BENCH v=1 run=33469008682412 event=present frame_id=1941 t_ns=33503061593000 presented=1 clock=monotonic
K230_CARD_BENCH v=1 run=33469008682412 event=present frame_id=1940 t_ns=33503023272000 presented=1 clock=monotonic
K230_CARD_BENCH v=1 run=33469008682412 event=submit input_id=115 frame_id=1940 t_ns=33503020584590 update_cpu_ns=17767945 final=1
K230_CARD_BENCH v=1 run=33469008682412 event=present frame_id=1939 t_ns=33503004116000 presented=1 clock=monotonic
K230_CARD_BENCH v=1 run=33469008682412 event=input input_id=115 gesture_id=14 kind=release t_ns=33502988993323 source=injected
K230_CARD_SHELL state mode=1 actions=1 message=0 cards=2
K230_CARD_BENCH v=1 run=33469008682412 event=present frame_id=1938 t_ns=33502927469000 presented=1 clock=monotonic
K230_CARD_BENCH v=1 run=33469008682412 event=submit input_id=114 frame_id=1938 t_ns=33502920391781 update_cpu_ns=21766483 final=0
K230_CARD_BENCH v=1 run=33469008682412 event=present frame_id=1937 t_ns=33502889149000 presented=1 clock=monotonic
K230_CARD_BENCH v=1 run=33469008682412 event=input input_id=114 gesture_id=14 kind=motion t_ns=33502874595606 source=injected
K230_CARD_SHELL state mode=2 actions=1 message=0 cards=2
K230_CARD_BENCH v=1 run=33469008682412 event=present frame_id=1936 t_ns=33502812507000 presented=1 clock=monotonic
K230_CARD_BENCH v=1 run=33469008682412 event=submit input_id=113 frame_id=1936 t_ns=33502807132323 update_cpu_ns=22388190 final=0
K230_CARD_BENCH v=1 run=33469008682412 event=present frame_id=1935 t_ns=33502774185000 presented=1 clock=monotonic
K230_CARD_BENCH v=1 run=33469008682412 event=input input_id=113 gesture_id=14 kind=motion t_ns=33502763926435 source=injected
K230_CARD_SHELL state mode=2 actions=1 message=0 cards=2
K230_CARD_BENCH v=1 run=33469008682412 event=present frame_id=1934 t_ns=33502697542000 presented=1 clock=monotonic
K230_CARD_BENCH v=1 run=33469008682412 event=present frame_id=1933 t_ns=33502659220000 presented=1 clock=monotonic
K230_CARD_BENCH v=1 run=33469008682412 event=present frame_id=1932 t_ns=33502563418000 presented=1 clock=monotonic
K230_CARD_BENCH v=1 run=33469008682412 event=resource phase=active t_ns=33502581398897 cpu_ns=43550496000 memory_bytes=27602944 scope=session
K230_CARD_BENCH v=1 run=33469008682412 event=resource phase=active t_ns=33502581398897 cpu_ns=27902372770 memory_bytes=34480128 scope=compositor
K230_CARD_BENCH v=1 run=33469008682412 event=submit input_id=112 frame_id=1932 t_ns=33502561030560 update_cpu_ns=21981600 final=0
K230_CARD_BENCH v=1 run=33469008682412 event=present frame_id=1931 t_ns=33502486776000 presented=1 clock=monotonic
K230_CARD_BENCH v=1 run=33469008682412 event=input input_id=112 gesture_id=14 kind=motion t_ns=33502488275669 source=injected
K230_CARD_SHELL state mode=2 actions=1 message=0 cards=2
K230_CARD_BENCH v=1 run=33469008682412 event=present frame_id=1930 t_ns=33502429295000 presented=1 clock=monotonic
K230_CARD_BENCH v=1 run=33469008682412 event=present frame_id=1929 t_ns=33502371811000 presented=1 clock=monotonic
K230_CARD_BENCH v=1 run=33469008682412 event=submit input_id=111 frame_id=1929 t_ns=33502361814231 update_cpu_ns=21575022 final=0
K230_CARD_BENCH v=1 run=33469008682412 event=present frame_id=1928 t_ns=33502295169000 presented=1 clock=monotonic
K230_CARD_BENCH v=1 run=33469008682412 event=input input_id=111 gesture_id=14 kind=motion t_ns=33502292544153 source=injected
K230_CARD_SHELL state mode=2 actions=1 message=0 cards=2
K230_CARD_BENCH v=1 run=33469008682412 event=present frame_id=1927 t_ns=33502256848000 presented=1 clock=monotonic
K230_CARD_BENCH v=1 run=33469008682412 event=present frame_id=1926 t_ns=33502180208000 presented=1 clock=monotonic
K230_CARD_BENCH v=1 run=33469008682412 event=submit input_id=110 frame_id=1926 t_ns=33502176942288 update_cpu_ns=22052820 final=0
K230_CARD_BENCH v=1 run=33469008682412 event=present frame_id=1925 t_ns=33502141884000 presented=1 clock=monotonic
K230_CARD_BENCH v=1 run=33469008682412 event=input input_id=110 gesture_id=14 kind=motion t_ns=33502128818373 source=injected
K230_CARD_SHELL state mode=2 actions=1 message=0 cards=2
K230_CARD_BENCH v=1 run=33469008682412 event=present frame_id=1924 t_ns=33502065242000 presented=1 clock=monotonic
K230_CARD_BENCH v=1 run=33469008682412 event=submit input_id=109 frame_id=1924 t_ns=33502053249648 update_cpu_ns=21909016 final=0
K230_CARD_BENCH v=1 run=33469008682412 event=present frame_id=1923 t_ns=33502007759000 presented=1 clock=monotonic
K230_CARD_BENCH v=1 run=33469008682412 event=input input_id=109 gesture_id=14 kind=motion t_ns=33502007917458 source=injected
K230_CARD_SHELL state mode=2 actions=1 message=0 cards=2
K230_CARD_BENCH v=1 run=33469008682412 event=present frame_id=1922 t_ns=33501969439000 presented=1 clock=monotonic
K230_CARD_BENCH v=1 run=33469008682412 event=present frame_id=1921 t_ns=33501873636000 presented=1 clock=monotonic
K230_CARD_BENCH v=1 run=33469008682412 event=submit input_id=108 frame_id=1921 t_ns=33501860880134 update_cpu_ns=22171833 final=0
K230_CARD_BENCH v=1 run=33469008682412 event=present frame_id=1920 t_ns=33501816155000 presented=1 clock=monotonic
K230_CARD_BENCH v=1 run=33469008682412 event=input input_id=108 gesture_id=14 kind=motion t_ns=33501807525612 source=injected
K230_CARD_SHELL state mode=2 actions=1 message=0 cards=2
K230_CARD_BENCH v=1 run=33469008682412 event=present frame_id=1919 t_ns=33501739513000 presented=1 clock=monotonic
K230_CARD_BENCH v=1 run=33469008682412 event=present frame_id=1918 t_ns=33501701190000 presented=1 clock=monotonic
K230_CARD_BENCH v=1 run=33469008682412 event=present frame_id=1917 t_ns=33501624549000 presented=1 clock=monotonic
K230_CARD_BENCH v=1 run=33469008682412 event=submit input_id=107 frame_id=1917 t_ns=33501622502225 update_cpu_ns=23028047 final=0
K230_CARD_BENCH v=1 run=33469008682412 event=present frame_id=1916 t_ns=33501586241000 presented=1 clock=monotonic
K230_CARD_BENCH v=1 run=33469008682412 event=input input_id=107 gesture_id=14 kind=motion t_ns=33501582082910 source=injected
K230_CARD_SHELL state mode=2 actions=1 message=0 cards=2
K230_CARD_BENCH v=1 run=33469008682412 event=resource phase=active t_ns=33501576908523 cpu_ns=43049954000 memory_bytes=27598848 scope=session
K230_CARD_BENCH v=1 run=33469008682412 event=resource phase=active t_ns=33501576908523 cpu_ns=27545374301 memory_bytes=34480128 scope=compositor
K230_CARD_BENCH v=1 run=33469008682412 event=present frame_id=1915 t_ns=33501509586000 presented=1 clock=monotonic
K230_CARD_BENCH v=1 run=33469008682412 event=present frame_id=1914 t_ns=33501471263000 presented=1 clock=monotonic
K230_CARD_BENCH v=1 run=33469008682412 event=present frame_id=1913 t_ns=33501413781000 presented=1 clock=monotonic
K230_CARD_BENCH v=1 run=33469008682412 event=submit input_id=106 frame_id=1913 t_ns=33501394687969 update_cpu_ns=21167376 final=0
K230_CARD_BENCH v=1 run=33469008682412 event=present frame_id=1912 t_ns=33501356300000 presented=1 clock=monotonic
K230_CARD_BENCH v=1 run=33469008682412 event=input input_id=106 gesture_id=14 kind=motion t_ns=33501353518716 source=injected
K230_CARD_SHELL state mode=2 actions=1 message=0 cards=2
K230_CARD_BENCH v=1 run=33469008682412 event=present frame_id=1911 t_ns=33501241336000 presented=1 clock=monotonic
K230_CARD_BENCH v=1 run=33469008682412 event=submit input_id=105 frame_id=1911 t_ns=33501233402809 update_cpu_ns=20852156 final=0
K230_CARD_BENCH v=1 run=33469008682412 event=present frame_id=1910 t_ns=33501203016000 presented=1 clock=monotonic
K230_CARD_BENCH v=1 run=33469008682412 event=input input_id=105 gesture_id=14 kind=motion t_ns=33501187935954 source=injected
K230_CARD_SHELL state mode=2 actions=1 message=0 cards=2
K230_CARD_BENCH v=1 run=33469008682412 event=present frame_id=1909 t_ns=33501126387000 presented=1 clock=monotonic
K230_CARD_BENCH v=1 run=33469008682412 event=present frame_id=1908 t_ns=33501088051000 presented=1 clock=monotonic
K230_CARD_BENCH v=1 run=33469008682412 event=present frame_id=1907 t_ns=33501030571000 presented=1 clock=monotonic
K230_CARD_BENCH v=1 run=33469008682412 event=submit input_id=104 frame_id=1907 t_ns=33501007991660 update_cpu_ns=20420042 final=0
K230_CARD_BENCH v=1 run=33469008682412 event=present frame_id=1906 t_ns=33500973088000 presented=1 clock=monotonic
K230_CARD_BENCH v=1 run=33469008682412 event=input input_id=104 gesture_id=14 kind=motion t_ns=33500972825100 source=injected
K230_CARD_SHELL state mode=2 actions=1 message=0 cards=2
K230_CARD_BENCH v=1 run=33469008682412 event=present frame_id=1905 t_ns=33500915605000 presented=1 clock=monotonic
K230_CARD_BENCH v=1 run=33469008682412 event=present frame_id=1904 t_ns=33500877284000 presented=1 clock=monotonic
K230_CARD_BENCH v=1 run=33469008682412 event=present frame_id=1903 t_ns=33500800642000 presented=1 clock=monotonic
K230_CARD_BENCH v=1 run=33469008682412 event=submit input_id=103 frame_id=1903 t_ns=33500796187069 update_cpu_ns=19889615 final=0
K230_CARD_BENCH v=1 run=33469008682412 event=present frame_id=1902 t_ns=33500762337000 presented=1 clock=monotonic
K230_CARD_BENCH v=1 run=33469008682412 event=input input_id=103 gesture_id=14 kind=motion t_ns=33500758215008 source=injected
K230_CARD_SHELL state mode=2 actions=1 message=0 cards=2
K230_CARD_SHELL live cards=2 commits=1529 sampled=3032 frame-done=3032 output-presented=1318
K230_CARD_BENCH v=1 run=33469008682412 event=present frame_id=1901 t_ns=33500666526000 presented=1 clock=monotonic
K230_CARD_BENCH v=1 run=33469008682412 event=present frame_id=1900 t_ns=33500609035000 presented=1 clock=monotonic
K230_CARD_BENCH v=1 run=33469008682412 event=submit input_id=102 frame_id=1900 t_ns=33500604761143 update_cpu_ns=19876493 final=0
K230_CARD_BENCH v=1 run=33469008682412 event=present frame_id=1899 t_ns=33500551553000 presented=1 clock=monotonic
K230_CARD_BENCH v=1 run=33469008682412 event=input input_id=102 gesture_id=14 kind=motion t_ns=33500537481367 source=injected
K230_CARD_SHELL state mode=2 actions=1 message=0 cards=2
K230_CARD_BENCH v=1 run=33469008682412 event=resource phase=active t_ns=33500536557064 cpu_ns=42522571000 memory_bytes=27594752 scope=session
K230_CARD_BENCH v=1 run=33469008682412 event=resource phase=active t_ns=33500536557064 cpu_ns=27194122933 memory_bytes=34480128 scope=compositor
K230_CARD_BENCH v=1 run=33469008682412 event=present frame_id=1898 t_ns=33500494072000 presented=1 clock=monotonic
K230_CARD_BENCH v=1 run=33469008682412 event=present frame_id=1897 t_ns=33500417430000 presented=1 clock=monotonic
K230_CARD_BENCH v=1 run=33469008682412 event=submit input_id=101 frame_id=1897 t_ns=33500416374933 update_cpu_ns=19143547 final=0
K230_CARD_BENCH v=1 run=33469008682412 event=present frame_id=1896 t_ns=33500379110000 presented=1 clock=monotonic
K230_CARD_BENCH v=1 run=33469008682412 event=input input_id=101 gesture_id=14 kind=motion t_ns=33500378049290 source=injected
K230_CARD_SHELL state mode=2 actions=1 message=0 cards=2
K230_CARD_BENCH v=1 run=33469008682412 event=present frame_id=1895 t_ns=33500321628000 presented=1 clock=monotonic
K230_CARD_BENCH v=1 run=33469008682412 event=present frame_id=1894 t_ns=33500283306000 presented=1 clock=monotonic
K230_CARD_BENCH v=1 run=33469008682412 event=present frame_id=1893 t_ns=33500206665000 presented=1 clock=monotonic
K230_CARD_BENCH v=1 run=33469008682412 event=submit input_id=100 frame_id=1893 t_ns=33500203676217 update_cpu_ns=18533595 final=0
K230_CARD_BENCH v=1 run=33469008682412 event=present frame_id=1892 t_ns=33500168342000 presented=1 clock=monotonic
K230_CARD_BENCH v=1 run=33469008682412 event=input input_id=100 gesture_id=14 kind=motion t_ns=33500162717326 source=injected
K230_CARD_SHELL state mode=2 actions=1 message=0 cards=2
K230_CARD_BENCH v=1 run=33469008682412 event=present frame_id=1891 t_ns=33500091700000 presented=1 clock=monotonic
K230_CARD_BENCH v=1 run=33469008682412 event=submit input_id=99 frame_id=1891 t_ns=33500073815253 update_cpu_ns=18269206 final=0
K230_CARD_BENCH v=1 run=33469008682412 event=present frame_id=1890 t_ns=33500015056000 presented=1 clock=monotonic
K230_CARD_BENCH v=1 run=33469008682412 event=input input_id=99 gesture_id=14 kind=motion t_ns=33500000719702 source=injected
K230_CARD_SHELL state mode=2 actions=1 message=0 cards=2
K230_CARD_BENCH v=1 run=33469008682412 event=present frame_id=1889 t_ns=33499938414000 presented=1 clock=monotonic
K230_CARD_BENCH v=1 run=33469008682412 event=present frame_id=1888 t_ns=33499900102000 presented=1 clock=monotonic
K230_CARD_BENCH v=1 run=33469008682412 event=present frame_id=1887 t_ns=33499861773000 presented=1 clock=monotonic
K230_CARD_BENCH v=1 run=33469008682412 event=submit input_id=98 frame_id=1887 t_ns=33499860771399 update_cpu_ns=17092594 final=0
K230_CARD_BENCH v=1 run=33469008682412 event=present frame_id=1886 t_ns=33499804291000 presented=1 clock=monotonic
K230_CARD_BENCH v=1 run=33469008682412 event=input input_id=98 gesture_id=14 kind=motion t_ns=33499804610002 source=injected
K230_CARD_SHELL state mode=2 actions=1 message=0 cards=2
K230_CARD_BENCH v=1 run=33469008682412 event=present frame_id=1885 t_ns=33499765968000 presented=1 clock=monotonic
K230_CARD_BENCH v=1 run=33469008682412 event=present frame_id=1884 t_ns=33499708488000 presented=1 clock=monotonic
K230_CARD_BENCH v=1 run=33469008682412 event=present frame_id=1883 t_ns=33499670169000 presented=1 clock=monotonic
K230_CARD_BENCH v=1 run=33469008682412 event=submit input_id=97 frame_id=1883 t_ns=33499658477971 update_cpu_ns=16060180 final=0
K230_CARD_BENCH v=1 run=33469008682412 event=present frame_id=1882 t_ns=33499612684000 presented=1 clock=monotonic
K230_CARD_BENCH v=1 run=33469008682412 event=input input_id=97 gesture_id=14 kind=motion t_ns=33499604530612 source=injected
K230_CARD_SHELL state mode=2 actions=1 message=0 cards=2
K230_CARD_BENCH v=1 run=33469008682412 event=present frame_id=1881 t_ns=33499574362000 presented=1 clock=monotonic
K230_CARD_BENCH v=1 run=33469008682412 event=present frame_id=1880 t_ns=33499497730000 presented=1 clock=monotonic
K230_CARD_BENCH v=1 run=33469008682412 event=resource phase=active t_ns=33499496927884 cpu_ns=42005873000 memory_bytes=27598848 scope=session
K230_CARD_BENCH v=1 run=33469008682412 event=resource phase=active t_ns=33499496927884 cpu_ns=26850550221 memory_bytes=34480128 scope=compositor
K230_CARD_BENCH v=1 run=33469008682412 event=submit input_id=96 frame_id=1880 t_ns=33499481074214 update_cpu_ns=16032355 final=0
K230_CARD_BENCH v=1 run=33469008682412 event=present frame_id=1879 t_ns=33499421078000 presented=1 clock=monotonic
K230_CARD_BENCH v=1 run=33469008682412 event=input input_id=96 gesture_id=14 kind=motion t_ns=33499412615178 source=injected
K230_CARD_SHELL state mode=2 actions=1 message=0 cards=2
K230_CARD_BENCH v=1 run=33469008682412 event=present frame_id=1878 t_ns=33499382758000 presented=1 clock=monotonic
K230_CARD_BENCH v=1 run=33469008682412 event=present frame_id=1877 t_ns=33499344435000 presented=1 clock=monotonic
K230_CARD_BENCH v=1 run=33469008682412 event=present frame_id=1876 t_ns=33499306116000 presented=1 clock=monotonic
K230_CARD_BENCH v=1 run=33469008682412 event=present frame_id=1875 t_ns=33499267794000 presented=1 clock=monotonic
K230_CARD_BENCH v=1 run=33469008682412 event=submit input_id=95 frame_id=1875 t_ns=33499262064622 update_cpu_ns=14753718 final=0
K230_CARD_BENCH v=1 run=33469008682412 event=present frame_id=1874 t_ns=33499229471000 presented=1 clock=monotonic
K230_CARD_BENCH v=1 run=33469008682412 event=input input_id=95 gesture_id=14 kind=motion t_ns=33499216506880 source=injected
K230_CARD_SHELL state mode=2 actions=1 message=0 cards=2
K230_CARD_BENCH v=1 run=33469008682412 event=present frame_id=1873 t_ns=33499191150000 presented=1 clock=monotonic
K230_CARD_BENCH v=1 run=33469008682412 event=present frame_id=1872 t_ns=33499152829000 presented=1 clock=monotonic
K230_CARD_BENCH v=1 run=33469008682412 event=present frame_id=1871 t_ns=33499114508000 presented=1 clock=monotonic
K230_CARD_BENCH v=1 run=33469008682412 event=present frame_id=1870 t_ns=33499076189000 presented=1 clock=monotonic
K230_CARD_SHELL state mode=2 actions=1 message=0 cards=2
K230_CARD_BENCH v=1 run=33469008682412 event=present frame_id=1869 t_ns=33499037867000 presented=1 clock=monotonic
K230_CARD_BENCH v=1 run=33469008682412 event=present frame_id=1868 t_ns=33498999544000 presented=1 clock=monotonic
K230_CARD_BENCH v=1 run=33469008682412 event=present frame_id=1867 t_ns=33498961224000 presented=1 clock=monotonic
K230_CARD_BENCH v=1 run=33469008682412 event=present frame_id=1866 t_ns=33498884583000 presented=1 clock=monotonic
K230_CARD_BENCH v=1 run=33469008682412 event=present frame_id=1865 t_ns=33498827099000 presented=1 clock=monotonic
K230_CARD_BENCH v=1 run=33469008682412 event=present frame_id=1864 t_ns=33498788777000 presented=1 clock=monotonic
K230_CARD_BENCH v=1 run=33469008682412 event=present frame_id=1863 t_ns=33498769617000 presented=1 clock=monotonic
K230_CARD_BENCH v=1 run=33469008682412 event=present frame_id=1862 t_ns=33498731294000 presented=1 clock=monotonic
K230_CARD_BENCH v=1 run=33469008682412 event=present frame_id=1861 t_ns=33498712135000 presented=1 clock=monotonic
K230_CARD_BENCH v=1 run=33469008682412 event=present frame_id=1860 t_ns=33498673813000 presented=1 clock=monotonic
K230_CARD_BENCH v=1 run=33469008682412 event=present frame_id=1859 t_ns=33498654653000 presented=1 clock=monotonic
K230_CARD_BENCH v=1 run=33469008682412 event=present frame_id=1858 t_ns=33498616331000 presented=1 clock=monotonic
K230_CARD_BENCH v=1 run=33469008682412 event=present frame_id=1857 t_ns=33498597171000 presented=1 clock=monotonic
K230_CARD_BENCH v=1 run=33469008682412 event=present frame_id=1856 t_ns=33498558850000 presented=1 clock=monotonic
K230_CARD_BENCH v=1 run=33469008682412 event=present frame_id=1855 t_ns=33498539689000 presented=1 clock=monotonic
K230_CARD_BENCH v=1 run=33469008682412 event=present frame_id=1854 t_ns=33498501368000 presented=1 clock=monotonic
K230_CARD_BENCH v=1 run=33469008682412 event=submit input_id=94 frame_id=1854 t_ns=33498498142089 update_cpu_ns=18146348 final=1
K230_CARD_BENCH v=1 run=33469008682412 event=present frame_id=1853 t_ns=33498482208000 presented=1 clock=monotonic
K230_CARD_BENCH v=1 run=33469008682412 event=input input_id=94 gesture_id=13 kind=release t_ns=33498473169196 source=injected
K230_CARD_SHELL state mode=1 actions=1 message=0 cards=2
K230_CARD_BENCH v=1 run=33469008682412 event=resource phase=active t_ns=33498469271767 cpu_ns=41453576000 memory_bytes=27598848 scope=session
K230_CARD_BENCH v=1 run=33469008682412 event=resource phase=active t_ns=33498469271767 cpu_ns=26432488313 memory_bytes=34480128 scope=compositor
K230_CARD_BENCH v=1 run=33469008682412 event=present frame_id=1852 t_ns=33498405565000 presented=1 clock=monotonic
K230_CARD_BENCH v=1 run=33469008682412 event=submit input_id=93 frame_id=1852 t_ns=33498401028611 update_cpu_ns=21303133 final=0
K230_CARD_BENCH v=1 run=33469008682412 event=present frame_id=1851 t_ns=33498367245000 presented=1 clock=monotonic
K230_CARD_BENCH v=1 run=33469008682412 event=input input_id=93 gesture_id=13 kind=motion t_ns=33498354074690 source=injected
K230_CARD_SHELL state mode=2 actions=1 message=0 cards=2
K230_CARD_BENCH v=1 run=33469008682412 event=present frame_id=1850 t_ns=33498271442000 presented=1 clock=monotonic
K230_CARD_BENCH v=1 run=33469008682412 event=submit input_id=92 frame_id=1850 t_ns=33498257537600 update_cpu_ns=21798780 final=0
K230_CARD_BENCH v=1 run=33469008682412 event=present frame_id=1849 t_ns=33498194799000 presented=1 clock=monotonic
K230_CARD_BENCH v=1 run=33469008682412 event=input input_id=92 gesture_id=13 kind=motion t_ns=33498190776618 source=injected
K230_CARD_SHELL state mode=2 actions=1 message=0 cards=2
K230_CARD_BENCH v=1 run=33469008682412 event=present frame_id=1848 t_ns=33498118156000 presented=1 clock=monotonic
K230_CARD_SHELL live cards=2 commits=1457 sampled=2880 frame-done=2880 output-presented=1264
K230_CARD_BENCH v=1 run=33469008682412 event=submit input_id=91 frame_id=1848 t_ns=33498113274132 update_cpu_ns=21708112 final=0
K230_CARD_BENCH v=1 run=33469008682412 event=present frame_id=1847 t_ns=33498079835000 presented=1 clock=monotonic
K230_CARD_BENCH v=1 run=33469008682412 event=input input_id=91 gesture_id=13 kind=motion t_ns=33498068519066 source=injected
K230_CARD_SHELL state mode=2 actions=1 message=0 cards=2
K230_CARD_BENCH v=1 run=33469008682412 event=present frame_id=1846 t_ns=33498003193000 presented=1 clock=monotonic
K230_CARD_BENCH v=1 run=33469008682412 event=present frame_id=1845 t_ns=33497964871000 presented=1 clock=monotonic
K230_CARD_BENCH v=1 run=33469008682412 event=present frame_id=1844 t_ns=33497888232000 presented=1 clock=monotonic
K230_CARD_BENCH v=1 run=33469008682412 event=submit input_id=90 frame_id=1844 t_ns=33497886458269 update_cpu_ns=21452394 final=0
K230_CARD_BENCH v=1 run=33469008682412 event=present frame_id=1843 t_ns=33497849909000 presented=1 clock=monotonic
K230_CARD_BENCH v=1 run=33469008682412 event=input input_id=90 gesture_id=13 kind=motion t_ns=33497848957375 source=injected
K230_CARD_SHELL state mode=2 actions=1 message=0 cards=2
K230_CARD_BENCH v=1 run=33469008682412 event=present frame_id=1842 t_ns=33497811586000 presented=1 clock=monotonic
K230_CARD_BENCH v=1 run=33469008682412 event=present frame_id=1841 t_ns=33497754107000 presented=1 clock=monotonic
K230_CARD_BENCH v=1 run=33469008682412 event=submit input_id=89 frame_id=1841 t_ns=33497739004867 update_cpu_ns=21713164 final=0
K230_CARD_BENCH v=1 run=33469008682412 event=present frame_id=1840 t_ns=33497696624000 presented=1 clock=monotonic
K230_CARD_BENCH v=1 run=33469008682412 event=input input_id=89 gesture_id=13 kind=motion t_ns=33497682558586 source=injected
K230_CARD_SHELL state mode=2 actions=1 message=0 cards=2
K230_CARD_BENCH v=1 run=33469008682412 event=present frame_id=1839 t_ns=33497581659000 presented=1 clock=monotonic
K230_CARD_BENCH v=1 run=33469008682412 event=present frame_id=1838 t_ns=33497543340000 presented=1 clock=monotonic
K230_CARD_BENCH v=1 run=33469008682412 event=present frame_id=1837 t_ns=33497466697000 presented=1 clock=monotonic
K230_CARD_BENCH v=1 run=33469008682412 event=resource phase=active t_ns=33497456305587 cpu_ns=40954756000 memory_bytes=27598848 scope=session
K230_CARD_BENCH v=1 run=33469008682412 event=resource phase=active t_ns=33497456305587 cpu_ns=26082738787 memory_bytes=34480128 scope=compositor
K230_CARD_BENCH v=1 run=33469008682412 event=submit input_id=88 frame_id=1837 t_ns=33497449904610 update_cpu_ns=21341089 final=0
K230_CARD_BENCH v=1 run=33469008682412 event=present frame_id=1836 t_ns=33497409215000 presented=1 clock=monotonic
K230_CARD_BENCH v=1 run=33469008682412 event=input input_id=88 gesture_id=13 kind=motion t_ns=33497401535881 source=injected
K230_CARD_SHELL state mode=2 actions=1 message=0 cards=2
K230_CARD_BENCH v=1 run=33469008682412 event=present frame_id=1835 t_ns=33497332572000 presented=1 clock=monotonic
K230_CARD_BENCH v=1 run=33469008682412 event=submit input_id=87 frame_id=1835 t_ns=33497327343953 update_cpu_ns=21616411 final=0
K230_CARD_BENCH v=1 run=33469008682412 event=present frame_id=1834 t_ns=33497294249000 presented=1 clock=monotonic
K230_CARD_BENCH v=1 run=33469008682412 event=input input_id=87 gesture_id=13 kind=motion t_ns=33497288892163 source=injected
K230_CARD_SHELL state mode=2 actions=1 message=0 cards=2
K230_CARD_BENCH v=1 run=33469008682412 event=present frame_id=1833 t_ns=33497217608000 presented=1 clock=monotonic
K230_CARD_BENCH v=1 run=33469008682412 event=present frame_id=1832 t_ns=33497179311000 presented=1 clock=monotonic
K230_CARD_BENCH v=1 run=33469008682412 event=present frame_id=1831 t_ns=33497140966000 presented=1 clock=monotonic
K230_CARD_BENCH v=1 run=33469008682412 event=submit input_id=86 frame_id=1831 t_ns=33497138657588 update_cpu_ns=21260123 final=0
K230_CARD_BENCH v=1 run=33469008682412 event=present frame_id=1830 t_ns=33497064324000 presented=1 clock=monotonic
K230_CARD_BENCH v=1 run=33469008682412 event=input input_id=86 gesture_id=13 kind=motion t_ns=33497074396709 source=injected
K230_CARD_SHELL state mode=2 actions=1 message=0 cards=2
K230_CARD_BENCH v=1 run=33469008682412 event=present frame_id=1829 t_ns=33496987680000 presented=1 clock=monotonic
K230_CARD_BENCH v=1 run=33469008682412 event=present frame_id=1828 t_ns=33496911038000 presented=1 clock=monotonic
K230_CARD_BENCH v=1 run=33469008682412 event=submit input_id=85 frame_id=1828 t_ns=33496906538335 update_cpu_ns=21076479 final=0
K230_CARD_BENCH v=1 run=33469008682412 event=present frame_id=1827 t_ns=33496872718000 presented=1 clock=monotonic
K230_CARD_BENCH v=1 run=33469008682412 event=input input_id=85 gesture_id=13 kind=motion t_ns=33496862556798 source=injected
K230_CARD_SHELL state mode=2 actions=1 message=0 cards=2
K230_CARD_BENCH v=1 run=33469008682412 event=present frame_id=1826 t_ns=33496796075000 presented=1 clock=monotonic
K230_CARD_BENCH v=1 run=33469008682412 event=present frame_id=1825 t_ns=33496757754000 presented=1 clock=monotonic
K230_CARD_BENCH v=1 run=33469008682412 event=present frame_id=1824 t_ns=33496700271000 presented=1 clock=monotonic
K230_CARD_BENCH v=1 run=33469008682412 event=submit input_id=84 frame_id=1824 t_ns=33496682380785 update_cpu_ns=20384459 final=0
K230_CARD_BENCH v=1 run=33469008682412 event=present frame_id=1823 t_ns=33496642789000 presented=1 clock=monotonic
K230_CARD_BENCH v=1 run=33469008682412 event=input input_id=84 gesture_id=13 kind=motion t_ns=33496632294333 source=injected
K230_CARD_SHELL state mode=2 actions=1 message=0 cards=2
K230_CARD_BENCH v=1 run=33469008682412 event=present frame_id=1822 t_ns=33496566148000 presented=1 clock=monotonic
K230_CARD_BENCH v=1 run=33469008682412 event=submit input_id=83 frame_id=1822 t_ns=33496559761015 update_cpu_ns=20334750 final=0
K230_CARD_BENCH v=1 run=33469008682412 event=present frame_id=1821 t_ns=33496527825000 presented=1 clock=monotonic
K230_CARD_BENCH v=1 run=33469008682412 event=input input_id=83 gesture_id=13 kind=motion t_ns=33496512499694 source=injected
K230_CARD_SHELL state mode=2 actions=1 message=0 cards=2
K230_CARD_BENCH v=1 run=33469008682412 event=present frame_id=1820 t_ns=33496432053000 presented=1 clock=monotonic
K230_CARD_BENCH v=1 run=33469008682412 event=resource phase=active t_ns=33496446028069 cpu_ns=40442025000 memory_bytes=27594752 scope=session
K230_CARD_BENCH v=1 run=33469008682412 event=resource phase=active t_ns=33496446028069 cpu_ns=25720820330 memory_bytes=34480128 scope=compositor
K230_CARD_BENCH v=1 run=33469008682412 event=present frame_id=1819 t_ns=33496355382000 presented=1 clock=monotonic
K230_CARD_BENCH v=1 run=33469008682412 event=submit input_id=82 frame_id=1819 t_ns=33496339927543 update_cpu_ns=19314242 final=0
K230_CARD_BENCH v=1 run=33469008682412 event=present frame_id=1818 t_ns=33496278737000 presented=1 clock=monotonic
K230_CARD_BENCH v=1 run=33469008682412 event=input input_id=82 gesture_id=13 kind=motion t_ns=33496276563817 source=injected
K230_CARD_SHELL state mode=2 actions=1 message=0 cards=2
K230_CARD_BENCH v=1 run=33469008682412 event=present frame_id=1817 t_ns=33496240416000 presented=1 clock=monotonic
K230_CARD_BENCH v=1 run=33469008682412 event=present frame_id=1816 t_ns=33496182935000 presented=1 clock=monotonic
K230_CARD_BENCH v=1 run=33469008682412 event=present frame_id=1815 t_ns=33496144614000 presented=1 clock=monotonic
K230_CARD_BENCH v=1 run=33469008682412 event=submit input_id=81 frame_id=1815 t_ns=33496125767183 update_cpu_ns=18942937 final=0
K230_CARD_BENCH v=1 run=33469008682412 event=present frame_id=1814 t_ns=33496067970000 presented=1 clock=monotonic
K230_CARD_BENCH v=1 run=33469008682412 event=input input_id=81 gesture_id=13 kind=motion t_ns=33496072139142 source=injected
K230_CARD_SHELL state mode=2 actions=1 message=0 cards=2
K230_CARD_BENCH v=1 run=33469008682412 event=present frame_id=1813 t_ns=33496029651000 presented=1 clock=monotonic
K230_CARD_BENCH v=1 run=33469008682412 event=present frame_id=1812 t_ns=33495972173000 presented=1 clock=monotonic
K230_CARD_BENCH v=1 run=33469008682412 event=submit input_id=80 frame_id=1812 t_ns=33495962809498 update_cpu_ns=18893999 final=0
K230_CARD_BENCH v=1 run=33469008682412 event=present frame_id=1811 t_ns=33495933847000 presented=1 clock=monotonic
K230_CARD_BENCH v=1 run=33469008682412 event=input input_id=80 gesture_id=13 kind=motion t_ns=33495923594916 source=injected
K230_CARD_SHELL state mode=2 actions=1 message=0 cards=2
K230_CARD_BENCH v=1 run=33469008682412 event=present frame_id=1810 t_ns=33495857205000 presented=1 clock=monotonic
K230_CARD_BENCH v=1 run=33469008682412 event=present frame_id=1809 t_ns=33495780565000 presented=1 clock=monotonic
K230_CARD_BENCH v=1 run=33469008682412 event=submit input_id=79 frame_id=1809 t_ns=33495775386124 update_cpu_ns=17929471 final=0
K230_CARD_BENCH v=1 run=33469008682412 event=present frame_id=1808 t_ns=33495742257000 presented=1 clock=monotonic
K230_CARD_BENCH v=1 run=33469008682412 event=input input_id=79 gesture_id=13 kind=motion t_ns=33495743944919 source=injected
K230_CARD_SHELL state mode=2 actions=1 message=0 cards=2
K230_CARD_BENCH v=1 run=33469008682412 event=present frame_id=1807 t_ns=33495684759000 presented=1 clock=monotonic
K230_CARD_BENCH v=1 run=33469008682412 event=present frame_id=1806 t_ns=33495646437000 presented=1 clock=monotonic
K230_CARD_BENCH v=1 run=33469008682412 event=present frame_id=1805 t_ns=33495588956000 presented=1 clock=monotonic
K230_CARD_BENCH v=1 run=33469008682412 event=submit input_id=78 frame_id=1805 t_ns=33495580444173 update_cpu_ns=18109798 final=0
K230_CARD_BENCH v=1 run=33469008682412 event=present frame_id=1804 t_ns=33495550634000 presented=1 clock=monotonic
K230_CARD_BENCH v=1 run=33469008682412 event=input input_id=78 gesture_id=13 kind=motion t_ns=33495532743680 source=injected
K230_CARD_SHELL state mode=2 actions=1 message=0 cards=2
K230_CARD_BENCH v=1 run=33469008682412 event=present frame_id=1803 t_ns=33495473992000 presented=1 clock=monotonic
K230_CARD_BENCH v=1 run=33469008682412 event=present frame_id=1802 t_ns=33495435673000 presented=1 clock=monotonic
K230_CARD_BENCH v=1 run=33469008682412 event=resource phase=active t_ns=33495433803881 cpu_ns=39932604000 memory_bytes=27598848 scope=session
K230_CARD_BENCH v=1 run=33469008682412 event=resource phase=active t_ns=33495433803881 cpu_ns=25379949906 memory_bytes=34480128 scope=compositor
K230_CARD_BENCH v=1 run=33469008682412 event=present frame_id=1801 t_ns=33495378190000 presented=1 clock=monotonic
K230_CARD_BENCH v=1 run=33469008682412 event=submit input_id=77 frame_id=1801 t_ns=33495369044866 update_cpu_ns=17454350 final=0
K230_CARD_BENCH v=1 run=33469008682412 event=present frame_id=1800 t_ns=33495339867000 presented=1 clock=monotonic
K230_CARD_BENCH v=1 run=33469008682412 event=input input_id=77 gesture_id=13 kind=motion t_ns=33495325913669 source=injected
K230_CARD_SHELL state mode=2 actions=1 message=0 cards=2
K230_CARD_BENCH v=1 run=33469008682412 event=present frame_id=1799 t_ns=33495244070000 presented=1 clock=monotonic
K230_CARD_BENCH v=1 run=33469008682412 event=present frame_id=1798 t_ns=33495186584000 presented=1 clock=monotonic
K230_CARD_BENCH v=1 run=33469008682412 event=present frame_id=1797 t_ns=33495129101000 presented=1 clock=monotonic
K230_CARD_BENCH v=1 run=33469008682412 event=submit input_id=76 frame_id=1797 t_ns=33495120809677 update_cpu_ns=16714726 final=0
K230_CARD_BENCH v=1 run=33469008682412 event=present frame_id=1796 t_ns=33495090781000 presented=1 clock=monotonic
K230_CARD_BENCH v=1 run=33469008682412 event=input input_id=76 gesture_id=13 kind=motion t_ns=33495083253336 source=injected
K230_CARD_SHELL state mode=2 actions=1 message=0 cards=2
K230_CARD_BENCH v=1 run=33469008682412 event=present frame_id=1795 t_ns=33495033298000 presented=1 clock=monotonic
K230_CARD_BENCH v=1 run=33469008682412 event=present frame_id=1794 t_ns=33494994978000 presented=1 clock=monotonic
K230_CARD_BENCH v=1 run=33469008682412 event=present frame_id=1793 t_ns=33494937496000 presented=1 clock=monotonic
K230_CARD_BENCH v=1 run=33469008682412 event=submit input_id=75 frame_id=1793 t_ns=33494930990893 update_cpu_ns=15892441 final=0
K230_CARD_BENCH v=1 run=33469008682412 event=present frame_id=1792 t_ns=33494899173000 presented=1 clock=monotonic
K230_CARD_BENCH v=1 run=33469008682412 event=input input_id=75 gesture_id=13 kind=motion t_ns=33494888636597 source=injected
K230_CARD_SHELL state mode=2 actions=1 message=0 cards=2
K230_CARD_BENCH v=1 run=33469008682412 event=present frame_id=1791 t_ns=33494860853000 presented=1 clock=monotonic
K230_CARD_BENCH v=1 run=33469008682412 event=present frame_id=1790 t_ns=33494822531000 presented=1 clock=monotonic
K230_CARD_BENCH v=1 run=33469008682412 event=present frame_id=1789 t_ns=33494784211000 presented=1 clock=monotonic
K230_CARD_SHELL live cards=2 commits=1373 sampled=2706 frame-done=2706 output-presented=1205
K230_CARD_BENCH v=1 run=33469008682412 event=present frame_id=1788 t_ns=33494745888000 presented=1 clock=monotonic
K230_CARD_BENCH v=1 run=33469008682412 event=submit input_id=74 frame_id=1788 t_ns=33494735573957 update_cpu_ns=15040100 final=0
K230_CARD_BENCH v=1 run=33469008682412 event=present frame_id=1787 t_ns=33494707568000 presented=1 clock=monotonic
K230_CARD_BENCH v=1 run=33469008682412 event=input input_id=74 gesture_id=13 kind=motion t_ns=33494695123413 source=injected
K230_CARD_SHELL state mode=2 actions=1 message=0 cards=2
K230_CARD_BENCH v=1 run=33469008682412 event=present frame_id=1786 t_ns=33494650087000 presented=1 clock=monotonic
K230_CARD_BENCH v=1 run=33469008682412 event=present frame_id=1785 t_ns=33494573443000 presented=1 clock=monotonic
K230_CARD_SHELL state mode=2 actions=1 message=0 cards=2
K230_CARD_BENCH v=1 run=33469008682412 event=present frame_id=1784 t_ns=33494535121000 presented=1 clock=monotonic
K230_CARD_BENCH v=1 run=33469008682412 event=present frame_id=1783 t_ns=33494496800000 presented=1 clock=monotonic
K230_CARD_BENCH v=1 run=33469008682412 event=present frame_id=1782 t_ns=33494458480000 presented=1 clock=monotonic
K230_CARD_BENCH v=1 run=33469008682412 event=present frame_id=1781 t_ns=33494420162000 presented=1 clock=monotonic
K230_CARD_BENCH v=1 run=33469008682412 event=resource phase=active t_ns=33494416529753 cpu_ns=39424609000 memory_bytes=27594752 scope=session
K230_CARD_BENCH v=1 run=33469008682412 event=resource phase=active t_ns=33494416529753 cpu_ns=25038608198 memory_bytes=34480128 scope=compositor
K230_CARD_BENCH v=1 run=33469008682412 event=present frame_id=1780 t_ns=33494381837000 presented=1 clock=monotonic
K230_CARD_BENCH v=1 run=33469008682412 event=present frame_id=1779 t_ns=33494343515000 presented=1 clock=monotonic
K230_CARD_BENCH v=1 run=33469008682412 event=present frame_id=1778 t_ns=33494286032000 presented=1 clock=monotonic
K230_CARD_BENCH v=1 run=33469008682412 event=present frame_id=1777 t_ns=33494266873000 presented=1 clock=monotonic
K230_CARD_BENCH v=1 run=33469008682412 event=present frame_id=1776 t_ns=33494228552000 presented=1 clock=monotonic
K230_CARD_BENCH v=1 run=33469008682412 event=present frame_id=1775 t_ns=33494209391000 presented=1 clock=monotonic
K230_CARD_BENCH v=1 run=33469008682412 event=present frame_id=1774 t_ns=33494171068000 presented=1 clock=monotonic
K230_CARD_BENCH v=1 run=33469008682412 event=present frame_id=1773 t_ns=33494151910000 presented=1 clock=monotonic
K230_CARD_BENCH v=1 run=33469008682412 event=present frame_id=1772 t_ns=33494113588000 presented=1 clock=monotonic
K230_CARD_BENCH v=1 run=33469008682412 event=present frame_id=1771 t_ns=33494094429000 presented=1 clock=monotonic
K230_CARD_BENCH v=1 run=33469008682412 event=present frame_id=1770 t_ns=33494056110000 presented=1 clock=monotonic
K230_CARD_BENCH v=1 run=33469008682412 event=submit input_id=73 frame_id=1770 t_ns=33494048524096 update_cpu_ns=17619316 final=1
K230_CARD_BENCH v=1 run=33469008682412 event=present frame_id=1769 t_ns=33494017786000 presented=1 clock=monotonic
K230_CARD_BENCH v=1 run=33469008682412 event=input input_id=73 gesture_id=12 kind=release t_ns=33494005953324 source=injected
K230_CARD_SHELL state mode=1 actions=1 message=0 cards=2
K230_CARD_BENCH v=1 run=33469008682412 event=present frame_id=1768 t_ns=33493960304000 presented=1 clock=monotonic
K230_CARD_BENCH v=1 run=33469008682412 event=submit input_id=72 frame_id=1768 t_ns=33493951667746 update_cpu_ns=21873061 final=0
K230_CARD_BENCH v=1 run=33469008682412 event=present frame_id=1767 t_ns=33493921982000 presented=1 clock=monotonic
K230_CARD_BENCH v=1 run=33469008682412 event=input input_id=72 gesture_id=12 kind=motion t_ns=33493913090067 source=injected
K230_CARD_SHELL state mode=2 actions=1 message=0 cards=2
K230_CARD_BENCH v=1 run=33469008682412 event=present frame_id=1766 t_ns=33493845340000 presented=1 clock=monotonic
K230_CARD_BENCH v=1 run=33469008682412 event=present frame_id=1765 t_ns=33493807020000 presented=1 clock=monotonic
K230_CARD_BENCH v=1 run=33469008682412 event=present frame_id=1764 t_ns=33493730378000 presented=1 clock=monotonic
K230_CARD_BENCH v=1 run=33469008682412 event=submit input_id=71 frame_id=1764 t_ns=33493724502571 update_cpu_ns=21899717 final=0
K230_CARD_BENCH v=1 run=33469008682412 event=present frame_id=1763 t_ns=33493692058000 presented=1 clock=monotonic
K230_CARD_BENCH v=1 run=33469008682412 event=input input_id=71 gesture_id=12 kind=motion t_ns=33493684756003 source=injected
K230_CARD_SHELL state mode=2 actions=1 message=0 cards=2
K230_CARD_BENCH v=1 run=33469008682412 event=present frame_id=1762 t_ns=33493615413000 presented=1 clock=monotonic
K230_CARD_BENCH v=1 run=33469008682412 event=submit input_id=70 frame_id=1762 t_ns=33493611083901 update_cpu_ns=22121591 final=0
K230_CARD_BENCH v=1 run=33469008682412 event=present frame_id=1761 t_ns=33493577093000 presented=1 clock=monotonic
K230_CARD_BENCH v=1 run=33469008682412 event=input input_id=70 gesture_id=12 kind=motion t_ns=33493564576255 source=injected
K230_CARD_SHELL state mode=2 actions=1 message=0 cards=2
K230_CARD_BENCH v=1 run=33469008682412 event=present frame_id=1760 t_ns=33493481286000 presented=1 clock=monotonic
K230_CARD_BENCH v=1 run=33469008682412 event=present frame_id=1759 t_ns=33493404645000 presented=1 clock=monotonic
K230_CARD_BENCH v=1 run=33469008682412 event=resource phase=active t_ns=33493402690336 cpu_ns=38860871000 memory_bytes=27594752 scope=session
K230_CARD_BENCH v=1 run=33469008682412 event=resource phase=active t_ns=33493402690336 cpu_ns=24632617227 memory_bytes=34480128 scope=compositor
K230_CARD_BENCH v=1 run=33469008682412 event=present frame_id=1758 t_ns=33493366333000 presented=1 clock=monotonic
K230_CARD_BENCH v=1 run=33469008682412 event=submit input_id=69 frame_id=1758 t_ns=33493363780741 update_cpu_ns=21689302 final=0
K230_CARD_BENCH v=1 run=33469008682412 event=present frame_id=1757 t_ns=33493308843000 presented=1 clock=monotonic
K230_CARD_BENCH v=1 run=33469008682412 event=input input_id=69 gesture_id=12 kind=motion t_ns=33493300651521 source=injected
K230_CARD_SHELL state mode=2 actions=1 message=0 cards=2
K230_CARD_BENCH v=1 run=33469008682412 event=present frame_id=1756 t_ns=33493251361000 presented=1 clock=monotonic
K230_CARD_BENCH v=1 run=33469008682412 event=present frame_id=1755 t_ns=33493174721000 presented=1 clock=monotonic
K230_CARD_BENCH v=1 run=33469008682412 event=submit input_id=68 frame_id=1755 t_ns=33493169679196 update_cpu_ns=21978070 final=0
K230_CARD_BENCH v=1 run=33469008682412 event=present frame_id=1754 t_ns=33493136401000 presented=1 clock=monotonic
K230_CARD_BENCH v=1 run=33469008682412 event=input input_id=68 gesture_id=12 kind=motion t_ns=33493126634735 source=injected
K230_CARD_SHELL state mode=2 actions=1 message=0 cards=2
K230_CARD_BENCH v=1 run=33469008682412 event=present frame_id=1753 t_ns=33493059754000 presented=1 clock=monotonic
K230_CARD_BENCH v=1 run=33469008682412 event=present frame_id=1752 t_ns=33493021433000 presented=1 clock=monotonic
K230_CARD_BENCH v=1 run=33469008682412 event=submit input_id=67 frame_id=1752 t_ns=33493002539706 update_cpu_ns=21401901 final=0
K230_CARD_BENCH v=1 run=33469008682412 event=present frame_id=1751 t_ns=33492944795000 presented=1 clock=monotonic
K230_CARD_BENCH v=1 run=33469008682412 event=input input_id=67 gesture_id=12 kind=motion t_ns=33492936099853 source=injected
K230_CARD_SHELL state mode=2 actions=1 message=0 cards=2
K230_CARD_BENCH v=1 run=33469008682412 event=present frame_id=1750 t_ns=33492887309000 presented=1 clock=monotonic
K230_CARD_BENCH v=1 run=33469008682412 event=present frame_id=1749 t_ns=33492772347000 presented=1 clock=monotonic
K230_CARD_BENCH v=1 run=33469008682412 event=submit input_id=66 frame_id=1749 t_ns=33492766448333 update_cpu_ns=21704836 final=0
K230_CARD_BENCH v=1 run=33469008682412 event=present frame_id=1748 t_ns=33492734025000 presented=1 clock=monotonic
K230_CARD_BENCH v=1 run=33469008682412 event=input input_id=66 gesture_id=12 kind=motion t_ns=33492725269254 source=injected
K230_CARD_SHELL state mode=2 actions=1 message=0 cards=2
K230_CARD_BENCH v=1 run=33469008682412 event=present frame_id=1747 t_ns=33492657381000 presented=1 clock=monotonic
K230_CARD_BENCH v=1 run=33469008682412 event=present frame_id=1746 t_ns=33492619060000 presented=1 clock=monotonic
K230_CARD_BENCH v=1 run=33469008682412 event=present frame_id=1745 t_ns=33492561579000 presented=1 clock=monotonic
K230_CARD_BENCH v=1 run=33469008682412 event=submit input_id=65 frame_id=1745 t_ns=33492543721151 update_cpu_ns=21445275 final=0
K230_CARD_BENCH v=1 run=33469008682412 event=present frame_id=1744 t_ns=33492504105000 presented=1 clock=monotonic
K230_CARD_BENCH v=1 run=33469008682412 event=input input_id=65 gesture_id=12 kind=motion t_ns=33492498139992 source=injected
K230_CARD_SHELL state mode=2 actions=1 message=0 cards=2
K230_CARD_BENCH v=1 run=33469008682412 event=present frame_id=1743 t_ns=33492446615000 presented=1 clock=monotonic
K230_CARD_BENCH v=1 run=33469008682412 event=submit input_id=64 frame_id=1743 t_ns=33492430206222 update_cpu_ns=22620645 final=0
K230_CARD_BENCH v=1 run=33469008682412 event=present frame_id=1742 t_ns=33492389135000 presented=1 clock=monotonic
K230_CARD_BENCH v=1 run=33469008682412 event=resource phase=active t_ns=33492386739847 cpu_ns=38326785000 memory_bytes=27590656 scope=session
K230_CARD_BENCH v=1 run=33469008682412 event=resource phase=active t_ns=33492386739847 cpu_ns=24256022930 memory_bytes=34480128 scope=compositor
K230_CARD_BENCH v=1 run=33469008682412 event=input input_id=64 gesture_id=12 kind=motion t_ns=33492384478883 source=injected
K230_CARD_SHELL state mode=2 actions=1 message=0 cards=2
K230_CARD_BENCH v=1 run=33469008682412 event=present frame_id=1741 t_ns=33492312492000 presented=1 clock=monotonic
K230_CARD_BENCH v=1 run=33469008682412 event=present frame_id=1740 t_ns=33492255020000 presented=1 clock=monotonic
K230_CARD_BENCH v=1 run=33469008682412 event=present frame_id=1739 t_ns=33492159205000 presented=1 clock=monotonic
K230_CARD_BENCH v=1 run=33469008682412 event=submit input_id=63 frame_id=1739 t_ns=33492153125868 update_cpu_ns=20911385 final=0
K230_CARD_BENCH v=1 run=33469008682412 event=present frame_id=1738 t_ns=33492120902000 presented=1 clock=monotonic
K230_CARD_BENCH v=1 run=33469008682412 event=input input_id=63 gesture_id=12 kind=motion t_ns=33492105216784 source=injected
K230_CARD_SHELL state mode=2 actions=1 message=0 cards=2
K230_CARD_BENCH v=1 run=33469008682412 event=present frame_id=1737 t_ns=33492044251000 presented=1 clock=monotonic
K230_CARD_BENCH v=1 run=33469008682412 event=present frame_id=1736 t_ns=33492005922000 presented=1 clock=monotonic
K230_CARD_BENCH v=1 run=33469008682412 event=submit input_id=62 frame_id=1736 t_ns=33491991411753 update_cpu_ns=20072151 final=0
K230_CARD_BENCH v=1 run=33469008682412 event=present frame_id=1735 t_ns=33491929280000 presented=1 clock=monotonic
K230_CARD_BENCH v=1 run=33469008682412 event=input input_id=62 gesture_id=12 kind=motion t_ns=33491932237922 source=injected
K230_CARD_SHELL state mode=2 actions=1 message=0 cards=2
K230_CARD_BENCH v=1 run=33469008682412 event=present frame_id=1734 t_ns=33491890958000 presented=1 clock=monotonic
K230_CARD_BENCH v=1 run=33469008682412 event=present frame_id=1733 t_ns=33491814315000 presented=1 clock=monotonic
K230_CARD_SHELL live cards=2 commits=1281 sampled=2522 frame-done=2522 output-presented=1149
K230_CARD_BENCH v=1 run=33469008682412 event=submit input_id=61 frame_id=1733 t_ns=33491803301306 update_cpu_ns=19715684 final=0
K230_CARD_BENCH v=1 run=33469008682412 event=present frame_id=1732 t_ns=33491775995000 presented=1 clock=monotonic
K230_CARD_BENCH v=1 run=33469008682412 event=input input_id=61 gesture_id=12 kind=motion t_ns=33491764859250 source=injected
K230_CARD_SHELL state mode=2 actions=1 message=0 cards=2
K230_CARD_BENCH v=1 run=33469008682412 event=present frame_id=1731 t_ns=33491699351000 presented=1 clock=monotonic
K230_CARD_BENCH v=1 run=33469008682412 event=present frame_id=1730 t_ns=33491641869000 presented=1 clock=monotonic
K230_CARD_BENCH v=1 run=33469008682412 event=submit input_id=60 frame_id=1730 t_ns=33491628483536 update_cpu_ns=19383945 final=0
K230_CARD_BENCH v=1 run=33469008682412 event=present frame_id=1729 t_ns=33491546066000 presented=1 clock=monotonic
K230_CARD_BENCH v=1 run=33469008682412 event=input input_id=60 gesture_id=12 kind=motion t_ns=33491544244105 source=injected
K230_CARD_SHELL state mode=2 actions=1 message=0 cards=2
K230_CARD_BENCH v=1 run=33469008682412 event=present frame_id=1728 t_ns=33491507746000 presented=1 clock=monotonic
K230_CARD_BENCH v=1 run=33469008682412 event=present frame_id=1727 t_ns=33491469425000 presented=1 clock=monotonic
K230_CARD_BENCH v=1 run=33469008682412 event=present frame_id=1726 t_ns=33491411941000 presented=1 clock=monotonic
K230_CARD_BENCH v=1 run=33469008682412 event=submit input_id=59 frame_id=1726 t_ns=33491405686720 update_cpu_ns=19935461 final=0
K230_CARD_BENCH v=1 run=33469008682412 event=present frame_id=1725 t_ns=33491373635000 presented=1 clock=monotonic
K230_CARD_BENCH v=1 run=33469008682412 event=input input_id=59 gesture_id=12 kind=motion t_ns=33491373099808 source=injected
K230_CARD_SHELL state mode=2 actions=1 message=0 cards=2
K230_CARD_BENCH v=1 run=33469008682412 event=resource phase=active t_ns=33491368991311 cpu_ns=37824176000 memory_bytes=27590656 scope=session
K230_CARD_BENCH v=1 run=33469008682412 event=resource phase=active t_ns=33491368991311 cpu_ns=23912284229 memory_bytes=34480128 scope=compositor
K230_CARD_BENCH v=1 run=33469008682412 event=present frame_id=1724 t_ns=33491335301000 presented=1 clock=monotonic
K230_CARD_BENCH v=1 run=33469008682412 event=present frame_id=1723 t_ns=33491277820000 presented=1 clock=monotonic
K230_CARD_BENCH v=1 run=33469008682412 event=present frame_id=1722 t_ns=33491239496000 presented=1 clock=monotonic
K230_CARD_BENCH v=1 run=33469008682412 event=submit input_id=58 frame_id=1722 t_ns=33491232496898 update_cpu_ns=18089176 final=0
K230_CARD_BENCH v=1 run=33469008682412 event=present frame_id=1721 t_ns=33491201177000 presented=1 clock=monotonic
K230_CARD_BENCH v=1 run=33469008682412 event=input input_id=58 gesture_id=12 kind=motion t_ns=33491200326120 source=injected
K230_CARD_SHELL state mode=2 actions=1 message=0 cards=2
K230_CARD_BENCH v=1 run=33469008682412 event=present frame_id=1720 t_ns=33491143693000 presented=1 clock=monotonic
K230_CARD_BENCH v=1 run=33469008682412 event=present frame_id=1719 t_ns=33491105373000 presented=1 clock=monotonic
K230_CARD_BENCH v=1 run=33469008682412 event=present frame_id=1718 t_ns=33491009570000 presented=1 clock=monotonic
K230_CARD_BENCH v=1 run=33469008682412 event=submit input_id=57 frame_id=1718 t_ns=33491002389280 update_cpu_ns=17969836 final=0
K230_CARD_BENCH v=1 run=33469008682412 event=present frame_id=1717 t_ns=33490952092000 presented=1 clock=monotonic
K230_CARD_BENCH v=1 run=33469008682412 event=input input_id=57 gesture_id=12 kind=motion t_ns=33490943280001 source=injected
K230_CARD_SHELL state mode=2 actions=1 message=0 cards=2
K230_CARD_BENCH v=1 run=33469008682412 event=present frame_id=1716 t_ns=33490894606000 presented=1 clock=monotonic
K230_CARD_BENCH v=1 run=33469008682412 event=present frame_id=1715 t_ns=33490856284000 presented=1 clock=monotonic
K230_CARD_BENCH v=1 run=33469008682412 event=present frame_id=1714 t_ns=33490817965000 presented=1 clock=monotonic
K230_CARD_BENCH v=1 run=33469008682412 event=submit input_id=56 frame_id=1714 t_ns=33490813639033 update_cpu_ns=17456473 final=0
K230_CARD_BENCH v=1 run=33469008682412 event=present frame_id=1713 t_ns=33490760481000 presented=1 clock=monotonic
K230_CARD_BENCH v=1 run=33469008682412 event=input input_id=56 gesture_id=12 kind=motion t_ns=33490764258403 source=injected
K230_CARD_SHELL state mode=2 actions=1 message=0 cards=2
K230_CARD_BENCH v=1 run=33469008682412 event=present frame_id=1712 t_ns=33490722161000 presented=1 clock=monotonic
K230_CARD_BENCH v=1 run=33469008682412 event=present frame_id=1711 t_ns=33490664679000 presented=1 clock=monotonic
K230_CARD_BENCH v=1 run=33469008682412 event=present frame_id=1710 t_ns=33490626358000 presented=1 clock=monotonic
K230_CARD_BENCH v=1 run=33469008682412 event=submit input_id=55 frame_id=1710 t_ns=33490615200501 update_cpu_ns=16209199 final=0
K230_CARD_BENCH v=1 run=33469008682412 event=present frame_id=1709 t_ns=33490568876000 presented=1 clock=monotonic
K230_CARD_BENCH v=1 run=33469008682412 event=input input_id=55 gesture_id=12 kind=motion t_ns=33490558928240 source=injected
K230_CARD_SHELL state mode=2 actions=1 message=0 cards=2
K230_CARD_BENCH v=1 run=33469008682412 event=present frame_id=1708 t_ns=33490530555000 presented=1 clock=monotonic
K230_CARD_BENCH v=1 run=33469008682412 event=present frame_id=1707 t_ns=33490453925000 presented=1 clock=monotonic
K230_CARD_BENCH v=1 run=33469008682412 event=submit input_id=54 frame_id=1707 t_ns=33490436780435 update_cpu_ns=16797343 final=0
K230_CARD_BENCH v=1 run=33469008682412 event=present frame_id=1706 t_ns=33490377270000 presented=1 clock=monotonic
K230_CARD_BENCH v=1 run=33469008682412 event=input input_id=54 gesture_id=12 kind=motion t_ns=33490366244337 source=injected
K230_CARD_SHELL state mode=2 actions=1 message=0 cards=2
K230_CARD_BENCH v=1 run=33469008682412 event=resource phase=active t_ns=33490363689530 cpu_ns=37330304000 memory_bytes=27594752 scope=session
K230_CARD_BENCH v=1 run=33469008682412 event=resource phase=active t_ns=33490363689530 cpu_ns=23575971251 memory_bytes=34480128 scope=compositor
K230_CARD_BENCH v=1 run=33469008682412 event=present frame_id=1705 t_ns=33490338947000 presented=1 clock=monotonic
K230_CARD_BENCH v=1 run=33469008682412 event=present frame_id=1704 t_ns=33490300627000 presented=1 clock=monotonic
K230_CARD_BENCH v=1 run=33469008682412 event=present frame_id=1703 t_ns=33490262307000 presented=1 clock=monotonic
K230_CARD_BENCH v=1 run=33469008682412 event=present frame_id=1702 t_ns=33490223984000 presented=1 clock=monotonic
K230_CARD_BENCH v=1 run=33469008682412 event=submit input_id=53 frame_id=1702 t_ns=33490216269687 update_cpu_ns=15092297 final=0
K230_CARD_BENCH v=1 run=33469008682412 event=present frame_id=1701 t_ns=33490185664000 presented=1 clock=monotonic
K230_CARD_BENCH v=1 run=33469008682412 event=input input_id=53 gesture_id=12 kind=motion t_ns=33490183755697 source=injected
K230_CARD_SHELL state mode=2 actions=1 message=0 cards=2
K230_CARD_BENCH v=1 run=33469008682412 event=present frame_id=1700 t_ns=33490147341000 presented=1 clock=monotonic
K230_CARD_BENCH v=1 run=33469008682412 event=present frame_id=1699 t_ns=33490109021000 presented=1 clock=monotonic
K230_CARD_BENCH v=1 run=33469008682412 event=present frame_id=1698 t_ns=33490070698000 presented=1 clock=monotonic
K230_CARD_SHELL state mode=2 actions=1 message=0 cards=2
K230_CARD_BENCH v=1 run=33469008682412 event=present frame_id=1697 t_ns=33490032378000 presented=1 clock=monotonic
K230_CARD_BENCH v=1 run=33469008682412 event=present frame_id=1696 t_ns=33489994056000 presented=1 clock=monotonic
K230_CARD_BENCH v=1 run=33469008682412 event=present frame_id=1695 t_ns=33489955735000 presented=1 clock=monotonic
K230_CARD_BENCH v=1 run=33469008682412 event=present frame_id=1694 t_ns=33489917414000 presented=1 clock=monotonic
K230_CARD_BENCH v=1 run=33469008682412 event=present frame_id=1693 t_ns=33489859934000 presented=1 clock=monotonic
K230_CARD_BENCH v=1 run=33469008682412 event=present frame_id=1692 t_ns=33489802450000 presented=1 clock=monotonic
K230_CARD_BENCH v=1 run=33469008682412 event=present frame_id=1691 t_ns=33489744967000 presented=1 clock=monotonic
K230_CARD_BENCH v=1 run=33469008682412 event=present frame_id=1690 t_ns=33489725807000 presented=1 clock=monotonic
K230_CARD_BENCH v=1 run=33469008682412 event=present frame_id=1689 t_ns=33489687484000 presented=1 clock=monotonic
K230_CARD_BENCH v=1 run=33469008682412 event=present frame_id=1688 t_ns=33489668325000 presented=1 clock=monotonic
K230_CARD_BENCH v=1 run=33469008682412 event=present frame_id=1687 t_ns=33489630003000 presented=1 clock=monotonic
K230_CARD_BENCH v=1 run=33469008682412 event=present frame_id=1686 t_ns=33489610844000 presented=1 clock=monotonic
K230_CARD_BENCH v=1 run=33469008682412 event=present frame_id=1685 t_ns=33489572529000 presented=1 clock=monotonic
K230_CARD_BENCH v=1 run=33469008682412 event=present frame_id=1684 t_ns=33489553362000 presented=1 clock=monotonic
K230_CARD_BENCH v=1 run=33469008682412 event=present frame_id=1683 t_ns=33489515040000 presented=1 clock=monotonic
K230_CARD_BENCH v=1 run=33469008682412 event=present frame_id=1682 t_ns=33489495880000 presented=1 clock=monotonic
K230_CARD_BENCH v=1 run=33469008682412 event=submit input_id=52 frame_id=1682 t_ns=33489478067979 update_cpu_ns=18052288 final=1
K230_CARD_BENCH v=1 run=33469008682412 event=present frame_id=1681 t_ns=33489457572000 presented=1 clock=monotonic
K230_CARD_BENCH v=1 run=33469008682412 event=input input_id=52 gesture_id=11 kind=release t_ns=33489454400296 source=injected
K230_CARD_SHELL state mode=1 actions=1 message=0 cards=2
K230_CARD_BENCH v=1 run=33469008682412 event=present frame_id=1680 t_ns=33489400088000 presented=1 clock=monotonic
K230_CARD_BENCH v=1 run=33469008682412 event=submit input_id=51 frame_id=1680 t_ns=33489387240383 update_cpu_ns=22421719 final=0
K230_CARD_BENCH v=1 run=33469008682412 event=present frame_id=1679 t_ns=33489342600000 presented=1 clock=monotonic
K230_CARD_BENCH v=1 run=33469008682412 event=input input_id=51 gesture_id=11 kind=motion t_ns=33489348231676 source=injected
K230_CARD_SHELL state mode=2 actions=1 message=0 cards=2
K230_CARD_BENCH v=1 run=33469008682412 event=resource phase=active t_ns=33489340743621 cpu_ns=36751727000 memory_bytes=27557888 scope=session
K230_CARD_BENCH v=1 run=33469008682412 event=resource phase=active t_ns=33489340743621 cpu_ns=23145525347 memory_bytes=34480128 scope=compositor
K230_CARD_BENCH v=1 run=33469008682412 event=present frame_id=1678 t_ns=33489285113000 presented=1 clock=monotonic
K230_CARD_BENCH v=1 run=33469008682412 event=submit input_id=50 frame_id=1678 t_ns=33489271784507 update_cpu_ns=22068623 final=0
K230_CARD_BENCH v=1 run=33469008682412 event=present frame_id=1677 t_ns=33489208472000 presented=1 clock=monotonic
K230_CARD_BENCH v=1 run=33469008682412 event=input input_id=50 gesture_id=11 kind=motion t_ns=33489201700615 source=injected
K230_CARD_SHELL state mode=2 actions=1 message=0 cards=2
K230_CARD_SHELL live cards=2 commits=1205 sampled=2359 frame-done=2359 output-presented=1093
K230_CARD_BENCH v=1 run=33469008682412 event=present frame_id=1676 t_ns=33489112669000 presented=1 clock=monotonic
K230_CARD_BENCH v=1 run=33469008682412 event=present frame_id=1675 t_ns=33489074346000 presented=1 clock=monotonic
K230_CARD_BENCH v=1 run=33469008682412 event=present frame_id=1674 t_ns=33488997705000 presented=1 clock=monotonic
K230_CARD_BENCH v=1 run=33469008682412 event=submit input_id=49 frame_id=1674 t_ns=33488993239769 update_cpu_ns=21600543 final=0
K230_CARD_BENCH v=1 run=33469008682412 event=present frame_id=1673 t_ns=33488959385000 presented=1 clock=monotonic
K230_CARD_BENCH v=1 run=33469008682412 event=input input_id=49 gesture_id=11 kind=motion t_ns=33488944474153 source=injected
K230_CARD_SHELL state mode=2 actions=1 message=0 cards=2
K230_CARD_BENCH v=1 run=33469008682412 event=present frame_id=1672 t_ns=33488882740000 presented=1 clock=monotonic
K230_CARD_BENCH v=1 run=33469008682412 event=present frame_id=1671 t_ns=33488844420000 presented=1 clock=monotonic
K230_CARD_BENCH v=1 run=33469008682412 event=submit input_id=48 frame_id=1671 t_ns=33488835144931 update_cpu_ns=21519584 final=0
K230_CARD_BENCH v=1 run=33469008682412 event=present frame_id=1670 t_ns=33488786937000 presented=1 clock=monotonic
K230_CARD_BENCH v=1 run=33469008682412 event=input input_id=48 gesture_id=11 kind=motion t_ns=33488768859102 source=injected
K230_CARD_SHELL state mode=2 actions=1 message=0 cards=2
K230_CARD_BENCH v=1 run=33469008682412 event=present frame_id=1669 t_ns=33488729455000 presented=1 clock=monotonic
K230_CARD_BENCH v=1 run=33469008682412 event=present frame_id=1668 t_ns=33488652814000 presented=1 clock=monotonic
K230_CARD_BENCH v=1 run=33469008682412 event=submit input_id=47 frame_id=1668 t_ns=33488643383137 update_cpu_ns=21586963 final=0
K230_CARD_BENCH v=1 run=33469008682412 event=present frame_id=1667 t_ns=33488576173000 presented=1 clock=monotonic
K230_CARD_BENCH v=1 run=33469008682412 event=input input_id=47 gesture_id=11 kind=motion t_ns=33488565203503 source=injected
K230_CARD_SHELL state mode=2 actions=1 message=0 cards=2
K230_CARD_BENCH v=1 run=33469008682412 event=present frame_id=1666 t_ns=33488499528000 presented=1 clock=monotonic
K230_CARD_BENCH v=1 run=33469008682412 event=present frame_id=1665 t_ns=33488461209000 presented=1 clock=monotonic
K230_CARD_BENCH v=1 run=33469008682412 event=present frame_id=1664 t_ns=33488403726000 presented=1 clock=monotonic
K230_CARD_BENCH v=1 run=33469008682412 event=submit input_id=46 frame_id=1664 t_ns=33488390141947 update_cpu_ns=21299351 final=0
K230_CARD_BENCH v=1 run=33469008682412 event=present frame_id=1663 t_ns=33488346244000 presented=1 clock=monotonic
K230_CARD_BENCH v=1 run=33469008682412 event=input input_id=46 gesture_id=11 kind=motion t_ns=33488346996705 source=injected
K230_CARD_SHELL state mode=2 actions=1 message=0 cards=2
K230_CARD_BENCH v=1 run=33469008682412 event=present frame_id=1662 t_ns=33488288762000 presented=1 clock=monotonic
K230_CARD_BENCH v=1 run=33469008682412 event=resource phase=active t_ns=33488288398293 cpu_ns=36211080000 memory_bytes=27561984 scope=session
K230_CARD_BENCH v=1 run=33469008682412 event=resource phase=active t_ns=33488288398293 cpu_ns=22773555462 memory_bytes=34480128 scope=compositor
K230_CARD_BENCH v=1 run=33469008682412 event=present frame_id=1661 t_ns=33488250440000 presented=1 clock=monotonic
K230_CARD_BENCH v=1 run=33469008682412 event=present frame_id=1660 t_ns=33488192959000 presented=1 clock=monotonic
K230_CARD_BENCH v=1 run=33469008682412 event=submit input_id=45 frame_id=1660 t_ns=33488176988950 update_cpu_ns=21625708 final=0
K230_CARD_BENCH v=1 run=33469008682412 event=present frame_id=1659 t_ns=33488135477000 presented=1 clock=monotonic
K230_CARD_BENCH v=1 run=33469008682412 event=input input_id=45 gesture_id=11 kind=motion t_ns=33488134746679 source=injected
K230_CARD_SHELL state mode=2 actions=1 message=0 cards=2
K230_CARD_BENCH v=1 run=33469008682412 event=present frame_id=1658 t_ns=33488039673000 presented=1 clock=monotonic
K230_CARD_BENCH v=1 run=33469008682412 event=submit input_id=44 frame_id=1658 t_ns=33488031552738 update_cpu_ns=21548046 final=0
K230_CARD_BENCH v=1 run=33469008682412 event=present frame_id=1657 t_ns=33487963034000 presented=1 clock=monotonic
K230_CARD_BENCH v=1 run=33469008682412 event=input input_id=44 gesture_id=11 kind=motion t_ns=33487960223069 source=injected
K230_CARD_SHELL state mode=2 actions=1 message=0 cards=2
K230_CARD_BENCH v=1 run=33469008682412 event=present frame_id=1656 t_ns=33487886390000 presented=1 clock=monotonic
K230_CARD_BENCH v=1 run=33469008682412 event=present frame_id=1655 t_ns=33487848069000 presented=1 clock=monotonic
K230_CARD_BENCH v=1 run=33469008682412 event=submit input_id=43 frame_id=1655 t_ns=33487837346168 update_cpu_ns=20852329 final=0
K230_CARD_BENCH v=1 run=33469008682412 event=present frame_id=1654 t_ns=33487771426000 presented=1 clock=monotonic
K230_CARD_BENCH v=1 run=33469008682412 event=input input_id=43 gesture_id=11 kind=motion t_ns=33487762407874 source=injected
K230_CARD_SHELL state mode=2 actions=1 message=0 cards=2
K230_CARD_BENCH v=1 run=33469008682412 event=present frame_id=1653 t_ns=33487733103000 presented=1 clock=monotonic
K230_CARD_BENCH v=1 run=33469008682412 event=present frame_id=1652 t_ns=33487656462000 presented=1 clock=monotonic
K230_CARD_BENCH v=1 run=33469008682412 event=submit input_id=42 frame_id=1652 t_ns=33487651107265 update_cpu_ns=20640879 final=0
K230_CARD_BENCH v=1 run=33469008682412 event=present frame_id=1651 t_ns=33487618140000 presented=1 clock=monotonic
K230_CARD_BENCH v=1 run=33469008682412 event=input input_id=42 gesture_id=11 kind=motion t_ns=33487603204841 source=injected
K230_CARD_SHELL state mode=2 actions=1 message=0 cards=2
K230_CARD_BENCH v=1 run=33469008682412 event=present frame_id=1650 t_ns=33487541499000 presented=1 clock=monotonic
K230_CARD_BENCH v=1 run=33469008682412 event=present frame_id=1649 t_ns=33487503178000 presented=1 clock=monotonic
K230_CARD_BENCH v=1 run=33469008682412 event=submit input_id=41 frame_id=1649 t_ns=33487492414549 update_cpu_ns=19792820 final=0
K230_CARD_BENCH v=1 run=33469008682412 event=present frame_id=1648 t_ns=33487426535000 presented=1 clock=monotonic
K230_CARD_BENCH v=1 run=33469008682412 event=input input_id=41 gesture_id=11 kind=motion t_ns=33487434383599 source=injected
K230_CARD_SHELL state mode=2 actions=1 message=0 cards=2
K230_CARD_BENCH v=1 run=33469008682412 event=present frame_id=1647 t_ns=33487349893000 presented=1 clock=monotonic
K230_CARD_BENCH v=1 run=33469008682412 event=present frame_id=1646 t_ns=33487273249000 presented=1 clock=monotonic
K230_CARD_BENCH v=1 run=33469008682412 event=resource phase=active t_ns=33487272483022 cpu_ns=35717905000 memory_bytes=27561984 scope=session
K230_CARD_BENCH v=1 run=33469008682412 event=resource phase=active t_ns=33487272483022 cpu_ns=22436320102 memory_bytes=34480128 scope=compositor
K230_CARD_BENCH v=1 run=33469008682412 event=submit input_id=40 frame_id=1646 t_ns=33487264496427 update_cpu_ns=19460332 final=0
K230_CARD_BENCH v=1 run=33469008682412 event=present frame_id=1645 t_ns=33487234930000 presented=1 clock=monotonic
K230_CARD_BENCH v=1 run=33469008682412 event=input input_id=40 gesture_id=11 kind=motion t_ns=33487220665576 source=injected
K230_CARD_SHELL state mode=2 actions=1 message=0 cards=2
K230_CARD_BENCH v=1 run=33469008682412 event=present frame_id=1644 t_ns=33487158285000 presented=1 clock=monotonic
K230_CARD_BENCH v=1 run=33469008682412 event=present frame_id=1643 t_ns=33487119965000 presented=1 clock=monotonic
K230_CARD_BENCH v=1 run=33469008682412 event=present frame_id=1642 t_ns=33487043324000 presented=1 clock=monotonic
K230_CARD_BENCH v=1 run=33469008682412 event=submit input_id=39 frame_id=1642 t_ns=33487037860412 update_cpu_ns=19387064 final=0
K230_CARD_BENCH v=1 run=33469008682412 event=present frame_id=1641 t_ns=33487005001000 presented=1 clock=monotonic
K230_CARD_BENCH v=1 run=33469008682412 event=input input_id=39 gesture_id=11 kind=motion t_ns=33487003145342 source=injected
K230_CARD_SHELL state mode=2 actions=1 message=0 cards=2
K230_CARD_BENCH v=1 run=33469008682412 event=present frame_id=1640 t_ns=33486928358000 presented=1 clock=monotonic
K230_CARD_BENCH v=1 run=33469008682412 event=submit input_id=38 frame_id=1640 t_ns=33486919616248 update_cpu_ns=18906193 final=0
K230_CARD_BENCH v=1 run=33469008682412 event=present frame_id=1639 t_ns=33486890038000 presented=1 clock=monotonic
K230_CARD_BENCH v=1 run=33469008682412 event=input input_id=38 gesture_id=11 kind=motion t_ns=33486873190333 source=injected
K230_CARD_SHELL state mode=2 actions=1 message=0 cards=2
K230_CARD_BENCH v=1 run=33469008682412 event=present frame_id=1638 t_ns=33486775075000 presented=1 clock=monotonic
K230_CARD_BENCH v=1 run=33469008682412 event=present frame_id=1637 t_ns=33486717592000 presented=1 clock=monotonic
K230_CARD_BENCH v=1 run=33469008682412 event=submit input_id=37 frame_id=1637 t_ns=33486712342462 update_cpu_ns=17972574 final=0
K230_CARD_BENCH v=1 run=33469008682412 event=present frame_id=1636 t_ns=33486660112000 presented=1 clock=monotonic
K230_CARD_BENCH v=1 run=33469008682412 event=input input_id=37 gesture_id=11 kind=motion t_ns=33486656651509 source=injected
K230_CARD_SHELL state mode=2 actions=1 message=0 cards=2
K230_CARD_BENCH v=1 run=33469008682412 event=present frame_id=1635 t_ns=33486621788000 presented=1 clock=monotonic
K230_CARD_BENCH v=1 run=33469008682412 event=present frame_id=1634 t_ns=33486564308000 presented=1 clock=monotonic
K230_CARD_BENCH v=1 run=33469008682412 event=present frame_id=1633 t_ns=33486525989000 presented=1 clock=monotonic
K230_CARD_BENCH v=1 run=33469008682412 event=present frame_id=1632 t_ns=33486468504000 presented=1 clock=monotonic
K230_CARD_BENCH v=1 run=33469008682412 event=submit input_id=36 frame_id=1632 t_ns=33486459326583 update_cpu_ns=17915576 final=0
K230_CARD_BENCH v=1 run=33469008682412 event=present frame_id=1631 t_ns=33486430183000 presented=1 clock=monotonic
K230_CARD_BENCH v=1 run=33469008682412 event=input input_id=36 gesture_id=11 kind=motion t_ns=33486428280210 source=injected
K230_CARD_SHELL state mode=2 actions=1 message=0 cards=2
K230_CARD_BENCH v=1 run=33469008682412 event=present frame_id=1630 t_ns=33486372701000 presented=1 clock=monotonic
K230_CARD_BENCH v=1 run=33469008682412 event=submit input_id=35 frame_id=1630 t_ns=33486358168831 update_cpu_ns=17738646 final=0
K230_CARD_BENCH v=1 run=33469008682412 event=present frame_id=1629 t_ns=33486334380000 presented=1 clock=monotonic
K230_CARD_BENCH v=1 run=33469008682412 event=input input_id=35 gesture_id=11 kind=motion t_ns=33486324453654 source=injected
K230_CARD_SHELL state mode=2 actions=1 message=0 cards=2
K230_CARD_BENCH v=1 run=33469008682412 event=present frame_id=1628 t_ns=33486257739000 presented=1 clock=monotonic
K230_CARD_BENCH v=1 run=33469008682412 event=resource phase=active t_ns=33486258093784 cpu_ns=35201134000 memory_bytes=27561984 scope=session
K230_CARD_BENCH v=1 run=33469008682412 event=resource phase=active t_ns=33486258093784 cpu_ns=22097522470 memory_bytes=34480128 scope=compositor
K230_CARD_BENCH v=1 run=33469008682412 event=present frame_id=1627 t_ns=33486219416000 presented=1 clock=monotonic
K230_CARD_BENCH v=1 run=33469008682412 event=present frame_id=1626 t_ns=33486123612000 presented=1 clock=monotonic
K230_CARD_BENCH v=1 run=33469008682412 event=submit input_id=34 frame_id=1626 t_ns=33486109025717 update_cpu_ns=16611212 final=0
K230_CARD_BENCH v=1 run=33469008682412 event=present frame_id=1625 t_ns=33486085291000 presented=1 clock=monotonic
K230_CARD_BENCH v=1 run=33469008682412 event=input input_id=34 gesture_id=11 kind=motion t_ns=33486071057158 source=injected
K230_CARD_SHELL state mode=2 actions=1 message=0 cards=2
K230_CARD_BENCH v=1 run=33469008682412 event=present frame_id=1624 t_ns=33486027808000 presented=1 clock=monotonic
K230_CARD_SHELL live cards=2 commits=1127 sampled=2200 frame-done=2200 output-presented=1040
K230_CARD_BENCH v=1 run=33469008682412 event=present frame_id=1623 t_ns=33485989490000 presented=1 clock=monotonic
K230_CARD_BENCH v=1 run=33469008682412 event=present frame_id=1622 t_ns=33485932006000 presented=1 clock=monotonic
K230_CARD_BENCH v=1 run=33469008682412 event=submit input_id=33 frame_id=1622 t_ns=33485917770634 update_cpu_ns=15845203 final=0
K230_CARD_BENCH v=1 run=33469008682412 event=present frame_id=1621 t_ns=33485893685000 presented=1 clock=monotonic
K230_CARD_BENCH v=1 run=33469008682412 event=input input_id=33 gesture_id=11 kind=motion t_ns=33485885360304 source=injected
K230_CARD_SHELL state mode=2 actions=1 message=0 cards=2
K230_CARD_BENCH v=1 run=33469008682412 event=present frame_id=1620 t_ns=33485855363000 presented=1 clock=monotonic
K230_CARD_BENCH v=1 run=33469008682412 event=present frame_id=1619 t_ns=33485817041000 presented=1 clock=monotonic
K230_CARD_BENCH v=1 run=33469008682412 event=present frame_id=1618 t_ns=33485778723000 presented=1 clock=monotonic
K230_CARD_BENCH v=1 run=33469008682412 event=present frame_id=1617 t_ns=33485740400000 presented=1 clock=monotonic
K230_CARD_BENCH v=1 run=33469008682412 event=submit input_id=32 frame_id=1617 t_ns=33485734373038 update_cpu_ns=14851801 final=0
K230_CARD_BENCH v=1 run=33469008682412 event=present frame_id=1616 t_ns=33485702079000 presented=1 clock=monotonic
K230_CARD_BENCH v=1 run=33469008682412 event=input input_id=32 gesture_id=11 kind=motion t_ns=33485696474106 source=injected
K230_CARD_SHELL state mode=2 actions=1 message=0 cards=2
K230_CARD_BENCH v=1 run=33469008682412 event=present frame_id=1615 t_ns=33485663759000 presented=1 clock=monotonic
K230_CARD_BENCH v=1 run=33469008682412 event=present frame_id=1614 t_ns=33485625436000 presented=1 clock=monotonic
K230_CARD_BENCH v=1 run=33469008682412 event=present frame_id=1613 t_ns=33485548794000 presented=1 clock=monotonic
K230_CARD_SHELL state mode=2 actions=1 message=0 cards=2
K230_CARD_BENCH v=1 run=33469008682412 event=present frame_id=1612 t_ns=33485491312000 presented=1 clock=monotonic
K230_CARD_BENCH v=1 run=33469008682412 event=present frame_id=1611 t_ns=33485452990000 presented=1 clock=monotonic
K230_CARD_BENCH v=1 run=33469008682412 event=present frame_id=1610 t_ns=33485414669000 presented=1 clock=monotonic
K230_CARD_BENCH v=1 run=33469008682412 event=present frame_id=1609 t_ns=33485376349000 presented=1 clock=monotonic
K230_CARD_BENCH v=1 run=33469008682412 event=present frame_id=1608 t_ns=33485338027000 presented=1 clock=monotonic
K230_CARD_BENCH v=1 run=33469008682412 event=present frame_id=1607 t_ns=33485299705000 presented=1 clock=monotonic
K230_CARD_BENCH v=1 run=33469008682412 event=present frame_id=1606 t_ns=33485261384000 presented=1 clock=monotonic
K230_CARD_BENCH v=1 run=33469008682412 event=resource phase=active t_ns=33485246716196 cpu_ns=34708786000 memory_bytes=27557888 scope=session
K230_CARD_BENCH v=1 run=33469008682412 event=resource phase=active t_ns=33485246716196 cpu_ns=21746940743 memory_bytes=34480128 scope=compositor
K230_CARD_BENCH v=1 run=33469008682412 event=present frame_id=1605 t_ns=33485223061000 presented=1 clock=monotonic
K230_CARD_BENCH v=1 run=33469008682412 event=present frame_id=1604 t_ns=33485203902000 presented=1 clock=monotonic
K230_CARD_BENCH v=1 run=33469008682412 event=present frame_id=1603 t_ns=33485165579000 presented=1 clock=monotonic
K230_CARD_BENCH v=1 run=33469008682412 event=present frame_id=1602 t_ns=33485146420000 presented=1 clock=monotonic
K230_CARD_BENCH v=1 run=33469008682412 event=present frame_id=1601 t_ns=33485108099000 presented=1 clock=monotonic
K230_CARD_BENCH v=1 run=33469008682412 event=present frame_id=1600 t_ns=33485088938000 presented=1 clock=monotonic
K230_CARD_BENCH v=1 run=33469008682412 event=present frame_id=1599 t_ns=33485050616000 presented=1 clock=monotonic
K230_CARD_BENCH v=1 run=33469008682412 event=present frame_id=1598 t_ns=33485031456000 presented=1 clock=monotonic
K230_CARD_BENCH v=1 run=33469008682412 event=present frame_id=1597 t_ns=33484993138000 presented=1 clock=monotonic
K230_CARD_BENCH v=1 run=33469008682412 event=submit input_id=31 frame_id=1597 t_ns=33484980758651 update_cpu_ns=18433304 final=1
K230_CARD_BENCH v=1 run=33469008682412 event=present frame_id=1596 t_ns=33484935656000 presented=1 clock=monotonic
K230_CARD_BENCH v=1 run=33469008682412 event=input input_id=31 gesture_id=10 kind=release t_ns=33484933872970 source=injected
K230_CARD_SHELL state mode=1 actions=1 message=0 cards=2
K230_CARD_BENCH v=1 run=33469008682412 event=present frame_id=1595 t_ns=33484878171000 presented=1 clock=monotonic
K230_CARD_BENCH v=1 run=33469008682412 event=submit input_id=30 frame_id=1595 t_ns=33484873400353 update_cpu_ns=21778413 final=0
K230_CARD_BENCH v=1 run=33469008682412 event=present frame_id=1594 t_ns=33484839852000 presented=1 clock=monotonic
K230_CARD_BENCH v=1 run=33469008682412 event=input input_id=30 gesture_id=10 kind=motion t_ns=33484832774101 source=injected
K230_CARD_SHELL state mode=2 actions=1 message=0 cards=2
K230_CARD_BENCH v=1 run=33469008682412 event=present frame_id=1593 t_ns=33484763208000 presented=1 clock=monotonic
K230_CARD_BENCH v=1 run=33469008682412 event=submit input_id=29 frame_id=1593 t_ns=33484758373376 update_cpu_ns=22202946 final=0
K230_CARD_BENCH v=1 run=33469008682412 event=present frame_id=1592 t_ns=33484724887000 presented=1 clock=monotonic
K230_CARD_BENCH v=1 run=33469008682412 event=input input_id=29 gesture_id=10 kind=motion t_ns=33484712685617 source=injected
K230_CARD_SHELL state mode=2 actions=1 message=0 cards=2
K230_CARD_BENCH v=1 run=33469008682412 event=present frame_id=1591 t_ns=33484648247000 presented=1 clock=monotonic
K230_CARD_BENCH v=1 run=33469008682412 event=present frame_id=1590 t_ns=33484609926000 presented=1 clock=monotonic
K230_CARD_BENCH v=1 run=33469008682412 event=present frame_id=1589 t_ns=33484552442000 presented=1 clock=monotonic
K230_CARD_BENCH v=1 run=33469008682412 event=submit input_id=28 frame_id=1589 t_ns=33484533133666 update_cpu_ns=22390629 final=0
K230_CARD_BENCH v=1 run=33469008682412 event=present frame_id=1588 t_ns=33484494960000 presented=1 clock=monotonic
K230_CARD_BENCH v=1 run=33469008682412 event=input input_id=28 gesture_id=10 kind=motion t_ns=33484484625147 source=injected
K230_CARD_SHELL state mode=2 actions=1 message=0 cards=2
K230_CARD_BENCH v=1 run=33469008682412 event=present frame_id=1587 t_ns=33484399156000 presented=1 clock=monotonic
K230_CARD_BENCH v=1 run=33469008682412 event=present frame_id=1586 t_ns=33484322515000 presented=1 clock=monotonic
K230_CARD_BENCH v=1 run=33469008682412 event=submit input_id=27 frame_id=1586 t_ns=33484319343998 update_cpu_ns=21294977 final=0
K230_CARD_BENCH v=1 run=33469008682412 event=present frame_id=1585 t_ns=33484284190000 presented=1 clock=monotonic
K230_CARD_BENCH v=1 run=33469008682412 event=input input_id=27 gesture_id=10 kind=motion t_ns=33484285198944 source=injected
K230_CARD_SHELL state mode=2 actions=1 message=0 cards=2
K230_CARD_BENCH v=1 run=33469008682412 event=present frame_id=1584 t_ns=33484226711000 presented=1 clock=monotonic
K230_CARD_BENCH v=1 run=33469008682412 event=resource phase=active t_ns=33484234871038 cpu_ns=34133486000 memory_bytes=27496448 scope=session
K230_CARD_BENCH v=1 run=33469008682412 event=resource phase=active t_ns=33484234871038 cpu_ns=21325897239 memory_bytes=34349056 scope=compositor
K230_CARD_BENCH v=1 run=33469008682412 event=present frame_id=1583 t_ns=33484169228000 presented=1 clock=monotonic
K230_CARD_BENCH v=1 run=33469008682412 event=present frame_id=1582 t_ns=33484111747000 presented=1 clock=monotonic
K230_CARD_BENCH v=1 run=33469008682412 event=submit input_id=26 frame_id=1582 t_ns=33484094499276 update_cpu_ns=21970931 final=0
K230_CARD_BENCH v=1 run=33469008682412 event=present frame_id=1581 t_ns=33484054264000 presented=1 clock=monotonic
K230_CARD_BENCH v=1 run=33469008682412 event=input input_id=26 gesture_id=10 kind=motion t_ns=33484047238050 source=injected
K230_CARD_SHELL state mode=2 actions=1 message=0 cards=2
K230_CARD_BENCH v=1 run=33469008682412 event=present frame_id=1580 t_ns=33483977622000 presented=1 clock=monotonic
K230_CARD_BENCH v=1 run=33469008682412 event=submit input_id=25 frame_id=1580 t_ns=33483972902802 update_cpu_ns=21818791 final=0
K230_CARD_BENCH v=1 run=33469008682412 event=present frame_id=1579 t_ns=33483939301000 presented=1 clock=monotonic
K230_CARD_BENCH v=1 run=33469008682412 event=input input_id=25 gesture_id=10 kind=motion t_ns=33483928520927 source=injected
K230_CARD_SHELL state mode=2 actions=1 message=0 cards=2
K230_CARD_BENCH v=1 run=33469008682412 event=present frame_id=1578 t_ns=33483862659000 presented=1 clock=monotonic
K230_CARD_BENCH v=1 run=33469008682412 event=submit input_id=24 frame_id=1578 t_ns=33483851203071 update_cpu_ns=21876329 final=0
K230_CARD_BENCH v=1 run=33469008682412 event=present frame_id=1577 t_ns=33483805179000 presented=1 clock=monotonic
K230_CARD_BENCH v=1 run=33469008682412 event=input input_id=24 gesture_id=10 kind=motion t_ns=33483793909315 source=injected
K230_CARD_SHELL state mode=2 actions=1 message=0 cards=2
K230_CARD_BENCH v=1 run=33469008682412 event=present frame_id=1576 t_ns=33483690213000 presented=1 clock=monotonic
K230_CARD_BENCH v=1 run=33469008682412 event=present frame_id=1575 t_ns=33483651892000 presented=1 clock=monotonic
K230_CARD_BENCH v=1 run=33469008682412 event=present frame_id=1574 t_ns=33483594410000 presented=1 clock=monotonic
K230_CARD_BENCH v=1 run=33469008682412 event=submit input_id=23 frame_id=1574 t_ns=33483574867031 update_cpu_ns=21882309 final=0
K230_CARD_BENCH v=1 run=33469008682412 event=present frame_id=1573 t_ns=33483536928000 presented=1 clock=monotonic
K230_CARD_BENCH v=1 run=33469008682412 event=input input_id=23 gesture_id=10 kind=motion t_ns=33483528717657 source=injected
K230_CARD_SHELL state mode=2 actions=1 message=0 cards=2
K230_CARD_BENCH v=1 run=33469008682412 event=present frame_id=1572 t_ns=33483460287000 presented=1 clock=monotonic
K230_CARD_BENCH v=1 run=33469008682412 event=present frame_id=1571 t_ns=33483421966000 presented=1 clock=monotonic
K230_CARD_BENCH v=1 run=33469008682412 event=present frame_id=1570 t_ns=33483364483000 presented=1 clock=monotonic
K230_CARD_SHELL live cards=2 commits=1046 sampled=2037 frame-done=2037 output-presented=986
K230_CARD_BENCH v=1 run=33469008682412 event=submit input_id=22 frame_id=1570 t_ns=33483345976025 update_cpu_ns=21355526 final=0
K230_CARD_BENCH v=1 run=33469008682412 event=present frame_id=1569 t_ns=33483307001000 presented=1 clock=monotonic
K230_CARD_BENCH v=1 run=33469008682412 event=input input_id=22 gesture_id=10 kind=motion t_ns=33483291896497 source=injected
K230_CARD_SHELL state mode=2 actions=1 message=0 cards=2
K230_CARD_BENCH v=1 run=33469008682412 event=present frame_id=1568 t_ns=33483230371000 presented=1 clock=monotonic
K230_CARD_BENCH v=1 run=33469008682412 event=resource phase=active t_ns=33483220425081 cpu_ns=33614118000 memory_bytes=27500544 scope=session
K230_CARD_BENCH v=1 run=33469008682412 event=resource phase=active t_ns=33483220425081 cpu_ns=20973203407 memory_bytes=34349056 scope=compositor
K230_CARD_BENCH v=1 run=33469008682412 event=submit input_id=21 frame_id=1568 t_ns=33483217167111 update_cpu_ns=20964585 final=0
K230_CARD_BENCH v=1 run=33469008682412 event=present frame_id=1567 t_ns=33483153718000 presented=1 clock=monotonic
K230_CARD_BENCH v=1 run=33469008682412 event=input input_id=21 gesture_id=10 kind=motion t_ns=33483148704636 source=injected
K230_CARD_SHELL state mode=2 actions=1 message=0 cards=2
K230_CARD_BENCH v=1 run=33469008682412 event=present frame_id=1566 t_ns=33483057914000 presented=1 clock=monotonic
K230_CARD_BENCH v=1 run=33469008682412 event=submit input_id=20 frame_id=1566 t_ns=33483051549783 update_cpu_ns=20258011 final=0
K230_CARD_BENCH v=1 run=33469008682412 event=present frame_id=1565 t_ns=33483019591000 presented=1 clock=monotonic
K230_CARD_BENCH v=1 run=33469008682412 event=input input_id=20 gesture_id=10 kind=motion t_ns=33483005873579 source=injected
K230_CARD_SHELL state mode=2 actions=1 message=0 cards=2
K230_CARD_BENCH v=1 run=33469008682412 event=present frame_id=1564 t_ns=33482942950000 presented=1 clock=monotonic
K230_CARD_BENCH v=1 run=33469008682412 event=present frame_id=1563 t_ns=33482904629000 presented=1 clock=monotonic
K230_CARD_BENCH v=1 run=33469008682412 event=present frame_id=1562 t_ns=33482827986000 presented=1 clock=monotonic
K230_CARD_BENCH v=1 run=33469008682412 event=submit input_id=19 frame_id=1562 t_ns=33482817903596 update_cpu_ns=19851147 final=0
K230_CARD_BENCH v=1 run=33469008682412 event=present frame_id=1561 t_ns=33482789666000 presented=1 clock=monotonic
K230_CARD_BENCH v=1 run=33469008682412 event=input input_id=19 gesture_id=10 kind=motion t_ns=33482781770901 source=injected
K230_CARD_SHELL state mode=2 actions=1 message=0 cards=2
K230_CARD_BENCH v=1 run=33469008682412 event=present frame_id=1560 t_ns=33482751344000 presented=1 clock=monotonic
K230_CARD_BENCH v=1 run=33469008682412 event=present frame_id=1559 t_ns=33482693865000 presented=1 clock=monotonic
K230_CARD_BENCH v=1 run=33469008682412 event=present frame_id=1558 t_ns=33482655541000 presented=1 clock=monotonic
K230_CARD_BENCH v=1 run=33469008682412 event=present frame_id=1557 t_ns=33482598059000 presented=1 clock=monotonic
K230_CARD_BENCH v=1 run=33469008682412 event=submit input_id=18 frame_id=1557 t_ns=33482582395129 update_cpu_ns=19413074 final=0
K230_CARD_BENCH v=1 run=33469008682412 event=present frame_id=1556 t_ns=33482521416000 presented=1 clock=monotonic
K230_CARD_BENCH v=1 run=33469008682412 event=input input_id=18 gesture_id=10 kind=motion t_ns=33482518240663 source=injected
K230_CARD_SHELL state mode=2 actions=1 message=0 cards=2
K230_CARD_BENCH v=1 run=33469008682412 event=present frame_id=1555 t_ns=33482444774000 presented=1 clock=monotonic
K230_CARD_BENCH v=1 run=33469008682412 event=present frame_id=1554 t_ns=33482406452000 presented=1 clock=monotonic
K230_CARD_BENCH v=1 run=33469008682412 event=submit input_id=17 frame_id=1554 t_ns=33482399580124 update_cpu_ns=19025976 final=0
K230_CARD_BENCH v=1 run=33469008682412 event=present frame_id=1553 t_ns=33482329811000 presented=1 clock=monotonic
K230_CARD_BENCH v=1 run=33469008682412 event=input input_id=17 gesture_id=10 kind=motion t_ns=33482325731597 source=injected
K230_CARD_SHELL state mode=2 actions=1 message=0 cards=2
K230_CARD_BENCH v=1 run=33469008682412 event=present frame_id=1552 t_ns=33482291490000 presented=1 clock=monotonic
K230_CARD_BENCH v=1 run=33469008682412 event=present frame_id=1551 t_ns=33482195686000 presented=1 clock=monotonic
K230_CARD_BENCH v=1 run=33469008682412 event=resource phase=active t_ns=33482204472809 cpu_ns=33117117000 memory_bytes=27496448 scope=session
K230_CARD_BENCH v=1 run=33469008682412 event=resource phase=active t_ns=33482204472809 cpu_ns=20633994045 memory_bytes=34349056 scope=compositor
K230_CARD_BENCH v=1 run=33469008682412 event=submit input_id=16 frame_id=1551 t_ns=33482189062820 update_cpu_ns=18720053 final=0
K230_CARD_BENCH v=1 run=33469008682412 event=present frame_id=1550 t_ns=33482157366000 presented=1 clock=monotonic
K230_CARD_BENCH v=1 run=33469008682412 event=input input_id=16 gesture_id=10 kind=motion t_ns=33482152752018 source=injected
K230_CARD_SHELL state mode=2 actions=1 message=0 cards=2
K230_CARD_BENCH v=1 run=33469008682412 event=present frame_id=1549 t_ns=33482099881000 presented=1 clock=monotonic
K230_CARD_BENCH v=1 run=33469008682412 event=present frame_id=1548 t_ns=33482061562000 presented=1 clock=monotonic
K230_CARD_BENCH v=1 run=33469008682412 event=present frame_id=1547 t_ns=33482004086000 presented=1 clock=monotonic
K230_CARD_BENCH v=1 run=33469008682412 event=submit input_id=15 frame_id=1547 t_ns=33481987740925 update_cpu_ns=18131604 final=0
K230_CARD_BENCH v=1 run=33469008682412 event=present frame_id=1546 t_ns=33481927437000 presented=1 clock=monotonic
K230_CARD_BENCH v=1 run=33469008682412 event=input input_id=15 gesture_id=10 kind=motion t_ns=33481921571116 source=injected
K230_CARD_SHELL state mode=2 actions=1 message=0 cards=2
K230_CARD_BENCH v=1 run=33469008682412 event=present frame_id=1545 t_ns=33481850793000 presented=1 clock=monotonic
K230_CARD_BENCH v=1 run=33469008682412 event=present frame_id=1544 t_ns=33481812474000 presented=1 clock=monotonic
K230_CARD_BENCH v=1 run=33469008682412 event=submit input_id=14 frame_id=1544 t_ns=33481807170293 update_cpu_ns=17203435 final=0
K230_CARD_BENCH v=1 run=33469008682412 event=present frame_id=1543 t_ns=33481754991000 presented=1 clock=monotonic
K230_CARD_BENCH v=1 run=33469008682412 event=input input_id=14 gesture_id=10 kind=motion t_ns=33481745419527 source=injected
K230_CARD_SHELL state mode=2 actions=1 message=0 cards=2
K230_CARD_BENCH v=1 run=33469008682412 event=present frame_id=1542 t_ns=33481716671000 presented=1 clock=monotonic
K230_CARD_BENCH v=1 run=33469008682412 event=present frame_id=1541 t_ns=33481659189000 presented=1 clock=monotonic
K230_CARD_BENCH v=1 run=33469008682412 event=present frame_id=1540 t_ns=33481620866000 presented=1 clock=monotonic
K230_CARD_BENCH v=1 run=33469008682412 event=submit input_id=13 frame_id=1540 t_ns=33481616539348 update_cpu_ns=16524582 final=0
K230_CARD_BENCH v=1 run=33469008682412 event=present frame_id=1539 t_ns=33481563385000 presented=1 clock=monotonic
K230_CARD_BENCH v=1 run=33469008682412 event=input input_id=13 gesture_id=10 kind=motion t_ns=33481556628152 source=injected
K230_CARD_SHELL state mode=2 actions=1 message=0 cards=2
K230_CARD_BENCH v=1 run=33469008682412 event=present frame_id=1538 t_ns=33481525064000 presented=1 clock=monotonic
K230_CARD_BENCH v=1 run=33469008682412 event=present frame_id=1537 t_ns=33481448421000 presented=1 clock=monotonic
K230_CARD_BENCH v=1 run=33469008682412 event=present frame_id=1536 t_ns=33481410100000 presented=1 clock=monotonic
K230_CARD_BENCH v=1 run=33469008682412 event=present frame_id=1535 t_ns=33481295136000 presented=1 clock=monotonic
K230_CARD_BENCH v=1 run=33469008682412 event=submit input_id=12 frame_id=1535 t_ns=33481279572708 update_cpu_ns=16007839 final=0
K230_CARD_BENCH v=1 run=33469008682412 event=present frame_id=1534 t_ns=33481237655000 presented=1 clock=monotonic
K230_CARD_BENCH v=1 run=33469008682412 event=input input_id=12 gesture_id=10 kind=motion t_ns=33481230956891 source=injected
K230_CARD_SHELL state mode=2 actions=1 message=0 cards=2
K230_CARD_BENCH v=1 run=33469008682412 event=present frame_id=1533 t_ns=33481180173000 presented=1 clock=monotonic
K230_CARD_BENCH v=1 run=33469008682412 event=resource phase=active t_ns=33481184539892 cpu_ns=32632196000 memory_bytes=28901376 scope=session
K230_CARD_BENCH v=1 run=33469008682412 event=resource phase=active t_ns=33481184539892 cpu_ns=20319252195 memory_bytes=35659776 scope=compositor
K230_CARD_BENCH v=1 run=33469008682412 event=present frame_id=1532 t_ns=33481141853000 presented=1 clock=monotonic
K230_CARD_BENCH v=1 run=33469008682412 event=present frame_id=1531 t_ns=33481084371000 presented=1 clock=monotonic
K230_CARD_BENCH v=1 run=33469008682412 event=present frame_id=1530 t_ns=33481046048000 presented=1 clock=monotonic
K230_CARD_BENCH v=1 run=33469008682412 event=present frame_id=1529 t_ns=33480988567000 presented=1 clock=monotonic
K230_CARD_BENCH v=1 run=33469008682412 event=submit input_id=11 frame_id=1529 t_ns=33480978892871 update_cpu_ns=15050223 final=0
K230_CARD_BENCH v=1 run=33469008682412 event=present frame_id=1528 t_ns=33480950247000 presented=1 clock=monotonic
K230_CARD_BENCH v=1 run=33469008682412 event=input input_id=11 gesture_id=10 kind=motion t_ns=33480942099195 source=injected
K230_CARD_SHELL state mode=2 actions=1 message=0 cards=2
K230_CARD_BENCH v=1 run=33469008682412 event=present frame_id=1527 t_ns=33480892764000 presented=1 clock=monotonic
K230_CARD_BENCH v=1 run=33469008682412 event=present frame_id=1526 t_ns=33480854442000 presented=1 clock=monotonic
K230_CARD_BENCH v=1 run=33469008682412 event=present frame_id=1525 t_ns=33480816121000 presented=1 clock=monotonic
K230_CARD_BENCH v=1 run=33469008682412 event=present frame_id=1524 t_ns=33480777799000 presented=1 clock=monotonic
K230_CARD_SHELL state mode=2 actions=1 message=0 cards=2
K230_CARD_BENCH v=1 run=33469008682412 event=present frame_id=1523 t_ns=33480701158000 presented=1 clock=monotonic
K230_CARD_BENCH v=1 run=33469008682412 event=present frame_id=1522 t_ns=33480643678000 presented=1 clock=monotonic
K230_CARD_BENCH v=1 run=33469008682412 event=present frame_id=1521 t_ns=33480605354000 presented=1 clock=monotonic
K230_CARD_BENCH v=1 run=33469008682412 event=present frame_id=1520 t_ns=33480567032000 presented=1 clock=monotonic
K230_CARD_BENCH v=1 run=33469008682412 event=present frame_id=1519 t_ns=33480528712000 presented=1 clock=monotonic
K230_CARD_BENCH v=1 run=33469008682412 event=present frame_id=1518 t_ns=33480490390000 presented=1 clock=monotonic
K230_CARD_BENCH v=1 run=33469008682412 event=present frame_id=1517 t_ns=33480432907000 presented=1 clock=monotonic
K230_CARD_BENCH v=1 run=33469008682412 event=present frame_id=1516 t_ns=33480413747000 presented=1 clock=monotonic
K230_CARD_BENCH v=1 run=33469008682412 event=present frame_id=1515 t_ns=33480375424000 presented=1 clock=monotonic
K230_CARD_BENCH v=1 run=33469008682412 event=present frame_id=1514 t_ns=33480356265000 presented=1 clock=monotonic
K230_CARD_SHELL live cards=2 commits=960 sampled=1862 frame-done=1862 output-presented=930
K230_CARD_BENCH v=1 run=33469008682412 event=present frame_id=1513 t_ns=33480317943000 presented=1 clock=monotonic
K230_CARD_BENCH v=1 run=33469008682412 event=present frame_id=1512 t_ns=33480298783000 presented=1 clock=monotonic
K230_CARD_BENCH v=1 run=33469008682412 event=present frame_id=1511 t_ns=33480260462000 presented=1 clock=monotonic
K230_CARD_BENCH v=1 run=33469008682412 event=present frame_id=1510 t_ns=33480241302000 presented=1 clock=monotonic
K230_CARD_BENCH v=1 run=33469008682412 event=present frame_id=1509 t_ns=33480202978000 presented=1 clock=monotonic
K230_CARD_BENCH v=1 run=33469008682412 event=present frame_id=1508 t_ns=33480183820000 presented=1 clock=monotonic
K230_CARD_BENCH v=1 run=33469008682412 event=resource phase=active t_ns=33480172708206 cpu_ns=32121375000 memory_bytes=27488256 scope=session
K230_CARD_BENCH v=1 run=33469008682412 event=resource phase=active t_ns=33480172708206 cpu_ns=19930392820 memory_bytes=34349056 scope=compositor
K230_CARD_BENCH v=1 run=33469008682412 event=present frame_id=1507 t_ns=33480126338000 presented=1 clock=monotonic
K230_CARD_BENCH v=1 run=33469008682412 event=present frame_id=1506 t_ns=33480088018000 presented=1 clock=monotonic
K230_CARD_BENCH v=1 run=33469008682412 event=present frame_id=1505 t_ns=33480049694000 presented=1 clock=monotonic
K230_CARD_BENCH v=1 run=33469008682412 event=present frame_id=1504 t_ns=33480030535000 presented=1 clock=monotonic
K230_CARD_BENCH v=1 run=33469008682412 event=present frame_id=1503 t_ns=33479992213000 presented=1 clock=monotonic
K230_CARD_BENCH v=1 run=33469008682412 event=present frame_id=1502 t_ns=33479953892000 presented=1 clock=monotonic
K230_CARD_BENCH v=1 run=33469008682412 event=present frame_id=1501 t_ns=33479934731000 presented=1 clock=monotonic
K230_CARD_BENCH v=1 run=33469008682412 event=present frame_id=1500 t_ns=33479896410000 presented=1 clock=monotonic
K230_CARD_BENCH v=1 run=33469008682412 event=present frame_id=1499 t_ns=33479858088000 presented=1 clock=monotonic
K230_CARD_BENCH v=1 run=33469008682412 event=present frame_id=1498 t_ns=33479838928000 presented=1 clock=monotonic
K230_CARD_BENCH v=1 run=33469008682412 event=present frame_id=1497 t_ns=33479800607000 presented=1 clock=monotonic
K230_CARD_BENCH v=1 run=33469008682412 event=present frame_id=1496 t_ns=33479781446000 presented=1 clock=monotonic
K230_CARD_BENCH v=1 run=33469008682412 event=present frame_id=1495 t_ns=33479743123000 presented=1 clock=monotonic
K230_CARD_BENCH v=1 run=33469008682412 event=present frame_id=1494 t_ns=33479723964000 presented=1 clock=monotonic
K230_CARD_BENCH v=1 run=33469008682412 event=present frame_id=1493 t_ns=33479685643000 presented=1 clock=monotonic
K230_CARD_BENCH v=1 run=33469008682412 event=present frame_id=1492 t_ns=33479666483000 presented=1 clock=monotonic
K230_CARD_BENCH v=1 run=33469008682412 event=present frame_id=1491 t_ns=33479628161000 presented=1 clock=monotonic
K230_CARD_BENCH v=1 run=33469008682412 event=present frame_id=1490 t_ns=33479609001000 presented=1 clock=monotonic
K230_CARD_BENCH v=1 run=33469008682412 event=present frame_id=1489 t_ns=33479551519000 presented=1 clock=monotonic
K230_CARD_BENCH v=1 run=33469008682412 event=present frame_id=1488 t_ns=33479513198000 presented=1 clock=monotonic
K230_CARD_BENCH v=1 run=33469008682412 event=present frame_id=1487 t_ns=33479474875000 presented=1 clock=monotonic
K230_CARD_BENCH v=1 run=33469008682412 event=present frame_id=1486 t_ns=33479455716000 presented=1 clock=monotonic
K230_CARD_BENCH v=1 run=33469008682412 event=present frame_id=1485 t_ns=33479417395000 presented=1 clock=monotonic
K230_CARD_BENCH v=1 run=33469008682412 event=present frame_id=1484 t_ns=33479398234000 presented=1 clock=monotonic
K230_CARD_BENCH v=1 run=33469008682412 event=present frame_id=1483 t_ns=33479359913000 presented=1 clock=monotonic
K230_CARD_BENCH v=1 run=33469008682412 event=present frame_id=1482 t_ns=33479321590000 presented=1 clock=monotonic
K230_CARD_BENCH v=1 run=33469008682412 event=present frame_id=1481 t_ns=33479302431000 presented=1 clock=monotonic
K230_CARD_BENCH v=1 run=33469008682412 event=present frame_id=1480 t_ns=33479264109000 presented=1 clock=monotonic
K230_CARD_BENCH v=1 run=33469008682412 event=present frame_id=1479 t_ns=33479244949000 presented=1 clock=monotonic
K230_CARD_BENCH v=1 run=33469008682412 event=present frame_id=1478 t_ns=33479206627000 presented=1 clock=monotonic
K230_CARD_BENCH v=1 run=33469008682412 event=present frame_id=1477 t_ns=33479187467000 presented=1 clock=monotonic
K230_CARD_BENCH v=1 run=33469008682412 event=present frame_id=1476 t_ns=33479149146000 presented=1 clock=monotonic
K230_CARD_BENCH v=1 run=33469008682412 event=resource phase=active t_ns=33479134998684 cpu_ns=31459642000 memory_bytes=27488256 scope=session
K230_CARD_BENCH v=1 run=33469008682412 event=resource phase=active t_ns=33479134998684 cpu_ns=19445647379 memory_bytes=34349056 scope=compositor
K230_CARD_BENCH v=1 run=33469008682412 event=present frame_id=1475 t_ns=33479110823000 presented=1 clock=monotonic
K230_CARD_BENCH v=1 run=33469008682412 event=present frame_id=1474 t_ns=33479091664000 presented=1 clock=monotonic
K230_CARD_BENCH v=1 run=33469008682412 event=present frame_id=1473 t_ns=33479053342000 presented=1 clock=monotonic
K230_CARD_BENCH v=1 run=33469008682412 event=present frame_id=1472 t_ns=33479034182000 presented=1 clock=monotonic
K230_CARD_BENCH v=1 run=33469008682412 event=present frame_id=1471 t_ns=33478976700000 presented=1 clock=monotonic
K230_CARD_BENCH v=1 run=33469008682412 event=present frame_id=1470 t_ns=33478938379000 presented=1 clock=monotonic
K230_CARD_BENCH v=1 run=33469008682412 event=present frame_id=1469 t_ns=33478900058000 presented=1 clock=monotonic
K230_CARD_BENCH v=1 run=33469008682412 event=present frame_id=1468 t_ns=33478880897000 presented=1 clock=monotonic
K230_CARD_BENCH v=1 run=33469008682412 event=present frame_id=1467 t_ns=33478842575000 presented=1 clock=monotonic
K230_CARD_BENCH v=1 run=33469008682412 event=present frame_id=1466 t_ns=33478823415000 presented=1 clock=monotonic
K230_CARD_BENCH v=1 run=33469008682412 event=present frame_id=1465 t_ns=33478785093000 presented=1 clock=monotonic
K230_CARD_BENCH v=1 run=33469008682412 event=present frame_id=1464 t_ns=33478765934000 presented=1 clock=monotonic
K230_CARD_BENCH v=1 run=33469008682412 event=present frame_id=1463 t_ns=33478727611000 presented=1 clock=monotonic
K230_CARD_BENCH v=1 run=33469008682412 event=present frame_id=1462 t_ns=33478708451000 presented=1 clock=monotonic
K230_CARD_BENCH v=1 run=33469008682412 event=present frame_id=1461 t_ns=33478670130000 presented=1 clock=monotonic
K230_CARD_BENCH v=1 run=33469008682412 event=present frame_id=1460 t_ns=33478650970000 presented=1 clock=monotonic
K230_CARD_BENCH v=1 run=33469008682412 event=present frame_id=1459 t_ns=33478612649000 presented=1 clock=monotonic
K230_CARD_BENCH v=1 run=33469008682412 event=present frame_id=1458 t_ns=33478593488000 presented=1 clock=monotonic
K230_CARD_BENCH v=1 run=33469008682412 event=present frame_id=1457 t_ns=33478555168000 presented=1 clock=monotonic
K230_CARD_SHELL live cards=2 commits=900 sampled=1748 frame-done=1748 output-presented=873
K230_CARD_BENCH v=1 run=33469008682412 event=present frame_id=1456 t_ns=33478536047000 presented=1 clock=monotonic
K230_CARD_BENCH v=1 run=33469008682412 event=present frame_id=1455 t_ns=33478497690000 presented=1 clock=monotonic
K230_CARD_BENCH v=1 run=33469008682412 event=present frame_id=1454 t_ns=33478478524000 presented=1 clock=monotonic
K230_CARD_BENCH v=1 run=33469008682412 event=present frame_id=1453 t_ns=33478421045000 presented=1 clock=monotonic
K230_CARD_BENCH v=1 run=33469008682412 event=present frame_id=1452 t_ns=33478382720000 presented=1 clock=monotonic
K230_CARD_BENCH v=1 run=33469008682412 event=present frame_id=1451 t_ns=33478363560000 presented=1 clock=monotonic
K230_CARD_BENCH v=1 run=33469008682412 event=present frame_id=1450 t_ns=33478325239000 presented=1 clock=monotonic
K230_CARD_BENCH v=1 run=33469008682412 event=present frame_id=1449 t_ns=33478306079000 presented=1 clock=monotonic
K230_CARD_BENCH v=1 run=33469008682412 event=present frame_id=1448 t_ns=33478267756000 presented=1 clock=monotonic
K230_CARD_BENCH v=1 run=33469008682412 event=present frame_id=1447 t_ns=33478248597000 presented=1 clock=monotonic
K230_CARD_BENCH v=1 run=33469008682412 event=present frame_id=1446 t_ns=33478210274000 presented=1 clock=monotonic
K230_CARD_BENCH v=1 run=33469008682412 event=present frame_id=1445 t_ns=33478191115000 presented=1 clock=monotonic
K230_CARD_BENCH v=1 run=33469008682412 event=present frame_id=1444 t_ns=33478152794000 presented=1 clock=monotonic
K230_CARD_BENCH v=1 run=33469008682412 event=present frame_id=1443 t_ns=33478133633000 presented=1 clock=monotonic
K230_CARD_BENCH v=1 run=33469008682412 event=resource phase=active t_ns=33478121458286 cpu_ns=30794155000 memory_bytes=27488256 scope=session
K230_CARD_BENCH v=1 run=33469008682412 event=resource phase=active t_ns=33478121458286 cpu_ns=18947500680 memory_bytes=34349056 scope=compositor
K230_CARD_BENCH v=1 run=33469008682412 event=present frame_id=1442 t_ns=33478095313000 presented=1 clock=monotonic
K230_CARD_BENCH v=1 run=33469008682412 event=present frame_id=1441 t_ns=33478076153000 presented=1 clock=monotonic
K230_CARD_BENCH v=1 run=33469008682412 event=present frame_id=1440 t_ns=33478037829000 presented=1 clock=monotonic
K230_CARD_BENCH v=1 run=33469008682412 event=present frame_id=1439 t_ns=33478018670000 presented=1 clock=monotonic
K230_CARD_BENCH v=1 run=33469008682412 event=present frame_id=1438 t_ns=33477980348000 presented=1 clock=monotonic
K230_CARD_BENCH v=1 run=33469008682412 event=present frame_id=1437 t_ns=33477961188000 presented=1 clock=monotonic
K230_CARD_BENCH v=1 run=33469008682412 event=present frame_id=1436 t_ns=33477922867000 presented=1 clock=monotonic
K230_CARD_BENCH v=1 run=33469008682412 event=present frame_id=1435 t_ns=33477884546000 presented=1 clock=monotonic
K230_CARD_BENCH v=1 run=33469008682412 event=present frame_id=1434 t_ns=33477827063000 presented=1 clock=monotonic
K230_CARD_BENCH v=1 run=33469008682412 event=present frame_id=1433 t_ns=33477807903000 presented=1 clock=monotonic
K230_CARD_BENCH v=1 run=33469008682412 event=present frame_id=1432 t_ns=33477769581000 presented=1 clock=monotonic
K230_CARD_BENCH v=1 run=33469008682412 event=present frame_id=1431 t_ns=33477750421000 presented=1 clock=monotonic
K230_CARD_BENCH v=1 run=33469008682412 event=present frame_id=1430 t_ns=33477712098000 presented=1 clock=monotonic
K230_CARD_BENCH v=1 run=33469008682412 event=present frame_id=1429 t_ns=33477692939000 presented=1 clock=monotonic
K230_CARD_BENCH v=1 run=33469008682412 event=present frame_id=1428 t_ns=33477654616000 presented=1 clock=monotonic
K230_CARD_BENCH v=1 run=33469008682412 event=present frame_id=1427 t_ns=33477635457000 presented=1 clock=monotonic
K230_CARD_BENCH v=1 run=33469008682412 event=present frame_id=1426 t_ns=33477597135000 presented=1 clock=monotonic
K230_CARD_BENCH v=1 run=33469008682412 event=present frame_id=1425 t_ns=33477577975000 presented=1 clock=monotonic
K230_CARD_BENCH v=1 run=33469008682412 event=present frame_id=1424 t_ns=33477539653000 presented=1 clock=monotonic
K230_CARD_BENCH v=1 run=33469008682412 event=present frame_id=1423 t_ns=33477520493000 presented=1 clock=monotonic
K230_CARD_BENCH v=1 run=33469008682412 event=present frame_id=1422 t_ns=33477482171000 presented=1 clock=monotonic
K230_CARD_BENCH v=1 run=33469008682412 event=present frame_id=1421 t_ns=33477463011000 presented=1 clock=monotonic
K230_CARD_BENCH v=1 run=33469008682412 event=present frame_id=1420 t_ns=33477424690000 presented=1 clock=monotonic
K230_CARD_BENCH v=1 run=33469008682412 event=present frame_id=1419 t_ns=33477386368000 presented=1 clock=monotonic
K230_CARD_BENCH v=1 run=33469008682412 event=present frame_id=1418 t_ns=33477367208000 presented=1 clock=monotonic
K230_CARD_BENCH v=1 run=33469008682412 event=present frame_id=1417 t_ns=33477328888000 presented=1 clock=monotonic
K230_CARD_BENCH v=1 run=33469008682412 event=present frame_id=1416 t_ns=33477271405000 presented=1 clock=monotonic
K230_CARD_BENCH v=1 run=33469008682412 event=present frame_id=1415 t_ns=33477194763000 presented=1 clock=monotonic
K230_CARD_BENCH v=1 run=33469008682412 event=present frame_id=1414 t_ns=33477156441000 presented=1 clock=monotonic
K230_CARD_BENCH v=1 run=33469008682412 event=present frame_id=1413 t_ns=33477098959000 presented=1 clock=monotonic
K230_CARD_BENCH v=1 run=33469008682412 event=resource phase=active t_ns=33477100306841 cpu_ns=30187675000 memory_bytes=28897280 scope=session
K230_CARD_BENCH v=1 run=33469008682412 event=resource phase=active t_ns=33477100306841 cpu_ns=18493586021 memory_bytes=35696640 scope=compositor
K230_CARD_BENCH v=1 run=33469008682412 event=present frame_id=1412 t_ns=33477060637000 presented=1 clock=monotonic
K230_CARD_BENCH v=1 run=33469008682412 event=present frame_id=1411 t_ns=33477022319000 presented=1 clock=monotonic
K230_CARD_BENCH v=1 run=33469008682412 event=present frame_id=1410 t_ns=33476964841000 presented=1 clock=monotonic
K230_CARD_BENCH v=1 run=33469008682412 event=present frame_id=1409 t_ns=33476907355000 presented=1 clock=monotonic
K230_CARD_BENCH v=1 run=33469008682412 event=present frame_id=1408 t_ns=33476869036000 presented=1 clock=monotonic
K230_CARD_BENCH v=1 run=33469008682412 event=present frame_id=1407 t_ns=33476830711000 presented=1 clock=monotonic
K230_CARD_BENCH v=1 run=33469008682412 event=present frame_id=1406 t_ns=33476811551000 presented=1 clock=monotonic
K230_CARD_BENCH v=1 run=33469008682412 event=present frame_id=1405 t_ns=33476792401000 presented=1 clock=monotonic
K230_CARD_BENCH v=1 run=33469008682412 event=present frame_id=1404 t_ns=33476754066000 presented=1 clock=monotonic
K230_CARD_BENCH v=1 run=33469008682412 event=present frame_id=1403 t_ns=33476734907000 presented=1 clock=monotonic
K230_CARD_BENCH v=1 run=33469008682412 event=present frame_id=1402 t_ns=33476696587000 presented=1 clock=monotonic
K230_CARD_BENCH v=1 run=33469008682412 event=present frame_id=1401 t_ns=33476658269000 presented=1 clock=monotonic
K230_CARD_BENCH v=1 run=33469008682412 event=present frame_id=1400 t_ns=33476619944000 presented=1 clock=monotonic
K230_CARD_BENCH v=1 run=33469008682412 event=present frame_id=1399 t_ns=33476600783000 presented=1 clock=monotonic
K230_CARD_SHELL live cards=2 commits=840 sampled=1632 frame-done=1632 output-presented=815
K230_CARD_BENCH v=1 run=33469008682412 event=present frame_id=1398 t_ns=33476562461000 presented=1 clock=monotonic
K230_CARD_BENCH v=1 run=33469008682412 event=present frame_id=1397 t_ns=33476543301000 presented=1 clock=monotonic
K230_CARD_BENCH v=1 run=33469008682412 event=present frame_id=1396 t_ns=33476504980000 presented=1 clock=monotonic
K230_CARD_BENCH v=1 run=33469008682412 event=present frame_id=1395 t_ns=33476485820000 presented=1 clock=monotonic
K230_CARD_BENCH v=1 run=33469008682412 event=present frame_id=1394 t_ns=33476447498000 presented=1 clock=monotonic
K230_CARD_BENCH v=1 run=33469008682412 event=submit input_id=10 frame_id=1394 t_ns=33476447157809 update_cpu_ns=14772788 final=1
K230_CARD_BENCH v=1 run=33469008682412 event=present frame_id=1393 t_ns=33476428339000 presented=1 clock=monotonic
K230_CARD_BENCH v=1 run=33469008682412 event=input input_id=10 gesture_id=9 kind=release t_ns=33476417072433 source=injected
K230_CARD_BENCH v=1 run=33469008682412 event=present frame_id=1392 t_ns=33476390018000 presented=1 clock=monotonic
K230_CARD_BENCH v=1 run=33469008682412 event=present frame_id=1391 t_ns=33476351695000 presented=1 clock=monotonic
K230_CARD_BENCH v=1 run=33469008682412 event=submit input_id=9 frame_id=1391 t_ns=33476348494132 update_cpu_ns=14665029 final=0
K230_CARD_BENCH v=1 run=33469008682412 event=present frame_id=1390 t_ns=33476313376000 presented=1 clock=monotonic
K230_CARD_BENCH v=1 run=33469008682412 event=input input_id=9 gesture_id=9 kind=motion t_ns=33476304467088 source=injected
K230_CARD_BENCH v=1 run=33469008682412 event=present frame_id=1389 t_ns=33476275055000 presented=1 clock=monotonic
K230_CARD_BENCH v=1 run=33469008682412 event=present frame_id=1388 t_ns=33476236733000 presented=1 clock=monotonic
K230_CARD_BENCH v=1 run=33469008682412 event=submit input_id=8 frame_id=1388 t_ns=33476225474786 update_cpu_ns=14993649 final=0
K230_CARD_BENCH v=1 run=33469008682412 event=present frame_id=1387 t_ns=33476198410000 presented=1 clock=monotonic
K230_CARD_BENCH v=1 run=33469008682412 event=input input_id=8 gesture_id=9 kind=motion t_ns=33476185151957 source=injected
K230_CARD_BENCH v=1 run=33469008682412 event=present frame_id=1386 t_ns=33476140929000 presented=1 clock=monotonic
K230_CARD_BENCH v=1 run=33469008682412 event=present frame_id=1385 t_ns=33476083447000 presented=1 clock=monotonic
K230_CARD_BENCH v=1 run=33469008682412 event=resource phase=active t_ns=33476081772800 cpu_ns=29619207000 memory_bytes=27488256 scope=session
K230_CARD_BENCH v=1 run=33469008682412 event=resource phase=active t_ns=33476081772800 cpu_ns=18058864998 memory_bytes=34254848 scope=compositor
K230_CARD_BENCH v=1 run=33469008682412 event=present frame_id=1384 t_ns=33476025966000 presented=1 clock=monotonic
K230_CARD_BENCH v=1 run=33469008682412 event=present frame_id=1383 t_ns=33475987645000 presented=1 clock=monotonic
K230_CARD_BENCH v=1 run=33469008682412 event=submit input_id=7 frame_id=1383 t_ns=33475981101632 update_cpu_ns=14635595 final=0
K230_CARD_BENCH v=1 run=33469008682412 event=present frame_id=1382 t_ns=33475949324000 presented=1 clock=monotonic
K230_CARD_BENCH v=1 run=33469008682412 event=input input_id=7 gesture_id=9 kind=motion t_ns=33475934828104 source=injected
K230_CARD_BENCH v=1 run=33469008682412 event=present frame_id=1381 t_ns=33475911001000 presented=1 clock=monotonic
K230_CARD_BENCH v=1 run=33469008682412 event=present frame_id=1380 t_ns=33475872680000 presented=1 clock=monotonic
K230_CARD_BENCH v=1 run=33469008682412 event=present frame_id=1379 t_ns=33475834360000 presented=1 clock=monotonic
K230_CARD_BENCH v=1 run=33469008682412 event=present frame_id=1378 t_ns=33475796038000 presented=1 clock=monotonic
K230_CARD_BENCH v=1 run=33469008682412 event=submit input_id=6 frame_id=1378 t_ns=33475787398718 update_cpu_ns=14610925 final=0
K230_CARD_BENCH v=1 run=33469008682412 event=present frame_id=1377 t_ns=33475757717000 presented=1 clock=monotonic
K230_CARD_BENCH v=1 run=33469008682412 event=input input_id=6 gesture_id=9 kind=motion t_ns=33475745920407 source=injected
K230_CARD_BENCH v=1 run=33469008682412 event=present frame_id=1376 t_ns=33475719395000 presented=1 clock=monotonic
K230_CARD_BENCH v=1 run=33469008682412 event=present frame_id=1375 t_ns=33475681076000 presented=1 clock=monotonic
K230_CARD_BENCH v=1 run=33469008682412 event=present frame_id=1374 t_ns=33475642752000 presented=1 clock=monotonic
K230_CARD_BENCH v=1 run=33469008682412 event=submit input_id=5 frame_id=1374 t_ns=33475634027370 update_cpu_ns=14749017 final=0
K230_CARD_BENCH v=1 run=33469008682412 event=present frame_id=1373 t_ns=33475604431000 presented=1 clock=monotonic
K230_CARD_BENCH v=1 run=33469008682412 event=input input_id=5 gesture_id=9 kind=motion t_ns=33475588628405 source=injected
K230_CARD_BENCH v=1 run=33469008682412 event=present frame_id=1372 t_ns=33475546950000 presented=1 clock=monotonic
K230_CARD_BENCH v=1 run=33469008682412 event=present frame_id=1371 t_ns=33475489467000 presented=1 clock=monotonic
K230_CARD_BENCH v=1 run=33469008682412 event=present frame_id=1370 t_ns=33475431985000 presented=1 clock=monotonic
K230_CARD_BENCH v=1 run=33469008682412 event=submit input_id=4 frame_id=1370 t_ns=33475416180625 update_cpu_ns=14658787 final=0
K230_CARD_BENCH v=1 run=33469008682412 event=present frame_id=1369 t_ns=33475393665000 presented=1 clock=monotonic
K230_CARD_BENCH v=1 run=33469008682412 event=input input_id=4 gesture_id=9 kind=motion t_ns=33475388700128 source=injected
K230_CARD_BENCH v=1 run=33469008682412 event=present frame_id=1368 t_ns=33475355347000 presented=1 clock=monotonic
K230_CARD_BENCH v=1 run=33469008682412 event=present frame_id=1367 t_ns=33475317023000 presented=1 clock=monotonic
K230_CARD_BENCH v=1 run=33469008682412 event=present frame_id=1366 t_ns=33475278700000 presented=1 clock=monotonic
K230_CARD_BENCH v=1 run=33469008682412 event=present frame_id=1365 t_ns=33475240380000 presented=1 clock=monotonic
K230_CARD_BENCH v=1 run=33469008682412 event=submit input_id=3 frame_id=1365 t_ns=33475225983335 update_cpu_ns=14719423 final=0
K230_CARD_BENCH v=1 run=33469008682412 event=present frame_id=1364 t_ns=33475202059000 presented=1 clock=monotonic
K230_CARD_BENCH v=1 run=33469008682412 event=input input_id=3 gesture_id=9 kind=motion t_ns=33475189158691 source=injected
K230_CARD_BENCH v=1 run=33469008682412 event=present frame_id=1363 t_ns=33475144577000 presented=1 clock=monotonic
K230_CARD_BENCH v=1 run=33469008682412 event=present frame_id=1362 t_ns=33475125417000 presented=1 clock=monotonic
K230_CARD_BENCH v=1 run=33469008682412 event=present frame_id=1361 t_ns=33475087094000 presented=1 clock=monotonic
K230_CARD_BENCH v=1 run=33469008682412 event=resource phase=active t_ns=33475075994694 cpu_ns=29122837000 memory_bytes=27488256 scope=session
K230_CARD_BENCH v=1 run=33469008682412 event=resource phase=active t_ns=33475075994694 cpu_ns=17688279479 memory_bytes=34254848 scope=compositor
K230_CARD_BENCH v=1 run=33469008682412 event=present frame_id=1360 t_ns=33475048774000 presented=1 clock=monotonic
K230_CARD_BENCH v=1 run=33469008682412 event=submit input_id=2 frame_id=1360 t_ns=33475042147140 update_cpu_ns=14550161 final=0
K230_CARD_BENCH v=1 run=33469008682412 event=present frame_id=1359 t_ns=33475010454000 presented=1 clock=monotonic
K230_CARD_BENCH v=1 run=33469008682412 event=input input_id=2 gesture_id=9 kind=motion t_ns=33474996455703 source=injected
K230_CARD_BENCH v=1 run=33469008682412 event=present frame_id=1358 t_ns=33474972131000 presented=1 clock=monotonic
K230_CARD_BENCH v=1 run=33469008682412 event=present frame_id=1357 t_ns=33474914649000 presented=1 clock=monotonic
K230_CARD_BENCH v=1 run=33469008682412 event=present frame_id=1356 t_ns=33474838006000 presented=1 clock=monotonic
K230_CARD_BENCH v=1 run=33469008682412 event=submit input_id=1 frame_id=1356 t_ns=33474836804701 update_cpu_ns=24026513 final=0
K230_CARD_BENCH v=1 run=33469008682412 event=present frame_id=1355 t_ns=33474780535000 presented=1 clock=monotonic
K230_CARD_BENCH v=1 run=33469008682412 event=input input_id=1 gesture_id=9 kind=motion t_ns=33474781016030 source=injected
K230_CARD_SHELL state mode=1 actions=35 message=0 cards=2
K230_CARD_SHELL mirror id=9 format=34325258 width=128 height=96 stride=512
K230_CARD_SHELL mirror id=9 format=34325258 width=520 height=1040 stride=2080
K230_CARD_SHELL mirror id=7 format=34325258 width=128 height=96 stride=512
K230_CARD_SHELL mirror id=7 format=34325258 width=520 height=1040 stride=2080
K230_CARD_BENCH v=1 run=33469008682412 event=session t_ns=33474781019955 clock=monotonic backend=drm renderer=pixman width=568 height=1232 output_format=RGB565 input=injected cards=2
K230_CARD_BENCH v=1 run=33469008682412 event=present frame_id=1354 t_ns=33474742203000 presented=1 clock=monotonic
K230_CARD_BENCH v=1 run=33469008682412 event=present frame_id=1353 t_ns=33474703881000 presented=1 clock=monotonic
K230_CARD_BENCH v=1 run=33469008682412 event=present frame_id=1352 t_ns=33474684723000 presented=1 clock=monotonic
K230_CARD_BENCH v=1 run=33469008682412 event=present frame_id=1351 t_ns=33474646400000 presented=1 clock=monotonic
K230_CARD_BENCH v=1 run=33469008682412 event=present frame_id=1350 t_ns=33474608081000 presented=1 clock=monotonic
K230_CARD_BENCH v=1 run=33469008682412 event=present frame_id=1349 t_ns=33474569757000 presented=1 clock=monotonic
K230_CARD_BENCH v=1 run=33469008682412 event=present frame_id=1348 t_ns=33474531438000 presented=1 clock=monotonic
K230_CARD_BENCH v=1 run=33469008682412 event=present frame_id=1347 t_ns=33474493116000 presented=1 clock=monotonic
K230_CARD_BENCH v=1 run=33469008682412 event=present frame_id=1346 t_ns=33474473955000 presented=1 clock=monotonic
K230_CARD_BENCH v=1 run=33469008682412 event=present frame_id=1345 t_ns=33474435633000 presented=1 clock=monotonic
K230_CARD_BENCH v=1 run=33469008682412 event=present frame_id=1344 t_ns=33474397312000 presented=1 clock=monotonic
K230_CARD_BENCH v=1 run=33469008682412 event=present frame_id=1343 t_ns=33474378151000 presented=1 clock=monotonic
K230_CARD_BENCH v=1 run=33469008682412 event=present frame_id=1342 t_ns=33474339830000 presented=1 clock=monotonic
K230_CARD_BENCH v=1 run=33469008682412 event=present frame_id=1341 t_ns=33474263188000 presented=1 clock=monotonic
K230_CARD_BENCH v=1 run=33469008682412 event=present frame_id=1340 t_ns=33474224868000 presented=1 clock=monotonic
K230_CARD_BENCH v=1 run=33469008682412 event=present frame_id=1339 t_ns=33474186547000 presented=1 clock=monotonic
K230_CARD_BENCH v=1 run=33469008682412 event=present frame_id=1338 t_ns=33474167384000 presented=1 clock=monotonic
K230_CARD_BENCH v=1 run=33469008682412 event=present frame_id=1337 t_ns=33474129064000 presented=1 clock=monotonic
K230_CARD_BENCH v=1 run=33469008682412 event=present frame_id=1336 t_ns=33474090742000 presented=1 clock=monotonic
K230_CARD_BENCH v=1 run=33469008682412 event=present frame_id=1335 t_ns=33474052422000 presented=1 clock=monotonic
K230_CARD_BENCH v=1 run=33469008682412 event=resource phase=baseline t_ns=33474061490871 cpu_ns=28594127000 memory_bytes=27254784 scope=session
K230_CARD_BENCH v=1 run=33469008682412 event=resource phase=baseline t_ns=33474061490871 cpu_ns=17394985310 memory_bytes=34123776 scope=compositor
K230_CARD_BENCH v=1 run=33469008682412 event=present frame_id=1334 t_ns=33474033260000 presented=1 clock=monotonic
K230_CARD_BENCH v=1 run=33469008682412 event=present frame_id=1333 t_ns=33473994938000 presented=1 clock=monotonic
K230_CARD_BENCH v=1 run=33469008682412 event=present frame_id=1332 t_ns=33473956619000 presented=1 clock=monotonic
K230_CARD_BENCH v=1 run=33469008682412 event=present frame_id=1331 t_ns=33473937458000 presented=1 clock=monotonic
K230_CARD_BENCH v=1 run=33469008682412 event=present frame_id=1330 t_ns=33473899136000 presented=1 clock=monotonic
K230_CARD_BENCH v=1 run=33469008682412 event=present frame_id=1329 t_ns=33473860814000 presented=1 clock=monotonic
K230_CARD_BENCH v=1 run=33469008682412 event=present frame_id=1328 t_ns=33473822492000 presented=1 clock=monotonic
K230_CARD_BENCH v=1 run=33469008682412 event=present frame_id=1327 t_ns=33473803333000 presented=1 clock=monotonic
K230_CARD_BENCH v=1 run=33469008682412 event=present frame_id=1326 t_ns=33473765036000 presented=1 clock=monotonic
K230_CARD_BENCH v=1 run=33469008682412 event=present frame_id=1325 t_ns=33473707527000 presented=1 clock=monotonic
K230_CARD_BENCH v=1 run=33469008682412 event=present frame_id=1324 t_ns=33473650049000 presented=1 clock=monotonic
K230_CARD_BENCH v=1 run=33469008682412 event=present frame_id=1323 t_ns=33473611728000 presented=1 clock=monotonic
K230_CARD_BENCH v=1 run=33469008682412 event=present frame_id=1322 t_ns=33473592586000 presented=1 clock=monotonic
K230_CARD_BENCH v=1 run=33469008682412 event=present frame_id=1321 t_ns=33473554245000 presented=1 clock=monotonic
K230_CARD_BENCH v=1 run=33469008682412 event=present frame_id=1320 t_ns=33473515923000 presented=1 clock=monotonic
K230_CARD_BENCH v=1 run=33469008682412 event=present frame_id=1319 t_ns=33473496769000 presented=1 clock=monotonic
K230_CARD_BENCH v=1 run=33469008682412 event=present frame_id=1318 t_ns=33473458443000 presented=1 clock=monotonic
K230_CARD_BENCH v=1 run=33469008682412 event=present frame_id=1317 t_ns=33473420123000 presented=1 clock=monotonic
K230_CARD_BENCH v=1 run=33469008682412 event=present frame_id=1316 t_ns=33473381799000 presented=1 clock=monotonic
K230_CARD_BENCH v=1 run=33469008682412 event=present frame_id=1315 t_ns=33473362640000 presented=1 clock=monotonic
K230_CARD_BENCH v=1 run=33469008682412 event=present frame_id=1314 t_ns=33473324318000 presented=1 clock=monotonic
K230_CARD_BENCH v=1 run=33469008682412 event=present frame_id=1313 t_ns=33473285995000 presented=1 clock=monotonic
K230_CARD_BENCH v=1 run=33469008682412 event=present frame_id=1312 t_ns=33473266837000 presented=1 clock=monotonic
K230_CARD_BENCH v=1 run=33469008682412 event=present frame_id=1311 t_ns=33473228514000 presented=1 clock=monotonic
K230_CARD_BENCH v=1 run=33469008682412 event=present frame_id=1310 t_ns=33473190193000 presented=1 clock=monotonic
K230_CARD_BENCH v=1 run=33469008682412 event=present frame_id=1309 t_ns=33473151871000 presented=1 clock=monotonic
K230_CARD_BENCH v=1 run=33469008682412 event=present frame_id=1308 t_ns=33473094391000 presented=1 clock=monotonic
K230_CARD_BENCH v=1 run=33469008682412 event=resource phase=baseline t_ns=33473046206450 cpu_ns=28055995000 memory_bytes=27250688 scope=session
K230_CARD_BENCH v=1 run=33469008682412 event=resource phase=baseline t_ns=33473046206450 cpu_ns=17132204223 memory_bytes=34123776 scope=compositor
K230_CARD_BENCH v=1 run=33469008682412 event=present frame_id=1307 t_ns=33473036911000 presented=1 clock=monotonic
K230_CARD_BENCH v=1 run=33469008682412 event=present frame_id=1306 t_ns=33472998588000 presented=1 clock=monotonic
K230_CARD_BENCH v=1 run=33469008682412 event=present frame_id=1305 t_ns=33472960266000 presented=1 clock=monotonic
K230_CARD_BENCH v=1 run=33469008682412 event=present frame_id=1304 t_ns=33472941129000 presented=1 clock=monotonic
K230_CARD_BENCH v=1 run=33469008682412 event=present frame_id=1303 t_ns=33472902783000 presented=1 clock=monotonic
K230_CARD_BENCH v=1 run=33469008682412 event=present frame_id=1302 t_ns=33472864462000 presented=1 clock=monotonic
K230_CARD_BENCH v=1 run=33469008682412 event=present frame_id=1301 t_ns=33472826140000 presented=1 clock=monotonic
K230_CARD_BENCH v=1 run=33469008682412 event=present frame_id=1300 t_ns=33472806982000 presented=1 clock=monotonic
K230_CARD_BENCH v=1 run=33469008682412 event=present frame_id=1299 t_ns=33472768659000 presented=1 clock=monotonic
K230_CARD_BENCH v=1 run=33469008682412 event=present frame_id=1298 t_ns=33472730341000 presented=1 clock=monotonic
K230_CARD_BENCH v=1 run=33469008682412 event=present frame_id=1297 t_ns=33472692045000 presented=1 clock=monotonic
K230_CARD_BENCH v=1 run=33469008682412 event=present frame_id=1296 t_ns=33472653695000 presented=1 clock=monotonic
K230_CARD_BENCH v=1 run=33469008682412 event=present frame_id=1295 t_ns=33472634535000 presented=1 clock=monotonic
K230_CARD_BENCH v=1 run=33469008682412 event=present frame_id=1294 t_ns=33472596233000 presented=1 clock=monotonic
K230_CARD_BENCH v=1 run=33469008682412 event=present frame_id=1293 t_ns=33472557896000 presented=1 clock=monotonic
K230_CARD_BENCH v=1 run=33469008682412 event=present frame_id=1292 t_ns=33472519571000 presented=1 clock=monotonic
K230_CARD_BENCH v=1 run=33469008682412 event=present frame_id=1291 t_ns=33472462090000 presented=1 clock=monotonic
K230_CARD_BENCH v=1 run=33469008682412 event=present frame_id=1290 t_ns=33472423771000 presented=1 clock=monotonic
K230_CARD_BENCH v=1 run=33469008682412 event=present frame_id=1289 t_ns=33472385454000 presented=1 clock=monotonic
K230_CARD_BENCH v=1 run=33469008682412 event=present frame_id=1288 t_ns=33472347125000 presented=1 clock=monotonic
K230_CARD_BENCH v=1 run=33469008682412 event=present frame_id=1287 t_ns=33472327966000 presented=1 clock=monotonic
K230_CARD_BENCH v=1 run=33469008682412 event=present frame_id=1286 t_ns=33472289643000 presented=1 clock=monotonic
K230_CARD_BENCH v=1 run=33469008682412 event=present frame_id=1285 t_ns=33472251323000 presented=1 clock=monotonic
K230_CARD_BENCH v=1 run=33469008682412 event=present frame_id=1284 t_ns=33472213001000 presented=1 clock=monotonic
K230_CARD_BENCH v=1 run=33469008682412 event=present frame_id=1283 t_ns=33472193841000 presented=1 clock=monotonic
K230_CARD_BENCH v=1 run=33469008682412 event=present frame_id=1282 t_ns=33472174679000 presented=1 clock=monotonic
K230_CARD_BENCH v=1 run=33469008682412 event=present frame_id=1281 t_ns=33472155518000 presented=1 clock=monotonic
K230_CARD_BENCH v=1 run=33469008682412 event=present frame_id=1280 t_ns=33472117196000 presented=1 clock=monotonic
K230_CARD_BENCH v=1 run=33469008682412 event=present frame_id=1279 t_ns=33472098036000 presented=1 clock=monotonic
K230_CARD_BENCH v=1 run=33469008682412 event=present frame_id=1278 t_ns=33472078876000 presented=1 clock=monotonic
K230_CARD_BENCH v=1 run=33469008682412 event=present frame_id=1277 t_ns=33472059715000 presented=1 clock=monotonic
K230_CARD_BENCH v=1 run=33469008682412 event=present frame_id=1276 t_ns=33472040557000 presented=1 clock=monotonic
K230_CARD_BENCH v=1 run=33469008682412 event=resource phase=baseline t_ns=33472040127928 cpu_ns=27460557000 memory_bytes=27250688 scope=session
K230_CARD_BENCH v=1 run=33469008682412 event=resource phase=baseline t_ns=33472040127928 cpu_ns=16840823821 memory_bytes=34123776 scope=compositor
K230_CARD_BENCH v=1 run=33469008682412 event=present frame_id=1275 t_ns=33472021395000 presented=1 clock=monotonic
K230_CARD_BENCH v=1 run=33469008682412 event=present frame_id=1274 t_ns=33472002234000 presented=1 clock=monotonic
K230_CARD_BENCH v=1 run=33469008682412 event=present frame_id=1273 t_ns=33471983073000 presented=1 clock=monotonic
K230_CARD_BENCH v=1 run=33469008682412 event=present frame_id=1272 t_ns=33471944753000 presented=1 clock=monotonic
K230_CARD_BENCH v=1 run=33469008682412 event=present frame_id=1271 t_ns=33471906431000 presented=1 clock=monotonic
K230_CARD_BENCH v=1 run=33469008682412 event=present frame_id=1270 t_ns=33471868110000 presented=1 clock=monotonic
K230_CARD_BENCH v=1 run=33469008682412 event=present frame_id=1269 t_ns=33471848949000 presented=1 clock=monotonic
K230_CARD_BENCH v=1 run=33469008682412 event=present frame_id=1268 t_ns=33471829789000 presented=1 clock=monotonic
K230_CARD_BENCH v=1 run=33469008682412 event=present frame_id=1267 t_ns=33471810627000 presented=1 clock=monotonic
K230_CARD_BENCH v=1 run=33469008682412 event=present frame_id=1266 t_ns=33471791466000 presented=1 clock=monotonic
K230_CARD_BENCH v=1 run=33469008682412 event=present frame_id=1265 t_ns=33471772306000 presented=1 clock=monotonic
K230_CARD_BENCH v=1 run=33469008682412 event=present frame_id=1264 t_ns=33471733985000 presented=1 clock=monotonic
K230_CARD_BENCH v=1 run=33469008682412 event=present frame_id=1263 t_ns=33471714824000 presented=1 clock=monotonic
K230_CARD_BENCH v=1 run=33469008682412 event=present frame_id=1262 t_ns=33471695664000 presented=1 clock=monotonic
K230_CARD_BENCH v=1 run=33469008682412 event=present frame_id=1261 t_ns=33471676503000 presented=1 clock=monotonic
K230_CARD_BENCH v=1 run=33469008682412 event=present frame_id=1260 t_ns=33471657342000 presented=1 clock=monotonic
K230_CARD_BENCH v=1 run=33469008682412 event=present frame_id=1259 t_ns=33471638182000 presented=1 clock=monotonic
K230_CARD_BENCH v=1 run=33469008682412 event=present frame_id=1258 t_ns=33471619021000 presented=1 clock=monotonic
K230_CARD_BENCH v=1 run=33469008682412 event=present frame_id=1257 t_ns=33471599860000 presented=1 clock=monotonic
K230_CARD_BENCH v=1 run=33469008682412 event=present frame_id=1256 t_ns=33471561539000 presented=1 clock=monotonic
K230_CARD_BENCH v=1 run=33469008682412 event=present frame_id=1255 t_ns=33471542378000 presented=1 clock=monotonic
K230_CARD_BENCH v=1 run=33469008682412 event=present frame_id=1254 t_ns=33471523218000 presented=1 clock=monotonic
K230_CARD_BENCH v=1 run=33469008682412 event=present frame_id=1253 t_ns=33471504060000 presented=1 clock=monotonic
K230_CARD_BENCH v=1 run=33469008682412 event=present frame_id=1252 t_ns=33471484897000 presented=1 clock=monotonic
K230_CARD_BENCH v=1 run=33469008682412 event=present frame_id=1251 t_ns=33471465736000 presented=1 clock=monotonic
K230_CARD_BENCH v=1 run=33469008682412 event=present frame_id=1250 t_ns=33471446575000 presented=1 clock=monotonic
K230_CARD_BENCH v=1 run=33469008682412 event=present frame_id=1249 t_ns=33471408259000 presented=1 clock=monotonic
K230_CARD_BENCH v=1 run=33469008682412 event=present frame_id=1248 t_ns=33471389093000 presented=1 clock=monotonic
K230_CARD_BENCH v=1 run=33469008682412 event=present frame_id=1247 t_ns=33471369934000 presented=1 clock=monotonic
K230_CARD_BENCH v=1 run=33469008682412 event=present frame_id=1246 t_ns=33471331612000 presented=1 clock=monotonic
K230_CARD_BENCH v=1 run=33469008682412 event=present frame_id=1245 t_ns=33471293291000 presented=1 clock=monotonic
K230_CARD_BENCH v=1 run=33469008682412 event=present frame_id=1244 t_ns=33471274130000 presented=1 clock=monotonic
K230_CARD_BENCH v=1 run=33469008682412 event=present frame_id=1243 t_ns=33471254969000 presented=1 clock=monotonic
K230_CARD_BENCH v=1 run=33469008682412 event=present frame_id=1242 t_ns=33471235808000 presented=1 clock=monotonic
K230_CARD_BENCH v=1 run=33469008682412 event=present frame_id=1241 t_ns=33471216648000 presented=1 clock=monotonic
K230_CARD_BENCH v=1 run=33469008682412 event=present frame_id=1240 t_ns=33471197488000 presented=1 clock=monotonic
K230_CARD_BENCH v=1 run=33469008682412 event=present frame_id=1239 t_ns=33471178326000 presented=1 clock=monotonic
K230_CARD_BENCH v=1 run=33469008682412 event=present frame_id=1238 t_ns=33471140005000 presented=1 clock=monotonic
K230_CARD_BENCH v=1 run=33469008682412 event=present frame_id=1237 t_ns=33471120844000 presented=1 clock=monotonic
K230_CARD_BENCH v=1 run=33469008682412 event=present frame_id=1236 t_ns=33471101685000 presented=1 clock=monotonic
K230_CARD_BENCH v=1 run=33469008682412 event=present frame_id=1235 t_ns=33471082524000 presented=1 clock=monotonic
K230_CARD_BENCH v=1 run=33469008682412 event=present frame_id=1234 t_ns=33471063363000 presented=1 clock=monotonic
K230_CARD_BENCH v=1 run=33469008682412 event=present frame_id=1233 t_ns=33471044204000 presented=1 clock=monotonic
K230_CARD_BENCH v=1 run=33469008682412 event=present frame_id=1232 t_ns=33471025044000 presented=1 clock=monotonic
K230_CARD_BENCH v=1 run=33469008682412 event=resource phase=baseline t_ns=33471024245278 cpu_ns=26631770000 memory_bytes=27246592 scope=session
K230_CARD_BENCH v=1 run=33469008682412 event=resource phase=baseline t_ns=33471024245278 cpu_ns=16435375387 memory_bytes=34123776 scope=compositor
K230_CARD_BENCH v=1 run=33469008682412 event=present frame_id=1231 t_ns=33470986720000 presented=1 clock=monotonic
K230_CARD_BENCH v=1 run=33469008682412 event=present frame_id=1230 t_ns=33470967560000 presented=1 clock=monotonic
K230_CARD_BENCH v=1 run=33469008682412 event=present frame_id=1229 t_ns=33470948399000 presented=1 clock=monotonic
K230_CARD_BENCH v=1 run=33469008682412 event=present frame_id=1228 t_ns=33470929239000 presented=1 clock=monotonic
K230_CARD_BENCH v=1 run=33469008682412 event=present frame_id=1227 t_ns=33470910079000 presented=1 clock=monotonic
K230_CARD_BENCH v=1 run=33469008682412 event=present frame_id=1226 t_ns=33470890918000 presented=1 clock=monotonic
K230_CARD_BENCH v=1 run=33469008682412 event=present frame_id=1225 t_ns=33470871756000 presented=1 clock=monotonic
K230_CARD_BENCH v=1 run=33469008682412 event=present frame_id=1224 t_ns=33470852596000 presented=1 clock=monotonic
K230_CARD_BENCH v=1 run=33469008682412 event=present frame_id=1223 t_ns=33470833435000 presented=1 clock=monotonic
K230_CARD_BENCH v=1 run=33469008682412 event=present frame_id=1222 t_ns=33470775954000 presented=1 clock=monotonic
K230_CARD_BENCH v=1 run=33469008682412 event=present frame_id=1221 t_ns=33470737632000 presented=1 clock=monotonic
K230_CARD_BENCH v=1 run=33469008682412 event=present frame_id=1220 t_ns=33470718472000 presented=1 clock=monotonic
K230_CARD_BENCH v=1 run=33469008682412 event=present frame_id=1219 t_ns=33470699311000 presented=1 clock=monotonic
K230_CARD_BENCH v=1 run=33469008682412 event=present frame_id=1218 t_ns=33470680151000 presented=1 clock=monotonic
K230_CARD_BENCH v=1 run=33469008682412 event=present frame_id=1217 t_ns=33470660999000 presented=1 clock=monotonic
K230_CARD_BENCH v=1 run=33469008682412 event=present frame_id=1216 t_ns=33470641828000 presented=1 clock=monotonic
K230_CARD_BENCH v=1 run=33469008682412 event=present frame_id=1215 t_ns=33470622668000 presented=1 clock=monotonic
K230_CARD_BENCH v=1 run=33469008682412 event=present frame_id=1214 t_ns=33470584347000 presented=1 clock=monotonic
K230_CARD_BENCH v=1 run=33469008682412 event=present frame_id=1213 t_ns=33470565189000 presented=1 clock=monotonic
K230_CARD_BENCH v=1 run=33469008682412 event=present frame_id=1212 t_ns=33470546026000 presented=1 clock=monotonic
K230_CARD_BENCH v=1 run=33469008682412 event=present frame_id=1211 t_ns=33470526865000 presented=1 clock=monotonic
K230_CARD_BENCH v=1 run=33469008682412 event=present frame_id=1210 t_ns=33470507705000 presented=1 clock=monotonic
K230_CARD_BENCH v=1 run=33469008682412 event=present frame_id=1209 t_ns=33470488544000 presented=1 clock=monotonic
K230_CARD_BENCH v=1 run=33469008682412 event=present frame_id=1208 t_ns=33470469384000 presented=1 clock=monotonic
K230_CARD_BENCH v=1 run=33469008682412 event=present frame_id=1207 t_ns=33470450222000 presented=1 clock=monotonic
K230_CARD_BENCH v=1 run=33469008682412 event=present frame_id=1206 t_ns=33470431062000 presented=1 clock=monotonic
K230_CARD_BENCH v=1 run=33469008682412 event=present frame_id=1205 t_ns=33470392741000 presented=1 clock=monotonic
K230_CARD_BENCH v=1 run=33469008682412 event=present frame_id=1204 t_ns=33470373580000 presented=1 clock=monotonic
K230_CARD_BENCH v=1 run=33469008682412 event=present frame_id=1203 t_ns=33470354420000 presented=1 clock=monotonic
K230_CARD_BENCH v=1 run=33469008682412 event=present frame_id=1202 t_ns=33470335260000 presented=1 clock=monotonic
K230_CARD_BENCH v=1 run=33469008682412 event=present frame_id=1201 t_ns=33470316099000 presented=1 clock=monotonic
K230_CARD_BENCH v=1 run=33469008682412 event=present frame_id=1200 t_ns=33470296938000 presented=1 clock=monotonic
K230_CARD_BENCH v=1 run=33469008682412 event=present frame_id=1199 t_ns=33470277777000 presented=1 clock=monotonic
K230_CARD_BENCH v=1 run=33469008682412 event=present frame_id=1198 t_ns=33470258616000 presented=1 clock=monotonic
K230_CARD_BENCH v=1 run=33469008682412 event=present frame_id=1197 t_ns=33470201134000 presented=1 clock=monotonic
K230_CARD_BENCH v=1 run=33469008682412 event=present frame_id=1196 t_ns=33470162813000 presented=1 clock=monotonic
K230_CARD_BENCH v=1 run=33469008682412 event=present frame_id=1195 t_ns=33470143653000 presented=1 clock=monotonic
K230_CARD_BENCH v=1 run=33469008682412 event=present frame_id=1194 t_ns=33470124493000 presented=1 clock=monotonic
K230_CARD_BENCH v=1 run=33469008682412 event=present frame_id=1193 t_ns=33470105331000 presented=1 clock=monotonic
K230_CARD_BENCH v=1 run=33469008682412 event=present frame_id=1192 t_ns=33470086171000 presented=1 clock=monotonic
K230_CARD_BENCH v=1 run=33469008682412 event=present frame_id=1191 t_ns=33470067010000 presented=1 clock=monotonic
K230_CARD_BENCH v=1 run=33469008682412 event=present frame_id=1190 t_ns=33470047850000 presented=1 clock=monotonic
K230_CARD_BENCH v=1 run=33469008682412 event=present frame_id=1189 t_ns=33470009528000 presented=1 clock=monotonic
K230_CARD_BENCH v=1 run=33469008682412 event=resource phase=baseline t_ns=33470012176033 cpu_ns=25811399000 memory_bytes=27242496 scope=session
K230_CARD_BENCH v=1 run=33469008682412 event=resource phase=baseline t_ns=33470012176033 cpu_ns=16038127630 memory_bytes=34123776 scope=compositor
K230_CARD_BENCH v=1 run=33469008682412 event=present frame_id=1188 t_ns=33469990368000 presented=1 clock=monotonic
K230_CARD_BENCH v=1 run=33469008682412 event=present frame_id=1187 t_ns=33469971207000 presented=1 clock=monotonic
K230_CARD_BENCH v=1 run=33469008682412 event=present frame_id=1186 t_ns=33469952052000 presented=1 clock=monotonic
K230_CARD_BENCH v=1 run=33469008682412 event=present frame_id=1185 t_ns=33469932886000 presented=1 clock=monotonic
K230_CARD_BENCH v=1 run=33469008682412 event=present frame_id=1184 t_ns=33469913725000 presented=1 clock=monotonic
K230_CARD_BENCH v=1 run=33469008682412 event=present frame_id=1183 t_ns=33469894565000 presented=1 clock=monotonic
K230_CARD_BENCH v=1 run=33469008682412 event=present frame_id=1182 t_ns=33469856242000 presented=1 clock=monotonic
K230_CARD_BENCH v=1 run=33469008682412 event=present frame_id=1181 t_ns=33469837082000 presented=1 clock=monotonic
K230_CARD_BENCH v=1 run=33469008682412 event=present frame_id=1180 t_ns=33469817922000 presented=1 clock=monotonic
K230_CARD_BENCH v=1 run=33469008682412 event=present frame_id=1179 t_ns=33469798762000 presented=1 clock=monotonic
K230_CARD_BENCH v=1 run=33469008682412 event=present frame_id=1178 t_ns=33469779601000 presented=1 clock=monotonic
K230_CARD_BENCH v=1 run=33469008682412 event=present frame_id=1177 t_ns=33469760440000 presented=1 clock=monotonic
K230_CARD_BENCH v=1 run=33469008682412 event=present frame_id=1176 t_ns=33469741279000 presented=1 clock=monotonic
K230_CARD_BENCH v=1 run=33469008682412 event=present frame_id=1175 t_ns=33469702959000 presented=1 clock=monotonic
K230_CARD_BENCH v=1 run=33469008682412 event=present frame_id=1174 t_ns=33469683797000 presented=1 clock=monotonic
K230_CARD_BENCH v=1 run=33469008682412 event=present frame_id=1173 t_ns=33469664637000 presented=1 clock=monotonic
K230_CARD_BENCH v=1 run=33469008682412 event=present frame_id=1172 t_ns=33469607155000 presented=1 clock=monotonic
K230_CARD_BENCH v=1 run=33469008682412 event=present frame_id=1171 t_ns=33469587995000 presented=1 clock=monotonic
K230_CARD_BENCH v=1 run=33469008682412 event=present frame_id=1170 t_ns=33469568835000 presented=1 clock=monotonic
K230_CARD_BENCH v=1 run=33469008682412 event=present frame_id=1169 t_ns=33469549673000 presented=1 clock=monotonic
K230_CARD_BENCH v=1 run=33469008682412 event=present frame_id=1168 t_ns=33469530514000 presented=1 clock=monotonic
K230_CARD_BENCH v=1 run=33469008682412 event=present frame_id=1167 t_ns=33469511352000 presented=1 clock=monotonic
K230_CARD_BENCH v=1 run=33469008682412 event=present frame_id=1166 t_ns=33469473031000 presented=1 clock=monotonic
K230_CARD_BENCH v=1 run=33469008682412 event=present frame_id=1165 t_ns=33469453869000 presented=1 clock=monotonic
K230_CARD_BENCH v=1 run=33469008682412 event=present frame_id=1164 t_ns=33469434709000 presented=1 clock=monotonic
K230_CARD_BENCH v=1 run=33469008682412 event=present frame_id=1163 t_ns=33469415549000 presented=1 clock=monotonic
K230_CARD_BENCH v=1 run=33469008682412 event=present frame_id=1162 t_ns=33469396389000 presented=1 clock=monotonic
K230_CARD_BENCH v=1 run=33469008682412 event=present frame_id=1161 t_ns=33469377228000 presented=1 clock=monotonic
K230_CARD_BENCH v=1 run=33469008682412 event=present frame_id=1160 t_ns=33469358067000 presented=1 clock=monotonic
K230_CARD_BENCH v=1 run=33469008682412 event=present frame_id=1159 t_ns=33469338907000 presented=1 clock=monotonic
K230_CARD_BENCH v=1 run=33469008682412 event=present frame_id=1158 t_ns=33469319746000 presented=1 clock=monotonic
K230_CARD_BENCH v=1 run=33469008682412 event=present frame_id=1157 t_ns=33469281424000 presented=1 clock=monotonic
K230_CARD_BENCH v=1 run=33469008682412 event=present frame_id=1156 t_ns=33469262263000 presented=1 clock=monotonic
K230_CARD_BENCH v=1 run=33469008682412 event=present frame_id=1155 t_ns=33469243103000 presented=1 clock=monotonic
K230_CARD_BENCH v=1 run=33469008682412 event=present frame_id=1154 t_ns=33469223943000 presented=1 clock=monotonic
K230_CARD_BENCH v=1 run=33469008682412 event=present frame_id=1153 t_ns=33469204783000 presented=1 clock=monotonic
K230_CARD_BENCH v=1 run=33469008682412 event=present frame_id=1152 t_ns=33469185622000 presented=1 clock=monotonic
K230_CARD_BENCH v=1 run=33469008682412 event=present frame_id=1151 t_ns=33469166461000 presented=1 clock=monotonic
K230_CARD_BENCH v=1 run=33469008682412 event=present frame_id=1150 t_ns=33469128142000 presented=1 clock=monotonic
K230_CARD_BENCH v=1 run=33469008682412 event=present frame_id=1149 t_ns=33469070659000 presented=1 clock=monotonic
K230_CARD_SHELL input=injected operation=benchmark accepted=1
K230_CARD_BENCH v=1 run=33469008682412 event=resource phase=baseline t_ns=33469008824518 cpu_ns=24996684000 memory_bytes=24043520 scope=session
K230_CARD_BENCH v=1 run=33469008682412 event=resource phase=baseline t_ns=33469008824518 cpu_ns=15653460427 memory_bytes=27570176 scope=compositor
K230_CARD_SHELL map id=9 class=2
K230_CARD_SHELL state mode=0 actions=32 message=0 cards=2
K230_CARD_SHELL input=injected operation=benchmark-stop accepted=1
K230_CARD_BENCH v=1 run=33428534769785 event=present frame_id=1143 t_ns=33468821569000 presented=1 clock=monotonic
K230_CARD_BENCH v=1 run=33428534769785 event=present frame_id=1142 t_ns=33468802409000 presented=1 clock=monotonic
K230_CARD_BENCH v=1 run=33428534769785 event=present frame_id=1141 t_ns=33468764087000 presented=1 clock=monotonic
K230_CARD_BENCH v=1 run=33428534769785 event=present frame_id=1140 t_ns=33468744927000 presented=1 clock=monotonic
K230_CARD_BENCH v=1 run=33428534769785 event=present frame_id=1139 t_ns=33468725766000 presented=1 clock=monotonic
K230_CARD_BENCH v=1 run=33428534769785 event=present frame_id=1138 t_ns=33468706606000 presented=1 clock=monotonic
K230_CARD_BENCH v=1 run=33428534769785 event=present frame_id=1137 t_ns=33468687445000 presented=1 clock=monotonic
K230_CARD_BENCH v=1 run=33428534769785 event=present frame_id=1136 t_ns=33468668284000 presented=1 clock=monotonic
K230_CARD_BENCH v=1 run=33428534769785 event=present frame_id=1135 t_ns=33468649124000 presented=1 clock=monotonic
K230_CARD_BENCH v=1 run=33428534769785 event=present frame_id=1134 t_ns=33468629963000 presented=1 clock=monotonic
K230_CARD_BENCH v=1 run=33428534769785 event=present frame_id=1133 t_ns=33468610802000 presented=1 clock=monotonic
K230_CARD_BENCH v=1 run=33428534769785 event=present frame_id=1132 t_ns=33468591642000 presented=1 clock=monotonic
K230_CARD_BENCH v=1 run=33428534769785 event=present frame_id=1131 t_ns=33468553320000 presented=1 clock=monotonic
K230_CARD_BENCH v=1 run=33428534769785 event=present frame_id=1130 t_ns=33468534161000 presented=1 clock=monotonic
K230_CARD_BENCH v=1 run=33428534769785 event=present frame_id=1129 t_ns=33468495855000 presented=1 clock=monotonic
K230_CARD_BENCH v=1 run=33428534769785 event=present frame_id=1128 t_ns=33468457518000 presented=1 clock=monotonic
K230_CARD_BENCH v=1 run=33428534769785 event=present frame_id=1127 t_ns=33468438357000 presented=1 clock=monotonic
K230_CARD_BENCH v=1 run=33428534769785 event=present frame_id=1126 t_ns=33468419196000 presented=1 clock=monotonic
K230_CARD_BENCH v=1 run=33428534769785 event=present frame_id=1125 t_ns=33468400036000 presented=1 clock=monotonic
K230_CARD_BENCH v=1 run=33428534769785 event=present frame_id=1124 t_ns=33468380876000 presented=1 clock=monotonic
K230_CARD_BENCH v=1 run=33428534769785 event=present frame_id=1123 t_ns=33468361715000 presented=1 clock=monotonic
K230_CARD_BENCH v=1 run=33428534769785 event=present frame_id=1122 t_ns=33468342554000 presented=1 clock=monotonic
K230_CARD_BENCH v=1 run=33428534769785 event=present frame_id=1121 t_ns=33468323393000 presented=1 clock=monotonic
K230_CARD_BENCH v=1 run=33428534769785 event=present frame_id=1120 t_ns=33468285072000 presented=1 clock=monotonic
K230_CARD_BENCH v=1 run=33428534769785 event=present frame_id=1119 t_ns=33468265911000 presented=1 clock=monotonic
K230_CARD_BENCH v=1 run=33428534769785 event=present frame_id=1118 t_ns=33468246750000 presented=1 clock=monotonic
K230_CARD_BENCH v=1 run=33428534769785 event=present frame_id=1117 t_ns=33468227590000 presented=1 clock=monotonic
K230_CARD_BENCH v=1 run=33428534769785 event=present frame_id=1116 t_ns=33468208430000 presented=1 clock=monotonic
K230_CARD_BENCH v=1 run=33428534769785 event=resource phase=restored t_ns=33468202158654 cpu_ns=24317484000 memory_bytes=19697664 scope=session
K230_CARD_BENCH v=1 run=33428534769785 event=resource phase=restored t_ns=33468202158654 cpu_ns=15345020437 memory_bytes=27570176 scope=compositor
K230_CARD_BENCH v=1 run=33428534769785 event=present frame_id=1115 t_ns=33468189269000 presented=1 clock=monotonic
K230_CARD_BENCH v=1 run=33428534769785 event=present frame_id=1114 t_ns=33468170108000 presented=1 clock=monotonic
K230_CARD_BENCH v=1 run=33428534769785 event=present frame_id=1113 t_ns=33468150948000 presented=1 clock=monotonic
K230_CARD_BENCH v=1 run=33428534769785 event=present frame_id=1112 t_ns=33468112626000 presented=1 clock=monotonic
K230_CARD_BENCH v=1 run=33428534769785 event=present frame_id=1111 t_ns=33468093465000 presented=1 clock=monotonic
K230_CARD_BENCH v=1 run=33428534769785 event=present frame_id=1110 t_ns=33468074304000 presented=1 clock=monotonic
K230_CARD_BENCH v=1 run=33428534769785 event=present frame_id=1109 t_ns=33468055144000 presented=1 clock=monotonic
K230_CARD_BENCH v=1 run=33428534769785 event=present frame_id=1108 t_ns=33468035984000 presented=1 clock=monotonic
K230_CARD_BENCH v=1 run=33428534769785 event=present frame_id=1107 t_ns=33468016824000 presented=1 clock=monotonic
K230_CARD_BENCH v=1 run=33428534769785 event=present frame_id=1106 t_ns=33467997663000 presented=1 clock=monotonic
K230_CARD_BENCH v=1 run=33428534769785 event=present frame_id=1105 t_ns=33467978502000 presented=1 clock=monotonic
K230_CARD_BENCH v=1 run=33428534769785 event=present frame_id=1104 t_ns=33467940182000 presented=1 clock=monotonic
K230_CARD_BENCH v=1 run=33428534769785 event=present frame_id=1103 t_ns=33467901862000 presented=1 clock=monotonic
K230_CARD_BENCH v=1 run=33428534769785 event=present frame_id=1102 t_ns=33467882699000 presented=1 clock=monotonic
K230_CARD_BENCH v=1 run=33428534769785 event=present frame_id=1101 t_ns=33467844378000 presented=1 clock=monotonic
K230_CARD_BENCH v=1 run=33428534769785 event=present frame_id=1100 t_ns=33467825216000 presented=1 clock=monotonic
K230_CARD_BENCH v=1 run=33428534769785 event=present frame_id=1099 t_ns=33467806056000 presented=1 clock=monotonic
K230_CARD_BENCH v=1 run=33428534769785 event=present frame_id=1098 t_ns=33467786896000 presented=1 clock=monotonic
K230_CARD_BENCH v=1 run=33428534769785 event=present frame_id=1097 t_ns=33467767735000 presented=1 clock=monotonic
K230_CARD_BENCH v=1 run=33428534769785 event=present frame_id=1096 t_ns=33467748574000 presented=1 clock=monotonic
K230_CARD_BENCH v=1 run=33428534769785 event=present frame_id=1095 t_ns=33467729413000 presented=1 clock=monotonic
K230_CARD_BENCH v=1 run=33428534769785 event=present frame_id=1094 t_ns=33467710254000 presented=1 clock=monotonic
K230_CARD_BENCH v=1 run=33428534769785 event=present frame_id=1093 t_ns=33467671932000 presented=1 clock=monotonic
K230_CARD_BENCH v=1 run=33428534769785 event=present frame_id=1092 t_ns=33467652771000 presented=1 clock=monotonic
K230_CARD_BENCH v=1 run=33428534769785 event=present frame_id=1091 t_ns=33467633610000 presented=1 clock=monotonic
K230_CARD_BENCH v=1 run=33428534769785 event=present frame_id=1090 t_ns=33467614450000 presented=1 clock=monotonic
K230_CARD_BENCH v=1 run=33428534769785 event=present frame_id=1089 t_ns=33467595289000 presented=1 clock=monotonic
K230_CARD_BENCH v=1 run=33428534769785 event=present frame_id=1088 t_ns=33467576130000 presented=1 clock=monotonic
K230_CARD_BENCH v=1 run=33428534769785 event=present frame_id=1087 t_ns=33467556968000 presented=1 clock=monotonic
K230_CARD_BENCH v=1 run=33428534769785 event=present frame_id=1086 t_ns=33467537807000 presented=1 clock=monotonic
K230_CARD_BENCH v=1 run=33428534769785 event=present frame_id=1085 t_ns=33467518647000 presented=1 clock=monotonic
K230_CARD_BENCH v=1 run=33428534769785 event=present frame_id=1084 t_ns=33467499487000 presented=1 clock=monotonic
K230_CARD_BENCH v=1 run=33428534769785 event=present frame_id=1083 t_ns=33467461165000 presented=1 clock=monotonic
K230_CARD_BENCH v=1 run=33428534769785 event=present frame_id=1082 t_ns=33467442004000 presented=1 clock=monotonic
K230_CARD_BENCH v=1 run=33428534769785 event=present frame_id=1081 t_ns=33467422843000 presented=1 clock=monotonic
K230_CARD_BENCH v=1 run=33428534769785 event=present frame_id=1080 t_ns=33467403683000 presented=1 clock=monotonic
K230_CARD_BENCH v=1 run=33428534769785 event=present frame_id=1079 t_ns=33467365362000 presented=1 clock=monotonic
K230_CARD_BENCH v=1 run=33428534769785 event=present frame_id=1078 t_ns=33467327040000 presented=1 clock=monotonic
K230_CARD_BENCH v=1 run=33428534769785 event=present frame_id=1077 t_ns=33467307880000 presented=1 clock=monotonic
K230_CARD_BENCH v=1 run=33428534769785 event=present frame_id=1076 t_ns=33467288720000 presented=1 clock=monotonic
K230_CARD_BENCH v=1 run=33428534769785 event=present frame_id=1075 t_ns=33467269559000 presented=1 clock=monotonic
K230_CARD_BENCH v=1 run=33428534769785 event=present frame_id=1074 t_ns=33467250398000 presented=1 clock=monotonic
K230_CARD_BENCH v=1 run=33428534769785 event=present frame_id=1073 t_ns=33467212077000 presented=1 clock=monotonic
K230_CARD_BENCH v=1 run=33428534769785 event=present frame_id=1072 t_ns=33467192918000 presented=1 clock=monotonic
K230_CARD_BENCH v=1 run=33428534769785 event=resource phase=restored t_ns=33467192244884 cpu_ns=23491132000 memory_bytes=19697664 scope=session
K230_CARD_BENCH v=1 run=33428534769785 event=resource phase=restored t_ns=33467192244884 cpu_ns=14941216532 memory_bytes=27570176 scope=compositor
K230_CARD_BENCH v=1 run=33428534769785 event=present frame_id=1071 t_ns=33467173756000 presented=1 clock=monotonic
K230_CARD_BENCH v=1 run=33428534769785 event=present frame_id=1070 t_ns=33467154595000 presented=1 clock=monotonic
K230_CARD_BENCH v=1 run=33428534769785 event=present frame_id=1069 t_ns=33467135434000 presented=1 clock=monotonic
K230_CARD_BENCH v=1 run=33428534769785 event=present frame_id=1068 t_ns=33467116274000 presented=1 clock=monotonic
K230_CARD_BENCH v=1 run=33428534769785 event=present frame_id=1067 t_ns=33467097113000 presented=1 clock=monotonic
K230_CARD_BENCH v=1 run=33428534769785 event=present frame_id=1066 t_ns=33467058792000 presented=1 clock=monotonic
K230_CARD_BENCH v=1 run=33428534769785 event=present frame_id=1065 t_ns=33467039631000 presented=1 clock=monotonic
K230_CARD_BENCH v=1 run=33428534769785 event=present frame_id=1064 t_ns=33467020471000 presented=1 clock=monotonic
K230_CARD_BENCH v=1 run=33428534769785 event=present frame_id=1063 t_ns=33467001310000 presented=1 clock=monotonic
K230_CARD_BENCH v=1 run=33428534769785 event=present frame_id=1062 t_ns=33466982150000 presented=1 clock=monotonic
K230_CARD_BENCH v=1 run=33428534769785 event=present frame_id=1061 t_ns=33466962989000 presented=1 clock=monotonic
K230_CARD_BENCH v=1 run=33428534769785 event=present frame_id=1060 t_ns=33466943828000 presented=1 clock=monotonic
K230_CARD_BENCH v=1 run=33428534769785 event=present frame_id=1059 t_ns=33466924667000 presented=1 clock=monotonic
K230_CARD_BENCH v=1 run=33428534769785 event=present frame_id=1058 t_ns=33466905506000 presented=1 clock=monotonic
K230_CARD_BENCH v=1 run=33428534769785 event=present frame_id=1057 t_ns=33466886346000 presented=1 clock=monotonic
K230_CARD_BENCH v=1 run=33428534769785 event=present frame_id=1056 t_ns=33466848041000 presented=1 clock=monotonic
K230_CARD_BENCH v=1 run=33428534769785 event=present frame_id=1055 t_ns=33466828865000 presented=1 clock=monotonic
K230_CARD_BENCH v=1 run=33428534769785 event=present frame_id=1054 t_ns=33466771383000 presented=1 clock=monotonic
K230_CARD_BENCH v=1 run=33428534769785 event=present frame_id=1053 t_ns=33466752223000 presented=1 clock=monotonic
K230_CARD_BENCH v=1 run=33428534769785 event=present frame_id=1052 t_ns=33466733061000 presented=1 clock=monotonic
K230_CARD_BENCH v=1 run=33428534769785 event=present frame_id=1051 t_ns=33466713901000 presented=1 clock=monotonic
K230_CARD_BENCH v=1 run=33428534769785 event=present frame_id=1050 t_ns=33466694741000 presented=1 clock=monotonic
K230_CARD_BENCH v=1 run=33428534769785 event=present frame_id=1049 t_ns=33466675579000 presented=1 clock=monotonic
K230_CARD_BENCH v=1 run=33428534769785 event=present frame_id=1048 t_ns=33466637257000 presented=1 clock=monotonic
K230_CARD_BENCH v=1 run=33428534769785 event=present frame_id=1047 t_ns=33466618097000 presented=1 clock=monotonic
K230_CARD_BENCH v=1 run=33428534769785 event=present frame_id=1046 t_ns=33466598936000 presented=1 clock=monotonic
K230_CARD_BENCH v=1 run=33428534769785 event=present frame_id=1045 t_ns=33466579776000 presented=1 clock=monotonic
K230_CARD_BENCH v=1 run=33428534769785 event=present frame_id=1044 t_ns=33466560616000 presented=1 clock=monotonic
K230_CARD_BENCH v=1 run=33428534769785 event=present frame_id=1043 t_ns=33466541455000 presented=1 clock=monotonic
K230_CARD_BENCH v=1 run=33428534769785 event=present frame_id=1042 t_ns=33466522294000 presented=1 clock=monotonic
K230_CARD_BENCH v=1 run=33428534769785 event=present frame_id=1041 t_ns=33466503134000 presented=1 clock=monotonic
K230_CARD_BENCH v=1 run=33428534769785 event=present frame_id=1040 t_ns=33466483973000 presented=1 clock=monotonic
K230_CARD_BENCH v=1 run=33428534769785 event=present frame_id=1039 t_ns=33466445650000 presented=1 clock=monotonic
K230_CARD_BENCH v=1 run=33428534769785 event=present frame_id=1038 t_ns=33466426491000 presented=1 clock=monotonic
K230_CARD_BENCH v=1 run=33428534769785 event=present frame_id=1037 t_ns=33466407330000 presented=1 clock=monotonic
K230_CARD_BENCH v=1 run=33428534769785 event=present frame_id=1036 t_ns=33466388171000 presented=1 clock=monotonic
K230_CARD_BENCH v=1 run=33428534769785 event=present frame_id=1035 t_ns=33466369010000 presented=1 clock=monotonic
K230_CARD_BENCH v=1 run=33428534769785 event=present frame_id=1034 t_ns=33466349848000 presented=1 clock=monotonic
K230_CARD_BENCH v=1 run=33428534769785 event=present frame_id=1033 t_ns=33466330688000 presented=1 clock=monotonic
K230_CARD_BENCH v=1 run=33428534769785 event=present frame_id=1032 t_ns=33466311528000 presented=1 clock=monotonic
K230_CARD_BENCH v=1 run=33428534769785 event=present frame_id=1031 t_ns=33466292367000 presented=1 clock=monotonic
K230_CARD_BENCH v=1 run=33428534769785 event=present frame_id=1030 t_ns=33466254045000 presented=1 clock=monotonic
K230_CARD_BENCH v=1 run=33428534769785 event=present frame_id=1029 t_ns=33466215726000 presented=1 clock=monotonic
K230_CARD_BENCH v=1 run=33428534769785 event=resource phase=restored t_ns=33466184305057 cpu_ns=22664005000 memory_bytes=19697664 scope=session
K230_CARD_BENCH v=1 run=33428534769785 event=resource phase=restored t_ns=33466184305057 cpu_ns=14538415564 memory_bytes=27570176 scope=compositor
K230_CARD_BENCH v=1 run=33428534769785 event=present frame_id=1028 t_ns=33466177401000 presented=1 clock=monotonic
K230_CARD_BENCH v=1 run=33428534769785 event=present frame_id=1027 t_ns=33466158242000 presented=1 clock=monotonic
K230_CARD_BENCH v=1 run=33428534769785 event=present frame_id=1026 t_ns=33466139082000 presented=1 clock=monotonic
K230_CARD_BENCH v=1 run=33428534769785 event=present frame_id=1025 t_ns=33466119921000 presented=1 clock=monotonic
K230_CARD_BENCH v=1 run=33428534769785 event=present frame_id=1024 t_ns=33466100760000 presented=1 clock=monotonic
K230_CARD_BENCH v=1 run=33428534769785 event=present frame_id=1023 t_ns=33466081600000 presented=1 clock=monotonic
K230_CARD_BENCH v=1 run=33428534769785 event=present frame_id=1022 t_ns=33466062439000 presented=1 clock=monotonic
K230_CARD_BENCH v=1 run=33428534769785 event=present frame_id=1021 t_ns=33466043279000 presented=1 clock=monotonic
K230_CARD_BENCH v=1 run=33428534769785 event=present frame_id=1020 t_ns=33466024119000 presented=1 clock=monotonic
K230_CARD_BENCH v=1 run=33428534769785 event=present frame_id=1019 t_ns=33466004958000 presented=1 clock=monotonic
K230_CARD_BENCH v=1 run=33428534769785 event=present frame_id=1018 t_ns=33465966636000 presented=1 clock=monotonic
K230_CARD_BENCH v=1 run=33428534769785 event=present frame_id=1017 t_ns=33465947475000 presented=1 clock=monotonic
K230_CARD_BENCH v=1 run=33428534769785 event=present frame_id=1016 t_ns=33465928315000 presented=1 clock=monotonic
K230_CARD_BENCH v=1 run=33428534769785 event=present frame_id=1015 t_ns=33465909154000 presented=1 clock=monotonic
K230_CARD_BENCH v=1 run=33428534769785 event=present frame_id=1014 t_ns=33465889994000 presented=1 clock=monotonic
K230_CARD_BENCH v=1 run=33428534769785 event=present frame_id=1013 t_ns=33465870834000 presented=1 clock=monotonic
K230_CARD_BENCH v=1 run=33428534769785 event=present frame_id=1012 t_ns=33465851672000 presented=1 clock=monotonic
K230_CARD_BENCH v=1 run=33428534769785 event=present frame_id=1011 t_ns=33465832512000 presented=1 clock=monotonic
K230_CARD_BENCH v=1 run=33428534769785 event=present frame_id=1010 t_ns=33465813351000 presented=1 clock=monotonic
K230_CARD_BENCH v=1 run=33428534769785 event=present frame_id=1009 t_ns=33465775029000 presented=1 clock=monotonic
K230_CARD_BENCH v=1 run=33428534769785 event=present frame_id=1008 t_ns=33465755869000 presented=1 clock=monotonic
K230_CARD_BENCH v=1 run=33428534769785 event=present frame_id=1007 t_ns=33465736709000 presented=1 clock=monotonic
K230_CARD_BENCH v=1 run=33428534769785 event=present frame_id=1006 t_ns=33465717548000 presented=1 clock=monotonic
K230_CARD_BENCH v=1 run=33428534769785 event=present frame_id=1005 t_ns=33465679227000 presented=1 clock=monotonic
K230_CARD_BENCH v=1 run=33428534769785 event=present frame_id=1004 t_ns=33465640905000 presented=1 clock=monotonic
K230_CARD_BENCH v=1 run=33428534769785 event=present frame_id=1003 t_ns=33465621745000 presented=1 clock=monotonic
K230_CARD_BENCH v=1 run=33428534769785 event=present frame_id=1002 t_ns=33465602584000 presented=1 clock=monotonic
K230_CARD_BENCH v=1 run=33428534769785 event=present frame_id=1001 t_ns=33465564263000 presented=1 clock=monotonic
K230_CARD_BENCH v=1 run=33428534769785 event=present frame_id=1000 t_ns=33465545102000 presented=1 clock=monotonic
K230_CARD_BENCH v=1 run=33428534769785 event=present frame_id=999 t_ns=33465525942000 presented=1 clock=monotonic
K230_CARD_BENCH v=1 run=33428534769785 event=present frame_id=998 t_ns=33465506781000 presented=1 clock=monotonic
K230_CARD_BENCH v=1 run=33428534769785 event=present frame_id=997 t_ns=33465487621000 presented=1 clock=monotonic
K230_CARD_BENCH v=1 run=33428534769785 event=present frame_id=996 t_ns=33465468460000 presented=1 clock=monotonic
K230_CARD_BENCH v=1 run=33428534769785 event=present frame_id=995 t_ns=33465449299000 presented=1 clock=monotonic
K230_CARD_BENCH v=1 run=33428534769785 event=present frame_id=994 t_ns=33465430138000 presented=1 clock=monotonic
K230_CARD_BENCH v=1 run=33428534769785 event=submit input_id=137 frame_id=994 t_ns=33465415663447 update_cpu_ns=110047448 final=1
K230_CARD_BENCH v=1 run=33428534769785 event=present frame_id=993 t_ns=33465296045000 presented=1 clock=monotonic
K230_CARD_BENCH v=1 run=33428534769785 event=input input_id=137 gesture_id=8 kind=release t_ns=33465289615303 source=injected
K230_CARD_SHELL restored focus=7 message=0
K230_CARD_SHELL mirror-release id=7
K230_CARD_SHELL mirror-release id=7
K230_CARD_BENCH v=1 run=33428534769785 event=present frame_id=992 t_ns=33465257694000 presented=1 clock=monotonic
K230_CARD_BENCH v=1 run=33428534769785 event=present frame_id=991 t_ns=33465219371000 presented=1 clock=monotonic
K230_CARD_BENCH v=1 run=33428534769785 event=present frame_id=990 t_ns=33465181051000 presented=1 clock=monotonic
K230_CARD_BENCH v=1 run=33428534769785 event=resource phase=active t_ns=33465180266189 cpu_ns=21841740000 memory_bytes=19697664 scope=session
K230_CARD_BENCH v=1 run=33428534769785 event=resource phase=active t_ns=33465180266189 cpu_ns=14069957155 memory_bytes=27570176 scope=compositor
K230_CARD_BENCH v=1 run=33428534769785 event=present frame_id=989 t_ns=33465161890000 presented=1 clock=monotonic
K230_CARD_SHELL state mode=2 actions=1 message=0 cards=1
K230_CARD_BENCH v=1 run=33428534769785 event=present frame_id=988 t_ns=33465085248000 presented=1 clock=monotonic
K230_CARD_BENCH v=1 run=33428534769785 event=present frame_id=987 t_ns=33465027767000 presented=1 clock=monotonic
K230_CARD_BENCH v=1 run=33428534769785 event=present frame_id=986 t_ns=33464989444000 presented=1 clock=monotonic
K230_CARD_BENCH v=1 run=33428534769785 event=present frame_id=985 t_ns=33464951123000 presented=1 clock=monotonic
K230_CARD_BENCH v=1 run=33428534769785 event=present frame_id=984 t_ns=33464912801000 presented=1 clock=monotonic
K230_CARD_BENCH v=1 run=33428534769785 event=present frame_id=983 t_ns=33464855319000 presented=1 clock=monotonic
K230_CARD_BENCH v=1 run=33428534769785 event=present frame_id=982 t_ns=33464817000000 presented=1 clock=monotonic
K230_CARD_BENCH v=1 run=33428534769785 event=present frame_id=981 t_ns=33464740366000 presented=1 clock=monotonic
K230_CARD_SHELL live cards=1 commits=782 sampled=1520 frame-done=1520 output-presented=759
K230_CARD_BENCH v=1 run=33428534769785 event=present frame_id=980 t_ns=33464702034000 presented=1 clock=monotonic
K230_CARD_BENCH v=1 run=33428534769785 event=present frame_id=979 t_ns=33464663714000 presented=1 clock=monotonic
K230_CARD_BENCH v=1 run=33428534769785 event=present frame_id=978 t_ns=33464644553000 presented=1 clock=monotonic
K230_CARD_BENCH v=1 run=33428534769785 event=present frame_id=977 t_ns=33464606230000 presented=1 clock=monotonic
K230_CARD_BENCH v=1 run=33428534769785 event=present frame_id=976 t_ns=33464587070000 presented=1 clock=monotonic
K230_CARD_BENCH v=1 run=33428534769785 event=present frame_id=975 t_ns=33464548749000 presented=1 clock=monotonic
K230_CARD_BENCH v=1 run=33428534769785 event=present frame_id=974 t_ns=33464529590000 presented=1 clock=monotonic
K230_CARD_BENCH v=1 run=33428534769785 event=submit input_id=136 frame_id=974 t_ns=33464527382730 update_cpu_ns=14860515 final=1
K230_CARD_BENCH v=1 run=33428534769785 event=present frame_id=973 t_ns=33464491268000 presented=1 clock=monotonic
K230_CARD_BENCH v=1 run=33428534769785 event=input input_id=136 gesture_id=7 kind=release t_ns=33464492378978 source=injected
K230_CARD_SHELL state mode=1 actions=1 message=0 cards=1
K230_CARD_BENCH v=1 run=33428534769785 event=present frame_id=972 t_ns=33464452945000 presented=1 clock=monotonic
K230_CARD_BENCH v=1 run=33428534769785 event=present frame_id=971 t_ns=33464433789000 presented=1 clock=monotonic
K230_CARD_BENCH v=1 run=33428534769785 event=submit input_id=135 frame_id=971 t_ns=33464415747129 update_cpu_ns=12356425 final=0
K230_CARD_BENCH v=1 run=33428534769785 event=present frame_id=970 t_ns=33464395464000 presented=1 clock=monotonic
K230_CARD_BENCH v=1 run=33428534769785 event=input input_id=135 gesture_id=7 kind=motion t_ns=33464379172390 source=injected
K230_CARD_SHELL state mode=2 actions=1 message=0 cards=1
K230_CARD_BENCH v=1 run=33428534769785 event=present frame_id=969 t_ns=33464337983000 presented=1 clock=monotonic
K230_CARD_BENCH v=1 run=33428534769785 event=present frame_id=968 t_ns=33464318823000 presented=1 clock=monotonic
K230_CARD_BENCH v=1 run=33428534769785 event=present frame_id=967 t_ns=33464280502000 presented=1 clock=monotonic
K230_CARD_BENCH v=1 run=33428534769785 event=present frame_id=966 t_ns=33464261340000 presented=1 clock=monotonic
K230_CARD_BENCH v=1 run=33428534769785 event=present frame_id=965 t_ns=33464223021000 presented=1 clock=monotonic
K230_CARD_BENCH v=1 run=33428534769785 event=present frame_id=964 t_ns=33464203858000 presented=1 clock=monotonic
K230_CARD_BENCH v=1 run=33428534769785 event=present frame_id=963 t_ns=33464165539000 presented=1 clock=monotonic
K230_CARD_BENCH v=1 run=33428534769785 event=resource phase=active t_ns=33464156402098 cpu_ns=21318844000 memory_bytes=19443712 scope=session
K230_CARD_BENCH v=1 run=33428534769785 event=resource phase=active t_ns=33464156402098 cpu_ns=13683201492 memory_bytes=27570176 scope=compositor
K230_CARD_BENCH v=1 run=33428534769785 event=submit input_id=134 frame_id=963 t_ns=33464146595258 update_cpu_ns=12535616 final=0
K230_CARD_BENCH v=1 run=33428534769785 event=present frame_id=962 t_ns=33464127216000 presented=1 clock=monotonic
K230_CARD_BENCH v=1 run=33428534769785 event=input input_id=134 gesture_id=7 kind=motion t_ns=33464119770805 source=injected
K230_CARD_SHELL state mode=2 actions=1 message=0 cards=1
K230_CARD_BENCH v=1 run=33428534769785 event=present frame_id=961 t_ns=33464088896000 presented=1 clock=monotonic
K230_CARD_BENCH v=1 run=33428534769785 event=present frame_id=960 t_ns=33464050574000 presented=1 clock=monotonic
K230_CARD_BENCH v=1 run=33428534769785 event=present frame_id=959 t_ns=33464012253000 presented=1 clock=monotonic
K230_CARD_BENCH v=1 run=33428534769785 event=submit input_id=133 frame_id=959 t_ns=33463999707951 update_cpu_ns=12931105 final=0
K230_CARD_BENCH v=1 run=33428534769785 event=present frame_id=958 t_ns=33463973932000 presented=1 clock=monotonic
K230_CARD_BENCH v=1 run=33428534769785 event=input input_id=133 gesture_id=7 kind=motion t_ns=33463964513909 source=injected
K230_CARD_SHELL state mode=2 actions=1 message=0 cards=1
K230_CARD_BENCH v=1 run=33428534769785 event=present frame_id=957 t_ns=33463916450000 presented=1 clock=monotonic
K230_CARD_BENCH v=1 run=33428534769785 event=present frame_id=956 t_ns=33463858971000 presented=1 clock=monotonic
K230_CARD_BENCH v=1 run=33428534769785 event=present frame_id=955 t_ns=33463820646000 presented=1 clock=monotonic
K230_CARD_BENCH v=1 run=33428534769785 event=present frame_id=954 t_ns=33463782324000 presented=1 clock=monotonic
K230_CARD_BENCH v=1 run=33428534769785 event=submit input_id=132 frame_id=954 t_ns=33463766564429 update_cpu_ns=13571319 final=0
K230_CARD_BENCH v=1 run=33428534769785 event=present frame_id=953 t_ns=33463744005000 presented=1 clock=monotonic
K230_CARD_BENCH v=1 run=33428534769785 event=input input_id=132 gesture_id=7 kind=motion t_ns=33463742668402 source=injected
K230_CARD_SHELL state mode=2 actions=1 message=0 cards=1
K230_CARD_BENCH v=1 run=33428534769785 event=present frame_id=952 t_ns=33463705689000 presented=1 clock=monotonic
K230_CARD_BENCH v=1 run=33428534769785 event=present frame_id=951 t_ns=33463667360000 presented=1 clock=monotonic
K230_CARD_BENCH v=1 run=33428534769785 event=present frame_id=950 t_ns=33463629039000 presented=1 clock=monotonic
K230_CARD_BENCH v=1 run=33428534769785 event=submit input_id=131 frame_id=950 t_ns=33463609741837 update_cpu_ns=13809976 final=0
K230_CARD_BENCH v=1 run=33428534769785 event=present frame_id=949 t_ns=33463590719000 presented=1 clock=monotonic
K230_CARD_BENCH v=1 run=33428534769785 event=input input_id=131 gesture_id=7 kind=motion t_ns=33463581320026 source=injected
K230_CARD_SHELL state mode=2 actions=1 message=0 cards=1
K230_CARD_BENCH v=1 run=33428534769785 event=present frame_id=948 t_ns=33463552397000 presented=1 clock=monotonic
K230_CARD_BENCH v=1 run=33428534769785 event=present frame_id=947 t_ns=33463514075000 presented=1 clock=monotonic
K230_CARD_BENCH v=1 run=33428534769785 event=present frame_id=946 t_ns=33463475756000 presented=1 clock=monotonic
K230_CARD_BENCH v=1 run=33428534769785 event=present frame_id=945 t_ns=33463437435000 presented=1 clock=monotonic
K230_CARD_BENCH v=1 run=33428534769785 event=submit input_id=130 frame_id=945 t_ns=33463424830312 update_cpu_ns=14341779 final=0
K230_CARD_BENCH v=1 run=33428534769785 event=present frame_id=944 t_ns=33463399113000 presented=1 clock=monotonic
K230_CARD_BENCH v=1 run=33428534769785 event=input input_id=130 gesture_id=7 kind=motion t_ns=33463396665678 source=injected
K230_CARD_SHELL state mode=2 actions=1 message=0 cards=1
K230_CARD_BENCH v=1 run=33428534769785 event=present frame_id=943 t_ns=33463341630000 presented=1 clock=monotonic
K230_CARD_BENCH v=1 run=33428534769785 event=present frame_id=942 t_ns=33463303309000 presented=1 clock=monotonic
K230_CARD_BENCH v=1 run=33428534769785 event=present frame_id=941 t_ns=33463245828000 presented=1 clock=monotonic
K230_CARD_BENCH v=1 run=33428534769785 event=submit input_id=129 frame_id=941 t_ns=33463229516003 update_cpu_ns=14875709 final=0
K230_CARD_BENCH v=1 run=33428534769785 event=present frame_id=940 t_ns=33463207507000 presented=1 clock=monotonic
K230_CARD_BENCH v=1 run=33428534769785 event=input input_id=129 gesture_id=7 kind=motion t_ns=33463196549483 source=injected
K230_CARD_SHELL state mode=2 actions=1 message=0 cards=1
K230_CARD_BENCH v=1 run=33428534769785 event=present frame_id=939 t_ns=33463169186000 presented=1 clock=monotonic
K230_CARD_BENCH v=1 run=33428534769785 event=present frame_id=938 t_ns=33463130863000 presented=1 clock=monotonic
K230_CARD_BENCH v=1 run=33428534769785 event=resource phase=active t_ns=33463124212088 cpu_ns=20828369000 memory_bytes=19697664 scope=session
K230_CARD_BENCH v=1 run=33428534769785 event=resource phase=active t_ns=33463124212088 cpu_ns=13325122014 memory_bytes=27570176 scope=compositor
K230_CARD_BENCH v=1 run=33428534769785 event=present frame_id=937 t_ns=33463092542000 presented=1 clock=monotonic
K230_CARD_BENCH v=1 run=33428534769785 event=present frame_id=936 t_ns=33463054234000 presented=1 clock=monotonic
K230_CARD_BENCH v=1 run=33428534769785 event=submit input_id=128 frame_id=936 t_ns=33463046036433 update_cpu_ns=14812499 final=0
K230_CARD_BENCH v=1 run=33428534769785 event=present frame_id=935 t_ns=33463015900000 presented=1 clock=monotonic
K230_CARD_BENCH v=1 run=33428534769785 event=input input_id=128 gesture_id=7 kind=motion t_ns=33462999584299 source=injected
K230_CARD_SHELL state mode=2 actions=1 message=0 cards=1
K230_CARD_BENCH v=1 run=33428534769785 event=present frame_id=934 t_ns=33462977579000 presented=1 clock=monotonic
K230_CARD_BENCH v=1 run=33428534769785 event=present frame_id=933 t_ns=33462939257000 presented=1 clock=monotonic
K230_CARD_BENCH v=1 run=33428534769785 event=present frame_id=932 t_ns=33462900937000 presented=1 clock=monotonic
K230_CARD_BENCH v=1 run=33428534769785 event=present frame_id=931 t_ns=33462843454000 presented=1 clock=monotonic
K230_CARD_BENCH v=1 run=33428534769785 event=submit input_id=127 frame_id=931 t_ns=33462841781849 update_cpu_ns=14988937 final=0
K230_CARD_BENCH v=1 run=33428534769785 event=present frame_id=930 t_ns=33462805133000 presented=1 clock=monotonic
K230_CARD_BENCH v=1 run=33428534769785 event=input input_id=127 gesture_id=7 kind=motion t_ns=33462805103853 source=injected
K230_CARD_SHELL state mode=2 actions=1 message=0 cards=1
K230_CARD_BENCH v=1 run=33428534769785 event=present frame_id=929 t_ns=33462766812000 presented=1 clock=monotonic
K230_CARD_BENCH v=1 run=33428534769785 event=present frame_id=928 t_ns=33462709330000 presented=1 clock=monotonic
K230_CARD_SHELL live cards=1 commits=726 sampled=1414 frame-done=1414 output-presented=706
K230_CARD_BENCH v=1 run=33428534769785 event=present frame_id=927 t_ns=33462651847000 presented=1 clock=monotonic
K230_CARD_BENCH v=1 run=33428534769785 event=submit input_id=126 frame_id=927 t_ns=33462643398188 update_cpu_ns=14933107 final=0
K230_CARD_BENCH v=1 run=33428534769785 event=present frame_id=926 t_ns=33462613527000 presented=1 clock=monotonic
K230_CARD_BENCH v=1 run=33428534769785 event=input input_id=126 gesture_id=7 kind=motion t_ns=33462600582569 source=injected
K230_CARD_SHELL state mode=2 actions=1 message=0 cards=1
K230_CARD_BENCH v=1 run=33428534769785 event=present frame_id=925 t_ns=33462575205000 presented=1 clock=monotonic
K230_CARD_BENCH v=1 run=33428534769785 event=present frame_id=924 t_ns=33462536884000 presented=1 clock=monotonic
K230_CARD_BENCH v=1 run=33428534769785 event=present frame_id=923 t_ns=33462498563000 presented=1 clock=monotonic
K230_CARD_BENCH v=1 run=33428534769785 event=present frame_id=922 t_ns=33462460254000 presented=1 clock=monotonic
K230_CARD_BENCH v=1 run=33428534769785 event=submit input_id=125 frame_id=922 t_ns=33462458114965 update_cpu_ns=14929505 final=0
K230_CARD_BENCH v=1 run=33428534769785 event=present frame_id=921 t_ns=33462421920000 presented=1 clock=monotonic
K230_CARD_BENCH v=1 run=33428534769785 event=input input_id=125 gesture_id=7 kind=motion t_ns=33462410292762 source=injected
K230_CARD_SHELL state mode=2 actions=1 message=0 cards=1
K230_CARD_BENCH v=1 run=33428534769785 event=present frame_id=920 t_ns=33462383601000 presented=1 clock=monotonic
K230_CARD_BENCH v=1 run=33428534769785 event=present frame_id=919 t_ns=33462345277000 presented=1 clock=monotonic
K230_CARD_BENCH v=1 run=33428534769785 event=submit input_id=124 frame_id=919 t_ns=33462331143802 update_cpu_ns=15194867 final=0
K230_CARD_BENCH v=1 run=33428534769785 event=present frame_id=918 t_ns=33462306957000 presented=1 clock=monotonic
K230_CARD_BENCH v=1 run=33428534769785 event=input input_id=124 gesture_id=7 kind=motion t_ns=33462294293402 source=injected
K230_CARD_SHELL state mode=2 actions=1 message=0 cards=1
K230_CARD_BENCH v=1 run=33428534769785 event=present frame_id=917 t_ns=33462249475000 presented=1 clock=monotonic
K230_CARD_BENCH v=1 run=33428534769785 event=present frame_id=916 t_ns=33462230315000 presented=1 clock=monotonic
K230_CARD_BENCH v=1 run=33428534769785 event=present frame_id=915 t_ns=33462191992000 presented=1 clock=monotonic
K230_CARD_BENCH v=1 run=33428534769785 event=present frame_id=914 t_ns=33462134512000 presented=1 clock=monotonic
K230_CARD_BENCH v=1 run=33428534769785 event=resource phase=active t_ns=33462121974477 cpu_ns=20340986000 memory_bytes=19697664 scope=session
K230_CARD_BENCH v=1 run=33428534769785 event=resource phase=active t_ns=33462121974477 cpu_ns=12956562196 memory_bytes=27570176 scope=compositor
K230_CARD_BENCH v=1 run=33428534769785 event=submit input_id=123 frame_id=914 t_ns=33462118178781 update_cpu_ns=14955898 final=0
K230_CARD_BENCH v=1 run=33428534769785 event=present frame_id=913 t_ns=33462057867000 presented=1 clock=monotonic
K230_CARD_BENCH v=1 run=33428534769785 event=input input_id=123 gesture_id=7 kind=motion t_ns=33462044520167 source=injected
K230_CARD_SHELL state mode=2 actions=1 message=0 cards=1
K230_CARD_BENCH v=1 run=33428534769785 event=present frame_id=912 t_ns=33462019547000 presented=1 clock=monotonic
K230_CARD_BENCH v=1 run=33428534769785 event=present frame_id=911 t_ns=33461981225000 presented=1 clock=monotonic
K230_CARD_BENCH v=1 run=33428534769785 event=present frame_id=910 t_ns=33461942903000 presented=1 clock=monotonic
K230_CARD_BENCH v=1 run=33428534769785 event=present frame_id=909 t_ns=33461904582000 presented=1 clock=monotonic
K230_CARD_BENCH v=1 run=33428534769785 event=submit input_id=122 frame_id=909 t_ns=33461890321561 update_cpu_ns=14963329 final=0
K230_CARD_BENCH v=1 run=33428534769785 event=present frame_id=908 t_ns=33461866261000 presented=1 clock=monotonic
K230_CARD_BENCH v=1 run=33428534769785 event=input input_id=122 gesture_id=7 kind=motion t_ns=33461861927785 source=injected
K230_CARD_SHELL state mode=2 actions=1 message=0 cards=1
K230_CARD_BENCH v=1 run=33428534769785 event=present frame_id=907 t_ns=33461827940000 presented=1 clock=monotonic
K230_CARD_BENCH v=1 run=33428534769785 event=present frame_id=906 t_ns=33461789621000 presented=1 clock=monotonic
K230_CARD_BENCH v=1 run=33428534769785 event=present frame_id=905 t_ns=33461751298000 presented=1 clock=monotonic
K230_CARD_BENCH v=1 run=33428534769785 event=present frame_id=904 t_ns=33461712977000 presented=1 clock=monotonic
K230_CARD_BENCH v=1 run=33428534769785 event=submit input_id=121 frame_id=904 t_ns=33461694297266 update_cpu_ns=14867807 final=0
K230_CARD_BENCH v=1 run=33428534769785 event=present frame_id=903 t_ns=33461674660000 presented=1 clock=monotonic
K230_CARD_BENCH v=1 run=33428534769785 event=input input_id=121 gesture_id=7 kind=motion t_ns=33461673329368 source=injected
K230_CARD_SHELL state mode=2 actions=1 message=0 cards=1
K230_CARD_BENCH v=1 run=33428534769785 event=present frame_id=902 t_ns=33461636335000 presented=1 clock=monotonic
K230_CARD_BENCH v=1 run=33428534769785 event=present frame_id=901 t_ns=33461598012000 presented=1 clock=monotonic
K230_CARD_BENCH v=1 run=33428534769785 event=submit input_id=120 frame_id=901 t_ns=33461593080698 update_cpu_ns=15185780 final=0
K230_CARD_BENCH v=1 run=33428534769785 event=present frame_id=900 t_ns=33461559693000 presented=1 clock=monotonic
K230_CARD_BENCH v=1 run=33428534769785 event=input input_id=120 gesture_id=7 kind=motion t_ns=33461561386248 source=injected
K230_CARD_SHELL state mode=2 actions=1 message=0 cards=1
K230_CARD_BENCH v=1 run=33428534769785 event=present frame_id=899 t_ns=33461483050000 presented=1 clock=monotonic
K230_CARD_BENCH v=1 run=33428534769785 event=present frame_id=898 t_ns=33461444729000 presented=1 clock=monotonic
K230_CARD_BENCH v=1 run=33428534769785 event=present frame_id=897 t_ns=33461387248000 presented=1 clock=monotonic
K230_CARD_BENCH v=1 run=33428534769785 event=present frame_id=896 t_ns=33461368086000 presented=1 clock=monotonic
K230_CARD_BENCH v=1 run=33428534769785 event=present frame_id=895 t_ns=33461329764000 presented=1 clock=monotonic
K230_CARD_BENCH v=1 run=33428534769785 event=submit input_id=119 frame_id=895 t_ns=33461327373695 update_cpu_ns=14958673 final=0
K230_CARD_BENCH v=1 run=33428534769785 event=present frame_id=894 t_ns=33461291459000 presented=1 clock=monotonic
K230_CARD_BENCH v=1 run=33428534769785 event=input input_id=119 gesture_id=7 kind=motion t_ns=33461290967725 source=injected
K230_CARD_SHELL state mode=2 actions=1 message=0 cards=1
K230_CARD_BENCH v=1 run=33428534769785 event=present frame_id=893 t_ns=33461253123000 presented=1 clock=monotonic
K230_CARD_BENCH v=1 run=33428534769785 event=present frame_id=892 t_ns=33461214800000 presented=1 clock=monotonic
K230_CARD_BENCH v=1 run=33428534769785 event=present frame_id=891 t_ns=33461176480000 presented=1 clock=monotonic
K230_CARD_BENCH v=1 run=33428534769785 event=present frame_id=890 t_ns=33461138157000 presented=1 clock=monotonic
K230_CARD_BENCH v=1 run=33428534769785 event=submit input_id=118 frame_id=890 t_ns=33461125681500 update_cpu_ns=15973230 final=0
K230_CARD_BENCH v=1 run=33428534769785 event=present frame_id=889 t_ns=33461099849000 presented=1 clock=monotonic
K230_CARD_BENCH v=1 run=33428534769785 event=input input_id=118 gesture_id=7 kind=motion t_ns=33461098632051 source=injected
K230_CARD_SHELL state mode=2 actions=1 message=0 cards=1
K230_CARD_BENCH v=1 run=33428534769785 event=resource phase=active t_ns=33461095713699 cpu_ns=19836640000 memory_bytes=19701760 scope=session
K230_CARD_BENCH v=1 run=33428534769785 event=resource phase=active t_ns=33461095713699 cpu_ns=12571126204 memory_bytes=27570176 scope=compositor
K230_CARD_BENCH v=1 run=33428534769785 event=present frame_id=888 t_ns=33461061537000 presented=1 clock=monotonic
K230_CARD_BENCH v=1 run=33428534769785 event=present frame_id=887 t_ns=33461023193000 presented=1 clock=monotonic
K230_CARD_BENCH v=1 run=33428534769785 event=present frame_id=886 t_ns=33460984872000 presented=1 clock=monotonic
K230_CARD_BENCH v=1 run=33428534769785 event=submit input_id=117 frame_id=886 t_ns=33460967074583 update_cpu_ns=15392677 final=0
K230_CARD_BENCH v=1 run=33428534769785 event=present frame_id=885 t_ns=33460927391000 presented=1 clock=monotonic
K230_CARD_BENCH v=1 run=33428534769785 event=input input_id=117 gesture_id=7 kind=motion t_ns=33460920675964 source=injected
K230_CARD_SHELL state mode=2 actions=1 message=0 cards=1
K230_CARD_BENCH v=1 run=33428534769785 event=present frame_id=884 t_ns=33460850753000 presented=1 clock=monotonic
K230_CARD_BENCH v=1 run=33428534769785 event=present frame_id=883 t_ns=33460812427000 presented=1 clock=monotonic
K230_CARD_BENCH v=1 run=33428534769785 event=submit input_id=116 frame_id=883 t_ns=33460807217965 update_cpu_ns=14792123 final=0
K230_CARD_BENCH v=1 run=33428534769785 event=present frame_id=882 t_ns=33460774105000 presented=1 clock=monotonic
K230_CARD_BENCH v=1 run=33428534769785 event=input input_id=116 gesture_id=7 kind=motion t_ns=33460762748878 source=injected
K230_CARD_SHELL state mode=2 actions=1 message=0 cards=1
K230_CARD_BENCH v=1 run=33428534769785 event=present frame_id=881 t_ns=33460697464000 presented=1 clock=monotonic
K230_CARD_BENCH v=1 run=33428534769785 event=present frame_id=880 t_ns=33460620826000 presented=1 clock=monotonic
K230_CARD_SHELL state mode=2 actions=1 message=0 cards=1
K230_CARD_BENCH v=1 run=33428534769785 event=present frame_id=879 t_ns=33460544179000 presented=1 clock=monotonic
K230_CARD_BENCH v=1 run=33428534769785 event=present frame_id=878 t_ns=33460467538000 presented=1 clock=monotonic
K230_CARD_BENCH v=1 run=33428534769785 event=present frame_id=877 t_ns=33460410055000 presented=1 clock=monotonic
K230_CARD_BENCH v=1 run=33428534769785 event=present frame_id=876 t_ns=33460352572000 presented=1 clock=monotonic
K230_CARD_BENCH v=1 run=33428534769785 event=present frame_id=875 t_ns=33460295090000 presented=1 clock=monotonic
K230_CARD_BENCH v=1 run=33428534769785 event=present frame_id=874 t_ns=33460256769000 presented=1 clock=monotonic
K230_CARD_BENCH v=1 run=33428534769785 event=present frame_id=873 t_ns=33460237607000 presented=1 clock=monotonic
K230_CARD_SHELL live cards=1 commits=672 sampled=1304 frame-done=1304 output-presented=651
K230_CARD_BENCH v=1 run=33428534769785 event=present frame_id=872 t_ns=33460199286000 presented=1 clock=monotonic
K230_CARD_BENCH v=1 run=33428534769785 event=present frame_id=871 t_ns=33460180126000 presented=1 clock=monotonic
K230_CARD_BENCH v=1 run=33428534769785 event=present frame_id=870 t_ns=33460141804000 presented=1 clock=monotonic
K230_CARD_BENCH v=1 run=33428534769785 event=present frame_id=869 t_ns=33460122643000 presented=1 clock=monotonic
K230_CARD_BENCH v=1 run=33428534769785 event=present frame_id=868 t_ns=33460084323000 presented=1 clock=monotonic
K230_CARD_BENCH v=1 run=33428534769785 event=resource phase=active t_ns=33460081468956 cpu_ns=19408550000 memory_bytes=19693568 scope=session
K230_CARD_BENCH v=1 run=33428534769785 event=resource phase=active t_ns=33460081468956 cpu_ns=12249727358 memory_bytes=27570176 scope=compositor
K230_CARD_BENCH v=1 run=33428534769785 event=present frame_id=867 t_ns=33460065161000 presented=1 clock=monotonic
K230_CARD_BENCH v=1 run=33428534769785 event=present frame_id=866 t_ns=33460026840000 presented=1 clock=monotonic
K230_CARD_BENCH v=1 run=33428534769785 event=submit input_id=115 frame_id=866 t_ns=33460023624249 update_cpu_ns=15499689 final=1
K230_CARD_BENCH v=1 run=33428534769785 event=present frame_id=865 t_ns=33460007680000 presented=1 clock=monotonic
K230_CARD_BENCH v=1 run=33428534769785 event=input input_id=115 gesture_id=6 kind=release t_ns=33459990526286 source=injected
K230_CARD_SHELL state mode=1 actions=1 message=0 cards=1
K230_CARD_BENCH v=1 run=33428534769785 event=present frame_id=864 t_ns=33459969359000 presented=1 clock=monotonic
K230_CARD_BENCH v=1 run=33428534769785 event=present frame_id=863 t_ns=33459931038000 presented=1 clock=monotonic
K230_CARD_BENCH v=1 run=33428534769785 event=submit input_id=114 frame_id=863 t_ns=33459922251498 update_cpu_ns=12576833 final=0
K230_CARD_BENCH v=1 run=33428534769785 event=present frame_id=862 t_ns=33459892717000 presented=1 clock=monotonic
K230_CARD_BENCH v=1 run=33428534769785 event=input input_id=114 gesture_id=6 kind=motion t_ns=33459891139214 source=injected
K230_CARD_SHELL state mode=2 actions=1 message=0 cards=1
K230_CARD_BENCH v=1 run=33428534769785 event=present frame_id=861 t_ns=33459873556000 presented=1 clock=monotonic
K230_CARD_BENCH v=1 run=33428534769785 event=present frame_id=860 t_ns=33459835236000 presented=1 clock=monotonic
K230_CARD_BENCH v=1 run=33428534769785 event=present frame_id=859 t_ns=33459796922000 presented=1 clock=monotonic
K230_CARD_BENCH v=1 run=33428534769785 event=present frame_id=858 t_ns=33459739433000 presented=1 clock=monotonic
K230_CARD_BENCH v=1 run=33428534769785 event=submit input_id=113 frame_id=858 t_ns=33459735723969 update_cpu_ns=13028547 final=0
K230_CARD_BENCH v=1 run=33428534769785 event=present frame_id=857 t_ns=33459701110000 presented=1 clock=monotonic
K230_CARD_BENCH v=1 run=33428534769785 event=input input_id=113 gesture_id=6 kind=motion t_ns=33459689054800 source=injected
K230_CARD_SHELL state mode=2 actions=1 message=0 cards=1
K230_CARD_BENCH v=1 run=33428534769785 event=present frame_id=856 t_ns=33459643630000 presented=1 clock=monotonic
K230_CARD_BENCH v=1 run=33428534769785 event=present frame_id=855 t_ns=33459605308000 presented=1 clock=monotonic
K230_CARD_BENCH v=1 run=33428534769785 event=present frame_id=854 t_ns=33459566986000 presented=1 clock=monotonic
K230_CARD_BENCH v=1 run=33428534769785 event=submit input_id=112 frame_id=854 t_ns=33459548220206 update_cpu_ns=13939146 final=0
K230_CARD_BENCH v=1 run=33428534769785 event=present frame_id=853 t_ns=33459528666000 presented=1 clock=monotonic
K230_CARD_BENCH v=1 run=33428534769785 event=input input_id=112 gesture_id=6 kind=motion t_ns=33459510895263 source=injected
K230_CARD_SHELL state mode=2 actions=1 message=0 cards=1
K230_CARD_BENCH v=1 run=33428534769785 event=present frame_id=852 t_ns=33459490346000 presented=1 clock=monotonic
K230_CARD_BENCH v=1 run=33428534769785 event=present frame_id=851 t_ns=33459452036000 presented=1 clock=monotonic
K230_CARD_BENCH v=1 run=33428534769785 event=present frame_id=850 t_ns=33459413702000 presented=1 clock=monotonic
K230_CARD_BENCH v=1 run=33428534769785 event=present frame_id=849 t_ns=33459375380000 presented=1 clock=monotonic
K230_CARD_BENCH v=1 run=33428534769785 event=submit input_id=111 frame_id=849 t_ns=33459367539008 update_cpu_ns=13710108 final=0
K230_CARD_BENCH v=1 run=33428534769785 event=present frame_id=848 t_ns=33459337058000 presented=1 clock=monotonic
K230_CARD_BENCH v=1 run=33428534769785 event=input input_id=111 gesture_id=6 kind=motion t_ns=33459324411357 source=injected
K230_CARD_SHELL state mode=2 actions=1 message=0 cards=1
K230_CARD_BENCH v=1 run=33428534769785 event=present frame_id=847 t_ns=33459298736000 presented=1 clock=monotonic
K230_CARD_BENCH v=1 run=33428534769785 event=present frame_id=846 t_ns=33459260417000 presented=1 clock=monotonic
K230_CARD_BENCH v=1 run=33428534769785 event=present frame_id=845 t_ns=33459222096000 presented=1 clock=monotonic
K230_CARD_BENCH v=1 run=33428534769785 event=submit input_id=110 frame_id=845 t_ns=33459208907453 update_cpu_ns=14395364 final=0
K230_CARD_BENCH v=1 run=33428534769785 event=present frame_id=844 t_ns=33459183773000 presented=1 clock=monotonic
K230_CARD_BENCH v=1 run=33428534769785 event=input input_id=110 gesture_id=6 kind=motion t_ns=33459179918434 source=injected
K230_CARD_SHELL state mode=2 actions=1 message=0 cards=1
K230_CARD_BENCH v=1 run=33428534769785 event=present frame_id=843 t_ns=33459126291000 presented=1 clock=monotonic
K230_CARD_BENCH v=1 run=33428534769785 event=present frame_id=842 t_ns=33459087972000 presented=1 clock=monotonic
K230_CARD_BENCH v=1 run=33428534769785 event=resource phase=active t_ns=33459070703036 cpu_ns=18902395000 memory_bytes=19697664 scope=session
K230_CARD_BENCH v=1 run=33428534769785 event=resource phase=active t_ns=33459070703036 cpu_ns=11884354018 memory_bytes=27570176 scope=compositor
K230_CARD_BENCH v=1 run=33428534769785 event=present frame_id=841 t_ns=33459030488000 presented=1 clock=monotonic
K230_CARD_BENCH v=1 run=33428534769785 event=present frame_id=840 t_ns=33458992168000 presented=1 clock=monotonic
K230_CARD_BENCH v=1 run=33428534769785 event=submit input_id=109 frame_id=840 t_ns=33458985069679 update_cpu_ns=14418385 final=0
K230_CARD_BENCH v=1 run=33428534769785 event=present frame_id=839 t_ns=33458953848000 presented=1 clock=monotonic
K230_CARD_BENCH v=1 run=33428534769785 event=input input_id=109 gesture_id=6 kind=motion t_ns=33458951550579 source=injected
K230_CARD_SHELL state mode=2 actions=1 message=0 cards=1
K230_CARD_BENCH v=1 run=33428534769785 event=present frame_id=838 t_ns=33458915525000 presented=1 clock=monotonic
K230_CARD_BENCH v=1 run=33428534769785 event=present frame_id=837 t_ns=33458877202000 presented=1 clock=monotonic
K230_CARD_BENCH v=1 run=33428534769785 event=present frame_id=836 t_ns=33458838883000 presented=1 clock=monotonic
K230_CARD_BENCH v=1 run=33428534769785 event=present frame_id=835 t_ns=33458800562000 presented=1 clock=monotonic
K230_CARD_BENCH v=1 run=33428534769785 event=submit input_id=108 frame_id=835 t_ns=33458793843217 update_cpu_ns=14753491 final=0
K230_CARD_BENCH v=1 run=33428534769785 event=present frame_id=834 t_ns=33458762242000 presented=1 clock=monotonic
K230_CARD_BENCH v=1 run=33428534769785 event=input input_id=108 gesture_id=6 kind=motion t_ns=33458760517112 source=injected
K230_CARD_SHELL state mode=2 actions=1 message=0 cards=1
K230_CARD_BENCH v=1 run=33428534769785 event=present frame_id=833 t_ns=33458723917000 presented=1 clock=monotonic
K230_CARD_BENCH v=1 run=33428534769785 event=present frame_id=832 t_ns=33458685597000 presented=1 clock=monotonic
K230_CARD_BENCH v=1 run=33428534769785 event=present frame_id=831 t_ns=33458647275000 presented=1 clock=monotonic
K230_CARD_BENCH v=1 run=33428534769785 event=present frame_id=830 t_ns=33458608954000 presented=1 clock=monotonic
K230_CARD_BENCH v=1 run=33428534769785 event=submit input_id=107 frame_id=830 t_ns=33458593606070 update_cpu_ns=15428233 final=0
K230_CARD_BENCH v=1 run=33428534769785 event=present frame_id=829 t_ns=33458570633000 presented=1 clock=monotonic
K230_CARD_BENCH v=1 run=33428534769785 event=input input_id=107 gesture_id=6 kind=motion t_ns=33458555900952 source=injected
K230_CARD_SHELL state mode=2 actions=1 message=0 cards=1
K230_CARD_BENCH v=1 run=33428534769785 event=present frame_id=828 t_ns=33458493990000 presented=1 clock=monotonic
K230_CARD_BENCH v=1 run=33428534769785 event=present frame_id=827 t_ns=33458436508000 presented=1 clock=monotonic
K230_CARD_BENCH v=1 run=33428534769785 event=present frame_id=826 t_ns=33458398187000 presented=1 clock=monotonic
K230_CARD_BENCH v=1 run=33428534769785 event=submit input_id=106 frame_id=826 t_ns=33458395105127 update_cpu_ns=15255499 final=0
K230_CARD_BENCH v=1 run=33428534769785 event=present frame_id=825 t_ns=33458359868000 presented=1 clock=monotonic
K230_CARD_BENCH v=1 run=33428534769785 event=input input_id=106 gesture_id=6 kind=motion t_ns=33458348518509 source=injected
K230_CARD_SHELL state mode=2 actions=1 message=0 cards=1
K230_CARD_BENCH v=1 run=33428534769785 event=present frame_id=824 t_ns=33458321546000 presented=1 clock=monotonic
K230_CARD_BENCH v=1 run=33428534769785 event=present frame_id=823 t_ns=33458283224000 presented=1 clock=monotonic
K230_CARD_BENCH v=1 run=33428534769785 event=present frame_id=822 t_ns=33458244902000 presented=1 clock=monotonic
K230_CARD_BENCH v=1 run=33428534769785 event=present frame_id=821 t_ns=33458206582000 presented=1 clock=monotonic
K230_CARD_BENCH v=1 run=33428534769785 event=submit input_id=105 frame_id=821 t_ns=33458189066493 update_cpu_ns=15227486 final=0
K230_CARD_BENCH v=1 run=33428534769785 event=present frame_id=820 t_ns=33458168259000 presented=1 clock=monotonic
K230_CARD_BENCH v=1 run=33428534769785 event=input input_id=105 gesture_id=6 kind=motion t_ns=33458163775728 source=injected
K230_CARD_SHELL state mode=2 actions=1 message=0 cards=1
K230_CARD_BENCH v=1 run=33428534769785 event=present frame_id=819 t_ns=33458129939000 presented=1 clock=monotonic
K230_CARD_BENCH v=1 run=33428534769785 event=present frame_id=818 t_ns=33458091617000 presented=1 clock=monotonic
K230_CARD_SHELL live cards=1 commits=612 sampled=1194 frame-done=1194 output-presented=596
K230_CARD_BENCH v=1 run=33428534769785 event=present frame_id=817 t_ns=33458034138000 presented=1 clock=monotonic
K230_CARD_BENCH v=1 run=33428534769785 event=resource phase=active t_ns=33458032294134 cpu_ns=18380867000 memory_bytes=19693568 scope=session
K230_CARD_BENCH v=1 run=33428534769785 event=resource phase=active t_ns=33458032294134 cpu_ns=11499135116 memory_bytes=27570176 scope=compositor
K230_CARD_BENCH v=1 run=33428534769785 event=submit input_id=104 frame_id=817 t_ns=33458027267254 update_cpu_ns=15276598 final=0
K230_CARD_BENCH v=1 run=33428534769785 event=present frame_id=816 t_ns=33457995815000 presented=1 clock=monotonic
K230_CARD_BENCH v=1 run=33428534769785 event=input input_id=104 gesture_id=6 kind=motion t_ns=33457987929225 source=injected
K230_CARD_SHELL state mode=2 actions=1 message=0 cards=1
K230_CARD_BENCH v=1 run=33428534769785 event=present frame_id=815 t_ns=33457957492000 presented=1 clock=monotonic
K230_CARD_BENCH v=1 run=33428534769785 event=present frame_id=814 t_ns=33457900046000 presented=1 clock=monotonic
K230_CARD_BENCH v=1 run=33428534769785 event=present frame_id=813 t_ns=33457842529000 presented=1 clock=monotonic
K230_CARD_BENCH v=1 run=33428534769785 event=submit input_id=103 frame_id=813 t_ns=33457828452580 update_cpu_ns=15045939 final=0
K230_CARD_BENCH v=1 run=33428534769785 event=present frame_id=812 t_ns=33457804209000 presented=1 clock=monotonic
K230_CARD_BENCH v=1 run=33428534769785 event=input input_id=103 gesture_id=6 kind=motion t_ns=33457792204194 source=injected
K230_CARD_SHELL state mode=2 actions=1 message=0 cards=1
K230_CARD_BENCH v=1 run=33428534769785 event=present frame_id=811 t_ns=33457765888000 presented=1 clock=monotonic
K230_CARD_BENCH v=1 run=33428534769785 event=present frame_id=810 t_ns=33457727565000 presented=1 clock=monotonic
K230_CARD_BENCH v=1 run=33428534769785 event=present frame_id=809 t_ns=33457689244000 presented=1 clock=monotonic
K230_CARD_BENCH v=1 run=33428534769785 event=present frame_id=808 t_ns=33457650932000 presented=1 clock=monotonic
K230_CARD_BENCH v=1 run=33428534769785 event=submit input_id=102 frame_id=808 t_ns=33457647129504 update_cpu_ns=14984970 final=0
K230_CARD_BENCH v=1 run=33428534769785 event=present frame_id=807 t_ns=33457612603000 presented=1 clock=monotonic
K230_CARD_BENCH v=1 run=33428534769785 event=input input_id=102 gesture_id=6 kind=motion t_ns=33457602882885 source=injected
K230_CARD_SHELL state mode=2 actions=1 message=0 cards=1
K230_CARD_BENCH v=1 run=33428534769785 event=present frame_id=806 t_ns=33457574285000 presented=1 clock=monotonic
K230_CARD_BENCH v=1 run=33428534769785 event=present frame_id=805 t_ns=33457535958000 presented=1 clock=monotonic
K230_CARD_BENCH v=1 run=33428534769785 event=present frame_id=804 t_ns=33457497637000 presented=1 clock=monotonic
K230_CARD_BENCH v=1 run=33428534769785 event=present frame_id=803 t_ns=33457459329000 presented=1 clock=monotonic
K230_CARD_BENCH v=1 run=33428534769785 event=submit input_id=101 frame_id=803 t_ns=33457451200585 update_cpu_ns=14999108 final=0
K230_CARD_BENCH v=1 run=33428534769785 event=present frame_id=802 t_ns=33457420996000 presented=1 clock=monotonic
K230_CARD_BENCH v=1 run=33428534769785 event=input input_id=101 gesture_id=6 kind=motion t_ns=33457412159878 source=injected
K230_CARD_SHELL state mode=2 actions=1 message=0 cards=1
K230_CARD_BENCH v=1 run=33428534769785 event=present frame_id=801 t_ns=33457382674000 presented=1 clock=monotonic
K230_CARD_BENCH v=1 run=33428534769785 event=present frame_id=800 t_ns=33457325192000 presented=1 clock=monotonic
K230_CARD_BENCH v=1 run=33428534769785 event=present frame_id=799 t_ns=33457267710000 presented=1 clock=monotonic
K230_CARD_BENCH v=1 run=33428534769785 event=present frame_id=798 t_ns=33457229391000 presented=1 clock=monotonic
K230_CARD_BENCH v=1 run=33428534769785 event=submit input_id=100 frame_id=798 t_ns=33457224561995 update_cpu_ns=15178794 final=0
K230_CARD_BENCH v=1 run=33428534769785 event=present frame_id=797 t_ns=33457191068000 presented=1 clock=monotonic
K230_CARD_BENCH v=1 run=33428534769785 event=input input_id=100 gesture_id=6 kind=motion t_ns=33457190990340 source=injected
K230_CARD_SHELL state mode=2 actions=1 message=0 cards=1
K230_CARD_BENCH v=1 run=33428534769785 event=present frame_id=796 t_ns=33457152749000 presented=1 clock=monotonic
K230_CARD_BENCH v=1 run=33428534769785 event=present frame_id=795 t_ns=33457095264000 presented=1 clock=monotonic
K230_CARD_BENCH v=1 run=33428534769785 event=present frame_id=794 t_ns=33457076104000 presented=1 clock=monotonic
K230_CARD_BENCH v=1 run=33428534769785 event=present frame_id=793 t_ns=33457037782000 presented=1 clock=monotonic
K230_CARD_BENCH v=1 run=33428534769785 event=resource phase=active t_ns=33457028480044 cpu_ns=17888797000 memory_bytes=19693568 scope=session
K230_CARD_BENCH v=1 run=33428534769785 event=resource phase=active t_ns=33457028480044 cpu_ns=11127500399 memory_bytes=27570176 scope=compositor
K230_CARD_BENCH v=1 run=33428534769785 event=submit input_id=99 frame_id=793 t_ns=33457024515057 update_cpu_ns=15266433 final=0
K230_CARD_BENCH v=1 run=33428534769785 event=present frame_id=792 t_ns=33456999461000 presented=1 clock=monotonic
K230_CARD_BENCH v=1 run=33428534769785 event=input input_id=99 gesture_id=6 kind=motion t_ns=33456996869995 source=injected
K230_CARD_SHELL state mode=2 actions=1 message=0 cards=1
K230_CARD_BENCH v=1 run=33428534769785 event=present frame_id=791 t_ns=33456961141000 presented=1 clock=monotonic
K230_CARD_BENCH v=1 run=33428534769785 event=present frame_id=790 t_ns=33456922818000 presented=1 clock=monotonic
K230_CARD_BENCH v=1 run=33428534769785 event=present frame_id=789 t_ns=33456884497000 presented=1 clock=monotonic
K230_CARD_BENCH v=1 run=33428534769785 event=submit input_id=98 frame_id=789 t_ns=33456869398086 update_cpu_ns=15126342 final=0
K230_CARD_BENCH v=1 run=33428534769785 event=present frame_id=788 t_ns=33456846177000 presented=1 clock=monotonic
K230_CARD_BENCH v=1 run=33428534769785 event=input input_id=98 gesture_id=6 kind=motion t_ns=33456831569490 source=injected
K230_CARD_SHELL state mode=2 actions=1 message=0 cards=1
K230_CARD_BENCH v=1 run=33428534769785 event=present frame_id=787 t_ns=33456807856000 presented=1 clock=monotonic
K230_CARD_BENCH v=1 run=33428534769785 event=present frame_id=786 t_ns=33456769533000 presented=1 clock=monotonic
K230_CARD_BENCH v=1 run=33428534769785 event=present frame_id=785 t_ns=33456692894000 presented=1 clock=monotonic
K230_CARD_BENCH v=1 run=33428534769785 event=submit input_id=97 frame_id=785 t_ns=33456675024968 update_cpu_ns=15115439 final=0
K230_CARD_BENCH v=1 run=33428534769785 event=present frame_id=784 t_ns=33456635411000 presented=1 clock=monotonic
K230_CARD_BENCH v=1 run=33428534769785 event=input input_id=97 gesture_id=6 kind=motion t_ns=33456622283910 source=injected
K230_CARD_SHELL state mode=2 actions=1 message=0 cards=1
K230_CARD_BENCH v=1 run=33428534769785 event=present frame_id=783 t_ns=33456597089000 presented=1 clock=monotonic
K230_CARD_BENCH v=1 run=33428534769785 event=present frame_id=782 t_ns=33456558766000 presented=1 clock=monotonic
K230_CARD_BENCH v=1 run=33428534769785 event=present frame_id=781 t_ns=33456520445000 presented=1 clock=monotonic
K230_CARD_BENCH v=1 run=33428534769785 event=present frame_id=780 t_ns=33456482124000 presented=1 clock=monotonic
K230_CARD_BENCH v=1 run=33428534769785 event=submit input_id=96 frame_id=780 t_ns=33456476201282 update_cpu_ns=15095806 final=0
K230_CARD_BENCH v=1 run=33428534769785 event=present frame_id=779 t_ns=33456443802000 presented=1 clock=monotonic
K230_CARD_BENCH v=1 run=33428534769785 event=input input_id=96 gesture_id=6 kind=motion t_ns=33456439130216 source=injected
K230_CARD_SHELL state mode=2 actions=1 message=0 cards=1
K230_CARD_BENCH v=1 run=33428534769785 event=present frame_id=778 t_ns=33456405482000 presented=1 clock=monotonic
K230_CARD_BENCH v=1 run=33428534769785 event=present frame_id=777 t_ns=33456367160000 presented=1 clock=monotonic
K230_CARD_BENCH v=1 run=33428534769785 event=present frame_id=776 t_ns=33456328839000 presented=1 clock=monotonic
K230_CARD_BENCH v=1 run=33428534769785 event=submit input_id=95 frame_id=776 t_ns=33456312905969 update_cpu_ns=14895022 final=0
K230_CARD_BENCH v=1 run=33428534769785 event=present frame_id=775 t_ns=33456290518000 presented=1 clock=monotonic
K230_CARD_BENCH v=1 run=33428534769785 event=input input_id=95 gesture_id=6 kind=motion t_ns=33456280483462 source=injected
K230_CARD_SHELL state mode=2 actions=1 message=0 cards=1
K230_CARD_BENCH v=1 run=33428534769785 event=present frame_id=774 t_ns=33456252197000 presented=1 clock=monotonic
K230_CARD_BENCH v=1 run=33428534769785 event=present frame_id=773 t_ns=33456213874000 presented=1 clock=monotonic
K230_CARD_BENCH v=1 run=33428534769785 event=present frame_id=772 t_ns=33456175555000 presented=1 clock=monotonic
K230_CARD_BENCH v=1 run=33428534769785 event=present frame_id=771 t_ns=33456137233000 presented=1 clock=monotonic
K230_CARD_SHELL state mode=2 actions=1 message=0 cards=1
K230_CARD_BENCH v=1 run=33428534769785 event=present frame_id=770 t_ns=33456060590000 presented=1 clock=monotonic
K230_CARD_BENCH v=1 run=33428534769785 event=present frame_id=769 t_ns=33456022268000 presented=1 clock=monotonic
K230_CARD_BENCH v=1 run=33428534769785 event=resource phase=active t_ns=33456008299064 cpu_ns=17407939000 memory_bytes=19697664 scope=session
K230_CARD_BENCH v=1 run=33428534769785 event=resource phase=active t_ns=33456008299064 cpu_ns=10755986755 memory_bytes=27570176 scope=compositor
K230_CARD_BENCH v=1 run=33428534769785 event=present frame_id=768 t_ns=33455964788000 presented=1 clock=monotonic
K230_CARD_BENCH v=1 run=33428534769785 event=present frame_id=767 t_ns=33455945628000 presented=1 clock=monotonic
K230_CARD_BENCH v=1 run=33428534769785 event=present frame_id=766 t_ns=33455907305000 presented=1 clock=monotonic
K230_CARD_BENCH v=1 run=33428534769785 event=present frame_id=765 t_ns=33455868984000 presented=1 clock=monotonic
K230_CARD_SHELL live cards=1 commits=560 sampled=1088 frame-done=1088 output-presented=543
K230_CARD_BENCH v=1 run=33428534769785 event=present frame_id=764 t_ns=33455830660000 presented=1 clock=monotonic
K230_CARD_BENCH v=1 run=33428534769785 event=present frame_id=763 t_ns=33455811501000 presented=1 clock=monotonic
K230_CARD_BENCH v=1 run=33428534769785 event=present frame_id=762 t_ns=33455773180000 presented=1 clock=monotonic
K230_CARD_BENCH v=1 run=33428534769785 event=present frame_id=761 t_ns=33455754019000 presented=1 clock=monotonic
K230_CARD_BENCH v=1 run=33428534769785 event=present frame_id=760 t_ns=33455715696000 presented=1 clock=monotonic
K230_CARD_BENCH v=1 run=33428534769785 event=present frame_id=759 t_ns=33455696537000 presented=1 clock=monotonic
K230_CARD_BENCH v=1 run=33428534769785 event=present frame_id=758 t_ns=33455658215000 presented=1 clock=monotonic
K230_CARD_BENCH v=1 run=33428534769785 event=present frame_id=757 t_ns=33455639055000 presented=1 clock=monotonic
K230_CARD_BENCH v=1 run=33428534769785 event=present frame_id=756 t_ns=33455600733000 presented=1 clock=monotonic
K230_CARD_BENCH v=1 run=33428534769785 event=present frame_id=755 t_ns=33455581574000 presented=1 clock=monotonic
K230_CARD_BENCH v=1 run=33428534769785 event=submit input_id=94 frame_id=755 t_ns=33455565171326 update_cpu_ns=15122132 final=1
K230_CARD_BENCH v=1 run=33428534769785 event=present frame_id=754 t_ns=33455543253000 presented=1 clock=monotonic
K230_CARD_BENCH v=1 run=33428534769785 event=input input_id=94 gesture_id=5 kind=release t_ns=33455528939863 source=injected
K230_CARD_SHELL state mode=1 actions=1 message=0 cards=1
K230_CARD_BENCH v=1 run=33428534769785 event=present frame_id=753 t_ns=33455485772000 presented=1 clock=monotonic
K230_CARD_BENCH v=1 run=33428534769785 event=submit input_id=93 frame_id=753 t_ns=33455475306608 update_cpu_ns=12452241 final=0
K230_CARD_BENCH v=1 run=33428534769785 event=present frame_id=752 t_ns=33455447451000 presented=1 clock=monotonic
K230_CARD_BENCH v=1 run=33428534769785 event=input input_id=93 gesture_id=5 kind=motion t_ns=33455433479467 source=injected
K230_CARD_SHELL state mode=2 actions=1 message=0 cards=1
K230_CARD_BENCH v=1 run=33428534769785 event=present frame_id=751 t_ns=33455389970000 presented=1 clock=monotonic
K230_CARD_BENCH v=1 run=33428534769785 event=present frame_id=750 t_ns=33455370806000 presented=1 clock=monotonic
K230_CARD_BENCH v=1 run=33428534769785 event=present frame_id=749 t_ns=33455332486000 presented=1 clock=monotonic
K230_CARD_BENCH v=1 run=33428534769785 event=present frame_id=748 t_ns=33455294166000 presented=1 clock=monotonic
K230_CARD_BENCH v=1 run=33428534769785 event=present frame_id=747 t_ns=33455275004000 presented=1 clock=monotonic
K230_CARD_BENCH v=1 run=33428534769785 event=submit input_id=92 frame_id=747 t_ns=33455264123079 update_cpu_ns=12756772 final=0
K230_CARD_BENCH v=1 run=33428534769785 event=present frame_id=746 t_ns=33455236684000 presented=1 clock=monotonic
K230_CARD_BENCH v=1 run=33428534769785 event=input input_id=92 gesture_id=5 kind=motion t_ns=33455219793571 source=injected
K230_CARD_SHELL state mode=2 actions=1 message=0 cards=1
K230_CARD_BENCH v=1 run=33428534769785 event=present frame_id=745 t_ns=33455198360000 presented=1 clock=monotonic
K230_CARD_BENCH v=1 run=33428534769785 event=present frame_id=744 t_ns=33455160060000 presented=1 clock=monotonic
K230_CARD_BENCH v=1 run=33428534769785 event=present frame_id=743 t_ns=33455121721000 presented=1 clock=monotonic
K230_CARD_BENCH v=1 run=33428534769785 event=present frame_id=742 t_ns=33455083397000 presented=1 clock=monotonic
K230_CARD_BENCH v=1 run=33428534769785 event=submit input_id=91 frame_id=742 t_ns=33455077957769 update_cpu_ns=13135255 final=0
K230_CARD_BENCH v=1 run=33428534769785 event=present frame_id=741 t_ns=33455045078000 presented=1 clock=monotonic
K230_CARD_BENCH v=1 run=33428534769785 event=input input_id=91 gesture_id=5 kind=motion t_ns=33455046246610 source=injected
K230_CARD_SHELL state mode=2 actions=1 message=0 cards=1
K230_CARD_BENCH v=1 run=33428534769785 event=present frame_id=740 t_ns=33455025915000 presented=1 clock=monotonic
K230_CARD_BENCH v=1 run=33428534769785 event=present frame_id=739 t_ns=33454987594000 presented=1 clock=monotonic
K230_CARD_BENCH v=1 run=33428534769785 event=resource phase=active t_ns=33454991490390 cpu_ns=16842862000 memory_bytes=19701760 scope=session
K230_CARD_BENCH v=1 run=33428534769785 event=resource phase=active t_ns=33454991490390 cpu_ns=10333837701 memory_bytes=27570176 scope=compositor
K230_CARD_BENCH v=1 run=33428534769785 event=present frame_id=738 t_ns=33454968434000 presented=1 clock=monotonic
K230_CARD_BENCH v=1 run=33428534769785 event=present frame_id=737 t_ns=33454910951000 presented=1 clock=monotonic
K230_CARD_BENCH v=1 run=33428534769785 event=submit input_id=90 frame_id=737 t_ns=33454909687273 update_cpu_ns=13501911 final=0
K230_CARD_BENCH v=1 run=33428534769785 event=present frame_id=736 t_ns=33454853471000 presented=1 clock=monotonic
K230_CARD_BENCH v=1 run=33428534769785 event=input input_id=90 gesture_id=5 kind=motion t_ns=33454837088239 source=injected
K230_CARD_SHELL state mode=2 actions=1 message=0 cards=1
K230_CARD_BENCH v=1 run=33428534769785 event=present frame_id=735 t_ns=33454815149000 presented=1 clock=monotonic
K230_CARD_BENCH v=1 run=33428534769785 event=present frame_id=734 t_ns=33454776830000 presented=1 clock=monotonic
K230_CARD_BENCH v=1 run=33428534769785 event=present frame_id=733 t_ns=33454738506000 presented=1 clock=monotonic
K230_CARD_BENCH v=1 run=33428534769785 event=present frame_id=732 t_ns=33454700185000 presented=1 clock=monotonic
K230_CARD_BENCH v=1 run=33428534769785 event=present frame_id=731 t_ns=33454681024000 presented=1 clock=monotonic
K230_CARD_BENCH v=1 run=33428534769785 event=submit input_id=89 frame_id=731 t_ns=33454670407764 update_cpu_ns=13958905 final=0
K230_CARD_BENCH v=1 run=33428534769785 event=present frame_id=730 t_ns=33454642710000 presented=1 clock=monotonic
K230_CARD_BENCH v=1 run=33428534769785 event=input input_id=89 gesture_id=5 kind=motion t_ns=33454642126497 source=injected
K230_CARD_SHELL state mode=2 actions=1 message=0 cards=1
K230_CARD_BENCH v=1 run=33428534769785 event=present frame_id=729 t_ns=33454604382000 presented=1 clock=monotonic
K230_CARD_BENCH v=1 run=33428534769785 event=present frame_id=728 t_ns=33454566061000 presented=1 clock=monotonic
K230_CARD_BENCH v=1 run=33428534769785 event=present frame_id=727 t_ns=33454527741000 presented=1 clock=monotonic
K230_CARD_BENCH v=1 run=33428534769785 event=present frame_id=726 t_ns=33454489418000 presented=1 clock=monotonic
K230_CARD_BENCH v=1 run=33428534769785 event=submit input_id=88 frame_id=726 t_ns=33454480981884 update_cpu_ns=14528983 final=0
K230_CARD_BENCH v=1 run=33428534769785 event=present frame_id=725 t_ns=33454451098000 presented=1 clock=monotonic
K230_CARD_BENCH v=1 run=33428534769785 event=input input_id=88 gesture_id=5 kind=motion t_ns=33454450574646 source=injected
K230_CARD_SHELL state mode=2 actions=1 message=0 cards=1
K230_CARD_BENCH v=1 run=33428534769785 event=present frame_id=724 t_ns=33454412776000 presented=1 clock=monotonic
K230_CARD_BENCH v=1 run=33428534769785 event=present frame_id=723 t_ns=33454374454000 presented=1 clock=monotonic
K230_CARD_BENCH v=1 run=33428534769785 event=present frame_id=722 t_ns=33454336134000 presented=1 clock=monotonic
K230_CARD_BENCH v=1 run=33428534769785 event=submit input_id=87 frame_id=722 t_ns=33454329436602 update_cpu_ns=14718920 final=0
K230_CARD_BENCH v=1 run=33428534769785 event=present frame_id=721 t_ns=33454259492000 presented=1 clock=monotonic
K230_CARD_BENCH v=1 run=33428534769785 event=input input_id=87 gesture_id=5 kind=motion t_ns=33454252713287 source=injected
K230_CARD_SHELL state mode=2 actions=1 message=0 cards=1
K230_CARD_BENCH v=1 run=33428534769785 event=present frame_id=720 t_ns=33454221169000 presented=1 clock=monotonic
K230_CARD_BENCH v=1 run=33428534769785 event=present frame_id=719 t_ns=33454182847000 presented=1 clock=monotonic
K230_CARD_BENCH v=1 run=33428534769785 event=present frame_id=718 t_ns=33454144526000 presented=1 clock=monotonic
K230_CARD_BENCH v=1 run=33428534769785 event=present frame_id=717 t_ns=33454106205000 presented=1 clock=monotonic
K230_CARD_BENCH v=1 run=33428534769785 event=submit input_id=86 frame_id=717 t_ns=33454100165518 update_cpu_ns=14871434 final=0
K230_CARD_BENCH v=1 run=33428534769785 event=present frame_id=716 t_ns=33454067886000 presented=1 clock=monotonic
K230_CARD_BENCH v=1 run=33428534769785 event=input input_id=86 gesture_id=5 kind=motion t_ns=33454056514877 source=injected
K230_CARD_SHELL state mode=2 actions=1 message=0 cards=1
K230_CARD_BENCH v=1 run=33428534769785 event=present frame_id=715 t_ns=33454029564000 presented=1 clock=monotonic
K230_CARD_BENCH v=1 run=33428534769785 event=present frame_id=714 t_ns=33453991242000 presented=1 clock=monotonic
K230_CARD_BENCH v=1 run=33428534769785 event=resource phase=active t_ns=33453978810778 cpu_ns=16343884000 memory_bytes=19693568 scope=session
K230_CARD_BENCH v=1 run=33428534769785 event=resource phase=active t_ns=33453978810778 cpu_ns=9967505508 memory_bytes=27570176 scope=compositor
K230_CARD_BENCH v=1 run=33428534769785 event=present frame_id=713 t_ns=33453952921000 presented=1 clock=monotonic
K230_CARD_BENCH v=1 run=33428534769785 event=present frame_id=712 t_ns=33453914600000 presented=1 clock=monotonic
K230_CARD_BENCH v=1 run=33428534769785 event=submit input_id=85 frame_id=712 t_ns=33453910923040 update_cpu_ns=14985673 final=0
K230_CARD_BENCH v=1 run=33428534769785 event=present frame_id=711 t_ns=33453876277000 presented=1 clock=monotonic
K230_CARD_BENCH v=1 run=33428534769785 event=input input_id=85 gesture_id=5 kind=motion t_ns=33453869836615 source=injected
K230_CARD_SHELL state mode=2 actions=1 message=0 cards=1
K230_CARD_SHELL live cards=1 commits=508 sampled=980 frame-done=980 output-presented=489
K230_CARD_BENCH v=1 run=33428534769785 event=present frame_id=710 t_ns=33453837957000 presented=1 clock=monotonic
K230_CARD_BENCH v=1 run=33428534769785 event=present frame_id=709 t_ns=33453799634000 presented=1 clock=monotonic
K230_CARD_BENCH v=1 run=33428534769785 event=submit input_id=84 frame_id=709 t_ns=33453787145412 update_cpu_ns=15085027 final=0
K230_CARD_BENCH v=1 run=33428534769785 event=present frame_id=708 t_ns=33453761313000 presented=1 clock=monotonic
K230_CARD_BENCH v=1 run=33428534769785 event=input input_id=84 gesture_id=5 kind=motion t_ns=33453748533429 source=injected
K230_CARD_SHELL state mode=2 actions=1 message=0 cards=1
K230_CARD_BENCH v=1 run=33428534769785 event=present frame_id=707 t_ns=33453684671000 presented=1 clock=monotonic
K230_CARD_BENCH v=1 run=33428534769785 event=present frame_id=706 t_ns=33453627191000 presented=1 clock=monotonic
K230_CARD_BENCH v=1 run=33428534769785 event=present frame_id=705 t_ns=33453588868000 presented=1 clock=monotonic
K230_CARD_BENCH v=1 run=33428534769785 event=present frame_id=704 t_ns=33453550547000 presented=1 clock=monotonic
K230_CARD_BENCH v=1 run=33428534769785 event=submit input_id=83 frame_id=704 t_ns=33453535914671 update_cpu_ns=14905949 final=0
K230_CARD_BENCH v=1 run=33428534769785 event=present frame_id=703 t_ns=33453512227000 presented=1 clock=monotonic
K230_CARD_BENCH v=1 run=33428534769785 event=input input_id=83 gesture_id=5 kind=motion t_ns=33453505841940 source=injected
K230_CARD_SHELL state mode=2 actions=1 message=0 cards=1
K230_CARD_BENCH v=1 run=33428534769785 event=present frame_id=702 t_ns=33453473908000 presented=1 clock=monotonic
K230_CARD_BENCH v=1 run=33428534769785 event=present frame_id=701 t_ns=33453435585000 presented=1 clock=monotonic
K230_CARD_BENCH v=1 run=33428534769785 event=present frame_id=700 t_ns=33453397261000 presented=1 clock=monotonic
K230_CARD_BENCH v=1 run=33428534769785 event=present frame_id=699 t_ns=33453358941000 presented=1 clock=monotonic
K230_CARD_BENCH v=1 run=33428534769785 event=submit input_id=82 frame_id=699 t_ns=33453343640022 update_cpu_ns=14891754 final=0
K230_CARD_BENCH v=1 run=33428534769785 event=present frame_id=698 t_ns=33453320620000 presented=1 clock=monotonic
K230_CARD_BENCH v=1 run=33428534769785 event=input input_id=82 gesture_id=5 kind=motion t_ns=33453312613432 source=injected
K230_CARD_SHELL state mode=2 actions=1 message=0 cards=1
K230_CARD_BENCH v=1 run=33428534769785 event=present frame_id=697 t_ns=33453282298000 presented=1 clock=monotonic
K230_CARD_BENCH v=1 run=33428534769785 event=present frame_id=696 t_ns=33453243988000 presented=1 clock=monotonic
K230_CARD_BENCH v=1 run=33428534769785 event=present frame_id=695 t_ns=33453205655000 presented=1 clock=monotonic
K230_CARD_BENCH v=1 run=33428534769785 event=present frame_id=694 t_ns=33453167335000 presented=1 clock=monotonic
K230_CARD_BENCH v=1 run=33428534769785 event=submit input_id=81 frame_id=694 t_ns=33453150883462 update_cpu_ns=15191497 final=0
K230_CARD_BENCH v=1 run=33428534769785 event=present frame_id=693 t_ns=33453109853000 presented=1 clock=monotonic
K230_CARD_BENCH v=1 run=33428534769785 event=input input_id=81 gesture_id=5 kind=motion t_ns=33453120729474 source=injected
K230_CARD_SHELL state mode=2 actions=1 message=0 cards=1
K230_CARD_BENCH v=1 run=33428534769785 event=present frame_id=692 t_ns=33453071533000 presented=1 clock=monotonic
K230_CARD_BENCH v=1 run=33428534769785 event=present frame_id=691 t_ns=33453014049000 presented=1 clock=monotonic
K230_CARD_BENCH v=1 run=33428534769785 event=present frame_id=690 t_ns=33452975730000 presented=1 clock=monotonic
K230_CARD_BENCH v=1 run=33428534769785 event=resource phase=active t_ns=33452972891442 cpu_ns=15855600000 memory_bytes=19693568 scope=session
K230_CARD_BENCH v=1 run=33428534769785 event=resource phase=active t_ns=33452972891442 cpu_ns=9598476009 memory_bytes=27570176 scope=compositor
K230_CARD_BENCH v=1 run=33428534769785 event=present frame_id=689 t_ns=33452937406000 presented=1 clock=monotonic
K230_CARD_BENCH v=1 run=33428534769785 event=submit input_id=80 frame_id=689 t_ns=33452927840251 update_cpu_ns=15022480 final=0
K230_CARD_BENCH v=1 run=33428534769785 event=present frame_id=688 t_ns=33452899085000 presented=1 clock=monotonic
K230_CARD_BENCH v=1 run=33428534769785 event=input input_id=80 gesture_id=5 kind=motion t_ns=33452891736374 source=injected
K230_CARD_SHELL state mode=2 actions=1 message=0 cards=1
K230_CARD_BENCH v=1 run=33428534769785 event=present frame_id=687 t_ns=33452860764000 presented=1 clock=monotonic
K230_CARD_BENCH v=1 run=33428534769785 event=present frame_id=686 t_ns=33452822442000 presented=1 clock=monotonic
K230_CARD_BENCH v=1 run=33428534769785 event=present frame_id=685 t_ns=33452764961000 presented=1 clock=monotonic
K230_CARD_BENCH v=1 run=33428534769785 event=present frame_id=684 t_ns=33452745801000 presented=1 clock=monotonic
K230_CARD_BENCH v=1 run=33428534769785 event=submit input_id=79 frame_id=684 t_ns=33452739899985 update_cpu_ns=15088520 final=0
K230_CARD_BENCH v=1 run=33428534769785 event=present frame_id=683 t_ns=33452707480000 presented=1 clock=monotonic
K230_CARD_BENCH v=1 run=33428534769785 event=input input_id=79 gesture_id=5 kind=motion t_ns=33452702716696 source=injected
K230_CARD_SHELL state mode=2 actions=1 message=0 cards=1
K230_CARD_BENCH v=1 run=33428534769785 event=present frame_id=682 t_ns=33452669158000 presented=1 clock=monotonic
K230_CARD_BENCH v=1 run=33428534769785 event=present frame_id=681 t_ns=33452630836000 presented=1 clock=monotonic
K230_CARD_BENCH v=1 run=33428534769785 event=submit input_id=78 frame_id=681 t_ns=33452618834043 update_cpu_ns=15019604 final=0
K230_CARD_BENCH v=1 run=33428534769785 event=present frame_id=680 t_ns=33452592514000 presented=1 clock=monotonic
K230_CARD_BENCH v=1 run=33428534769785 event=input input_id=78 gesture_id=5 kind=motion t_ns=33452580726116 source=injected
K230_CARD_SHELL state mode=2 actions=1 message=0 cards=1
K230_CARD_BENCH v=1 run=33428534769785 event=present frame_id=679 t_ns=33452535034000 presented=1 clock=monotonic
K230_CARD_BENCH v=1 run=33428534769785 event=present frame_id=678 t_ns=33452496713000 presented=1 clock=monotonic
K230_CARD_BENCH v=1 run=33428534769785 event=present frame_id=677 t_ns=33452420080000 presented=1 clock=monotonic
K230_CARD_BENCH v=1 run=33428534769785 event=present frame_id=676 t_ns=33452381761000 presented=1 clock=monotonic
K230_CARD_BENCH v=1 run=33428534769785 event=submit input_id=77 frame_id=676 t_ns=33452375912517 update_cpu_ns=15095683 final=0
K230_CARD_BENCH v=1 run=33428534769785 event=present frame_id=675 t_ns=33452343428000 presented=1 clock=monotonic
K230_CARD_BENCH v=1 run=33428534769785 event=input input_id=77 gesture_id=5 kind=motion t_ns=33452332352167 source=injected
K230_CARD_SHELL state mode=2 actions=1 message=0 cards=1
K230_CARD_BENCH v=1 run=33428534769785 event=present frame_id=674 t_ns=33452305105000 presented=1 clock=monotonic
K230_CARD_BENCH v=1 run=33428534769785 event=present frame_id=673 t_ns=33452266784000 presented=1 clock=monotonic
K230_CARD_BENCH v=1 run=33428534769785 event=present frame_id=672 t_ns=33452228465000 presented=1 clock=monotonic
K230_CARD_BENCH v=1 run=33428534769785 event=present frame_id=671 t_ns=33452190141000 presented=1 clock=monotonic
K230_CARD_BENCH v=1 run=33428534769785 event=submit input_id=76 frame_id=671 t_ns=33452184992708 update_cpu_ns=15095918 final=0
K230_CARD_BENCH v=1 run=33428534769785 event=present frame_id=670 t_ns=33452151824000 presented=1 clock=monotonic
K230_CARD_BENCH v=1 run=33428534769785 event=input input_id=76 gesture_id=5 kind=motion t_ns=33452137465555 source=injected
K230_CARD_SHELL state mode=2 actions=1 message=0 cards=1
K230_CARD_BENCH v=1 run=33428534769785 event=present frame_id=669 t_ns=33452113499000 presented=1 clock=monotonic
K230_CARD_BENCH v=1 run=33428534769785 event=present frame_id=668 t_ns=33452075179000 presented=1 clock=monotonic
K230_CARD_BENCH v=1 run=33428534769785 event=present frame_id=667 t_ns=33452036855000 presented=1 clock=monotonic
K230_CARD_BENCH v=1 run=33428534769785 event=present frame_id=666 t_ns=33451998533000 presented=1 clock=monotonic
K230_CARD_BENCH v=1 run=33428534769785 event=submit input_id=75 frame_id=666 t_ns=33451998287361 update_cpu_ns=15578031 final=0
K230_CARD_BENCH v=1 run=33428534769785 event=present frame_id=665 t_ns=33451960214000 presented=1 clock=monotonic
K230_CARD_BENCH v=1 run=33428534769785 event=input input_id=75 gesture_id=5 kind=motion t_ns=33451958834439 source=injected
K230_CARD_SHELL state mode=2 actions=1 message=0 cards=1
K230_CARD_BENCH v=1 run=33428534769785 event=resource phase=active t_ns=33451957298005 cpu_ns=15347477000 memory_bytes=19689472 scope=session
K230_CARD_BENCH v=1 run=33428534769785 event=resource phase=active t_ns=33451957298005 cpu_ns=9213070386 memory_bytes=27570176 scope=compositor
K230_CARD_BENCH v=1 run=33428534769785 event=present frame_id=664 t_ns=33451921894000 presented=1 clock=monotonic
K230_CARD_BENCH v=1 run=33428534769785 event=present frame_id=663 t_ns=33451864412000 presented=1 clock=monotonic
K230_CARD_BENCH v=1 run=33428534769785 event=present frame_id=662 t_ns=33451806928000 presented=1 clock=monotonic
K230_CARD_BENCH v=1 run=33428534769785 event=submit input_id=74 frame_id=662 t_ns=33451801762690 update_cpu_ns=14855487 final=0
K230_CARD_BENCH v=1 run=33428534769785 event=present frame_id=661 t_ns=33451768608000 presented=1 clock=monotonic
K230_CARD_BENCH v=1 run=33428534769785 event=input input_id=74 gesture_id=5 kind=motion t_ns=33451756508985 source=injected
K230_CARD_SHELL state mode=2 actions=1 message=0 cards=1
K230_CARD_BENCH v=1 run=33428534769785 event=present frame_id=660 t_ns=33451730286000 presented=1 clock=monotonic
K230_CARD_BENCH v=1 run=33428534769785 event=present frame_id=659 t_ns=33451691965000 presented=1 clock=monotonic
K230_CARD_BENCH v=1 run=33428534769785 event=present frame_id=658 t_ns=33451653643000 presented=1 clock=monotonic
K230_CARD_BENCH v=1 run=33428534769785 event=present frame_id=657 t_ns=33451615322000 presented=1 clock=monotonic
K230_CARD_SHELL state mode=2 actions=1 message=0 cards=1
K230_CARD_SHELL live cards=1 commits=452 sampled=872 frame-done=872 output-presented=435
K230_CARD_BENCH v=1 run=33428534769785 event=present frame_id=656 t_ns=33451577002000 presented=1 clock=monotonic
K230_CARD_BENCH v=1 run=33428534769785 event=present frame_id=655 t_ns=33451538680000 presented=1 clock=monotonic
K230_CARD_BENCH v=1 run=33428534769785 event=present frame_id=654 t_ns=33451500359000 presented=1 clock=monotonic
K230_CARD_BENCH v=1 run=33428534769785 event=present frame_id=653 t_ns=33451462039000 presented=1 clock=monotonic
K230_CARD_BENCH v=1 run=33428534769785 event=present frame_id=652 t_ns=33451423715000 presented=1 clock=monotonic
K230_CARD_BENCH v=1 run=33428534769785 event=present frame_id=651 t_ns=33451385394000 presented=1 clock=monotonic
K230_CARD_BENCH v=1 run=33428534769785 event=present frame_id=650 t_ns=33451347073000 presented=1 clock=monotonic
K230_CARD_BENCH v=1 run=33428534769785 event=present frame_id=649 t_ns=33451289592000 presented=1 clock=monotonic
K230_CARD_BENCH v=1 run=33428534769785 event=present frame_id=648 t_ns=33451251271000 presented=1 clock=monotonic
K230_CARD_BENCH v=1 run=33428534769785 event=present frame_id=647 t_ns=33451212947000 presented=1 clock=monotonic
K230_CARD_BENCH v=1 run=33428534769785 event=present frame_id=646 t_ns=33451193788000 presented=1 clock=monotonic
K230_CARD_BENCH v=1 run=33428534769785 event=present frame_id=645 t_ns=33451155465000 presented=1 clock=monotonic
K230_CARD_BENCH v=1 run=33428534769785 event=present frame_id=644 t_ns=33451136306000 presented=1 clock=monotonic
K230_CARD_BENCH v=1 run=33428534769785 event=present frame_id=643 t_ns=33451097985000 presented=1 clock=monotonic
K230_CARD_BENCH v=1 run=33428534769785 event=present frame_id=642 t_ns=33451078824000 presented=1 clock=monotonic
K230_CARD_BENCH v=1 run=33428534769785 event=present frame_id=641 t_ns=33451040502000 presented=1 clock=monotonic
K230_CARD_BENCH v=1 run=33428534769785 event=submit input_id=73 frame_id=641 t_ns=33451037270162 update_cpu_ns=15164048 final=1
K230_CARD_BENCH v=1 run=33428534769785 event=present frame_id=640 t_ns=33451021342000 presented=1 clock=monotonic
K230_CARD_BENCH v=1 run=33428534769785 event=input input_id=73 gesture_id=4 kind=release t_ns=33451008496278 source=injected
K230_CARD_SHELL state mode=1 actions=1 message=0 cards=1
K230_CARD_BENCH v=1 run=33428534769785 event=present frame_id=639 t_ns=33450983023000 presented=1 clock=monotonic
K230_CARD_BENCH v=1 run=33428534769785 event=present frame_id=638 t_ns=33450944700000 presented=1 clock=monotonic
K230_CARD_BENCH v=1 run=33428534769785 event=resource phase=active t_ns=33450943516887 cpu_ns=14796576000 memory_bytes=19697664 scope=session
K230_CARD_BENCH v=1 run=33428534769785 event=resource phase=active t_ns=33450943516887 cpu_ns=8805717773 memory_bytes=27570176 scope=compositor
K230_CARD_BENCH v=1 run=33428534769785 event=submit input_id=72 frame_id=638 t_ns=33450941811866 update_cpu_ns=12672956 final=0
K230_CARD_BENCH v=1 run=33428534769785 event=present frame_id=637 t_ns=33450925540000 presented=1 clock=monotonic
K230_CARD_BENCH v=1 run=33428534769785 event=input input_id=72 gesture_id=4 kind=motion t_ns=33450909075623 source=injected
K230_CARD_SHELL state mode=2 actions=1 message=0 cards=1
K230_CARD_BENCH v=1 run=33428534769785 event=present frame_id=636 t_ns=33450887218000 presented=1 clock=monotonic
K230_CARD_BENCH v=1 run=33428534769785 event=present frame_id=635 t_ns=33450848898000 presented=1 clock=monotonic
K230_CARD_BENCH v=1 run=33428534769785 event=present frame_id=634 t_ns=33450829737000 presented=1 clock=monotonic
K230_CARD_BENCH v=1 run=33428534769785 event=present frame_id=633 t_ns=33450791416000 presented=1 clock=monotonic
K230_CARD_BENCH v=1 run=33428534769785 event=present frame_id=632 t_ns=33450753096000 presented=1 clock=monotonic
K230_CARD_BENCH v=1 run=33428534769785 event=submit input_id=71 frame_id=632 t_ns=33450752268675 update_cpu_ns=13150391 final=0
K230_CARD_BENCH v=1 run=33428534769785 event=present frame_id=631 t_ns=33450695612000 presented=1 clock=monotonic
K230_CARD_BENCH v=1 run=33428534769785 event=input input_id=71 gesture_id=4 kind=motion t_ns=33450695868165 source=injected
K230_CARD_SHELL state mode=2 actions=1 message=0 cards=1
K230_CARD_BENCH v=1 run=33428534769785 event=present frame_id=630 t_ns=33450638131000 presented=1 clock=monotonic
K230_CARD_BENCH v=1 run=33428534769785 event=present frame_id=629 t_ns=33450599810000 presented=1 clock=monotonic
K230_CARD_BENCH v=1 run=33428534769785 event=present frame_id=628 t_ns=33450561490000 presented=1 clock=monotonic
K230_CARD_BENCH v=1 run=33428534769785 event=present frame_id=627 t_ns=33450542328000 presented=1 clock=monotonic
K230_CARD_BENCH v=1 run=33428534769785 event=submit input_id=70 frame_id=627 t_ns=33450534127329 update_cpu_ns=13206534 final=0
K230_CARD_BENCH v=1 run=33428534769785 event=present frame_id=626 t_ns=33450504005000 presented=1 clock=monotonic
K230_CARD_BENCH v=1 run=33428534769785 event=input input_id=70 gesture_id=4 kind=motion t_ns=33450500468891 source=injected
K230_CARD_SHELL state mode=2 actions=1 message=0 cards=1
K230_CARD_BENCH v=1 run=33428534769785 event=present frame_id=625 t_ns=33450465685000 presented=1 clock=monotonic
K230_CARD_BENCH v=1 run=33428534769785 event=present frame_id=624 t_ns=33450408203000 presented=1 clock=monotonic
K230_CARD_BENCH v=1 run=33428534769785 event=present frame_id=623 t_ns=33450389041000 presented=1 clock=monotonic
K230_CARD_BENCH v=1 run=33428534769785 event=present frame_id=622 t_ns=33450350720000 presented=1 clock=monotonic
K230_CARD_BENCH v=1 run=33428534769785 event=submit input_id=69 frame_id=622 t_ns=33450339168374 update_cpu_ns=13840863 final=0
K230_CARD_BENCH v=1 run=33428534769785 event=present frame_id=621 t_ns=33450312399000 presented=1 clock=monotonic
K230_CARD_BENCH v=1 run=33428534769785 event=input input_id=69 gesture_id=4 kind=motion t_ns=33450306672974 source=injected
K230_CARD_SHELL state mode=2 actions=1 message=0 cards=1
K230_CARD_BENCH v=1 run=33428534769785 event=present frame_id=620 t_ns=33450274079000 presented=1 clock=monotonic
K230_CARD_BENCH v=1 run=33428534769785 event=present frame_id=619 t_ns=33450235756000 presented=1 clock=monotonic
K230_CARD_BENCH v=1 run=33428534769785 event=present frame_id=618 t_ns=33450197454000 presented=1 clock=monotonic
K230_CARD_BENCH v=1 run=33428534769785 event=submit input_id=68 frame_id=618 t_ns=33450182418457 update_cpu_ns=14157436 final=0
K230_CARD_BENCH v=1 run=33428534769785 event=present frame_id=617 t_ns=33450159115000 presented=1 clock=monotonic
K230_CARD_BENCH v=1 run=33428534769785 event=input input_id=68 gesture_id=4 kind=motion t_ns=33450143417296 source=injected
K230_CARD_SHELL state mode=2 actions=1 message=0 cards=1
K230_CARD_BENCH v=1 run=33428534769785 event=present frame_id=616 t_ns=33450082471000 presented=1 clock=monotonic
K230_CARD_BENCH v=1 run=33428534769785 event=submit input_id=67 frame_id=616 t_ns=33450069520254 update_cpu_ns=14836183 final=0
K230_CARD_BENCH v=1 run=33428534769785 event=present frame_id=615 t_ns=33450024989000 presented=1 clock=monotonic
K230_CARD_BENCH v=1 run=33428534769785 event=input input_id=67 gesture_id=4 kind=motion t_ns=33450008241080 source=injected
K230_CARD_SHELL state mode=2 actions=1 message=0 cards=1
K230_CARD_BENCH v=1 run=33428534769785 event=present frame_id=614 t_ns=33449986668000 presented=1 clock=monotonic
K230_CARD_BENCH v=1 run=33428534769785 event=present frame_id=613 t_ns=33449948349000 presented=1 clock=monotonic
K230_CARD_BENCH v=1 run=33428534769785 event=resource phase=active t_ns=33449940416184 cpu_ns=14341489000 memory_bytes=19689472 scope=session
K230_CARD_BENCH v=1 run=33428534769785 event=resource phase=active t_ns=33449940416184 cpu_ns=8458753361 memory_bytes=27570176 scope=compositor
K230_CARD_BENCH v=1 run=33428534769785 event=present frame_id=612 t_ns=33449910026000 presented=1 clock=monotonic
K230_CARD_BENCH v=1 run=33428534769785 event=present frame_id=611 t_ns=33449871704000 presented=1 clock=monotonic
K230_CARD_BENCH v=1 run=33428534769785 event=submit input_id=66 frame_id=611 t_ns=33449857199208 update_cpu_ns=14740110 final=0
K230_CARD_BENCH v=1 run=33428534769785 event=present frame_id=610 t_ns=33449833383000 presented=1 clock=monotonic
K230_CARD_BENCH v=1 run=33428534769785 event=input input_id=66 gesture_id=4 kind=motion t_ns=33449820674897 source=injected
K230_CARD_SHELL state mode=2 actions=1 message=0 cards=1
K230_CARD_BENCH v=1 run=33428534769785 event=present frame_id=609 t_ns=33449775901000 presented=1 clock=monotonic
K230_CARD_BENCH v=1 run=33428534769785 event=present frame_id=608 t_ns=33449756742000 presented=1 clock=monotonic
K230_CARD_BENCH v=1 run=33428534769785 event=present frame_id=607 t_ns=33449718420000 presented=1 clock=monotonic
K230_CARD_BENCH v=1 run=33428534769785 event=present frame_id=606 t_ns=33449680099000 presented=1 clock=monotonic
K230_CARD_BENCH v=1 run=33428534769785 event=present frame_id=605 t_ns=33449641776000 presented=1 clock=monotonic
K230_CARD_BENCH v=1 run=33428534769785 event=submit input_id=65 frame_id=605 t_ns=33449635829921 update_cpu_ns=15074033 final=0
K230_CARD_BENCH v=1 run=33428534769785 event=present frame_id=604 t_ns=33449603455000 presented=1 clock=monotonic
K230_CARD_BENCH v=1 run=33428534769785 event=input input_id=65 gesture_id=4 kind=motion t_ns=33449592562854 source=injected
K230_CARD_SHELL state mode=2 actions=1 message=0 cards=1
K230_CARD_BENCH v=1 run=33428534769785 event=present frame_id=603 t_ns=33449565135000 presented=1 clock=monotonic
K230_CARD_BENCH v=1 run=33428534769785 event=present frame_id=602 t_ns=33449507653000 presented=1 clock=monotonic
K230_CARD_BENCH v=1 run=33428534769785 event=submit input_id=64 frame_id=602 t_ns=33449498440695 update_cpu_ns=15463799 final=0
K230_CARD_BENCH v=1 run=33428534769785 event=present frame_id=601 t_ns=33449450171000 presented=1 clock=monotonic
K230_CARD_BENCH v=1 run=33428534769785 event=input input_id=64 gesture_id=4 kind=motion t_ns=33449431462955 source=injected
K230_CARD_SHELL state mode=2 actions=1 message=0 cards=1
K230_CARD_BENCH v=1 run=33428534769785 event=present frame_id=600 t_ns=33449392690000 presented=1 clock=monotonic
K230_CARD_SHELL live cards=1 commits=396 sampled=758 frame-done=758 output-presented=378
K230_CARD_BENCH v=1 run=33428534769785 event=present frame_id=599 t_ns=33449354369000 presented=1 clock=monotonic
K230_CARD_BENCH v=1 run=33428534769785 event=present frame_id=598 t_ns=33449316046000 presented=1 clock=monotonic
K230_CARD_BENCH v=1 run=33428534769785 event=present frame_id=597 t_ns=33449277725000 presented=1 clock=monotonic
K230_CARD_BENCH v=1 run=33428534769785 event=submit input_id=63 frame_id=597 t_ns=33449263624525 update_cpu_ns=15036118 final=0
K230_CARD_BENCH v=1 run=33428534769785 event=present frame_id=596 t_ns=33449239405000 presented=1 clock=monotonic
K230_CARD_BENCH v=1 run=33428534769785 event=input input_id=63 gesture_id=4 kind=motion t_ns=33449224424776 source=injected
K230_CARD_SHELL state mode=2 actions=1 message=0 cards=1
K230_CARD_BENCH v=1 run=33428534769785 event=present frame_id=595 t_ns=33449181922000 presented=1 clock=monotonic
K230_CARD_BENCH v=1 run=33428534769785 event=present frame_id=594 t_ns=33449162763000 presented=1 clock=monotonic
K230_CARD_BENCH v=1 run=33428534769785 event=present frame_id=593 t_ns=33449124439000 presented=1 clock=monotonic
K230_CARD_BENCH v=1 run=33428534769785 event=present frame_id=592 t_ns=33449086117000 presented=1 clock=monotonic
K230_CARD_BENCH v=1 run=33428534769785 event=submit input_id=62 frame_id=592 t_ns=33449080709710 update_cpu_ns=15047144 final=0
K230_CARD_BENCH v=1 run=33428534769785 event=present frame_id=591 t_ns=33449047797000 presented=1 clock=monotonic
K230_CARD_BENCH v=1 run=33428534769785 event=input input_id=62 gesture_id=4 kind=motion t_ns=33449036501116 source=injected
K230_CARD_SHELL state mode=2 actions=1 message=0 cards=1
K230_CARD_BENCH v=1 run=33428534769785 event=present frame_id=590 t_ns=33449009475000 presented=1 clock=monotonic
K230_CARD_BENCH v=1 run=33428534769785 event=present frame_id=589 t_ns=33448971156000 presented=1 clock=monotonic
K230_CARD_BENCH v=1 run=33428534769785 event=submit input_id=61 frame_id=589 t_ns=33448957829146 update_cpu_ns=15984321 final=0
K230_CARD_BENCH v=1 run=33428534769785 event=present frame_id=588 t_ns=33448913673000 presented=1 clock=monotonic
K230_CARD_BENCH v=1 run=33428534769785 event=resource phase=active t_ns=33448935955676 cpu_ns=13822406000 memory_bytes=19693568 scope=session
K230_CARD_BENCH v=1 run=33428534769785 event=resource phase=active t_ns=33448935955676 cpu_ns=8070612795 memory_bytes=27570176 scope=compositor
K230_CARD_BENCH v=1 run=33428534769785 event=input input_id=61 gesture_id=4 kind=motion t_ns=33448922607089 source=injected
K230_CARD_SHELL state mode=2 actions=1 message=0 cards=1
K230_CARD_BENCH v=1 run=33428534769785 event=present frame_id=587 t_ns=33448856191000 presented=1 clock=monotonic
K230_CARD_BENCH v=1 run=33428534769785 event=present frame_id=586 t_ns=33448817869000 presented=1 clock=monotonic
K230_CARD_BENCH v=1 run=33428534769785 event=present frame_id=585 t_ns=33448779550000 presented=1 clock=monotonic
K230_CARD_BENCH v=1 run=33428534769785 event=present frame_id=584 t_ns=33448741227000 presented=1 clock=monotonic
K230_CARD_BENCH v=1 run=33428534769785 event=present frame_id=583 t_ns=33448702905000 presented=1 clock=monotonic
K230_CARD_BENCH v=1 run=33428534769785 event=submit input_id=60 frame_id=583 t_ns=33448688474562 update_cpu_ns=15221571 final=0
K230_CARD_BENCH v=1 run=33428534769785 event=present frame_id=582 t_ns=33448664584000 presented=1 clock=monotonic
K230_CARD_BENCH v=1 run=33428534769785 event=input input_id=60 gesture_id=4 kind=motion t_ns=33448656593882 source=injected
K230_CARD_SHELL state mode=2 actions=1 message=0 cards=1
K230_CARD_BENCH v=1 run=33428534769785 event=present frame_id=581 t_ns=33448626264000 presented=1 clock=monotonic
K230_CARD_BENCH v=1 run=33428534769785 event=present frame_id=580 t_ns=33448587942000 presented=1 clock=monotonic
K230_CARD_BENCH v=1 run=33428534769785 event=present frame_id=579 t_ns=33448549620000 presented=1 clock=monotonic
K230_CARD_BENCH v=1 run=33428534769785 event=present frame_id=578 t_ns=33448511299000 presented=1 clock=monotonic
K230_CARD_BENCH v=1 run=33428534769785 event=submit input_id=59 frame_id=578 t_ns=33448498153304 update_cpu_ns=15104622 final=0
K230_CARD_BENCH v=1 run=33428534769785 event=present frame_id=577 t_ns=33448472978000 presented=1 clock=monotonic
K230_CARD_BENCH v=1 run=33428534769785 event=input input_id=59 gesture_id=4 kind=motion t_ns=33448465174732 source=injected
K230_CARD_SHELL state mode=2 actions=1 message=0 cards=1
K230_CARD_BENCH v=1 run=33428534769785 event=present frame_id=576 t_ns=33448434656000 presented=1 clock=monotonic
K230_CARD_BENCH v=1 run=33428534769785 event=present frame_id=575 t_ns=33448396335000 presented=1 clock=monotonic
K230_CARD_BENCH v=1 run=33428534769785 event=present frame_id=574 t_ns=33448358014000 presented=1 clock=monotonic
K230_CARD_BENCH v=1 run=33428534769785 event=submit input_id=58 frame_id=574 t_ns=33448353786327 update_cpu_ns=15425697 final=0
K230_CARD_BENCH v=1 run=33428534769785 event=present frame_id=573 t_ns=33448300532000 presented=1 clock=monotonic
K230_CARD_BENCH v=1 run=33428534769785 event=input input_id=58 gesture_id=4 kind=motion t_ns=33448283082144 source=injected
K230_CARD_SHELL state mode=2 actions=1 message=0 cards=1
K230_CARD_BENCH v=1 run=33428534769785 event=present frame_id=572 t_ns=33448223891000 presented=1 clock=monotonic
K230_CARD_BENCH v=1 run=33428534769785 event=present frame_id=571 t_ns=33448204730000 presented=1 clock=monotonic
K230_CARD_BENCH v=1 run=33428534769785 event=present frame_id=570 t_ns=33448166408000 presented=1 clock=monotonic
K230_CARD_BENCH v=1 run=33428534769785 event=present frame_id=569 t_ns=33448128086000 presented=1 clock=monotonic
K230_CARD_BENCH v=1 run=33428534769785 event=present frame_id=568 t_ns=33448089766000 presented=1 clock=monotonic
K230_CARD_BENCH v=1 run=33428534769785 event=submit input_id=57 frame_id=568 t_ns=33448080481859 update_cpu_ns=15234611 final=0
K230_CARD_BENCH v=1 run=33428534769785 event=present frame_id=567 t_ns=33448051443000 presented=1 clock=monotonic
K230_CARD_BENCH v=1 run=33428534769785 event=input input_id=57 gesture_id=4 kind=motion t_ns=33448046979858 source=injected
K230_CARD_SHELL state mode=2 actions=1 message=0 cards=1
K230_CARD_BENCH v=1 run=33428534769785 event=present frame_id=566 t_ns=33448013122000 presented=1 clock=monotonic
K230_CARD_BENCH v=1 run=33428534769785 event=present frame_id=565 t_ns=33447974800000 presented=1 clock=monotonic
K230_CARD_BENCH v=1 run=33428534769785 event=present frame_id=564 t_ns=33447936480000 presented=1 clock=monotonic
K230_CARD_BENCH v=1 run=33428534769785 event=resource phase=active t_ns=33447921248972 cpu_ns=13320634000 memory_bytes=19689472 scope=session
K230_CARD_BENCH v=1 run=33428534769785 event=resource phase=active t_ns=33447921248972 cpu_ns=7697613786 memory_bytes=27570176 scope=compositor
K230_CARD_BENCH v=1 run=33428534769785 event=present frame_id=563 t_ns=33447898160000 presented=1 clock=monotonic
K230_CARD_BENCH v=1 run=33428534769785 event=submit input_id=56 frame_id=563 t_ns=33447892900515 update_cpu_ns=15092271 final=0
K230_CARD_BENCH v=1 run=33428534769785 event=present frame_id=562 t_ns=33447859837000 presented=1 clock=monotonic
K230_CARD_BENCH v=1 run=33428534769785 event=input input_id=56 gesture_id=4 kind=motion t_ns=33447858159294 source=injected
K230_CARD_SHELL state mode=2 actions=1 message=0 cards=1
K230_CARD_BENCH v=1 run=33428534769785 event=present frame_id=561 t_ns=33447821517000 presented=1 clock=monotonic
K230_CARD_BENCH v=1 run=33428534769785 event=present frame_id=560 t_ns=33447764051000 presented=1 clock=monotonic
K230_CARD_BENCH v=1 run=33428534769785 event=submit input_id=55 frame_id=560 t_ns=33447747395203 update_cpu_ns=15058145 final=0
K230_CARD_BENCH v=1 run=33428534769785 event=present frame_id=559 t_ns=33447706553000 presented=1 clock=monotonic
K230_CARD_BENCH v=1 run=33428534769785 event=input input_id=55 gesture_id=4 kind=motion t_ns=33447696546553 source=injected
K230_CARD_SHELL state mode=2 actions=1 message=0 cards=1
K230_CARD_BENCH v=1 run=33428534769785 event=present frame_id=558 t_ns=33447649070000 presented=1 clock=monotonic
K230_CARD_BENCH v=1 run=33428534769785 event=present frame_id=557 t_ns=33447610749000 presented=1 clock=monotonic
K230_CARD_BENCH v=1 run=33428534769785 event=present frame_id=556 t_ns=33447572427000 presented=1 clock=monotonic
K230_CARD_BENCH v=1 run=33428534769785 event=present frame_id=555 t_ns=33447534106000 presented=1 clock=monotonic
K230_CARD_BENCH v=1 run=33428534769785 event=submit input_id=54 frame_id=555 t_ns=33447520796912 update_cpu_ns=15024828 final=0
K230_CARD_BENCH v=1 run=33428534769785 event=present frame_id=554 t_ns=33447495786000 presented=1 clock=monotonic
K230_CARD_BENCH v=1 run=33428534769785 event=input input_id=54 gesture_id=4 kind=motion t_ns=33447491170902 source=injected
K230_CARD_SHELL state mode=2 actions=1 message=0 cards=1
K230_CARD_BENCH v=1 run=33428534769785 event=present frame_id=553 t_ns=33447457464000 presented=1 clock=monotonic
K230_CARD_BENCH v=1 run=33428534769785 event=present frame_id=552 t_ns=33447419142000 presented=1 clock=monotonic
K230_CARD_BENCH v=1 run=33428534769785 event=present frame_id=551 t_ns=33447380821000 presented=1 clock=monotonic
K230_CARD_BENCH v=1 run=33428534769785 event=present frame_id=550 t_ns=33447342500000 presented=1 clock=monotonic
K230_CARD_BENCH v=1 run=33428534769785 event=submit input_id=53 frame_id=550 t_ns=33447327315782 update_cpu_ns=14853196 final=0
K230_CARD_BENCH v=1 run=33428534769785 event=present frame_id=549 t_ns=33447304180000 presented=1 clock=monotonic
K230_CARD_BENCH v=1 run=33428534769785 event=input input_id=53 gesture_id=4 kind=motion t_ns=33447290431441 source=injected
K230_CARD_SHELL state mode=2 actions=1 message=0 cards=1
K230_CARD_BENCH v=1 run=33428534769785 event=present frame_id=548 t_ns=33447265857000 presented=1 clock=monotonic
K230_CARD_SHELL live cards=1 commits=340 sampled=654 frame-done=654 output-presented=326
K230_CARD_BENCH v=1 run=33428534769785 event=present frame_id=547 t_ns=33447227537000 presented=1 clock=monotonic
K230_CARD_BENCH v=1 run=33428534769785 event=present frame_id=546 t_ns=33447189216000 presented=1 clock=monotonic
K230_CARD_BENCH v=1 run=33428534769785 event=present frame_id=545 t_ns=33447131733000 presented=1 clock=monotonic
K230_CARD_SHELL state mode=2 actions=1 message=0 cards=1
K230_CARD_BENCH v=1 run=33428534769785 event=present frame_id=544 t_ns=33447074250000 presented=1 clock=monotonic
K230_CARD_BENCH v=1 run=33428534769785 event=present frame_id=543 t_ns=33447035931000 presented=1 clock=monotonic
K230_CARD_BENCH v=1 run=33428534769785 event=present frame_id=542 t_ns=33446997608000 presented=1 clock=monotonic
K230_CARD_BENCH v=1 run=33428534769785 event=present frame_id=541 t_ns=33446959288000 presented=1 clock=monotonic
K230_CARD_BENCH v=1 run=33428534769785 event=present frame_id=540 t_ns=33446920965000 presented=1 clock=monotonic
K230_CARD_BENCH v=1 run=33428534769785 event=resource phase=active t_ns=33446914860904 cpu_ns=12820167000 memory_bytes=19697664 scope=session
K230_CARD_BENCH v=1 run=33428534769785 event=resource phase=active t_ns=33446914860904 cpu_ns=7325754407 memory_bytes=27570176 scope=compositor
K230_CARD_BENCH v=1 run=33428534769785 event=present frame_id=539 t_ns=33446863483000 presented=1 clock=monotonic
K230_CARD_BENCH v=1 run=33428534769785 event=present frame_id=538 t_ns=33446844323000 presented=1 clock=monotonic
K230_CARD_BENCH v=1 run=33428534769785 event=present frame_id=537 t_ns=33446806001000 presented=1 clock=monotonic
K230_CARD_BENCH v=1 run=33428534769785 event=present frame_id=536 t_ns=33446786841000 presented=1 clock=monotonic
K230_CARD_BENCH v=1 run=33428534769785 event=present frame_id=535 t_ns=33446748518000 presented=1 clock=monotonic
K230_CARD_BENCH v=1 run=33428534769785 event=present frame_id=534 t_ns=33446729359000 presented=1 clock=monotonic
K230_CARD_BENCH v=1 run=33428534769785 event=present frame_id=533 t_ns=33446691038000 presented=1 clock=monotonic
K230_CARD_BENCH v=1 run=33428534769785 event=present frame_id=532 t_ns=33446671877000 presented=1 clock=monotonic
K230_CARD_BENCH v=1 run=33428534769785 event=present frame_id=531 t_ns=33446633556000 presented=1 clock=monotonic
K230_CARD_BENCH v=1 run=33428534769785 event=present frame_id=530 t_ns=33446614395000 presented=1 clock=monotonic
K230_CARD_BENCH v=1 run=33428534769785 event=present frame_id=529 t_ns=33446556914000 presented=1 clock=monotonic
K230_CARD_BENCH v=1 run=33428534769785 event=submit input_id=52 frame_id=529 t_ns=33446547217485 update_cpu_ns=15212050 final=1
K230_CARD_BENCH v=1 run=33428534769785 event=present frame_id=528 t_ns=33446518594000 presented=1 clock=monotonic
K230_CARD_BENCH v=1 run=33428534769785 event=input input_id=52 gesture_id=3 kind=release t_ns=33446502049843 source=injected
K230_CARD_SHELL state mode=1 actions=1 message=0 cards=1
K230_CARD_BENCH v=1 run=33428534769785 event=present frame_id=527 t_ns=33446480271000 presented=1 clock=monotonic
K230_CARD_BENCH v=1 run=33428534769785 event=submit input_id=51 frame_id=527 t_ns=33446462314514 update_cpu_ns=12414912 final=0
K230_CARD_BENCH v=1 run=33428534769785 event=present frame_id=526 t_ns=33446441949000 presented=1 clock=monotonic
K230_CARD_BENCH v=1 run=33428534769785 event=input input_id=51 gesture_id=3 kind=motion t_ns=33446429452974 source=injected
K230_CARD_SHELL state mode=2 actions=1 message=0 cards=1
K230_CARD_BENCH v=1 run=33428534769785 event=present frame_id=525 t_ns=33446384469000 presented=1 clock=monotonic
K230_CARD_BENCH v=1 run=33428534769785 event=present frame_id=524 t_ns=33446365307000 presented=1 clock=monotonic
K230_CARD_BENCH v=1 run=33428534769785 event=present frame_id=523 t_ns=33446326988000 presented=1 clock=monotonic
K230_CARD_BENCH v=1 run=33428534769785 event=present frame_id=522 t_ns=33446288664000 presented=1 clock=monotonic
K230_CARD_BENCH v=1 run=33428534769785 event=present frame_id=521 t_ns=33446269505000 presented=1 clock=monotonic
K230_CARD_BENCH v=1 run=33428534769785 event=submit input_id=50 frame_id=521 t_ns=33446253301377 update_cpu_ns=12916773 final=0
K230_CARD_BENCH v=1 run=33428534769785 event=present frame_id=520 t_ns=33446212045000 presented=1 clock=monotonic
K230_CARD_BENCH v=1 run=33428534769785 event=input input_id=50 gesture_id=3 kind=motion t_ns=33446207558493 source=injected
K230_CARD_SHELL state mode=2 actions=1 message=0 cards=1
K230_CARD_BENCH v=1 run=33428534769785 event=present frame_id=519 t_ns=33446173701000 presented=1 clock=monotonic
K230_CARD_BENCH v=1 run=33428534769785 event=present frame_id=518 t_ns=33446116217000 presented=1 clock=monotonic
K230_CARD_BENCH v=1 run=33428534769785 event=present frame_id=517 t_ns=33446097059000 presented=1 clock=monotonic
K230_CARD_BENCH v=1 run=33428534769785 event=present frame_id=516 t_ns=33446058738000 presented=1 clock=monotonic
K230_CARD_BENCH v=1 run=33428534769785 event=submit input_id=49 frame_id=516 t_ns=33446054925837 update_cpu_ns=13166239 final=0
K230_CARD_BENCH v=1 run=33428534769785 event=present frame_id=515 t_ns=33446020417000 presented=1 clock=monotonic
K230_CARD_BENCH v=1 run=33428534769785 event=input input_id=49 gesture_id=3 kind=motion t_ns=33446017231149 source=injected
K230_CARD_SHELL state mode=2 actions=1 message=0 cards=1
K230_CARD_BENCH v=1 run=33428534769785 event=present frame_id=514 t_ns=33445962934000 presented=1 clock=monotonic
K230_CARD_BENCH v=1 run=33428534769785 event=present frame_id=513 t_ns=33445886303000 presented=1 clock=monotonic
K230_CARD_BENCH v=1 run=33428534769785 event=resource phase=active t_ns=33445892182640 cpu_ns=12303848000 memory_bytes=19693568 scope=session
K230_CARD_BENCH v=1 run=33428534769785 event=resource phase=active t_ns=33445892182640 cpu_ns=6946372376 memory_bytes=27570176 scope=compositor
K230_CARD_BENCH v=1 run=33428534769785 event=present frame_id=512 t_ns=33445867133000 presented=1 clock=monotonic
K230_CARD_BENCH v=1 run=33428534769785 event=submit input_id=48 frame_id=512 t_ns=33445856122087 update_cpu_ns=13353670 final=0
K230_CARD_BENCH v=1 run=33428534769785 event=present frame_id=511 t_ns=33445828810000 presented=1 clock=monotonic
K230_CARD_BENCH v=1 run=33428534769785 event=input input_id=48 gesture_id=3 kind=motion t_ns=33445810319613 source=injected
K230_CARD_SHELL state mode=2 actions=1 message=0 cards=1
K230_CARD_BENCH v=1 run=33428534769785 event=present frame_id=510 t_ns=33445790489000 presented=1 clock=monotonic
K230_CARD_BENCH v=1 run=33428534769785 event=present frame_id=509 t_ns=33445752169000 presented=1 clock=monotonic
K230_CARD_BENCH v=1 run=33428534769785 event=present frame_id=508 t_ns=33445713846000 presented=1 clock=monotonic
K230_CARD_BENCH v=1 run=33428534769785 event=present frame_id=507 t_ns=33445675527000 presented=1 clock=monotonic
K230_CARD_BENCH v=1 run=33428534769785 event=submit input_id=47 frame_id=507 t_ns=33445670631147 update_cpu_ns=13698364 final=0
K230_CARD_BENCH v=1 run=33428534769785 event=present frame_id=506 t_ns=33445637203000 presented=1 clock=monotonic
K230_CARD_BENCH v=1 run=33428534769785 event=input input_id=47 gesture_id=3 kind=motion t_ns=33445632508989 source=injected
K230_CARD_SHELL state mode=2 actions=1 message=0 cards=1
K230_CARD_BENCH v=1 run=33428534769785 event=present frame_id=505 t_ns=33445598883000 presented=1 clock=monotonic
K230_CARD_BENCH v=1 run=33428534769785 event=present frame_id=504 t_ns=33445560561000 presented=1 clock=monotonic
K230_CARD_BENCH v=1 run=33428534769785 event=present frame_id=503 t_ns=33445522241000 presented=1 clock=monotonic
K230_CARD_BENCH v=1 run=33428534769785 event=present frame_id=502 t_ns=33445483919000 presented=1 clock=monotonic
K230_CARD_BENCH v=1 run=33428534769785 event=submit input_id=46 frame_id=502 t_ns=33445465490179 update_cpu_ns=14212796 final=0
K230_CARD_BENCH v=1 run=33428534769785 event=present frame_id=501 t_ns=33445426435000 presented=1 clock=monotonic
K230_CARD_BENCH v=1 run=33428534769785 event=input input_id=46 gesture_id=3 kind=motion t_ns=33445420501123 source=injected
K230_CARD_SHELL state mode=2 actions=1 message=0 cards=1
K230_CARD_BENCH v=1 run=33428534769785 event=present frame_id=500 t_ns=33445388116000 presented=1 clock=monotonic
K230_CARD_BENCH v=1 run=33428534769785 event=present frame_id=499 t_ns=33445311472000 presented=1 clock=monotonic
K230_CARD_BENCH v=1 run=33428534769785 event=present frame_id=498 t_ns=33445273152000 presented=1 clock=monotonic
K230_CARD_BENCH v=1 run=33428534769785 event=submit input_id=45 frame_id=498 t_ns=33445265969076 update_cpu_ns=14691870 final=0
K230_CARD_BENCH v=1 run=33428534769785 event=present frame_id=497 t_ns=33445234829000 presented=1 clock=monotonic
K230_CARD_BENCH v=1 run=33428534769785 event=input input_id=45 gesture_id=3 kind=motion t_ns=33445232460035 source=injected
K230_CARD_SHELL state mode=2 actions=1 message=0 cards=1
K230_CARD_SHELL live cards=1 commits=286 sampled=552 frame-done=552 output-presented=275
K230_CARD_BENCH v=1 run=33428534769785 event=present frame_id=496 t_ns=33445196510000 presented=1 clock=monotonic
K230_CARD_BENCH v=1 run=33428534769785 event=present frame_id=495 t_ns=33445158187000 presented=1 clock=monotonic
K230_CARD_BENCH v=1 run=33428534769785 event=present frame_id=494 t_ns=33445119865000 presented=1 clock=monotonic
K230_CARD_BENCH v=1 run=33428534769785 event=present frame_id=493 t_ns=33445081545000 presented=1 clock=monotonic
K230_CARD_BENCH v=1 run=33428534769785 event=submit input_id=44 frame_id=493 t_ns=33445076075823 update_cpu_ns=14673787 final=0
K230_CARD_BENCH v=1 run=33428534769785 event=present frame_id=492 t_ns=33445043223000 presented=1 clock=monotonic
K230_CARD_BENCH v=1 run=33428534769785 event=input input_id=44 gesture_id=3 kind=motion t_ns=33445033087260 source=injected
K230_CARD_SHELL state mode=2 actions=1 message=0 cards=1
K230_CARD_BENCH v=1 run=33428534769785 event=present frame_id=491 t_ns=33445004904000 presented=1 clock=monotonic
K230_CARD_BENCH v=1 run=33428534769785 event=present frame_id=490 t_ns=33444966581000 presented=1 clock=monotonic
K230_CARD_BENCH v=1 run=33428534769785 event=present frame_id=489 t_ns=33444928260000 presented=1 clock=monotonic
K230_CARD_BENCH v=1 run=33428534769785 event=submit input_id=43 frame_id=489 t_ns=33444916777071 update_cpu_ns=16015220 final=0
K230_CARD_BENCH v=1 run=33428534769785 event=present frame_id=488 t_ns=33444889938000 presented=1 clock=monotonic
K230_CARD_BENCH v=1 run=33428534769785 event=resource phase=active t_ns=33444882855784 cpu_ns=11792888000 memory_bytes=19693568 scope=session
K230_CARD_BENCH v=1 run=33428534769785 event=resource phase=active t_ns=33444882855784 cpu_ns=6574940155 memory_bytes=27570176 scope=compositor
K230_CARD_BENCH v=1 run=33428534769785 event=input input_id=43 gesture_id=3 kind=motion t_ns=33444880613150 source=injected
K230_CARD_SHELL state mode=2 actions=1 message=0 cards=1
K230_CARD_BENCH v=1 run=33428534769785 event=present frame_id=487 t_ns=33444851618000 presented=1 clock=monotonic
K230_CARD_BENCH v=1 run=33428534769785 event=present frame_id=486 t_ns=33444813297000 presented=1 clock=monotonic
K230_CARD_BENCH v=1 run=33428534769785 event=present frame_id=485 t_ns=33444755815000 presented=1 clock=monotonic
K230_CARD_BENCH v=1 run=33428534769785 event=present frame_id=484 t_ns=33444698332000 presented=1 clock=monotonic
K230_CARD_BENCH v=1 run=33428534769785 event=submit input_id=42 frame_id=484 t_ns=33444685130104 update_cpu_ns=14996949 final=0
K230_CARD_BENCH v=1 run=33428534769785 event=present frame_id=483 t_ns=33444660057000 presented=1 clock=monotonic
K230_CARD_BENCH v=1 run=33428534769785 event=input input_id=42 gesture_id=3 kind=motion t_ns=33444653556559 source=injected
K230_CARD_SHELL state mode=2 actions=1 message=0 cards=1
K230_CARD_BENCH v=1 run=33428534769785 event=present frame_id=482 t_ns=33444621696000 presented=1 clock=monotonic
K230_CARD_BENCH v=1 run=33428534769785 event=present frame_id=481 t_ns=33444583367000 presented=1 clock=monotonic
K230_CARD_BENCH v=1 run=33428534769785 event=present frame_id=480 t_ns=33444545047000 presented=1 clock=monotonic
K230_CARD_BENCH v=1 run=33428534769785 event=present frame_id=479 t_ns=33444506725000 presented=1 clock=monotonic
K230_CARD_BENCH v=1 run=33428534769785 event=submit input_id=41 frame_id=479 t_ns=33444501798977 update_cpu_ns=14870753 final=0
K230_CARD_BENCH v=1 run=33428534769785 event=present frame_id=478 t_ns=33444468405000 presented=1 clock=monotonic
K230_CARD_BENCH v=1 run=33428534769785 event=input input_id=41 gesture_id=3 kind=motion t_ns=33444456516039 source=injected
K230_CARD_SHELL state mode=2 actions=1 message=0 cards=1
K230_CARD_BENCH v=1 run=33428534769785 event=present frame_id=477 t_ns=33444430083000 presented=1 clock=monotonic
K230_CARD_BENCH v=1 run=33428534769785 event=present frame_id=476 t_ns=33444372601000 presented=1 clock=monotonic
K230_CARD_BENCH v=1 run=33428534769785 event=present frame_id=475 t_ns=33444334279000 presented=1 clock=monotonic
K230_CARD_BENCH v=1 run=33428534769785 event=submit input_id=40 frame_id=475 t_ns=33444328883750 update_cpu_ns=14975511 final=0
K230_CARD_BENCH v=1 run=33428534769785 event=present frame_id=474 t_ns=33444295958000 presented=1 clock=monotonic
K230_CARD_BENCH v=1 run=33428534769785 event=input input_id=40 gesture_id=3 kind=motion t_ns=33444281725981 source=injected
K230_CARD_SHELL state mode=2 actions=1 message=0 cards=1
K230_CARD_BENCH v=1 run=33428534769785 event=present frame_id=473 t_ns=33444257637000 presented=1 clock=monotonic
K230_CARD_BENCH v=1 run=33428534769785 event=present frame_id=472 t_ns=33444219316000 presented=1 clock=monotonic
K230_CARD_BENCH v=1 run=33428534769785 event=present frame_id=471 t_ns=33444142675000 presented=1 clock=monotonic
K230_CARD_BENCH v=1 run=33428534769785 event=submit input_id=39 frame_id=471 t_ns=33444130529789 update_cpu_ns=15423343 final=0
K230_CARD_BENCH v=1 run=33428534769785 event=present frame_id=470 t_ns=33444085193000 presented=1 clock=monotonic
K230_CARD_BENCH v=1 run=33428534769785 event=input input_id=39 gesture_id=3 kind=motion t_ns=33444070576304 source=injected
K230_CARD_SHELL state mode=2 actions=1 message=0 cards=1
K230_CARD_BENCH v=1 run=33428534769785 event=present frame_id=469 t_ns=33444046870000 presented=1 clock=monotonic
K230_CARD_BENCH v=1 run=33428534769785 event=present frame_id=468 t_ns=33444008549000 presented=1 clock=monotonic
K230_CARD_BENCH v=1 run=33428534769785 event=present frame_id=467 t_ns=33443970227000 presented=1 clock=monotonic
K230_CARD_BENCH v=1 run=33428534769785 event=present frame_id=466 t_ns=33443931906000 presented=1 clock=monotonic
K230_CARD_BENCH v=1 run=33428534769785 event=submit input_id=38 frame_id=466 t_ns=33443925725694 update_cpu_ns=14947463 final=0
K230_CARD_BENCH v=1 run=33428534769785 event=present frame_id=465 t_ns=33443893584000 presented=1 clock=monotonic
K230_CARD_BENCH v=1 run=33428534769785 event=input input_id=38 gesture_id=3 kind=motion t_ns=33443884899582 source=injected
K230_CARD_SHELL state mode=2 actions=1 message=0 cards=1
K230_CARD_BENCH v=1 run=33428534769785 event=present frame_id=464 t_ns=33443855264000 presented=1 clock=monotonic
K230_CARD_BENCH v=1 run=33428534769785 event=resource phase=active t_ns=33443852502247 cpu_ns=11293387000 memory_bytes=19689472 scope=session
K230_CARD_BENCH v=1 run=33428534769785 event=resource phase=active t_ns=33443852502247 cpu_ns=6203943471 memory_bytes=27570176 scope=compositor
K230_CARD_BENCH v=1 run=33428534769785 event=present frame_id=463 t_ns=33443816944000 presented=1 clock=monotonic
K230_CARD_BENCH v=1 run=33428534769785 event=present frame_id=462 t_ns=33443778623000 presented=1 clock=monotonic
K230_CARD_BENCH v=1 run=33428534769785 event=present frame_id=461 t_ns=33443740299000 presented=1 clock=monotonic
K230_CARD_BENCH v=1 run=33428534769785 event=submit input_id=37 frame_id=461 t_ns=33443735420299 update_cpu_ns=14798250 final=0
K230_CARD_BENCH v=1 run=33428534769785 event=present frame_id=460 t_ns=33443701979000 presented=1 clock=monotonic
K230_CARD_BENCH v=1 run=33428534769785 event=input input_id=37 gesture_id=3 kind=motion t_ns=33443690236098 source=injected
K230_CARD_SHELL state mode=2 actions=1 message=0 cards=1
K230_CARD_BENCH v=1 run=33428534769785 event=present frame_id=459 t_ns=33443663659000 presented=1 clock=monotonic
K230_CARD_BENCH v=1 run=33428534769785 event=present frame_id=458 t_ns=33443606176000 presented=1 clock=monotonic
K230_CARD_BENCH v=1 run=33428534769785 event=submit input_id=36 frame_id=458 t_ns=33443604837468 update_cpu_ns=15170978 final=0
K230_CARD_BENCH v=1 run=33428534769785 event=present frame_id=457 t_ns=33443548695000 presented=1 clock=monotonic
K230_CARD_BENCH v=1 run=33428534769785 event=input input_id=36 gesture_id=3 kind=motion t_ns=33443552157238 source=injected
K230_CARD_SHELL state mode=2 actions=1 message=0 cards=1
K230_CARD_BENCH v=1 run=33428534769785 event=present frame_id=456 t_ns=33443491213000 presented=1 clock=monotonic
K230_CARD_BENCH v=1 run=33428534769785 event=present frame_id=455 t_ns=33443452889000 presented=1 clock=monotonic
K230_CARD_BENCH v=1 run=33428534769785 event=present frame_id=454 t_ns=33443414571000 presented=1 clock=monotonic
K230_CARD_BENCH v=1 run=33428534769785 event=present frame_id=453 t_ns=33443376249000 presented=1 clock=monotonic
K230_CARD_BENCH v=1 run=33428534769785 event=submit input_id=35 frame_id=453 t_ns=33443363830036 update_cpu_ns=15036319 final=0
K230_CARD_BENCH v=1 run=33428534769785 event=present frame_id=452 t_ns=33443337926000 presented=1 clock=monotonic
K230_CARD_BENCH v=1 run=33428534769785 event=input input_id=35 gesture_id=3 kind=motion t_ns=33443322678562 source=injected
K230_CARD_SHELL state mode=2 actions=1 message=0 cards=1
K230_CARD_BENCH v=1 run=33428534769785 event=present frame_id=451 t_ns=33443280446000 presented=1 clock=monotonic
K230_CARD_BENCH v=1 run=33428534769785 event=present frame_id=450 t_ns=33443261285000 presented=1 clock=monotonic
K230_CARD_BENCH v=1 run=33428534769785 event=present frame_id=449 t_ns=33443222962000 presented=1 clock=monotonic
K230_CARD_BENCH v=1 run=33428534769785 event=present frame_id=448 t_ns=33443184642000 presented=1 clock=monotonic
K230_CARD_BENCH v=1 run=33428534769785 event=submit input_id=34 frame_id=448 t_ns=33443181713051 update_cpu_ns=14925316 final=0
K230_CARD_BENCH v=1 run=33428534769785 event=present frame_id=447 t_ns=33443146320000 presented=1 clock=monotonic
K230_CARD_BENCH v=1 run=33428534769785 event=input input_id=34 gesture_id=3 kind=motion t_ns=33443134462691 source=injected
K230_CARD_SHELL state mode=2 actions=1 message=0 cards=1
K230_CARD_BENCH v=1 run=33428534769785 event=present frame_id=446 t_ns=33443107999000 presented=1 clock=monotonic
K230_CARD_BENCH v=1 run=33428534769785 event=present frame_id=445 t_ns=33443069678000 presented=1 clock=monotonic
K230_CARD_BENCH v=1 run=33428534769785 event=submit input_id=33 frame_id=445 t_ns=33443058239482 update_cpu_ns=15233018 final=0
K230_CARD_BENCH v=1 run=33428534769785 event=present frame_id=444 t_ns=33443031355000 presented=1 clock=monotonic
K230_CARD_BENCH v=1 run=33428534769785 event=input input_id=33 gesture_id=3 kind=motion t_ns=33443014898927 source=injected
K230_CARD_SHELL state mode=2 actions=1 message=0 cards=1
K230_CARD_BENCH v=1 run=33428534769785 event=present frame_id=443 t_ns=33442973875000 presented=1 clock=monotonic
K230_CARD_BENCH v=1 run=33428534769785 event=present frame_id=442 t_ns=33442916392000 presented=1 clock=monotonic
K230_CARD_SHELL live cards=1 commits=226 sampled=442 frame-done=442 output-presented=220
K230_CARD_BENCH v=1 run=33428534769785 event=present frame_id=441 t_ns=33442858910000 presented=1 clock=monotonic
K230_CARD_BENCH v=1 run=33428534769785 event=resource phase=active t_ns=33442845631324 cpu_ns=10821230000 memory_bytes=19685376 scope=session
K230_CARD_BENCH v=1 run=33428534769785 event=resource phase=active t_ns=33442845631324 cpu_ns=5850535568 memory_bytes=27570176 scope=compositor
K230_CARD_BENCH v=1 run=33428534769785 event=present frame_id=440 t_ns=33442820590000 presented=1 clock=monotonic
K230_CARD_BENCH v=1 run=33428534769785 event=submit input_id=32 frame_id=440 t_ns=33442815133707 update_cpu_ns=14842255 final=0
K230_CARD_BENCH v=1 run=33428534769785 event=present frame_id=439 t_ns=33442782268000 presented=1 clock=monotonic
K230_CARD_BENCH v=1 run=33428534769785 event=input input_id=32 gesture_id=3 kind=motion t_ns=33442769084533 source=injected
K230_CARD_SHELL state mode=2 actions=1 message=0 cards=1
K230_CARD_BENCH v=1 run=33428534769785 event=present frame_id=438 t_ns=33442743945000 presented=1 clock=monotonic
K230_CARD_BENCH v=1 run=33428534769785 event=present frame_id=437 t_ns=33442705625000 presented=1 clock=monotonic
K230_CARD_BENCH v=1 run=33428534769785 event=present frame_id=436 t_ns=33442667305000 presented=1 clock=monotonic
K230_CARD_BENCH v=1 run=33428534769785 event=present frame_id=435 t_ns=33442628982000 presented=1 clock=monotonic
K230_CARD_SHELL state mode=2 actions=1 message=0 cards=1
K230_CARD_BENCH v=1 run=33428534769785 event=present frame_id=434 t_ns=33442590661000 presented=1 clock=monotonic
K230_CARD_BENCH v=1 run=33428534769785 event=present frame_id=433 t_ns=33442552339000 presented=1 clock=monotonic
K230_CARD_BENCH v=1 run=33428534769785 event=present frame_id=432 t_ns=33442514019000 presented=1 clock=monotonic
K230_CARD_BENCH v=1 run=33428534769785 event=present frame_id=431 t_ns=33442475697000 presented=1 clock=monotonic
K230_CARD_BENCH v=1 run=33428534769785 event=present frame_id=430 t_ns=33442437376000 presented=1 clock=monotonic
K230_CARD_BENCH v=1 run=33428534769785 event=present frame_id=429 t_ns=33442399055000 presented=1 clock=monotonic
K230_CARD_BENCH v=1 run=33428534769785 event=present frame_id=428 t_ns=33442341573000 presented=1 clock=monotonic
K230_CARD_BENCH v=1 run=33428534769785 event=present frame_id=427 t_ns=33442303255000 presented=1 clock=monotonic
K230_CARD_BENCH v=1 run=33428534769785 event=present frame_id=426 t_ns=33442264930000 presented=1 clock=monotonic
K230_CARD_BENCH v=1 run=33428534769785 event=present frame_id=425 t_ns=33442245769000 presented=1 clock=monotonic
K230_CARD_BENCH v=1 run=33428534769785 event=present frame_id=424 t_ns=33442207446000 presented=1 clock=monotonic
K230_CARD_BENCH v=1 run=33428534769785 event=present frame_id=423 t_ns=33442188287000 presented=1 clock=monotonic
K230_CARD_BENCH v=1 run=33428534769785 event=present frame_id=422 t_ns=33442149964000 presented=1 clock=monotonic
K230_CARD_BENCH v=1 run=33428534769785 event=present frame_id=421 t_ns=33442130805000 presented=1 clock=monotonic
K230_CARD_BENCH v=1 run=33428534769785 event=present frame_id=420 t_ns=33442092484000 presented=1 clock=monotonic
K230_CARD_BENCH v=1 run=33428534769785 event=present frame_id=419 t_ns=33442073323000 presented=1 clock=monotonic
K230_CARD_BENCH v=1 run=33428534769785 event=submit input_id=31 frame_id=419 t_ns=33442061604366 update_cpu_ns=15123280 final=1
K230_CARD_BENCH v=1 run=33428534769785 event=present frame_id=418 t_ns=33442035031000 presented=1 clock=monotonic
K230_CARD_BENCH v=1 run=33428534769785 event=input input_id=31 gesture_id=2 kind=release t_ns=33442032961247 source=injected
K230_CARD_SHELL state mode=1 actions=1 message=0 cards=1
K230_CARD_BENCH v=1 run=33428534769785 event=present frame_id=417 t_ns=33442015843000 presented=1 clock=monotonic
K230_CARD_BENCH v=1 run=33428534769785 event=present frame_id=416 t_ns=33441977519000 presented=1 clock=monotonic
K230_CARD_BENCH v=1 run=33428534769785 event=present frame_id=415 t_ns=33441939199000 presented=1 clock=monotonic
K230_CARD_BENCH v=1 run=33428534769785 event=submit input_id=30 frame_id=415 t_ns=33441921162130 update_cpu_ns=12699402 final=0
K230_CARD_BENCH v=1 run=33428534769785 event=present frame_id=414 t_ns=33441900879000 presented=1 clock=monotonic
K230_CARD_BENCH v=1 run=33428534769785 event=input input_id=30 gesture_id=2 kind=motion t_ns=33441901093229 source=injected
K230_CARD_SHELL state mode=2 actions=1 message=0 cards=1
K230_CARD_BENCH v=1 run=33428534769785 event=present frame_id=413 t_ns=33441862558000 presented=1 clock=monotonic
K230_CARD_BENCH v=1 run=33428534769785 event=present frame_id=412 t_ns=33441843397000 presented=1 clock=monotonic
K230_CARD_BENCH v=1 run=33428534769785 event=resource phase=active t_ns=33441831597033 cpu_ns=10245156000 memory_bytes=19693568 scope=session
K230_CARD_BENCH v=1 run=33428534769785 event=resource phase=active t_ns=33441831597033 cpu_ns=5422017381 memory_bytes=27570176 scope=compositor
K230_CARD_BENCH v=1 run=33428534769785 event=present frame_id=411 t_ns=33441805075000 presented=1 clock=monotonic
K230_CARD_BENCH v=1 run=33428534769785 event=submit input_id=29 frame_id=411 t_ns=33441803533082 update_cpu_ns=12801598 final=0
K230_CARD_BENCH v=1 run=33428534769785 event=present frame_id=410 t_ns=33441747593000 presented=1 clock=monotonic
K230_CARD_BENCH v=1 run=33428534769785 event=input input_id=29 gesture_id=2 kind=motion t_ns=33441738092094 source=injected
K230_CARD_SHELL state mode=2 actions=1 message=0 cards=1
K230_CARD_BENCH v=1 run=33428534769785 event=present frame_id=409 t_ns=33441690110000 presented=1 clock=monotonic
K230_CARD_BENCH v=1 run=33428534769785 event=present frame_id=408 t_ns=33441651789000 presented=1 clock=monotonic
K230_CARD_BENCH v=1 run=33428534769785 event=present frame_id=407 t_ns=33441613470000 presented=1 clock=monotonic
K230_CARD_BENCH v=1 run=33428534769785 event=present frame_id=406 t_ns=33441575148000 presented=1 clock=monotonic
K230_CARD_BENCH v=1 run=33428534769785 event=submit input_id=28 frame_id=406 t_ns=33441567545704 update_cpu_ns=13245719 final=0
K230_CARD_BENCH v=1 run=33428534769785 event=present frame_id=405 t_ns=33441536825000 presented=1 clock=monotonic
K230_CARD_BENCH v=1 run=33428534769785 event=input input_id=28 gesture_id=2 kind=motion t_ns=33441524431917 source=injected
K230_CARD_SHELL state mode=2 actions=1 message=0 cards=1
K230_CARD_BENCH v=1 run=33428534769785 event=present frame_id=404 t_ns=33441498504000 presented=1 clock=monotonic
K230_CARD_BENCH v=1 run=33428534769785 event=present frame_id=403 t_ns=33441460184000 presented=1 clock=monotonic
K230_CARD_BENCH v=1 run=33428534769785 event=present frame_id=402 t_ns=33441421872000 presented=1 clock=monotonic
K230_CARD_BENCH v=1 run=33428534769785 event=present frame_id=401 t_ns=33441383540000 presented=1 clock=monotonic
K230_CARD_BENCH v=1 run=33428534769785 event=submit input_id=27 frame_id=401 t_ns=33441371515208 update_cpu_ns=13781836 final=0
K230_CARD_BENCH v=1 run=33428534769785 event=present frame_id=400 t_ns=33441345220000 presented=1 clock=monotonic
K230_CARD_BENCH v=1 run=33428534769785 event=input input_id=27 gesture_id=2 kind=motion t_ns=33441332894173 source=injected
K230_CARD_SHELL state mode=2 actions=1 message=0 cards=1
K230_CARD_BENCH v=1 run=33428534769785 event=present frame_id=399 t_ns=33441306898000 presented=1 clock=monotonic
K230_CARD_BENCH v=1 run=33428534769785 event=present frame_id=398 t_ns=33441268577000 presented=1 clock=monotonic
K230_CARD_BENCH v=1 run=33428534769785 event=present frame_id=397 t_ns=33441230257000 presented=1 clock=monotonic
K230_CARD_BENCH v=1 run=33428534769785 event=submit input_id=26 frame_id=397 t_ns=33441222261831 update_cpu_ns=14201067 final=0
K230_CARD_BENCH v=1 run=33428534769785 event=present frame_id=396 t_ns=33441172774000 presented=1 clock=monotonic
K230_CARD_BENCH v=1 run=33428534769785 event=input input_id=26 gesture_id=2 kind=motion t_ns=33441164412942 source=injected
K230_CARD_SHELL state mode=2 actions=1 message=0 cards=1
K230_CARD_BENCH v=1 run=33428534769785 event=present frame_id=395 t_ns=33441115292000 presented=1 clock=monotonic
K230_CARD_BENCH v=1 run=33428534769785 event=present frame_id=394 t_ns=33441057810000 presented=1 clock=monotonic
K230_CARD_BENCH v=1 run=33428534769785 event=present frame_id=393 t_ns=33441038651000 presented=1 clock=monotonic
K230_CARD_BENCH v=1 run=33428534769785 event=present frame_id=392 t_ns=33441000328000 presented=1 clock=monotonic
K230_CARD_BENCH v=1 run=33428534769785 event=submit input_id=25 frame_id=392 t_ns=33440989589498 update_cpu_ns=14600732 final=0
K230_CARD_BENCH v=1 run=33428534769785 event=present frame_id=391 t_ns=33440962007000 presented=1 clock=monotonic
K230_CARD_BENCH v=1 run=33428534769785 event=input input_id=25 gesture_id=2 kind=motion t_ns=33440949882570 source=injected
K230_CARD_SHELL state mode=2 actions=1 message=0 cards=1
K230_CARD_BENCH v=1 run=33428534769785 event=present frame_id=390 t_ns=33440904525000 presented=1 clock=monotonic
K230_CARD_BENCH v=1 run=33428534769785 event=present frame_id=389 t_ns=33440866204000 presented=1 clock=monotonic
K230_CARD_BENCH v=1 run=33428534769785 event=present frame_id=388 t_ns=33440827884000 presented=1 clock=monotonic
K230_CARD_BENCH v=1 run=33428534769785 event=resource phase=active t_ns=33440829381606 cpu_ns=9781560000 memory_bytes=19693568 scope=session
K230_CARD_BENCH v=1 run=33428534769785 event=resource phase=active t_ns=33440829381606 cpu_ns=5077253743 memory_bytes=27570176 scope=compositor
K230_CARD_BENCH v=1 run=33428534769785 event=present frame_id=387 t_ns=33440789561000 presented=1 clock=monotonic
K230_CARD_BENCH v=1 run=33428534769785 event=submit input_id=24 frame_id=387 t_ns=33440775613443 update_cpu_ns=14989607 final=0
K230_CARD_BENCH v=1 run=33428534769785 event=present frame_id=386 t_ns=33440751241000 presented=1 clock=monotonic
K230_CARD_BENCH v=1 run=33428534769785 event=input input_id=24 gesture_id=2 kind=motion t_ns=33440749483172 source=injected
K230_CARD_SHELL state mode=2 actions=1 message=0 cards=1
K230_CARD_SHELL live cards=1 commits=170 sampled=330 frame-done=330 output-presented=164
K230_CARD_BENCH v=1 run=33428534769785 event=present frame_id=385 t_ns=33440712920000 presented=1 clock=monotonic
K230_CARD_BENCH v=1 run=33428534769785 event=present frame_id=384 t_ns=33440674596000 presented=1 clock=monotonic
K230_CARD_BENCH v=1 run=33428534769785 event=present frame_id=383 t_ns=33440617115000 presented=1 clock=monotonic
K230_CARD_BENCH v=1 run=33428534769785 event=submit input_id=23 frame_id=383 t_ns=33440616496068 update_cpu_ns=15443561 final=0
K230_CARD_BENCH v=1 run=33428534769785 event=present frame_id=382 t_ns=33440578794000 presented=1 clock=monotonic
K230_CARD_BENCH v=1 run=33428534769785 event=input input_id=23 gesture_id=2 kind=motion t_ns=33440574967972 source=injected
K230_CARD_SHELL state mode=2 actions=1 message=0 cards=1
K230_CARD_BENCH v=1 run=33428534769785 event=present frame_id=381 t_ns=33440502153000 presented=1 clock=monotonic
K230_CARD_BENCH v=1 run=33428534769785 event=present frame_id=380 t_ns=33440463830000 presented=1 clock=monotonic
K230_CARD_BENCH v=1 run=33428534769785 event=present frame_id=379 t_ns=33440425509000 presented=1 clock=monotonic
K230_CARD_BENCH v=1 run=33428534769785 event=present frame_id=378 t_ns=33440387186000 presented=1 clock=monotonic
K230_CARD_BENCH v=1 run=33428534769785 event=submit input_id=22 frame_id=378 t_ns=33440382839425 update_cpu_ns=14903437 final=0
K230_CARD_BENCH v=1 run=33428534769785 event=present frame_id=377 t_ns=33440348865000 presented=1 clock=monotonic
K230_CARD_BENCH v=1 run=33428534769785 event=input input_id=22 gesture_id=2 kind=motion t_ns=33440336514439 source=injected
K230_CARD_SHELL state mode=2 actions=1 message=0 cards=1
K230_CARD_BENCH v=1 run=33428534769785 event=present frame_id=376 t_ns=33440310544000 presented=1 clock=monotonic
K230_CARD_BENCH v=1 run=33428534769785 event=present frame_id=375 t_ns=33440272224000 presented=1 clock=monotonic
K230_CARD_BENCH v=1 run=33428534769785 event=present frame_id=374 t_ns=33440233903000 presented=1 clock=monotonic
K230_CARD_BENCH v=1 run=33428534769785 event=present frame_id=373 t_ns=33440195580000 presented=1 clock=monotonic
K230_CARD_BENCH v=1 run=33428534769785 event=submit input_id=21 frame_id=373 t_ns=33440190017491 update_cpu_ns=15085080 final=0
K230_CARD_BENCH v=1 run=33428534769785 event=present frame_id=372 t_ns=33440157260000 presented=1 clock=monotonic
K230_CARD_BENCH v=1 run=33428534769785 event=input input_id=21 gesture_id=2 kind=motion t_ns=33440148398991 source=injected
K230_CARD_SHELL state mode=2 actions=1 message=0 cards=1
K230_CARD_BENCH v=1 run=33428534769785 event=present frame_id=371 t_ns=33440118937000 presented=1 clock=monotonic
K230_CARD_BENCH v=1 run=33428534769785 event=present frame_id=370 t_ns=33440080616000 presented=1 clock=monotonic
K230_CARD_BENCH v=1 run=33428534769785 event=present frame_id=369 t_ns=33440042297000 presented=1 clock=monotonic
K230_CARD_BENCH v=1 run=33428534769785 event=present frame_id=368 t_ns=33440003974000 presented=1 clock=monotonic
K230_CARD_BENCH v=1 run=33428534769785 event=submit input_id=20 frame_id=368 t_ns=33439998232748 update_cpu_ns=15260166 final=0
K230_CARD_BENCH v=1 run=33428534769785 event=present frame_id=367 t_ns=33439946493000 presented=1 clock=monotonic
K230_CARD_BENCH v=1 run=33428534769785 event=input input_id=20 gesture_id=2 kind=motion t_ns=33439945273855 source=injected
K230_CARD_SHELL state mode=2 actions=1 message=0 cards=1
K230_CARD_BENCH v=1 run=33428534769785 event=present frame_id=366 t_ns=33439889010000 presented=1 clock=monotonic
K230_CARD_BENCH v=1 run=33428534769785 event=present frame_id=365 t_ns=33439850689000 presented=1 clock=monotonic
K230_CARD_BENCH v=1 run=33428534769785 event=present frame_id=364 t_ns=33439812369000 presented=1 clock=monotonic
K230_CARD_BENCH v=1 run=33428534769785 event=resource phase=active t_ns=33439813135096 cpu_ns=9289265000 memory_bytes=19689472 scope=session
K230_CARD_BENCH v=1 run=33428534769785 event=resource phase=active t_ns=33439813135096 cpu_ns=4704319708 memory_bytes=27570176 scope=compositor
K230_CARD_BENCH v=1 run=33428534769785 event=submit input_id=19 frame_id=364 t_ns=33439809044369 update_cpu_ns=14975334 final=0
K230_CARD_BENCH v=1 run=33428534769785 event=present frame_id=363 t_ns=33439774048000 presented=1 clock=monotonic
K230_CARD_BENCH v=1 run=33428534769785 event=input input_id=19 gesture_id=2 kind=motion t_ns=33439768424764 source=injected
K230_CARD_SHELL state mode=2 actions=1 message=0 cards=1
K230_CARD_BENCH v=1 run=33428534769785 event=present frame_id=362 t_ns=33439735725000 presented=1 clock=monotonic
K230_CARD_BENCH v=1 run=33428534769785 event=present frame_id=361 t_ns=33439697405000 presented=1 clock=monotonic
K230_CARD_BENCH v=1 run=33428534769785 event=present frame_id=360 t_ns=33439659083000 presented=1 clock=monotonic
K230_CARD_BENCH v=1 run=33428534769785 event=submit input_id=18 frame_id=360 t_ns=33439644421011 update_cpu_ns=14817063 final=0
K230_CARD_BENCH v=1 run=33428534769785 event=present frame_id=359 t_ns=33439620763000 presented=1 clock=monotonic
K230_CARD_BENCH v=1 run=33428534769785 event=input input_id=18 gesture_id=2 kind=motion t_ns=33439615017912 source=injected
K230_CARD_SHELL state mode=2 actions=1 message=0 cards=1
K230_CARD_BENCH v=1 run=33428534769785 event=present frame_id=358 t_ns=33439582440000 presented=1 clock=monotonic
K230_CARD_BENCH v=1 run=33428534769785 event=present frame_id=357 t_ns=33439544119000 presented=1 clock=monotonic
K230_CARD_BENCH v=1 run=33428534769785 event=present frame_id=356 t_ns=33439505797000 presented=1 clock=monotonic
K230_CARD_BENCH v=1 run=33428534769785 event=present frame_id=355 t_ns=33439467476000 presented=1 clock=monotonic
K230_CARD_BENCH v=1 run=33428534769785 event=submit input_id=17 frame_id=355 t_ns=33439460895897 update_cpu_ns=14872903 final=0
K230_CARD_BENCH v=1 run=33428534769785 event=present frame_id=354 t_ns=33439429155000 presented=1 clock=monotonic
K230_CARD_BENCH v=1 run=33428534769785 event=input input_id=17 gesture_id=2 kind=motion t_ns=33439424416571 source=injected
K230_CARD_SHELL state mode=2 actions=1 message=0 cards=1
K230_CARD_BENCH v=1 run=33428534769785 event=present frame_id=353 t_ns=33439390833000 presented=1 clock=monotonic
K230_CARD_BENCH v=1 run=33428534769785 event=present frame_id=352 t_ns=33439333353000 presented=1 clock=monotonic
K230_CARD_BENCH v=1 run=33428534769785 event=present frame_id=351 t_ns=33439275871000 presented=1 clock=monotonic
K230_CARD_BENCH v=1 run=33428534769785 event=present frame_id=350 t_ns=33439237549000 presented=1 clock=monotonic
K230_CARD_BENCH v=1 run=33428534769785 event=submit input_id=16 frame_id=350 t_ns=33439233699271 update_cpu_ns=14954091 final=0
K230_CARD_BENCH v=1 run=33428534769785 event=present frame_id=349 t_ns=33439199228000 presented=1 clock=monotonic
K230_CARD_BENCH v=1 run=33428534769785 event=input input_id=16 gesture_id=2 kind=motion t_ns=33439198991705 source=injected
K230_CARD_SHELL state mode=2 actions=1 message=0 cards=1
K230_CARD_BENCH v=1 run=33428534769785 event=present frame_id=348 t_ns=33439160906000 presented=1 clock=monotonic
K230_CARD_BENCH v=1 run=33428534769785 event=present frame_id=347 t_ns=33439122583000 presented=1 clock=monotonic
K230_CARD_BENCH v=1 run=33428534769785 event=present frame_id=346 t_ns=33439084264000 presented=1 clock=monotonic
K230_CARD_BENCH v=1 run=33428534769785 event=submit input_id=15 frame_id=346 t_ns=33439068545260 update_cpu_ns=15031556 final=0
K230_CARD_BENCH v=1 run=33428534769785 event=present frame_id=345 t_ns=33439045942000 presented=1 clock=monotonic
K230_CARD_BENCH v=1 run=33428534769785 event=input input_id=15 gesture_id=2 kind=motion t_ns=33439037168296 source=injected
K230_CARD_SHELL state mode=2 actions=1 message=0 cards=1
K230_CARD_BENCH v=1 run=33428534769785 event=present frame_id=344 t_ns=33439007620000 presented=1 clock=monotonic
K230_CARD_BENCH v=1 run=33428534769785 event=present frame_id=343 t_ns=33438969299000 presented=1 clock=monotonic
K230_CARD_BENCH v=1 run=33428534769785 event=present frame_id=342 t_ns=33438930979000 presented=1 clock=monotonic
K230_CARD_BENCH v=1 run=33428534769785 event=present frame_id=341 t_ns=33438892657000 presented=1 clock=monotonic
K230_CARD_BENCH v=1 run=33428534769785 event=submit input_id=14 frame_id=341 t_ns=33438886091521 update_cpu_ns=14756139 final=0
K230_CARD_BENCH v=1 run=33428534769785 event=present frame_id=340 t_ns=33438854335000 presented=1 clock=monotonic
K230_CARD_BENCH v=1 run=33428534769785 event=input input_id=14 gesture_id=2 kind=motion t_ns=33438852530883 source=injected
K230_CARD_SHELL state mode=2 actions=1 message=0 cards=1
K230_CARD_BENCH v=1 run=33428534769785 event=present frame_id=339 t_ns=33438816034000 presented=1 clock=monotonic
K230_CARD_BENCH v=1 run=33428534769785 event=present frame_id=338 t_ns=33438777692000 presented=1 clock=monotonic
K230_CARD_BENCH v=1 run=33428534769785 event=resource phase=active t_ns=33438778001280 cpu_ns=8762682000 memory_bytes=19685376 scope=session
K230_CARD_BENCH v=1 run=33428534769785 event=resource phase=active t_ns=33438778001280 cpu_ns=4303984772 memory_bytes=27570176 scope=compositor
K230_CARD_BENCH v=1 run=33428534769785 event=present frame_id=337 t_ns=33438720212000 presented=1 clock=monotonic
K230_CARD_BENCH v=1 run=33428534769785 event=present frame_id=336 t_ns=33438662732000 presented=1 clock=monotonic
K230_CARD_BENCH v=1 run=33428534769785 event=submit input_id=13 frame_id=336 t_ns=33438648392028 update_cpu_ns=14885578 final=0
K230_CARD_BENCH v=1 run=33428534769785 event=present frame_id=335 t_ns=33438624407000 presented=1 clock=monotonic
K230_CARD_BENCH v=1 run=33428534769785 event=input input_id=13 gesture_id=2 kind=motion t_ns=33438622600892 source=injected
K230_CARD_SHELL state mode=2 actions=1 message=0 cards=1
K230_CARD_BENCH v=1 run=33428534769785 event=present frame_id=334 t_ns=33438586087000 presented=1 clock=monotonic
K230_CARD_BENCH v=1 run=33428534769785 event=present frame_id=333 t_ns=33438547765000 presented=1 clock=monotonic
K230_CARD_BENCH v=1 run=33428534769785 event=present frame_id=332 t_ns=33438509446000 presented=1 clock=monotonic
K230_CARD_SHELL live cards=1 commits=116 sampled=222 frame-done=222 output-presented=110
K230_CARD_BENCH v=1 run=33428534769785 event=submit input_id=12 frame_id=332 t_ns=33438493641619 update_cpu_ns=15197469 final=0
K230_CARD_BENCH v=1 run=33428534769785 event=present frame_id=331 t_ns=33438471122000 presented=1 clock=monotonic
K230_CARD_BENCH v=1 run=33428534769785 event=input input_id=12 gesture_id=2 kind=motion t_ns=33438460446488 source=injected
K230_CARD_SHELL state mode=2 actions=1 message=0 cards=1
K230_CARD_BENCH v=1 run=33428534769785 event=present frame_id=330 t_ns=33438432801000 presented=1 clock=monotonic
K230_CARD_BENCH v=1 run=33428534769785 event=present frame_id=329 t_ns=33438394481000 presented=1 clock=monotonic
K230_CARD_BENCH v=1 run=33428534769785 event=present frame_id=328 t_ns=33438356159000 presented=1 clock=monotonic
K230_CARD_BENCH v=1 run=33428534769785 event=present frame_id=327 t_ns=33438317837000 presented=1 clock=monotonic
K230_CARD_BENCH v=1 run=33428534769785 event=submit input_id=11 frame_id=327 t_ns=33438303363929 update_cpu_ns=14844034 final=0
K230_CARD_BENCH v=1 run=33428534769785 event=present frame_id=326 t_ns=33438279516000 presented=1 clock=monotonic
K230_CARD_BENCH v=1 run=33428534769785 event=input input_id=11 gesture_id=2 kind=motion t_ns=33438269884250 source=injected
K230_CARD_SHELL state mode=2 actions=1 message=0 cards=1
K230_CARD_BENCH v=1 run=33428534769785 event=present frame_id=325 t_ns=33438241196000 presented=1 clock=monotonic
K230_CARD_BENCH v=1 run=33428534769785 event=present frame_id=324 t_ns=33438202872000 presented=1 clock=monotonic
K230_CARD_BENCH v=1 run=33428534769785 event=present frame_id=323 t_ns=33438164552000 presented=1 clock=monotonic
K230_CARD_SHELL state mode=2 actions=1 message=0 cards=1
K230_CARD_BENCH v=1 run=33428534769785 event=present frame_id=322 t_ns=33438107070000 presented=1 clock=monotonic
K230_CARD_BENCH v=1 run=33428534769785 event=present frame_id=321 t_ns=33438049587000 presented=1 clock=monotonic
K230_CARD_BENCH v=1 run=33428534769785 event=present frame_id=320 t_ns=33438011268000 presented=1 clock=monotonic
K230_CARD_BENCH v=1 run=33428534769785 event=present frame_id=319 t_ns=33437972945000 presented=1 clock=monotonic
K230_CARD_BENCH v=1 run=33428534769785 event=present frame_id=318 t_ns=33437934626000 presented=1 clock=monotonic
K230_CARD_BENCH v=1 run=33428534769785 event=present frame_id=317 t_ns=33437896303000 presented=1 clock=monotonic
K230_CARD_BENCH v=1 run=33428534769785 event=present frame_id=316 t_ns=33437857983000 presented=1 clock=monotonic
K230_CARD_BENCH v=1 run=33428534769785 event=present frame_id=315 t_ns=33437819660000 presented=1 clock=monotonic
K230_CARD_BENCH v=1 run=33428534769785 event=present frame_id=314 t_ns=33437781338000 presented=1 clock=monotonic
K230_CARD_BENCH v=1 run=33428534769785 event=present frame_id=313 t_ns=33437762178000 presented=1 clock=monotonic
K230_CARD_BENCH v=1 run=33428534769785 event=present frame_id=312 t_ns=33437723857000 presented=1 clock=monotonic
K230_CARD_BENCH v=1 run=33428534769785 event=resource phase=active t_ns=33437723597352 cpu_ns=8226965000 memory_bytes=19685376 scope=session
K230_CARD_BENCH v=1 run=33428534769785 event=resource phase=active t_ns=33437723597352 cpu_ns=3905262981 memory_bytes=27570176 scope=compositor
K230_CARD_BENCH v=1 run=33428534769785 event=present frame_id=311 t_ns=33437704696000 presented=1 clock=monotonic
K230_CARD_BENCH v=1 run=33428534769785 event=present frame_id=310 t_ns=33437666373000 presented=1 clock=monotonic
K230_CARD_BENCH v=1 run=33428534769785 event=present frame_id=309 t_ns=33437647214000 presented=1 clock=monotonic
K230_CARD_BENCH v=1 run=33428534769785 event=present frame_id=308 t_ns=33437608894000 presented=1 clock=monotonic
K230_CARD_BENCH v=1 run=33428534769785 event=present frame_id=307 t_ns=33437589732000 presented=1 clock=monotonic
K230_CARD_BENCH v=1 run=33428534769785 event=present frame_id=306 t_ns=33437551419000 presented=1 clock=monotonic
K230_CARD_BENCH v=1 run=33428534769785 event=present frame_id=305 t_ns=33437493929000 presented=1 clock=monotonic
K230_CARD_BENCH v=1 run=33428534769785 event=present frame_id=304 t_ns=33437474768000 presented=1 clock=monotonic
K230_CARD_BENCH v=1 run=33428534769785 event=present frame_id=303 t_ns=33437436447000 presented=1 clock=monotonic
K230_CARD_BENCH v=1 run=33428534769785 event=present frame_id=302 t_ns=33437417286000 presented=1 clock=monotonic
K230_CARD_BENCH v=1 run=33428534769785 event=present frame_id=301 t_ns=33437378963000 presented=1 clock=monotonic
K230_CARD_BENCH v=1 run=33428534769785 event=present frame_id=300 t_ns=33437359804000 presented=1 clock=monotonic
K230_CARD_BENCH v=1 run=33428534769785 event=present frame_id=299 t_ns=33437321483000 presented=1 clock=monotonic
K230_CARD_BENCH v=1 run=33428534769785 event=present frame_id=298 t_ns=33437302342000 presented=1 clock=monotonic
K230_CARD_BENCH v=1 run=33428534769785 event=present frame_id=297 t_ns=33437263999000 presented=1 clock=monotonic
K230_CARD_BENCH v=1 run=33428534769785 event=present frame_id=296 t_ns=33437244840000 presented=1 clock=monotonic
K230_CARD_BENCH v=1 run=33428534769785 event=present frame_id=295 t_ns=33437206518000 presented=1 clock=monotonic
K230_CARD_BENCH v=1 run=33428534769785 event=present frame_id=294 t_ns=33437187359000 presented=1 clock=monotonic
K230_CARD_BENCH v=1 run=33428534769785 event=present frame_id=293 t_ns=33437149037000 presented=1 clock=monotonic
K230_CARD_BENCH v=1 run=33428534769785 event=present frame_id=292 t_ns=33437129876000 presented=1 clock=monotonic
K230_CARD_BENCH v=1 run=33428534769785 event=present frame_id=291 t_ns=33437091554000 presented=1 clock=monotonic
K230_CARD_BENCH v=1 run=33428534769785 event=present frame_id=290 t_ns=33437072395000 presented=1 clock=monotonic
K230_CARD_BENCH v=1 run=33428534769785 event=present frame_id=289 t_ns=33437034072000 presented=1 clock=monotonic
K230_CARD_BENCH v=1 run=33428534769785 event=present frame_id=288 t_ns=33437014913000 presented=1 clock=monotonic
K230_CARD_BENCH v=1 run=33428534769785 event=present frame_id=287 t_ns=33436957431000 presented=1 clock=monotonic
K230_CARD_BENCH v=1 run=33428534769785 event=present frame_id=286 t_ns=33436919109000 presented=1 clock=monotonic
K230_CARD_BENCH v=1 run=33428534769785 event=present frame_id=285 t_ns=33436880787000 presented=1 clock=monotonic
K230_CARD_BENCH v=1 run=33428534769785 event=present frame_id=284 t_ns=33436861628000 presented=1 clock=monotonic
K230_CARD_BENCH v=1 run=33428534769785 event=present frame_id=283 t_ns=33436823305000 presented=1 clock=monotonic
K230_CARD_BENCH v=1 run=33428534769785 event=present frame_id=282 t_ns=33436804146000 presented=1 clock=monotonic
K230_CARD_BENCH v=1 run=33428534769785 event=present frame_id=281 t_ns=33436765824000 presented=1 clock=monotonic
K230_CARD_BENCH v=1 run=33428534769785 event=present frame_id=280 t_ns=33436746664000 presented=1 clock=monotonic
K230_CARD_BENCH v=1 run=33428534769785 event=present frame_id=279 t_ns=33436689182000 presented=1 clock=monotonic
K230_CARD_BENCH v=1 run=33428534769785 event=resource phase=active t_ns=33436689507359 cpu_ns=7563704000 memory_bytes=21102592 scope=session
K230_CARD_BENCH v=1 run=33428534769785 event=resource phase=active t_ns=33436689507359 cpu_ns=3408424935 memory_bytes=28966912 scope=compositor
K230_CARD_BENCH v=1 run=33428534769785 event=present frame_id=278 t_ns=33436650861000 presented=1 clock=monotonic
K230_CARD_BENCH v=1 run=33428534769785 event=present frame_id=277 t_ns=33436593380000 presented=1 clock=monotonic
K230_CARD_BENCH v=1 run=33428534769785 event=present frame_id=276 t_ns=33436555058000 presented=1 clock=monotonic
K230_CARD_BENCH v=1 run=33428534769785 event=present frame_id=275 t_ns=33436497576000 presented=1 clock=monotonic
K230_CARD_SHELL live cards=1 commits=56 sampled=108 frame-done=108 output-presented=53
K230_CARD_BENCH v=1 run=33428534769785 event=present frame_id=274 t_ns=33436459255000 presented=1 clock=monotonic
K230_CARD_BENCH v=1 run=33428534769785 event=present frame_id=273 t_ns=33436382613000 presented=1 clock=monotonic
K230_CARD_BENCH v=1 run=33428534769785 event=present frame_id=272 t_ns=33436344291000 presented=1 clock=monotonic
K230_CARD_BENCH v=1 run=33428534769785 event=present frame_id=271 t_ns=33436305971000 presented=1 clock=monotonic
K230_CARD_BENCH v=1 run=33428534769785 event=present frame_id=270 t_ns=33436267646000 presented=1 clock=monotonic
K230_CARD_BENCH v=1 run=33428534769785 event=present frame_id=269 t_ns=33436248486000 presented=1 clock=monotonic
K230_CARD_BENCH v=1 run=33428534769785 event=present frame_id=268 t_ns=33436210166000 presented=1 clock=monotonic
K230_CARD_BENCH v=1 run=33428534769785 event=present frame_id=267 t_ns=33436191005000 presented=1 clock=monotonic
K230_CARD_BENCH v=1 run=33428534769785 event=present frame_id=266 t_ns=33436152682000 presented=1 clock=monotonic
K230_CARD_BENCH v=1 run=33428534769785 event=present frame_id=265 t_ns=33436133523000 presented=1 clock=monotonic
K230_CARD_BENCH v=1 run=33428534769785 event=present frame_id=264 t_ns=33436095200000 presented=1 clock=monotonic
K230_CARD_BENCH v=1 run=33428534769785 event=present frame_id=263 t_ns=33436076043000 presented=1 clock=monotonic
K230_CARD_BENCH v=1 run=33428534769785 event=present frame_id=262 t_ns=33436037719000 presented=1 clock=monotonic
K230_CARD_BENCH v=1 run=33428534769785 event=present frame_id=261 t_ns=33436018559000 presented=1 clock=monotonic
K230_CARD_BENCH v=1 run=33428534769785 event=present frame_id=260 t_ns=33435980239000 presented=1 clock=monotonic
K230_CARD_BENCH v=1 run=33428534769785 event=submit input_id=10 frame_id=260 t_ns=33435976732515 update_cpu_ns=14482728 final=1
K230_CARD_BENCH v=1 run=33428534769785 event=present frame_id=259 t_ns=33435961078000 presented=1 clock=monotonic
K230_CARD_BENCH v=1 run=33428534769785 event=input input_id=10 gesture_id=1 kind=release t_ns=33435946871650 source=injected
K230_CARD_BENCH v=1 run=33428534769785 event=present frame_id=258 t_ns=33435922756000 presented=1 clock=monotonic
K230_CARD_BENCH v=1 run=33428534769785 event=present frame_id=257 t_ns=33435884436000 presented=1 clock=monotonic
K230_CARD_BENCH v=1 run=33428534769785 event=submit input_id=9 frame_id=257 t_ns=33435869119804 update_cpu_ns=14646498 final=0
K230_CARD_BENCH v=1 run=33428534769785 event=present frame_id=256 t_ns=33435826954000 presented=1 clock=monotonic
K230_CARD_BENCH v=1 run=33428534769785 event=input input_id=9 gesture_id=1 kind=motion t_ns=33435823035027 source=injected
K230_CARD_BENCH v=1 run=33428534769785 event=present frame_id=255 t_ns=33435750312000 presented=1 clock=monotonic
K230_CARD_BENCH v=1 run=33428534769785 event=present frame_id=254 t_ns=33435712002000 presented=1 clock=monotonic
K230_CARD_BENCH v=1 run=33428534769785 event=present frame_id=253 t_ns=33435673670000 presented=1 clock=monotonic
K230_CARD_BENCH v=1 run=33428534769785 event=resource phase=active t_ns=33435672335631 cpu_ns=7036114000 memory_bytes=19668992 scope=session
K230_CARD_BENCH v=1 run=33428534769785 event=resource phase=active t_ns=33435672335631 cpu_ns=3008888265 memory_bytes=27394048 scope=compositor
K230_CARD_BENCH v=1 run=33428534769785 event=submit input_id=8 frame_id=253 t_ns=33435658962483 update_cpu_ns=14620206 final=0
K230_CARD_BENCH v=1 run=33428534769785 event=present frame_id=252 t_ns=33435635346000 presented=1 clock=monotonic
K230_CARD_BENCH v=1 run=33428534769785 event=input input_id=8 gesture_id=1 kind=motion t_ns=33435631360770 source=injected
K230_CARD_BENCH v=1 run=33428534769785 event=present frame_id=251 t_ns=33435597028000 presented=1 clock=monotonic
K230_CARD_BENCH v=1 run=33428534769785 event=present frame_id=250 t_ns=33435558704000 presented=1 clock=monotonic
K230_CARD_BENCH v=1 run=33428534769785 event=present frame_id=249 t_ns=33435520384000 presented=1 clock=monotonic
K230_CARD_BENCH v=1 run=33428534769785 event=submit input_id=7 frame_id=249 t_ns=33435505421542 update_cpu_ns=14586761 final=0
K230_CARD_BENCH v=1 run=33428534769785 event=present frame_id=248 t_ns=33435482063000 presented=1 clock=monotonic
K230_CARD_BENCH v=1 run=33428534769785 event=input input_id=7 gesture_id=1 kind=motion t_ns=33435476783601 source=injected
K230_CARD_BENCH v=1 run=33428534769785 event=present frame_id=247 t_ns=33435443741000 presented=1 clock=monotonic
K230_CARD_BENCH v=1 run=33428534769785 event=present frame_id=246 t_ns=33435405426000 presented=1 clock=monotonic
K230_CARD_BENCH v=1 run=33428534769785 event=present frame_id=245 t_ns=33435367097000 presented=1 clock=monotonic
K230_CARD_BENCH v=1 run=33428534769785 event=present frame_id=244 t_ns=33435328776000 presented=1 clock=monotonic
K230_CARD_BENCH v=1 run=33428534769785 event=submit input_id=6 frame_id=244 t_ns=33435315699704 update_cpu_ns=14883385 final=0
K230_CARD_BENCH v=1 run=33428534769785 event=present frame_id=243 t_ns=33435290456000 presented=1 clock=monotonic
K230_CARD_BENCH v=1 run=33428534769785 event=input input_id=6 gesture_id=1 kind=motion t_ns=33435282937964 source=injected
K230_CARD_BENCH v=1 run=33428534769785 event=present frame_id=242 t_ns=33435213815000 presented=1 clock=monotonic
K230_CARD_BENCH v=1 run=33428534769785 event=present frame_id=241 t_ns=33435156332000 presented=1 clock=monotonic
K230_CARD_BENCH v=1 run=33428534769785 event=present frame_id=240 t_ns=33435118009000 presented=1 clock=monotonic
K230_CARD_BENCH v=1 run=33428534769785 event=submit input_id=5 frame_id=240 t_ns=33435102224185 update_cpu_ns=14564411 final=0
K230_CARD_BENCH v=1 run=33428534769785 event=present frame_id=239 t_ns=33435079689000 presented=1 clock=monotonic
K230_CARD_BENCH v=1 run=33428534769785 event=input input_id=5 gesture_id=1 kind=motion t_ns=33435065758706 source=injected
K230_CARD_BENCH v=1 run=33428534769785 event=present frame_id=238 t_ns=33435041367000 presented=1 clock=monotonic
K230_CARD_BENCH v=1 run=33428534769785 event=present frame_id=237 t_ns=33435003047000 presented=1 clock=monotonic
K230_CARD_BENCH v=1 run=33428534769785 event=present frame_id=236 t_ns=33434964725000 presented=1 clock=monotonic
K230_CARD_BENCH v=1 run=33428534769785 event=present frame_id=235 t_ns=33434926405000 presented=1 clock=monotonic
K230_CARD_BENCH v=1 run=33428534769785 event=submit input_id=4 frame_id=235 t_ns=33434912767007 update_cpu_ns=14490600 final=0
K230_CARD_BENCH v=1 run=33428534769785 event=present frame_id=234 t_ns=33434888083000 presented=1 clock=monotonic
K230_CARD_BENCH v=1 run=33428534769785 event=input input_id=4 gesture_id=1 kind=motion t_ns=33434884497314 source=injected
K230_CARD_BENCH v=1 run=33428534769785 event=present frame_id=233 t_ns=33434849761000 presented=1 clock=monotonic
K230_CARD_BENCH v=1 run=33428534769785 event=present frame_id=232 t_ns=33434811439000 presented=1 clock=monotonic
K230_CARD_BENCH v=1 run=33428534769785 event=present frame_id=231 t_ns=33434773117000 presented=1 clock=monotonic
K230_CARD_BENCH v=1 run=33428534769785 event=present frame_id=230 t_ns=33434734797000 presented=1 clock=monotonic
K230_CARD_BENCH v=1 run=33428534769785 event=submit input_id=3 frame_id=230 t_ns=33434728323785 update_cpu_ns=14402389 final=0
K230_CARD_BENCH v=1 run=33428534769785 event=present frame_id=229 t_ns=33434696476000 presented=1 clock=monotonic
K230_CARD_BENCH v=1 run=33428534769785 event=input input_id=3 gesture_id=1 kind=motion t_ns=33434688667699 source=injected
K230_CARD_BENCH v=1 run=33428534769785 event=present frame_id=228 t_ns=33434658161000 presented=1 clock=monotonic
K230_CARD_BENCH v=1 run=33428534769785 event=resource phase=active t_ns=33434647661690 cpu_ns=6517497000 memory_bytes=19668992 scope=session
K230_CARD_BENCH v=1 run=33428534769785 event=resource phase=active t_ns=33434647661690 cpu_ns=2622411995 memory_bytes=27394048 scope=compositor
K230_CARD_BENCH v=1 run=33428534769785 event=present frame_id=227 t_ns=33434581512000 presented=1 clock=monotonic
K230_CARD_BENCH v=1 run=33428534769785 event=submit input_id=2 frame_id=227 t_ns=33434573572246 update_cpu_ns=14832687 final=0
K230_CARD_BENCH v=1 run=33428534769785 event=present frame_id=226 t_ns=33434524033000 presented=1 clock=monotonic
K230_CARD_BENCH v=1 run=33428534769785 event=input input_id=2 gesture_id=1 kind=motion t_ns=33434508429048 source=injected
K230_CARD_BENCH v=1 run=33428534769785 event=present frame_id=225 t_ns=33434466548000 presented=1 clock=monotonic
K230_CARD_BENCH v=1 run=33428534769785 event=present frame_id=224 t_ns=33434447388000 presented=1 clock=monotonic
K230_CARD_BENCH v=1 run=33428534769785 event=present frame_id=223 t_ns=33434409065000 presented=1 clock=monotonic
K230_CARD_BENCH v=1 run=33428534769785 event=present frame_id=222 t_ns=33434370748000 presented=1 clock=monotonic
K230_CARD_BENCH v=1 run=33428534769785 event=submit input_id=1 frame_id=222 t_ns=33434368783751 update_cpu_ns=49107169 final=0
K230_CARD_BENCH v=1 run=33428534769785 event=input input_id=1 gesture_id=1 kind=motion t_ns=33434281843181 source=injected
K230_CARD_SHELL state mode=1 actions=35 message=0 cards=1
K230_CARD_SHELL mirror id=7 format=34325258 width=128 height=96 stride=512
K230_CARD_SHELL mirror id=7 format=34325258 width=520 height=1040 stride=2080
K230_CARD_BENCH v=1 run=33428534769785 event=session t_ns=33434281847514 clock=monotonic backend=drm renderer=pixman width=568 height=1232 output_format=RGB565 input=injected cards=1
K230_CARD_BENCH v=1 run=33428534769785 event=present frame_id=221 t_ns=33434274943000 presented=1 clock=monotonic
K230_CARD_BENCH v=1 run=33428534769785 event=present frame_id=220 t_ns=33434236621000 presented=1 clock=monotonic
K230_CARD_BENCH v=1 run=33428534769785 event=present frame_id=219 t_ns=33434217460000 presented=1 clock=monotonic
K230_CARD_BENCH v=1 run=33428534769785 event=present frame_id=218 t_ns=33434179137000 presented=1 clock=monotonic
K230_CARD_BENCH v=1 run=33428534769785 event=present frame_id=217 t_ns=33434140816000 presented=1 clock=monotonic
K230_CARD_BENCH v=1 run=33428534769785 event=present frame_id=216 t_ns=33434102495000 presented=1 clock=monotonic
K230_CARD_BENCH v=1 run=33428534769785 event=present frame_id=215 t_ns=33434064174000 presented=1 clock=monotonic
K230_CARD_BENCH v=1 run=33428534769785 event=present frame_id=214 t_ns=33434045013000 presented=1 clock=monotonic
K230_CARD_BENCH v=1 run=33428534769785 event=present frame_id=213 t_ns=33433968372000 presented=1 clock=monotonic
K230_CARD_BENCH v=1 run=33428534769785 event=present frame_id=212 t_ns=33433910888000 presented=1 clock=monotonic
K230_CARD_BENCH v=1 run=33428534769785 event=present frame_id=211 t_ns=33433891730000 presented=1 clock=monotonic
K230_CARD_BENCH v=1 run=33428534769785 event=present frame_id=210 t_ns=33433853406000 presented=1 clock=monotonic
K230_CARD_BENCH v=1 run=33428534769785 event=present frame_id=209 t_ns=33433815085000 presented=1 clock=monotonic
K230_CARD_BENCH v=1 run=33428534769785 event=present frame_id=208 t_ns=33433776764000 presented=1 clock=monotonic
K230_CARD_BENCH v=1 run=33428534769785 event=present frame_id=207 t_ns=33433757604000 presented=1 clock=monotonic
K230_CARD_BENCH v=1 run=33428534769785 event=present frame_id=206 t_ns=33433719283000 presented=1 clock=monotonic
K230_CARD_BENCH v=1 run=33428534769785 event=present frame_id=205 t_ns=33433680960000 presented=1 clock=monotonic
K230_CARD_BENCH v=1 run=33428534769785 event=present frame_id=204 t_ns=33433661800000 presented=1 clock=monotonic
K230_CARD_BENCH v=1 run=33428534769785 event=present frame_id=203 t_ns=33433623478000 presented=1 clock=monotonic
K230_CARD_BENCH v=1 run=33428534769785 event=resource phase=baseline t_ns=33433613118646 cpu_ns=5992212000 memory_bytes=19222528 scope=session
K230_CARD_BENCH v=1 run=33428534769785 event=resource phase=baseline t_ns=33433613118646 cpu_ns=2309527847 memory_bytes=26869760 scope=compositor
K230_CARD_BENCH v=1 run=33428534769785 event=present frame_id=202 t_ns=33433585158000 presented=1 clock=monotonic
K230_CARD_BENCH v=1 run=33428534769785 event=present frame_id=201 t_ns=33433546836000 presented=1 clock=monotonic
K230_CARD_BENCH v=1 run=33428534769785 event=present frame_id=200 t_ns=33433508515000 presented=1 clock=monotonic
K230_CARD_BENCH v=1 run=33428534769785 event=present frame_id=199 t_ns=33433489355000 presented=1 clock=monotonic
K230_CARD_BENCH v=1 run=33428534769785 event=present frame_id=198 t_ns=33433451033000 presented=1 clock=monotonic
K230_CARD_BENCH v=1 run=33428534769785 event=present frame_id=197 t_ns=33433393551000 presented=1 clock=monotonic
K230_CARD_BENCH v=1 run=33428534769785 event=present frame_id=196 t_ns=33433336072000 presented=1 clock=monotonic
K230_CARD_BENCH v=1 run=33428534769785 event=present frame_id=195 t_ns=33433297747000 presented=1 clock=monotonic
K230_CARD_BENCH v=1 run=33428534769785 event=present frame_id=194 t_ns=33433259426000 presented=1 clock=monotonic
K230_CARD_BENCH v=1 run=33428534769785 event=present frame_id=193 t_ns=33433240268000 presented=1 clock=monotonic
K230_CARD_BENCH v=1 run=33428534769785 event=present frame_id=192 t_ns=33433201946000 presented=1 clock=monotonic
K230_CARD_BENCH v=1 run=33428534769785 event=present frame_id=191 t_ns=33433163623000 presented=1 clock=monotonic
K230_CARD_BENCH v=1 run=33428534769785 event=present frame_id=190 t_ns=33433125302000 presented=1 clock=monotonic
K230_CARD_BENCH v=1 run=33428534769785 event=present frame_id=189 t_ns=33433086982000 presented=1 clock=monotonic
K230_CARD_BENCH v=1 run=33428534769785 event=present frame_id=188 t_ns=33433067820000 presented=1 clock=monotonic
K230_CARD_BENCH v=1 run=33428534769785 event=present frame_id=187 t_ns=33433029498000 presented=1 clock=monotonic
K230_CARD_BENCH v=1 run=33428534769785 event=present frame_id=186 t_ns=33432991178000 presented=1 clock=monotonic
K230_CARD_BENCH v=1 run=33428534769785 event=present frame_id=185 t_ns=33432952856000 presented=1 clock=monotonic
K230_CARD_BENCH v=1 run=33428534769785 event=present frame_id=184 t_ns=33432933696000 presented=1 clock=monotonic
K230_CARD_BENCH v=1 run=33428534769785 event=present frame_id=183 t_ns=33432895376000 presented=1 clock=monotonic
K230_CARD_BENCH v=1 run=33428534769785 event=present frame_id=182 t_ns=33432857054000 presented=1 clock=monotonic
K230_CARD_BENCH v=1 run=33428534769785 event=present frame_id=181 t_ns=33432818731000 presented=1 clock=monotonic
K230_CARD_BENCH v=1 run=33428534769785 event=present frame_id=180 t_ns=33432780410000 presented=1 clock=monotonic
K230_CARD_BENCH v=1 run=33428534769785 event=present frame_id=179 t_ns=33432722927000 presented=1 clock=monotonic
K230_CARD_BENCH v=1 run=33428534769785 event=present frame_id=178 t_ns=33432684608000 presented=1 clock=monotonic
K230_CARD_BENCH v=1 run=33428534769785 event=present frame_id=177 t_ns=33432627124000 presented=1 clock=monotonic
K230_CARD_BENCH v=1 run=33428534769785 event=present frame_id=176 t_ns=33432607965000 presented=1 clock=monotonic
K230_CARD_BENCH v=1 run=33428534769785 event=resource phase=baseline t_ns=33432592154302 cpu_ns=5472171000 memory_bytes=19218432 scope=session
K230_CARD_BENCH v=1 run=33428534769785 event=resource phase=baseline t_ns=33432592154302 cpu_ns=2055781899 memory_bytes=26869760 scope=compositor
K230_CARD_BENCH v=1 run=33428534769785 event=present frame_id=175 t_ns=33432550482000 presented=1 clock=monotonic
K230_CARD_BENCH v=1 run=33428534769785 event=present frame_id=174 t_ns=33432531322000 presented=1 clock=monotonic
K230_CARD_BENCH v=1 run=33428534769785 event=present frame_id=173 t_ns=33432493000000 presented=1 clock=monotonic
K230_CARD_BENCH v=1 run=33428534769785 event=present frame_id=172 t_ns=33432473840000 presented=1 clock=monotonic
K230_CARD_BENCH v=1 run=33428534769785 event=present frame_id=171 t_ns=33432435518000 presented=1 clock=monotonic
K230_CARD_BENCH v=1 run=33428534769785 event=present frame_id=170 t_ns=33432397196000 presented=1 clock=monotonic
K230_CARD_BENCH v=1 run=33428534769785 event=present frame_id=169 t_ns=33432358876000 presented=1 clock=monotonic
K230_CARD_BENCH v=1 run=33428534769785 event=present frame_id=168 t_ns=33432339716000 presented=1 clock=monotonic
K230_CARD_BENCH v=1 run=33428534769785 event=present frame_id=167 t_ns=33432301394000 presented=1 clock=monotonic
K230_CARD_BENCH v=1 run=33428534769785 event=present frame_id=166 t_ns=33432263073000 presented=1 clock=monotonic
K230_CARD_BENCH v=1 run=33428534769785 event=present frame_id=165 t_ns=33432243912000 presented=1 clock=monotonic
K230_CARD_BENCH v=1 run=33428534769785 event=present frame_id=164 t_ns=33432205591000 presented=1 clock=monotonic
K230_CARD_BENCH v=1 run=33428534769785 event=present frame_id=163 t_ns=33432128948000 presented=1 clock=monotonic
K230_CARD_BENCH v=1 run=33428534769785 event=present frame_id=162 t_ns=33432090628000 presented=1 clock=monotonic
K230_CARD_BENCH v=1 run=33428534769785 event=present frame_id=161 t_ns=33432052307000 presented=1 clock=monotonic
K230_CARD_BENCH v=1 run=33428534769785 event=present frame_id=160 t_ns=33432013984000 presented=1 clock=monotonic
K230_CARD_BENCH v=1 run=33428534769785 event=present frame_id=159 t_ns=33431994824000 presented=1 clock=monotonic
K230_CARD_BENCH v=1 run=33428534769785 event=present frame_id=158 t_ns=33431956504000 presented=1 clock=monotonic
K230_CARD_BENCH v=1 run=33428534769785 event=present frame_id=157 t_ns=33431918181000 presented=1 clock=monotonic
K230_CARD_BENCH v=1 run=33428534769785 event=present frame_id=156 t_ns=33431879858000 presented=1 clock=monotonic
K230_CARD_BENCH v=1 run=33428534769785 event=present frame_id=155 t_ns=33431860699000 presented=1 clock=monotonic
K230_CARD_BENCH v=1 run=33428534769785 event=present frame_id=154 t_ns=33431822378000 presented=1 clock=monotonic
K230_CARD_BENCH v=1 run=33428534769785 event=present frame_id=153 t_ns=33431784057000 presented=1 clock=monotonic
K230_CARD_BENCH v=1 run=33428534769785 event=present frame_id=152 t_ns=33431745745000 presented=1 clock=monotonic
K230_CARD_BENCH v=1 run=33428534769785 event=present frame_id=151 t_ns=33431726573000 presented=1 clock=monotonic
K230_CARD_BENCH v=1 run=33428534769785 event=present frame_id=150 t_ns=33431707413000 presented=1 clock=monotonic
K230_CARD_BENCH v=1 run=33428534769785 event=present frame_id=149 t_ns=33431669092000 presented=1 clock=monotonic
K230_CARD_BENCH v=1 run=33428534769785 event=present frame_id=148 t_ns=33431649931000 presented=1 clock=monotonic
K230_CARD_BENCH v=1 run=33428534769785 event=present frame_id=147 t_ns=33431630770000 presented=1 clock=monotonic
K230_CARD_BENCH v=1 run=33428534769785 event=present frame_id=146 t_ns=33431611610000 presented=1 clock=monotonic
K230_CARD_BENCH v=1 run=33428534769785 event=present frame_id=145 t_ns=33431573292000 presented=1 clock=monotonic
K230_CARD_BENCH v=1 run=33428534769785 event=resource phase=baseline t_ns=33431572189968 cpu_ns=4878622000 memory_bytes=19218432 scope=session
K230_CARD_BENCH v=1 run=33428534769785 event=resource phase=baseline t_ns=33431572189968 cpu_ns=1765991600 memory_bytes=26869760 scope=compositor
K230_CARD_BENCH v=1 run=33428534769785 event=present frame_id=144 t_ns=33431534968000 presented=1 clock=monotonic
K230_CARD_BENCH v=1 run=33428534769785 event=present frame_id=143 t_ns=33431515807000 presented=1 clock=monotonic
K230_CARD_BENCH v=1 run=33428534769785 event=present frame_id=142 t_ns=33431496646000 presented=1 clock=monotonic
K230_CARD_BENCH v=1 run=33428534769785 event=present frame_id=141 t_ns=33431458325000 presented=1 clock=monotonic
K230_CARD_BENCH v=1 run=33428534769785 event=present frame_id=140 t_ns=33431439162000 presented=1 clock=monotonic
K230_CARD_BENCH v=1 run=33428534769785 event=present frame_id=139 t_ns=33431420003000 presented=1 clock=monotonic
K230_CARD_BENCH v=1 run=33428534769785 event=present frame_id=138 t_ns=33431400843000 presented=1 clock=monotonic
K230_CARD_BENCH v=1 run=33428534769785 event=present frame_id=137 t_ns=33431381683000 presented=1 clock=monotonic
K230_CARD_BENCH v=1 run=33428534769785 event=present frame_id=136 t_ns=33431362521000 presented=1 clock=monotonic
K230_CARD_BENCH v=1 run=33428534769785 event=present frame_id=135 t_ns=33431343361000 presented=1 clock=monotonic
K230_CARD_BENCH v=1 run=33428534769785 event=present frame_id=134 t_ns=33431324201000 presented=1 clock=monotonic
K230_CARD_BENCH v=1 run=33428534769785 event=present frame_id=133 t_ns=33431305039000 presented=1 clock=monotonic
K230_CARD_BENCH v=1 run=33428534769785 event=present frame_id=132 t_ns=33431285879000 presented=1 clock=monotonic
K230_CARD_BENCH v=1 run=33428534769785 event=present frame_id=131 t_ns=33431247558000 presented=1 clock=monotonic
K230_CARD_BENCH v=1 run=33428534769785 event=present frame_id=130 t_ns=33431228397000 presented=1 clock=monotonic
K230_CARD_BENCH v=1 run=33428534769785 event=present frame_id=129 t_ns=33431209236000 presented=1 clock=monotonic
K230_CARD_BENCH v=1 run=33428534769785 event=present frame_id=128 t_ns=33431190076000 presented=1 clock=monotonic
K230_CARD_BENCH v=1 run=33428534769785 event=present frame_id=127 t_ns=33431170915000 presented=1 clock=monotonic
K230_CARD_BENCH v=1 run=33428534769785 event=present frame_id=126 t_ns=33431151755000 presented=1 clock=monotonic
K230_CARD_BENCH v=1 run=33428534769785 event=present frame_id=125 t_ns=33431132594000 presented=1 clock=monotonic
K230_CARD_BENCH v=1 run=33428534769785 event=present frame_id=124 t_ns=33431113433000 presented=1 clock=monotonic
K230_CARD_BENCH v=1 run=33428534769785 event=present frame_id=123 t_ns=33431075111000 presented=1 clock=monotonic
K230_CARD_BENCH v=1 run=33428534769785 event=present frame_id=122 t_ns=33431055951000 presented=1 clock=monotonic
K230_CARD_BENCH v=1 run=33428534769785 event=present frame_id=121 t_ns=33431036791000 presented=1 clock=monotonic
K230_CARD_BENCH v=1 run=33428534769785 event=present frame_id=120 t_ns=33430998473000 presented=1 clock=monotonic
K230_CARD_BENCH v=1 run=33428534769785 event=present frame_id=119 t_ns=33430960161000 presented=1 clock=monotonic
K230_CARD_BENCH v=1 run=33428534769785 event=present frame_id=118 t_ns=33430940988000 presented=1 clock=monotonic
K230_CARD_BENCH v=1 run=33428534769785 event=present frame_id=117 t_ns=33430921827000 presented=1 clock=monotonic
K230_CARD_BENCH v=1 run=33428534769785 event=present frame_id=116 t_ns=33430902666000 presented=1 clock=monotonic
K230_CARD_BENCH v=1 run=33428534769785 event=present frame_id=115 t_ns=33430883505000 presented=1 clock=monotonic
K230_CARD_BENCH v=1 run=33428534769785 event=present frame_id=114 t_ns=33430864347000 presented=1 clock=monotonic
K230_CARD_BENCH v=1 run=33428534769785 event=present frame_id=113 t_ns=33430826023000 presented=1 clock=monotonic
K230_CARD_BENCH v=1 run=33428534769785 event=present frame_id=112 t_ns=33430806863000 presented=1 clock=monotonic
K230_CARD_BENCH v=1 run=33428534769785 event=present frame_id=111 t_ns=33430787702000 presented=1 clock=monotonic
K230_CARD_BENCH v=1 run=33428534769785 event=present frame_id=110 t_ns=33430768542000 presented=1 clock=monotonic
K230_CARD_BENCH v=1 run=33428534769785 event=present frame_id=109 t_ns=33430749382000 presented=1 clock=monotonic
K230_CARD_BENCH v=1 run=33428534769785 event=present frame_id=108 t_ns=33430730220000 presented=1 clock=monotonic
K230_CARD_BENCH v=1 run=33428534769785 event=present frame_id=107 t_ns=33430711060000 presented=1 clock=monotonic
K230_CARD_BENCH v=1 run=33428534769785 event=present frame_id=106 t_ns=33430691898000 presented=1 clock=monotonic
K230_CARD_BENCH v=1 run=33428534769785 event=present frame_id=105 t_ns=33430672738000 presented=1 clock=monotonic
K230_CARD_BENCH v=1 run=33428534769785 event=present frame_id=104 t_ns=33430634417000 presented=1 clock=monotonic
K230_CARD_BENCH v=1 run=33428534769785 event=present frame_id=103 t_ns=33430615256000 presented=1 clock=monotonic
K230_CARD_BENCH v=1 run=33428534769785 event=present frame_id=102 t_ns=33430596099000 presented=1 clock=monotonic
K230_CARD_BENCH v=1 run=33428534769785 event=present frame_id=101 t_ns=33430576935000 presented=1 clock=monotonic
K230_CARD_BENCH v=1 run=33428534769785 event=present frame_id=100 t_ns=33430557775000 presented=1 clock=monotonic
K230_CARD_BENCH v=1 run=33428534769785 event=resource phase=baseline t_ns=33430549838265 cpu_ns=4028274000 memory_bytes=19218432 scope=session
K230_CARD_BENCH v=1 run=33428534769785 event=resource phase=baseline t_ns=33430549838265 cpu_ns=1353095146 memory_bytes=26869760 scope=compositor
K230_CARD_BENCH v=1 run=33428534769785 event=present frame_id=99 t_ns=33430538613000 presented=1 clock=monotonic
K230_CARD_BENCH v=1 run=33428534769785 event=present frame_id=98 t_ns=33430519453000 presented=1 clock=monotonic
K230_CARD_BENCH v=1 run=33428534769785 event=present frame_id=97 t_ns=33430481132000 presented=1 clock=monotonic
K230_CARD_BENCH v=1 run=33428534769785 event=present frame_id=96 t_ns=33430461972000 presented=1 clock=monotonic
K230_CARD_BENCH v=1 run=33428534769785 event=present frame_id=95 t_ns=33430423650000 presented=1 clock=monotonic
K230_CARD_BENCH v=1 run=33428534769785 event=present frame_id=94 t_ns=33430385328000 presented=1 clock=monotonic
K230_CARD_BENCH v=1 run=33428534769785 event=present frame_id=93 t_ns=33430366167000 presented=1 clock=monotonic
K230_CARD_BENCH v=1 run=33428534769785 event=present frame_id=92 t_ns=33430347007000 presented=1 clock=monotonic
K230_CARD_BENCH v=1 run=33428534769785 event=present frame_id=91 t_ns=33430327847000 presented=1 clock=monotonic
K230_CARD_BENCH v=1 run=33428534769785 event=present frame_id=90 t_ns=33430308686000 presented=1 clock=monotonic
K230_CARD_BENCH v=1 run=33428534769785 event=present frame_id=89 t_ns=33430289526000 presented=1 clock=monotonic
K230_CARD_BENCH v=1 run=33428534769785 event=present frame_id=88 t_ns=33430270365000 presented=1 clock=monotonic
K230_CARD_BENCH v=1 run=33428534769785 event=present frame_id=87 t_ns=33430251204000 presented=1 clock=monotonic
K230_CARD_BENCH v=1 run=33428534769785 event=present frame_id=86 t_ns=33430212881000 presented=1 clock=monotonic
K230_CARD_BENCH v=1 run=33428534769785 event=present frame_id=85 t_ns=33430193721000 presented=1 clock=monotonic
K230_CARD_BENCH v=1 run=33428534769785 event=present frame_id=84 t_ns=33430174561000 presented=1 clock=monotonic
K230_CARD_BENCH v=1 run=33428534769785 event=present frame_id=83 t_ns=33430155400000 presented=1 clock=monotonic
K230_CARD_BENCH v=1 run=33428534769785 event=present frame_id=82 t_ns=33430136240000 presented=1 clock=monotonic
K230_CARD_BENCH v=1 run=33428534769785 event=present frame_id=81 t_ns=33430117079000 presented=1 clock=monotonic
K230_CARD_BENCH v=1 run=33428534769785 event=present frame_id=80 t_ns=33430097919000 presented=1 clock=monotonic
K230_CARD_BENCH v=1 run=33428534769785 event=present frame_id=79 t_ns=33430059597000 presented=1 clock=monotonic
K230_CARD_BENCH v=1 run=33428534769785 event=present frame_id=78 t_ns=33430040437000 presented=1 clock=monotonic
K230_CARD_BENCH v=1 run=33428534769785 event=present frame_id=77 t_ns=33430021276000 presented=1 clock=monotonic
K230_CARD_BENCH v=1 run=33428534769785 event=present frame_id=76 t_ns=33430002116000 presented=1 clock=monotonic
K230_CARD_BENCH v=1 run=33428534769785 event=present frame_id=75 t_ns=33429982955000 presented=1 clock=monotonic
K230_CARD_BENCH v=1 run=33428534769785 event=present frame_id=74 t_ns=33429963794000 presented=1 clock=monotonic
K230_CARD_BENCH v=1 run=33428534769785 event=present frame_id=73 t_ns=33429944634000 presented=1 clock=monotonic
K230_CARD_BENCH v=1 run=33428534769785 event=present frame_id=72 t_ns=33429925473000 presented=1 clock=monotonic
K230_CARD_BENCH v=1 run=33428534769785 event=present frame_id=71 t_ns=33429887151000 presented=1 clock=monotonic
K230_CARD_BENCH v=1 run=33428534769785 event=present frame_id=70 t_ns=33429848832000 presented=1 clock=monotonic
K230_CARD_BENCH v=1 run=33428534769785 event=present frame_id=69 t_ns=33429829670000 presented=1 clock=monotonic
K230_CARD_BENCH v=1 run=33428534769785 event=present frame_id=68 t_ns=33429791348000 presented=1 clock=monotonic
K230_CARD_BENCH v=1 run=33428534769785 event=present frame_id=67 t_ns=33429772188000 presented=1 clock=monotonic
K230_CARD_BENCH v=1 run=33428534769785 event=present frame_id=66 t_ns=33429753027000 presented=1 clock=monotonic
K230_CARD_BENCH v=1 run=33428534769785 event=present frame_id=65 t_ns=33429733866000 presented=1 clock=monotonic
K230_CARD_BENCH v=1 run=33428534769785 event=present frame_id=64 t_ns=33429714706000 presented=1 clock=monotonic
K230_CARD_BENCH v=1 run=33428534769785 event=present frame_id=63 t_ns=33429695545000 presented=1 clock=monotonic
K230_CARD_BENCH v=1 run=33428534769785 event=present frame_id=62 t_ns=33429676386000 presented=1 clock=monotonic
K230_CARD_BENCH v=1 run=33428534769785 event=present frame_id=61 t_ns=33429657224000 presented=1 clock=monotonic
K230_CARD_BENCH v=1 run=33428534769785 event=present frame_id=60 t_ns=33429638063000 presented=1 clock=monotonic
K230_CARD_BENCH v=1 run=33428534769785 event=present frame_id=59 t_ns=33429618903000 presented=1 clock=monotonic
K230_CARD_BENCH v=1 run=33428534769785 event=present frame_id=58 t_ns=33429580581000 presented=1 clock=monotonic
K230_CARD_BENCH v=1 run=33428534769785 event=present frame_id=57 t_ns=33429561420000 presented=1 clock=monotonic
K230_CARD_BENCH v=1 run=33428534769785 event=present frame_id=56 t_ns=33429542260000 presented=1 clock=monotonic
K230_CARD_BENCH v=1 run=33428534769785 event=resource phase=baseline t_ns=33429540157107 cpu_ns=3204232000 memory_bytes=19218432 scope=session
K230_CARD_BENCH v=1 run=33428534769785 event=resource phase=baseline t_ns=33429540157107 cpu_ns=949879246 memory_bytes=26869760 scope=compositor
K230_CARD_BENCH v=1 run=33428534769785 event=present frame_id=55 t_ns=33429523099000 presented=1 clock=monotonic
K230_CARD_BENCH v=1 run=33428534769785 event=present frame_id=54 t_ns=33429503939000 presented=1 clock=monotonic
K230_CARD_BENCH v=1 run=33428534769785 event=present frame_id=53 t_ns=33429484777000 presented=1 clock=monotonic
K230_CARD_BENCH v=1 run=33428534769785 event=present frame_id=52 t_ns=33429465617000 presented=1 clock=monotonic
K230_CARD_BENCH v=1 run=33428534769785 event=present frame_id=51 t_ns=33429427295000 presented=1 clock=monotonic
K230_CARD_BENCH v=1 run=33428534769785 event=present frame_id=50 t_ns=33429408135000 presented=1 clock=monotonic
K230_CARD_BENCH v=1 run=33428534769785 event=present frame_id=49 t_ns=33429388974000 presented=1 clock=monotonic
K230_CARD_BENCH v=1 run=33428534769785 event=present frame_id=48 t_ns=33429369814000 presented=1 clock=monotonic
K230_CARD_BENCH v=1 run=33428534769785 event=present frame_id=47 t_ns=33429350654000 presented=1 clock=monotonic
K230_CARD_BENCH v=1 run=33428534769785 event=present frame_id=46 t_ns=33429312334000 presented=1 clock=monotonic
K230_CARD_BENCH v=1 run=33428534769785 event=present frame_id=45 t_ns=33429274011000 presented=1 clock=monotonic
K230_CARD_BENCH v=1 run=33428534769785 event=present frame_id=44 t_ns=33429254851000 presented=1 clock=monotonic
K230_CARD_BENCH v=1 run=33428534769785 event=present frame_id=43 t_ns=33429235688000 presented=1 clock=monotonic
K230_CARD_BENCH v=1 run=33428534769785 event=present frame_id=42 t_ns=33429216529000 presented=1 clock=monotonic
K230_CARD_BENCH v=1 run=33428534769785 event=present frame_id=41 t_ns=33429178207000 presented=1 clock=monotonic
K230_CARD_BENCH v=1 run=33428534769785 event=present frame_id=40 t_ns=33429159046000 presented=1 clock=monotonic
K230_CARD_BENCH v=1 run=33428534769785 event=present frame_id=39 t_ns=33429139886000 presented=1 clock=monotonic
K230_CARD_BENCH v=1 run=33428534769785 event=present frame_id=38 t_ns=33429120726000 presented=1 clock=monotonic
K230_CARD_BENCH v=1 run=33428534769785 event=present frame_id=37 t_ns=33429101565000 presented=1 clock=monotonic
K230_CARD_BENCH v=1 run=33428534769785 event=present frame_id=36 t_ns=33429082404000 presented=1 clock=monotonic
K230_CARD_BENCH v=1 run=33428534769785 event=present frame_id=35 t_ns=33429063244000 presented=1 clock=monotonic
K230_CARD_BENCH v=1 run=33428534769785 event=present frame_id=34 t_ns=33429024921000 presented=1 clock=monotonic
K230_CARD_BENCH v=1 run=33428534769785 event=present frame_id=33 t_ns=33429005761000 presented=1 clock=monotonic
K230_CARD_BENCH v=1 run=33428534769785 event=present frame_id=32 t_ns=33428986600000 presented=1 clock=monotonic
K230_CARD_BENCH v=1 run=33428534769785 event=present frame_id=31 t_ns=33428967441000 presented=1 clock=monotonic
K230_CARD_BENCH v=1 run=33428534769785 event=present frame_id=30 t_ns=33428948280000 presented=1 clock=monotonic
K230_CARD_BENCH v=1 run=33428534769785 event=present frame_id=29 t_ns=33428929119000 presented=1 clock=monotonic
K230_CARD_BENCH v=1 run=33428534769785 event=present frame_id=28 t_ns=33428909959000 presented=1 clock=monotonic
K230_CARD_BENCH v=1 run=33428534769785 event=present frame_id=27 t_ns=33428890798000 presented=1 clock=monotonic
K230_CARD_BENCH v=1 run=33428534769785 event=present frame_id=26 t_ns=33428871637000 presented=1 clock=monotonic
K230_CARD_BENCH v=1 run=33428534769785 event=present frame_id=25 t_ns=33428852476000 presented=1 clock=monotonic
K230_CARD_BENCH v=1 run=33428534769785 event=present frame_id=24 t_ns=33428814155000 presented=1 clock=monotonic
K230_CARD_BENCH v=1 run=33428534769785 event=present frame_id=23 t_ns=33428794995000 presented=1 clock=monotonic
K230_CARD_BENCH v=1 run=33428534769785 event=present frame_id=22 t_ns=33428775835000 presented=1 clock=monotonic
K230_CARD_BENCH v=1 run=33428534769785 event=present frame_id=21 t_ns=33428737515000 presented=1 clock=monotonic
K230_CARD_BENCH v=1 run=33428534769785 event=present frame_id=20 t_ns=33428699191000 presented=1 clock=monotonic
K230_CARD_BENCH v=1 run=33428534769785 event=present frame_id=19 t_ns=33428680040000 presented=1 clock=monotonic
K230_CARD_BENCH v=1 run=33428534769785 event=present frame_id=18 t_ns=33428660870000 presented=1 clock=monotonic
K230_CARD_BENCH v=1 run=33428534769785 event=present frame_id=17 t_ns=33428641709000 presented=1 clock=monotonic
K230_CARD_BENCH v=1 run=33428534769785 event=present frame_id=16 t_ns=33428622549000 presented=1 clock=monotonic
K230_CARD_BENCH v=1 run=33428534769785 event=present frame_id=15 t_ns=33428603388000 presented=1 clock=monotonic
K230_CARD_BENCH v=1 run=33428534769785 event=present frame_id=14 t_ns=33428565068000 presented=1 clock=monotonic
K230_CARD_SHELL input=injected operation=benchmark accepted=1
K230_CARD_BENCH v=1 run=33428534769785 event=resource phase=baseline t_ns=33428534912188 cpu_ns=2377149000 memory_bytes=18640896 scope=session
K230_CARD_BENCH v=1 run=33428534769785 event=resource phase=baseline t_ns=33428534912188 cpu_ns=551031822 memory_bytes=22413312 scope=compositor
K230_CARD_SHELL map id=7 class=2
K230_CARD_SHELL state mode=0 actions=32 message=0 cards=1
K230_CARD_SHELL unmap id=5
K230_CARD_SHELL state mode=0 actions=32 message=0 cards=0
K230_CARD_SHELL map id=5 class=2
K230_CARD_SHELL state mode=0 actions=32 message=0 cards=1
