got build log for '/nix/store/2v6p8mnaj9zs2063w9l3mndd3kypqpgh-linux-riscv64-unknown-linux-gnu-7.3.0-rc5.drv' from 'daemon'
structuredAttrs is enabled
Running phase: unpackPhase
@nix { "action": "setPhase", "phase": "unpackPhase" }
unpacking source archive /nix/store/jvz4v73g8a67pqwm06v079h6s1cpqr9s-linux-mainline-k230-drm-src
source root is linux-mainline-k230-drm-src
Running phase: patchPhase
@nix { "action": "setPhase", "phase": "patchPhase" }
applying patch /nix/store/23728y7zgh1jb55kpwxv5qnjbq0ykca6-randstruct-provide-seed-5.19.patch
patching file scripts/gen-randstruct-seed.sh
patching script interpreter paths in scripts/ld-version.sh
scripts/ld-version.sh: interpreter directive changed from "#!/bin/sh" to "/nix/store/svx59425zxp552p2b8gm11qj5r09b56i-bash-5.3p15/bin/sh"
substituteStream() in derivation linux-riscv64-unknown-linux-gnu-7.3.0-rc5: WARNING: '--replace' is deprecated, use --replace-{fail,warn,quiet}. (file 'scripts/gen-randstruct-seed.sh')
patching script interpreter paths in scripts
scripts/generate_rust_analyzer.py: interpreter directive changed from "#!/usr/bin/env python3" to "/nix/store/j0c03li98wyk84icrhbjdy1qvp5lrgap-python3-minimal-3.14.7/bin/python3"
scripts/extract-module-sig.pl: interpreter directive changed from "#!/usr/bin/env perl" to "/nix/store/w03i01kiakf4wz7jbp1l59c0bhb3pjca-perl-5.42.3/bin/perl"
scripts/bootgraph.pl: interpreter directive changed from "#!/usr/bin/env perl" to "/nix/store/w03i01kiakf4wz7jbp1l59c0bhb3pjca-perl-5.42.3/bin/perl"
scripts/generate_initcall_order.pl: interpreter directive changed from "#!/usr/bin/env perl" to "/nix/store/w03i01kiakf4wz7jbp1l59c0bhb3pjca-perl-5.42.3/bin/perl"
scripts/mksysmap: interpreter directive changed from "#!/bin/sed -f" to "/nix/store/qf2wzyq4irhgyhnq3s2hz0ldjq3w8a3x-gnused-4.10/bin/sed -f"
scripts/extract-fwblobs: interpreter directive changed from "#!/bin/bash" to "/nix/store/svx59425zxp552p2b8gm11qj5r09b56i-bash-5.3p15/bin/bash"
scripts/checkstack.pl: interpreter directive changed from "#!/usr/bin/env perl" to "/nix/store/w03i01kiakf4wz7jbp1l59c0bhb3pjca-perl-5.42.3/bin/perl"
scripts/syscallnr.sh: interpreter directive changed from "#!/bin/sh" to "/nix/store/svx59425zxp552p2b8gm11qj5r09b56i-bash-5.3p15/bin/sh"
scripts/objdump-func: interpreter directive changed from "#!/bin/bash" to "/nix/store/svx59425zxp552p2b8gm11qj5r09b56i-bash-5.3p15/bin/bash"
scripts/Lindent: interpreter directive changed from "#!/bin/sh" to "/nix/store/svx59425zxp552p2b8gm11qj5r09b56i-bash-5.3p15/bin/sh"
scripts/macro_checker.py: interpreter directive changed from "#!/usr/bin/python3" to "/nix/store/j0c03li98wyk84icrhbjdy1qvp5lrgap-python3-minimal-3.14.7/bin/python3"
scripts/rustc-llvm-version.sh: interpreter directive changed from "#!/bin/sh" to "/nix/store/svx59425zxp552p2b8gm11qj5r09b56i-bash-5.3p15/bin/sh"
scripts/gen-crc-consts.py: interpreter directive changed from "#!/usr/bin/env python3" to "/nix/store/j0c03li98wyk84icrhbjdy1qvp5lrgap-python3-minimal-3.14.7/bin/python3"
scripts/pahole-version.sh: interpreter directive changed from "#!/bin/sh" to "/nix/store/svx59425zxp552p2b8gm11qj5r09b56i-bash-5.3p15/bin/sh"
scripts/kconfig/nconf-cfg.sh: interpreter directive changed from "#!/bin/sh" to "/nix/store/svx59425zxp552p2b8gm11qj5r09b56i-bash-5.3p15/bin/sh"
scripts/kconfig/kconfig-sym-check.pl: interpreter directive changed from "#!/usr/bin/env perl" to "/nix/store/w03i01kiakf4wz7jbp1l59c0bhb3pjca-perl-5.42.3/bin/perl"
scripts/kconfig/qconf-cfg.sh: interpreter directive changed from "#!/bin/sh" to "/nix/store/svx59425zxp552p2b8gm11qj5r09b56i-bash-5.3p15/bin/sh"
scripts/kconfig/streamline_config.pl: interpreter directive changed from "#!/usr/bin/env perl" to "/nix/store/w03i01kiakf4wz7jbp1l59c0bhb3pjca-perl-5.42.3/bin/perl"
scripts/kconfig/merge_config.sh: interpreter directive changed from "#!/bin/sh" to "/nix/store/svx59425zxp552p2b8gm11qj5r09b56i-bash-5.3p15/bin/sh"
scripts/kconfig/mconf-cfg.sh: interpreter directive changed from "#!/bin/sh" to "/nix/store/svx59425zxp552p2b8gm11qj5r09b56i-bash-5.3p15/bin/sh"
scripts/kconfig/gconf-cfg.sh: interpreter directive changed from "#!/bin/sh" to "/nix/store/svx59425zxp552p2b8gm11qj5r09b56i-bash-5.3p15/bin/sh"
scripts/gen-randstruct-seed.sh: interpreter directive changed from "#!/bin/sh" to "/nix/store/svx59425zxp552p2b8gm11qj5r09b56i-bash-5.3p15/bin/sh"
scripts/build-version: interpreter directive changed from "#!/bin/sh" to "/nix/store/svx59425zxp552p2b8gm11qj5r09b56i-bash-5.3p15/bin/sh"
scripts/xz_wrap.sh: interpreter directive changed from "#!/bin/sh" to "/nix/store/svx59425zxp552p2b8gm11qj5r09b56i-bash-5.3p15/bin/sh"
scripts/recordmcount.pl: interpreter directive changed from "#!/usr/bin/env perl" to "/nix/store/w03i01kiakf4wz7jbp1l59c0bhb3pjca-perl-5.42.3/bin/perl"
scripts/bloat-o-meter: interpreter directive changed from "#!/usr/bin/env python3" to "/nix/store/j0c03li98wyk84icrhbjdy1qvp5lrgap-python3-minimal-3.14.7/bin/python3"
scripts/checksyscalls.sh: interpreter directive changed from "#!/bin/sh" to "/nix/store/svx59425zxp552p2b8gm11qj5r09b56i-bash-5.3p15/bin/sh"
scripts/checkdeclares.pl: interpreter directive changed from "#!/usr/bin/env perl" to "/nix/store/w03i01kiakf4wz7jbp1l59c0bhb3pjca-perl-5.42.3/bin/perl"
scripts/rust_is_available.sh: interpreter directive changed from "#!/bin/sh" to "/nix/store/svx59425zxp552p2b8gm11qj5r09b56i-bash-5.3p15/bin/sh"
scripts/generate_builtin_ranges.awk: interpreter directive changed from "#!/usr/bin/gawk -f" to "/nix/store/9zib1q94gka8i5q530364cvy25504qz5-gawk-5.4.1/bin/gawk -f"
scripts/stackusage: interpreter directive changed from "#!/bin/sh" to "/nix/store/svx59425zxp552p2b8gm11qj5r09b56i-bash-5.3p15/bin/sh"
scripts/install.sh: interpreter directive changed from "#!/bin/sh" to "/nix/store/svx59425zxp552p2b8gm11qj5r09b56i-bash-5.3p15/bin/sh"
scripts/tags.sh: interpreter directive changed from "#!/bin/bash" to "/nix/store/svx59425zxp552p2b8gm11qj5r09b56i-bash-5.3p15/bin/bash"
scripts/decodecode: interpreter directive changed from "#!/bin/bash" to "/nix/store/svx59425zxp552p2b8gm11qj5r09b56i-bash-5.3p15/bin/bash"
scripts/headers_install.sh: interpreter directive changed from "#!/bin/sh" to "/nix/store/svx59425zxp552p2b8gm11qj5r09b56i-bash-5.3p15/bin/sh"
scripts/relocs_check.sh: interpreter directive changed from "#!/bin/sh" to "/nix/store/svx59425zxp552p2b8gm11qj5r09b56i-bash-5.3p15/bin/sh"
scripts/checkkconfigsymbols.py: interpreter directive changed from "#!/usr/bin/env python3" to "/nix/store/j0c03li98wyk84icrhbjdy1qvp5lrgap-python3-minimal-3.14.7/bin/python3"
scripts/get_dvb_firmware: interpreter directive changed from "#!/usr/bin/env perl" to "/nix/store/w03i01kiakf4wz7jbp1l59c0bhb3pjca-perl-5.42.3/bin/perl"
scripts/parse-maintainers.pl: interpreter directive changed from "#!/usr/bin/perl -w" to "/nix/store/w03i01kiakf4wz7jbp1l59c0bhb3pjca-perl-5.42.3/bin/perl -w"
scripts/profile2linkerlist.pl: interpreter directive changed from "#!/usr/bin/env perl" to "/nix/store/w03i01kiakf4wz7jbp1l59c0bhb3pjca-perl-5.42.3/bin/perl"
scripts/clang-tools/gen_compile_commands.py: interpreter directive changed from "#!/usr/bin/env python3" to "/nix/store/j0c03li98wyk84icrhbjdy1qvp5lrgap-python3-minimal-3.14.7/bin/python3"
scripts/clang-tools/run-clang-tools.py: interpreter directive changed from "#!/usr/bin/env python3" to "/nix/store/j0c03li98wyk84icrhbjdy1qvp5lrgap-python3-minimal-3.14.7/bin/python3"
scripts/gfp-translate: interpreter directive changed from "#!/bin/bash" to "/nix/store/svx59425zxp552p2b8gm11qj5r09b56i-bash-5.3p15/bin/bash"
scripts/decode_stacktrace.sh: interpreter directive changed from "#!/usr/bin/env bash" to "/nix/store/svx59425zxp552p2b8gm11qj5r09b56i-bash-5.3p15/bin/bash"
scripts/syscalltbl.sh: interpreter directive changed from "#!/bin/sh" to "/nix/store/svx59425zxp552p2b8gm11qj5r09b56i-bash-5.3p15/bin/sh"
scripts/modules-check.sh: interpreter directive changed from "#!/bin/sh" to "/nix/store/svx59425zxp552p2b8gm11qj5r09b56i-bash-5.3p15/bin/sh"
scripts/extract-ikconfig: interpreter directive changed from "#!/bin/sh" to "/nix/store/svx59425zxp552p2b8gm11qj5r09b56i-bash-5.3p15/bin/sh"
scripts/checkversion.pl: interpreter directive changed from "#! /usr/bin/env perl" to "/nix/store/w03i01kiakf4wz7jbp1l59c0bhb3pjca-perl-5.42.3/bin/perl"
scripts/checkincludes.pl: interpreter directive changed from "#!/usr/bin/env perl" to "/nix/store/w03i01kiakf4wz7jbp1l59c0bhb3pjca-perl-5.42.3/bin/perl"
scripts/objdiff: interpreter directive changed from "#!/bin/bash" to "/nix/store/svx59425zxp552p2b8gm11qj5r09b56i-bash-5.3p15/bin/bash"
scripts/bpf_doc.py: interpreter directive changed from "#!/usr/bin/env python3" to "/nix/store/j0c03li98wyk84icrhbjdy1qvp5lrgap-python3-minimal-3.14.7/bin/python3"
scripts/cleanfile: interpreter directive changed from "#!/usr/bin/env perl" to "/nix/store/w03i01kiakf4wz7jbp1l59c0bhb3pjca-perl-5.42.3/bin/perl"
scripts/checker-valid.sh: interpreter directive changed from "#!/bin/sh -eu" to "/nix/store/svx59425zxp552p2b8gm11qj5r09b56i-bash-5.3p15/bin/sh -eu"
scripts/mkuboot.sh: interpreter directive changed from "#!/bin/bash" to "/nix/store/svx59425zxp552p2b8gm11qj5r09b56i-bash-5.3p15/bin/bash"
scripts/leaking_addresses.pl: interpreter directive changed from "#!/usr/bin/env perl" to "/nix/store/w03i01kiakf4wz7jbp1l59c0bhb3pjca-perl-5.42.3/bin/perl"
scripts/diffconfig: interpreter directive changed from "#!/usr/bin/env python3" to "/nix/store/j0c03li98wyk84icrhbjdy1qvp5lrgap-python3-minimal-3.14.7/bin/python3"
scripts/link-vmlinux.sh: interpreter directive changed from "#!/bin/sh" to "/nix/store/svx59425zxp552p2b8gm11qj5r09b56i-bash-5.3p15/bin/sh"
scripts/atomic/gen-atomics.sh: interpreter directive changed from "#!/bin/sh" to "/nix/store/svx59425zxp552p2b8gm11qj5r09b56i-bash-5.3p15/bin/sh"
scripts/atomic/gen-atomic-fallback.sh: interpreter directive changed from "#!/bin/sh" to "/nix/store/svx59425zxp552p2b8gm11qj5r09b56i-bash-5.3p15/bin/sh"
scripts/atomic/gen-atomic-long.sh: interpreter directive changed from "#!/bin/sh" to "/nix/store/svx59425zxp552p2b8gm11qj5r09b56i-bash-5.3p15/bin/sh"
scripts/atomic/atomic-tbl.sh: interpreter directive changed from "#!/bin/sh" to "/nix/store/svx59425zxp552p2b8gm11qj5r09b56i-bash-5.3p15/bin/sh"
scripts/atomic/gen-rust-atomic-helpers.sh: interpreter directive changed from "#!/bin/sh" to "/nix/store/svx59425zxp552p2b8gm11qj5r09b56i-bash-5.3p15/bin/sh"
scripts/atomic/gen-atomic-instrumented.sh: interpreter directive changed from "#!/bin/sh" to "/nix/store/svx59425zxp552p2b8gm11qj5r09b56i-bash-5.3p15/bin/sh"
scripts/cc-version.sh: interpreter directive changed from "#!/bin/sh" to "/nix/store/svx59425zxp552p2b8gm11qj5r09b56i-bash-5.3p15/bin/sh"
scripts/faddr2line: interpreter directive changed from "#!/usr/bin/env bash" to "/nix/store/svx59425zxp552p2b8gm11qj5r09b56i-bash-5.3p15/bin/bash"
scripts/misc-check: interpreter directive changed from "#!/bin/sh" to "/nix/store/svx59425zxp552p2b8gm11qj5r09b56i-bash-5.3p15/bin/sh"
scripts/markup_oops.pl: interpreter directive changed from "#!/usr/bin/env perl" to "/nix/store/w03i01kiakf4wz7jbp1l59c0bhb3pjca-perl-5.42.3/bin/perl"
scripts/package/install-extmod-build: interpreter directive changed from "#!/bin/sh" to "/nix/store/svx59425zxp552p2b8gm11qj5r09b56i-bash-5.3p15/bin/sh"
scripts/package/mkspec: interpreter directive changed from "#!/bin/sh" to "/nix/store/svx59425zxp552p2b8gm11qj5r09b56i-bash-5.3p15/bin/sh"
scripts/package/buildtar: interpreter directive changed from "#!/bin/sh" to "/nix/store/svx59425zxp552p2b8gm11qj5r09b56i-bash-5.3p15/bin/sh"
scripts/package/gen-diff-patch: interpreter directive changed from "#!/bin/sh" to "/nix/store/svx59425zxp552p2b8gm11qj5r09b56i-bash-5.3p15/bin/sh"
scripts/package/builddeb: interpreter directive changed from "#!/bin/sh" to "/nix/store/svx59425zxp552p2b8gm11qj5r09b56i-bash-5.3p15/bin/sh"
scripts/package/mkdebian: interpreter directive changed from "#!/bin/sh" to "/nix/store/svx59425zxp552p2b8gm11qj5r09b56i-bash-5.3p15/bin/sh"
scripts/package/debian/rules: interpreter directive changed from "#!/usr/bin/make -f" to "/nix/store/c011mk580m964s1zxjccvdax3fcmppnl-gnumake-4.4.1/bin/make -f"
scripts/setlocalversion: interpreter directive changed from "#!/bin/sh" to "/nix/store/svx59425zxp552p2b8gm11qj5r09b56i-bash-5.3p15/bin/sh"
scripts/remove-stale-files: interpreter directive changed from "#!/bin/sh" to "/nix/store/svx59425zxp552p2b8gm11qj5r09b56i-bash-5.3p15/bin/sh"
scripts/check-sysctl-docs: interpreter directive changed from "#!/usr/bin/env -S gawk -f" to "/nix/store/xjl7p8dvyk2j53kqf7f43kdj4ypbxz7g-coreutils-9.11/bin/env -S /nix/store/9zib1q94gka8i5q530364cvy25504qz5-gawk-5.4.1/bin/gawk -f"
scripts/get_maintainer.pl: interpreter directive changed from "#!/usr/bin/env perl" to "/nix/store/w03i01kiakf4wz7jbp1l59c0bhb3pjca-perl-5.42.3/bin/perl"
scripts/dummy-tools/gcc: interpreter directive changed from "#!/bin/sh" to "/nix/store/svx59425zxp552p2b8gm11qj5r09b56i-bash-5.3p15/bin/sh"
scripts/dummy-tools/pahole: interpreter directive changed from "#!/bin/sh" to "/nix/store/svx59425zxp552p2b8gm11qj5r09b56i-bash-5.3p15/bin/sh"
scripts/dummy-tools/python3: interpreter directive changed from "#!/bin/sh" to "/nix/store/svx59425zxp552p2b8gm11qj5r09b56i-bash-5.3p15/bin/sh"
scripts/dummy-tools/ld: interpreter directive changed from "#!/bin/sh" to "/nix/store/svx59425zxp552p2b8gm11qj5r09b56i-bash-5.3p15/bin/sh"
scripts/check-git: interpreter directive changed from "#!/bin/sh" to "/nix/store/svx59425zxp552p2b8gm11qj5r09b56i-bash-5.3p15/bin/sh"
scripts/min-tool-version.sh: interpreter directive changed from "#!/bin/sh" to "/nix/store/svx59425zxp552p2b8gm11qj5r09b56i-bash-5.3p15/bin/sh"
scripts/rust_is_available_test.py: interpreter directive changed from "#!/usr/bin/env python3" to "/nix/store/j0c03li98wyk84icrhbjdy1qvp5lrgap-python3-minimal-3.14.7/bin/python3"
scripts/jobserver-exec: interpreter directive changed from "#!/usr/bin/env python3" to "/nix/store/j0c03li98wyk84icrhbjdy1qvp5lrgap-python3-minimal-3.14.7/bin/python3"
scripts/headerdep.pl: interpreter directive changed from "#! /usr/bin/env perl" to "/nix/store/w03i01kiakf4wz7jbp1l59c0bhb3pjca-perl-5.42.3/bin/perl"
scripts/gen-btf.sh: interpreter directive changed from "#!/bin/sh" to "/nix/store/svx59425zxp552p2b8gm11qj5r09b56i-bash-5.3p15/bin/sh"
scripts/makelst: interpreter directive changed from "#!/bin/sh" to "/nix/store/svx59425zxp552p2b8gm11qj5r09b56i-bash-5.3p15/bin/sh"
scripts/extract-vmlinux: interpreter directive changed from "#!/bin/sh" to "/nix/store/svx59425zxp552p2b8gm11qj5r09b56i-bash-5.3p15/bin/sh"
scripts/dev-needs.sh: interpreter directive changed from "#! /bin/sh" to "/nix/store/svx59425zxp552p2b8gm11qj5r09b56i-bash-5.3p15/bin/sh"
scripts/crypto/gen-hash-testvecs.py: interpreter directive changed from "#!/usr/bin/env python3" to "/nix/store/j0c03li98wyk84icrhbjdy1qvp5lrgap-python3-minimal-3.14.7/bin/python3"
scripts/crypto/gen-aead-testvecs.py: interpreter directive changed from "#!/usr/bin/env python3" to "/nix/store/j0c03li98wyk84icrhbjdy1qvp5lrgap-python3-minimal-3.14.7/bin/python3"
scripts/crypto/gen-fips-testvecs.py: interpreter directive changed from "#!/usr/bin/env python3" to "/nix/store/j0c03li98wyk84icrhbjdy1qvp5lrgap-python3-minimal-3.14.7/bin/python3"
scripts/cleanpatch: interpreter directive changed from "#!/usr/bin/env perl" to "/nix/store/w03i01kiakf4wz7jbp1l59c0bhb3pjca-perl-5.42.3/bin/perl"
scripts/stackdelta: interpreter directive changed from "#!/usr/bin/env perl" to "/nix/store/w03i01kiakf4wz7jbp1l59c0bhb3pjca-perl-5.42.3/bin/perl"
scripts/ver_linux: interpreter directive changed from "#!/usr/bin/awk -f" to "/nix/store/9zib1q94gka8i5q530364cvy25504qz5-gawk-5.4.1/bin/awk -f"
scripts/syscallhdr.sh: interpreter directive changed from "#!/bin/sh" to "/nix/store/svx59425zxp552p2b8gm11qj5r09b56i-bash-5.3p15/bin/sh"
scripts/check-function-names.sh: interpreter directive changed from "#!/bin/sh" to "/nix/store/svx59425zxp552p2b8gm11qj5r09b56i-bash-5.3p15/bin/sh"
scripts/container: interpreter directive changed from "#!/usr/bin/env python3" to "/nix/store/j0c03li98wyk84icrhbjdy1qvp5lrgap-python3-minimal-3.14.7/bin/python3"
scripts/cc-can-link.sh: interpreter directive changed from "#!/bin/sh" to "/nix/store/svx59425zxp552p2b8gm11qj5r09b56i-bash-5.3p15/bin/sh"
scripts/spdxcheck.py: interpreter directive changed from "#!/usr/bin/env python3" to "/nix/store/j0c03li98wyk84icrhbjdy1qvp5lrgap-python3-minimal-3.14.7/bin/python3"
scripts/timer_migration_tree.py: interpreter directive changed from "#!/usr/bin/env python3" to "/nix/store/j0c03li98wyk84icrhbjdy1qvp5lrgap-python3-minimal-3.14.7/bin/python3"
scripts/as-version.sh: interpreter directive changed from "#!/bin/sh" to "/nix/store/svx59425zxp552p2b8gm11qj5r09b56i-bash-5.3p15/bin/sh"
scripts/show_delta: interpreter directive changed from "#!/usr/bin/env python3" to "/nix/store/j0c03li98wyk84icrhbjdy1qvp5lrgap-python3-minimal-3.14.7/bin/python3"
scripts/extract_xc3028.pl: interpreter directive changed from "#!/usr/bin/env perl" to "/nix/store/w03i01kiakf4wz7jbp1l59c0bhb3pjca-perl-5.42.3/bin/perl"
scripts/livepatch/klp-build: interpreter directive changed from "#!/bin/bash" to "/nix/store/svx59425zxp552p2b8gm11qj5r09b56i-bash-5.3p15/bin/bash"
scripts/livepatch/fix-patch-lines: interpreter directive changed from "#!/usr/bin/awk -f" to "/nix/store/9zib1q94gka8i5q530364cvy25504qz5-gawk-5.4.1/bin/awk -f"
scripts/make_fit.py: interpreter directive changed from "#!/usr/bin/env python3" to "/nix/store/j0c03li98wyk84icrhbjdy1qvp5lrgap-python3-minimal-3.14.7/bin/python3"
scripts/tools-support-relr.sh: interpreter directive changed from "#!/bin/sh -eu" to "/nix/store/svx59425zxp552p2b8gm11qj5r09b56i-bash-5.3p15/bin/sh -eu"
scripts/prune-kernel: interpreter directive changed from "#!/bin/bash" to "/nix/store/svx59425zxp552p2b8gm11qj5r09b56i-bash-5.3p15/bin/bash"
scripts/check-uapi.sh: interpreter directive changed from "#!/bin/bash" to "/nix/store/svx59425zxp552p2b8gm11qj5r09b56i-bash-5.3p15/bin/bash"
scripts/verify_builtin_ranges.awk: interpreter directive changed from "#!/usr/bin/gawk -f" to "/nix/store/9zib1q94gka8i5q530364cvy25504qz5-gawk-5.4.1/bin/gawk -f"
scripts/update-intel-ucode-defs.py: interpreter directive changed from "#!/usr/bin/env python3" to "/nix/store/j0c03li98wyk84icrhbjdy1qvp5lrgap-python3-minimal-3.14.7/bin/python3"
scripts/coccicheck: interpreter directive changed from "#!/usr/bin/env bash" to "/nix/store/svx59425zxp552p2b8gm11qj5r09b56i-bash-5.3p15/bin/bash"
scripts/check_extable.sh: interpreter directive changed from "#! /bin/bash" to "/nix/store/svx59425zxp552p2b8gm11qj5r09b56i-bash-5.3p15/bin/bash"
scripts/xen-hypercalls.sh: interpreter directive changed from "#!/bin/sh" to "/nix/store/svx59425zxp552p2b8gm11qj5r09b56i-bash-5.3p15/bin/sh"
scripts/config: interpreter directive changed from "#!/usr/bin/env bash" to "/nix/store/svx59425zxp552p2b8gm11qj5r09b56i-bash-5.3p15/bin/bash"
scripts/file-size.sh: interpreter directive changed from "#!/bin/sh" to "/nix/store/svx59425zxp552p2b8gm11qj5r09b56i-bash-5.3p15/bin/sh"
scripts/extract-sys-certs.pl: interpreter directive changed from "#!/usr/bin/env perl" to "/nix/store/w03i01kiakf4wz7jbp1l59c0bhb3pjca-perl-5.42.3/bin/perl"
scripts/mkcompile_h: interpreter directive changed from "#!/bin/sh" to "/nix/store/svx59425zxp552p2b8gm11qj5r09b56i-bash-5.3p15/bin/sh"
scripts/git-resolve.sh: interpreter directive changed from "#!/bin/bash" to "/nix/store/svx59425zxp552p2b8gm11qj5r09b56i-bash-5.3p15/bin/bash"
scripts/tracing/ftrace-bisect.sh: interpreter directive changed from "#!/bin/bash" to "/nix/store/svx59425zxp552p2b8gm11qj5r09b56i-bash-5.3p15/bin/bash"
scripts/checkpatch.pl: interpreter directive changed from "#!/usr/bin/env perl" to "/nix/store/w03i01kiakf4wz7jbp1l59c0bhb3pjca-perl-5.42.3/bin/perl"
scripts/patch-kernel: interpreter directive changed from "#! /bin/sh" to "/nix/store/svx59425zxp552p2b8gm11qj5r09b56i-bash-5.3p15/bin/sh"
scripts/rustc-version.sh: interpreter directive changed from "#!/bin/sh" to "/nix/store/svx59425zxp552p2b8gm11qj5r09b56i-bash-5.3p15/bin/sh"
scripts/selinux/install_policy.sh: interpreter directive changed from "#!/bin/sh" to "/nix/store/svx59425zxp552p2b8gm11qj5r09b56i-bash-5.3p15/bin/sh"
scripts/dtc/of_unittest_expect: interpreter directive changed from "#!/usr/bin/perl" to "/nix/store/w03i01kiakf4wz7jbp1l59c0bhb3pjca-perl-5.42.3/bin/perl"
scripts/dtc/dtx_diff: interpreter directive changed from "#! /bin/bash" to "/nix/store/svx59425zxp552p2b8gm11qj5r09b56i-bash-5.3p15/bin/bash"
scripts/dtc/update-dtc-source.sh: interpreter directive changed from "#!/bin/sh" to "/nix/store/svx59425zxp552p2b8gm11qj5r09b56i-bash-5.3p15/bin/sh"
scripts/dtc/dt-style-selftest/run.sh: interpreter directive changed from "#!/bin/sh" to "/nix/store/svx59425zxp552p2b8gm11qj5r09b56i-bash-5.3p15/bin/sh"
scripts/dtc/dt_to_config: interpreter directive changed from "#!/usr/bin/env perl" to "/nix/store/w03i01kiakf4wz7jbp1l59c0bhb3pjca-perl-5.42.3/bin/perl"
scripts/dtc/dt-check-style: interpreter directive changed from "#!/usr/bin/env python3" to "/nix/store/j0c03li98wyk84icrhbjdy1qvp5lrgap-python3-minimal-3.14.7/bin/python3"
scripts/dtc/dt-extract-compatibles: interpreter directive changed from "#!/usr/bin/env python3" to "/nix/store/j0c03li98wyk84icrhbjdy1qvp5lrgap-python3-minimal-3.14.7/bin/python3"
scripts/depmod.sh: interpreter directive changed from "#!/bin/sh" to "/nix/store/svx59425zxp552p2b8gm11qj5r09b56i-bash-5.3p15/bin/sh"
patching script interpreter paths in arch/loongarch/boot/install.sh
arch/loongarch/boot/install.sh: interpreter directive changed from "#!/bin/sh" to "/nix/store/svx59425zxp552p2b8gm11qj5r09b56i-bash-5.3p15/bin/sh"
patching script interpreter paths in arch/riscv/boot/install.sh
arch/riscv/boot/install.sh: interpreter directive changed from "#!/bin/sh" to "/nix/store/svx59425zxp552p2b8gm11qj5r09b56i-bash-5.3p15/bin/sh"
patching script interpreter paths in arch/nios2/boot/install.sh
arch/nios2/boot/install.sh: interpreter directive changed from "#!/bin/sh" to "/nix/store/svx59425zxp552p2b8gm11qj5r09b56i-bash-5.3p15/bin/sh"
patching script interpreter paths in arch/m68k/install.sh
arch/m68k/install.sh: interpreter directive changed from "#!/bin/sh" to "/nix/store/svx59425zxp552p2b8gm11qj5r09b56i-bash-5.3p15/bin/sh"
patching script interpreter paths in arch/sparc/boot/install.sh
arch/sparc/boot/install.sh: interpreter directive changed from "#!/bin/sh" to "/nix/store/svx59425zxp552p2b8gm11qj5r09b56i-bash-5.3p15/bin/sh"
patching script interpreter paths in arch/arm/boot/install.sh
arch/arm/boot/install.sh: interpreter directive changed from "#!/bin/sh" to "/nix/store/svx59425zxp552p2b8gm11qj5r09b56i-bash-5.3p15/bin/sh"
patching script interpreter paths in arch/parisc/install.sh
arch/parisc/install.sh: interpreter directive changed from "#!/bin/sh" to "/nix/store/svx59425zxp552p2b8gm11qj5r09b56i-bash-5.3p15/bin/sh"
patching script interpreter paths in arch/powerpc/boot/install.sh
arch/powerpc/boot/install.sh: interpreter directive changed from "#!/bin/sh" to "/nix/store/svx59425zxp552p2b8gm11qj5r09b56i-bash-5.3p15/bin/sh"
patching script interpreter paths in arch/arm64/boot/install.sh
arch/arm64/boot/install.sh: interpreter directive changed from "#!/bin/sh" to "/nix/store/svx59425zxp552p2b8gm11qj5r09b56i-bash-5.3p15/bin/sh"
patching script interpreter paths in arch/s390/boot/install.sh
arch/s390/boot/install.sh: interpreter directive changed from "#!/bin/sh" to "/nix/store/svx59425zxp552p2b8gm11qj5r09b56i-bash-5.3p15/bin/sh"
patching script interpreter paths in arch/x86/boot/install.sh
arch/x86/boot/install.sh: interpreter directive changed from "#!/bin/sh" to "/nix/store/svx59425zxp552p2b8gm11qj5r09b56i-bash-5.3p15/bin/sh"
Running phase: updateAutotoolsGnuConfigScriptsPhase
@nix { "action": "setPhase", "phase": "updateAutotoolsGnuConfigScriptsPhase" }
Running phase: updateAutotoolsGnuConfigScriptsPhase
@nix { "action": "setPhase", "phase": "updateAutotoolsGnuConfigScriptsPhase" }
Running phase: configurePhase
@nix { "action": "setPhase", "phase": "configurePhase" }
manual-config configurePhase buildRoot=/build/linux-mainline-k230-drm-src/build pwd=/build/linux-mainline-k230-drm-src
'/build/linux-mainline-k230-drm-src/build/.config' -> '/nix/store/ysyaqr6rpdixvjjw13vv737cjccbskcn-linux-config-riscv64-unknown-linux-gnu-7.3.0-rc5'
make[1]: Entering directory '/build/linux-mainline-k230-drm-src/build'
  UPD     /build/linux-mainline-k230-drm-src/build/Makefile
  HOSTCC  scripts/basic/fixdep
  HOSTCC  scripts/kconfig/conf.o
  HOSTCC  scripts/kconfig/confdata.o
  HOSTCC  scripts/kconfig/expr.o
  LEX     scripts/kconfig/lexer.lex.c
  YACC    scripts/kconfig/parser.tab.[ch]
  HOSTCC  scripts/kconfig/lexer.lex.o
  HOSTCC  scripts/kconfig/menu.o
  HOSTCC  scripts/kconfig/parser.tab.o
  HOSTCC  scripts/kconfig/preprocess.o
  HOSTCC  scripts/kconfig/symbol.o
  HOSTCC  scripts/kconfig/util.o
  HOSTLD  scripts/kconfig/conf
#
# configuration written to .config
#
make[1]: Leaving directory '/build/linux-mainline-k230-drm-src/build'
make[1]: Entering directory '/build/linux-mainline-k230-drm-src/build'
  HOSTCC  scripts/dtc/dtc.o
  HOSTCC  scripts/dtc/flattree.o
  HOSTCC  scripts/dtc/fstree.o
  HOSTCC  scripts/dtc/data.o
  HOSTCC  scripts/dtc/livetree.o
  HOSTCC  scripts/dtc/treesource.o
  HOSTCC  scripts/dtc/srcpos.o
  HOSTCC  scripts/dtc/checks.o
  HOSTCC  scripts/dtc/util.o
  LEX     scripts/dtc/dtc-lexer.lex.c
  YACC    scripts/dtc/dtc-parser.tab.[ch]
  HOSTCC  scripts/dtc/dtc-lexer.lex.o
  HOSTCC  scripts/dtc/dtc-parser.tab.o
  HOSTLD  scripts/dtc/dtc
  HOSTCC  scripts/dtc/libfdt/fdt.o
  HOSTCC  scripts/dtc/libfdt/fdt_ro.o
  HOSTCC  scripts/dtc/libfdt/fdt_wip.o
  HOSTCC  scripts/dtc/libfdt/fdt_sw.o
  HOSTCC  scripts/dtc/libfdt/fdt_rw.o
  HOSTCC  scripts/dtc/libfdt/fdt_strerror.o
  HOSTCC  scripts/dtc/libfdt/fdt_empty_tree.o
  HOSTCC  scripts/dtc/libfdt/fdt_addresses.o
  HOSTCC  scripts/dtc/libfdt/fdt_overlay.o
  HOSTCC  scripts/dtc/fdtoverlay.o
  HOSTLD  scripts/dtc/fdtoverlay
  TOUCH   include/generated/gcc-plugins.h
  HOSTCC  scripts/ipe/polgen/polgen
  HOSTCC  scripts/selinux/mdp/mdp
  HOSTCC  scripts/kallsyms
  HOSTCC  scripts/sorttable.o
  HOSTCC  scripts/elf-parse.o
  HOSTLD  scripts/sorttable
  HOSTCC  scripts/asn1_compiler
  HOSTCC  scripts/tracepoint-update.o
  HOSTLD  scripts/tracepoint-update
  UPD     include/config/kernel.release
  UPD     arch/riscv/include/generated/uapi/asm/errno.h
  UPD     arch/riscv/include/generated/uapi/asm/fcntl.h
  UPD     arch/riscv/include/generated/uapi/asm/ioctl.h
  UPD     arch/riscv/include/generated/uapi/asm/ioctls.h
  UPD     arch/riscv/include/generated/uapi/asm/ipcbuf.h
  UPD     arch/riscv/include/generated/uapi/asm/mman.h
  UPD     arch/riscv/include/generated/uapi/asm/msgbuf.h
  UPD     arch/riscv/include/generated/uapi/asm/param.h
  UPD     arch/riscv/include/generated/uapi/asm/poll.h
  UPD     arch/riscv/include/generated/uapi/asm/posix_types.h
  UPD     arch/riscv/include/generated/uapi/asm/resource.h
  UPD     arch/riscv/include/generated/uapi/asm/sembuf.h
  UPD     arch/riscv/include/generated/uapi/asm/shmbuf.h
  UPD     arch/riscv/include/generated/uapi/asm/siginfo.h
  UPD     arch/riscv/include/generated/uapi/asm/signal.h
  UPD     arch/riscv/include/generated/uapi/asm/socket.h
  UPD     arch/riscv/include/generated/uapi/asm/sockios.h
  UPD     arch/riscv/include/generated/uapi/asm/stat.h
  UPD     arch/riscv/include/generated/uapi/asm/statfs.h
  UPD     arch/riscv/include/generated/uapi/asm/swab.h
  UPD     arch/riscv/include/generated/uapi/asm/termbits.h
  UPD     arch/riscv/include/generated/uapi/asm/termios.h
  UPD     arch/riscv/include/generated/uapi/asm/types.h
  SYSHDR  arch/riscv/include/generated/uapi/asm/unistd_32.h
  SYSHDR  arch/riscv/include/generated/uapi/asm/unistd_64.h
  UPD     arch/riscv/include/generated/asm/early_ioremap.h
  UPD     arch/riscv/include/generated/asm/flat.h
  UPD     arch/riscv/include/generated/asm/fprobe.h
  UPD     arch/riscv/include/generated/asm/kvm_para.h
  UPD     arch/riscv/include/generated/asm/mmzone.h
  UPD     arch/riscv/include/generated/asm/mcs_spinlock.h
  UPD     arch/riscv/include/generated/asm/parport.h
  UPD     arch/riscv/include/generated/asm/spinlock_types.h
  UPD     arch/riscv/include/generated/asm/ticket_spinlock.h
  UPD     arch/riscv/include/generated/asm/qrwlock.h
  UPD     arch/riscv/include/generated/asm/qrwlock_types.h
  UPD     arch/riscv/include/generated/asm/qspinlock.h
  UPD     arch/riscv/include/generated/asm/ring_buffer.h
  UPD     arch/riscv/include/generated/asm/user.h
  UPD     arch/riscv/include/generated/asm/vmlinux.lds.h
  UPD     arch/riscv/include/generated/asm/device.h
  UPD     arch/riscv/include/generated/asm/div64.h
  UPD     arch/riscv/include/generated/asm/dma-mapping.h
  UPD     arch/riscv/include/generated/asm/dma.h
  UPD     arch/riscv/include/generated/asm/emergency-restart.h
  UPD     arch/riscv/include/generated/asm/hardirq.h
  UPD     arch/riscv/include/generated/asm/hw_irq.h
  UPD     arch/riscv/include/generated/asm/irq_regs.h
  UPD     arch/riscv/include/generated/asm/kmap_size.h
  UPD     arch/riscv/include/generated/asm/local.h
  UPD     arch/riscv/include/generated/asm/local64.h
  UPD     arch/riscv/include/generated/asm/msi.h
  UPD     arch/riscv/include/generated/asm/percpu.h
  UPD     arch/riscv/include/generated/asm/percpu_types.h
  UPD     arch/riscv/include/generated/asm/preempt.h
  UPD     arch/riscv/include/generated/asm/rqspinlock.h
  UPD     arch/riscv/include/generated/asm/rwonce.h
  UPD     arch/riscv/include/generated/asm/serial.h
  UPD     arch/riscv/include/generated/asm/shmparam.h
  UPD     arch/riscv/include/generated/asm/softirq_stack.h
  UPD     arch/riscv/include/generated/asm/trace_clock.h
  UPD     arch/riscv/include/generated/asm/unwind_user.h
  UPD     arch/riscv/include/generated/asm/vga.h
  UPD     arch/riscv/include/generated/asm/video.h
  SYSTBL  arch/riscv/include/generated/asm/syscall_table_32.h
  SYSTBL  arch/riscv/include/generated/asm/syscall_table_64.h
  UPD     include/generated/uapi/linux/version.h
  UPD     include/generated/utsrelease.h
  UPD     include/generated/compile.h
  CC      scripts/mod/empty.o
  HOSTCC  scripts/mod/mk_elfconfig
  MKELF   scripts/mod/elfconfig.h
  HOSTCC  scripts/mod/modpost.o
  CC      scripts/mod/devicetable-offsets.s
  UPD     scripts/mod/devicetable-offsets.h
  HOSTCC  scripts/mod/file2alias.o
  HOSTCC  scripts/mod/sumversion.o
  HOSTCC  scripts/mod/symsearch.o
  HOSTLD  scripts/mod/modpost
  UPD     include/generated/timeconst.h
  CC      kernel/bounds.s
  UPD     include/generated/bounds.h
  CC      arch/riscv/kernel/asm-offsets.s
  UPD     include/generated/asm-offsets.h
  CC      kernel/sched/rq-offsets.s
  UPD     include/generated/rq-offsets.h
  CALL    ../scripts/checksyscalls.sh
  CHKSHA1 ../include/linux/atomic/atomic-arch-fallback.h
  CHKSHA1 ../include/linux/atomic/atomic-instrumented.h
  CHKSHA1 ../include/linux/atomic/atomic-long.h
  LDS     arch/riscv/kernel/vdso/vdso.lds
  AS      arch/riscv/kernel/vdso/rt_sigreturn.o
  CC      arch/riscv/kernel/vdso/vgettimeofday.o
  AS      arch/riscv/kernel/vdso/getcpu.o
  AS      arch/riscv/kernel/vdso/flush_icache.o
  CC      arch/riscv/kernel/vdso/hwprobe.o
  AS      arch/riscv/kernel/vdso/sys_hwprobe.o
  CC      arch/riscv/kernel/vdso/getrandom.o
  AS      arch/riscv/kernel/vdso/note.o
  AS      arch/riscv/kernel/vdso/vgetrandom-chacha.o
  VDSOLD  arch/riscv/kernel/vdso/vdso.so.dbg
  VDSOSYM include/generated/vdso-offsets.h
  LDS     arch/riscv/kernel/vdso_cfi/vdso.lds
  AS      arch/riscv/kernel/vdso_cfi/rt_sigreturn.o
  CC      arch/riscv/kernel/vdso_cfi/vgettimeofday.o
  AS      arch/riscv/kernel/vdso_cfi/getcpu.o
  AS      arch/riscv/kernel/vdso_cfi/flush_icache.o
  CC      arch/riscv/kernel/vdso_cfi/hwprobe.o
  AS      arch/riscv/kernel/vdso_cfi/sys_hwprobe.o
  CC      arch/riscv/kernel/vdso_cfi/getrandom.o
  AS      arch/riscv/kernel/vdso_cfi/note.o
  AS      arch/riscv/kernel/vdso_cfi/vgetrandom-chacha.o
  VDSOLD  arch/riscv/kernel/vdso_cfi/vdso-cfi.so.dbg
  VDSOSYM include/generated/vdso-cfi-offsets.h
  LDS     arch/riscv/kernel/compat_vdso/compat_vdso.lds
  VDSOAS  arch/riscv/kernel/compat_vdso/rt_sigreturn.o
  VDSOAS  arch/riscv/kernel/compat_vdso/getcpu.o
  VDSOAS  arch/riscv/kernel/compat_vdso/flush_icache.o
  VDSOAS  arch/riscv/kernel/compat_vdso/note.o
  VDSOLD  arch/riscv/kernel/compat_vdso/compat_vdso.so.dbg
  VDSOSYM include/generated/compat_vdso-offsets.h
  DESCEND bpf/resolve_btfids
  MKDIR     /build/linux-mainline-k230-drm-src/build/tools/bpf/resolve_btfids/libbpf/
  GEN     /build/linux-mainline-k230-drm-src/build/tools/bpf/resolve_btfids/libbpf/bpf_helper_defs.h
  CC      /build/linux-mainline-k230-drm-src/build/tools/bpf/resolve_btfids/libbpf/staticobjs/libbpf.o
  CC      /build/linux-mainline-k230-drm-src/build/tools/bpf/resolve_btfids/libbpf/staticobjs/bpf.o
  CC      /build/linux-mainline-k230-drm-src/build/tools/bpf/resolve_btfids/libbpf/staticobjs/nlattr.o
  CC      /build/linux-mainline-k230-drm-src/build/tools/bpf/resolve_btfids/libbpf/staticobjs/btf.o
  CC      /build/linux-mainline-k230-drm-src/build/tools/bpf/resolve_btfids/libbpf/staticobjs/libbpf_utils.o
  CC      /build/linux-mainline-k230-drm-src/build/tools/bpf/resolve_btfids/libbpf/staticobjs/netlink.o
  CC      /build/linux-mainline-k230-drm-src/build/tools/bpf/resolve_btfids/libbpf/staticobjs/bpf_prog_linfo.o
  CC      /build/linux-mainline-k230-drm-src/build/tools/bpf/resolve_btfids/libbpf/staticobjs/libbpf_probes.o
  CC      /build/linux-mainline-k230-drm-src/build/tools/bpf/resolve_btfids/libbpf/staticobjs/hashmap.o
  CC      /build/linux-mainline-k230-drm-src/build/tools/bpf/resolve_btfids/libbpf/staticobjs/btf_dump.o
  CC      /build/linux-mainline-k230-drm-src/build/tools/bpf/resolve_btfids/libbpf/staticobjs/ringbuf.o
  CC      /build/linux-mainline-k230-drm-src/build/tools/bpf/resolve_btfids/libbpf/staticobjs/strset.o
  CC      /build/linux-mainline-k230-drm-src/build/tools/bpf/resolve_btfids/libbpf/staticobjs/linker.o
  CC      /build/linux-mainline-k230-drm-src/build/tools/bpf/resolve_btfids/libbpf/staticobjs/gen_loader.o
  CC      /build/linux-mainline-k230-drm-src/build/tools/bpf/resolve_btfids/libbpf/staticobjs/relo_core.o
  CC      /build/linux-mainline-k230-drm-src/build/tools/bpf/resolve_btfids/libbpf/staticobjs/usdt.o
  CC      /build/linux-mainline-k230-drm-src/build/tools/bpf/resolve_btfids/libbpf/staticobjs/zip.o
  CC      /build/linux-mainline-k230-drm-src/build/tools/bpf/resolve_btfids/libbpf/staticobjs/elf.o
  CC      /build/linux-mainline-k230-drm-src/build/tools/bpf/resolve_btfids/libbpf/staticobjs/features.o
  CC      /build/linux-mainline-k230-drm-src/build/tools/bpf/resolve_btfids/libbpf/staticobjs/btf_iter.o
  CC      /build/linux-mainline-k230-drm-src/build/tools/bpf/resolve_btfids/libbpf/staticobjs/btf_relocate.o
  LD      /build/linux-mainline-k230-drm-src/build/tools/bpf/resolve_btfids/libbpf/staticobjs/libbpf-in.o
  LINK    /build/linux-mainline-k230-drm-src/build/tools/bpf/resolve_btfids/libbpf/libbpf.a
  INSTALL /build/linux-mainline-k230-drm-src/build/tools/bpf/resolve_btfids/libbpf//include/bpf/bpf.h
  INSTALL /build/linux-mainline-k230-drm-src/build/tools/bpf/resolve_btfids/libbpf//include/bpf/libbpf.h
  INSTALL /build/linux-mainline-k230-drm-src/build/tools/bpf/resolve_btfids/libbpf//include/bpf/btf.h
  INSTALL /build/linux-mainline-k230-drm-src/build/tools/bpf/resolve_btfids/libbpf//include/bpf/libbpf_common.h
  INSTALL /build/linux-mainline-k230-drm-src/build/tools/bpf/resolve_btfids/libbpf//include/bpf/libbpf_legacy.h
  INSTALL /build/linux-mainline-k230-drm-src/build/tools/bpf/resolve_btfids/libbpf//include/bpf/bpf_helpers.h
  INSTALL /build/linux-mainline-k230-drm-src/build/tools/bpf/resolve_btfids/libbpf//include/bpf/bpf_tracing.h
  INSTALL /build/linux-mainline-k230-drm-src/build/tools/bpf/resolve_btfids/libbpf//include/bpf/bpf_endian.h
  INSTALL /build/linux-mainline-k230-drm-src/build/tools/bpf/resolve_btfids/libbpf//include/bpf/bpf_core_read.h
  INSTALL /build/linux-mainline-k230-drm-src/build/tools/bpf/resolve_btfids/libbpf//include/bpf/skel_internal.h
  INSTALL /build/linux-mainline-k230-drm-src/build/tools/bpf/resolve_btfids/libbpf//include/bpf/libbpf_version.h
  INSTALL /build/linux-mainline-k230-drm-src/build/tools/bpf/resolve_btfids/libbpf//include/bpf/usdt.bpf.h
  INSTALL /build/linux-mainline-k230-drm-src/build/tools/bpf/resolve_btfids/libbpf//include/bpf/bpf_helper_defs.h
  INSTALL libbpf_headers
  MKDIR     /build/linux-mainline-k230-drm-src/build/tools/bpf/resolve_btfids//libsubcmd
  CC      /build/linux-mainline-k230-drm-src/build/tools/bpf/resolve_btfids/libsubcmd/exec-cmd.o
  CC      /build/linux-mainline-k230-drm-src/build/tools/bpf/resolve_btfids/libsubcmd/help.o
  CC      /build/linux-mainline-k230-drm-src/build/tools/bpf/resolve_btfids/libsubcmd/pager.o
  CC      /build/linux-mainline-k230-drm-src/build/tools/bpf/resolve_btfids/libsubcmd/parse-options.o
  CC      /build/linux-mainline-k230-drm-src/build/tools/bpf/resolve_btfids/libsubcmd/run-command.o
  CC      /build/linux-mainline-k230-drm-src/build/tools/bpf/resolve_btfids/libsubcmd/sigchain.o
  CC      /build/linux-mainline-k230-drm-src/build/tools/bpf/resolve_btfids/libsubcmd/subcmd-config.o
  LD      /build/linux-mainline-k230-drm-src/build/tools/bpf/resolve_btfids/libsubcmd/libsubcmd-in.o
  AR      /build/linux-mainline-k230-drm-src/build/tools/bpf/resolve_btfids/libsubcmd/libsubcmd.a
  HOSTCC  /build/linux-mainline-k230-drm-src/build/tools/bpf/resolve_btfids/main.o
  HOSTCC  /build/linux-mainline-k230-drm-src/build/tools/bpf/resolve_btfids/rbtree.o
  HOSTCC  /build/linux-mainline-k230-drm-src/build/tools/bpf/resolve_btfids/zalloc.o
  HOSTCC  /build/linux-mainline-k230-drm-src/build/tools/bpf/resolve_btfids/string.o
  HOSTCC  /build/linux-mainline-k230-drm-src/build/tools/bpf/resolve_btfids/ctype.o
  HOSTCC  /build/linux-mainline-k230-drm-src/build/tools/bpf/resolve_btfids/str_error_r.o
  HOSTLD  /build/linux-mainline-k230-drm-src/build/tools/bpf/resolve_btfids/resolve_btfids-in.o
  LINK     resolve_btfids
make[1]: Leaving directory '/build/linux-mainline-k230-drm-src/build'
configurePhase completed in 54 seconds
Running phase: buildPhase
@nix { "action": "setPhase", "phase": "buildPhase" }
build flags: -j16 SHELL=/nix/store/svx59425zxp552p2b8gm11qj5r09b56i-bash-5.3p15/bin/bash O=\$\(buildRoot\) --eval=undefine\ modules CC=/nix/store/y459kw0vfhc8gxn7h647bn5gfb2d19g1-riscv64-unknown-linux-gnu-gcc-15.3.0/bin/riscv64-unknown-linux-gnu-gcc LD=/nix/store/9ms2hmks2xw9v039in56q8n21d2rak23-riscv64-unknown-linux-gnu-binutils-2.46/bin/riscv64-unknown-linux-gnu-ld AR=/nix/store/4j2mwxqjvnyr6da0925sp0bm4jaj5r5i-riscv64-unknown-linux-gnu-gcc-wrapper-15.3.0/bin/riscv64-unknown-linux-gnu-ar NM=/nix/store/4j2mwxqjvnyr6da0925sp0bm4jaj5r5i-riscv64-unknown-linux-gnu-gcc-wrapper-15.3.0/bin/riscv64-unknown-linux-gnu-nm STRIP=/nix/store/9ms2hmks2xw9v039in56q8n21d2rak23-riscv64-unknown-linux-gnu-binutils-2.46/bin/riscv64-unknown-linux-gnu-strip OBJCOPY=/nix/store/4j2mwxqjvnyr6da0925sp0bm4jaj5r5i-riscv64-unknown-linux-gnu-gcc-wrapper-15.3.0/bin/riscv64-unknown-linux-gnu-objcopy OBJDUMP=/nix/store/4j2mwxqjvnyr6da0925sp0bm4jaj5r5i-riscv64-unknown-linux-gnu-gcc-wrapper-15.3.0/bin/riscv64-unknown-linux-gnu-objdump READELF=/nix/store/4j2mwxqjvnyr6da0925sp0bm4jaj5r5i-riscv64-unknown-linux-gnu-gcc-wrapper-15.3.0/bin/riscv64-unknown-linux-gnu-readelf HOSTCC=/nix/store/z4c6k0mrlkwl3s4w9ysxc8vq1wylm3ms-gcc-wrapper-15.3.0/bin/cc HOSTCXX=/nix/store/z4c6k0mrlkwl3s4w9ysxc8vq1wylm3ms-gcc-wrapper-15.3.0/bin/c++ HOSTAR=/nix/store/0fdc105g1896ganr8916rsjxhvr9qv5b-binutils-wrapper-2.46/bin/ar HOSTLD=/nix/store/0fdc105g1896ganr8916rsjxhvr9qv5b-binutils-wrapper-2.46/bin/ld ARCH=riscv CROSS_COMPILE=riscv64-unknown-linux-gnu- KBUILD_BUILD_VERSION=1-NixOS Image vmlinux scripts_gdb modules dtbs DTC_FLAGS=-@ KBUILD_BUILD_TIMESTAMP=Tue\ Jan\ \ 1\ 00:00:00\ UTC\ 1980
  DESCEND bpf/resolve_btfids
  DTC     arch/riscv/boot/dts/allwinner/sun20i-d1-clockworkpi-v3.14.dtb
  DTC     arch/riscv/boot/dts/allwinner/sun20i-d1-devterm-v3.14.dtb
  DTC     arch/riscv/boot/dts/microchip/mpfs-beaglev-fire.dtb
  DTC     arch/riscv/boot/dts/eswin/eic7700-hifive-premier-p550.dtb
  DTC     arch/riscv/boot/dts/sifive/hifive-unleashed-a00.dtb
  DTC     arch/riscv/boot/dts/sophgo/cv1800b-milkv-duo.dtb
  DTC     arch/riscv/boot/dts/spacemit/k1-bananapi-cm6-io.dtb
  DTC     arch/riscv/boot/dts/spacemit/k1-bananapi-f3.dtb
  DTC     arch/riscv/boot/dts/spacemit/k1-milkv-jupiter.dtb
  DTC     arch/riscv/boot/dts/starfive/jh7100-beaglev-starlight.dtb
  DTC     arch/riscv/boot/dts/tenstorrent/blackhole-card.dtb
  DTC     arch/riscv/boot/dts/thead/th1520-lichee-pi-4a.dtb
  DTC     arch/riscv/boot/dts/sifive/hifive-unmatched-a00.dtb
  DTC     arch/riscv/boot/dts/sophgo/cv1812h-huashan-pi.dtb
  DTC     arch/riscv/boot/dts/microchip/mpfs-disco-kit.dtb
  DTC     arch/riscv/boot/dts/sophgo/sg2000-milkv-duo-s.dtb
  DTC     arch/riscv/boot/dts/microchip/mpfs-icicle-kit.dtb
  DTC     arch/riscv/boot/dts/starfive/jh7100-starfive-visionfive-v1.dtb
  DTC     arch/riscv/boot/dts/spacemit/k1-musepi-pro.dtb
  DTC     arch/riscv/boot/dts/thead/th1520-beaglev-ahead.dtb
  DTC     arch/riscv/boot/dts/spacemit/k1-orangepi-r2s.dtb
  SYMLINK scripts/gdb/linux/__init__.py
  SYMLINK scripts/gdb/linux/bpf.py
  SYMLINK scripts/gdb/linux/clk.py
  DTC     arch/riscv/boot/dts/sophgo/sg2002-licheerv-nano-b.dtb
  DTC     arch/riscv/boot/dts/starfive/jh7110-deepcomputing-fml13v01.dtb
  DTC     arch/riscv/boot/dts/allwinner/sun20i-d1-dongshan-nezha-stu.dtb
  SYMLINK scripts/gdb/linux/config.py
  SYMLINK scripts/gdb/linux/cpus.py
  SYMLINK scripts/gdb/linux/device.py
  SYMLINK scripts/gdb/linux/dmesg.py
  DTC     arch/riscv/boot/dts/allwinner/sun20i-d1-lichee-rv-86-panel-480p.dtb
  DTC     arch/riscv/boot/dts/starfive/jh7110-milkv-mars.dtb
  DTC     arch/riscv/boot/dts/microchip/mpfs-icicle-kit-prod.dtb
  SYMLINK scripts/gdb/linux/genpd.py
  SYMLINK scripts/gdb/linux/interrupts.py
  DTC     arch/riscv/boot/dts/microchip/mpfs-m100pfsevp.dtb
  SYMLINK scripts/gdb/linux/kasan.py
  DTC     arch/riscv/boot/dts/andes/qilai-voyager.dtb
  DTC     arch/riscv/boot/dts/microchip/mpfs-polarberry.dtb
  DTC     arch/riscv/boot/dts/anlogic/dr1v90-mlkpai-fs01.dtb
  DTC     arch/riscv/boot/dts/canaan/canaan_kd233.dtb
  SYMLINK scripts/gdb/linux/lists.py
  DTC     arch/riscv/boot/dts/sophgo/sg2002-milkv-duo256m.dtb
  DTC     arch/riscv/boot/dts/spacemit/k1-orangepi-rv2.dtb
  SYMLINK scripts/gdb/linux/mapletree.py
  DTC     arch/riscv/boot/dts/sophgo/sg2042-milkv-pioneer.dtb
  SYMLINK scripts/gdb/linux/mm.py
  SYMLINK scripts/gdb/linux/modules.py
  SYMLINK scripts/gdb/linux/page_owner.py
  DTC     arch/riscv/boot/dts/sophgo/sg2042-evb-v1.dtb
  SYMLINK scripts/gdb/linux/pgtable.py
  DTC     arch/riscv/boot/dts/microchip/mpfs-sev-kit.dtb
  DTC     arch/riscv/boot/dts/microchip/mpfs-tysom-m.dtb
  DTC     arch/riscv/boot/dts/sophgo/sg2042-evb-v2.dtb
  DTC     arch/riscv/boot/dts/starfive/jh7110-milkv-marscm-emmc.dtb
  SYMLINK scripts/gdb/linux/proc.py
  DTC     arch/riscv/boot/dts/sophgo/sg2044-sophgo-srd3-10.dtb
  DTC     arch/riscv/boot/dts/allwinner/sun20i-d1-lichee-rv-86-panel-720p.dtb
  SYMLINK scripts/gdb/linux/radixtree.py
  DTC     arch/riscv/boot/dts/starfive/jh7110-milkv-marscm-lite.dtb
  SYMLINK scripts/gdb/linux/rbtree.py
  SYMLINK scripts/gdb/linux/slab.py
  DTC     arch/riscv/boot/dts/canaan/k210_generic.dtb
  DTC     arch/riscv/boot/dts/microchip/pic64gx-curiosity-kit.dtb
  DTC     arch/riscv/boot/dts/spacemit/k3-com260-ifx.dtb
  SYMLINK scripts/gdb/linux/stackdepot.py
  SYMLINK scripts/gdb/linux/symbols.py
  SYMLINK scripts/gdb/linux/tasks.py
  DTC     arch/riscv/boot/dts/spacemit/k3-deepcomputing-fml13v05.dtb
  SYMLINK scripts/gdb/linux/timerlist.py
  SYMLINK scripts/gdb/linux/utils.py
  DTC     arch/riscv/boot/dts/canaan/k230-canmv.dtb
  SYMLINK scripts/gdb/linux/vfs.py
  SYMLINK scripts/gdb/linux/vmalloc.py
  SYMLINK scripts/gdb/linux/xarray.py
  GEN     scripts/gdb/linux/constants.py
  DTC     arch/riscv/boot/dts/canaan/k230-evb.dtb
  DTC     arch/riscv/boot/dts/allwinner/sun20i-d1-lichee-rv-dock.dtb
  DTC     arch/riscv/boot/dts/starfive/jh7110-orangepi-rv.dtb
  DTC     arch/riscv/boot/dts/starfive/jh7110-pine64-star64.dtb
  DTC     arch/riscv/boot/dts/allwinner/sun20i-d1-lichee-rv.dtb
  DTC     arch/riscv/boot/dts/allwinner/sun20i-d1-mangopi-mq-pro.dtb
  DTC     arch/riscv/boot/dts/spacemit/k3-pico-itx.dtb
  DTC     arch/riscv/boot/dts/allwinner/sun20i-d1-nezha.dtb
  DTC     arch/riscv/boot/dts/allwinner/sun20i-d1s-mangopi-mq.dtb
  DTC     arch/riscv/boot/dts/starfive/jh7110-starfive-visionfive-2-lite.dtb
  DTC     arch/riscv/boot/dts/canaan/sipeed_maix_bit.dtb
  DTC     arch/riscv/boot/dts/starfive/jh7110-starfive-visionfive-2-lite-emmc.dtb
  DTC     arch/riscv/boot/dts/canaan/sipeed_maix_dock.dtb
  DTC     arch/riscv/boot/dts/canaan/sipeed_maix_go.dtb
  CC      init/main.o
  CC      init/do_mounts.o
  DTC     arch/riscv/boot/dts/starfive/jh7110-starfive-visionfive-2-v1.2a.dtb
  UPD     init/utsversion-tmp.h
  DTC     arch/riscv/boot/dts/starfive/jh7110-starfive-visionfive-2-v1.3b.dtb
  DTC     arch/riscv/boot/dts/canaan/sipeed_maixduino.dtb
  CC      init/do_mounts_initrd.o
  HOSTCC  usr/gen_init_cpio
  CC      init/initramfs.o
  CC      init/calibrate.o
  CC      init/init_task.o
  LDS     scripts/module.lds
  CC      init/version.o
  CC      certs/system_keyring.o
  CC      kernel/fork.o
  HOSTCC  certs/extract-cert
  AR      arch/riscv/net/built-in.a
  CC      arch/riscv/mm/init.o
  CC      arch/riscv/mm/extable.o
  AS      arch/riscv/kernel/head.o
  AR      arch/riscv/crypto/built-in.a
  CC      arch/riscv/kernel/soc.o
  CC      arch/riscv/kernel/alternative.o
  CC      arch/riscv/errata/andes/errata.o
  GEN     usr/initramfs_data.cpio
  CC      arch/riscv/mm/fault.o
  COPY    usr/initramfs_inc_data
  AS      usr/initramfs_data.o
  CC      arch/riscv/mm/pageattr.o
  AR      usr/built-in.a
  CC      mm/filemap.o
  CC      arch/riscv/purgatory/purgatory.o
  CC      mm/mempool.o
  CC      arch/riscv/purgatory/sha256.o
  AS      arch/riscv/purgatory/entry.o
  CERT    certs/x509_certificate_list
  CERT    certs/signing_key.x509
  AS      certs/system_certificates.o
  AR      arch/riscv/errata/andes/built-in.a
  AS      arch/riscv/errata/sifive/errata_cip_453.o
  AR      certs/built-in.a
  CC      arch/riscv/errata/sifive/errata.o
  CC      fs/open.o
  CC      arch/riscv/kernel/cpu.o
  CC      ipc/compat.o
  CC      security/keys/gc.o
  CC      arch/riscv/purgatory/string.o
  CC      security/keys/key.o
  CC      security/keys/keyring.o
  AR      arch/riscv/errata/sifive/built-in.a
  CC      arch/riscv/mm/pgtable.o
  CC      arch/riscv/errata/thead/errata.o
  CC      arch/riscv/purgatory/ctype.o
  CC      security/keys/keyctl.o
  AS      arch/riscv/purgatory/memcpy.o
  AS      arch/riscv/purgatory/memset.o
  CC      arch/riscv/kernel/cpufeature.o
  CC      crypto/api.o
  CC      ipc/util.o
  AS      arch/riscv/purgatory/strcmp.o
  CC      ipc/msgutil.o
  AS      arch/riscv/purgatory/strlen.o
  AS      arch/riscv/purgatory/strncmp.o
  AS      arch/riscv/purgatory/strnlen.o
  AS      arch/riscv/purgatory/strchr.o
  CC      security/keys/permission.o
  AS      arch/riscv/purgatory/strrchr.o
  AR      arch/riscv/errata/thead/built-in.a
  LD      arch/riscv/purgatory/purgatory.ro
  LD      arch/riscv/purgatory/purgatory.chk
  AR      arch/riscv/errata/built-in.a
  AS      arch/riscv/purgatory/kexec-purgatory.o
  CC      arch/riscv/mm/tlbflush.o
  CC      arch/riscv/mm/cacheflush.o
  AR      arch/riscv/purgatory/built-in.a
  CC      ipc/msg.o
  CC      fs/read_write.o
  CC      fs/file_table.o
  AS      arch/riscv/kernel/entry.o
  CC      arch/riscv/kernel/irq.o
  CC      crypto/cipher.o
  CC      kernel/exec_domain.o
  CC      ipc/sem.o
  CC      security/keys/process_keys.o
  CC      security/keys/request_key.o
  CC      arch/riscv/mm/context.o
  CC      arch/riscv/mm/pmem.o
  CC      block/bdev.o
  AR      init/built-in.a
  CC      block/fops.o
  CC      security/keys/request_key_auth.o
  CC      crypto/algapi.o
  CC      crypto/scatterwalk.o
  CC      arch/riscv/mm/hugetlbpage.o
  CC      arch/riscv/kernel/process.o
  CC      arch/riscv/kernel/ptrace.o
  CC      arch/riscv/kernel/reset.o
  CC      kernel/exec_state.o
  CC      io_uring/io_uring.o
  CC      security/keys/user_defined.o
  CC      lib/argv_split.o
  AS      arch/riscv/lib/clear_page.o
  CC      arch/riscv/lib/csum.o
  CC      fs/super.o
  CC      kernel/panic.o
  CC      lib/bug.o
  CC      arch/riscv/lib/delay.o
  CC      kernel/cpu.o
  CC      security/keys/compat.o
  CC      security/keys/compat_dh.o
  AS      arch/riscv/lib/memcpy.o
  CC      arch/riscv/mm/dma-noncoherent.o
  CC      kernel/exit.o
  CC      mm/oom_kill.o
  CC      block/bio.o
  AS      arch/riscv/lib/memmove.o
  CC      arch/riscv/kernel/return_address.o
  CC      crypto/proc.o
  AS      arch/riscv/lib/memset.o
  CC      kernel/softirq.o
  CC      lib/buildid.o
  CC      arch/riscv/lib/riscv_v_helpers.o
  CC      arch/riscv/mm/cache-ops.o
  CC      security/keys/proc.o
  CC      arch/riscv/kernel/setup.o
  CC      crypto/aead.o
  CC      ipc/shm.o
  CC      ipc/syscall.o
  AR      arch/riscv/mm/built-in.a
  CC      ipc/ipc_sysctl.o
  AS      arch/riscv/lib/strchr.o
  CC      lib/clz_tab.o
  AS      arch/riscv/lib/strcmp.o
  CC      security/keys/sysctl.o
  AS      arch/riscv/lib/strlen.o
  CC      lib/cmdline.o
  CC      lib/cpumask.o
  CC      fs/char_dev.o
  CC [M]  arch/riscv/kvm/../../../virt/kvm/kvm_main.o
  AS      arch/riscv/lib/strncmp.o
  AS      arch/riscv/lib/strnlen.o
  CC      ipc/mqueue.o
  CC      ipc/namespace.o
  CC      block/elevator.o
  AS      arch/riscv/lib/strrchr.o
  CC      lib/ctype.o
  CC      crypto/lskcipher.o
  AS      arch/riscv/lib/tishift.o
  CC      arch/riscv/kernel/signal.o
  CC      ipc/mq_sysctl.o
  AS      arch/riscv/lib/uaccess.o
  CC      mm/fadvise.o
  CC      lib/dec_and_lock.o
  AS      arch/riscv/lib/uaccess_vector.o
  CC      security/keys/persistent.o
  AR      arch/riscv/lib/built-in.a
  AR      arch/riscv/lib/lib.a
  CC      kernel/resource.o
  CC      lib/decompress.o
  CC      kernel/sysctl.o
  CC      fs/stat.o
  CC      lib/decompress_bunzip2.o
  CC      drivers/irqchip/irqchip.o
  CC      drivers/irqchip/irq-msi-lib.o
  CC      drivers/cache/sifive_ccache.o
  CC      arch/riscv/kernel/syscall_table.o
  CC      security/keys/dh.o
  CC      mm/maccess.o
  CC      crypto/skcipher.o
  CC      sound/sound_core.o
  CC      kernel/capability.o
  CC      block/blk-core.o
  CC      lib/decompress_inflate.o
  AR      drivers/cache/built-in.a
  CC      block/blk-sysfs.o
  CC      lib/decompress_unlz4.o
  AR      ipc/built-in.a
  CC      io_uring/opdef.o
  CC      sound/core/sound.o
  CC      fs/exec.o
  CC      security/keys/keyctl_pkey.o
  CC      mm/page-writeback.o
  CC      arch/riscv/kernel/sys_riscv.o
  CC      drivers/irqchip/irq-riscv-intc.o
  CC      arch/riscv/kernel/sys_hwprobe.o
  CC      drivers/irqchip/irq-riscv-aplic-main.o
  CC      crypto/bpf_crypto_skcipher.o
  CC      drivers/irqchip/irq-riscv-aplic-direct.o
  AR      sound/i2c/other/built-in.a
  AR      sound/i2c/built-in.a
  CC      mm/folio-compat.o
  CC      mm/readahead.o
  CC      io_uring/kbuf.o
  CC      crypto/ahash.o
  CC      lib/decompress_unlzma.o
  AR      security/keys/built-in.a
  CC      arch/riscv/kernel/time.o
  CC      kernel/ptrace.o
  CC      sound/core/init.o
  CC      kernel/user.o
  CC      security/commoncap.o
  CC      drivers/irqchip/irq-riscv-aplic-msi.o
  CC      drivers/irqchip/irq-riscv-imsic-state.o
  CC      drivers/irqchip/irq-riscv-imsic-early.o
  CC      fs/pipe.o
  CC      lib/decompress_unlzo.o
  CC      fs/namei.o
  CC      io_uring/rsrc.o
  CC      arch/riscv/kernel/traps.o
  CC      mm/folio.o
  CC      mm/truncate.o
  CC      drivers/bus/simple-pm-bus.o
  CC      mm/vmscan.o
  CC      drivers/irqchip/irq-riscv-imsic-platform.o
  CC      lib/decompress_unxz.o
  CC      crypto/shash.o
  CC [M]  arch/riscv/kvm/../../../virt/kvm/eventfd.o
  CC      kernel/signal.o
  CC      sound/core/memory.o
  CC      security/lsm_syscalls.o
  AR      drivers/bus/mhi/built-in.a
  AR      drivers/bus/built-in.a
  CC      crypto/akcipher.o
  CC      block/blk-flush.o
  CC      crypto/sig.o
  CC      lib/decompress_unzstd.o
  CC      drivers/irqchip/irq-riscv-rpmi-sysmsi.o
  CC      drivers/irqchip/irq-sifive-plic.o
  CC      arch/riscv/kernel/riscv_ksyms.o
  CC      fs/fcntl.o
  CC      sound/core/control.o
  CC      lib/dump_stack.o
  CC      security/min_addr.o
  CC      security/security.o
  CC [M]  arch/riscv/kvm/../../../virt/kvm/binary_stats.o
  CC      crypto/kpp.o
  CC      block/blk-settings.o
  CC      arch/riscv/kernel/stacktrace.o
  CC      io_uring/notif.o
  CC [M]  arch/riscv/kvm/../../../virt/kvm/coalesced_mmio.o
  CC      fs/ioctl.o
  CC      drivers/irqchip/irq-starfive-jhb100-intc.o
  CC      lib/earlycpio.o
  CC      lib/extable.o
  CC      crypto/dh.o
  AR      sound/drivers/opl3/built-in.a
  CC [M]  arch/riscv/kvm/../../../virt/kvm/irqchip.o
  AR      sound/drivers/opl4/built-in.a
  CC      arch/riscv/kernel/cacheinfo.o
  AR      sound/drivers/mpu401/built-in.a
  AR      sound/drivers/vx/built-in.a
  CC      net/devres.o
  AR      sound/drivers/pcsp/built-in.a
  AR      sound/drivers/built-in.a
  CC      net/socket.o
  CC      io_uring/tctx.o
  AR      drivers/irqchip/built-in.a
  CC      drivers/phy/phy-core.o
  CC      io_uring/filetable.o
  CC      arch/riscv/kernel/patch.o
  CC      crypto/dh_helper.o
  CC      mm/shrinker.o
  CC      lib/fdt.o
  CC      lib/fdt_addresses.o
  CC [M]  arch/riscv/kvm/../../../virt/kvm/dirty_ring.o
  CC      net/core/sock.o
  CC [M]  arch/riscv/kvm/aia.o
  CC      sound/core/misc.o
  CC      lib/fdt_empty_tree.o
  ASN.1   crypto/rsapubkey.asn1.[ch]
  ASN.1   crypto/rsaprivkey.asn1.[ch]
  CC      arch/riscv/kernel/vendor_extensions.o
  CC      crypto/rsa.o
  CC      drivers/phy/phy-core-mipi-dphy.o
  CC      sound/core/device.o
  AR      drivers/phy/allwinner/built-in.a
  CC [M]  drivers/phy/allwinner/phy-sun4i-usb.o
  AR      drivers/phy/amlogic/built-in.a
  CC      lib/fdt_ro.o
  CC      io_uring/rw.o
  CC      block/blk-ioc.o
  CC [M]  arch/riscv/kvm/aia_aplic.o
  CC      fs/readdir.o
  CC      arch/riscv/kernel/vendor_extensions/andes.o
  AR      sound/isa/ad1816a/built-in.a
  AR      sound/isa/ad1848/built-in.a
  CC      crypto/rsa_helper.o
  CC      crypto/rsa-pkcs1pad.o
  AR      sound/isa/cs423x/built-in.a
  AR      sound/isa/es1688/built-in.a
  AR      sound/isa/galaxy/built-in.a
  AR      sound/isa/gus/built-in.a
  AR      sound/isa/msnd/built-in.a
  AR      sound/isa/opti9xx/built-in.a
  AR      sound/isa/sb/built-in.a
  AR      sound/isa/wavefront/built-in.a
  AR      sound/isa/wss/built-in.a
  AR      sound/isa/built-in.a
  CC      crypto/rsassa-pkcs1.o
  CC      lib/fdt_rw.o
  CC      arch/riscv/kernel/vendor_extensions/mips.o
  AR      sound/pci/ac97/built-in.a
  AR      sound/pci/ali5451/built-in.a
  AR      sound/pci/asihpi/built-in.a
  AR      sound/pci/au88x0/built-in.a
  AR      sound/pci/aw2/built-in.a
  AR      sound/pci/ctxfi/built-in.a
  AR      sound/pci/ca0106/built-in.a
  AR      sound/pci/cs46xx/built-in.a
  AR      sound/pci/cs5535audio/built-in.a
  AR      sound/pci/lola/built-in.a
  AR      sound/pci/lx6464es/built-in.a
  AR      sound/pci/echoaudio/built-in.a
  AR      sound/pci/emu10k1/built-in.a
  AR      sound/pci/ice1712/built-in.a
  AR      sound/pci/korg1212/built-in.a
  AR      sound/pci/mixart/built-in.a
  AR      sound/pci/nm256/built-in.a
  AR      sound/pci/oxygen/built-in.a
  AR      sound/pci/pcxhr/built-in.a
  AR      sound/pci/riptide/built-in.a
  AR      sound/pci/rme9652/built-in.a
  AR      sound/pci/trident/built-in.a
  AR      sound/pci/ymfpci/built-in.a
  AR      sound/pci/vx222/built-in.a
  AR      sound/pci/built-in.a
  CC      crypto/acompress.o
  CC      sound/core/info.o
  CC      lib/fdt_strerror.o
  AR      virt/lib/built-in.a
  CC      arch/riscv/kernel/vendor_extensions/mips_hwprobe.o
  CC      fs/select.o
  AR      virt/built-in.a
  CC      block/blk-map.o
  CC [M]  arch/riscv/kvm/aia_device.o
  CC      fs/dcache.o
  CC      fs/inode.o
  CC [M]  drivers/phy/allwinner/phy-sun6i-mipi-dphy.o
  CC      io_uring/poll.o
  CC      lib/fdt_sw.o
  CC      arch/riscv/kernel/vendor_extensions/sifive.o
  CC      kernel/sys.o
  CC [M]  arch/riscv/kvm/aia_imsic.o
  CC      arch/riscv/kernel/vendor_extensions/sifive_hwprobe.o
  CC      lib/fdt_wip.o
  CC      block/blk-merge.o
  CC      crypto/scompress.o
  CC      crypto/algboss.o
  AR      drivers/phy/apple/built-in.a
  CC      lib/flex_proportions.o
  CC      arch/riscv/kernel/vendor_extensions/thead.o
  AR      drivers/phy/axiado/built-in.a
  AR      drivers/phy/broadcom/built-in.a
  AR      drivers/phy/cadence/built-in.a
  AR      drivers/phy/canaan/built-in.a
  AR      drivers/phy/eswin/built-in.a
  AR      drivers/phy/freescale/built-in.a
  AR      drivers/phy/hisilicon/built-in.a
  CC      mm/shmem.o
  AR      drivers/phy/ingenic/built-in.a
  AR      drivers/phy/intel/built-in.a
  AR      drivers/phy/lantiq/built-in.a
  AR      drivers/phy/marvell/built-in.a
  CC      arch/riscv/kernel/vendor_extensions/thead_hwprobe.o
  AR      drivers/phy/mediatek/built-in.a
  CC      security/lsm_notifier.o
  AR      drivers/phy/microchip/built-in.a
  AR      drivers/phy/motorola/built-in.a
  AR      drivers/phy/mscc/built-in.a
  AR      drivers/phy/nuvoton/built-in.a
  CC      lib/idr.o
  AR      drivers/phy/qualcomm/built-in.a
  AR      drivers/phy/ralink/built-in.a
  AR      drivers/phy/realtek/built-in.a
  CC      sound/core/info_oss.o
  AR      drivers/phy/renesas/built-in.a
  AR      drivers/phy/rockchip/built-in.a
  CC [M]  arch/riscv/kvm/gstage.o
  AR      drivers/phy/samsung/built-in.a
  CC      net/core/skbuff.o
  AR      arch/riscv/kernel/vendor_extensions/built-in.a
  AR      drivers/phy/socionext/built-in.a
  CC      io_uring/tw.o
  AR      drivers/phy/sophgo/built-in.a
  CC      drivers/phy/spacemit/phy-k1-pcie.o
  CC      io_uring/wait.o
  CC      crypto/testmgr.o
  CC      crypto/hmac.o
  CC      sound/core/sound_oss.o
  CC      block/blk-timeout.o
  CC      arch/riscv/kernel/probes/kprobes.o
  CC      security/lsm_init.o
  CC      net/core/datagram.o
  AR      drivers/phy/st/built-in.a
  CC      drivers/pinctrl/core.o
  AR      drivers/phy/spacemit/built-in.a
  CC [M]  arch/riscv/kvm/isa.o
  AR      drivers/phy/starfive/built-in.a
  CC [M]  drivers/phy/starfive/phy-jh7110-dphy-rx.o
  CC      fs/attr.o
  CC      lib/iomem_copy.o
  CC      lib/irq_regs.o
  CC      sound/core/ctljack.o
  CC      crypto/sha1.o
  CC      arch/riscv/kernel/probes/decode-insn.o
  CC      block/blk-lib.o
  CC      kernel/umh.o
  CC      io_uring/eventfd.o
  CC [M]  arch/riscv/kvm/main.o
  CC      crypto/sha256.o
  CC      lib/is_single_threaded.o
  CC      sound/core/jack.o
  CC      security/inode.o
  CC [M]  drivers/phy/starfive/phy-jh7110-pcie.o
  CC [M]  drivers/phy/starfive/phy-jh7110-usb.o
  CC      arch/riscv/kernel/probes/simulate-insn.o
  CC      io_uring/uring_cmd.o
  CC      fs/bad_inode.o
  CC      lib/klist.o
  CC      block/blk-mq.o
  CC      block/blk-mq-tag.o
  CC      crypto/ecb.o
  CC      kernel/workqueue.o
  CC      lib/kobject.o
  CC      drivers/pinctrl/pinctrl-utils.o
  CC      sound/core/timer.o
  CC      fs/file.o
  CC      drivers/pinctrl/pinmux.o
  CC [M]  arch/riscv/kvm/mmu.o
  HOSTCC  security/selinux/genheaders
  AR      drivers/phy/sunplus/built-in.a
  AR      drivers/phy/tegra/built-in.a
  CC      arch/riscv/kernel/probes/rethook.o
  AR      drivers/phy/ti/built-in.a
  AR      drivers/phy/xilinx/built-in.a
  AR      drivers/phy/built-in.a
  CC      drivers/pinctrl/pinconf.o
  CC      mm/util.o
  CC      crypto/cbc.o
  GEN     security/selinux/flask.h security/selinux/av_permissions.h
  CC      security/selinux/avc.o
  CC      io_uring/openclose.o
  AS      arch/riscv/kernel/probes/rethook_trampoline.o
  CC      sound/core/pcm.o
  CC [M]  arch/riscv/kvm/nacl.o
  CC      arch/riscv/kernel/probes/uprobes.o
  CC      crypto/cts.o
  CC      crypto/xts.o
  CC      drivers/pinctrl/pinconf-generic.o
  CC      lib/kobject_uevent.o
  CC      io_uring/sqpoll.o
  CC      lib/logic_pio.o
  AR      arch/riscv/kernel/probes/built-in.a
  AR      arch/riscv/kernel/tests/built-in.a
  CC      drivers/pinctrl/pinctrl-generic.o
  CC      arch/riscv/kernel/vdso.o
  CC      fs/filesystems.o
  CC [M]  arch/riscv/kvm/tlb.o
  CC      mm/mmzone.o
  CC      fs/namespace.o
  CC      fs/seq_file.o
  CC      sound/core/pcm_native.o
  CC      drivers/pinctrl/devicetree.o
  CC      crypto/aes.o
  CC      crypto/zstd.o
  OBJCOPY arch/riscv/kernel/vdso/vdso.so
  AS      arch/riscv/kernel/vdso/vdso.o
  CC      lib/maple_tree.o
  AR      arch/riscv/kernel/vdso/built-in.a
  CC      lib/memcat_p.o
  CC      mm/vmstat.o
  CC      io_uring/xattr.o
  CC      drivers/pinctrl/pinctrl-amd.o
  CC      drivers/pinctrl/pinctrl-k230.o
  CC [M]  arch/riscv/kvm/vcpu.o
  OBJCOPY arch/riscv/kernel/vdso_cfi/vdso-cfi.so
  AS      arch/riscv/kernel/vdso_cfi/vdso-cfi.o
  AR      arch/riscv/kernel/vdso_cfi/built-in.a
  CC      arch/riscv/kernel/traps_misaligned.o
  CC      lib/nmi_backtrace.o
  CC      block/blk-mq-dma.o
  CC      net/core/stream.o
  CC      security/selinux/hooks.o
  CC      drivers/pinctrl/pinctrl-th1520.o
  CC      io_uring/nop.o
  CC      arch/riscv/kernel/unaligned_access_speed.o
  CC      kernel/pid.o
  CC      crypto/asymmetric_keys/asymmetric_type.o
  CC      kernel/task_work.o
  CC      io_uring/fs.o
  CC      block/blk-stat.o
  CC      kernel/extable.o
  CC      crypto/kdf_sp800108.o
  CC      net/core/scm.o
  AR      drivers/pinctrl/actions/built-in.a
  AS      arch/riscv/kernel/copy-unaligned.o
  AR      drivers/pinctrl/airoha/built-in.a
  AR      drivers/pinctrl/bcm/built-in.a
  AR      drivers/pinctrl/cirrus/built-in.a
  AS      arch/riscv/kernel/vec-copy-unaligned.o
  AS      arch/riscv/kernel/fpu.o
  AR      drivers/pinctrl/cix/built-in.a
  AR      drivers/pinctrl/freescale/built-in.a
  CC      arch/riscv/kernel/kernel_mode_fpu.o
  CC      crypto/asymmetric_keys/restrict.o
  AR      drivers/pinctrl/mediatek/built-in.a
  CC      security/lsm_audit.o
  AR      drivers/pinctrl/microchip/built-in.a
  CC [M]  arch/riscv/kvm/vcpu_config.o
  CC      io_uring/splice.o
  AR      drivers/pinctrl/mvebu/built-in.a
  CC      mm/backing-dev.o
  CC      block/blk-mq-sysfs.o
  CC      block/blk-mq-cpumap.o
  AR      drivers/pinctrl/nomadik/built-in.a
  CC      arch/riscv/kernel/vector.o
  AR      drivers/pinctrl/nuvoton/built-in.a
  AR      drivers/pinctrl/nxp/built-in.a
  CC [M]  crypto/crypto_engine.o
  AR      drivers/pinctrl/qcom/built-in.a
  CC      sound/core/pcm_lib.o
  CC      kernel/params.o
  CC      crypto/asymmetric_keys/signature.o
  CC      drivers/pinctrl/sophgo/pinctrl-sophgo-common.o
  CC      fs/xattr.o
  CC      net/core/gen_stats.o
  CC [M]  arch/riscv/kvm/vcpu_exit.o
  CC      io_uring/sync.o
  CC      crypto/asymmetric_keys/public_key.o
  CC      arch/riscv/kernel/kernel_mode_vector.o
  CC      block/blk-mq-sched.o
  ASN.1   crypto/asymmetric_keys/x509.asn1.[ch]
  CC      drivers/pinctrl/sophgo/pinctrl-cv18xx.o
  ASN.1   crypto/asymmetric_keys/x509_akid.asn1.[ch]
  CC      block/ioctl.o
  CC      drivers/gpio/gpiolib.o
  CC      drivers/gpio/gpiolib-devres.o
  CC      io_uring/msg_ring.o
  CC      kernel/kthread.o
  CC      crypto/asymmetric_keys/x509_loader.o
  CC [M]  arch/riscv/kvm/vcpu_fp.o
  CC      drivers/pinctrl/sophgo/pinctrl-cv1800b.o
  CC      lib/objpool.o
  CC      arch/riscv/kernel/smpboot.o
  CC      crypto/asymmetric_keys/x509_public_key.o
  ASN.1   crypto/asymmetric_keys/pkcs7.asn1.[ch]
  CC      kernel/sys_ni.o
  CC      net/core/gen_estimator.o
  CC      net/core/net_namespace.o
  CC      sound/core/pcm_misc.o
  CC      lib/plist.o
  CC      crypto/asymmetric_keys/pkcs7_trust.o
  CC      mm/mm_init.o
  CC      drivers/pinctrl/sophgo/pinctrl-cv1812h.o
  CC      io_uring/advise.o
  CC      lib/radix-tree.o
  AR      sound/ppc/built-in.a
  CC      kernel/nsproxy.o
  CC      crypto/asymmetric_keys/pkcs7_verify.o
  CC      arch/riscv/kernel/smp.o
  CC [M]  arch/riscv/kvm/vcpu_insn.o
  CC      sound/core/pcm_memory.o
  CC      sound/core/memalloc.o
  CC      fs/libfs.o
  CC      sound/core/pcm_timer.o
  CC      io_uring/statx.o
  CC      block/genhd.o
  CC      drivers/pinctrl/sophgo/pinctrl-sg2000.o
  CC      arch/riscv/kernel/cpu_ops.o
  CC      crypto/asymmetric_keys/x509.asn1.o
  CC      arch/riscv/kernel/module.o
  CC      crypto/asymmetric_keys/x509_akid.asn1.o
  CC      drivers/gpio/gpiolib-legacy.o
  CC      crypto/asymmetric_keys/x509_cert_parser.o
  CC      lib/ratelimit.o
  CC      net/core/secure_seq.o
  CC [M]  arch/riscv/kvm/vcpu_onereg.o
  CC      sound/core/pcm_drm_eld.o
  CC      kernel/nstree.o
  CC      lib/rbtree.o
  CC      security/selinux/selinuxfs.o
  CC      io_uring/timeout.o
  CC      mm/percpu.o
  CC      net/compat.o
  CC      drivers/pinctrl/sophgo/pinctrl-sg2002.o
  CC      lib/seq_buf.o
  CC      crypto/asymmetric_keys/pkcs7.asn1.o
  CC      net/ethernet/eth.o
  AS      arch/riscv/kernel/suspend_entry.o
  CC      block/ioprio.o
  CC      fs/fs-writeback.o
  CC      drivers/gpio/gpiolib-of.o
  CC      arch/riscv/kernel/suspend.o
  CC      net/core/flow_dissector.o
  CC      lib/siphash.o
  CC      kernel/nscommon.o
  CC      io_uring/cancel.o
  CC      block/badblocks.o
  CC      drivers/gpio/gpiolib-cdev.o
  CC      crypto/asymmetric_keys/pkcs7_parser.o
  AR      drivers/pinctrl/sophgo/built-in.a
  CC      sound/core/pcm_iec958.o
  CC      io_uring/waitid.o
  CC      drivers/pinctrl/spacemit/pinctrl-k1.o
  CC      kernel/notifier.o
  CC      lib/string.o
  AS      arch/riscv/kernel/mcount.o
  CC [M]  arch/riscv/kvm/vcpu_pmu.o
  CC      arch/riscv/kernel/ftrace.o
  CC [M]  arch/riscv/kvm/vcpu_sbi.o
  CC      lib/sys_info.o
  CC      security/selinux/netlink.o
  AR      crypto/asymmetric_keys/built-in.a
  AR      net/ethernet/built-in.a
  CC      block/partitions/core.o
  CC      block/partitions/ldm.o
  CC      sound/core/pcm_dmaengine.o
  CC [M]  crypto/geniv.o
  CC      io_uring/register.o
  CC      lib/timerqueue.o
  AS      arch/riscv/kernel/mcount-dyn.o
  CC      lib/union_find.o
  CC      kernel/ksysfs.o
  CC      arch/riscv/kernel/perf_callchain.o
  AR      drivers/pinctrl/spacemit/built-in.a
  CC      security/selinux/nlmsgtab.o
  CC [M]  crypto/seqiv.o
  CC [M]  arch/riscv/kvm/vcpu_sbi_base.o
  CC      drivers/gpio/gpiolib-acpi-core.o
  CC      lib/vsprintf.o
  CC      mm/slab_common.o
  AR      drivers/pinctrl/sprd/built-in.a
  CC      drivers/pinctrl/starfive/pinctrl-starfive-jh7100.o
  CC      kernel/cred.o
  CC      drivers/pinctrl/starfive/pinctrl-starfive-jh7110.o
  CC      kernel/reboot.o
  CC      arch/riscv/kernel/perf_regs.o
  CC [M]  crypto/echainiv.o
  CC      block/partitions/msdos.o
  CC [M]  arch/riscv/kvm/vcpu_sbi_forward.o
  CC      io_uring/truncate.o
  CC      io_uring/memmap.o
  CC      security/selinux/netif.o
  AR      sound/core/oss/built-in.a
  AR      sound/core/built-in.a
  CC      drivers/gpio/gpiolib-acpi-quirks.o
  AR      sound/arm/built-in.a
  CC      arch/riscv/kernel/sbi.o
  AR      sound/sh/built-in.a
  AR      sound/synth/built-in.a
  AR      sound/usb/misc/built-in.a
  AR      sound/usb/usx2y/built-in.a
  AR      sound/usb/caiaq/built-in.a
  AR      sound/usb/6fire/built-in.a
  CC [M]  crypto/cmac.o
  AR      sound/usb/hiface/built-in.a
  AR      sound/usb/bcd2000/built-in.a
  AR      sound/usb/qcom/built-in.a
  AR      sound/usb/built-in.a
  CC      kernel/async.o
  CC      drivers/pinctrl/starfive/pinctrl-starfive-jh7110-sys.o
  AR      sound/firewire/built-in.a
  CC      drivers/pwm/core.o
  CC      fs/pnode.o
  AR      sound/sparc/built-in.a
  CC      drivers/gpio/gpiolib-swnode.o
  CC      block/partitions/efi.o
  CC [M]  arch/riscv/kvm/vcpu_sbi_fwft.o
  AR      sound/spi/built-in.a
  AR      sound/parisc/built-in.a
  AR      drivers/leds/blink/built-in.a
  CC      arch/riscv/kernel/sbi_ecall.o
  CC      io_uring/alloc_cache.o
  AR      drivers/leds/simatic/built-in.a
  AR      drivers/leds/built-in.a
  CC [M]  crypto/sha512.o
  CC      kernel/range.o
  CC      arch/riscv/kernel/sbi-ipi.o
  AR      sound/pcmcia/vx/built-in.a
  AR      sound/pcmcia/pdaudiocf/built-in.a
  AR      sound/pcmcia/built-in.a
  AR      sound/mips/built-in.a
  CC      net/core/sysctl_net_core.o
  CC      sound/soc/soc-core.o
  CC      kernel/smpboot.o
  CC      drivers/pinctrl/starfive/pinctrl-starfive-jh7110-aon.o
  CC      security/selinux/netnode.o
  CC      drivers/gpio/gpio-mmio.o
  CC      io_uring/query.o
  CC [M]  crypto/ctr.o
  CC      lib/win_minmax.o
  CC      sound/soc/soc-dapm.o
  AR      block/partitions/built-in.a
  CC [M]  arch/riscv/kvm/vcpu_sbi_hsm.o
  CC      block/blk-rq-qos.o
  CC      kernel/ucount.o
  CC      arch/riscv/kernel/cpu_ops_sbi.o
  CC      fs/splice.o
  CC      lib/xarray.o
  AR      drivers/pinctrl/starfive/built-in.a
  CC [M]  crypto/gcm.o
  CC      mm/compaction.o
  AR      drivers/pinctrl/sunplus/built-in.a
  CC      block/disk-events.o
  CC      drivers/pinctrl/sunxi/pinctrl-sunxi.o
  CC      kernel/regset.o
  CC      drivers/gpio/gpio-dwapb.o
  CC      io_uring/loop.o
  CC      security/selinux/netport.o
  CC      arch/riscv/kernel/cpu-hotplug.o
  CC [M]  arch/riscv/kvm/vcpu_sbi_pmu.o
  CC [M]  drivers/pwm/pwm-pxa.o
  CC      net/core/dev.o
  CC      kernel/ksyms_common.o
  CC      arch/riscv/kernel/paravirt.o
  CC      block/blk-ia-ranges.o
  CC [M]  crypto/camellia_generic.o
  CC      io_uring/zcrx.o
  CC      lib/lockref.o
  CC      drivers/gpio/gpio-sifive.o
  AR      drivers/pwm/built-in.a
  AS      arch/riscv/kernel/kexec_relocate.o
  CC [M]  arch/riscv/kvm/vcpu_sbi_replace.o
  CC      fs/sync.o
  CC      security/selinux/status.o
  CC      kernel/groups.o
  CC      lib/bcd.o
  AS      arch/riscv/kernel/crash_save_regs.o
  CC      drivers/pinctrl/sunxi/pinctrl-sunxi-dt.o
  CC      block/early-lookup.o
  CC      kernel/sched/core.o
  CC      arch/riscv/kernel/machine_kexec.o
  CC      lib/sort.o
  CC      sound/soc/soc-jack.o
  CC      drivers/pci/access.o
  CC [M]  crypto/authenc.o
  CC      drivers/gpio/gpio-spacemit-k1.o
  CC      lib/parser.o
  CC      drivers/pci/bus.o
  CC      drivers/pinctrl/sunxi/pinctrl-sun20i-d1.o
  CC [M]  arch/riscv/kvm/vcpu_sbi_sta.o
  CC      arch/riscv/kernel/kexec_elf.o
  CC      block/bsg.o
  CC      fs/utimes.o
  CC      security/selinux/initcalls.o
  CC      mm/show_mem.o
  CC      lib/debug_locks.o
  CC      security/selinux/ss/ebitmap.o
  AR      drivers/pinctrl/sunxi/built-in.a
  CC      drivers/gpio/gpio-k230.o
  CC      sound/soc/soc-utils.o
  AR      drivers/pinctrl/tegra/built-in.a
  AR      drivers/pinctrl/ti/built-in.a
  CC      drivers/pinctrl/ultrarisc/pinctrl-ultrarisc.o
  CC      arch/riscv/kernel/kexec_image.o
  CC      sound/soc/soc-dai.o
  CC      fs/d_path.o
  CC      drivers/pci/probe.o
  CC [M]  arch/riscv/kvm/vcpu_sbi_system.o
  CC [M]  crypto/authencesn.o
  CC      drivers/pinctrl/ultrarisc/pinctrl-dp1000.o
  CC      block/blk-cgroup.o
  CC      io_uring/io-wq.o
  CC      lib/random32.o
  CC      mm/interval_tree.o
  CC [M]  drivers/gpio/gpio-pca953x.o
  CC      sound/soc/soc-component.o
  CC      arch/riscv/kernel/machine_kexec_file.o
  CC      lib/bust_spinlocks.o
  CC      security/selinux/ss/hashtab.o
  AS [M]  arch/riscv/kvm/vcpu_switch.o
  CC [M]  arch/riscv/kvm/vcpu_timer.o
  CC [M]  crypto/krb5enc.o
  CC      fs/stack.o
  CC      mm/list_lru.o
  CC      lib/kasprintf.o
  CC      security/selinux/ss/symtab.o
  CC      arch/riscv/kernel/crash_dump.o
  CC [M]  crypto/af_alg.o
  CC      security/selinux/ss/sidtab.o
  CC      lib/bitmap.o
  AR      drivers/gpio/built-in.a
  CC      block/blk-cgroup-rwstat.o
  CC [M]  arch/riscv/kvm/vcpu_vector.o
  CC      fs/fs_struct.o
  CC      block/blk-throttle.o
  CC      arch/riscv/kernel/vmcore_info.o
  CC      io_uring/futex.o
  CC      sound/soc/soc-pcm.o
  CC      mm/workingset.o
  CC [M]  crypto/algif_hash.o
  CC      block/blk-iolatency.o
  AR      drivers/pinctrl/ultrarisc/built-in.a
  AR      drivers/pinctrl/built-in.a
  CC      drivers/pci/host-bridge.o
  CC      block/blk-iocost.o
  CC      arch/riscv/kernel/jump_label.o
  CC      lib/scatterlist.o
  CC      fs/statfs.o
  CC      security/selinux/ss/avtab.o
  CC      drivers/pci/remove.o
  CC      io_uring/epoll.o
  CC      arch/riscv/kernel/efi.o
  CC      drivers/pci/pci.o
  CC [M]  arch/riscv/kvm/vm.o
  CC      drivers/pci/pci-driver.o
  CC      crypto/rsapubkey.asn1.o
  CC      io_uring/napi.o
  CC [M]  crypto/krb5/krb5_kdf.o
  CC      mm/debug.o
  CC      io_uring/net.o
  CC      security/selinux/ss/policydb.o
  CC      security/selinux/ss/services.o
  CC      fs/fs_pin.o
  CC      lib/list_sort.o
  CC      sound/soc/soc-devres.o
  CC [M]  arch/riscv/kvm/vmid.o
  CC [M]  crypto/krb5/krb5_api.o
  CC      arch/riscv/kernel/compat_syscall_table.o
  CC      fs/nsfs.o
  CC      block/mq-deadline.o
  CC      sound/soc/soc-ops.o
  CC      mm/gup.o
  CC      kernel/sched/fair.o
  CC      arch/riscv/kernel/compat_signal.o
  CC [M]  crypto/krb5/rfc3961_simplified.o
  LD [M]  arch/riscv/kvm/kvm.o
  CC      net/core/dev_api.o
  CC      lib/uuid.o
  CC      kernel/sched/build_policy.o
  CC      fs/fs_dirent.o
  OBJCOPY arch/riscv/kernel/compat_vdso/compat_vdso.so
  AS      arch/riscv/kernel/compat_vdso/compat_vdso.o
  AR      sound/atmel/built-in.a
  CC      fs/fs_context.o
  CC      block/kyber-iosched.o
  CC      sound/soc/soc-link.o
  CC      sound/soc/soc-card.o
  CC      fs/fs_parser.o
  AR      arch/riscv/kernel/compat_vdso/built-in.a
  CC      arch/riscv/kernel/pi/cmdline_early.o
  CC      drivers/pci/search.o
  CC      net/core/dev_addr_lists.o
  CC      fs/fsopen.o
  CC      mm/mmap_lock.o
  CC      net/core/dst.o
  CC [M]  crypto/krb5/rfc3962_aes.o
  CC      sound/soc/soc-generic-dmaengine-pcm.o
  CC      io_uring/cmd_net.o
  CC      io_uring/fdinfo.o
  CC      lib/iov_iter.o
  CC      arch/riscv/kernel/pi/fdt_early.o
  CC      drivers/pci/rebar.o
  CC      drivers/pci/rom.o
  CC      security/selinux/ss/conditional.o
  CC      arch/riscv/kernel/pi/string.o
  CC [M]  crypto/krb5/rfc6803_camellia.o
  CC      fs/init.o
  CC      arch/riscv/kernel/pi/ctype.o
  CC      sound/soc/codecs/hdmi-codec.o
  AR      sound/hda/core/built-in.a
  AR      sound/hda/built-in.a
  CC      fs/kernel_read_file.o
  CC      arch/riscv/kernel/pi/lib-fdt.o
  CC      fs/mnt_idmapping.o
  CC      mm/vma_init.o
  CC      net/core/netevent.o
  CC      io_uring/bpf_filter.o
  CC      arch/riscv/kernel/pi/lib-fdt_ro.o
  CC [M]  crypto/krb5/rfc8009_aes2.o
  CC      fs/remap_range.o
  CC      arch/riscv/kernel/pi/archrandom_early.o
  CC      block/bio-integrity.o
  CC      drivers/pci/setup-res.o
  CC      security/apparmor/apparmorfs.o
  OBJCOPY arch/riscv/kernel/pi/cmdline_early.pi.o
  OBJCOPY arch/riscv/kernel/pi/fdt_early.pi.o
  OBJCOPY arch/riscv/kernel/pi/string.pi.o
  OBJCOPY arch/riscv/kernel/pi/ctype.pi.o
  OBJCOPY arch/riscv/kernel/pi/lib-fdt.pi.o
  OBJCOPY arch/riscv/kernel/pi/lib-fdt_ro.pi.o
  OBJCOPY arch/riscv/kernel/pi/archrandom_early.pi.o
  AR      arch/riscv/kernel/pi/built-in.a
  CC      block/blk-integrity.o
  CC      arch/riscv/kernel/acpi.o
  CC      arch/riscv/kernel/acpi_numa.o
  CC      security/selinux/ss/mls.o
  CC      mm/highmem.o
  CC      net/core/neighbour.o
  CC [M]  sound/soc/codecs/spdif_receiver.o
  CC      drivers/pci/irq.o
  LD [M]  crypto/krb5/krb5.o
  CC      lib/clz_ctz.o
  CC      crypto/rsaprivkey.asn1.o
  CC      fs/pidfs.o
  CC      fs/file_attr.o
  CC      block/t10-pi.o
  AR      io_uring/built-in.a
  CC      net/core/rtnetlink.o
  CC      mm/memory.o
  CC      lib/bsearch.o
  CC      arch/riscv/kernel/bugs.o
  CC [M]  sound/soc/codecs/spdif_transmitter.o
  CC      security/selinux/ss/context.o
  CC      drivers/pci/vpd.o
  AR      crypto/built-in.a
  CC      security/selinux/ima.o
  CC      net/core/utils.o
  CC      lib/find_bit.o
  CC      arch/riscv/kernel/usercfi.o
  CC      fs/fserror.o
  CC [M]  sound/soc/codecs/wm8978.o
  CC      block/bio-integrity-auto.o
  CC      lib/llist.o
  CC      net/core/link_watch.o
  CC      drivers/pci/setup-bus.o
  AR      sound/soc/generic/built-in.a
  CC [M]  sound/soc/generic/simple-card-utils.o
  CC      net/core/filter.o
  AR      sound/soc/codecs/built-in.a
  LD [M]  sound/soc/codecs/snd-soc-spdif-rx.o
  LD [M]  sound/soc/codecs/snd-soc-spdif-tx.o
  LD [M]  sound/soc/codecs/snd-soc-wm8978.o
  CC      block/bio-integrity-fs.o
  CC      kernel/locking/mutex.o
  AR      security/selinux/built-in.a
  CC      block/blk-zoned.o
  CC      net/802/fc.o
  CC      lib/lwq.o
  LDS     arch/riscv/kernel/vmlinux.lds
  CC [M]  net/802/psnap.o
  CC      lib/memweight.o
  CC      fs/nullfs.o
  AR      arch/riscv/kernel/built-in.a
  CC      fs/failfs.o
  AR      arch/riscv/built-in.a
  CC [M]  sound/soc/generic/simple-card.o
  CC      security/apparmor/audit.o
  CC      fs/buffer.o
  CC      lib/kfifo.o
  CC      drivers/pci/vc.o
  CC      kernel/power/qos.o
  CC      fs/mpage.o
  CC      kernel/locking/semaphore.o
  LD [M]  sound/soc/generic/snd-soc-simple-card-utils.o
  LD [M]  sound/soc/generic/snd-soc-simple-card.o
  AR      sound/x86/built-in.a
  CC      kernel/locking/rwsem.o
  AR      sound/soc/apple/built-in.a
  CC      block/blk-wbt.o
  AR      sound/soc/adi/built-in.a
  AR      sound/soc/amd/built-in.a
  AR      sound/soc/atmel/built-in.a
  CC      security/yama/yama_lsm.o
  AR      sound/soc/au1x/built-in.a
  CC [M]  net/802/stp.o
  AR      sound/soc/bcm/built-in.a
  CC      security/device_cgroup.o
  AR      sound/soc/cirrus/built-in.a
  CC      drivers/pci/mmap.o
  AR      sound/soc/dwc/built-in.a
  CC [M]  sound/soc/dwc/dwc-i2s.o
  CC      kernel/sched/build_utility.o
  CC      lib/percpu-refcount.o
  GEN     security/apparmor/capability_names.h
  CC      security/apparmor/task.o
  CC      kernel/power/main.o
  CC      security/landlock/setup.o
  CC      lib/rhashtable.o
  CC      drivers/pci/devres.o
  IPE_POL
  CC      security/ipe/digest.o
  CC      mm/mincore.o
  CC      drivers/video/aperture.o
  LD [M]  sound/soc/dwc/designware_i2s.o
  AR      sound/soc/fsl/built-in.a
  CC      kernel/locking/percpu-rwsem.o
  AR      sound/soc/google/built-in.a
  AR      sound/soc/hisilicon/built-in.a
  CC      security/apparmor/ipc.o
  CC      kernel/power/console.o
  AR      security/yama/built-in.a
  CC      block/blk-mq-debugfs.o
  CC      drivers/video/screen_info_generic.o
  AR      sound/soc/jz4740/built-in.a
  AR      sound/soc/loongson/built-in.a
  AR      sound/soc/img/built-in.a
  CC      security/ipe/eval.o
  AR      net/802/built-in.a
  AR      sound/soc/intel/common/built-in.a
  CC      mm/mlock.o
  CC      drivers/pci/msi/pcidev_msi.o
  AR      sound/soc/intel/boards/built-in.a
  AR      sound/soc/intel/built-in.a
  CC      lib/base64.o
  CC      lib/once.o
  AR      sound/soc/mediatek/built-in.a
  CC      fs/proc_namespace.o
  CC      kernel/locking/spinlock.o
  AR      sound/soc/meson/built-in.a
  CC      kernel/power/process.o
  AR      sound/soc/mxs/built-in.a
  AR      sound/soc/kirkwood/built-in.a
  CC      drivers/video/screen_info_pci.o
  CC      security/landlock/syscalls.o
  AR      sound/soc/pxa/built-in.a
  CC      drivers/pci/pcie/portdrv.o
  AR      sound/soc/qcom/built-in.a
  AR      sound/soc/renesas/built-in.a
  AR      sound/soc/rockchip/built-in.a
  CC      drivers/pci/msi/api.o
  AR      sound/soc/samsung/built-in.a
  CC      lib/refcount.o
  AR      sound/soc/sdca/built-in.a
  CC      block/sed-opal.o
  AR      sound/soc/sof/built-in.a
  CC      security/apparmor/lib.o
  CC      drivers/pci/pwrctrl/core.o
  AR      sound/soc/sophgo/built-in.a
  AR      sound/soc/spacemit/built-in.a
  AR      sound/soc/spear/built-in.a
  CC      security/ipe/hooks.o
  AR      sound/soc/sprd/built-in.a
  CC      kernel/locking/osq_lock.o
  AR      sound/soc/starfive/built-in.a
  CC [M]  sound/soc/starfive/jh7110_pwmdac.o
  CC      lib/rcuref.o
  CC      fs/direct-io.o
  CC      drivers/pci/msi/msi.o
  CC      kernel/locking/qspinlock.o
  CC      lib/usercopy.o
  CC      drivers/video/cmdline.o
  CC      kernel/power/suspend.o
  CC      mm/mmap.o
  CC      lib/errseq.o
  CC      drivers/pci/pwrctrl/generic.o
  CC      security/ipe/fs.o
  CC      lib/bucket_locks.o
  CC      security/apparmor/match.o
  CC      security/landlock/object.o
  CC      drivers/pci/pcie/rcec.o
  CC [M]  sound/soc/starfive/jh7110_tdm.o
  CC      drivers/video/nomodeset.o
  CC      kernel/locking/rtmutex_api.o
  CC      kernel/power/wakelock.o
  AR      drivers/pci/pwrctrl/built-in.a
  CC      security/landlock/ruleset.o
  CC      security/ipe/ipe.o
  CC      security/landlock/cred.o
  CC      lib/generic-radix-tree.o
  CC      drivers/video/hdmi.o
  CC      block/blk-pm.o
  AR      sound/soc/sti/built-in.a
  CC      drivers/pci/pcie/bwctrl.o
  CC      drivers/pci/msi/irqdomain.o
  AR      sound/soc/stm/built-in.a
  CC      security/apparmor/path.o
  AR      sound/soc/sunxi/built-in.a
  AR      sound/soc/tegra/built-in.a
  CC      kernel/power/energy_model.o
  CC      fs/notify/fsnotify.o
  AR      sound/soc/ti/built-in.a
  CC      mm/mmu_gather.o
  AR      sound/soc/uniphier/built-in.a
  AR      sound/soc/ux500/built-in.a
  AR      sound/soc/xilinx/built-in.a
  AR      sound/soc/xtensa/built-in.a
  CC      lib/bitmap-str.o
  AR      sound/soc/sdw_utils/built-in.a
  AR      sound/soc/built-in.a
  AR      sound/xen/built-in.a
  CC      kernel/locking/qrwlock.o
  AR      sound/virtio/built-in.a
  CC      sound/last.o
  CC      block/blk-crypto.o
  CC      drivers/video/console/dummycon.o
  CC      drivers/pci/pcie/aspm.o
  CC      drivers/video/backlight/backlight.o
  CC      security/landlock/task.o
  AR      drivers/pci/msi/built-in.a
  CC      security/ipe/policy.o
  CC      drivers/pci/pcie/aer.o
  CC      lib/string_helpers.o
  AR      sound/built-in.a
  CC      drivers/pci/pcie/err.o
  CC      mm/mprotect.o
  AR      drivers/video/console/built-in.a
  CC      drivers/pci/pcie/tlp.o
  AR      kernel/locking/built-in.a
  CC      security/apparmor/domain.o
  CC      fs/notify/notification.o
  CC      block/blk-crypto-profile.o
  CC      drivers/video/fbdev/core/fb_notify.o
  AR      drivers/video/backlight/built-in.a
  CC      security/ipe/policy_fs.o
  CC      security/ipe/policy_parser.o
  CC      lib/hexdump.o
  CC      kernel/power/em_netlink_autogen.o
  CC      net/core/sock_diag.o
  CC      security/ipe/audit.o
  CC      drivers/video/display_timing.o
  CC      security/landlock/fs.o
  CC      security/landlock/tsync.o
  CC      drivers/video/fbdev/core/fb_info.o
  CC      fs/notify/group.o
  CC      drivers/pci/pcie/pme.o
  AR      kernel/sched/built-in.a
  CC      fs/notify/mark.o
  CC      lib/kstrtox.o
  CC      drivers/video/videomode.o
  CC      block/blk-crypto-sysfs.o
  AR      lib/kunit/built-in.a
  CC      block/blk-crypto-fallback.o
  CC      mm/mremap.o
  CC      block/holder.o
  CC      drivers/video/fbdev/core/fbmem.o
  CC      drivers/video/fbdev/core/fbcmap.o
  CC      kernel/power/em_netlink.o
  CC      lib/math/div64.o
  CC      lib/math/gcd.o
  CC      drivers/video/of_display_timing.o
  CC      drivers/video/of_videomode.o
  CC      security/ipe/boot_policy.o
  AR      security/ipe/built-in.a
  CC      drivers/video/fbdev/core/modedb.o
  CC      lib/math/lcm.o
  CC      lib/math/int_log.o
  AR      drivers/pci/pcie/built-in.a
  CC      drivers/pci/proc.o
  CC      fs/notify/fdinfo.o
  CC      fs/notify/dnotify/dnotify.o
  CC      security/landlock/domain.o
  CC [M]  block/bfq-iosched.o
  CC      lib/math/int_pow.o
  CC      net/core/dev_ioctl.o
  CC      security/apparmor/policy.o
  CC      lib/math/int_sqrt.o
  AR      kernel/power/built-in.a
  CC      fs/notify/inotify/inotify_fsnotify.o
  CC      fs/notify/inotify/inotify_user.o
  CC      kernel/irq/irqdesc.o
  CC      fs/eventpoll.o
  CC      lib/math/reciprocal_div.o
  CC      kernel/printk/printk.o
  CC      kernel/printk/printk_safe.o
  CC      kernel/irq/handle.o
  CC      drivers/video/fbdev/core/fbcvt.o
  CC      mm/msync.o
  CC      lib/math/rational.o
  AR      fs/notify/dnotify/built-in.a
  AR      drivers/idle/built-in.a
  CC      kernel/printk/nbcon.o
  CC      drivers/pci/pci-sysfs.o
  AR      drivers/char/ipmi/built-in.a
  CC      fs/anon_inodes.o
  AR      lib/math/tests/built-in.a
  AR      lib/math/built-in.a
  CC      security/landlock/net.o
  CC      lib/crc/crc7.o
  CC      lib/crc/crc16.o
  CC      net/core/tso.o
  AR      fs/notify/inotify/built-in.a
  CC      security/integrity/iint.o
  CC      drivers/video/fbdev/core/fb_cmdline.o
  CC      mm/page_vma_mapped.o
  CC      fs/notify/fanotify/fanotify.o
  CC      kernel/rcu/update.o
  CC      kernel/irq/manage.o
  CC      kernel/rcu/sync.o
  CC [M]  block/bfq-wf2q.o
  CC      security/apparmor/policy_unpack.o
  CC      lib/crc/crc-itu-t.o
  CC      drivers/pci/slot.o
  AR      drivers/video/fbdev/omap/built-in.a
  CC      security/apparmor/procattr.o
  CC      drivers/video/fbdev/core/fb_backlight.o
  CC      security/integrity/integrity_audit.o
  CC      mm/pagewalk.o
  CC      net/core/sock_reuseport.o
  CC      security/landlock/id.o
  CC      net/core/fib_notifier.o
  CC      lib/crc/crc-t10dif-main.o
  CC      net/core/xdp.o
  CC      fs/notify/fanotify/fanotify_user.o
  CC [M]  block/bfq-cgroup.o
  CC      kernel/printk/index.o
  CC      drivers/pci/pci-acpi.o
  CC      kernel/irq/spurious.o
  CC      drivers/video/fbdev/core/fbmon.o
  CC      security/integrity/efi_secureboot.o
  CC      security/landlock/log.o
  CC      kernel/printk/printk_ringbuffer.o
  CC      mm/pgtable-generic.o
  CC      mm/rmap.o
  CC      lib/crc/riscv/crc16_msb.o
  CC      drivers/acpi/tables.o
  AR      block/built-in.a
  HOSTCC  lib/crc/gen_crc32table
  LD [M]  block/bfq.o
  CC      security/integrity/ima/ima_fs.o
  CC      security/apparmor/lsm.o
  CC      security/integrity/ima/ima_queue.o
  CC      kernel/irq/resend.o
  CC      kernel/printk/sysctl.o
  CC      lib/crc/riscv/crc32_lsb.o
  CC      security/integrity/ima/ima_init.o
  CC      drivers/pci/iomap.o
  CC      lib/crc/riscv/crc32_msb.o
  CC      drivers/video/fbdev/core/fb_defio.o
  HOSTCC  lib/crc/gen_crc64table
  CC      kernel/rcu/srcutree.o
  AR      kernel/printk/built-in.a
  CC      mm/vmalloc.o
  CC      net/core/flow_offload.o
  AR      fs/notify/fanotify/built-in.a
  AR      fs/notify/built-in.a
  CC      fs/signalfd.o
  CC      security/landlock/audit.o
  CC      lib/crc/riscv/crc64_lsb.o
  CC      security/landlock/trace.o
  CC      kernel/irq/chip.o
  CC      lib/crc/riscv/crc64_msb.o
  CC      drivers/acpi/osi.o
  AR      lib/crc/tests/built-in.a
  CC [M]  lib/crc/crc-ccitt.o
  CC      drivers/pci/of.o
  CC      kernel/irq/dummychip.o
  CC      security/integrity/ima/ima_main.o
  CC      drivers/acpi/osl.o
  CC      drivers/acpi/utils.o
  CC      net/sched/sch_generic.o
  CC      fs/timerfd.o
  CC      drivers/video/fbdev/core/fb_chrdev.o
  CC      kernel/irq/devres.o
  GEN     lib/crc/crc32table.h
  GEN     lib/crc/crc64table.h
  CC      lib/crc/crc32-main.o
  CC      kernel/rcu/tree.o
  CC      drivers/pnp/core.o
  CC      net/core/gro.o
  CC      drivers/pci/quirks.o
  CC      lib/crc/crc64-main.o
  CC      net/core/netdev-genl.o
  CC      kernel/irq/kexec.o
  GEN     security/apparmor/rlim_names.h
  CC      security/apparmor/secid.o
  CC      security/apparmor/file.o
  CC      security/integrity/ima/ima_crypto.o
  AR      security/landlock/built-in.a
  AR      lib/crc/built-in.a
  CC      lib/crypto/hash_info.o
  CC      drivers/acpi/reboot.o
  CC      lib/crypto/memneq.o
  CC      drivers/video/fbdev/core/fb_procfs.o
  CC      kernel/irq/irqdomain.o
  CC      fs/eventfd.o
  CC      drivers/pnp/card.o
  CC      drivers/video/fbdev/core/fbsysfs.o
  CC      lib/crypto/utils.o
  CC      security/integrity/ima/ima_api.o
  CC      drivers/acpi/nvs.o
  CC      kernel/rcu/rcu_segcblist.o
  CC      drivers/pnp/driver.o
  CC      security/apparmor/policy_ns.o
  CC      drivers/amba/bus.o
  CC      lib/crypto/aes.o
  CC      fs/aio.o
  CC      net/sched/sch_mq.o
  CC      drivers/video/fbdev/core/fbcon.o
  CC      drivers/video/fbdev/core/bitblit.o
  CC      kernel/irq/proc.o
  CC      drivers/pnp/resource.o
  CC      drivers/acpi/wakeup.o
  CC      security/integrity/ima/ima_policy.o
  CC      mm/vma.o
  CC      net/core/netdev-genl-gen.o
  CC      drivers/pci/pci-label.o
  AR      drivers/video/fbdev/omap2/omapfb/dss/built-in.a
  AR      drivers/video/fbdev/omap2/omapfb/displays/built-in.a
  AR      drivers/video/fbdev/omap2/omapfb/built-in.a
  AR      drivers/video/fbdev/omap2/built-in.a
  AR      drivers/amba/built-in.a
  CC      net/netlink/af_netlink.o
  AR      lib/tests/built-in.a
  CC      drivers/video/fbdev/efifb.o
  CC      drivers/acpi/device_sysfs.o
  CC      lib/vdso/datastore.o
  CC      net/sched/sch_frag.o
  CC      security/apparmor/label.o
  CC      lib/crypto/blake2s.o
  CC      kernel/irq/migration.o
  CC      drivers/pci/ecam.o
  CC      drivers/pnp/manager.o
  CC      net/core/netdev_work.o
  AR      lib/vdso/built-in.a
  CC      kernel/irq/cpuhotplug.o
  CC      drivers/acpi/device_pm.o
  CC      lib/crypto/chacha-block-generic.o
  CC      fs/crypto/crypto.o
  CC      security/integrity/ima/ima_template.o
  CC      drivers/pnp/support.o
  CC      drivers/pci/vgaarb.o
  CC      kernel/irq/pm.o
  CC      lib/crypto/gf128hash.o
  CC      net/sched/sch_api.o
  CC      drivers/video/fbdev/core/softcursor.o
  CC      lib/crypto/sha1.o
  CC      net/core/gso.o
  CC      net/sched/sch_blackhole.o
  CC      mm/vma_exec.o
  CC      fs/crypto/fname.o
  CC      drivers/acpi/bus.o
  CC      fs/crypto/hkdf.o
  CC      drivers/video/fbdev/core/fbcon_rotate.o
  CC      lib/crypto/sha256.o
  CC      kernel/irq/msi.o
  CC      drivers/pnp/interface.o
  CC      security/integrity/ima/ima_template_lib.o
  CC      drivers/pci/controller/pci-host-common.o
  CC      security/integrity/ima/ima_kexec.o
  CC      drivers/pnp/quirks.o
  AR      kernel/rcu/built-in.a
  CC      mm/process_vm_access.o
  CC      security/apparmor/mount.o
  CC      lib/crypto/sha512.o
  AR      kernel/livepatch/built-in.a
  CC      fs/crypto/hooks.o
  CC      lib/crypto/mpi/generic_mpih-lshift.o
  CC      drivers/video/fbdev/core/fbcon_cw.o
  CC      net/core/net-sysfs.o
  CC      drivers/pnp/system.o
  CC      drivers/acpi/glue.o
  CC      drivers/pci/controller/pci-host-generic.o
  CC      kernel/irq/ipi.o
  CC      net/netlink/genetlink.o
  CC      net/netlink/policy.o
  CC      kernel/irq/ipi-mux.o
  CC      lib/crypto/mpi/generic_mpih-mul1.o
  CC      net/sched/cls_api.o
  CC      security/integrity/ima/ima_asymmetric_keys.o
  CC      fs/crypto/keyring.o
  CC      mm/mseal.o
  CC      net/sched/act_api.o
  CC      drivers/pnp/pnpacpi/core.o
  CC      lib/crypto/mpi/generic_mpih-mul2.o
  CC      drivers/acpi/scan.o
  CC      drivers/pci/controller/pcie-xilinx.o
  CC      net/netlink/diag.o
  CC      drivers/video/fbdev/core/fbcon_ud.o
  CC      kernel/irq/affinity.o
  CC      security/integrity/ima/ima_queue_keys.o
  GEN     security/apparmor/net_names.h
  CC      mm/page_alloc.o
  GEN     security/apparmor/net_names.h
  CC      drivers/pci/controller/dwc/pcie-designware.o
  CC      security/apparmor/policy_compat.o
  CC      lib/crypto/mpi/generic_mpih-mul3.o
  CC      drivers/pnp/pnpacpi/rsparser.o
  CC      fs/crypto/keysetup.o
  CC      kernel/irq/matrix.o
  CC      fs/verity/enable.o
  CC      drivers/video/fbdev/core/fbcon_ccw.o
  CC      drivers/video/fbdev/core/cfbfillrect.o
  CC      lib/crypto/mpi/generic_mpih-rshift.o
  AR      net/netlink/built-in.a
  CC      security/integrity/ima/ima_iint.o
  CC      net/core/hotdata.o
  CC      drivers/pci/controller/dwc/pcie-designware-host.o
  CC      drivers/acpi/mipi-disco-img.o
  CC      fs/verity/hash_algs.o
  AR      drivers/pnp/pnpacpi/built-in.a
  CC      fs/crypto/keysetup_v1.o
  AR      drivers/pnp/built-in.a
  CC      drivers/acpi/resource.o
  CC      lib/crypto/mpi/generic_mpih-sub1.o
  CC      security/apparmor/af_unix.o
  AR      drivers/pci/switch/built-in.a
  CC      drivers/video/fbdev/core/cfbcopyarea.o
  CC      lib/crypto/mpi/generic_mpih-add1.o
  CC      drivers/acpi/acpi_processor.o
  CC      net/bpf/test_run.o
  CC      mm/shuffle.o
  CC      lib/crypto/mpi/mpicoder.o
  AR      security/integrity/ima/built-in.a
  CC      fs/verity/init.o
  CC      mm/page_frag_cache.o
  AR      security/integrity/built-in.a
  CC      mm/init-mm.o
  CC      net/core/netdev_config.o
  CC      fs/crypto/policy.o
  CC      drivers/pci/controller/dwc/pcie-fu740.o
  CC      drivers/acpi/processor_core.o
  AR      kernel/irq/built-in.a
  AR      kernel/liveupdate/built-in.a
  CC      kernel/dma/mapping.o
  CC      net/sched/sch_fifo.o
  CC      drivers/video/fbdev/core/cfbimgblt.o
  CC      kernel/entry/common.o
  CC      drivers/clk/clk-devres.o
  CC      lib/crypto/mpi/mpi-add.o
  CC      security/apparmor/af_inet.o
  CC      drivers/pci/controller/dwc/pcie-spacemit-k1.o
  CC      net/ethtool/ioctl.o
  CC      net/core/netdev_rx_queue.o
  CC      fs/verity/measure.o
  CC      drivers/clk/clk-bulk.o
  CC      lib/crypto/mpi/mpi-bit.o
  CC      drivers/video/fbdev/core/fb_io_fops.o
  CC [M]  net/sched/act_bpf.o
  CC      drivers/pci/controller/dwc/pcie-ultrarisc.o
  CC [M]  net/sched/cls_cgroup.o
  CC      drivers/acpi/pci_root.o
  CC      fs/verity/open.o
  AR      net/bpf/built-in.a
  CC      lib/crypto/mpi/mpi-cmp.o
  CC      kernel/entry/syscall-common.o
  CC      fs/verity/pagecache.o
  CC      fs/crypto/block.o
  CC      drivers/clk/clkdev.o
  CC      net/core/netdev_queues.o
  CC      security/apparmor/crypto.o
  CC      lib/crypto/mpi/mpi-sub-ui.o
  CC      drivers/video/fbdev/core/sysfillrect.o
  CC      mm/memblock.o
  CC      lib/crypto/mpi/mpi-div.o
  AR      drivers/pci/controller/dwc/built-in.a
  CC      drivers/clk/clk.o
  CC      lib/crypto/mpi/mpi-mod.o
  CC      net/core/page_pool.o
  CC      drivers/acpi/pci_link.o
  CC      fs/verity/read_metadata.o
  CC      lib/crypto/mpi/mpi-mul.o
  CC      kernel/entry/virt.o
  CC      drivers/video/fbdev/core/syscopyarea.o
  AR      fs/crypto/built-in.a
  CC      net/core/page_pool_user.o
  CC [M]  net/sched/cls_bpf.o
  CC      security/apparmor/capability.o
  CC      security/apparmor/resource.o
  CC      mm/slub.o
  CC      net/ethtool/common.o
  CC      kernel/dma/direct.o
  CC      lib/crypto/mpi/mpih-cmp.o
  AR      kernel/unwind/built-in.a
  CC      fs/locks.o
  AR      drivers/pci/controller/mobiveil/built-in.a
  CC      drivers/pci/controller/plda/pcie-plda-host.o
  CC      fs/verity/verify.o
  CC      drivers/acpi/pci_irq.o
  AR      kernel/entry/built-in.a
  CC      kernel/dma/coherent.o
  CC      drivers/video/fbdev/core/sysimgblt.o
  CC      drivers/video/fbdev/core/fb_sys_fops.o
  CC      security/apparmor/net.o
  CC      lib/crypto/mpi/mpih-div.o
  CC      kernel/dma/swiotlb.o
  CC      net/core/net-procfs.o
  AR      net/sched/built-in.a
  CC [M]  drivers/pci/controller/plda/pcie-starfive.o
  CC      net/netfilter/core.o
  CC      drivers/dma/dmaengine.o
  CC      drivers/acpi/acpi_apd.o
  CC      net/ethtool/netlink.o
  CC      fs/verity/signature.o
  CC      net/ethtool/bitset.o
  CC      net/ethtool/strset.o
  CC      lib/crypto/mpi/mpih-mul.o
  AR      drivers/video/fbdev/core/built-in.a
  AR      drivers/video/fbdev/built-in.a
  AR      drivers/video/built-in.a
  CC      net/core/netpoll.o
  AR      security/apparmor/built-in.a
  CC      drivers/acpi/acpi_platform.o
  AR      fs/verity/built-in.a
  CC      net/core/fib_rules.o
  CC      kernel/dma/pool.o
  AR      security/built-in.a
  CC      lib/crypto/mpi/mpi-pow.o
  CC      fs/binfmt_misc.o
  CC      kernel/module/main.o
  CC      net/core/net-traces.o
  CC      net/netfilter/nf_log.o
  CC      drivers/acpi/acpi_pnp.o
  AR      drivers/pci/controller/plda/built-in.a
  CC      drivers/acpi/power.o
  CC      kernel/dma/remap.o
  CC      net/ethtool/linkinfo.o
  CC      drivers/dma/virt-dma.o
  CC      net/core/drop_monitor.o
  CC      lib/crypto/mpi/mpiutil.o
  CC      net/core/selftests.o
  CC      drivers/clk/clk-divider.o
  AR      drivers/pci/controller/built-in.a
  AR      kernel/dma/built-in.a
  CC      kernel/kcmp.o
  CC      drivers/pci/trace.o
  CC      fs/binfmt_script.o
  AR      lib/crypto/mpi/built-in.a
  CC [M]  lib/crypto/blake2b.o
  CC      kernel/freezer.o
  CC      drivers/acpi/event.o
  CC      drivers/dma/acpi-dma.o
  CC      drivers/acpi/evged.o
  CC      drivers/clk/clk-fixed-factor.o
  CC      net/ethtool/linkmodes.o
  CC      net/netfilter/nf_queue.o
  CC      net/netfilter/nf_sockopt.o
  CC      fs/binfmt_elf.o
  AR      lib/crypto/built-in.a
  CC      drivers/dma/of-dma.o
  CC      drivers/clk/clk-fixed-rate.o
  CC      drivers/acpi/sysfs.o
  CC      drivers/dma/dw-axi-dmac/dw-axi-dmac-platform.o
  CC      net/netfilter/utils.o
  CC      drivers/clk/clk-gate.o
  CC      net/ethtool/rss.o
  CC      drivers/clk/clk-multiplier.o
  CC      drivers/acpi/property.o
  CC      drivers/clk/clk-mux.o
  CC      net/netfilter/nf_bpf_link.o
  CC      drivers/clk/clk-composite.o
  CC      fs/compat_binfmt_elf.o
  AR      drivers/pci/built-in.a
  LD [M]  lib/crypto/libblake2b.o
  CC      net/netfilter/nf_hooks_lwtunnel.o
  CC [M]  lib/raid/xor/xor-core.o
  CC      net/ipv4/route.o
  AR      lib/raid/xor/tests/built-in.a
  CC      drivers/clk/clk-fractional-divider.o
  AR      drivers/dma/dw-axi-dmac/built-in.a
  CC      kernel/module/strict_rwx.o
  AR      drivers/soc/aspeed/built-in.a
  AR      drivers/soc/apple/built-in.a
  CC      drivers/acpi/debugfs.o
  CC      kernel/module/kmod.o
  AR      drivers/dma/idxd/built-in.a
  AR      drivers/soc/bcm/built-in.a
  AR      drivers/dma/amd/built-in.a
  AR      drivers/dma/loongson/built-in.a
  AR      drivers/dma/mediatek/built-in.a
  CC      drivers/soc/canaan/k230-power-domains.o
  CC      kernel/module/decompress.o
  CC      drivers/clk/clk-gpio.o
  AR      drivers/dma/qcom/built-in.a
  CC      net/ethtool/linkstate.o
  CC      net/ethtool/debug.o
  CC      net/xfrm/xfrm_policy.o
  CC [M]  lib/raid/xor/xor-8regs.o
  AR      drivers/dma/stm32/built-in.a
  AR      drivers/dma/ti/built-in.a
  AR      drivers/dma/xilinx/built-in.a
  CC [M]  drivers/dma/sun6i-dma.o
  CC [M]  net/netfilter/nf_conntrack_core.o
  CC [M]  net/netfilter/nf_conntrack_standalone.o
  CC [M]  lib/raid/xor/xor-32regs.o
  CC [M]  lib/raid/xor/xor-8regs-prefetch.o
  CC      drivers/acpi/acpi_lpat.o
  CC      kernel/module/tree_lookup.o
  CC      drivers/clk/clk-conf.o
  AR      drivers/soc/fsl/built-in.a
  CC      net/ipv4/inetpeer.o
  CC [M]  lib/raid/xor/xor-32regs-prefetch.o
  CC      mm/madvise.o
  CC      fs/backing-file.o
  CC      fs/mbcache.o
  AS [M]  lib/raid/xor/riscv/xor.o
  AR      drivers/soc/canaan/built-in.a
  AR      drivers/soc/fujitsu/built-in.a
  AR      drivers/soc/hisilicon/built-in.a
  CC      drivers/acpi/irq.o
  AR      drivers/soc/imx/built-in.a
  CC [M]  lib/raid/xor/riscv/xor-glue.o
  CC      drivers/clk/clk-k230.o
  AR      drivers/soc/ixp4xx/built-in.a
  AR      drivers/soc/loongson/built-in.a
  AR      drivers/soc/mediatek/built-in.a
  CC      drivers/soc/microchip/mpfs-irqmux.o
  CC [M]  drivers/dma/mmp_pdma.o
  CC      kernel/module/kallsyms.o
  CC      net/ethtool/wol.o
  CC      net/core/netprio_cgroup.o
  CC      net/core/netclassid_cgroup.o
  CC      fs/posix_acl.o
  CC      drivers/clk/clk-rpmi.o
  AR      lib/raid/xor/built-in.a
  LD [M]  lib/raid/xor/xor.o
  AR      lib/raid/raid6/built-in.a
  AR      drivers/clk/actions/built-in.a
  CC [M]  lib/raid/raid6/algos.o
  HOSTCC  lib/raid/raid6/mktables
  CC      net/ipv4/protocol.o
  CC      drivers/acpi/acpi_pcc.o
  CC      drivers/soc/microchip/mpfs-control-scb.o
  AR      drivers/soc/nuvoton/built-in.a
  CC      drivers/acpi/acpica/dsargs.o
  CC      kernel/module/procfs.o
  CC      drivers/clk/analogbits/wrpll-cln28hpc.o
  AR      drivers/dma/built-in.a
  CC      drivers/acpi/acpica/dscontrol.o
  CC      net/ethtool/features.o
  UNROLL  lib/raid/raid6/int1.c
  UNROLL  lib/raid/raid6/int2.c
  UNROLL  lib/raid/raid6/int4.c
  UNROLL  lib/raid/raid6/int8.c
  CC [M]  lib/raid/raid6/recov.o
  CC      net/ethtool/privflags.o
  CC      net/core/lwtunnel.o
  CC      mm/page_io.o
  CC      drivers/soc/microchip/mpfs-mss-top-sysreg.o
  CC      net/core/lwt_bpf.o
  CC      kernel/module/sysfs.o
  CC      net/ipv4/ip_input.o
  CC      net/ethtool/rings.o
  CC      net/xfrm/xfrm_state.o
  CC [M]  lib/raid/raid6/riscv/rvv.o
  AR      drivers/clk/analogbits/built-in.a
  CC      fs/nfs_common/nfs_ssc.o
  CC [M]  net/netfilter/nf_conntrack_expect.o
  CC      fs/nfs_common/common.o
  AR      drivers/soc/microchip/built-in.a
  AR      drivers/soc/pxa/built-in.a
  CC      mm/swap_state.o
  CC      drivers/acpi/acpica/dsdebug.o
  AR      kernel/module/built-in.a
  CC [M]  fs/nfs_common/nfsacl.o
  CC [M]  lib/raid/raid6/riscv/recov_rvv.o
  AR      drivers/clk/aspeed/built-in.a
  AR      drivers/soc/amlogic/built-in.a
  AR      drivers/clk/bcm/built-in.a
  AR      drivers/soc/qcom/built-in.a
  CC      net/xfrm/xfrm_hash.o
  AR      drivers/clk/cix/built-in.a
  CC      drivers/clk/eswin/clk.o
  AR      drivers/soc/renesas/built-in.a
  CC      drivers/clk/eswin/clk-eic7700.o
  CC      net/ethtool/channels.o
  AR      drivers/soc/rockchip/built-in.a
  CC      net/core/dst_cache.o
  AR      drivers/soc/sophgo/built-in.a
  CC      drivers/acpi/acpica/dsfield.o
  CC      kernel/profile.o
  CC      drivers/soc/sunxi/sunxi_sram.o
  TABLE   lib/raid/raid6/tables.c
  CC [M]  lib/raid/raid6/int1.o
  CC [M]  net/netfilter/nf_conntrack_helper.o
  CC      net/ipv4/ip_fragment.o
  CC      kernel/stacktrace.o
  CC [M]  fs/nfs_common/grace.o
  CC [M]  lib/raid/raid6/int2.o
  CC      kernel/time/time.o
  CC      kernel/futex/core.o
  CC      drivers/acpi/acpica/dsinit.o
  CC      kernel/futex/syscalls.o
  CC      net/ethtool/coalesce.o
  CC      net/unix/af_unix.o
  CC      mm/swapfile.o
  AR      fs/nfs_common/built-in.a
  LD [M]  fs/nfs_common/nfs_acl.o
  CC      fs/coredump.o
  CC      net/core/gro_cells.o
  CC      drivers/acpi/acpica/dsmethod.o
  CC      net/unix/garbage.o
  CC [M]  lib/raid/raid6/int4.o
  CC [M]  lib/raid/raid6/int8.o
  CC      drivers/acpi/acpica/dsmthdat.o
  AR      drivers/clk/eswin/built-in.a
  CC      net/ipv4/ip_forward.o
  CC [M]  net/netfilter/nf_conntrack_proto.o
  AR      drivers/soc/sunxi/built-in.a
  AR      drivers/soc/ti/built-in.a
  CC      kernel/time/timer.o
  AR      drivers/soc/versatile/built-in.a
  AR      drivers/clk/imgtec/built-in.a
  AR      drivers/clk/imx/built-in.a
  CC [M]  lib/raid/raid6/tables.o
  AR      drivers/clk/ingenic/built-in.a
  AR      drivers/clk/keystone/built-in.a
  AR      drivers/soc/vt8500/built-in.a
  CC      net/xfrm/xfrm_input.o
  AR      drivers/soc/xilinx/built-in.a
  LD [M]  lib/raid/raid6/raid6_pq.o
  AR      drivers/soc/built-in.a
  CC      drivers/acpi/acpica/dsobject.o
  CC      drivers/acpi/acpica/dsopcode.o
  CC      net/ethtool/pause.o
  AR      lib/raid/built-in.a
  CC      lib/iomap_copy.o
  AR      drivers/clk/mediatek/built-in.a
  CC      drivers/clk/microchip/clk-mpfs.o
  CC      net/ethtool/eee.o
  CC      lib/devres.o
  CC      drivers/acpi/acpica/dspkginit.o
  AR      drivers/clk/mstar/built-in.a
  CC      lib/hweight.o
  CC      kernel/futex/pi.o
  CC      net/core/failover.o
  CC      net/unix/sysctl_net_unix.o
  CC [M]  net/netfilter/nf_conntrack_proto_generic.o
  CC      drivers/acpi/acpica/dsutils.o
  CC      fs/drop_caches.o
  CC      net/core/skmsg.o
  CC      net/ipv4/ip_options.o
  CC      lib/interval_tree.o
  CC      net/ethtool/tsinfo.o
  CC      net/ethtool/cabletest.o
  CC      drivers/clk/microchip/clk-mpfs-ccc.o
  CC      net/ethtool/tunnels.o
  CC      drivers/acpi/acpica/dswexec.o
  CC      kernel/futex/requeue.o
  CC      lib/assoc_array.o
  CC      mm/zswap.o
  CC      mm/dmapool.o
  CC      net/unix/unix_bpf.o
  CC      fs/sysctls.o
  AR      drivers/clk/microchip/built-in.a
  AR      drivers/clk/mvebu/built-in.a
  AR      drivers/clk/ralink/built-in.a
  CC      drivers/acpi/acpica/dswload.o
  CC      kernel/time/hrtimer.o
  CC      net/xfrm/xfrm_output.o
  AR      drivers/clk/renesas/built-in.a
  CC      fs/fhandle.o
  CC      drivers/clk/sifive/sifive-prci.o
  CC [M]  net/netfilter/nf_conntrack_proto_tcp.o
  CC      kernel/futex/waitwake.o
  CC      net/core/sock_map.o
  CC      net/core/bpf_sk_storage.o
  CC      lib/list_debug.o
  CC      lib/bitrev.o
  CC      drivers/acpi/acpica/dswload2.o
  CC      net/ipv4/ip_output.o
  CC      net/ethtool/fec.o
  CC      net/core/bpf_ksock.o
  CC      drivers/acpi/acpica/dswscope.o
  CC      lib/linear_ranges.o
  AR      net/unix/built-in.a
  CC      fs/iomap/trace.o
  CC      net/ipv4/ip_sockglue.o
  AR      drivers/clk/sifive/built-in.a
  AR      kernel/futex/built-in.a
  CC      net/ipv4/inet_hashtables.o
  AR      drivers/clk/socfpga/built-in.a
  CC      drivers/clk/sophgo/clk-cv1800.o
  CC      drivers/acpi/acpica/dswstate.o
  CC      lib/xxhash.o
  CC      drivers/acpi/acpica/evevent.o
  CC      drivers/clk/sophgo/clk-cv18xx-common.o
  CC      kernel/time/sleep_timeout.o
  CC      drivers/clk/spacemit/ccu_common.o
  CC      net/ethtool/eeprom.o
  CC      net/xfrm/xfrm_sysctl.o
  CC      mm/hugetlb.o
  CC      drivers/clk/spacemit/ccu_pll.o
  CC [M]  net/netfilter/nf_conntrack_proto_udp.o
  AR      drivers/pmdomain/actions/built-in.a
  CC      drivers/acpi/acpica/evgpe.o
  AR      drivers/pmdomain/amlogic/built-in.a
  AR      drivers/pmdomain/apple/built-in.a
  AR      drivers/pmdomain/arm/built-in.a
  AR      drivers/pmdomain/bcm/built-in.a
  CC      drivers/clk/sophgo/clk-cv18xx-ip.o
  AR      drivers/pmdomain/imx/built-in.a
  AR      drivers/pmdomain/marvell/built-in.a
  CC      lib/genalloc.o
  CC      kernel/time/timekeeping.o
  AR      drivers/pmdomain/mediatek/built-in.a
  AR      drivers/pmdomain/qcom/built-in.a
  AR      drivers/pmdomain/renesas/built-in.a
  CC      drivers/acpi/acpica/evgpeblk.o
  AR      drivers/pmdomain/rockchip/built-in.a
  CC      fs/iomap/iter.o
  CC      net/core/of_net.o
  AR      drivers/pmdomain/samsung/built-in.a
  AR      drivers/pmdomain/st/built-in.a
  CC      drivers/acpi/acpica/evgpeinit.o
  CC      drivers/pmdomain/starfive/jh71xx-pmu.o
  CC      drivers/clk/spacemit/ccu_mix.o
  CC      fs/iomap/buffered-io.o
  CC      drivers/acpi/acpica/evgpeutil.o
  CC      drivers/clk/sophgo/clk-cv18xx-pll.o
  CC      drivers/clk/sophgo/clk-sg2042-clkgen.o
  CC      fs/iomap/direct-io.o
  CC      net/xfrm/xfrm_replay.o
  CC      net/ethtool/stats.o
  CC      net/ethtool/phc_vclocks.o
  CC      drivers/acpi/acpica/evglock.o
  CC      net/ipv4/inet_timewait_sock.o
  AR      drivers/pmdomain/starfive/built-in.a
  CC      drivers/pmdomain/sunxi/sun20i-ppu.o
  CC      drivers/clk/spacemit/ccu_ddn.o
  CC      net/core/devmem.o
  CC      lib/zlib_inflate/inffast.o
  CC [M]  net/netfilter/nf_conntrack_proto_icmp.o
  CC      drivers/acpi/acpica/evhandler.o
  CC      lib/zlib_deflate/deflate.o
  CC      lib/zlib_inflate/inflate.o
  CC      drivers/clk/sophgo/clk-sg2042-pll.o
  CC      drivers/pmdomain/sunxi/sun55i-pck600.o
  CC      drivers/clk/spacemit/ccu-k1.o
  CC      drivers/acpi/acpica/evmisc.o
  CC      kernel/time/ntp.o
  CC      lib/zlib_inflate/infutil.o
  CC      drivers/acpi/pci_mcfg.o
  CC      net/ethtool/mm.o
  CC      lib/zlib_deflate/deftree.o
  AR      drivers/pmdomain/tegra/built-in.a
  CC      fs/iomap/ioend.o
  CC      lib/zlib_inflate/inftrees.o
  CC      lib/zlib_inflate/inflate_syms.o
  CC      drivers/acpi/acpica/evregion.o
  CC      kernel/time/clocksource.o
  CC      drivers/acpi/acpica/evrgnini.o
  CC      drivers/clk/sophgo/clk-sg2042-rpgate.o
  AR      drivers/pmdomain/sunxi/built-in.a
  CC      net/xfrm/xfrm_device.o
  CC [M]  net/netfilter/nf_conntrack_extend.o
  CC      kernel/time/jiffies.o
  AR      lib/zlib_inflate/built-in.a
  CC      drivers/acpi/acpica/evsci.o
  CC      lib/zlib_deflate/deflate_syms.o
  AR      drivers/clk/sophgo/built-in.a
  CC      drivers/clk/spacemit/ccu-k3.o
  AR      drivers/pmdomain/thead/built-in.a
  CC      kernel/time/timer_list.o
  AR      drivers/pmdomain/ti/built-in.a
  CC      net/ethtool/module.o
  CC      net/ipv4/inet_connection_sock.o
  CC      lib/lzo/lzo1x_decompress_safe.o
  AR      drivers/pmdomain/xilinx/built-in.a
  AR      net/core/built-in.a
  CC      drivers/pmdomain/core.o
  CC      fs/iomap/fiemap.o
  AR      fs/quota/built-in.a
  CC      kernel/smp.o
  CC      drivers/virtio/virtio.o
  CC      drivers/acpi/acpica/evxface.o
  CC      net/xfrm/xfrm_nat_keepalive.o
  CC      drivers/virtio/virtio_ring.o
  CC [M]  net/netfilter/nf_conntrack_acct.o
  AR      lib/zlib_deflate/built-in.a
  CC [M]  lib/lzo/lzo1x_compress.o
  AR      drivers/clk/spacemit/built-in.a
  CC      kernel/time/timeconv.o
  AR      drivers/clk/sprd/built-in.a
  CC      drivers/clk/starfive/clk-starfive-jh71x0.o
  CC      fs/iomap/seek.o
  CC      fs/iomap/bio.o
  CC      drivers/acpi/acpica/evxfevnt.o
  CC      drivers/acpi/acpica/evxfgpe.o
  CC      fs/iomap/swapfile.o
  CC      kernel/time/timecounter.o
  CC      mm/hugetlb_sysfs.o
  CC      net/ethtool/cmis_fw_update.o
  CC      drivers/pmdomain/governor.o
  CC [M]  lib/lzo/lzo1x_compress_safe.o
  CC      kernel/time/alarmtimer.o
  CC      drivers/acpi/acpica/evxfregn.o
  CC      drivers/clk/starfive/clk-starfive-jh7100.o
  AR      lib/lzo/built-in.a
  CC      drivers/acpi/acpica/exconcat.o
  CC      net/xfrm/espintcp.o
  CC [M]  net/netfilter/nf_conntrack_seqadj.o
  CC      lib/lz4/lz4_decompress.o
  CC      drivers/acpi/ac.o
  AR      fs/iomap/built-in.a
  CC      drivers/regulator/core.o
  CC      fs/proc/task_mmu.o
  CC      mm/hugetlb_sysctl.o
  AR      drivers/clk/sunxi/built-in.a
  CC      drivers/clk/starfive/clk-starfive-jh7110-pll.o
  CC      net/ipv6/af_inet6.o
  CC      drivers/acpi/acpica/exconfig.o
  AR      drivers/pmdomain/built-in.a
  LD [M]  lib/lzo/lzo_compress.o
  CC [M]  net/netfilter/nf_conntrack_proto_icmpv6.o
  CC      net/ethtool/cmis_cdb.o
  CC      drivers/reset/core.o
  CC      net/ipv4/tcp.o
  CC      drivers/virtio/virtio_anchor.o
  CC      net/ethtool/pse-pd.o
  CC      kernel/time/posix-timers.o
  CC      drivers/acpi/acpica/exconvrt.o
  CC      drivers/clk/starfive/clk-starfive-jh7110-sys.o
  CC      mm/hugetlb_vmemmap.o
  CC      drivers/virtio/virtio_pci_modern_dev.o
  CC      net/xfrm/xfrm_state_bpf.o
  CC      drivers/acpi/acpica/excreate.o
  CC      kernel/kallsyms.o
  CC [M]  lib/lz4/lz4_compress.o
  AR      drivers/reset/amlogic/built-in.a
  CC      drivers/acpi/acpica/exdebug.o
  AR      drivers/reset/hisilicon/built-in.a
  CC [M]  lib/lz4/lz4hc_compress.o
  CC      drivers/reset/spacemit/reset-spacemit-common.o
  CC      net/ethtool/plca.o
  CC [M]  drivers/clk/starfive/clk-starfive-jh7100-audio.o
  CC      drivers/acpi/acpica/exdump.o
  CC      mm/mempolicy.o
  CC [M]  net/netfilter/nf_conntrack_timeout.o
  CC      drivers/reset/spacemit/reset-spacemit-k1.o
  CC      drivers/virtio/virtio_pci_legacy_dev.o
  CC [M]  drivers/clk/starfive/clk-starfive-jh7110-aon.o
  CC      drivers/acpi/acpica/exfield.o
  CC      kernel/time/posix-cpu-timers.o
  CC      drivers/virtio/virtio_mmio.o
  CC [M]  drivers/clk/starfive/clk-starfive-jh7110-stg.o
  CC      drivers/reset/spacemit/reset-spacemit-k3.o
  CC [M]  drivers/clk/starfive/clk-starfive-jh7110-isp.o
  CC [M]  net/xfrm/xfrm_algo.o
  CC [M]  net/netfilter/nf_conntrack_timestamp.o
  CC      net/ipv6/anycast.o
  CC      drivers/acpi/acpica/exfldio.o
  CC      net/packet/af_packet.o
  CC      net/ethtool/phy.o
  CC      fs/proc/inode.o
  CC      fs/proc/root.o
  CC      drivers/regulator/dummy.o
  CC [M]  drivers/clk/starfive/clk-starfive-jh7110-vout.o
  AR      lib/lz4/built-in.a
  AR      drivers/reset/spacemit/built-in.a
  CC      drivers/acpi/acpica/exmisc.o
  CC      drivers/virtio/virtio_pci_modern.o
  CC      lib/zstd/zstd_compress_module.o
  CC [M]  net/netfilter/nf_conntrack_ecache.o
  CC      kernel/time/posix-clock.o
  CC      drivers/reset/starfive/reset-starfive-jh71x0.o
  CC      drivers/acpi/acpica/exmutex.o
  AR      drivers/clk/starfive/built-in.a
  CC      drivers/clk/sunxi-ng/ccu_common.o
  CC      drivers/regulator/fixed-helper.o
  CC      net/ipv4/tcp_input.o
  CC [M]  net/xfrm/xfrm_user.o
  CC      net/ethtool/tsconfig.o
  CC      net/ethtool/mse.o
  CC      drivers/reset/starfive/reset-starfive-jh7100.o
  CC      net/ipv6/ip6_output.o
  CC      lib/zstd/compress/fse_compress.o
  CC      drivers/acpi/acpica/exnames.o
  CC      fs/proc/base.o
  CC      mm/sparse.o
  CC      drivers/clk/sunxi-ng/ccu_mmc_timing.o
  CC      kernel/time/itimer.o
  CC      drivers/virtio/virtio_pci_common.o
  CC      lib/zstd/compress/hist.o
  CC      drivers/reset/starfive/reset-starfive-jh7110.o
  CC      drivers/regulator/helpers.o
  CC      drivers/acpi/acpica/exoparg1.o
  CC [M]  net/netfilter/nf_conntrack_proto_sctp.o
  CC      lib/zstd/compress/huf_compress.o
  AR      drivers/reset/starfive/built-in.a
  CC      drivers/clk/sunxi-ng/ccu_reset.o
  CC      drivers/acpi/acpica/exoparg2.o
  CC      mm/sparse-vmemmap.o
  AR      net/ethtool/built-in.a
  AR      drivers/reset/sti/built-in.a
  CC      drivers/acpi/button.o
  CC      drivers/clk/sunxi-ng/ccu_div.o
  CC      kernel/time/clockevents.o
  AR      drivers/reset/tegra/built-in.a
  CC      drivers/reset/reset-eic7700.o
  CC      drivers/tty/tty_io.o
  CC      drivers/acpi/acpica/exoparg3.o
  CC      drivers/virtio/virtio_pci_legacy.o
  CC      drivers/regulator/devres.o
  CC      lib/zstd/compress/zstd_compress.o
  CC      drivers/acpi/acpica/exoparg6.o
  CC [M]  net/netfilter/nf_conntrack_bpf.o
  CC      drivers/reset/reset-k230.o
  CC      drivers/virtio/virtio_balloon.o
  CC      mm/mmu_notifier.o
  CC      drivers/regulator/irq_helpers.o
  CC      drivers/acpi/acpica/exprep.o
  CC      drivers/clk/sunxi-ng/ccu_frac.o
  CC      drivers/tty/n_tty.o
  CC      fs/proc/generic.o
  AR      net/xfrm/built-in.a
  CC      kernel/time/tick-common.o
  CC [M]  net/netfilter/nf_conntrack_ftp.o
  CC      drivers/acpi/acpica/exregion.o
  CC      net/ipv6/ip6_input.o
  CC      drivers/clk/sunxi-ng/ccu_gate.o
  CC      drivers/reset/reset-mpfs.o
  CC      drivers/regulator/of_regulator.o
  CC      drivers/reset/reset-simple.o
  AR      net/packet/built-in.a
  CC      drivers/tty/tty_ioctl.o
  CC      mm/ksm.o
  CC      drivers/acpi/acpica/exresnte.o
  CC      drivers/clk/sunxi-ng/ccu_mux.o
  CC      net/devlink/core.o
  CC      drivers/reset/reset-sunxi.o
  CC      fs/proc/array.o
  CC      drivers/virtio/virtio_input.o
  AR      net/dsa/built-in.a
  CC      drivers/clk/sunxi-ng/ccu_mult.o
  CC      drivers/acpi/acpica/exresolv.o
  CC      drivers/regulator/fixed.o
  CC      lib/xz/xz_dec_syms.o
  CC      drivers/tty/tty_ldisc.o
  CC      drivers/tty/tty_buffer.o
  CC      kernel/time/tick-broadcast.o
  CC      drivers/clk/sunxi-ng/ccu_phase.o
  CC      drivers/reset/reset-tenstorrent-atlantis.o
  CC [M]  net/netfilter/nf_conntrack_tftp.o
  CC      drivers/acpi/acpica/exresop.o
  CC [M]  drivers/virtio/virtio_dma_buf.o
  CC      lib/xz/xz_dec_stream.o
  CC      drivers/clk/sunxi-ng/ccu_sdm.o
  CC      drivers/clk/sunxi-ng/ccu_nk.o
  CC      drivers/acpi/acpica/exserial.o
  CC      drivers/tty/tty_port.o
  AR      drivers/reset/built-in.a
  CC      net/ipv6/addrconf.o
  CC      drivers/regulator/axp20x-regulator.o
  CC      fs/proc/fd.o
  CC      drivers/clk/sunxi-ng/ccu_nkm.o
  CC      kernel/time/tick-broadcast-hrtimer.o
  CC      drivers/acpi/fan_core.o
  CC      drivers/acpi/acpica/exstore.o
  CC      lib/zstd/compress/zstd_compress_literals.o
  CC      drivers/acpi/acpica/exstoren.o
  AR      drivers/virtio/built-in.a
  CC      net/ipv4/tcp_output.o
  CC [M]  net/netfilter/nf_log_syslog.o
  CC      drivers/clk/sunxi-ng/ccu_nkmp.o
  CC      lib/zstd/compress/zstd_compress_sequences.o
  CC      net/ipv4/tcp_timer.o
  CC      kernel/time/sched_clock.o
  CC      drivers/regulator/gpio-regulator.o
  CC      lib/zstd/compress/zstd_compress_superblock.o
  CC      net/strparser/strparser.o
  CC      net/devlink/netlink.o
  CC      drivers/clk/sunxi-ng/ccu_nm.o
  CC      fs/proc/proc_tty.o
  CC      drivers/char/mem.o
  CC      lib/zstd/compress/zstd_double_fast.o
  CC      kernel/time/tick-oneshot.o
  CC      drivers/clk/sunxi-ng/ccu_mp.o
  CC      drivers/regulator/spacemit-p1.o
  CC      fs/proc/cmdline.o
  CC      drivers/acpi/acpica/exstorob.o
  CC      lib/xz/xz_dec_lzma2.o
  CC      drivers/tty/tty_mutex.o
  CC      kernel/time/tick-sched.o
  CC      drivers/char/random.o
  CC      drivers/clk/sunxi-ng/ccu-sun20i-d1.o
  AR      net/strparser/built-in.a
  CC      drivers/tty/tty_ldsem.o
  CC      net/devlink/netlink_gen.o
  CC      fs/proc/consoles.o
  CC      mm/page_poison.o
  CC      drivers/regulator/sun20i-regulator.o
  CC      mm/kfence/core.o
  CC [M]  net/netfilter/x_tables.o
  CC      kernel/vmcore_info.o
  CC      fs/proc/cpuinfo.o
  CC      lib/xz/xz_dec_bcj.o
  CC      drivers/tty/tty_baudrate.o
  CC      drivers/clk/sunxi-ng/ccu-sun20i-d1-r.o
  CC [M]  net/netfilter/xt_tcpudp.o
  CC      net/devlink/dev.o
  CC      drivers/acpi/acpica/exsystem.o
  AR      lib/xz/built-in.a
  CC      drivers/tty/tty_jobctrl.o
  CC      fs/proc/devices.o
  AR      drivers/regulator/built-in.a
  CC      net/ipv4/tcp_ipv4.o
  CC      drivers/acpi/acpica/extrace.o
  CC      lib/zstd/compress/zstd_fast.o
  CC      drivers/clk/sunxi-ng/ccu-sun6i-rtc.o
  CC      fs/proc/loadavg.o
  CC      kernel/elfcorehdr.o
  CC      mm/kfence/report.o
  CC      drivers/acpi/acpica/exutils.o
  CC      kernel/time/timer_migration.o
  CC      drivers/char/misc.o
  CC      kernel/crash_reserve.o
  CC      fs/proc/meminfo.o
  CC      kernel/kexec_core.o
  CC [M]  net/netfilter/xt_mark.o
  CC      drivers/acpi/acpica/hwacpi.o
  CC      drivers/tty/n_null.o
  CC [M]  drivers/clk/sunxi-ng/ccu-sun8i-de2.o
  AR      drivers/clk/sunxi-ng/built-in.a
  CC      net/ipv4/tcp_minisocks.o
  CC      drivers/acpi/acpica/hwesleep.o
  CC      drivers/char/virtio_console.o
  AR      mm/kfence/built-in.a
  CC      mm/memtest.o
  CC      drivers/tty/pty.o
  AR      drivers/iommu/arm/arm-smmu/built-in.a
  CC      fs/proc/stat.o
  CC      net/devlink/port.o
  AR      drivers/iommu/arm/arm-smmu-v3/built-in.a
  AR      drivers/iommu/arm/built-in.a
  CC      fs/proc/uptime.o
  AR      drivers/iommu/iommufd/built-in.a
  LD [M]  drivers/clk/sunxi-ng/sun8i-de2-ccu.o
  CC      drivers/iommu/riscv/iommu.o
  CC      net/ipv6/addrlabel.o
  CC      drivers/acpi/acpica/hwgpe.o
  CC      drivers/clk/tenstorrent/atlantis-prcm.o
  CC [M]  net/netfilter/xt_addrtype.o
  CC      drivers/acpi/acpica/hwregs.o
  CC      mm/migrate.o
  CC      mm/memory-tiers.o
  CC      fs/proc/util.o
  CC      drivers/tty/tty_audit.o
  CC      drivers/tty/vt/vt_ioctl.o
  CC      drivers/acpi/acpica/hwsleep.o
  CC      lib/zstd/compress/zstd_lazy.o
  AR      drivers/clk/tenstorrent/built-in.a
  CC      fs/proc/version.o
  CC      drivers/clk/thead/clk-th1520-ap.o
  AR      drivers/clk/ti/built-in.a
  CC      fs/kernfs/mount.o
  CC      drivers/char/hw_random/core.o
  CC      net/ipv6/route.o
  CC      drivers/acpi/acpica/hwvalid.o
  AR      drivers/clk/thead/built-in.a
  CC      fs/proc/softirqs.o
  CC      fs/proc/namespaces.o
  CC [M]  net/netfilter/xt_conntrack.o
  CC      drivers/tty/vt/vc_screen.o
  CC      drivers/clk/ultrarisc/clk-ultrarisc.o
  CC      drivers/iommu/riscv/iommu-platform.o
  CC      drivers/iommu/riscv/iommu-pci.o
  CC      net/devlink/sb.o
  CC      kernel/time/vsyscall.o
  CC      drivers/acpi/acpica/hwxface.o
  CC      kernel/time/timekeeping_debug.o
  CC      kernel/time/namespace.o
  CC      net/ipv4/tcp_cong.o
  CC      fs/kernfs/inode.o
  CC      drivers/char/hw_random/atmel-rng.o
  CC      drivers/acpi/acpica/hwxfsleep.o
  CC      fs/kernfs/dir.o
  CC      drivers/clk/ultrarisc/clk-dp1000.o
  CC      fs/proc/self.o
  AR      drivers/iommu/riscv/built-in.a
  CC      mm/huge_memory.o
  CC      drivers/acpi/acpica/hwpci.o
  CC [M]  net/netfilter/xt_ipvs.o
  CC      drivers/iommu/generic_pt/fmt/iommu_riscv64.o
  CC      drivers/tty/vt/selection.o
  CC      net/8021q/vlan_core.o
  CC      drivers/char/hw_random/virtio-rng.o
  AR      drivers/clk/ultrarisc/built-in.a
  CC      kernel/time/namespace_vdso.o
  AR      drivers/clk/versatile/built-in.a
  CC      fs/proc/thread_self.o
  AR      drivers/clk/xilinx/built-in.a
  AR      drivers/clk/built-in.a
  CC      drivers/acpi/acpica/nsaccess.o
  CC      fs/proc/proc_sysctl.o
  CC      net/devlink/dpipe.o
  CC      net/ipv4/tcp_metrics.o
  CC      net/ipv4/tcp_fastopen.o
  AR      kernel/time/built-in.a
  CC      kernel/crash_core.o
  CC      drivers/acpi/acpica/nsalloc.o
  CC      drivers/tty/vt/keyboard.o
  CC      kernel/kexec_file.o
  CC [M]  drivers/char/hw_random/jh7110-trng.o
  CC      fs/kernfs/file.o
  CC      drivers/acpi/acpica/nsarguments.o
  CC [M]  net/netfilter/ipvs/ip_vs_conn.o
  CC [M]  net/8021q/vlan.o
  CC [M]  net/8021q/vlan_dev.o
  AR      drivers/char/hw_random/built-in.a
  CC      drivers/acpi/acpica/nsconvert.o
  AR      drivers/iommu/generic_pt/fmt/built-in.a
  CC      drivers/iommu/iommu.o
  CC      kernel/kexec_elf.o
  AR      drivers/char/agp/built-in.a
  CC      drivers/char/tpm/tpm-chip.o
  CC      drivers/acpi/acpica/nsdump.o
  CC      fs/proc/proc_net.o
  CC      net/devlink/resource.o
  CC      fs/kernfs/symlink.o
  CC      net/ipv6/ip6_fib.o
  CC      drivers/tty/vt/vt.o
  CC      drivers/acpi/acpica/nseval.o
  CC      drivers/char/tpm/tpm-dev-common.o
  AR      net/wireless/tests/built-in.a
  AR      net/wireless/built-in.a
  CC      net/ipv4/tcp_recovery.o
  CC [M]  net/8021q/vlan_netlink.o
  CC      kernel/compat.o
  CC      drivers/acpi/acpica/nsinit.o
  CC [M]  net/8021q/vlanproc.o
  CC      fs/proc/vmcore.o
  CC      drivers/tty/hvc/hvc_console.o
  CC      drivers/char/tpm/tpm-dev.o
  AR      fs/kernfs/built-in.a
  COPY    drivers/tty/vt/defkeymap.c
  CC      drivers/acpi/fan_attr.o
  CC      drivers/acpi/acpica/nsload.o
  CC [M]  net/netfilter/ipvs/ip_vs_core.o
  CC      drivers/acpi/acpica/nsnames.o
  CC      net/devlink/param.o
  CC      kernel/cgroup/cgroup.o
  CC      net/devlink/region.o
  AR      net/8021q/built-in.a
  CC      net/ipv4/tcp_ulp.o
  AR      net/netfilter/built-in.a
  CC      drivers/iommu/iommu-pages.o
  CC      drivers/char/tpm/tpm-interface.o
  LD [M]  net/8021q/8021q.o
  LD [M]  net/netfilter/nf_conntrack.o
  AR      drivers/tty/hvc/built-in.a
  CC      net/devlink/health.o
  CC      drivers/acpi/acpica/nsobject.o
  AR      drivers/gpu/host1x/built-in.a
  CC      fs/proc/kmsg.o
  AR      drivers/gpu/vga/built-in.a
  CC      net/ipv6/ipv6_sockglue.o
  CC      drivers/acpi/acpica/nsparse.o
  CC      mm/khugepaged.o
  CC      drivers/iommu/iommu-traces.o
  CC      mm/page_counter.o
  CC      drivers/char/tpm/tpm1-cmd.o
  CC      drivers/gpu/drm/drm_atomic.o
  CC      fs/proc/page.o
  CC      drivers/acpi/acpica/nspredef.o
  CC      net/ipv4/tcp_offload.o
  CC      net/devlink/trap.o
  CC      drivers/tty/vt/consolemap.o
  HOSTCC  drivers/tty/vt/conmakehash
  COPY    drivers/tty/vt/ucs_width_table.h
  COPY    drivers/tty/vt/ucs_recompose_table.h
  CC      fs/sysfs/file.o
  CC      drivers/acpi/acpica/nsprepkg.o
  CC      drivers/char/tpm/tpm2-cmd.o
  AR      fs/proc/built-in.a
  CC      fs/sysfs/dir.o
  CC      drivers/iommu/iommu-sysfs.o
  CC [M]  net/netfilter/ipvs/ip_vs_ctl.o
  CC      net/9p/mod.o
  CC      net/9p/client.o
  CC      drivers/acpi/acpica/nsrepair.o
  COPY    drivers/tty/vt/ucs_fallback_table.h
  CC      drivers/tty/vt/defkeymap.o
  CC      net/9p/error.o
  CC      fs/sysfs/symlink.o
  CC      drivers/acpi/acpica/nsrepair2.o
  CC      net/ipv6/ndisc.o
  CC      net/ipv4/tcp_plb.o
  CC      net/ipv6/udp.o
  CC      drivers/gpu/drm/drm_atomic_uapi.o
  CC      kernel/cgroup/rstat.o
  CC      drivers/iommu/of_iommu.o
  CC      drivers/char/tpm/tpmrm-dev.o
  CONMK   drivers/tty/vt/consolemap_deftbl.c
  CC      drivers/tty/vt/ucs.o
  CC      net/devlink/rate.o
  CC      drivers/acpi/acpica/nssearch.o
  CC      drivers/tty/vt/consolemap_deftbl.o
  CC      fs/sysfs/mount.o
  AR      drivers/tty/vt/built-in.a
  CC      drivers/tty/serial/serial_core.o
  CC      drivers/acpi/acpica/nsutils.o
  CC      drivers/char/tpm/tpm2-space.o
  CC      drivers/iommu/sun50i-iommu.o
  CC      drivers/acpi/acpica/nswalk.o
  CC      kernel/cgroup/namespace.o
  CC      fs/sysfs/group.o
  CC      drivers/acpi/acpica/nsxfeval.o
  CC      drivers/gpu/drm/drm_auth.o
  CC      net/ipv4/datagram.o
  CC      mm/memcontrol.o
  CC      lib/zstd/compress/zstd_ldm.o
  CC      net/devlink/linecard.o
  CC      net/9p/protocol.o
  CC      lib/zstd/compress/zstd_opt.o
  CC      drivers/char/tpm/tpm-sysfs.o
  AR      drivers/iommu/built-in.a
  CC      drivers/acpi/acpica/nsxfname.o
  AR      fs/sysfs/built-in.a
  CC      fs/devpts/inode.o
  CC      kernel/utsname.o
  CC      lib/zstd/compress/zstd_preSplit.o
  CC      drivers/gpu/drm/drm_blend.o
  CC      drivers/connector/cn_queue.o
  CC      kernel/cgroup/cgroup-v1.o
  CC      drivers/acpi/acpica/nsxfobj.o
  CC      net/9p/trans_common.o
  CC [M]  net/netfilter/ipvs/ip_vs_sched.o
  CC      drivers/char/tpm/eventlog/common.o
  CC      drivers/char/tpm/eventlog/tpm1.o
  CC      drivers/acpi/acpica/psargs.o
  CC      drivers/acpi/acpica/psloop.o
  CC      drivers/tty/serial/serial_base_bus.o
  CC      net/ipv4/raw.o
  CC      net/9p/trans_fd.o
  AR      fs/devpts/built-in.a
  CC      net/devlink/sh_dev.o
  CC      drivers/gpu/drm/drm_bridge.o
  CC      fs/netfs/buffered_read.o
  CC      drivers/acpi/acpica/psobject.o
  CC      drivers/gpu/drm/drm_cache.o
  CC      drivers/tty/serdev/core.o
  CC      drivers/char/tpm/eventlog/tpm2.o
  CC      drivers/tty/serial/serial_ctrl.o
  CC [M]  net/netfilter/ipvs/ip_vs_xmit.o
  CC      drivers/connector/connector.o
  CC      kernel/cgroup/freezer.o
  CC      drivers/acpi/acpica/psopcode.o
  CC      net/ipv6/raw.o
  CC      net/ipv6/icmp.o
  CC      lib/zstd/zstd_decompress_module.o
  CC      drivers/char/tpm/tpm-buf.o
  CC      drivers/acpi/acpica/psopinfo.o
  CC      drivers/tty/serdev/serdev-ttyport.o
  CC      drivers/tty/serial/serial_port.o
  AR      net/devlink/built-in.a
  CC      net/sysctl_net.o
  CC      net/9p/trans_virtio.o
  CC      drivers/gpu/drm/drm_color_mgmt.o
  CC      drivers/acpi/acpica/psparse.o
  CC      kernel/cgroup/legacy_freezer.o
  CC      lib/zstd/decompress/huf_decompress.o
  CC      fs/netfs/buffered_write.o
  CC      drivers/char/tpm/tpm2-sessions.o
  AR      drivers/tty/serdev/built-in.a
  CC      lib/percpu_counter.o
  CC      net/ipv4/udp.o
  CC      drivers/acpi/acpica/psscope.o
  CC      drivers/tty/serial/earlycon.o
  CC      drivers/acpi/acpica/pstree.o
  CC      drivers/gpu/drm/drm_colorop.o
  CC      kernel/cgroup/pids.o
  CC      drivers/tty/serial/earlycon-riscv-sbi.o
  CC      drivers/connector/cn_proc.o
  CC      drivers/char/tpm/tpm_ppi.o
  CC      drivers/gpu/drm/drm_connector.o
  CC      drivers/acpi/acpica/psutils.o
  CC      lib/audit.o
  CC      net/ipv6/mcast.o
  CC      fs/netfs/direct_read.o
  AR      net/9p/built-in.a
  CC      drivers/acpi/acpica/pswalk.o
  CC      drivers/tty/serial/sifive.o
  CC      drivers/tty/serial/8250/8250_core.o
  CC [M]  net/netfilter/ipvs/ip_vs_app.o
  CC      drivers/acpi/acpica/psxface.o
  CC      fs/netfs/direct_write.o
  CC      lib/codetag.o
  CC      lib/syscall.o
  CC      kernel/cgroup/rdma.o
  CC      drivers/char/tpm/eventlog/acpi.o
  CC      drivers/acpi/acpica/rsaddr.o
  CC      drivers/char/tpm/eventlog/efi.o
  CC      drivers/char/tpm/eventlog/of.o
  CC      lib/dynamic_debug.o
  AR      drivers/connector/built-in.a
  CC      drivers/acpi/acpica/rscalc.o
  CC      drivers/acpi/acpica/rscreate.o
  CC      drivers/tty/serial/8250/8250_platform.o
  CC      drivers/acpi/acpica/rsdumpinfo.o
  CC      lib/errname.o
  CC      fs/netfs/iterator.o
  CC      drivers/acpi/acpica/rsinfo.o
  CC [M]  net/netfilter/ipvs/ip_vs_sync.o
  CC      drivers/char/tpm/tpm_crb.o
  CC      kernel/cgroup/cpuset.o
  CC      drivers/gpu/drm/drm_crtc.o
  CC      net/ipv6/reassembly.o
  CC      kernel/cgroup/dmem.o
  CC      fs/ext4/balloc.o
  CC      mm/vmpressure.o
  CC      drivers/acpi/acpica/rsio.o
  CC      drivers/base/component.o
  CC      fs/ext4/bitmap.o
  CC      drivers/tty/serial/8250/8250_pnp.o
  CC      net/ipv4/udp_offload.o
  CC      fs/netfs/locking.o
  CC      mm/bpf_memcontrol.o
  CC      drivers/acpi/acpica/rsirq.o
  CC      drivers/acpi/acpica/rslist.o
  CC      drivers/gpu/drm/drm_displayid.o
  CC      drivers/base/core.o
  CC      lib/zstd/decompress/zstd_ddict.o
  CC      net/ipv6/tcp_ipv6.o
  AR      drivers/char/tpm/built-in.a
  CC      lib/zstd/decompress/zstd_decompress.o
  CC      drivers/tty/serial/8250/8250_port.o
  CC      drivers/tty/serial/8250/8250_dma.o
  CC      drivers/base/bus.o
  CC      drivers/acpi/acpica/rsmemory.o
  CC      drivers/gpu/drm/drm_drv.o
  CC      fs/netfs/main.o
  CC      mm/hugetlb_cgroup.o
  AR      drivers/char/built-in.a
  CC [M]  net/netfilter/ipvs/ip_vs_est.o
  CC      net/ipv6/ping.o
  CC      fs/ext4/block_validity.o
  CC      net/ipv4/arp.o
  CC      fs/jbd2/transaction.o
  CC      drivers/acpi/acpica/rsmisc.o
  CC      lib/zstd/decompress/zstd_decompress_block.o
  CC      drivers/acpi/acpica/rsserial.o
  CC      net/dns_resolver/dns_key.o
  AR      kernel/cgroup/built-in.a
  CC      lib/nlattr.o
  CC      mm/zsmalloc.o
  CC      drivers/acpi/acpica/rsutils.o
  CC      lib/checksum.o
  CC      drivers/acpi/acpica/rsxface.o
  CC      drivers/acpi/acpica/tbdata.o
  CC      drivers/gpu/drm/drm_dumb_buffers.o
  CC      net/dns_resolver/dns_query.o
  CC [M]  net/netfilter/ipvs/ip_vs_proto.o
  CC      fs/jbd2/commit.o
  CC      drivers/tty/serial/8250/8250_dwlib.o
  CC      drivers/gpu/drm/drm_edid.o
  CC      drivers/acpi/acpica/tbfadt.o
  CC      drivers/gpu/drm/drm_eld.o
  CC      net/ipv6/exthdrs.o
  CC      kernel/user_namespace.o
  CC      fs/ext4/dir.o
  CC      net/ipv4/icmp.o
  CC      drivers/base/dd.o
  CC      lib/zstd/zstd_common_module.o
  CC      net/ipv6/datagram.o
  CC      fs/netfs/misc.o
  CC      drivers/tty/serial/8250/8250_pcilib.o
  CC      lib/zstd/common/debug.o
  CC      mm/early_ioremap.o
  CC      lib/zstd/common/entropy_common.o
  CC      fs/jbd2/recovery.o
  AR      net/dns_resolver/built-in.a
  CC      drivers/tty/serial/8250/8250_early.o
  CC      lib/zstd/common/error_private.o
  CC      drivers/acpi/acpica/tbfind.o
  CC      drivers/base/syscore.o
  CC      fs/ext4/ext4_jbd2.o
  CC [M]  net/netfilter/ipvs/ip_vs_pe.o
  CC      kernel/pid_namespace.o
  CC      mm/numa.o
  CC      drivers/acpi/acpica/tbinstal.o
  CC      net/xdp/xsk.o
  CC      net/l3mdev/l3mdev.o
  CC      lib/zstd/common/fse_decompress.o
  CC      fs/netfs/objects.o
  CC      drivers/tty/serial/8250/8250_dw.o
  CC      lib/cpu_rmap.o
  CC      fs/jbd2/checkpoint.o
  CC      net/ipv6/ip6_flowlabel.o
  CC      mm/numa_memblks.o
  CC      drivers/acpi/acpica/tbprint.o
  CC      net/ipv4/devinet.o
  CC      drivers/base/driver.o
  CC      lib/zstd/common/zstd_common.o
  CC      fs/ext4/extents.o
  CC      drivers/base/class.o
  AR      lib/zstd/built-in.a
  CC      drivers/acpi/acpica/tbutils.o
  CC      drivers/gpu/drm/drm_encoder.o
  CC      drivers/base/platform.o
  CC      fs/jbd2/revoke.o
  CC [M]  net/netfilter/ipvs/ip_vs_proto_tcp.o
  CC      fs/netfs/read_collect.o
  AR      net/l3mdev/built-in.a
  CC      lib/dynamic_queue_limits.o
  CC      lib/glob.o
  CC      drivers/tty/serial/8250/8250_exar.o
  UPD     kernel/config_data
  CC      kernel/stop_machine.o
  CC      drivers/acpi/acpica/tbxface.o
  CC      net/ipv6/inet6_connection_sock.o
  CC      mm/arch_numa.o
  CC      fs/ramfs/inode.o
  CC      drivers/gpu/drm/drm_file.o
  CC      kernel/audit.o
  CC      mm/balloon.o
  CC      fs/ramfs/file-mmu.o
  CC      mm/page_ext.o
  AR      fs/ramfs/built-in.a
  CC      mm/secretmem.o
  CC      drivers/acpi/acpica/tbxfload.o
  CC      drivers/acpi/fan_hwmon.o
  CC      fs/jbd2/journal.o
  CC      drivers/acpi/processor_driver.o
  CC      mm/userfaultfd.o
  CC      drivers/base/cpu.o
  CC      drivers/tty/serial/8250/8250_mxpcie.o
  CC      net/ipv6/udp_offload.o
  CC      drivers/gpu/drm/drm_fourcc.o
  CC      lib/dim/dim.o
  CC [M]  net/netfilter/ipvs/ip_vs_proto_udp.o
  CC      fs/netfs/read_pgpriv2.o
  CC      kernel/auditfilter.o
  CC      net/xdp/xdp_umem.o
  CC      net/ipv4/af_inet.o
  CC      fs/ext4/extents_status.o
  CC      lib/dim/net_dim.o
  CC      drivers/acpi/acpica/tbxfroot.o
  AR      drivers/gpu/tests/built-in.a
  CC      net/ipv6/seg6.o
  CC      drivers/acpi/acpica/utaddress.o
  CC      drivers/base/firmware.o
  CC      drivers/tty/serial/8250/8250_of.o
  CC      drivers/gpu/drm/drm_framebuffer.o
  CC      drivers/tty/serial/serial_mctrl_gpio.o
  CC      drivers/acpi/acpica/utalloc.o
  CC      fs/netfs/read_retry.o
  CC      drivers/base/init.o
  CC      net/xdp/xsk_queue.o
  CC      lib/dim/rdma_dim.o
  CC      net/ipv6/fib6_notifier.o
  CC [M]  net/netfilter/ipvs/ip_vs_proto_ah_esp.o
  CC      drivers/acpi/acpica/utascii.o
  CC      net/ipv6/rpl.o
  CC      fs/ext4/file.o
  CC      drivers/tty/serial/8250/8250_pci.o
  AR      lib/dim/built-in.a
  CC      drivers/base/map.o
  CC      drivers/gpu/drm/drm_gem.o
  CC      drivers/acpi/acpica/utbuffer.o
  CC      fs/netfs/read_single.o
  CC      fs/netfs/rolling_buffer.o
  CC      lib/strncpy_from_user.o
  CC      net/ipv4/igmp.o
  CC      drivers/base/devres.o
  CC      net/xdp/xskmap.o
  CC      drivers/acpi/acpica/utcksum.o
  CC      kernel/auditsc.o
  CC      net/ipv4/fib_frontend.o
  CC      net/ipv6/ioam6.o
  AR      fs/jbd2/built-in.a
  CC      net/ipv4/fib_semantics.o
  CC      drivers/acpi/acpica/utcopy.o
  CC      lib/strnlen_user.o
  CC      fs/ext4/fsmap.o
  CC [M]  net/netfilter/ipvs/ip_vs_nfct.o
  CC [M]  net/netfilter/ipvs/ip_vs_rr.o
  CC      fs/netfs/write_collect.o
  CC      drivers/tty/serial/8250/8250_pericom.o
  CC      drivers/acpi/acpica/utexcep.o
  CC      mm/page_idle.o
  CC      drivers/gpu/drm/drm_ioctl.o
  CC      net/xdp/xsk_buff_pool.o
  CC      lib/net_utils.o
  CC      drivers/base/attribute_container.o
  CC      drivers/acpi/acpica/utdebug.o
  CC      lib/sg_pool.o
  AR      drivers/tty/serial/8250/built-in.a
  CC      lib/memregion.o
  CC      mm/damon/core.o
  CC      fs/ext4/fsync.o
  LD [M]  net/netfilter/ipvs/ip_vs.o
  CC      fs/ext4/hash.o
  CC      fs/ext4/ialloc.o
  CC      drivers/acpi/acpica/utdecode.o
  CC      drivers/base/transport_class.o
  CC      drivers/gpu/drm/drm_lease.o
  AR      drivers/tty/serial/built-in.a
  CC      fs/netfs/write_issue.o
  CC      lib/irq_poll.o
  CC      drivers/base/topology.o
  AR      drivers/tty/built-in.a
  CC      drivers/acpi/acpica/utdelete.o
  CC      kernel/audit_watch.o
  CC      net/xdp/xsk_diag.o
  CC      net/mptcp/protocol.o
  CC      drivers/gpu/drm/drm_managed.o
  CC      kernel/audit_fsnotify.o
  CC      drivers/acpi/processor_thermal.o
  CC      net/ipv6/sysctl_net_ipv6.o
  CC      fs/ext4/indirect.o
  CC      net/ipv4/fib_trie.o
  CC      mm/usercopy.o
  CC      mm/damon/ops-common.o
  CC      lib/stackdepot.o
  CC      kernel/audit_tree.o
  CC      drivers/gpu/drm/drm_mm.o
  CC      fs/netfs/write_retry.o
  CC      net/handshake/alert.o
  CC      drivers/base/container.o
  CC      drivers/acpi/acpica/uterror.o
  CC      net/handshake/genl.o
  AR      net/xdp/built-in.a
  CC      net/handshake/netlink.o
  CC      net/handshake/request.o
  CC      net/ipv6/ip6mr.o
  CC      fs/ext4/inline.o
  CC      mm/damon/vaddr.o
  CC      drivers/acpi/acpica/uteval.o
  CC      fs/netfs/stats.o
  CC      drivers/base/property.o
  CC      drivers/gpu/drm/drm_mode_config.o
  CC      lib/asn1_decoder.o
  CC      drivers/base/cacheinfo.o
  CC      kernel/kprobes.o
  CC      lib/fonts/fonts.o
  CC      fs/netfs/fscache_cache.o
  CC      drivers/acpi/acpica/utglobal.o
  CC      fs/hugetlbfs/inode.o
  CC      drivers/acpi/acpica/uthex.o
  CC      net/ipv4/fib_notifier.o
  CC      drivers/gpu/drm/drm_mode_object.o
  CC      mm/damon/paddr.o
  CC      lib/fonts/font_rotate.o
  CC      mm/damon/sysfs-common.o
  CC      drivers/block/loop.o
  CC      fs/ext4/inode.o
  CC      lib/fonts/font_8x8.o
  CC      drivers/base/swnode.o
  CC      fs/netfs/fscache_cookie.o
  CC      kernel/hung_task.o
  CC      drivers/gpu/drm/drm_modes.o
  CC      drivers/base/faux.o
  CC      lib/fonts/font_8x16.o
  CC      drivers/acpi/acpica/utids.o
  CC      fs/fat/cache.o
  CC      net/ipv4/inet_fragment.o
  CC      mm/damon/sysfs-schemes.o
  CC      net/handshake/tlshd.o
  CC      drivers/misc/eeprom/eeprom_93cx6.o
  CC      kernel/watchdog.o
  CC      drivers/acpi/acpica/utinit.o
  CC      lib/fonts/font_ter16x32.o
  CC      net/ipv6/xfrm6_policy.o
  CC      net/ipv4/ping.o
  AR      fs/hugetlbfs/built-in.a
  AR      drivers/misc/eeprom/built-in.a
  CC      net/mptcp/subflow.o
  CC      fs/fat/dir.o
  CC      drivers/gpu/drm/drm_modeset_lock.o
  CC      drivers/acpi/acpica/utlock.o
  CC      drivers/block/virtio_blk.o
  CC      kernel/watchdog_buddy.o
  CC      net/handshake/trace.o
  AR      drivers/misc/cb710/built-in.a
  AR      lib/fonts/built-in.a
  CC      drivers/base/auxiliary.o
  CC      drivers/acpi/acpica/utmath.o
  AR      drivers/misc/lis3lv02d/built-in.a
  CC [M]  net/llc/llc_core.o
  AR      drivers/misc/cardreader/built-in.a
  AR      drivers/misc/keba/built-in.a
  AR      drivers/misc/amd-sbi/built-in.a
  AR      drivers/misc/built-in.a
  GEN     lib/oid_registry_data.c
  CC      mm/damon/sysfs.o
  CC      drivers/acpi/acpica/utmisc.o
  CC      kernel/seccomp.o
  CC      drivers/gpu/drm/drm_plane.o
  CC      net/ipv6/xfrm6_state.o
  CC      drivers/acpi/acpica/utmutex.o
  CC      net/ipv4/ip_tunnel_core.o
  CC [M]  net/llc/llc_input.o
  CC [M]  drivers/block/zram/zcomp.o
  CC      fs/fat/fatent.o
  CC      drivers/base/devtmpfs.o
  CC      drivers/acpi/acpica/utnonansi.o
  CC      fs/ext4/ioctl.o
  CC      net/mptcp/options.o
  CC      drivers/acpi/acpica/utobject.o
  CC      net/ipv6/xfrm6_input.o
  CC      net/ipv6/xfrm6_output.o
  CC      mm/damon/modules-common.o
  AR      net/handshake/built-in.a
  CC [M]  drivers/block/zram/zram_drv.o
  CC      drivers/gpu/drm/drm_prime.o
  CC [M]  net/llc/llc_output.o
  CC      mm/memfd.o
  CC      kernel/utsname_sysctl.o
  CC      drivers/base/power/sysfs.o
  CC      fs/netfs/fscache_io.o
  CC      mm/damon/reclaim.o
  CC      fs/fat/file.o
  CC      kernel/delayacct.o
  CC      net/ipv4/gre_offload.o
  CC      lib/ucs2_string.o
  CC      drivers/acpi/acpica/utosi.o
  CC      mm/damon/lru_sort.o
  CC      drivers/gpu/drm/drm_print.o
  CC [M]  drivers/block/zram/backend_lzorle.o
  LD [M]  net/llc/llc.o
  CC      fs/fat/inode.o
  CC      kernel/taskstats.o
  CC      fs/ext4/mballoc.o
  CC      lib/sbitmap.o
  CC      fs/netfs/fscache_main.o
  CC      drivers/base/power/generic_ops.o
  CC      drivers/base/power/common.o
  CC      net/ipv6/xfrm6_protocol.o
  CC      net/ipv4/metrics.o
  CC      lib/group_cpus.o
  CC      net/mptcp/token.o
  CC      fs/fat/misc.o
  CC [M]  drivers/block/zram/backend_lzo.o
  CC      drivers/acpi/acpica/utownerid.o
  CC      mm/damon/stat.o
  CC      drivers/gpu/drm/drm_property.o
  CC      drivers/acpi/acpica/utpredef.o
  CC [M]  drivers/block/zram/backend_lz4.o
  CC      fs/fat/nfs.o
  CC      lib/devmem_is_allowed.o
  CC      fs/fat/namei_vfat.o
  AR      drivers/block/built-in.a
  CC      mm/page_reporting.o
  CC      net/ipv4/netlink.o
  CC      drivers/acpi/acpica/utresdecode.o
  CC [M]  drivers/block/zram/backend_lz4hc.o
  CC      net/ipv6/netfilter.o
  CC      fs/netfs/fscache_volume.o
  CC      drivers/base/power/qos.o
  CC      kernel/tsacct.o
  CC      net/mptcp/crypto.o
  CC      lib/fw_table.o
  CC      drivers/acpi/acpica/utresrc.o
  CC [M]  drivers/block/zram/backend_zstd.o
  AR      mm/damon/built-in.a
  CC      drivers/base/firmware_loader/main.o
  CC      drivers/acpi/acpica/utstate.o
  CC      drivers/gpu/drm/drm_rect.o
  CC      drivers/gpu/drm/drm_syncobj.o
  CC      mm/ioremap.o
  CC      fs/exportfs/expfs.o
  CC [M]  drivers/block/zram/backend_deflate.o
  CC      kernel/tracepoint.o
  CC      drivers/acpi/acpica/utstring.o
  CC [M]  lib/842/842_compress.o
  CC      net/ipv4/nexthop.o
  CC      drivers/base/power/runtime.o
  CC [M]  drivers/block/zram/backend_842.o
  CC      fs/netfs/fscache_proc.o
  CC      fs/fat/namei_msdos.o
  CC      mm/execmem.o
  CC      drivers/acpi/acpica/utstrsuppt.o
  CC      net/ipv6/fib6_rules.o
  AR      fs/exportfs/built-in.a
  CC      fs/ext4/migrate.o
  CC      drivers/mfd/mfd-core.o
  CC      kernel/trace/trace_clock.o
  LD [M]  drivers/block/zram/zram.o
  CC      drivers/mfd/axp20x.o
  CC      drivers/base/firmware_loader/builtin/main.o
  CC      fs/netfs/fscache_stats.o
  CC      net/mptcp/ctrl.o
  CC      drivers/acpi/acpica/utstrtoul64.o
  CC [M]  lib/842/842_decompress.o
  CC      drivers/gpu/drm/drm_sysfs.o
  CC      mm/alloc_tag.o
  CC      kernel/trace/ftrace.o
  CC      drivers/base/power/wakeirq.o
  CC      drivers/acpi/acpica/utxface.o
  CC      drivers/acpi/processor_idle.o
  CC [M]  net/tls/tls_main.o
  CC      drivers/mfd/axp20x-i2c.o
  AR      fs/fat/built-in.a
  AR      fs/netfs/built-in.a
  CC      net/ipv6/proc.o
  AR      lib/lib.a
  CC      fs/ext4/mmp.o
  CC      drivers/acpi/acpica/utxfinit.o
  TEST    lib/test_fortify/read_overflow-memchr.log
  AR      drivers/base/firmware_loader/builtin/built-in.a
  TEST    lib/test_fortify/read_overflow-memchr_inv.log
  CC      drivers/acpi/acpica/utxferror.o
  CC      drivers/acpi/acpica/utxfmutex.o
  CC      fs/nls/nls_base.o
  CC      net/ipv6/seg6_iptunnel.o
  AR      mm/built-in.a
  CC      net/mptcp/pm.o
  CC      fs/ext4/move_extent.o
  AR      drivers/acpi/acpica/built-in.a
  CC      drivers/acpi/processor_perflib.o
  CC      drivers/mfd/syscon.o
  CC      fs/ext4/namei.o
  CC      net/ipv4/udp_tunnel_stub.o
  CC [M]  fs/nls/nls_cp437.o
  CC [M]  fs/nls/nls_iso8859-1.o
  AR      drivers/nfc/built-in.a
  CC      fs/ext4/page-io.o
  CC [M]  net/tls/tls_sw.o
  TEST    lib/test_fortify/read_overflow-memcmp.log
  CC      drivers/mfd/simple-mfd-i2c.o
  CC [M]  fs/nls/nls_utf8.o
  CC      net/ipv4/sysctl_net_ipv4.o
  TEST    lib/test_fortify/read_overflow-memscan.log
  CC      kernel/irq_work.o
  CC      drivers/acpi/container.o
  CC      net/ipv6/seg6_local.o
  CC      net/mptcp/diag.o
  CC      net/ipv4/proc.o
  AR      fs/nls/built-in.a
  CC      kernel/trace/ring_buffer.o
  CC [M]  net/tls/tls_proc.o
  AR      drivers/base/firmware_loader/built-in.a
  CC [M]  net/tls/trace.o
  CC      fs/ext4/readpage.o
  CC      drivers/acpi/thermal_lib.o
  CC      lib/oid_registry.o
  CC      drivers/base/power/main.o
  AR      drivers/mfd/built-in.a
  CC      drivers/base/node.o
  TEST    lib/test_fortify/read_overflow2-memcmp.log
  CC      drivers/gpu/drm/drm_trace_points.o
  CC [M]  net/bridge/br.o
  CC [M]  net/bridge/br_device.o
  CC      drivers/acpi/thermal.o
  CC      fs/ext4/resize.o
  CC      net/mptcp/mib.o
  CC      drivers/base/power/wakeup.o
  CC [M]  net/can/af_can.o
  TEST    lib/test_fortify/read_overflow2-memcpy.log
  CC      net/ipv4/fib_rules.o
  CC      net/ipv4/ipmr.o
  CC      drivers/gpu/drm/drm_vblank.o
  CC      drivers/base/module.o
  TEST    lib/test_fortify/read_overflow2-memmove.log
  CC      net/ipv6/seg6_hmac.o
  CC      kernel/trace/trace.o
  TEST    lib/test_fortify/read_overflow2_field-memcpy.log
  CC [M]  net/tls/tls_strp.o
  CC      kernel/cpu_pm.o
  CC      drivers/acpi/numa/srat.o
  CC      fs/unicode/utf8-norm.o
  CC [M]  net/bridge/br_fdb.o
  TEST    lib/test_fortify/read_overflow2_field-memmove.log
  CC      net/mptcp/pm_netlink.o
  CC      drivers/base/power/wakeup_stats.o
  TEST    lib/test_fortify/write_overflow-memcpy.log
  TEST    lib/test_fortify/write_overflow-memmove.log
  CC      drivers/gpu/drm/drm_vblank_work.o
  CC      drivers/nvdimm/core.o
  CC      fs/unicode/utf8-core.o
  CC      drivers/nvdimm/bus.o
  COPY    fs/unicode/utf8data.c
  CC      drivers/gpu/drm/drm_vma_manager.o
  CC      fs/unicode/utf8data.o
  CC      net/mptcp/sockopt.o
  TEST    lib/test_fortify/write_overflow-memset.log
  CC [M]  net/can/proc.o
  CC      net/ipv4/ipmr_base.o
  AR      fs/unicode/built-in.a
  CC      drivers/nvdimm/dimm_devs.o
  CC      net/mptcp/pm_userspace.o
  CC      drivers/gpu/drm/drm_writeback.o
  CC      drivers/acpi/numa/hmat.o
  CC      kernel/bpf/core.o
  CC [M]  net/bridge/br_forward.o
  CC      fs/ext4/super.o
  CC      drivers/base/power/clock_ops.o
  CC      drivers/gpu/drm/drm_client.o
  TEST    lib/test_fortify/write_overflow-strcpy-lit.log
  CC [M]  net/can/raw.o
  CC [M]  net/tls/tls_device.o
  AR      net/ipv6/netfilter/built-in.a
  CC [M]  net/ipv6/netfilter/nf_defrag_ipv6_hooks.o
  CC      drivers/nvdimm/nd_perf.o
  AR      drivers/acpi/numa/built-in.a
  CC      net/ipv4/netfilter.o
  CC      drivers/acpi/acpi_memhotplug.o
  CC      drivers/acpi/battery.o
  AR      drivers/base/power/built-in.a
  CC [M]  net/bridge/br_if.o
  CC      drivers/base/auxiliary_sysfs.o
  AR      net/ipv4/netfilter/built-in.a
  CC [M]  net/ipv4/netfilter/nf_defrag_ipv4.o
  CC      net/mptcp/fastopen.o
  CC [M]  net/ipv6/netfilter/nf_conntrack_reasm.o
  CC [M]  net/bridge/br_input.o
  CC      drivers/gpu/drm/drm_client_event.o
  CC      drivers/nvdimm/dimm.o
  CC      drivers/base/regmap/regmap.o
  TEST    lib/test_fortify/write_overflow-strcpy.log
  CC      kernel/trace/trace_output.o
  CC      drivers/acpi/cppc_acpi.o
  CC [M]  net/can/bcm.o
  TEST    lib/test_fortify/write_overflow-strscpy.log
  CC      drivers/base/pinctrl.o
  CC      net/ipv4/tcp_cubic.o
  CC      drivers/gpu/drm/drm_client_modeset.o
  CC [M]  net/tls/tls_device_fallback.o
  TEST    lib/test_fortify/write_overflow_field-memcpy.log
  CC      drivers/nvdimm/region_devs.o
  CC      net/mptcp/sched.o
  CC      drivers/gpu/drm/drm_client_sysrq.o
  CC      net/ipv6/addrconf_core.o
  TEST    lib/test_fortify/write_overflow_field-memmove.log
  CC [M]  net/bridge/br_ioctl.o
  CC [M]  net/ipv6/netfilter/ip6t_ipv6header.o
  CC      kernel/bpf/syscall.o
  CC      drivers/gpu/drm/drm_ioc32.o
  CC      net/ipv4/tcp_bpf.o
  CC      fs/ext4/symlink.o
  TEST    lib/test_fortify/write_overflow_field-memset.log
  CC      net/mptcp/mptcp_pm_gen.o
  LD [M]  net/tls/tls.o
  CC [M]  net/sunrpc/clnt.o
  CC      drivers/gpu/drm/drm_panel.o
  CAT     lib/test_fortify/test_fortify.log
  AR      lib/built-in.a
  CC      drivers/base/regmap/regcache.o
  CC [M]  net/can/gw.o
  CC      drivers/acpi/spcr.o
  CC      drivers/nvdimm/region.o
  CC      kernel/trace/trace_seq.o
  CC      drivers/base/platform-msi.o
  LD [M]  net/ipv6/netfilter/nf_defrag_ipv6.o
  CC      net/ipv6/exthdrs_core.o
  CC [M]  net/bridge/br_stp.o
  CC      net/mptcp/pm_kernel.o
  CC      kernel/trace/trace_stat.o
  CC      net/ipv4/udp_bpf.o
  CC [M]  net/bridge/br_stp_bpdu.o
  CC      drivers/gpu/drm/drm_of.o
  CC      drivers/base/regmap/regcache-rbtree.o
  CC      drivers/nvdimm/namespace_devs.o
  CC      net/ipv6/ip6_checksum.o
  CC      kernel/trace/trace_printk.o
  CC      kernel/events/core.o
  CC      drivers/acpi/pptt.o
  CC      drivers/base/regmap/regcache-flat.o
  LD [M]  net/can/can.o
  CC      drivers/gpu/drm/drm_pci.o
  LD [M]  net/can/can-raw.o
  LD [M]  net/can/can-bcm.o
  LD [M]  net/can/can-gw.o
  CC      kernel/bpf/verifier.o
  CC      fs/autofs/init.o
  CC [M]  net/sunrpc/xprt.o
  CC [M]  net/bridge/br_stp_if.o
  CC      net/ipv4/xfrm4_policy.o
  CC      net/ipv6/ip6_icmp.o
  CC      drivers/base/regmap/regcache-maple.o
  CC      drivers/gpu/drm/drm_debugfs.o
  AR      drivers/acpi/pmic/built-in.a
  CC      kernel/trace/trace_pid.o
  AR      drivers/acpi/dptf/built-in.a
  CC      drivers/acpi/riscv/rhct.o
  CC      net/mptcp/bpf.o
  CC      drivers/nvdimm/label.o
  CC      drivers/acpi/riscv/init.o
  CC      fs/autofs/inode.o
  CC      drivers/base/regmap/regmap-debugfs.o
  CC      net/ipv6/output_core.o
  CC [M]  net/sunrpc/socklib.o
  CC      drivers/acpi/riscv/irq.o
  CC      net/ipv4/xfrm4_state.o
  CC [M]  net/bridge/br_stp_timer.o
  CC      kernel/trace/trace_snapshot.o
  CC      drivers/gpu/drm/drm_debugfs_crc.o
  CC      drivers/base/regmap/regmap-i2c.o
  CC      fs/autofs/root.o
  CC [M]  net/mptcp/mptcp_diag.o
  CC      drivers/base/arch_topology.o
  CC      net/ipv6/protocol.o
  CC [M]  net/bridge/br_netlink.o
  CC      kernel/trace/pid_list.o
  CC      drivers/acpi/riscv/cpuidle.o
  CC      drivers/gpu/drm/drm_edid_load.o
  CC      fs/ext4/sysfs.o
  CC      kernel/events/ring_buffer.o
  CC      drivers/base/regmap/regmap-spi.o
  CC      fs/autofs/symlink.o
  CC      net/ipv4/xfrm4_input.o
  CC [M]  net/sunrpc/xprtsock.o
  CC      drivers/nvdimm/badrange.o
  CC      drivers/gpu/drm/../../accel/drm_accel.o
  CC      fs/ext4/xattr.o
  CC      drivers/acpi/riscv/cppc.o
  CC      net/ipv6/ip6_offload.o
  CC      drivers/base/regmap/regmap-mmio.o
  CC      net/ipv4/xfrm4_output.o
  CC      fs/autofs/waitq.o
  AR      net/mptcp/built-in.a
  CC      fs/autofs/expire.o
  CC      kernel/trace/trace_sched_switch.o
  CC [M]  net/bridge/br_netlink_tunnel.o
  CC      fs/autofs/dev-ioctl.o
  CC [M]  net/sunrpc/sched.o
  CC [M]  net/bridge/br_arp_nd_proxy.o
  CC      drivers/acpi/riscv/rimt.o
  CC      kernel/events/callchain.o
  CC      drivers/base/regmap/regmap-irq.o
  CC      drivers/nvdimm/claim.o
  CC      net/ipv6/exthdrs_offload.o
  CC      net/ipv4/xfrm4_protocol.o
  CC      drivers/gpu/drm/drm_ras.o
  AR      fs/autofs/built-in.a
  CC      fs/9p/vfs_super.o
  CC      fs/9p/vfs_inode.o
  AR      drivers/acpi/riscv/built-in.a
  CC [M]  drivers/acpi/acpi_video.o
  AR      drivers/dax/hmem/built-in.a
  CC      drivers/nvdimm/btt_devs.o
  CC      drivers/dax/super.o
  AR      drivers/base/regmap/built-in.a
  CC      drivers/base/physical_location.o
  CC [M]  net/bridge/br_sysfs_if.o
  CC      fs/ext4/xattr_hurd.o
  CC      kernel/events/uprobes.o
  CC      net/ipv6/inet6_hashtables.o
  CC [M]  net/sunrpc/auth.o
  CC      kernel/trace/trace_functions.o
  CC      net/ipv4/tcp_ao.o
  CC      drivers/gpu/drm/drm_ras_nl.o
  CC      fs/9p/vfs_inode_dotl.o
  AR      drivers/base/test/built-in.a
  CC      drivers/base/trace.o
  CC      fs/ext4/xattr_trusted.o
  CC [M]  drivers/acpi/video_detect.o
  CC      drivers/nvdimm/pmem.o
  CC      drivers/dax/bus.o
  CC      drivers/gpu/drm/drm_ras_genl_family.o
  CC      fs/ext4/xattr_user.o
  AR      drivers/acpi/built-in.a
  CC      kernel/bpf/inode.o
  CC      net/ipv6/mcast_snoop.o
  CC      fs/9p/vfs_addr.o
  CC      net/ipv6/ndisc_snoop.o
  AR      drivers/base/built-in.a
  CC      drivers/gpu/drm/drm_panel_orientation_quirks.o
  CC      drivers/nvdimm/btt.o
  CC      fs/ext4/fast_commit.o
  AR      drivers/dax/built-in.a
  CC      fs/ext4/orphan.o
  LD [M]  drivers/acpi/video.o
  CC      kernel/padata.o
  CC      fs/ext4/acl.o
  AR      kernel/events/built-in.a
  CC      fs/ext4/xattr_security.o
  CC      fs/9p/vfs_file.o
  CC      drivers/gpu/drm/drm_gem_dma_helper.o
  CC      fs/ext4/verity.o
  CC [M]  net/ipv4/ip_tunnel.o
  CC      net/ipv6/tcp_ao.o
  CC      kernel/bpf/helpers.o
  CC      drivers/nvdimm/of_pmem.o
  CC [M]  net/sunrpc/auth_null.o
  CC [M]  net/bridge/br_sysfs_br.o
  CC      drivers/dma-buf/dma-buf.o
  CC      kernel/trace/trace_sched_wakeup.o
  CC      drivers/gpu/drm/drm_fbdev_dma.o
  AR      fs/hostfs/built-in.a
  CC      fs/9p/vfs_dir.o
  CC      fs/ext4/crypto.o
  CC [M]  net/ipv6/tunnel6.o
  CC      kernel/bpf/tnum.o
  CC      drivers/nvdimm/ramdax.o
  CC [M]  net/sunrpc/auth_tls.o
  CC [M]  net/sunrpc/auth_unix.o
  AR      drivers/nvdimm/built-in.a
  CC      drivers/dma-buf/dma-fence.o
  AR      fs/ext4/built-in.a
  CC      fs/9p/vfs_dentry.o
  CC      kernel/bpf/cnum.o
  CC      drivers/gpu/drm/drm_fb_dma_helper.o
  AR      drivers/cxl/core/built-in.a
  AR      drivers/cxl/built-in.a
  CC      fs/tracefs/inode.o
  CC [M]  net/ipv6/sit.o
  CC      kernel/jump_label.o
  CC [M]  net/ipv4/fou_core.o
  CC      fs/debugfs/inode.o
  CC      drivers/gpu/drm/drm_gem_shmem_helper.o
  CC      kernel/trace/trace_nop.o
  CC [M]  net/bridge/br_nf_core.o
  CC      kernel/trace/trace_stack.o
  CC      kernel/bpf/log.o
  AR      drivers/macintosh/built-in.a
  CC      fs/pstore/inode.o
  CC      fs/9p/v9fs.o
  CC [M]  fs/configfs/inode.o
  CC [M]  fs/configfs/file.o
  CC      kernel/bpf/token.o
  CC [M]  net/sunrpc/svc.o
  CC      kernel/context_tracking.o
  CC      fs/tracefs/event_inode.o
  CC      kernel/trace/trace_functions_graph.o
  CC      fs/debugfs/file.o
  CC      drivers/gpu/drm/drm_fbdev_shmem.o
  CC      drivers/dma-buf/dma-fence-array.o
  CC [M]  net/bridge/br_multicast.o
  CC [M]  fs/configfs/dir.o
  CC [M]  net/ipv4/fou_nl.o
  CC      drivers/gpu/drm/drm_atomic_helper.o
  CC      fs/9p/fid.o
  CC      fs/pstore/platform.o
  CC [M]  fs/configfs/symlink.o
  CC      drivers/dma-buf/dma-fence-chain.o
  CC      kernel/bpf/liveness.o
  CC [M]  net/ipv6/ip6_tunnel.o
  AR      fs/tracefs/built-in.a
  CC      fs/9p/xattr.o
  CC      kernel/iomem.o
  CC      drivers/gpu/drm/drm_atomic_state_helper.o
  AR      fs/debugfs/built-in.a
  CC      drivers/gpu/drm/drm_bridge_helper.o
  CC [M]  net/ipv6/fou6.o
  CC      drivers/dma-buf/dma-fence-unwrap.o
  CC [M]  fs/configfs/mount.o
  CC [M]  net/ipv4/fou_bpf.o
  AR      fs/pstore/built-in.a
  CC      kernel/trace/fgraph.o
  CC [M]  net/bridge/br_mdb.o
  CC [M]  net/sunrpc/svcsock.o
  CC [M]  fs/isofs/namei.o
  CC      drivers/gpu/drm/drm_crtc_helper.o
  CC      fs/9p/cache.o
  CC      drivers/scsi/scsi.o
  CC      drivers/scsi/hosts.o
  CC      drivers/dma-buf/dma-resv.o
  CC [M]  fs/isofs/inode.o
  CC [M]  fs/configfs/item.o
  CC [M]  fs/isofs/dir.o
  CC      drivers/dma-buf/dma-buf-mapping.o
  CC      kernel/bpf/const_fold.o
  CC      fs/9p/acl.o
  CC [M]  net/ipv4/udp_tunnel_core.o
  CC      drivers/gpu/drm/drm_damage_helper.o
  CC      kernel/trace/blktrace.o
  CC [M]  net/ipv6/ip6_udp_tunnel.o
  CC [M]  fs/nfs/client.o
  CC [M]  fs/lockd/clntlock.o
  CC [M]  fs/lockd/clntproc.o
  CC      drivers/dma-buf/sync_file.o
  CC      drivers/gpu/drm/drm_flip_work.o
  CC      drivers/scsi/scsi_ioctl.o
  CC      drivers/gpu/drm/drm_format_helper.o
  CC [M]  fs/isofs/util.o
  CC [M]  net/sunrpc/svcauth.o
  LD [M]  fs/configfs/configfs.o
  CC [M]  fs/lockd/clntxdr.o
  AR      fs/9p/built-in.a
  CC      drivers/gpu/drm/drm_gem_atomic_helper.o
  CC      kernel/bpf/diagnostics.o
  CC [M]  net/bridge/br_multicast_eht.o
  CC      drivers/dma-buf/udmabuf.o
  CC      kernel/trace/trace_events.o
  CC [M]  net/ipv4/udp_tunnel_nic.o
  CC [M]  fs/isofs/rock.o
  CC      kernel/bpf/bpf_iter.o
  CC [M]  fs/isofs/export.o
  AR      net/ipv6/built-in.a
  AR      drivers/nvme/common/built-in.a
  CC [M]  drivers/nvme/common/auth.o
  CC [M]  net/sunrpc/svcauth_unix.o
  CC [M]  fs/isofs/joliet.o
  CC      drivers/gpu/drm/drm_gem_framebuffer_helper.o
  CC [M]  fs/lockd/host.o
  AR      drivers/dma-buf/built-in.a
  AR      drivers/nvme/host/built-in.a
  CC [M]  drivers/nvme/host/core.o
  CC      drivers/scsi/scsicam.o
  CC [M]  net/bridge/br_vlan.o
  CC [M]  drivers/nvme/host/ioctl.o
  CC [M]  net/bridge/br_vlan_tunnel.o
  CC [M]  fs/isofs/compress.o
  CC [M]  fs/nfs/dir.o
  CC      kernel/bpf/map_iter.o
  CC [M]  net/ipv4/esp4.o
  CC      drivers/gpu/drm/drm_kms_helper_common.o
  CC [M]  drivers/nvme/common/keyring.o
  CC [M]  fs/overlayfs/super.o
  CC      drivers/scsi/scsi_error.o
  CC [M]  fs/lockd/svc.o
  CC      kernel/trace/trace_export.o
  CC      drivers/gpu/drm/drm_modeset_helper.o
  CC      drivers/scsi/scsi_lib.o
  LD [M]  fs/isofs/isofs.o
  LD [M]  drivers/nvme/common/nvme-auth.o
  LD [M]  drivers/nvme/common/nvme-keyring.o
  CC [M]  net/sunrpc/addr.o
  CC [M]  drivers/nvme/host/sysfs.o
  CC      drivers/ata/libata-core.o
  CC      kernel/bpf/task_iter.o
  CC [M]  net/ipv4/tunnel4.o
  CC      kernel/trace/trace_syscalls.o
  CC      drivers/gpu/drm/drm_plane_helper.o
  CC [M]  net/bridge/br_vlan_options.o
  CC [M]  fs/overlayfs/namei.o
  CC      kernel/trace/trace_event_perf.o
  CC [M]  fs/lockd/svclock.o
  CC [M]  fs/nfs/file.o
  CC      kernel/rseq.o
  CC [M]  net/sunrpc/rpcb_clnt.o
  CC      drivers/gpu/drm/drm_probe_helper.o
  CC [M]  fs/udf/balloc.o
  CC      kernel/bpf/prog_iter.o
  CC [M]  net/ipv4/inet_diag.o
  CC [M]  fs/udf/dir.o
  CC [M]  net/bridge/br_mst.o
  AR      drivers/nvme/target/built-in.a
  CC [M]  drivers/nvme/target/core.o
  CC      kernel/trace/trace_events_filter.o
  CC [M]  fs/udf/file.o
  CC      drivers/gpu/drm/drm_self_refresh_helper.o
  CC      drivers/scsi/scsi_lib_dma.o
  CC      kernel/bpf/link_iter.o
  CC [M]  net/sunrpc/timer.o
  CC [M]  net/sunrpc/xdr.o
  CC [M]  drivers/nvme/host/pr.o
  CC [M]  fs/nfs/getroot.o
  CC [M]  fs/lockd/svcshare.o
  CC      drivers/scsi/scsi_scan.o
  CC [M]  fs/udf/ialloc.o
  CC      drivers/gpu/drm/drm_simple_kms_helper.o
  CC [M]  net/ipv4/tcp_diag.o
  CC      drivers/gpu/drm/drm_vblank_helper.o
  CC      kernel/bpf/hashtab.o
  CC [M]  net/ipv4/udp_diag.o
  CC [M]  net/bridge/br_netfilter_hooks.o
  CC [M]  drivers/nvme/host/trace.o
  CC [M]  fs/udf/inode.o
  CC      drivers/ata/libata-scsi.o
  CC [M]  net/ipv4/raw_diag.o
  CC      drivers/gpu/drm/bridge/panel.o
  CC [M]  fs/lockd/svcproc.o
  GEN     drivers/scsi/scsi_devinfo_tbl.c
  CC      drivers/scsi/scsi_devinfo.o
  CC [M]  drivers/nvme/host/multipath.o
  CC      kernel/trace/trace_events_trigger.o
  CC [M]  fs/nfs/inode.o
  CC [M]  drivers/nvme/target/configfs.o
  CC [M]  drivers/nvme/target/admin-cmd.o
  CC      kernel/trace/trace_eprobe.o
  CC      drivers/gpu/drm/drm_fb_helper.o
  CC      drivers/scsi/scsi_sysctl.o
  CC [M]  net/ipv4/tcp_bic.o
  CC [M]  fs/lockd/svcsubs.o
  CC [M]  net/sunrpc/sunrpc_syms.o
  CC [M]  net/bridge/br_netfilter_ipv6.o
  CC [M]  drivers/nvme/host/zns.o
  CC [M]  fs/udf/lowlevel.o
  CC [M]  fs/overlayfs/util.o
  CC      drivers/scsi/scsi_proc.o
  CC [M]  net/ipv4/tcp_westwood.o
  CC [M]  drivers/nvme/target/fabrics-cmd.o
  CC [M]  drivers/nvme/target/discovery.o
  CC      drivers/ata/libata-eh.o
  CC [M]  net/sunrpc/cache.o
  CC      kernel/trace/bpf_trace.o
  CC      drivers/scsi/scsi_debugfs.o
  CC [M]  fs/overlayfs/inode.o
  AR      drivers/gpu/drm/tests/built-in.a
  CC      drivers/gpu/drm/drm_mipi_dsi.o
  CC [M]  fs/udf/namei.o
  CC [M]  fs/lockd/mon.o
  CC [M]  fs/lockd/trace.o
  CC [M]  drivers/nvme/target/io-cmd-file.o
  AR      drivers/gpu/drm/arm/built-in.a
  CC [M]  fs/overlayfs/file.o
  CC [M]  net/ipv4/tcp_htcp.o
  CC [M]  fs/nfs/super.o
  CC [M]  drivers/nvme/host/hwmon.o
  CC      drivers/scsi/scsi_trace.o
  CC      kernel/bpf/arraymap.o
  LD [M]  net/bridge/bridge.o
  CC [M]  fs/udf/partition.o
  CC [M]  fs/udf/super.o
  CC      drivers/gpu/drm/clients/drm_client_setup.o
  CC [M]  drivers/nvme/target/io-cmd-bdev.o
  CC [M]  drivers/nvme/target/pr.o
  CC [M]  fs/overlayfs/dir.o
  CC [M]  fs/overlayfs/readdir.o
  CC      drivers/scsi/scsi_logging.o
  AR      net/ipv4/built-in.a
  CC      drivers/ata/libata-transport.o
  CC [M]  net/sunrpc/rpc_pipe.o
  CC      drivers/ata/libata-trace.o
  CC [M]  drivers/nvme/target/passthru.o
  CC      kernel/bpf/percpu_freelist.o
  CC [M]  drivers/nvme/host/auth.o
  CC [M]  fs/lockd/netlink.o
  CC      drivers/gpu/drm/clients/drm_fbdev_client.o
  CC      drivers/scsi/scsi_pm.o
  CC      kernel/bpf/bpf_lru_list.o
  CC [M]  fs/udf/truncate.o
  CC      drivers/ata/libata-sata.o
  CC      drivers/ata/libata-sff.o
  CC      kernel/trace/trace_kprobe.o
  CC [M]  drivers/nvme/target/zns.o
  CC [M]  fs/lockd/nlm3xdr_gen.o
  CC      drivers/gpu/drm/display/drm_display_helper_mod.o
  AR      drivers/gpu/drm/clients/built-in.a
  CC      drivers/scsi/scsi_bsg.o
  CC      drivers/gpu/drm/display/drm_bridge_connector.o
  CC [M]  fs/lockd/clnt4xdr.o
  CC      kernel/bpf/lpm_trie.o
  CC [M]  drivers/nvme/target/fabrics-cmd-auth.o
  CC [M]  net/sunrpc/sysfs.o
  CC      drivers/gpu/drm/display/drm_dp_dual_mode_helper.o
  LD [M]  net/bridge/br_netfilter.o
  CC [M]  net/sunrpc/svc_xprt.o
  CC [M]  fs/lockd/svc4proc.o
  CC [M]  drivers/nvme/host/pci.o
  CC [M]  fs/overlayfs/copy_up.o
  CC      drivers/scsi/scsi_common.o
  CC      drivers/gpu/drm/display/drm_dp_helper.o
  CC [M]  drivers/nvme/target/auth.o
  LD [M]  net/ipv4/fou.o
  LD [M]  net/ipv4/udp_tunnel.o
  CC [M]  fs/overlayfs/export.o
  CC [M]  fs/udf/symlink.o
  CC [M]  net/sunrpc/xprtmultipath.o
  CC      kernel/bpf/map_in_map.o
  CC [M]  net/sunrpc/netlink.o
  CC [M]  net/sunrpc/debugfs.o
  CC [M]  fs/nfs/io.o
  CC      drivers/ata/libata-pmp.o
  CC      kernel/trace/error_report-traces.o
  AR      drivers/scsi/megaraid/built-in.a
  CC      drivers/scsi/virtio_scsi.o
  CC [M]  fs/lockd/nlm4xdr_gen.o
  CC [M]  drivers/nvme/target/trace.o
  CC [M]  fs/udf/directory.o
  CC [M]  fs/lockd/procfs.o
  CC      kernel/bpf/bloom_filter.o
  AR      drivers/gpu/drm/renesas/rcar-du/built-in.a
  CC [M]  fs/overlayfs/params.o
  AR      drivers/gpu/drm/renesas/rz-du/built-in.a
  AR      drivers/gpu/drm/renesas/built-in.a
  LD [M]  drivers/nvme/host/nvme-core.o
  CC      kernel/trace/power-traces.o
  CC [M]  fs/nfs/direct.o
  CC      drivers/mtd/mtdcore.o
  CC      kernel/bpf/local_storage.o
  CC      drivers/ata/libata-acpi.o
  CC      drivers/gpu/drm/display/drm_dp_mst_topology.o
  CC      drivers/ata/libata-pata-timings.o
  LD [M]  drivers/nvme/target/nvmet.o
  CC [M]  fs/udf/misc.o
  CC      drivers/gpu/drm/display/drm_hdmi_audio_helper.o
  CC [M]  fs/overlayfs/xattrs.o
  LD [M]  fs/lockd/lockd.o
  CC      drivers/scsi/sd.o
  CC [M]  net/sunrpc/backchannel_rqst.o
  CC      kernel/bpf/queue_stack_maps.o
  CC      kernel/watch_queue.o
  CC      drivers/mtd/mtdsuper.o
  CC      kernel/trace/rpm-traces.o
  CC [M]  net/sunrpc/stats.o
  CC      drivers/scsi/sd_dif.o
  CC [M]  fs/nfs/pagelist.o
  LD [M]  drivers/nvme/host/nvme.o
  AR      drivers/nvme/built-in.a
  CC      drivers/spi/spi.o
  LD [M]  fs/overlayfs/overlay.o
  CC      drivers/spi/spi-mem.o
  CC [M]  fs/udf/udftime.o
  CC      drivers/ata/ahci.o
  CC      drivers/net/loopback.o
  CC      drivers/mtd/mtdconcat.o
  CC      drivers/mtd/mtdpart.o
  CC      drivers/mtd/mtdchar.o
  CC      kernel/bpf/ringbuf.o
  CC      kernel/trace/trace_dynevent.o
  CC      drivers/mtd/mtd_blkdevs.o
  CC      drivers/mtd/parsers/ofpart_core.o
  CC [M]  fs/udf/unicode.o
  CC [M]  net/sunrpc/sysctl.o
  CC      drivers/ata/libahci.o
  GZIP    kernel/config_data.gz
  CC      kernel/bpf/bpf_insn_array.o
  CC      kernel/trace/trace_probe.o
  CC      kernel/trace/trace_btf.o
  LD [M]  fs/udf/udf.o
  CC      kernel/configs.o
  CC      drivers/net/netkit.o
  CC      drivers/ata/ahci_platform.o
  CC [M]  net/sunrpc/auth_gss/auth_gss.o
  CC      drivers/ata/libahci_platform.o
  CC [M]  net/sunrpc/auth_gss/gss_mech_switch.o
  CC      drivers/scsi/sd_zbc.o
  AR      drivers/mtd/parsers/built-in.a
  CC      drivers/mtd/mtdblock.o
  AR      drivers/gpu/drm/omapdrm/built-in.a
  CC      drivers/mtd/chips/chipreg.o
  CC      drivers/mtd/chips/cfi_probe.o
  CC [M]  fs/nfs/read.o
  CC      kernel/bpf/bpf_local_storage.o
  CC      drivers/net/phy/stubs.o
  CC      drivers/gpu/drm/display/drm_hdmi_cec_helper.o
  CC      kernel/trace/trace_uprobe.o
  CC      drivers/gpu/drm/display/drm_hdmi_helper.o
  CC      drivers/spi/spi-sifive.o
  CC      drivers/net/phy/mdio_bus.o
  AR      drivers/mtd/lpddr/built-in.a
  CC      kernel/trace/rethook.o
  CC      drivers/gpu/drm/display/drm_scdc_helper.o
  CC      drivers/gpu/drm/display/drm_hdmi_state_helper.o
  CC      drivers/gpu/drm/display/drm_dp_aux_dev.o
  CC      drivers/spi/spi-sun6i.o
  CC      kernel/bpf/bpf_task_storage.o
  CC      drivers/mtd/chips/cfi_util.o
  CC      kernel/bpf/fixups.o
  CC      kernel/bpf/cfg.o
  CC      drivers/scsi/sr.o
  AR      drivers/ata/built-in.a
  CC [M]  fs/nfs/symlink.o
  CC [M]  fs/nfs/unlink.o
  CC [M]  fs/nfs/write.o
  CC [M]  fs/nfs/namespace.o
  CC      drivers/scsi/sr_ioctl.o
  CC [M]  net/sunrpc/xprtrdma/transport.o
  CC      drivers/mtd/chips/gen_probe.o
  CC      drivers/gpu/drm/display/drm_dp_cec.o
  CC [M]  net/sunrpc/xprtrdma/rpc_rdma.o
  AR      kernel/trace/built-in.a
  CC [M]  net/sunrpc/auth_gss/svcauth_gss.o
  LD [M]  net/sunrpc/sunrpc.o
  AR      drivers/mtd/chips/built-in.a
  CC [M]  net/sunrpc/auth_gss/gss_rpc_upcall.o
  CC      drivers/scsi/sr_vendor.o
  CC [M]  fs/nfs/mount_clnt.o
  AR      drivers/message/fusion/built-in.a
  AR      drivers/message/built-in.a
  CC [M]  fs/nfs/nfstrace.o
  CC      drivers/net/phy/phylink.o
  CC      drivers/scsi/scsi_sysfs.o
  CC [M]  net/sunrpc/xprtrdma/verbs.o
  AR      drivers/gpu/drm/display/built-in.a
  CC      drivers/net/phy/phy.o
  CC [M]  net/sunrpc/auth_gss/gss_rpc_xdr.o
  AR      drivers/firewire/built-in.a
  CC      kernel/bpf/states.o
  CC      kernel/bpf/backtrack.o
  CC      drivers/mtd/maps/map_funcs.o
  AR      drivers/mtd/devices/built-in.a
  AR      drivers/gpu/drm/tilcdc/built-in.a
  AR      drivers/scsi/built-in.a
  AR      drivers/mtd/nand/onenand/built-in.a
  CC      drivers/net/phy/phy-c45.o
  CC [M]  drivers/spi/spi-cadence-quadspi.o
  AR      drivers/mtd/nand/raw/ingenic/built-in.a
  CC [M]  net/sunrpc/xprtrdma/frwr_ops.o
  AR      drivers/mtd/nand/raw/built-in.a
  AR      drivers/mtd/nand/spi/built-in.a
  AR      drivers/mtd/nand/built-in.a
  AR      drivers/net/pse-pd/built-in.a
  AR      net/built-in.a
  CC      drivers/cdrom/cdrom.o
  AR      drivers/gpu/drm/imx/built-in.a
  CC      drivers/gpu/drm/panel/panel-canaan-universal.o
  CC [M]  fs/nfs/export.o
  AR      drivers/auxdisplay/built-in.a
  CC      drivers/net/phy/phy-core.o
  AR      drivers/gpu/drm/panel/built-in.a
  CC [M]  net/sunrpc/auth_gss/trace.o
  CC      kernel/bpf/check_btf.o
  CC [M]  drivers/spi/spi-fsl-qspi.o
  CC [M]  net/sunrpc/xprtrdma/ib_client.o
  CC      drivers/usb/common/common.o
  CC [M]  fs/btrfs/super.o
  CC [M]  fs/btrfs/ctree.o
  AR      drivers/cdrom/built-in.a
  CC      drivers/net/phy/phy_device.o
  CC      kernel/bpf/disasm.o
  CC [M]  net/sunrpc/xprtrdma/svc_rdma.o
  CC      drivers/input/serio/serio.o
  CC      drivers/usb/common/debug.o
  CC      kernel/bpf/mprog.o
  CC [M]  drivers/spi/spi-pl022.o
  CC [M]  fs/btrfs/extent-tree.o
  CC      drivers/gpu/drm/bridge/lontium-lt9611.o
  AR      drivers/mtd/maps/built-in.a
  CC [M]  fs/btrfs/print-tree.o
  CC      drivers/input/serio/serport.o
  CC      kernel/bpf/btf.o
  AR      drivers/usb/common/built-in.a
  CC      drivers/usb/core/usb.o
  AR      drivers/mtd/tests/built-in.a
  CC [M]  net/sunrpc/auth_gss/gss_krb5_mech.o
  CC      drivers/input/serio/libps2.o
  CC [M]  net/sunrpc/xprtrdma/svc_rdma_backchannel.o
  CC      drivers/mtd/spi-nor/core.o
  CC [M]  fs/nfs/sysfs.o
  CC [M]  fs/f2fs/dir.o
  AR      drivers/gpu/drm/bridge/analogix/built-in.a
  AR      drivers/gpu/drm/bridge/cadence/built-in.a
  AR      drivers/gpu/drm/bridge/imx/built-in.a
  AR      drivers/gpu/drm/bridge/synopsys/built-in.a
  CC [M]  drivers/gpu/drm/bridge/synopsys/dw-hdmi.o
  AR      drivers/input/serio/built-in.a
  CC      drivers/net/phy/linkmode.o
  CC [M]  net/sunrpc/auth_gss/gss_krb5_seal.o
  CC      drivers/usb/core/hub.o
  CC [M]  net/sunrpc/auth_gss/gss_krb5_unseal.o
  CC [M]  fs/nfs/fs_context.o
  CC [M]  drivers/spi/spi-spacemit-k1.o
  CC [M]  fs/nfs/sysctl.o
  CC [M]  net/sunrpc/xprtrdma/svc_rdma_transport.o
  CC      drivers/net/phy/phy_link_topology.o
  CC      drivers/net/phy/phy_caps.o
  CC [M]  net/sunrpc/auth_gss/gss_krb5_wrap.o
  CC [M]  net/sunrpc/auth_gss/gss_krb5_crypto.o
  AR      drivers/spi/built-in.a
  CC      drivers/usb/phy/phy.o
  CC [M]  fs/f2fs/file.o
  CC      drivers/input/input.o
  CC      drivers/mtd/spi-nor/sfdp.o
  CC      drivers/net/phy/mdio_bus_provider.o
  CC [M]  net/sunrpc/xprtrdma/svc_rdma_sendto.o
  CC [M]  fs/nfs/fscache.o
  LD [M]  net/sunrpc/auth_gss/auth_rpcgss.o
  CC      drivers/usb/dwc2/core.o
  CC      drivers/mtd/spi-nor/swp.o
  CC      drivers/usb/phy/of.o
  AR      drivers/gpu/drm/bridge/built-in.a
  LD [M]  net/sunrpc/auth_gss/rpcsec_gss_krb5.o
  CC [M]  drivers/usb/phy/phy-generic.o
  AR      drivers/gpu/drm/hisilicon/built-in.a
  CC      drivers/input/input-compat.o
  CC      drivers/net/phy/phy_port.o
  AR      drivers/gpu/drm/mxsfb/built-in.a
  CC      drivers/gpu/drm/sysfb/drm_sysfb.o
  AR      drivers/gpu/drm/tiny/built-in.a
  CC      drivers/usb/core/hcd.o
  CC      kernel/bpf/memalloc.o
  CC      drivers/net/phy/mdio_device.o
  CC      drivers/mtd/spi-nor/otp.o
  CC [M]  fs/nfs/nfs3super.o
  CC      kernel/bpf/rqspinlock.o
  CC      drivers/input/input-mt.o
  CC      drivers/gpu/drm/sysfb/drm_sysfb_modeset.o
  AR      drivers/usb/phy/built-in.a
  CC      drivers/usb/dwc2/core_intr.o
  CC [M]  net/sunrpc/xprtrdma/svc_rdma_recvfrom.o
  CC      drivers/mtd/spi-nor/sysfs.o
  CC      kernel/bpf/stream.o
  CC      drivers/input/input-poller.o
  CC      drivers/net/phy/swphy.o
  CC      drivers/net/phy/mdio_devres.o
  CC      drivers/gpu/drm/sysfb/drm_sysfb_screen_info.o
  CC      drivers/net/phy/phy_package.o
  CC      drivers/net/phy/fixed_phy.o
  CC      drivers/mtd/spi-nor/atmel.o
  CC      drivers/input/ff-core.o
  CC      drivers/net/mdio/acpi_mdio.o
  CC [M]  fs/efivarfs/inode.o
  CC      drivers/usb/dwc2/platform.o
  CC [M]  fs/nfs/nfs3client.o
  CC      drivers/usb/core/urb.o
  CC      drivers/net/mdio/fwnode_mdio.o
  CC      drivers/gpu/drm/sysfb/simpledrm.o
  AR      fs/built-in.a
  CC [M]  fs/efivarfs/file.o
  CC      kernel/bpf/arena.o
  CC      drivers/usb/dwc2/drd.o
  CC [M]  fs/nfs/nfs3proc.o
  CC      drivers/usb/core/message.o
  CC      drivers/net/mdio/of_mdio.o
  CC [M]  fs/efivarfs/super.o
  CC [M]  fs/efivarfs/vars.o
  AR      drivers/net/phy/mediatek/built-in.a
  CC      drivers/net/phy/micrel.o
  CC      drivers/mtd/spi-nor/eon.o
  CC      drivers/input/touchscreen.o
  CC      drivers/usb/host/pci-quirks.o
  CC      drivers/usb/dwc2/params.o
  AR      drivers/gpu/drm/sysfb/built-in.a
  CC [M]  fs/f2fs/inode.o
  CC      drivers/mtd/spi-nor/esmt.o
  CC [M]  drivers/net/mdio/mdio-mux.o
  CC [M]  net/sunrpc/xprtrdma/svc_rdma_rw.o
  CC      kernel/bpf/range_tree.o
  CC [M]  fs/btrfs/root-tree.o
  CC      drivers/usb/host/ehci-hcd.o
  CC      kernel/bpf/devmap.o
  AR      drivers/gpu/drm/xlnx/built-in.a
  AR      drivers/gpu/drm/gud/built-in.a
  CC      drivers/usb/dwc2/hcd.o
  AR      drivers/gpu/drm/sitronix/built-in.a
  AR      drivers/gpu/drm/solomon/built-in.a
  CC      drivers/gpu/drm/canaan/canaan_drv.o
  CC [M]  fs/nfs/nfs3xdr.o
  CC [M]  fs/btrfs/dir-item.o
  AR      drivers/net/mdio/built-in.a
  CC [M]  fs/btrfs/file-item.o
  CC      drivers/usb/host/ehci-pci.o
../drivers/gpu/drm/canaan/canaan_drv.c:44:5: warning: no previous prototype for 'canaan_drm_gem_dma_mmap' [-Wmissing-prototypes]
   44 | int canaan_drm_gem_dma_mmap(struct drm_gem_dma_object *dma_obj, struct vm_area_struct *vma)
      |     ^~~~~~~~~~~~~~~~~~~~~~~
  LD [M]  fs/efivarfs/efivarfs.o
  CC      drivers/usb/core/driver.o
  CC      drivers/usb/dwc2/hcd_intr.o
  CC      drivers/net/phy/mscc/mscc_main.o
  CC      kernel/bpf/cpumap.o
  CC      drivers/input/touch-overlay.o
  CC [M]  net/sunrpc/xprtrdma/svc_rdma_pcl.o
  CC [M]  net/sunrpc/xprtrdma/module.o
  CC      drivers/mtd/spi-nor/everspin.o
  CC      drivers/gpu/drm/canaan/canaan_vo.o
  CC      drivers/mtd/spi-nor/gigadevice.o
  CC      drivers/input/vivaldi-fmap.o
  CC      kernel/bpf/offload.o
  CC [M]  fs/btrfs/inode-item.o
../drivers/gpu/drm/canaan/canaan_vo.c: In function 'canaan_vo_set_timing':
../drivers/gpu/drm/canaan/canaan_vo.c:601:47: warning: variable 'vfp' set but not used [-Wunused-but-set-variable]
  601 |         u32 htotal, hsa, hbp, hact, vsa, vbp, vfp, vact, vtotal;
      |                                               ^~~
../drivers/gpu/drm/canaan/canaan_vo.c:601:21: warning: variable 'hsa' set but not used [-Wunused-but-set-variable]
  601 |         u32 htotal, hsa, hbp, hact, vsa, vbp, vfp, vact, vtotal;
      |                     ^~~
  CC      drivers/usb/core/config.o
  CC      drivers/mtd/spi-nor/intel.o
  CC [M]  fs/nfs/nfs3acl.o
  CC      drivers/input/mousedev.o
  CC      drivers/input/evdev.o
  CC      drivers/usb/dwc2/hcd_queue.o
  CC      drivers/usb/dwc2/hcd_ddma.o
  CC      drivers/mtd/spi-nor/issi.o
  CC      drivers/gpu/drm/canaan/canaan_crtc.o
  CC      drivers/mtd/spi-nor/macronix.o
  CC      drivers/net/phy/mscc/mscc_serdes.o
  CC      drivers/usb/host/ehci-platform.o
  CC [M]  fs/btrfs/disk-io.o
  CC      drivers/usb/core/file.o
  CC      drivers/gpu/drm/canaan/canaan_plane.o
  CC [M]  fs/btrfs/transaction.o
  CC      kernel/bpf/net_namespace.o
  CC [M]  fs/nfs/nfs4proc.o
  CC      drivers/mtd/spi-nor/micron-st.o
  CC [M]  fs/btrfs/inode.o
  CC      drivers/usb/dwc2/gadget.o
  CC      kernel/bpf/tcx.o
  CC      drivers/input/keyboard/atkbd.o
  AR      drivers/net/phy/mscc/built-in.a
  CC      drivers/usb/core/buffer.o
  CC      drivers/mtd/spi-nor/spansion.o
  CC      drivers/net/phy/motorcomm.o
  CC      drivers/gpu/drm/canaan/canaan_phy.o
  CC      drivers/usb/host/ohci-hcd.o
  CC [M]  fs/f2fs/namei.o
  CC      drivers/usb/core/sysfs.o
  CC [M]  fs/f2fs/hash.o
  CC      kernel/bpf/stackmap.o
../drivers/gpu/drm/canaan/canaan_phy.c:165:6: warning: no previous prototype for 'k230_dsi_phy1_config' [-Wmissing-prototypes]
  165 | void k230_dsi_phy1_config(struct canaan_dsi *dsi, uint8_t hsfreq)
      |      ^~~~~~~~~~~~~~~~~~~~
../drivers/gpu/drm/canaan/canaan_phy.c: In function 'k230_dsi_config_4lan_phy':
../drivers/gpu/drm/canaan/canaan_phy.c:239:18: warning: variable 'reg' set but not used [-Wunused-but-set-variable]
  239 |         uint32_t reg = 0;
      |                  ^~~
  CC      drivers/input/keyboard/gpio_keys.o
  CC      drivers/mtd/spi-nor/sst.o
  CC      drivers/gpu/drm/canaan/canaan_dsi.o
  CC      kernel/bpf/cgroup_iter.o
  CC      drivers/usb/core/endpoint.o
  CC      kernel/bpf/bpf_cgrp_storage.o
  CC      drivers/mtd/spi-nor/winbond.o
  AR      drivers/net/phy/qcom/built-in.a
  CC      drivers/net/phy/realtek/realtek_main.o
../drivers/gpu/drm/canaan/canaan_dsi.c:274:6: warning: no previous prototype for 'canaan_dsi_lpdt_init' [-Wmissing-prototypes]
  274 | void canaan_dsi_lpdt_init(struct canaan_dsi *dsi, struct drm_display_mode *mode)
      |      ^~~~~~~~~~~~~~~~~~~~
../drivers/gpu/drm/canaan/canaan_dsi.c:499:6: warning: no previous prototype for 'canaan_dsi_encoder_mode_fixup' [-Wmissing-prototypes]
  499 | bool canaan_dsi_encoder_mode_fixup(struct drm_encoder *encoder,
      |      ^~~~~~~~~~~~~~~~~~~~~~~~~~~~~
  CC [M]  fs/btrfs/file.o
  CC [M]  net/sunrpc/xprtrdma/backchannel.o
  CC [M]  drivers/input/keyboard/sun4i-lradc-keys.o
  CC      drivers/usb/core/devio.o
  CC      drivers/mtd/spi-nor/xmc.o
  CC [M]  fs/f2fs/super.o
  CC      kernel/bpf/cgroup.o
  AR      drivers/gpu/drm/canaan/built-in.a
  CC      kernel/bpf/reuseport_array.o
  AR      drivers/input/keyboard/built-in.a
  CC      drivers/usb/dwc2/debugfs.o
  CC      drivers/input/mouse/psmouse-base.o
  CC      drivers/mtd/spi-nor/debugfs.o
  CC      drivers/input/mouse/synaptics.o
  CC [M]  drivers/gpu/drm/drm_exec.o
  CC      drivers/usb/host/ohci-pci.o
  AR      drivers/mtd/spi-nor/controllers/built-in.a
  CC      drivers/usb/host/ohci-platform.o
  LD [M]  net/sunrpc/xprtrdma/rpcrdma.o
  AR      drivers/net/phy/realtek/built-in.a
  AR      drivers/net/phy/built-in.a
  AR      drivers/net/pcs/built-in.a
  CC [M]  drivers/net/pcs/pcs-xpcs.o
  AR      drivers/usb/dwc2/built-in.a
  CC      drivers/net/virtio_net.o
  CC [M]  drivers/gpu/drm/drm_gpuvm.o
  CC [M]  drivers/net/pcs/pcs-xpcs-plat.o
  AR      drivers/mtd/spi-nor/built-in.a
  AR      drivers/input/joystick/built-in.a
  CC      drivers/usb/storage/uas.o
  CC      drivers/usb/serial/usb-serial.o
  CC      drivers/usb/serial/generic.o
  CC      drivers/input/mouse/focaltech.o
  AR      drivers/mtd/built-in.a
  CC      drivers/usb/host/xhci.o
  CC      drivers/usb/core/notify.o
  CC [M]  fs/btrfs/defrag.o
  CC      drivers/usb/storage/scsiglue.o
  CC      drivers/usb/serial/bus.o
  CC      kernel/bpf/sysfs_btf.o
  CC      drivers/input/mouse/alps.o
  CC      drivers/usb/storage/protocol.o
  CC [M]  drivers/net/pcs/pcs-xpcs-nxp.o
  CC      drivers/usb/core/generic.o
  CC      drivers/usb/core/quirks.o
  CC      drivers/usb/core/devices.o
  AR      drivers/usb/misc/built-in.a
  CC [M]  fs/nfs/nfs4xdr.o
  CC      kernel/bpf/crypto.o
  CC      drivers/input/touchscreen/goodix_berlin_core.o
  CC      drivers/usb/serial/console.o
  CC [M]  drivers/gpu/drm/drm_suballoc.o
  CC      drivers/input/touchscreen/goodix_berlin_i2c.o
  CC      drivers/usb/storage/transport.o
  CC      drivers/usb/core/phy.o
  CC [M]  fs/btrfs/extent_map.o
  CC [M]  fs/btrfs/sysfs.o
  CC [M]  drivers/net/pcs/pcs-xpcs-wx.o
  AR      drivers/net/ethernet/3com/built-in.a
  AR      drivers/net/ethernet/8390/built-in.a
  AR      drivers/net/ethernet/adaptec/built-in.a
  AR      drivers/net/ethernet/adi/built-in.a
  AR      drivers/net/ethernet/agere/built-in.a
  AR      drivers/net/ethernet/alacritech/built-in.a
  AR      drivers/net/ethernet/alibaba/built-in.a
  AR      drivers/net/ethernet/allwinner/built-in.a
  AR      drivers/usb/serial/built-in.a
  AR      drivers/net/ethernet/amazon/built-in.a
  AR      drivers/net/ethernet/amd/built-in.a
  AR      drivers/net/ethernet/aquantia/built-in.a
  AR      drivers/net/ethernet/arc/built-in.a
  AR      drivers/net/ethernet/asix/built-in.a
  AR      drivers/net/ethernet/atheros/built-in.a
  CC      drivers/net/ethernet/cadence/macb_main.o
  CC      drivers/input/mouse/byd.o
  CC [M]  drivers/gpu/drm/drm_gem_ttm_helper.o
  AR      drivers/net/ethernet/broadcom/built-in.a
  AR      drivers/input/touchscreen/built-in.a
  CC      drivers/usb/host/xhci-mem.o
  CC      drivers/usb/storage/usb.o
  CC      kernel/bpf/relo_core.o
  CC      drivers/usb/core/port.o
  CC      drivers/usb/core/trace.o
  CC      drivers/usb/core/of.o
  CC      drivers/usb/storage/initializers.o
  CC      drivers/input/mouse/elantech.o
  CC [M]  drivers/gpu/drm/drm_fbdev_ttm.o
  CC      drivers/rtc/lib.o
  CC      drivers/rtc/class.o
  LD [M]  drivers/net/pcs/pcs_xpcs.o
  CC      drivers/usb/core/offload.o
  CC      kernel/bpf/btf_iter.o
  CC      drivers/usb/gadget/udc/core.o
  CC      drivers/usb/storage/sierra_ms.o
  CC      drivers/usb/storage/option_ms.o
  CC [M]  fs/nfs/nfs4state.o
  CC      drivers/usb/roles/class.o
  CC      drivers/usb/host/xhci-ext-caps.o
  CC [M]  fs/btrfs/accessors.o
  CC      drivers/usb/core/hcd-pci.o
  CC      drivers/rtc/interface.o
  CC [M]  drivers/gpu/drm/ttm/ttm_tt.o
  CC      drivers/input/mouse/logips2pp.o
  CC      drivers/usb/storage/usual-tables.o
  CC      drivers/usb/core/usb-acpi.o
  CC      kernel/bpf/btf_relocate.o
  AR      drivers/usb/roles/built-in.a
  CC [M]  fs/btrfs/xattr.o
  CC [M]  fs/f2fs/inline.o
  AR      drivers/net/wan/framer/built-in.a
  AR      drivers/net/wan/built-in.a
  CC [M]  drivers/usb/cdns3/core.o
  CC      drivers/usb/host/xhci-ring.o
  CC [M]  drivers/gpu/drm/scheduler/sched_main.o
  CC [M]  drivers/gpu/drm/radeon/radeon_drv.o
  AR      drivers/usb/storage/built-in.a
  CC      drivers/input/mouse/trackpoint.o
  CC      drivers/usb/gadget/udc/trace.o
  AR      drivers/usb/core/built-in.a
  CC [M]  drivers/usb/musb/musb_core.o
  AR      drivers/net/ethernet/cadence/built-in.a
  CC      drivers/rtc/nvmem.o
  CC [M]  fs/btrfs/ordered-data.o
  CC [M]  drivers/usb/cdns3/drd.o
  AR      drivers/net/ethernet/brocade/built-in.a
  CC [M]  drivers/gpu/drm/radeon/radeon_device.o
  CC      drivers/input/mouse/cypress_ps2.o
  AR      drivers/net/ethernet/cavium/common/built-in.a
  AR      drivers/net/ethernet/cavium/thunder/built-in.a
  AR      drivers/net/ethernet/cavium/liquidio/built-in.a
  AR      drivers/net/ethernet/cavium/octeon/built-in.a
  AR      drivers/net/ethernet/cavium/built-in.a
  CC      drivers/rtc/dev.o
  AR      drivers/net/ethernet/chelsio/built-in.a
  AR      drivers/net/ethernet/cisco/built-in.a
  CC      kernel/bpf/kmem_cache_iter.o
  AR      drivers/net/ethernet/cortina/built-in.a
  AR      drivers/net/ethernet/dec/built-in.a
  AR      drivers/net/ethernet/dlink/built-in.a
  AR      drivers/net/ethernet/emulex/built-in.a
  CC      drivers/rtc/proc.o
  AR      drivers/net/ethernet/engleder/built-in.a
  AR      drivers/net/ethernet/ezchip/built-in.a
  AR      drivers/net/ethernet/fungible/built-in.a
  AR      drivers/net/ethernet/google/built-in.a
  AR      drivers/net/ethernet/hisilicon/built-in.a
  CC [M]  fs/btrfs/extent_io.o
  AR      drivers/net/ethernet/huawei/built-in.a
  AR      drivers/net/ethernet/intel/libie/built-in.a
  CC [M]  drivers/gpu/drm/scheduler/sched_fence.o
  CC      drivers/net/ethernet/intel/e1000e/82571.o
  CC [M]  fs/nfs/nfs4renewd.o
  CC [M]  drivers/gpu/drm/radeon/radeon_asic.o
  CC      drivers/rtc/sysfs.o
  CC [M]  fs/f2fs/checkpoint.o
  CC      kernel/bpf/dmabuf_iter.o
  CC [M]  drivers/gpu/drm/scheduler/sched_entity.o
  CC      drivers/input/mouse/psmouse-smbus.o
  CC [M]  drivers/usb/cdns3/cdns3-plat.o
  CC [M]  drivers/usb/musb/musb_trace.o
  CC      drivers/rtc/rtc-goldfish.o
  CC [M]  drivers/usb/cdns3/host.o
  AR      kernel/bpf/built-in.a
  CC [M]  fs/nfs/nfs4super.o
  CC [M]  drivers/gpu/drm/radeon/radeon_kms.o
  CC      drivers/i2c/i2c-boardinfo.o
  CC      drivers/usb/host/xhci-hub.o
  CC      drivers/net/ethernet/intel/e1000e/ich8lan.o
  CC [M]  drivers/gpu/drm/ttm/ttm_bo.o
  AR      kernel/built-in.a
  CC      drivers/rtc/rtc-spacemit-p1.o
  CC      drivers/usb/host/xhci-dbg.o
  CC      drivers/i2c/i2c-core-base.o
  CC [M]  drivers/usb/cdns3/cdns3-gadget.o
  CC [M]  drivers/gpu/drm/scheduler/sched_rq.o
  AR      drivers/input/mouse/built-in.a
  CC [M]  drivers/usb/musb/musb_virthub.o
  CC [M]  drivers/gpu/drm/radeon/radeon_atombios.o
  CC [M]  fs/nfs/nfs4file.o
  AR      drivers/input/built-in.a
  CC [M]  drivers/gpu/drm/radeon/radeon_agp.o
  CC [M]  fs/f2fs/gc.o
  CC [M]  fs/f2fs/data.o
  CC      drivers/rtc/rtc-sun6i.o
  AR      drivers/usb/gadget/udc/built-in.a
  CC [M]  drivers/gpu/drm/ttm/ttm_bo_util.o
  CC      drivers/usb/host/xhci-trace.o
  AR      drivers/usb/gadget/function/built-in.a
  CC [M]  drivers/usb/gadget/function/f_acm.o
  CC [M]  fs/btrfs/volumes.o
  CC [M]  drivers/usb/musb/musb_host.o
  CC      drivers/rtc/rtc-k230.o
  CC [M]  fs/nfs/delegation.o
  CC [M]  drivers/gpu/drm/ttm/ttm_bo_vm.o
  LD [M]  drivers/gpu/drm/scheduler/gpu-sched.o
  CC [M]  drivers/usb/cdns3/cdns3-ep0.o
  AR      drivers/usb/gadget/legacy/built-in.a
  CC [M]  drivers/gpu/drm/ttm/ttm_module.o
../drivers/rtc/rtc-k230.c: In function 'k230_rtc_read_time':
../drivers/rtc/rtc-k230.c:136:13: warning: unused variable 'value' [-Wunused-variable]
  136 |         u32 value, date_value, date_value_tmp, time_value;
      |             ^~~~~
  CC [M]  drivers/usb/gadget/function/u_serial.o
  AR      drivers/rtc/built-in.a
  CC [M]  drivers/gpu/drm/radeon/atombios_crtc.o
  CC      drivers/i2c/i2c-core-smbus.o
  CC      drivers/net/ethernet/intel/e1000e/80003es2lan.o
  CC [M]  drivers/gpu/drm/ttm/ttm_execbuf_util.o
  CC [M]  drivers/usb/musb/musb_gadget_ep0.o
  CC [M]  fs/nfs/nfs4idmap.o
  CC [M]  drivers/usb/cdns3/cdnsp-ring.o
  CC [M]  drivers/gpu/drm/nouveau/dispnv04/i2c/ch7006_drv.o
  CC [M]  drivers/gpu/drm/nouveau/dispnv04/i2c/ch7006_mode.o
  CC      drivers/usb/host/xhci-debugfs.o
  CC [M]  drivers/usb/gadget/function/f_serial.o
  AR      drivers/net/ethernet/i825xx/built-in.a
  AR      drivers/net/ethernet/microsoft/built-in.a
  CC [M]  drivers/usb/gadget/usbstring.o
  CC [M]  drivers/gpu/drm/ttm/ttm_range_manager.o
  CC [M]  drivers/gpu/drm/ttm/ttm_resource.o
  CC [M]  drivers/usb/musb/musb_gadget.o
  CC [M]  drivers/usb/gadget/function/f_obex.o
  CC      drivers/net/ethernet/intel/e1000e/mac.o
  AR      drivers/net/wireless/admtek/built-in.a
  CC      drivers/i2c/i2c-core-acpi.o
  CC [M]  drivers/gpu/drm/radeon/radeon_combios.o
  CC [M]  drivers/usb/gadget/function/u_ether.o
  CC [M]  drivers/gpu/drm/nouveau/dispnv04/i2c/sil164_drv.o
  CC      drivers/usb/host/xhci-sideband.o
  AR      drivers/net/wireless/ath/built-in.a
  CC [M]  drivers/usb/musb/musb_debugfs.o
  AR      drivers/net/wireless/atmel/built-in.a
  AR      drivers/net/wireless/broadcom/built-in.a
  CC [M]  drivers/usb/cdns3/cdnsp-gadget.o
  AR      drivers/net/wireless/intel/built-in.a
  AR      drivers/net/wireless/intersil/built-in.a
  CC [M]  fs/f2fs/node.o
  AR      drivers/net/wireless/marvell/built-in.a
  CC [M]  drivers/gpu/drm/ttm/ttm_pool.o
  CC [M]  fs/nfs/callback.o
  AR      drivers/net/wireless/mediatek/built-in.a
  CC      drivers/i2c/i2c-core-of.o
  AR      drivers/net/wireless/microchip/built-in.a
  AR      drivers/net/wireless/morsemicro/built-in.a
  AR      drivers/net/usb/built-in.a
  CC [M]  drivers/usb/cdns3/cdnsp-mem.o
  AR      drivers/net/wireless/nxp/built-in.a
  AR      drivers/net/wireless/purelifi/built-in.a
  AR      drivers/net/wireless/quantenna/built-in.a
  AR      drivers/net/wireless/ralink/built-in.a
  AR      drivers/net/wireless/realtek/built-in.a
  AR      drivers/net/wireless/rsi/built-in.a
  AR      drivers/net/wireless/silabs/built-in.a
  AR      drivers/net/wireless/st/built-in.a
  AR      drivers/net/wireless/ti/built-in.a
  AR      drivers/net/wireless/zydas/built-in.a
  AR      drivers/net/wireless/virtual/built-in.a
  AR      drivers/net/wireless/built-in.a
  CC [M]  drivers/usb/musb/sunxi.o
  CC      drivers/usb/host/xhci-pci.o
  CC [M]  drivers/gpu/drm/nouveau/nvif/object.o
  CC [M]  drivers/usb/gadget/config.o
  CC [M]  drivers/gpu/drm/radeon/atom.o
  CC      drivers/i2c/i2c-core-of-prober.o
  CC [M]  drivers/usb/gadget/function/f_ncm.o
  CC [M]  fs/nfs/callback_xdr.o
  CC      drivers/net/ethernet/intel/e1000e/manage.o
  AR      drivers/i3c/built-in.a
  CC [M]  fs/btrfs/async-thread.o
  CC [M]  drivers/gpu/drm/sun4i/sun4i_drv.o
  CC [M]  drivers/gpu/drm/ttm/ttm_device.o
  CC      drivers/net/ethernet/intel/e1000e/nvm.o
  CC      drivers/usb/host/xhci-plat.o
  LD [M]  drivers/usb/musb/musb_hdrc.o
  CC [M]  drivers/gpu/drm/virtio/virtgpu_drv.o
  CC      drivers/net/ethernet/intel/e1000e/phy.o
  AR      drivers/i2c/algos/built-in.a
  CC [M]  drivers/i2c/algos/i2c-algo-bit.o
  CC [M]  drivers/usb/cdns3/cdnsp-ep0.o
  CC [M]  drivers/gpu/drm/nouveau/nvif/client.o
  CC [M]  drivers/usb/cdns3/cdns3-trace.o
  CC [M]  drivers/gpu/drm/ttm/ttm_sys_manager.o
  CC [M]  drivers/gpu/drm/virtio/virtgpu_kms.o
  CC [M]  fs/btrfs/ioctl.o
  CC [M]  drivers/gpu/drm/sun4i/sun4i_framebuffer.o
  AR      drivers/usb/host/built-in.a
  CC      drivers/i2c/busses/i2c-designware-common.o
  CC [M]  drivers/usb/gadget/function/f_ecm.o
  CC [M]  drivers/gpu/drm/radeon/radeon_ttm.o
  CC [M]  drivers/gpu/drm/radeon/radeon_fence.o
  CC [M]  drivers/gpu/drm/radeon/radeon_object.o
  CC [M]  drivers/gpu/drm/ttm/ttm_backup.o
  CC [M]  fs/nfs/callback_proc.o
  CC [M]  drivers/gpu/drm/nouveau/nvif/conn.o
  CC [M]  drivers/gpu/drm/nouveau/nvif/device.o
  AR      drivers/media/i2c/built-in.a
  CC [M]  drivers/media/i2c/ir-kbd-i2c.o
  CC [M]  drivers/gpu/drm/sun4i/sun4i_crtc.o
  CC [M]  fs/f2fs/segment.o
  CC [M]  drivers/gpu/drm/virtio/virtgpu_gem.o
  LD [M]  drivers/gpu/drm/ttm/ttm.o
  AR      drivers/gpu/drm/built-in.a
  CC      drivers/net/ethernet/intel/e1000e/param.o
  CC      drivers/i2c/busses/i2c-designware-master.o
  CC      drivers/net/ethernet/intel/e1000e/ethtool.o
  CC [M]  drivers/usb/gadget/epautoconf.o
  CC [M]  drivers/usb/gadget/function/f_eem.o
  CC [M]  fs/btrfs/locking.o
  CC [M]  drivers/gpu/drm/nouveau/nvif/disp.o
  CC [M]  drivers/gpu/drm/radeon/radeon_gart.o
  CC [M]  drivers/gpu/drm/sun4i/sun4i_tcon_dclk.o
  CC [M]  drivers/usb/cdns3/cdnsp-trace.o
  CC [M]  drivers/gpu/drm/virtio/virtgpu_vram.o
  CC [M]  fs/nfs/nfs4namespace.o
  CC [M]  drivers/usb/gadget/composite.o
  AR      drivers/media/tuners/built-in.a
  CC [M]  drivers/media/tuners/mc44s803.o
  CC [M]  drivers/gpu/drm/nouveau/nvif/driver.o
  CC      drivers/i2c/busses/i2c-designware-platdrv.o
  CC [M]  drivers/gpu/drm/nouveau/nvif/event.o
  CC [M]  drivers/gpu/drm/sun4i/sun4i_lvds.o
  CC [M]  drivers/gpu/drm/virtio/virtgpu_display.o
  CC [M]  drivers/gpu/drm/virtio/virtgpu_vq.o
  CC [M]  drivers/gpu/drm/radeon/radeon_legacy_crtc.o
  CC [M]  drivers/usb/gadget/function/f_subset.o
  CC      drivers/net/ethernet/intel/e1000e/netdev.o
  CC [M]  drivers/media/tuners/mt20xx.o
  CC [M]  fs/nfs/nfs4getroot.o
  CC [M]  drivers/media/tuners/tuner-simple.o
  CC [M]  drivers/gpu/drm/nouveau/nvif/fifo.o
  CC [M]  drivers/gpu/drm/sun4i/sun4i_tcon.o
  CC      drivers/i2c/busses/i2c-k1.o
  CC [M]  drivers/media/tuners/tuner-types.o
  CC [M]  fs/f2fs/recovery.o
  CC [M]  drivers/gpu/drm/virtio/virtgpu_fence.o
  CC [M]  fs/btrfs/orphan.o
  CC [M]  drivers/usb/cdns3/cdns3-pci-wrap.o
  CC [M]  drivers/gpu/drm/radeon/radeon_legacy_encoders.o
  CC [M]  drivers/usb/gadget/function/f_rndis.o
  CC [M]  drivers/gpu/drm/nouveau/nvif/head.o
  CC [M]  drivers/gpu/drm/nouveau/nvif/mem.o
  CC [M]  fs/btrfs/export.o
  CC [M]  fs/nfs/nfs4client.o
  CC [M]  fs/btrfs/tree-log.o
  CC [M]  drivers/i2c/busses/i2c-mv64xxx.o
  CC [M]  drivers/gpu/drm/sun4i/sun4i_rgb.o
  CC [M]  drivers/gpu/drm/virtio/virtgpu_object.o
  CC [M]  drivers/media/tuners/tda18271-maps.o
  LD [M]  drivers/gpu/drm/drm_suballoc_helper.o
  CC [M]  drivers/gpu/drm/virtio/virtgpu_debugfs.o
  CC [M]  drivers/gpu/drm/sun4i/sun4i_tv.o
  CC [M]  drivers/usb/cdns3/cdnsp-pci.o
  CC [M]  drivers/media/tuners/tda18271-common.o
  CC [M]  drivers/gpu/drm/nouveau/nvif/mmu.o
  CC [M]  drivers/gpu/drm/virtio/virtgpu_plane.o
  CC      drivers/net/net_failover.o
  LD [M]  drivers/gpu/drm/drm_ttm_helper.o
  CC [M]  drivers/gpu/drm/nouveau/nvif/outp.o
  CC [M]  drivers/gpu/drm/sun4i/sun6i_drc.o
  AR      drivers/i2c/busses/built-in.a
  CC [M]  drivers/usb/gadget/function/rndis.o
  CC [M]  drivers/usb/cdns3/cdns3-starfive.o
  CC [M]  fs/f2fs/shrinker.o
  AR      drivers/net/ethernet/litex/built-in.a
  AR      drivers/i2c/muxes/built-in.a
  CC [M]  drivers/gpu/drm/sun4i/sun6i_mipi_dsi.o
  CC [M]  drivers/i2c/i2c-dev.o
  CC [M]  fs/nfs/nfs4session.o
  CC [M]  fs/nfs/dns_resolve.o
  CC [M]  fs/f2fs/extent_cache.o
  CC [M]  drivers/gpu/drm/virtio/virtgpu_ioctl.o
  CC [M]  drivers/gpu/drm/radeon/radeon_connectors.o
  CC [M]  drivers/media/tuners/tda18271-fe.o
  CC      drivers/media/rc/keymaps/rc-adstech-dvb-t-pci.o
  CC [M]  drivers/gpu/drm/nouveau/nvif/timer.o
  LD [M]  drivers/usb/cdns3/cdns.o
  CC [M]  drivers/media/tuners/tda827x.o
  CC      drivers/net/ethernet/intel/e1000e/ptp.o
  CC      drivers/media/rc/keymaps/rc-alink-dtu-m.o
  CC      drivers/media/rc/keymaps/rc-anysee.o
  CC [M]  drivers/usb/gadget/function/f_mass_storage.o
  CC [M]  drivers/i2c/i2c-mux.o
  CC [M]  drivers/gpu/drm/sun4i/sun8i_dw_hdmi.o
  CC [M]  drivers/usb/gadget/function/storage_common.o
  CC [M]  drivers/gpu/drm/virtio/virtgpu_prime.o
  AR      drivers/net/ethernet/marvell/octeon_ep/built-in.a
  AR      drivers/net/ethernet/marvell/octeon_ep_vf/built-in.a
  CC [M]  fs/nfs/nfs4trace.o
  AR      drivers/net/ethernet/marvell/octeontx2/built-in.a
  AR      drivers/net/ethernet/marvell/prestera/built-in.a
  AR      drivers/net/ethernet/marvell/built-in.a
  CC      drivers/media/cec/core/cec-core.o
  AR      drivers/media/cec/i2c/built-in.a
  CC      drivers/media/cec/core/cec-adap.o
  AR      drivers/media/cec/platform/meson/built-in.a
  AR      drivers/media/cec/platform/built-in.a
  CC      drivers/media/rc/rc-main.o
  AR      drivers/net/ethernet/intel/e1000e/built-in.a
  AR      drivers/i2c/built-in.a
  AR      drivers/net/ethernet/intel/built-in.a
  CC [M]  drivers/gpu/drm/radeon/radeon_encoders.o
  CC [M]  drivers/gpu/drm/sun4i/sun8i_hdmi_phy.o
  CC [M]  drivers/net/dummy.o
  CC [M]  drivers/usb/gadget/functions.o
  AR      drivers/net/ethernet/mellanox/built-in.a
  CC      drivers/media/rc/keymaps/rc-apac-viewcomp.o
  CC [M]  drivers/gpu/drm/nouveau/nvif/vmm.o
  CC [M]  drivers/gpu/drm/virtio/virtgpu_trace_points.o
  CC [M]  fs/f2fs/sysfs.o
  AR      drivers/net/ethernet/meta/built-in.a
  CC [M]  drivers/media/tuners/tda8290.o
  AR      drivers/net/ethernet/micrel/built-in.a
  AR      drivers/net/ethernet/microchip/built-in.a
  CC [M]  fs/f2fs/debug.o
  AR      drivers/net/ethernet/mscc/built-in.a
  AR      drivers/net/ethernet/mucse/built-in.a
  AR      drivers/net/ethernet/myricom/built-in.a
  AR      drivers/net/ethernet/natsemi/built-in.a
  AR      drivers/net/ethernet/netronome/built-in.a
  CC      drivers/media/rc/keymaps/rc-astrometa-t2hybrid.o
  CC      drivers/media/cec/core/cec-api.o
  AR      drivers/net/ethernet/ni/built-in.a
  AR      drivers/net/ethernet/nvidia/built-in.a
  CC [M]  fs/f2fs/xattr.o
  CC      drivers/media/rc/keymaps/rc-asus-pc39.o
  CC [M]  drivers/gpu/drm/virtio/virtgpu_submit.o
  CC [M]  drivers/gpu/drm/nouveau/nvif/chan.o
  CC [M]  drivers/gpu/drm/sun4i/sun8i_hdmi_phy_clk.o
  CC [M]  drivers/gpu/drm/radeon/radeon_display.o
  CC [M]  drivers/media/tuners/tda9887.o
  CC [M]  drivers/media/tuners/xc2028.o
  AR      drivers/net/ethernet/oki-semi/built-in.a
  AR      drivers/net/ethernet/qlogic/built-in.a
  CC      drivers/media/rc/rc-ir-raw.o
  AR      drivers/media/cec/core/built-in.a
  AR      drivers/media/common/b2c2/built-in.a
  CC [M]  drivers/net/macvlan.o
  CC [M]  drivers/usb/gadget/function/f_fs.o
  AR      drivers/media/common/saa7146/built-in.a
  AR      drivers/media/common/siano/built-in.a
  AR      drivers/net/ethernet/qualcomm/emac/built-in.a
  AR      drivers/net/ethernet/qualcomm/built-in.a
  AR      drivers/media/cec/usb/built-in.a
  AR      drivers/media/cec/built-in.a
  AR      drivers/media/common/v4l2-tpg/built-in.a
  AR      drivers/media/common/videobuf2/built-in.a
  AR      drivers/media/common/built-in.a
  CC      drivers/net/ethernet/realtek/r8169_main.o
  CC [M]  fs/btrfs/free-space-cache.o
  AR      drivers/net/ethernet/renesas/built-in.a
  CC      drivers/net/ethernet/realtek/r8169_firmware.o
  CC      drivers/media/rc/keymaps/rc-asus-ps3-100.o
  CC      drivers/media/rc/keymaps/rc-ati-tv-wonder-hd-600.o
  CC [M]  drivers/gpu/drm/sun4i/sun8i_mixer.o
  CC [M]  drivers/gpu/drm/sun4i/sun8i_ui_layer.o
  CC      drivers/media/rc/keymaps/rc-ati-x10.o
  CC [M]  drivers/gpu/drm/nouveau/nvif/chan506f.o
  CC      drivers/media/rc/keymaps/rc-avermedia-a16d.o
  CC [M]  drivers/net/mii.o
  CC [M]  drivers/gpu/drm/sun4i/sun8i_vi_layer.o
  AR      drivers/media/platform/allegro-dvt/built-in.a
  AR      drivers/media/platform/amd/isp4/built-in.a
  AR      drivers/media/platform/amd/built-in.a
  AR      drivers/media/platform/amlogic/c3/isp/built-in.a
  AR      drivers/media/platform/amlogic/c3/mipi-adapter/built-in.a
  CC [M]  drivers/gpu/drm/nouveau/nvif/chan906f.o
  AR      drivers/media/platform/amlogic/c3/mipi-csi2/built-in.a
  AR      drivers/media/platform/amlogic/c3/built-in.a
  AR      drivers/media/platform/amlogic/meson-ge2d/built-in.a
  AR      drivers/media/platform/amlogic/built-in.a
  AR      drivers/media/platform/amphion/built-in.a
  AR      drivers/media/platform/arm/mali-c55/built-in.a
  AR      drivers/media/platform/arm/built-in.a
  LD [M]  drivers/gpu/drm/virtio/virtio-gpu.o
  AR      drivers/media/platform/aspeed/built-in.a
  AR      drivers/media/platform/atmel/built-in.a
  AR      drivers/media/platform/broadcom/built-in.a
  CC [M]  drivers/media/tuners/xc4000.o
  CC      drivers/media/rc/keymaps/rc-avermedia-cardbus.o
  CC [M]  fs/btrfs/zlib.o
  AR      drivers/media/platform/cadence/built-in.a
  CC [M]  drivers/media/platform/cadence/cdns-csi2rx.o
  CC [M]  drivers/media/tuners/xc5000.o
  CC [M]  drivers/gpu/drm/sun4i/sun8i_ui_scaler.o
  CC [M]  fs/nfs/pnfs.o
  CC [M]  fs/btrfs/lzo.o
  CC [M]  drivers/gpu/drm/nouveau/nvif/chanc36f.o
  CC [M]  drivers/net/netconsole.o
  CC [M]  drivers/gpu/drm/radeon/radeon_cursor.o
  CC [M]  drivers/gpu/drm/sun4i/sun8i_vi_scaler.o
  CC      drivers/media/rc/keymaps/rc-avermedia-dvbt.o
  CC [M]  drivers/usb/gadget/configfs.o
  LD [M]  drivers/usb/gadget/function/usb_f_acm.o
  LD [M]  drivers/usb/gadget/function/usb_f_serial.o
  LD [M]  drivers/usb/gadget/function/usb_f_obex.o
  LD [M]  drivers/usb/gadget/function/usb_f_ncm.o
  LD [M]  drivers/usb/gadget/function/usb_f_ecm.o
  LD [M]  drivers/usb/gadget/function/usb_f_eem.o
  LD [M]  drivers/usb/gadget/function/usb_f_ecm_subset.o
  LD [M]  drivers/usb/gadget/function/usb_f_rndis.o
  LD [M]  drivers/usb/gadget/function/usb_f_mass_storage.o
  LD [M]  drivers/usb/gadget/function/usb_f_fs.o
  CC [M]  drivers/usb/gadget/u_f.o
  CC      drivers/media/rc/keymaps/rc-avermedia-m135a.o
  CC      drivers/media/rc/lirc_dev.o
  AR      drivers/media/platform/chips-media/coda/built-in.a
  AR      drivers/media/platform/chips-media/wave5/built-in.a
  AR      drivers/media/platform/chips-media/built-in.a
  CC [M]  fs/f2fs/acl.o
  CC [M]  drivers/gpu/drm/nouveau/nvif/user.o
  LD [M]  drivers/media/tuners/tda18271.o
  AR      drivers/media/platform/dreamchip/rppx1/built-in.a
  AR      drivers/net/ethernet/rdc/built-in.a
  AR      drivers/media/platform/dreamchip/built-in.a
  AR      drivers/media/platform/imagination/built-in.a
  AR      drivers/media/usb/b2c2/built-in.a
  AR      drivers/media/pci/ttpci/built-in.a
  AR      drivers/media/platform/intel/built-in.a
  CC [M]  drivers/gpu/drm/sun4i/sun8i_csc.o
  AR      drivers/media/usb/dvb-usb/built-in.a
  AR      drivers/media/mmc/siano/built-in.a
  AR      drivers/media/pci/b2c2/built-in.a
  AR      drivers/media/platform/marvell/built-in.a
  AR      drivers/media/mmc/built-in.a
  AR      drivers/media/usb/dvb-usb-v2/built-in.a
  AR      drivers/media/platform/microchip/built-in.a
  AR      drivers/media/pci/pluto2/built-in.a
  AR      drivers/media/platform/mediatek/jpeg/built-in.a
  AR      drivers/media/usb/s2255/built-in.a
  AR      drivers/media/platform/mediatek/mdp/built-in.a
  CC [M]  fs/f2fs/verity.o
  AR      drivers/media/usb/siano/built-in.a
  AR      drivers/media/usb/ttusb-budget/built-in.a
  AR      drivers/media/pci/dm1105/built-in.a
  AR      drivers/media/pci/pt1/built-in.a
  AR      drivers/media/pci/pt3/built-in.a
  AR      drivers/media/usb/ttusb-dec/built-in.a
  AR      drivers/media/platform/mediatek/vcodec/common/built-in.a
  AR      drivers/media/usb/built-in.a
  CC      drivers/media/rc/keymaps/rc-avermedia-m733a-rm-k6.o
  CC      drivers/media/rc/keymaps/rc-avermedia.o
  CC [M]  drivers/gpu/drm/radeon/radeon_i2c.o
  AR      drivers/media/pci/mantis/built-in.a
  AR      drivers/media/platform/mediatek/vcodec/encoder/built-in.a
  AR      drivers/media/pci/ngene/built-in.a
  CC [M]  fs/btrfs/zstd.o
  AR      drivers/media/platform/mediatek/vcodec/decoder/built-in.a
  AR      drivers/media/platform/mediatek/vcodec/built-in.a
  AR      drivers/media/pci/ddbridge/built-in.a
  AR      drivers/media/platform/mediatek/vpu/built-in.a
  CC [M]  drivers/gpu/drm/radeon/radeon_clocks.o
  AR      drivers/media/platform/mediatek/mdp3/built-in.a
  AR      drivers/media/platform/mediatek/built-in.a
  AR      drivers/media/pci/saa7146/built-in.a
  AR      drivers/media/pci/smipcie/built-in.a
  AR      drivers/media/platform/nuvoton/built-in.a
  AR      drivers/media/platform/nvidia/tegra-vde/built-in.a
  AR      drivers/media/pci/netup_unidvb/built-in.a
  AR      drivers/media/platform/nvidia/built-in.a
  AR      drivers/media/platform/nxp/dw100/built-in.a
  AR      drivers/media/pci/intel/ipu3/built-in.a
  AR      drivers/media/platform/nxp/imx-jpeg/built-in.a
  CC      drivers/net/ethernet/realtek/r8169_phy_config.o
  AR      drivers/media/pci/intel/ivsc/built-in.a
  AR      drivers/media/pci/intel/built-in.a
  AR      drivers/media/platform/nxp/imx8-isi/built-in.a
  AR      drivers/media/platform/nxp/built-in.a
  AR      drivers/media/pci/built-in.a
  CC      drivers/media/rc/keymaps/rc-avermedia-rm-ks.o
  CC [M]  fs/f2fs/compress.o
  AR      drivers/media/platform/qcom/camss/built-in.a
  CC [M]  drivers/gpu/drm/nouveau/nvif/userc361.o
  AR      drivers/media/platform/qcom/iris/built-in.a
  AR      drivers/usb/gadget/built-in.a
  LD [M]  drivers/usb/gadget/libcomposite.o
  CC [M]  drivers/gpu/drm/sun4i/sun8i_tcon_top.o
  AR      drivers/media/platform/qcom/venus/built-in.a
  AR      drivers/media/platform/qcom/built-in.a
  CC [M]  drivers/gpu/drm/nouveau/nvkm/core/client.o
  AR      drivers/usb/built-in.a
  AR      drivers/net/ethernet/rocker/built-in.a
  CC [M]  drivers/gpu/drm/nouveau/nvkm/core/engine.o
  AR      drivers/media/platform/raspberrypi/pisp_be/built-in.a
  AR      drivers/media/platform/raspberrypi/rp1-cfe/built-in.a
  AR      drivers/media/platform/raspberrypi/built-in.a
  AR      drivers/ptp/built-in.a
  CC [M]  drivers/net/veth.o
  CC [M]  drivers/gpu/drm/radeon/radeon_gem.o
  AR      drivers/media/platform/renesas/rcar-isp/built-in.a
  AR      drivers/media/platform/renesas/rcar-vin/built-in.a
  CC [M]  fs/nfs/pnfs_dev.o
  AR      drivers/media/platform/renesas/rzg2l-cru/built-in.a
  AR      drivers/media/platform/renesas/rzv2h-ivc/built-in.a
  AR      drivers/media/firewire/built-in.a
  AR      drivers/media/platform/renesas/vsp1/built-in.a
  CC      drivers/media/rc/keymaps/rc-cec.o
  AR      drivers/media/platform/renesas/built-in.a
  CC      drivers/media/rc/keymaps/rc-avertv-303.o
  AR      drivers/media/platform/rockchip/rga/built-in.a
  CC [M]  drivers/gpu/drm/nouveau/nvkm/core/enum.o
  LD [M]  drivers/gpu/drm/sun4i/sun4i-drm.o
  LD [M]  drivers/gpu/drm/sun4i/sun4i-tcon.o
  LD [M]  drivers/gpu/drm/sun4i/sun8i-drm-hdmi.o
  LD [M]  drivers/gpu/drm/sun4i/sun8i-mixer.o
  AR      drivers/net/ethernet/samsung/built-in.a
  CC [M]  fs/btrfs/compression.o
  CC      drivers/power/reset/gpio-poweroff.o
  CC      drivers/media/rc/keymaps/rc-azurewave-ad-tu700.o
  CC      drivers/power/reset/gpio-restart.o
  CC      drivers/power/reset/spacemit-p1-reboot.o
  CC      drivers/hwmon/hwmon.o
  CC [M]  fs/f2fs/iostat.o
  CC [M]  drivers/hwmon/sfctemp.o
  CC [M]  drivers/gpu/drm/radeon/radeon_ring.o
  CC      drivers/power/reset/syscon-reboot.o
  AR      drivers/net/ethernet/seeq/built-in.a
  CC      drivers/power/reset/syscon-poweroff.o
  CC [M]  drivers/gpu/drm/nouveau/nvkm/core/event.o
  AR      drivers/media/platform/rockchip/rkisp1/built-in.a
  AR      drivers/media/platform/rockchip/rkcif/built-in.a
  CC      drivers/power/sequencing/core.o
  AR      drivers/media/platform/rockchip/rkvdec/built-in.a
  AR      drivers/net/ethernet/silan/built-in.a
  AR      drivers/media/platform/rockchip/built-in.a
  CC [M]  drivers/gpu/drm/nouveau/nvkm/core/firmware.o
  AR      drivers/media/platform/samsung/exynos-gsc/built-in.a
  AR      drivers/media/platform/samsung/exynos4-is/built-in.a
  CC      drivers/media/rc/keymaps/rc-beelink-gs1.o
  AR      drivers/media/platform/samsung/s3c-camif/built-in.a
  AR      drivers/media/platform/samsung/s5p-g2d/built-in.a
  AR      drivers/media/platform/samsung/s5p-jpeg/built-in.a
  AR      drivers/net/ethernet/realtek/built-in.a
  CC [M]  fs/nfs/pnfs_nfs.o
  AR      drivers/media/platform/samsung/s5p-mfc/built-in.a
  AR      drivers/media/platform/samsung/built-in.a
  CC [M]  fs/nfs/nfs4sysctl.o
  CC [M]  drivers/gpu/drm/nouveau/nvkm/core/gpuobj.o
  AR      drivers/media/platform/st/sti/bdisp/built-in.a
  AR      drivers/media/platform/st/sti/delta/built-in.a
  CC [M]  drivers/gpu/drm/nouveau/nvkm/core/intr.o
  LD [M]  fs/f2fs/f2fs.o
  AR      drivers/media/platform/st/sti/hva/built-in.a
  AR      drivers/media/platform/st/stm32/built-in.a
  AR      drivers/media/platform/st/built-in.a
  AR      drivers/power/reset/built-in.a
  AR      drivers/media/test-drivers/built-in.a
  AR      drivers/media/spi/built-in.a
  AR      drivers/media/platform/sunxi/sun4i-csi/built-in.a
  CC [M]  fs/btrfs/delayed-ref.o
  AR      drivers/media/platform/sunxi/sun6i-csi/built-in.a
  CC [M]  fs/btrfs/relocation.o
  CC      drivers/media/rc/keymaps/rc-beelink-mxiii.o
  AR      drivers/media/platform/sunxi/sun6i-mipi-csi2/built-in.a
  AR      drivers/net/ethernet/sis/built-in.a
  AR      drivers/media/platform/sunxi/sun8i-a83t-mipi-csi2/built-in.a
  AR      drivers/net/ethernet/sfc/built-in.a
  AR      drivers/media/platform/sunxi/sun8i-di/built-in.a
  AR      drivers/net/ethernet/smsc/built-in.a
  AR      drivers/media/platform/sunxi/sun8i-rotate/built-in.a
  AR      drivers/media/platform/sunxi/built-in.a
  AR      drivers/net/ethernet/socionext/built-in.a
  AR      drivers/net/ethernet/spacemit/built-in.a
  CC [M]  drivers/gpu/drm/radeon/radeon_irq_kms.o
  CC [M]  drivers/net/ethernet/spacemit/k1_emac.o
  AR      drivers/media/platform/synopsys/hdmirx/built-in.a
  AR      drivers/media/platform/synopsys/built-in.a
  CC [M]  fs/btrfs/delayed-inode.o
  AR      drivers/media/platform/ti/am437x/built-in.a
  AR      drivers/media/platform/ti/cal/built-in.a
  AR      drivers/media/platform/verisilicon/built-in.a
  AR      drivers/media/platform/ti/vpe/built-in.a
  CC [M]  drivers/media/mc/mc-device.o
  AR      drivers/media/platform/ti/davinci/built-in.a
  AR      drivers/media/platform/ti/j721e-csi2rx/built-in.a
  AR      drivers/media/platform/ti/omap/built-in.a
  CC [M]  drivers/media/mc/mc-devnode.o
  AR      drivers/media/platform/ti/omap3isp/built-in.a
  AR      drivers/media/platform/ti/built-in.a
  AR      drivers/media/platform/via/built-in.a
  AR      drivers/media/platform/xilinx/built-in.a
  AR      drivers/media/platform/built-in.a
  CC [M]  drivers/media/mc/mc-entity.o
  CC [M]  drivers/media/mc/mc-request.o
  CC      drivers/thermal/thermal_core.o
  CC      drivers/thermal/thermal_sysfs.o
  CC      drivers/thermal/thermal_trip.o
  CC      drivers/media/rc/keymaps/rc-behold-columbus.o
  CC [M]  fs/nfs/nfs40client.o
  CC [M]  drivers/gpu/drm/nouveau/nvkm/core/ioctl.o
  AR      drivers/power/sequencing/built-in.a
  AR      drivers/net/ethernet/stmicro/built-in.a
  CC      drivers/power/supply/power_supply_core.o
  CC [M]  drivers/net/ethernet/stmicro/stmmac/stmmac_main.o
  AR      drivers/hwmon/built-in.a
  CC [M]  drivers/media/v4l2-core/v4l2-async.o
  CC      drivers/power/supply/power_supply_sysfs.o
  CC [M]  drivers/gpu/drm/radeon/radeon_cs.o
  CC      drivers/media/rc/keymaps/rc-behold.o
  CC      drivers/media/rc/keymaps/rc-budget-ci-old.o
  CC [M]  drivers/media/mc/mc-dev-allocator.o
  CC [M]  fs/nfs/nfs40proc.o
  CC      drivers/watchdog/watchdog_core.o
  CC      drivers/md/dm-builtin.o
  CC [M]  fs/btrfs/scrub.o
  CC [M]  drivers/gpu/drm/nouveau/nvkm/core/memory.o
  CC      drivers/media/rc/keymaps/rc-cinergy-1400.o
  CC      drivers/media/rc/keymaps/rc-cinergy.o
  CC [M]  fs/btrfs/backref.o
  LD [M]  drivers/media/mc/mc.o
  CC [M]  drivers/media/v4l2-core/v4l2-fwnode.o
  CC      drivers/media/rc/keymaps/rc-ct-90405.o
  CC [M]  fs/nfs/nfs42proc.o
  CC      drivers/power/supply/power_supply_hwmon.o
  CC [M]  drivers/net/ethernet/stmicro/stmmac/stmmac_ethtool.o
  CC [M]  drivers/gpu/drm/radeon/radeon_bios.o
  CC [M]  drivers/media/dvb-core/dvbdev.o
  CC [M]  drivers/gpu/drm/nouveau/nvkm/core/mm.o
  CC      drivers/media/rc/keymaps/rc-d680-dmb.o
  CC      drivers/watchdog/watchdog_dev.o
  CC      drivers/thermal/thermal_helpers.o
  CC [M]  drivers/md/dm-zone.o
  CC      drivers/thermal/thermal_thresholds.o
  AR      drivers/power/supply/built-in.a
  AR      drivers/power/built-in.a
  CC [M]  drivers/media/v4l2-core/v4l2-dv-timings.o
  CC [M]  drivers/media/dvb-core/dmxdev.o
  AR      drivers/net/ethernet/sun/built-in.a
  CC [M]  drivers/media/dvb-core/dvb_demux.o
  CC [M]  drivers/md/dm-ima.o
  CC [M]  drivers/net/ethernet/stmicro/stmmac/stmmac_mdio.o
  CC      drivers/watchdog/sunxi_wdt.o
  CC      drivers/media/rc/keymaps/rc-delock-61959.o
  CC      drivers/thermal/thermal_netlink.o
  CC [M]  drivers/gpu/drm/nouveau/nvkm/core/object.o
  CC      drivers/watchdog/starfive-wdt.o
  AR      drivers/net/ethernet/tehuti/built-in.a
  CC [M]  drivers/gpu/drm/nouveau/nvkm/core/oproxy.o
  CC [M]  drivers/gpu/drm/radeon/radeon_benchmark.o
  CC [M]  drivers/net/bonding/bond_main.o
  CC [M]  drivers/media/v4l2-core/v4l2-dev.o
  CC      drivers/media/rc/keymaps/rc-dib0700-nec.o
  CC [M]  fs/btrfs/ulist.o
  CC [M]  fs/nfs/nfs42xattr.o
  CC [M]  drivers/md/dm.o
  CC [M]  drivers/net/bonding/bond_3ad.o
  CC [M]  drivers/media/dvb-core/dvb_ca_en50221.o
  AR      drivers/watchdog/built-in.a
  CC [M]  drivers/md/dm-table.o
  CC [M]  drivers/md/dm-target.o
  CC [M]  drivers/gpu/drm/nouveau/nvkm/core/option.o
  CC      drivers/media/rc/keymaps/rc-dib0700-rc5.o
  CC      drivers/media/rc/keymaps/rc-digitalnow-tinytwin.o
  CC [M]  fs/btrfs/qgroup.o
  CC      drivers/thermal/thermal_hwmon.o
  CC [M]  drivers/gpu/drm/nouveau/nvkm/core/ramht.o
  HOSTCC  drivers/gpu/drm/radeon/mkregtable
  CC [M]  drivers/gpu/drm/nouveau/nvkm/core/subdev.o
  CC      drivers/media/rc/keymaps/rc-digittrade.o
  CC [M]  drivers/gpu/drm/radeon/rs400.o
  MKREG   drivers/gpu/drm/radeon/rs600_reg_safe.h
  CC [M]  drivers/net/bonding/bond_alb.o
  CC [M]  fs/nfs/filelayout/filelayout.o
  CC      drivers/thermal/thermal_of.o
  CC [M]  drivers/media/v4l2-core/v4l2-ioctl.o
  CC [M]  drivers/net/ethernet/stmicro/stmmac/ring_mode.o
  CC [M]  drivers/gpu/drm/nouveau/nvkm/core/uevent.o
  CC [M]  drivers/media/dvb-core/dvb_frontend.o
  CC      drivers/media/rc/keymaps/rc-dm1105-nec.o
  CC [M]  drivers/gpu/drm/radeon/rs690.o
  CC [M]  drivers/net/bonding/bond_sysfs.o
  CC      drivers/thermal/gov_fair_share.o
  CC      drivers/media/rc/keymaps/rc-dntv-live-dvb-t.o
  CC [M]  drivers/net/ipvlan/ipvlan_core.o
  CC [M]  drivers/net/ipvlan/ipvlan_main.o
  CC [M]  drivers/net/vxlan/vxlan_core.o
  CC [M]  drivers/md/dm-linear.o
  CC [M]  drivers/gpu/drm/nouveau/nvkm/nvfw/fw.o
  CC [M]  drivers/net/ethernet/stmicro/stmmac/chain_mode.o
  CC      drivers/thermal/gov_bang_bang.o
  CC      drivers/media/rc/keymaps/rc-dntv-live-dvbt-pro.o
  MKREG   drivers/gpu/drm/radeon/rv515_reg_safe.h
  CC [M]  drivers/net/vxlan/vxlan_multicast.o
  CC [M]  drivers/gpu/drm/radeon/r520.o
  CC [M]  drivers/net/vxlan/vxlan_vnifilter.o
  CC [M]  fs/nfs/filelayout/filelayoutdev.o
  CC      drivers/thermal/gov_step_wise.o
  CC      drivers/media/rc/keymaps/rc-dreambox.o
  CC [M]  drivers/md/dm-stripe.o
  CC [M]  drivers/gpu/drm/nouveau/nvkm/nvfw/hs.o
  CC [M]  drivers/media/dvb-core/dvb_net.o
  CC      drivers/media/rc/keymaps/rc-dtt200u.o
  CC [M]  drivers/net/ethernet/stmicro/stmmac/dwmac_lib.o
  CC      drivers/thermal/gov_user_space.o
  CC [M]  fs/btrfs/send.o
  CC [M]  drivers/media/dvb-core/dvb_ringbuffer.o
  CC [M]  drivers/md/dm-ioctl.o
  CC [M]  drivers/gpu/drm/radeon/r600.o
  CC      drivers/media/rc/keymaps/rc-dvbsky.o
  CC [M]  drivers/net/ipvlan/ipvlan_l3s.o
  CC [M]  drivers/net/bonding/bond_sysfs_slave.o
  CC [M]  drivers/media/v4l2-core/v4l2-device.o
  CC [M]  drivers/net/vxlan/vxlan_mdb.o
  CC [M]  drivers/gpu/drm/nouveau/nvkm/nvfw/ls.o
  CC      drivers/thermal/gov_power_allocator.o
  CC [M]  drivers/md/dm-io.o
  LD [M]  fs/nfs/filelayout/nfs_layout_nfsv41_files.o
  CC      drivers/media/rc/keymaps/rc-dvico-mce.o
  CC [M]  fs/nfs/blocklayout/blocklayout.o
  CC [M]  drivers/net/ethernet/stmicro/stmmac/dwmac1000_core.o
  LD [M]  drivers/media/dvb-core/dvb-core.o
  CC      drivers/thermal/cpufreq_cooling.o
  AR      drivers/net/ethernet/ti/built-in.a
  CC      drivers/media/rc/keymaps/rc-dvico-portable.o
  CC [M]  drivers/net/can/dev/skb.o
  CC [M]  drivers/media/v4l2-core/v4l2-fh.o
  CC [M]  drivers/net/bonding/bond_debugfs.o
  LD [M]  drivers/net/ipvlan/ipvlan.o
  CC      drivers/thermal/devfreq_cooling.o
  CC [M]  drivers/gpu/drm/nouveau/nvkm/nvfw/acr.o
  CC [M]  fs/btrfs/dev-replace.o
  CC [M]  drivers/md/dm-kcopyd.o
  CC      drivers/media/rc/keymaps/rc-em-terratec.o
  CC [M]  drivers/gpu/drm/nouveau/nvkm/nvfw/flcn.o
  CC [M]  fs/nfs/flexfilelayout/flexfilelayout.o
  CC [M]  drivers/media/v4l2-core/v4l2-event.o
  AR      drivers/thermal/broadcom/built-in.a
  AR      drivers/thermal/renesas/built-in.a
  AR      drivers/thermal/samsung/built-in.a
  CC      drivers/media/rc/keymaps/rc-encore-enltv2.o
  AR      drivers/thermal/intel/built-in.a
  AR      drivers/thermal/st/built-in.a
  AR      drivers/thermal/qcom/built-in.a
  CC [M]  fs/nfs/blocklayout/dev.o
  AR      drivers/thermal/tegra/built-in.a
  AR      drivers/thermal/mediatek/built-in.a
  CC [M]  drivers/net/ethernet/stmicro/stmmac/dwmac1000_dma.o
  CC [M]  drivers/net/bonding/bond_netlink.o
  AR      drivers/thermal/spacemit/built-in.a
  CC [M]  drivers/net/can/dev/calc_bittiming.o
  AR      drivers/thermal/built-in.a
  CC [M]  drivers/net/bonding/bond_options.o
  CC [M]  drivers/gpu/drm/nouveau/nvkm/falcon/base.o
  CC [M]  drivers/gpu/drm/nouveau/nvkm/falcon/cmdq.o
  CC [M]  fs/btrfs/raid56.o
  LD [M]  drivers/net/vxlan/vxlan.o
  CC      drivers/media/rc/keymaps/rc-encore-enltv-fm53.o
  CC [M]  drivers/md/dm-sysfs.o
  CC [M]  drivers/media/v4l2-core/v4l2-subdev.o
  CC [M]  drivers/media/v4l2-core/v4l2-common.o
  LD [M]  fs/nfs/nfs.o
  CC      drivers/media/rc/keymaps/rc-encore-enltv.o
  CC [M]  drivers/net/ethernet/stmicro/stmmac/dwmac100_core.o
  CC [M]  fs/nfs/flexfilelayout/flexfilelayoutdev.o
  CC [M]  drivers/md/dm-stats.o
  CC [M]  drivers/md/dm-rq.o
  CC      drivers/media/rc/keymaps/rc-evga-indtube.o
  CC [M]  drivers/gpu/drm/radeon/rv770.o
  CC [M]  drivers/gpu/drm/nouveau/nvkm/falcon/fw.o
  CC [M]  drivers/net/can/dev/bittiming.o
  CC [M]  fs/nfs/blocklayout/extent_tree.o
  CC      drivers/media/rc/keymaps/rc-eztv.o
  AR      drivers/net/ethernet/vertexcom/built-in.a
  CC [M]  drivers/md/dm-io-rewind.o
  CC [M]  drivers/net/bonding/bond_procfs.o
  CC [M]  drivers/net/ethernet/stmicro/stmmac/dwmac100_dma.o
  CC [M]  fs/nfs/blocklayout/rpc_pipefs.o
  AR      drivers/accessibility/braille/built-in.a
  AR      drivers/accessibility/built-in.a
  CC      drivers/opp/core.o
  CC [M]  drivers/media/v4l2-core/v4l2-ctrls-core.o
  CC      drivers/opp/cpu.o
  CC      drivers/cpufreq/cpufreq.o
  CC [M]  drivers/net/can/dev/dev.o
  CC      drivers/media/rc/keymaps/rc-flydvb.o
  CC [M]  drivers/md/dm-bufio.o
  CC [M]  drivers/gpu/drm/nouveau/nvkm/falcon/msgq.o
  LD [M]  fs/nfs/flexfilelayout/nfs_layout_flexfiles.o
  CC      drivers/cpufreq/freq_table.o
  CC [M]  fs/btrfs/uuid-tree.o
  CC      drivers/cpuidle/cpuidle.o
  LD [M]  drivers/net/bonding/bonding.o
  CC [M]  drivers/net/ethernet/stmicro/stmmac/enh_desc.o
  CC      drivers/media/rc/keymaps/rc-flyvideo.o
  CC      drivers/cpufreq/cpufreq_stats.o
  CC [M]  fs/btrfs/props.o
  LD [M]  fs/nfs/blocklayout/blocklayoutdriver.o
  AR      drivers/net/ethernet/via/built-in.a
  CC [M]  drivers/gpu/drm/radeon/radeon_test.o
  LD [M]  fs/nfs/nfsv3.o
  CC [M]  drivers/net/can/dev/length.o
  CC [M]  drivers/net/can/dev/netlink.o
  LD [M]  fs/nfs/nfsv4.o
  CC [M]  drivers/gpu/drm/nouveau/nvkm/falcon/qmgr.o
  CC [M]  drivers/media/v4l2-core/v4l2-ctrls-api.o
  CC      drivers/opp/of.o
  CC      drivers/cpuidle/driver.o
  CC [M]  drivers/net/ethernet/stmicro/stmmac/norm_desc.o
  CC [M]  fs/btrfs/free-space-tree.o
  CC      drivers/opp/debugfs.o
  MKREG   drivers/gpu/drm/radeon/r200_reg_safe.h
  CC [M]  drivers/gpu/drm/radeon/radeon_legacy_tv.o
  CC      drivers/cpufreq/cpufreq_performance.o
  CC [M]  drivers/md/dm-bio-prison-v1.o
  CC [M]  drivers/gpu/drm/nouveau/nvkm/falcon/v1.o
  CC      drivers/media/rc/keymaps/rc-fusionhdtv-mce.o
  CC [M]  drivers/net/ethernet/stmicro/stmmac/mmc_core.o
  CC [M]  drivers/md/dm-bio-prison-v2.o
  CC      drivers/cpuidle/governor.o
  CC      drivers/media/rc/keymaps/rc-gadmei-rm008z.o
  CC      drivers/media/rc/keymaps/rc-geekbox.o
  CC      drivers/media/rc/keymaps/rc-genius-tvgo-a11mce.o
  AR      drivers/opp/built-in.a
  CC [M]  drivers/media/v4l2-core/v4l2-ctrls-request.o
  CC [M]  fs/btrfs/tree-checker.o
  CC      drivers/cpufreq/cpufreq_userspace.o
  CC      drivers/cpuidle/sysfs.o
  CC [M]  drivers/gpu/drm/nouveau/nvkm/falcon/gm200.o
  CC      drivers/cpuidle/governors/ladder.o
  CC [M]  fs/btrfs/space-info.o
  CC [M]  drivers/net/ethernet/stmicro/stmmac/stmmac_hwtstamp.o
  CC [M]  drivers/gpu/drm/nouveau/nvkm/falcon/gp102.o
  LD [M]  drivers/net/can/dev/can-dev.o
  MKREG   drivers/gpu/drm/radeon/r600_reg_safe.h
  CC [M]  drivers/gpu/drm/nouveau/nvkm/falcon/tu102.o
  CC      drivers/cpuidle/governors/menu.o
  CC      drivers/cpufreq/cpufreq_ondemand.o
  CC [M]  drivers/gpu/drm/radeon/radeon_pm.o
  CC [M]  drivers/gpu/drm/radeon/atombios_dp.o
  CC [M]  drivers/gpu/drm/radeon/r600_hdmi.o
  CC [M]  drivers/media/v4l2-core/v4l2-ctrls-defs.o
  CC [M]  drivers/md/dm-thin.o
  CC [M]  drivers/media/v4l2-core/v4l2-compat-ioctl32.o
  AR      drivers/cpuidle/governors/built-in.a
  AR      drivers/net/ethernet/wangxun/built-in.a
  CC      drivers/media/rc/keymaps/rc-gotview7135.o
  CC [M]  fs/btrfs/block-rsv.o
  CC [M]  drivers/media/v4l2-core/v4l2-mc.o
  CC      drivers/cpuidle/dt_idle_states.o
  CC [M]  drivers/gpu/drm/radeon/dce3_1_afmt.o
  CC [M]  drivers/gpu/drm/nouveau/nvkm/falcon/ga100.o
  CC      drivers/cpufreq/cpufreq_governor.o
  CC      drivers/media/rc/keymaps/rc-hauppauge.o
  CC      drivers/mmc/core/core.o
  CC [M]  drivers/net/ethernet/stmicro/stmmac/stmmac_ptp.o
  CC      drivers/cpuidle/dt_idle_genpd.o
  CC [M]  drivers/md/dm-thin-metadata.o
  AR      drivers/net/ethernet/wiznet/built-in.a
  CC [M]  fs/btrfs/delalloc-space.o
  CC [M]  drivers/gpu/drm/nouveau/nvkm/falcon/ga102.o
  CC      drivers/cpufreq/cpufreq_governor_attr_set.o
  CC      drivers/media/rc/keymaps/rc-hisi-poplar.o
  CC      drivers/media/rc/keymaps/rc-hisi-tv-demo.o
  CC      drivers/media/rc/keymaps/rc-imon-mce.o
  CC      drivers/cpuidle/cpuidle-riscv-sbi.o
  CC      drivers/media/rc/keymaps/rc-imon-pad.o
  CC [M]  drivers/media/v4l2-core/v4l2-spi.o
  CC [M]  drivers/media/v4l2-core/v4l2-trace.o
  CC [M]  drivers/gpu/drm/radeon/evergreen.o
  CC [M]  drivers/md/persistent-data/dm-array.o
  CC [M]  drivers/md/persistent-data/dm-bitset.o
  CC [M]  drivers/net/ethernet/stmicro/stmmac/dwmac4_descs.o
  MKREG   drivers/gpu/drm/radeon/evergreen_reg_safe.h
  CC      drivers/cpufreq/cpufreq-dt.o
  CC [M]  drivers/gpu/drm/nouveau/nvkm/subdev/acr/base.o
  MKREG   drivers/gpu/drm/radeon/cayman_reg_safe.h
  CC [M]  drivers/net/ethernet/stmicro/stmmac/dwmac4_dma.o
  AR      drivers/net/ethernet/xilinx/built-in.a
  CC      drivers/mmc/core/bus.o
  CC      drivers/media/rc/keymaps/rc-imon-rsc.o
  CC [M]  drivers/md/persistent-data/dm-block-manager.o
  CC      drivers/media/rc/keymaps/rc-iodata-bctv7e.o
  CC [M]  fs/btrfs/block-group.o
  AR      drivers/md/built-in.a
  AR      drivers/cpuidle/built-in.a
  CC      drivers/mmc/host/sdhci.o
  LD [M]  drivers/md/dm-mod.o
  CC [M]  drivers/gpu/drm/nouveau/nvkm/subdev/acr/lsfw.o
  CC      drivers/media/rc/keymaps/rc-it913x-v1.o
  CC      drivers/cpufreq/cpufreq-dt-platdev.o
  CC [M]  drivers/md/persistent-data/dm-space-map-common.o
  CC [M]  drivers/net/ethernet/stmicro/stmmac/dwmac4_lib.o
  LD [M]  drivers/md/dm-bio-prison.o
  CC [M]  drivers/media/v4l2-core/v4l2-i2c.o
  CC [M]  drivers/cpufreq/cpufreq_powersave.o
  CC [M]  drivers/net/ethernet/stmicro/stmmac/dwmac4_core.o
  CC [M]  drivers/net/ethernet/stmicro/stmmac/dwmac5.o
  CC      drivers/media/rc/keymaps/rc-it913x-v2.o
  CC [M]  drivers/net/ethernet/stmicro/stmmac/hwif.o
  CC [M]  fs/btrfs/discard.o
  CC [M]  drivers/md/persistent-data/dm-space-map-disk.o
  CC [M]  drivers/cpufreq/cpufreq_conservative.o
  CC      drivers/mmc/core/host.o
  CC [M]  drivers/gpu/drm/nouveau/nvkm/subdev/acr/gm200.o
  AR      drivers/ufs/built-in.a
  CC [M]  drivers/md/persistent-data/dm-space-map-metadata.o
  AR      drivers/net/ethernet/synopsys/built-in.a
  CC [M]  drivers/md/persistent-data/dm-transaction-manager.o
  LD [M]  drivers/md/dm-thin-pool.o
  CC      drivers/mmc/host/mmc_spi.o
  CC      drivers/mmc/host/of_mmc_spi.o
  CC [M]  drivers/md/persistent-data/dm-btree.o
  CC      drivers/mmc/core/mmc.o
  CC      drivers/media/rc/keymaps/rc-kaiomy.o
  CC      drivers/mmc/core/mmc_ops.o
  CC [M]  drivers/gpu/drm/nouveau/nvkm/subdev/acr/gm20b.o
  CC [M]  drivers/cpufreq/cppc_cpufreq.o
  LD [M]  drivers/media/v4l2-core/videodev.o
  CC [M]  drivers/gpu/drm/radeon/evergreen_hdmi.o
  CC [M]  drivers/net/ethernet/stmicro/stmmac/stmmac_tc.o
  CC [M]  drivers/gpu/drm/radeon/radeon_trace_points.o
  CC      drivers/firmware/dmi_scan.o
  CC      drivers/media/rc/keymaps/rc-khadas.o
  CC [M]  drivers/gpu/drm/radeon/ni.o
  CC [M]  drivers/gpu/drm/radeon/atombios_encoders.o
  CC      drivers/media/rc/keymaps/rc-khamsin.o
  CC [M]  drivers/md/persistent-data/dm-btree-remove.o
  CC [M]  drivers/md/persistent-data/dm-btree-spine.o
  CC      drivers/mmc/host/dw_mmc.o
  CC      drivers/mmc/host/dw_mmc-pltfm.o
  CC      drivers/firmware/dmi-id.o
  CC [M]  drivers/gpu/drm/nouveau/nvkm/subdev/acr/gp102.o
  CC [M]  fs/btrfs/reflink.o
  CC      drivers/media/rc/keymaps/rc-kworld-315u.o
  AR      drivers/cpufreq/built-in.a
  CC      drivers/mmc/host/dw_mmc-starfive.o
  CC      drivers/media/rc/keymaps/rc-kworld-pc150u.o
  CC [M]  drivers/gpu/drm/radeon/radeon_semaphore.o
  CC      drivers/media/rc/keymaps/rc-kworld-plus-tv-analog.o
  CC      drivers/media/rc/keymaps/rc-leadtek-y04g0051.o
  CC      drivers/firmware/sysfb.o
  CC      drivers/mmc/core/sd.o
  CC      drivers/firmware/sysfb_simplefb.o
  CC [M]  drivers/gpu/drm/nouveau/nvkm/subdev/acr/gp108.o
  CC [M]  drivers/net/ethernet/stmicro/stmmac/dwxgmac2_core.o
  LD [M]  drivers/md/persistent-data/dm-persistent-data.o
  CC      drivers/mmc/host/sunxi-mmc.o
  CC [M]  drivers/gpu/drm/radeon/radeon_sa.o
  AR      drivers/net/ethernet/zte/dinghai/built-in.a
  AR      drivers/net/ethernet/zte/built-in.a
  CC      drivers/media/rc/keymaps/rc-lme2510.o
  AR      drivers/crypto/allwinner/built-in.a
  CC [M]  fs/btrfs/subpage.o
  CC      drivers/mmc/host/sdhci-pltfm.o
  AR      drivers/crypto/stm32/built-in.a
  AR      drivers/net/ethernet/pensando/built-in.a
  AR      drivers/crypto/inside-secure/eip93/built-in.a
  AR      drivers/crypto/inside-secure/built-in.a
  CC      drivers/media/rc/keymaps/rc-manli.o
  AR      drivers/crypto/xilinx/built-in.a
  AR      drivers/crypto/hisilicon/built-in.a
  CC [M]  fs/btrfs/tree-mod-log.o
  AR      drivers/firmware/arm_ffa/built-in.a
  AR      drivers/firmware/arm_scmi/built-in.a
  AR      drivers/crypto/intel/keembay/built-in.a
  AR      drivers/firmware/broadcom/built-in.a
  AR      drivers/crypto/intel/ixp4xx/built-in.a
  CC [M]  drivers/gpu/drm/nouveau/nvkm/subdev/acr/gv100.o
  AR      drivers/crypto/intel/built-in.a
  AR      drivers/firmware/cirrus/test/built-in.a
  AR      drivers/firmware/cirrus/built-in.a
  CC [M]  drivers/gpu/drm/nouveau/nvkm/subdev/acr/gp10b.o
  AR      drivers/crypto/starfive/built-in.a
  AR      drivers/firmware/microchip/built-in.a
  AR      drivers/firmware/meson/built-in.a
  CC      drivers/mmc/core/sd_ops.o
  AR      drivers/firmware/google/built-in.a
  AR      drivers/crypto/cavium/built-in.a
  CC      drivers/firmware/efi/efi.o
  AR      drivers/crypto/ti/built-in.a
  CC      drivers/clocksource/timer-of.o
  CC      drivers/clocksource/timer-probe.o
  CC [M]  fs/btrfs/extent-io-tree.o
  CC [M]  drivers/crypto/virtio/virtio_crypto_skcipher_algs.o
  CC      drivers/media/rc/keymaps/rc-mecool-kiii-pro.o
  CC [M]  fs/btrfs/fs.o
  CC [M]  fs/btrfs/messages.o
  CC [M]  drivers/gpu/drm/radeon/atombios_i2c.o
  CC      drivers/media/rc/keymaps/rc-mecool-kii-pro.o
  CC      drivers/clocksource/mmio.o
  AR      drivers/firmware/imx/built-in.a
  CC      drivers/media/rc/keymaps/rc-medion-x10-digitainer.o
  AR      drivers/firmware/psci/built-in.a
  CC      drivers/clocksource/timer-sun4i.o
  CC      drivers/mmc/core/sdio.o
  CC      drivers/mmc/host/sdhci-cadence.o
  CC [M]  drivers/gpu/drm/nouveau/nvkm/subdev/acr/tu102.o
  CC [M]  drivers/net/ethernet/stmicro/stmmac/dwxgmac2_dma.o
  CC [M]  fs/btrfs/bio.o
  CC [M]  drivers/crypto/virtio/virtio_crypto_akcipher_algs.o
  CC      drivers/mmc/core/sdio_ops.o
  CC      drivers/mmc/host/sdhci-of-dwcmshc.o
  CC      drivers/mmc/core/sdio_bus.o
  AR      drivers/crypto/built-in.a
  AR      drivers/firmware/qcom/built-in.a
  CC [M]  drivers/gpu/drm/radeon/si.o
  CC      drivers/firmware/efi/vars.o
  CC      drivers/clocksource/dummy_timer.o
  CC      drivers/firmware/efi/reboot.o
  CC      drivers/media/rc/keymaps/rc-medion-x10.o
  CC [M]  drivers/gpu/drm/nouveau/nvkm/subdev/acr/ga100.o
  CC      drivers/media/rc/keymaps/rc-medion-x10-or2x.o
  CC [M]  drivers/gpu/drm/nouveau/nvkm/subdev/acr/ga102.o
  CC      drivers/clocksource/timer-riscv.o
  CC      drivers/media/rc/keymaps/rc-minix-neo.o
  CC [M]  drivers/crypto/virtio/virtio_crypto_mgr.o
  CC      drivers/media/rc/keymaps/rc-msi-digivox-iii.o
  AR      drivers/firmware/samsung/built-in.a
  CC      drivers/media/rc/keymaps/rc-msi-digivox-ii.o
  CC      drivers/mmc/core/sdio_cis.o
  CC      drivers/mmc/core/sdio_io.o
  CC      drivers/mmc/core/sdio_irq.o
  AR      drivers/firmware/smccc/built-in.a
  CC [M]  drivers/gpu/drm/nouveau/nvkm/subdev/bar/base.o
  CC      drivers/media/rc/keymaps/rc-msi-tvanywhere.o
  CC      drivers/firmware/efi/memattr.o
  CC [M]  fs/btrfs/lru_cache.o
  CC [M]  fs/btrfs/raid-stripe-tree.o
  CC [M]  drivers/net/ethernet/stmicro/stmmac/dwxgmac2_descs.o
  CC [M]  drivers/crypto/virtio/virtio_crypto_core.o
  CC      drivers/hid/hid-core.o
  AR      drivers/clocksource/built-in.a
  CC [M]  drivers/net/ethernet/stmicro/stmmac/stmmac_xdp.o
  CC [M]  drivers/net/ethernet/stmicro/stmmac/stmmac_est.o
  CC [M]  drivers/net/ethernet/stmicro/stmmac/stmmac_fpe.o
  CC      drivers/hid/hid-input.o
  CC      drivers/media/rc/keymaps/rc-msi-tvanywhere-plus.o
  CC [M]  fs/btrfs/fiemap.o
  CC      drivers/mmc/core/sd_uhs2.o
  CC [M]  drivers/gpu/drm/nouveau/nvkm/subdev/bar/nv50.o
  AR      drivers/firmware/tegra/built-in.a
  CC [M]  drivers/gpu/drm/nouveau/nvkm/subdev/bar/g84.o
  CC      drivers/firmware/efi/tpm.o
  CC      drivers/mmc/host/sdhci-of-k1.o
  CC      drivers/media/rc/keymaps/rc-mygica-utv3.o
  LD [M]  drivers/crypto/virtio/virtio_crypto.o
  CC [M]  drivers/net/ethernet/stmicro/stmmac/stmmac_vlan.o
  CC      drivers/media/rc/keymaps/rc-nebula.o
  CC [M]  fs/btrfs/direct-io.o
  CC      drivers/of/base.o
  CC      drivers/firmware/efi/memmap.o
  CC      drivers/of/cpu.o
  CC [M]  drivers/gpu/drm/radeon/radeon_prime.o
  CC [M]  drivers/gpu/drm/radeon/cik.o
  CC      drivers/mmc/core/slot-gpio.o
  CC      drivers/mmc/host/cqhci-core.o
  CC [M]  drivers/gpu/drm/nouveau/nvkm/subdev/bar/gf100.o
  CC      drivers/mmc/host/sdhci-of-kendryte.o
  CC      drivers/media/rc/keymaps/rc-nec-terratec-cinergy-xs.o
  AR      drivers/firmware/xilinx/built-in.a
  AR      drivers/staging/media/built-in.a
  AR      drivers/staging/iio/accel/built-in.a
  CC      drivers/of/device.o
  AR      drivers/staging/iio/adc/built-in.a
  AR      drivers/staging/iio/addac/built-in.a
  AR      drivers/staging/iio/frequency/built-in.a
  AR      drivers/staging/iio/impedance-analyzer/built-in.a
  AR      drivers/staging/iio/built-in.a
  CC      drivers/hid/hid-quirks.o
  AR      drivers/staging/built-in.a
  CC      drivers/mmc/core/regulator.o
../drivers/mmc/host/sdhci-of-kendryte.c:304:5: warning: no previous prototype for 'plat_sdio_rescan' [-Wmissing-prototypes]
  304 | int plat_sdio_rescan(int slot)
      |     ^~~~~~~~~~~~~~~~
  AR      drivers/platform/goldfish/built-in.a
  CC      drivers/media/rc/keymaps/rc-norwood.o
  AR      drivers/platform/built-in.a
  CC [M]  drivers/gpu/drm/nouveau/nvkm/subdev/bar/gk20a.o
  CC      drivers/media/rc/keymaps/rc-npgtech.o
  CC      drivers/of/module.o
  CC      drivers/firmware/efi/fdtparams.o
  CC [M]  drivers/net/ethernet/stmicro/stmmac/stmmac_pcs.o
  CC      drivers/hid/hid-debug.o
  CC [M]  fs/btrfs/acl.o
  CC      drivers/mmc/core/pwrseq.o
  CC      drivers/media/rc/keymaps/rc-odroid.o
  CC      drivers/mailbox/mailbox.o
  CC [M]  drivers/gpu/drm/nouveau/nvkm/subdev/bar/gm107.o
  CC      drivers/mailbox/pcc.o
  CC [M]  drivers/gpu/drm/nouveau/nvkm/subdev/bar/gm20b.o
  AR      drivers/mmc/host/built-in.a
  CC [M]  drivers/gpu/drm/radeon/r600_dpm.o
  CC      drivers/firmware/efi/esrt.o
  CC      drivers/rpmsg/rpmsg_core.o
  CC      drivers/media/rc/keymaps/rc-pctv-sedna.o
  CC      drivers/rpmsg/rpmsg_char.o
  CC      drivers/of/platform.o
  CC      drivers/mailbox/sun6i-msgbox.o
  CC      drivers/virt/vmgenid.o
  CC      drivers/hid/hid-haptic.o
  CC      drivers/mmc/core/debugfs.o
  CC      drivers/mmc/core/pwrseq_simple.o
  CC [M]  drivers/gpu/drm/nouveau/nvkm/subdev/bar/tu102.o
  CC      drivers/media/rc/keymaps/rc-pine64.o
  CC [M]  drivers/gpu/drm/radeon/rs780_dpm.o
  CC [M]  fs/btrfs/zoned.o
  CC [M]  drivers/net/ethernet/stmicro/stmmac/stmmac_platform.o
  CC      drivers/rpmsg/rpmsg_ctrl.o
  CC      drivers/firmware/efi/efi-pstore.o
  CC      drivers/media/rc/keymaps/rc-pinnacle-color.o
  AR      drivers/virt/vboxguest/built-in.a
  CC      drivers/mailbox/riscv-sbi-mpxy-mbox.o
  AR      drivers/virt/coco/built-in.a
  AR      drivers/virt/built-in.a
  CC      drivers/rpmsg/rpmsg_ns.o
  CC      drivers/mmc/core/pwrseq_emmc.o
  CC      drivers/media/rc/keymaps/rc-pinnacle-grey.o
  CC [M]  drivers/gpu/drm/nouveau/nvkm/subdev/bios/base.o
  CC      drivers/of/property.o
  CC      drivers/hid/hidraw.o
  CC      drivers/of/kobj.o
  CC      drivers/hid/hid-generic.o
  CC      drivers/media/rc/keymaps/rc-pinnacle-pctv-hd.o
  CC      drivers/rpmsg/virtio_rpmsg_bus.o
  CC      drivers/firmware/efi/runtime-wrappers.o
  CC [M]  drivers/net/ethernet/stmicro/stmmac/dwmac-sophgo.o
  CC      drivers/firmware/efi/sysfb_efi.o
  CC [M]  drivers/gpu/drm/radeon/rv6xx_dpm.o
  CC      drivers/of/dynamic.o
  CC      drivers/mmc/core/block.o
  CC [M]  drivers/gpu/drm/nouveau/nvkm/subdev/bios/bit.o
  CC [M]  drivers/gpu/drm/radeon/rv770_dpm.o
  CC [M]  drivers/net/ethernet/stmicro/stmmac/dwmac-spacemit.o
  CC      drivers/hid/usbhid/hid-core.o
  AR      drivers/mailbox/built-in.a
  CC      drivers/media/rc/keymaps/rc-pixelview-002t.o
  AR      drivers/rpmsg/built-in.a
  CC      drivers/of/fdt.o
  CC      drivers/media/rc/keymaps/rc-pixelview-mk12.o
  CC      drivers/firmware/efi/efi-init.o
  CC      drivers/media/rc/keymaps/rc-pixelview-new.o
  CC      drivers/mmc/core/queue.o
  DTC     drivers/of/empty_root.dtb
  CC      drivers/of/fdt_address.o
  CC      drivers/firmware/efi/riscv-runtime.o
  CC [M]  drivers/gpu/drm/nouveau/nvkm/subdev/bios/boost.o
  CC [M]  fs/btrfs/verity.o
  CC [M]  drivers/gpu/drm/radeon/rv730_dpm.o
  CC      drivers/media/rc/keymaps/rc-pixelview.o
  CC      drivers/hid/usbhid/hiddev.o
  CC      drivers/devfreq/devfreq.o
  CC      drivers/firmware/efi/earlycon.o
  CC [M]  drivers/net/ethernet/stmicro/stmmac/dwmac-starfive.o
  CC      drivers/extcon/extcon.o
  CC      drivers/extcon/devres.o
  CC [M]  drivers/gpu/drm/nouveau/nvkm/subdev/bios/conn.o
  CC      drivers/media/rc/keymaps/rc-powercolor-real-angel.o
  CC      drivers/of/address.o
  AR      drivers/mmc/core/built-in.a
  AR      drivers/mmc/built-in.a
  CC      drivers/media/rc/keymaps/rc-proteus-2309.o
  CC      drivers/media/rc/keymaps/rc-purpletv.o
  CC [M]  drivers/net/ethernet/stmicro/stmmac/dwmac-sunxi.o
  CC [M]  drivers/gpu/drm/radeon/rv740_dpm.o
  CC [M]  drivers/gpu/drm/nouveau/nvkm/subdev/bios/cstep.o
  CC      drivers/iio/industrialio-core.o
  LD [M]  fs/btrfs/btrfs.o
  CC      drivers/of/irq.o
  CC      drivers/media/rc/keymaps/rc-pv951.o
  AR      drivers/firmware/efi/built-in.a
  AR      drivers/extcon/built-in.a
  CC [M]  drivers/gpu/drm/nouveau/nvkm/subdev/bios/dcb.o
  CC [M]  drivers/gpu/drm/nouveau/nvkm/subdev/bios/disp.o
  CC      drivers/of/of_reserved_mem.o
  AR      drivers/hid/usbhid/built-in.a
  AR      drivers/hid/built-in.a
  CC      drivers/powercap/powercap_sys.o
  CC      drivers/media/rc/keymaps/rc-rc6-mce.o
  CC      drivers/of/resolver.o
  CC      drivers/firmware/efi/libstub/alignedmem.o
  AR      drivers/devfreq/built-in.a
  CC [M]  drivers/net/ethernet/stmicro/stmmac/dwmac-sun8i.o
  CC [M]  drivers/gpu/drm/radeon/rv770_smc.o
  CC      drivers/perf/riscv_pmu.o
  CC [M]  drivers/gpu/drm/nouveau/nvkm/subdev/bios/dp.o
  CC      drivers/iio/industrialio-event.o
  CC      drivers/perf/riscv_pmu_legacy.o
  CC      drivers/media/rc/keymaps/rc-real-audio-220-32-keys.o
  CC      drivers/firmware/efi/libstub/efi-stub-entry.o
  CC [M]  drivers/gpu/drm/radeon/cypress_dpm.o
  CC      drivers/ras/ras.o
  AR      drivers/hwtracing/intel_th/built-in.a
  CC      drivers/ras/debugfs.o
  CC      drivers/of/overlay.o
  CC [M]  drivers/gpu/drm/radeon/btc_dpm.o
  CC [M]  drivers/net/ethernet/stmicro/stmmac/dwmac-sun55i.o
  CC      drivers/media/rc/keymaps/rc-reddo.o
  CC      drivers/iio/inkern.o
  CC [M]  drivers/gpu/drm/nouveau/nvkm/subdev/bios/extdev.o
  AR      drivers/powercap/built-in.a
  CC [M]  drivers/gpu/drm/nouveau/nvkm/subdev/bios/fan.o
  CC      drivers/media/rc/keymaps/rc-siemens-gigaset-rc20.o
  CC      drivers/perf/riscv_pmu_sbi.o
  CC [M]  drivers/gpu/drm/nouveau/nvkm/subdev/bios/gpio.o
  CC [M]  drivers/gpu/drm/nouveau/nvkm/subdev/bios/i2c.o
  CC      drivers/firmware/efi/libstub/efi-stub-helper.o
  CC      drivers/of/of_numa.o
  CC      drivers/media/rc/keymaps/rc-snapstream-firefly.o
  CC      drivers/media/rc/keymaps/rc-streamzap.o
  CC      drivers/media/rc/keymaps/rc-su3000.o
  CC      drivers/firmware/efi/libstub/efi-stub.o
  CC      drivers/android/binderfs.o
  CC      drivers/of/kexec.o
  CC      drivers/android/binder.o
  CC      drivers/iio/industrialio-acpi.o
  AR      drivers/ras/amd/atl/built-in.a
  CC      drivers/media/rc/keymaps/rc-tanix-tx3mini.o
  CC      drivers/firmware/efi/libstub/fdt.o
  CC [M]  drivers/gpu/drm/nouveau/nvkm/subdev/bios/iccsense.o
  CC [M]  drivers/net/ethernet/stmicro/stmmac/dwmac-thead.o
  AR      drivers/ras/built-in.a
  CC      drivers/firmware/efi/libstub/file.o
  CC      drivers/nvmem/core.o
  CC [M]  drivers/gpu/drm/radeon/sumo_dpm.o
  AR      drivers/perf/built-in.a
  AR      drivers/iio/accel/built-in.a
  CC      drivers/nvmem/layouts.o
  CC [M]  drivers/gpu/drm/nouveau/nvkm/subdev/bios/image.o
  CC      drivers/nvmem/layouts/fixed-layout.o
  CC      drivers/media/rc/keymaps/rc-tanix-tx5max.o
  WRAP    drivers/of/empty_root.dtb.S
  AS      drivers/of/empty_root.dtb.o
  CC      drivers/nvmem/sunxi_sid.o
  CC [M]  drivers/net/ethernet/stmicro/stmmac/dwmac-generic.o
  AR      drivers/of/built-in.a
  CC [M]  drivers/gpu/drm/radeon/sumo_smc.o
  CC      drivers/firmware/efi/libstub/gop.o
  CC      drivers/media/rc/keymaps/rc-tbs-nec.o
  AR      drivers/iio/adc/built-in.a
  AR      drivers/accel/built-in.a
  CC [M]  drivers/gpu/drm/radeon/trinity_dpm.o
  AR      drivers/iio/addac/built-in.a
  AR      drivers/iio/afe/built-in.a
  AR      drivers/iio/amplifiers/built-in.a
  AR      drivers/iio/buffer/built-in.a
  CC      drivers/media/rc/keymaps/rc-technisat-ts35.o
  CC      drivers/android/binder_alloc.o
  AR      drivers/nvmem/layouts/built-in.a
  AR      drivers/iio/cdc/built-in.a
  CC [M]  drivers/gpu/drm/nouveau/nvkm/subdev/bios/init.o
  AR      drivers/iio/chemical/built-in.a
  AR      drivers/resctrl/built-in.a
  AR      drivers/iio/dac/built-in.a
  AR      drivers/iio/common/cros_ec_sensors/built-in.a
  AR      drivers/iio/dummy/built-in.a
  AR      drivers/iio/common/hid-sensors/built-in.a
  AR      drivers/iio/common/inv_sensors/built-in.a
  CC [M]  drivers/gpu/drm/nouveau/nvkm/subdev/bios/mxm.o
  AR      drivers/iio/common/ms_sensors/built-in.a
  AR      drivers/iio/common/scmi_sensors/built-in.a
  CC [M]  drivers/infiniband/core/packer.o
  AR      drivers/iio/common/ssp_sensors/built-in.a
  CC [M]  drivers/infiniband/core/ud_header.o
  AR      drivers/iio/common/st_sensors/built-in.a
  CC [M]  drivers/infiniband/core/verbs.o
  AR      drivers/iio/common/built-in.a
  AR      drivers/nvmem/built-in.a
  AR      drivers/iio/gyro/built-in.a
  AR      drivers/iio/filter/built-in.a
  AR      drivers/iio/flow/built-in.a
  AR      drivers/iio/frequency/built-in.a
  CC      drivers/media/rc/keymaps/rc-technisat-usb2.o
  AR      drivers/iio/health/built-in.a
  AR      drivers/iio/humidity/built-in.a
  CC      drivers/firmware/efi/libstub/intrinsics.o
  CC      drivers/firmware/efi/libstub/kaslr.o
  AR      drivers/iio/imu/bmi160/built-in.a
  AR      drivers/iio/imu/bmi270/built-in.a
  AR      drivers/iio/imu/bmi323/built-in.a
  AR      drivers/iio/imu/bno055/built-in.a
  AR      drivers/iio/imu/inv_icm42600/built-in.a
  AR      drivers/iio/imu/inv_icm42607/built-in.a
  CC      drivers/android/binder_netlink.o
  AR      drivers/iio/imu/inv_icm45600/built-in.a
  AR      drivers/iio/imu/inv_mpu6050/built-in.a
  LD [M]  drivers/net/ethernet/stmicro/stmmac/stmmac.o
  AR      drivers/iio/imu/smi330/built-in.a
  AR      drivers/iio/imu/st_lsm6dsx/built-in.a
  AR      drivers/iio/imu/st_lsm9ds0/built-in.a
  AR      drivers/iio/imu/built-in.a
  AR      drivers/iio/light/built-in.a
  AR      drivers/iio/magnetometer/built-in.a
  AR      drivers/iio/multiplexer/built-in.a
  AR      drivers/iio/orientation/built-in.a
  AR      drivers/iio/position/built-in.a
  AR      drivers/iio/potentiometer/built-in.a
  AR      drivers/iio/potentiostat/built-in.a
  AR      drivers/iio/pressure/built-in.a
  CC      drivers/media/rc/keymaps/rc-terratec-cinergy-c-pci.o
  CC      drivers/media/rc/keymaps/rc-terratec-cinergy-s2-hd.o
  CC [M]  drivers/infiniband/ulp/ipoib/ipoib_main.o
  AR      drivers/iio/proximity/built-in.a
  CC [M]  drivers/infiniband/ulp/ipoib/ipoib_ib.o
  AR      drivers/iio/resolver/built-in.a
  CC [M]  drivers/infiniband/ulp/ipoib/ipoib_multicast.o
  CC [M]  drivers/infiniband/ulp/ipoib/ipoib_verbs.o
  AR      drivers/iio/temperature/built-in.a
  CC      drivers/firmware/efi/libstub/lib-cmdline.o
  AR      drivers/iio/test/built-in.a
  CC [M]  drivers/gpu/drm/radeon/trinity_smc.o
  AR      drivers/iio/trigger/built-in.a
  AR      drivers/iio/built-in.a
  CC      drivers/media/rc/keymaps/rc-terratec-cinergy-xs.o
  CC [M]  drivers/gpu/drm/nouveau/nvkm/subdev/bios/npde.o
  CC      drivers/firmware/efi/libstub/lib-ctype.o
  LD [M]  drivers/net/ethernet/stmicro/stmmac/stmmac-platform.o
  CC [M]  drivers/infiniband/core/cq.o
  CC      drivers/firmware/efi/libstub/lib-fdt.o
  CC      drivers/firmware/efi/libstub/lib-fdt_empty_tree.o
  CC [M]  drivers/infiniband/core/rw.o
  CC [M]  drivers/infiniband/ulp/ipoib/ipoib_vlan.o
  CC [M]  drivers/gpu/drm/radeon/ni_dpm.o
  CC [M]  drivers/gpu/drm/radeon/si_smc.o
  CC      drivers/media/rc/keymaps/rc-terratec-slim-2.o
  CC      drivers/firmware/efi/libstub/lib-fdt_ro.o
  CC [M]  drivers/gpu/drm/nouveau/nvkm/subdev/bios/pcir.o
  CC      drivers/firmware/efi/libstub/lib-fdt_rw.o
  CC [M]  drivers/infiniband/core/sysfs.o
  CC [M]  drivers/gpu/drm/radeon/si_dpm.o
  CC      drivers/firmware/efi/libstub/lib-fdt_sw.o
  CC      drivers/media/rc/keymaps/rc-terratec-slim.o
  AR      drivers/net/ethernet/built-in.a
  CC [M]  drivers/gpu/drm/nouveau/nvkm/subdev/bios/perf.o
  CC      drivers/firmware/efi/libstub/lib-fdt_wip.o
  AR      drivers/net/built-in.a
  CC      drivers/firmware/efi/libstub/mem.o
  CC [M]  drivers/gpu/drm/radeon/kv_smc.o
  CC [M]  drivers/infiniband/ulp/ipoib/ipoib_ethtool.o
  CC      drivers/media/rc/keymaps/rc-tevii-nec.o
  CC [M]  drivers/gpu/drm/nouveau/nvkm/subdev/bios/pll.o
  CC      drivers/firmware/efi/libstub/pci.o
  CC [M]  drivers/gpu/drm/radeon/kv_dpm.o
  CC      drivers/firmware/efi/libstub/primary_display.o
  CC [M]  drivers/infiniband/ulp/ipoib/ipoib_netlink.o
  CC [M]  drivers/gpu/drm/nouveau/nvkm/subdev/bios/pmu.o
  CC      drivers/media/rc/keymaps/rc-tivo.o
  CC [M]  drivers/infiniband/core/device.o
  CC [M]  drivers/infiniband/core/cache.o
  CC [M]  drivers/gpu/drm/radeon/ci_smc.o
  CC      drivers/media/rc/keymaps/rc-total-media-in-hand-02.o
  CC [M]  drivers/gpu/drm/nouveau/nvkm/subdev/bios/power_budget.o
  CC      drivers/media/rc/keymaps/rc-total-media-in-hand.o
  CC [M]  drivers/gpu/drm/nouveau/nvkm/subdev/bios/ramcfg.o
  CC [M]  drivers/gpu/drm/radeon/ci_dpm.o
  AR      drivers/android/built-in.a
  CC [M]  drivers/infiniband/ulp/ipoib/ipoib_cm.o
  CC      drivers/firmware/efi/libstub/printk.o
  CC [M]  drivers/infiniband/ulp/ipoib/ipoib_fs.o
  CC      drivers/firmware/efi/libstub/random.o
  CC      drivers/firmware/efi/libstub/randomalloc.o
  CC [M]  drivers/infiniband/core/netlink.o
  CC      drivers/media/rc/keymaps/rc-trekstor.o
  CC      drivers/media/rc/keymaps/rc-tt-1500.o
  CC [M]  drivers/gpu/drm/nouveau/nvkm/subdev/bios/rammap.o
  CC      drivers/media/rc/keymaps/rc-twinhan1027.o
  CC [M]  drivers/gpu/drm/nouveau/nvkm/subdev/bios/shadow.o
  CC      drivers/media/rc/keymaps/rc-twinhan-dtv-cab-ci.o
  CC      drivers/media/rc/keymaps/rc-vega-s9x.o
  CC [M]  drivers/infiniband/core/roce_gid_mgmt.o
  CC [M]  drivers/infiniband/core/mr_pool.o
  CC      drivers/firmware/efi/libstub/riscv-stub.o
  CC [M]  drivers/gpu/drm/nouveau/nvkm/subdev/bios/shadowacpi.o
  CC [M]  drivers/gpu/drm/nouveau/nvkm/subdev/bios/shadowof.o
  CC [M]  drivers/gpu/drm/radeon/dce6_afmt.o
  CC [M]  drivers/gpu/drm/radeon/radeon_vm.o
  CC      drivers/media/rc/keymaps/rc-videomate-k100.o
  CC      drivers/media/rc/keymaps/rc-videomate-s350.o
  CC [M]  drivers/infiniband/core/addr.o
  CC [M]  drivers/infiniband/core/sa_query.o
  CC [M]  drivers/infiniband/core/multicast.o
  CC      drivers/firmware/efi/libstub/riscv.o
  CC      drivers/firmware/efi/libstub/secureboot.o
  CC      drivers/firmware/efi/libstub/skip_spaces.o
  CC      drivers/media/rc/keymaps/rc-videomate-tv-pvr.o
  CC      drivers/firmware/efi/libstub/string.o
  LD [M]  drivers/infiniband/ulp/ipoib/ib_ipoib.o
  CC [M]  drivers/gpu/drm/nouveau/nvkm/subdev/bios/shadowpci.o
  CC [M]  drivers/gpu/drm/radeon/radeon_ucode.o
  CC      drivers/firmware/efi/libstub/systable.o
  CC      drivers/media/rc/keymaps/rc-videostrong-kii-pro.o
  CC [M]  drivers/infiniband/core/mad.o
  CC      drivers/firmware/efi/libstub/tpm.o
  CC      drivers/media/rc/keymaps/rc-wetek-hub.o
  CC [M]  drivers/gpu/drm/nouveau/nvkm/subdev/bios/shadowramin.o
  CC [M]  drivers/gpu/drm/nouveau/nvkm/subdev/bios/shadowrom.o
  CC      drivers/media/rc/keymaps/rc-wetek-play2.o
  CC [M]  drivers/infiniband/core/smi.o
  CC [M]  drivers/infiniband/core/agent.o
  CC [M]  drivers/infiniband/core/mad_rmpp.o
  CC [M]  drivers/gpu/drm/nouveau/nvkm/subdev/bios/timing.o
  CC [M]  drivers/gpu/drm/radeon/radeon_ib.o
  CC      drivers/media/rc/keymaps/rc-winfast.o
  CC      drivers/firmware/efi/libstub/vsprintf.o
  STUBCPY drivers/firmware/efi/libstub/alignedmem.stub.o
  CC [M]  drivers/infiniband/core/nldev.o
  CC [M]  drivers/gpu/drm/nouveau/nvkm/subdev/bios/therm.o
  CC      drivers/media/rc/keymaps/rc-winfast-usbii-deluxe.o
  CC [M]  drivers/gpu/drm/radeon/radeon_sync.o
  STUBCPY drivers/firmware/efi/libstub/efi-stub-entry.stub.o
  CC      drivers/media/rc/keymaps/rc-x96max.o
  STUBCPY drivers/firmware/efi/libstub/efi-stub-helper.stub.o
  CC [M]  drivers/gpu/drm/radeon/radeon_audio.o
  STUBCPY drivers/firmware/efi/libstub/efi-stub.stub.o
  STUBCPY drivers/firmware/efi/libstub/fdt.stub.o
  CC      drivers/media/rc/keymaps/rc-xbox-360.o
  STUBCPY drivers/firmware/efi/libstub/file.stub.o
  STUBCPY drivers/firmware/efi/libstub/gop.stub.o
  STUBCPY drivers/firmware/efi/libstub/intrinsics.stub.o
  STUBCPY drivers/firmware/efi/libstub/kaslr.stub.o
  STUBCPY drivers/firmware/efi/libstub/lib-cmdline.stub.o
  STUBCPY drivers/firmware/efi/libstub/lib-ctype.stub.o
  STUBCPY drivers/firmware/efi/libstub/lib-fdt.stub.o
  STUBCPY drivers/firmware/efi/libstub/lib-fdt_empty_tree.stub.o
  STUBCPY drivers/firmware/efi/libstub/lib-fdt_ro.stub.o
  STUBCPY drivers/firmware/efi/libstub/lib-fdt_rw.stub.o
  STUBCPY drivers/firmware/efi/libstub/lib-fdt_sw.stub.o
  STUBCPY drivers/firmware/efi/libstub/lib-fdt_wip.stub.o
  STUBCPY drivers/firmware/efi/libstub/mem.stub.o
  CC [M]  drivers/infiniband/core/restrack.o
  STUBCPY drivers/firmware/efi/libstub/pci.stub.o
  CC [M]  drivers/gpu/drm/radeon/radeon_dp_auxch.o
  STUBCPY drivers/firmware/efi/libstub/primary_display.stub.o
  STUBCPY drivers/firmware/efi/libstub/printk.stub.o
  STUBCPY drivers/firmware/efi/libstub/random.stub.o
  CC [M]  drivers/gpu/drm/nouveau/nvkm/subdev/bios/vmap.o
  STUBCPY drivers/firmware/efi/libstub/randomalloc.stub.o
  STUBCPY drivers/firmware/efi/libstub/riscv-stub.stub.o
  STUBCPY drivers/firmware/efi/libstub/riscv.stub.o
  STUBCPY drivers/firmware/efi/libstub/secureboot.stub.o
  CC      drivers/media/rc/keymaps/rc-xbox-dvd.o
  STUBCPY drivers/firmware/efi/libstub/skip_spaces.stub.o
  STUBCPY drivers/firmware/efi/libstub/string.stub.o
  CC [M]  drivers/gpu/drm/nouveau/nvkm/subdev/bios/volt.o
  STUBCPY drivers/firmware/efi/libstub/systable.stub.o
  STUBCPY drivers/firmware/efi/libstub/tpm.stub.o
  STUBCPY drivers/firmware/efi/libstub/vsprintf.stub.o
  CC [M]  drivers/gpu/drm/radeon/radeon_mn.o
  AR      drivers/firmware/efi/libstub/lib.a
  CC [M]  drivers/infiniband/core/counters.o
  AR      drivers/firmware/built-in.a
  CC [M]  drivers/infiniband/core/trace.o
  CC [M]  drivers/gpu/drm/radeon/r600_dma.o
  CC      drivers/media/rc/keymaps/rc-zx-irdec.o
  CC [M]  drivers/gpu/drm/nouveau/nvkm/subdev/bios/vpstate.o
  CC [M]  drivers/gpu/drm/nouveau/nvkm/subdev/bios/xpio.o
  CC [M]  drivers/gpu/drm/nouveau/nvkm/subdev/bios/M0203.o
  CC [M]  drivers/gpu/drm/radeon/rv770_dma.o
  CC [M]  drivers/infiniband/core/lag.o
  CC [M]  drivers/infiniband/core/iter.o
  CC [M]  drivers/gpu/drm/radeon/evergreen_dma.o
  AR      drivers/media/rc/keymaps/built-in.a
  AR      drivers/media/rc/built-in.a
  CC [M]  drivers/gpu/drm/nouveau/nvkm/subdev/bios/M0205.o
  CC [M]  drivers/infiniband/core/frmr_pools.o
  AR      drivers/media/built-in.a
  CC [M]  drivers/gpu/drm/radeon/ni_dma.o
  CC [M]  drivers/infiniband/core/cgroup.o
  CC [M]  drivers/gpu/drm/radeon/si_dma.o
  CC [M]  drivers/gpu/drm/nouveau/nvkm/subdev/bios/M0209.o
  CC [M]  drivers/gpu/drm/nouveau/nvkm/subdev/bios/P0260.o
  CC [M]  drivers/infiniband/core/cm.o
  CC [M]  drivers/gpu/drm/nouveau/nvkm/subdev/bus/base.o
  CC [M]  drivers/infiniband/core/cm_trace.o
  CC [M]  drivers/gpu/drm/nouveau/nvkm/subdev/bus/hwsq.o
  CC [M]  drivers/gpu/drm/nouveau/nvkm/subdev/bus/nv04.o
  CC [M]  drivers/gpu/drm/radeon/cik_sdma.o
  CC [M]  drivers/gpu/drm/radeon/radeon_uvd.o
  CC [M]  drivers/gpu/drm/nouveau/nvkm/subdev/bus/nv31.o
  CC [M]  drivers/infiniband/core/iwcm.o
  CC [M]  drivers/infiniband/core/iwpm_util.o
  CC [M]  drivers/infiniband/core/iwpm_msg.o
  CC [M]  drivers/gpu/drm/nouveau/nvkm/subdev/bus/nv50.o
  CC [M]  drivers/gpu/drm/nouveau/nvkm/subdev/bus/g94.o
  CC [M]  drivers/gpu/drm/radeon/uvd_v1_0.o
  CC [M]  drivers/gpu/drm/radeon/uvd_v2_2.o
  CC [M]  drivers/gpu/drm/nouveau/nvkm/subdev/bus/gf100.o
  CC [M]  drivers/gpu/drm/radeon/uvd_v3_1.o
  CC [M]  drivers/gpu/drm/radeon/uvd_v4_2.o
  CC [M]  drivers/gpu/drm/radeon/radeon_vce.o
  CC [M]  drivers/gpu/drm/nouveau/nvkm/subdev/clk/base.o
  CC [M]  drivers/gpu/drm/nouveau/nvkm/subdev/clk/nv04.o
  CC [M]  drivers/gpu/drm/radeon/vce_v1_0.o
  CC [M]  drivers/infiniband/core/cma.o
  CC [M]  drivers/infiniband/core/cma_trace.o
  CC [M]  drivers/gpu/drm/radeon/vce_v2_0.o
  CC [M]  drivers/gpu/drm/radeon/radeon_fbdev.o
  CC [M]  drivers/infiniband/core/cma_configfs.o
  CC [M]  drivers/gpu/drm/nouveau/nvkm/subdev/clk/nv40.o
  CC [M]  drivers/gpu/drm/nouveau/nvkm/subdev/clk/nv50.o
  CC [M]  drivers/gpu/drm/radeon/radeon_acpi.o
  LD [M]  drivers/infiniband/core/ib_core.o
  MKREG   drivers/gpu/drm/radeon/r100_reg_safe.h
  CC [M]  drivers/gpu/drm/nouveau/nvkm/subdev/clk/g84.o
  CC [M]  drivers/gpu/drm/nouveau/nvkm/subdev/clk/gt215.o
  LD [M]  drivers/infiniband/core/iw_cm.o
  MKREG   drivers/gpu/drm/radeon/rn50_reg_safe.h
  MKREG   drivers/gpu/drm/radeon/r300_reg_safe.h
  CC [M]  drivers/gpu/drm/nouveau/nvkm/subdev/clk/mcp77.o
  CC [M]  drivers/gpu/drm/nouveau/nvkm/subdev/clk/gf100.o
  MKREG   drivers/gpu/drm/radeon/r420_reg_safe.h
  CC [M]  drivers/gpu/drm/nouveau/nvkm/subdev/clk/gk104.o
  CC [M]  drivers/gpu/drm/radeon/rs600.o
  CC [M]  drivers/gpu/drm/nouveau/nvkm/subdev/clk/gk20a.o
  CC [M]  drivers/gpu/drm/radeon/rv515.o
  CC [M]  drivers/gpu/drm/nouveau/nvkm/subdev/clk/gm20b.o
  CC [M]  drivers/gpu/drm/radeon/r200.o
  CC [M]  drivers/gpu/drm/radeon/r600_cs.o
  CC [M]  drivers/gpu/drm/nouveau/nvkm/subdev/clk/gp10b.o
  CC [M]  drivers/gpu/drm/nouveau/nvkm/subdev/clk/gk20a_devfreq.o
  CC [M]  drivers/gpu/drm/radeon/evergreen_cs.o
  CC [M]  drivers/gpu/drm/radeon/r100.o
  CC [M]  drivers/gpu/drm/radeon/r300.o
  CC [M]  drivers/gpu/drm/nouveau/nvkm/subdev/clk/pllnv04.o
  CC [M]  drivers/gpu/drm/radeon/r420.o
  CC [M]  drivers/gpu/drm/nouveau/nvkm/subdev/clk/pllgt215.o
  CC [M]  drivers/gpu/drm/nouveau/nvkm/subdev/devinit/base.o
  CC [M]  drivers/gpu/drm/nouveau/nvkm/subdev/devinit/nv04.o
  CC [M]  drivers/gpu/drm/nouveau/nvkm/subdev/devinit/nv05.o
  CC [M]  drivers/gpu/drm/nouveau/nvkm/subdev/devinit/nv10.o
  CC [M]  drivers/gpu/drm/nouveau/nvkm/subdev/devinit/nv1a.o
  CC [M]  drivers/gpu/drm/nouveau/nvkm/subdev/devinit/nv20.o
  CC [M]  drivers/gpu/drm/nouveau/nvkm/subdev/devinit/nv50.o
  CC [M]  drivers/gpu/drm/nouveau/nvkm/subdev/devinit/g84.o
  CC [M]  drivers/gpu/drm/nouveau/nvkm/subdev/devinit/g98.o
  CC [M]  drivers/gpu/drm/nouveau/nvkm/subdev/devinit/gt215.o
  CC [M]  drivers/gpu/drm/nouveau/nvkm/subdev/devinit/mcp89.o
  CC [M]  drivers/gpu/drm/nouveau/nvkm/subdev/devinit/gf100.o
  CC [M]  drivers/gpu/drm/nouveau/nvkm/subdev/devinit/gm107.o
  CC [M]  drivers/gpu/drm/nouveau/nvkm/subdev/devinit/gm200.o
  LD [M]  drivers/infiniband/core/ib_cm.o
  CC [M]  drivers/gpu/drm/nouveau/nvkm/subdev/devinit/gv100.o
  CC [M]  drivers/gpu/drm/nouveau/nvkm/subdev/devinit/tu102.o
  CC [M]  drivers/gpu/drm/nouveau/nvkm/subdev/devinit/ga100.o
  CC [M]  drivers/gpu/drm/nouveau/nvkm/subdev/devinit/r535.o
  LD [M]  drivers/infiniband/core/rdma_cm.o
  CC [M]  drivers/gpu/drm/nouveau/nvkm/subdev/fault/base.o
  CC [M]  drivers/gpu/drm/nouveau/nvkm/subdev/fault/user.o
  CC [M]  drivers/gpu/drm/nouveau/nvkm/subdev/fault/gp100.o
  CC [M]  drivers/gpu/drm/nouveau/nvkm/subdev/fault/gp10b.o
  CC [M]  drivers/gpu/drm/nouveau/nvkm/subdev/fault/gv100.o
  CC [M]  drivers/gpu/drm/nouveau/nvkm/subdev/fault/tu102.o
  CC [M]  drivers/gpu/drm/nouveau/nvkm/subdev/fb/base.o
  CC [M]  drivers/gpu/drm/nouveau/nvkm/subdev/fb/nv04.o
  CC [M]  drivers/gpu/drm/nouveau/nvkm/subdev/fb/nv10.o
  CC [M]  drivers/gpu/drm/nouveau/nvkm/subdev/fb/nv1a.o
  CC [M]  drivers/gpu/drm/nouveau/nvkm/subdev/fb/nv20.o
  CC [M]  drivers/gpu/drm/nouveau/nvkm/subdev/fb/nv25.o
  CC [M]  drivers/gpu/drm/nouveau/nvkm/subdev/fb/nv30.o
  CC [M]  drivers/gpu/drm/nouveau/nvkm/subdev/fb/nv35.o
  CC [M]  drivers/gpu/drm/nouveau/nvkm/subdev/fb/nv36.o
  CC [M]  drivers/gpu/drm/nouveau/nvkm/subdev/fb/nv40.o
  CC [M]  drivers/gpu/drm/nouveau/nvkm/subdev/fb/nv41.o
  CC [M]  drivers/gpu/drm/nouveau/nvkm/subdev/fb/nv44.o
  CC [M]  drivers/gpu/drm/nouveau/nvkm/subdev/fb/nv46.o
  CC [M]  drivers/gpu/drm/nouveau/nvkm/subdev/fb/nv47.o
  CC [M]  drivers/gpu/drm/nouveau/nvkm/subdev/fb/nv49.o
  CC [M]  drivers/gpu/drm/nouveau/nvkm/subdev/fb/nv4e.o
  CC [M]  drivers/gpu/drm/nouveau/nvkm/subdev/fb/nv50.o
  CC [M]  drivers/gpu/drm/nouveau/nvkm/subdev/fb/g84.o
  LD [M]  drivers/gpu/drm/radeon/radeon.o
  CC [M]  drivers/gpu/drm/nouveau/nvkm/subdev/fb/gt215.o
  CC [M]  drivers/gpu/drm/nouveau/nvkm/subdev/fb/mcp77.o
  CC [M]  drivers/gpu/drm/nouveau/nvkm/subdev/fb/mcp89.o
  CC [M]  drivers/gpu/drm/nouveau/nvkm/subdev/fb/gf100.o
  CC [M]  drivers/gpu/drm/nouveau/nvkm/subdev/fb/gf108.o
  CC [M]  drivers/gpu/drm/nouveau/nvkm/subdev/fb/gk104.o
  CC [M]  drivers/gpu/drm/nouveau/nvkm/subdev/fb/gk110.o
  CC [M]  drivers/gpu/drm/nouveau/nvkm/subdev/fb/gk20a.o
  CC [M]  drivers/gpu/drm/nouveau/nvkm/subdev/fb/gm107.o
  CC [M]  drivers/gpu/drm/nouveau/nvkm/subdev/fb/gm200.o
  CC [M]  drivers/gpu/drm/nouveau/nvkm/subdev/fb/gm20b.o
  CC [M]  drivers/gpu/drm/nouveau/nvkm/subdev/fb/gp100.o
  CC [M]  drivers/gpu/drm/nouveau/nvkm/subdev/fb/gp102.o
  CC [M]  drivers/gpu/drm/nouveau/nvkm/subdev/fb/gp10b.o
  CC [M]  drivers/gpu/drm/nouveau/nvkm/subdev/fb/gv100.o
  CC [M]  drivers/gpu/drm/nouveau/nvkm/subdev/fb/tu102.o
  CC [M]  drivers/gpu/drm/nouveau/nvkm/subdev/fb/ga100.o
  CC [M]  drivers/gpu/drm/nouveau/nvkm/subdev/fb/ga102.o
  CC [M]  drivers/gpu/drm/nouveau/nvkm/subdev/fb/gh100.o
  CC [M]  drivers/gpu/drm/nouveau/nvkm/subdev/fb/gb100.o
  CC [M]  drivers/gpu/drm/nouveau/nvkm/subdev/fb/gb202.o
  CC [M]  drivers/gpu/drm/nouveau/nvkm/subdev/fb/r535.o
  CC [M]  drivers/gpu/drm/nouveau/nvkm/subdev/fb/ram.o
  CC [M]  drivers/gpu/drm/nouveau/nvkm/subdev/fb/ramnv04.o
  CC [M]  drivers/gpu/drm/nouveau/nvkm/subdev/fb/ramnv10.o
  CC [M]  drivers/gpu/drm/nouveau/nvkm/subdev/fb/ramnv1a.o
  CC [M]  drivers/gpu/drm/nouveau/nvkm/subdev/fb/ramnv20.o
  CC [M]  drivers/gpu/drm/nouveau/nvkm/subdev/fb/ramnv40.o
  CC [M]  drivers/gpu/drm/nouveau/nvkm/subdev/fb/ramnv41.o
  CC [M]  drivers/gpu/drm/nouveau/nvkm/subdev/fb/ramnv44.o
  CC [M]  drivers/gpu/drm/nouveau/nvkm/subdev/fb/ramnv49.o
  CC [M]  drivers/gpu/drm/nouveau/nvkm/subdev/fb/ramnv4e.o
  CC [M]  drivers/gpu/drm/nouveau/nvkm/subdev/fb/ramnv50.o
  CC [M]  drivers/gpu/drm/nouveau/nvkm/subdev/fb/ramgt215.o
  CC [M]  drivers/gpu/drm/nouveau/nvkm/subdev/fb/rammcp77.o
  CC [M]  drivers/gpu/drm/nouveau/nvkm/subdev/fb/ramgf100.o
  CC [M]  drivers/gpu/drm/nouveau/nvkm/subdev/fb/ramgf108.o
  CC [M]  drivers/gpu/drm/nouveau/nvkm/subdev/fb/ramgk104.o
  CC [M]  drivers/gpu/drm/nouveau/nvkm/subdev/fb/ramgm107.o
  CC [M]  drivers/gpu/drm/nouveau/nvkm/subdev/fb/ramgm200.o
  CC [M]  drivers/gpu/drm/nouveau/nvkm/subdev/fb/ramgp100.o
  CC [M]  drivers/gpu/drm/nouveau/nvkm/subdev/fb/ramgp102.o
  CC [M]  drivers/gpu/drm/nouveau/nvkm/subdev/fb/sddr2.o
  CC [M]  drivers/gpu/drm/nouveau/nvkm/subdev/fb/sddr3.o
  CC [M]  drivers/gpu/drm/nouveau/nvkm/subdev/fb/gddr3.o
  CC [M]  drivers/gpu/drm/nouveau/nvkm/subdev/fb/gddr5.o
  CC [M]  drivers/gpu/drm/nouveau/nvkm/subdev/fuse/base.o
  CC [M]  drivers/gpu/drm/nouveau/nvkm/subdev/fuse/nv50.o
  CC [M]  drivers/gpu/drm/nouveau/nvkm/subdev/fuse/gf100.o
  CC [M]  drivers/gpu/drm/nouveau/nvkm/subdev/fuse/gm107.o
  CC [M]  drivers/gpu/drm/nouveau/nvkm/subdev/gpio/base.o
  CC [M]  drivers/gpu/drm/nouveau/nvkm/subdev/gpio/nv10.o
  CC [M]  drivers/gpu/drm/nouveau/nvkm/subdev/gpio/nv50.o
  CC [M]  drivers/gpu/drm/nouveau/nvkm/subdev/gpio/g94.o
  CC [M]  drivers/gpu/drm/nouveau/nvkm/subdev/gpio/gf119.o
  CC [M]  drivers/gpu/drm/nouveau/nvkm/subdev/gpio/gk104.o
  CC [M]  drivers/gpu/drm/nouveau/nvkm/subdev/gpio/ga102.o
  CC [M]  drivers/gpu/drm/nouveau/nvkm/subdev/fsp/base.o
  CC [M]  drivers/gpu/drm/nouveau/nvkm/subdev/fsp/gh100.o
  CC [M]  drivers/gpu/drm/nouveau/nvkm/subdev/fsp/gb100.o
  CC [M]  drivers/gpu/drm/nouveau/nvkm/subdev/fsp/gb202.o
  CC [M]  drivers/gpu/drm/nouveau/nvkm/subdev/gsp/base.o
  CC [M]  drivers/gpu/drm/nouveau/nvkm/subdev/gsp/fwsec.o
  CC [M]  drivers/gpu/drm/nouveau/nvkm/subdev/gsp/gv100.o
  CC [M]  drivers/gpu/drm/nouveau/nvkm/subdev/gsp/tu102.o
  CC [M]  drivers/gpu/drm/nouveau/nvkm/subdev/gsp/tu116.o
  CC [M]  drivers/gpu/drm/nouveau/nvkm/subdev/gsp/ga100.o
  CC [M]  drivers/gpu/drm/nouveau/nvkm/subdev/gsp/ga102.o
  CC [M]  drivers/gpu/drm/nouveau/nvkm/subdev/gsp/gh100.o
  CC [M]  drivers/gpu/drm/nouveau/nvkm/subdev/gsp/ad102.o
  CC [M]  drivers/gpu/drm/nouveau/nvkm/subdev/gsp/gb100.o
  CC [M]  drivers/gpu/drm/nouveau/nvkm/subdev/gsp/gb202.o
  CC [M]  drivers/gpu/drm/nouveau/nvkm/subdev/gsp/rm/client.o
  CC [M]  drivers/gpu/drm/nouveau/nvkm/subdev/gsp/rm/engine.o
  CC [M]  drivers/gpu/drm/nouveau/nvkm/subdev/gsp/rm/gr.o
  CC [M]  drivers/gpu/drm/nouveau/nvkm/subdev/gsp/rm/nvdec.o
  CC [M]  drivers/gpu/drm/nouveau/nvkm/subdev/gsp/rm/nvenc.o
  CC [M]  drivers/gpu/drm/nouveau/nvkm/subdev/gsp/rm/tu1xx.o
  CC [M]  drivers/gpu/drm/nouveau/nvkm/subdev/gsp/rm/ga100.o
  CC [M]  drivers/gpu/drm/nouveau/nvkm/subdev/gsp/rm/ga1xx.o
  CC [M]  drivers/gpu/drm/nouveau/nvkm/subdev/gsp/rm/ad10x.o
  CC [M]  drivers/gpu/drm/nouveau/nvkm/subdev/gsp/rm/gh100.o
  CC [M]  drivers/gpu/drm/nouveau/nvkm/subdev/gsp/rm/gb10x.o
  CC [M]  drivers/gpu/drm/nouveau/nvkm/subdev/gsp/rm/gb20x.o
  CC [M]  drivers/gpu/drm/nouveau/nvkm/subdev/gsp/rm/r535/rm.o
  CC [M]  drivers/gpu/drm/nouveau/nvkm/subdev/gsp/rm/r535/gsp.o
  CC [M]  drivers/gpu/drm/nouveau/nvkm/subdev/gsp/rm/r535/rpc.o
  CC [M]  drivers/gpu/drm/nouveau/nvkm/subdev/gsp/rm/r535/ctrl.o
  CC [M]  drivers/gpu/drm/nouveau/nvkm/subdev/gsp/rm/r535/alloc.o
  CC [M]  drivers/gpu/drm/nouveau/nvkm/subdev/gsp/rm/r535/client.o
  CC [M]  drivers/gpu/drm/nouveau/nvkm/subdev/gsp/rm/r535/device.o
  CC [M]  drivers/gpu/drm/nouveau/nvkm/subdev/gsp/rm/r535/bar.o
  CC [M]  drivers/gpu/drm/nouveau/nvkm/subdev/gsp/rm/r535/fbsr.o
  CC [M]  drivers/gpu/drm/nouveau/nvkm/subdev/gsp/rm/r535/vmm.o
  CC [M]  drivers/gpu/drm/nouveau/nvkm/subdev/gsp/rm/r535/disp.o
  CC [M]  drivers/gpu/drm/nouveau/nvkm/subdev/gsp/rm/r535/fifo.o
  CC [M]  drivers/gpu/drm/nouveau/nvkm/subdev/gsp/rm/r535/ce.o
  CC [M]  drivers/gpu/drm/nouveau/nvkm/subdev/gsp/rm/r535/gr.o
  CC [M]  drivers/gpu/drm/nouveau/nvkm/subdev/gsp/rm/r535/nvdec.o
  CC [M]  drivers/gpu/drm/nouveau/nvkm/subdev/gsp/rm/r535/nvenc.o
  CC [M]  drivers/gpu/drm/nouveau/nvkm/subdev/gsp/rm/r535/nvjpg.o
  CC [M]  drivers/gpu/drm/nouveau/nvkm/subdev/gsp/rm/r535/ofa.o
  CC [M]  drivers/gpu/drm/nouveau/nvkm/subdev/gsp/rm/r570/rm.o
  CC [M]  drivers/gpu/drm/nouveau/nvkm/subdev/gsp/rm/r570/gsp.o
  CC [M]  drivers/gpu/drm/nouveau/nvkm/subdev/gsp/rm/r570/client.o
  CC [M]  drivers/gpu/drm/nouveau/nvkm/subdev/gsp/rm/r570/fbsr.o
  CC [M]  drivers/gpu/drm/nouveau/nvkm/subdev/gsp/rm/r570/disp.o
  CC [M]  drivers/gpu/drm/nouveau/nvkm/subdev/gsp/rm/r570/fifo.o
  CC [M]  drivers/gpu/drm/nouveau/nvkm/subdev/gsp/rm/r570/gr.o
  CC [M]  drivers/gpu/drm/nouveau/nvkm/subdev/gsp/rm/r570/ofa.o
  CC [M]  drivers/gpu/drm/nouveau/nvkm/subdev/i2c/base.o
  CC [M]  drivers/gpu/drm/nouveau/nvkm/subdev/i2c/nv04.o
  CC [M]  drivers/gpu/drm/nouveau/nvkm/subdev/i2c/nv4e.o
  CC [M]  drivers/gpu/drm/nouveau/nvkm/subdev/i2c/nv50.o
  CC [M]  drivers/gpu/drm/nouveau/nvkm/subdev/i2c/g94.o
  CC [M]  drivers/gpu/drm/nouveau/nvkm/subdev/i2c/gf117.o
  CC [M]  drivers/gpu/drm/nouveau/nvkm/subdev/i2c/gf119.o
  CC [M]  drivers/gpu/drm/nouveau/nvkm/subdev/i2c/gk104.o
  CC [M]  drivers/gpu/drm/nouveau/nvkm/subdev/i2c/gk110.o
  CC [M]  drivers/gpu/drm/nouveau/nvkm/subdev/i2c/gm200.o
  CC [M]  drivers/gpu/drm/nouveau/nvkm/subdev/i2c/pad.o
  CC [M]  drivers/gpu/drm/nouveau/nvkm/subdev/i2c/padnv04.o
  CC [M]  drivers/gpu/drm/nouveau/nvkm/subdev/i2c/padnv4e.o
  CC [M]  drivers/gpu/drm/nouveau/nvkm/subdev/i2c/padnv50.o
  CC [M]  drivers/gpu/drm/nouveau/nvkm/subdev/i2c/padg94.o
  CC [M]  drivers/gpu/drm/nouveau/nvkm/subdev/i2c/padgf119.o
  CC [M]  drivers/gpu/drm/nouveau/nvkm/subdev/i2c/padgm200.o
  CC [M]  drivers/gpu/drm/nouveau/nvkm/subdev/i2c/bus.o
  CC [M]  drivers/gpu/drm/nouveau/nvkm/subdev/i2c/busnv04.o
  CC [M]  drivers/gpu/drm/nouveau/nvkm/subdev/i2c/busnv4e.o
  CC [M]  drivers/gpu/drm/nouveau/nvkm/subdev/i2c/busnv50.o
  CC [M]  drivers/gpu/drm/nouveau/nvkm/subdev/i2c/busgf119.o
  CC [M]  drivers/gpu/drm/nouveau/nvkm/subdev/i2c/bit.o
  CC [M]  drivers/gpu/drm/nouveau/nvkm/subdev/i2c/auxch.o
  CC [M]  drivers/gpu/drm/nouveau/nvkm/subdev/i2c/auxg94.o
  CC [M]  drivers/gpu/drm/nouveau/nvkm/subdev/i2c/auxgf119.o
  CC [M]  drivers/gpu/drm/nouveau/nvkm/subdev/i2c/auxgm200.o
  CC [M]  drivers/gpu/drm/nouveau/nvkm/subdev/i2c/anx9805.o
  CC [M]  drivers/gpu/drm/nouveau/nvkm/subdev/iccsense/base.o
  CC [M]  drivers/gpu/drm/nouveau/nvkm/subdev/iccsense/gf100.o
  CC [M]  drivers/gpu/drm/nouveau/nvkm/subdev/instmem/base.o
  CC [M]  drivers/gpu/drm/nouveau/nvkm/subdev/instmem/nv04.o
  CC [M]  drivers/gpu/drm/nouveau/nvkm/subdev/instmem/nv40.o
  CC [M]  drivers/gpu/drm/nouveau/nvkm/subdev/instmem/nv50.o
  CC [M]  drivers/gpu/drm/nouveau/nvkm/subdev/instmem/gk20a.o
  CC [M]  drivers/gpu/drm/nouveau/nvkm/subdev/instmem/gh100.o
  CC [M]  drivers/gpu/drm/nouveau/nvkm/subdev/ltc/base.o
  CC [M]  drivers/gpu/drm/nouveau/nvkm/subdev/ltc/gf100.o
  CC [M]  drivers/gpu/drm/nouveau/nvkm/subdev/ltc/gk104.o
  CC [M]  drivers/gpu/drm/nouveau/nvkm/subdev/ltc/gm107.o
  CC [M]  drivers/gpu/drm/nouveau/nvkm/subdev/ltc/gm200.o
  CC [M]  drivers/gpu/drm/nouveau/nvkm/subdev/ltc/gp100.o
  CC [M]  drivers/gpu/drm/nouveau/nvkm/subdev/ltc/gp102.o
  CC [M]  drivers/gpu/drm/nouveau/nvkm/subdev/ltc/gp10b.o
  CC [M]  drivers/gpu/drm/nouveau/nvkm/subdev/ltc/ga102.o
  CC [M]  drivers/gpu/drm/nouveau/nvkm/subdev/mc/base.o
  CC [M]  drivers/gpu/drm/nouveau/nvkm/subdev/mc/nv04.o
  CC [M]  drivers/gpu/drm/nouveau/nvkm/subdev/mc/nv11.o
  CC [M]  drivers/gpu/drm/nouveau/nvkm/subdev/mc/nv17.o
  CC [M]  drivers/gpu/drm/nouveau/nvkm/subdev/mc/nv44.o
  CC [M]  drivers/gpu/drm/nouveau/nvkm/subdev/mc/nv50.o
  CC [M]  drivers/gpu/drm/nouveau/nvkm/subdev/mc/g84.o
  CC [M]  drivers/gpu/drm/nouveau/nvkm/subdev/mc/g98.o
  CC [M]  drivers/gpu/drm/nouveau/nvkm/subdev/mc/gt215.o
  CC [M]  drivers/gpu/drm/nouveau/nvkm/subdev/mc/gf100.o
  CC [M]  drivers/gpu/drm/nouveau/nvkm/subdev/mc/gk104.o
  CC [M]  drivers/gpu/drm/nouveau/nvkm/subdev/mc/gk20a.o
  CC [M]  drivers/gpu/drm/nouveau/nvkm/subdev/mc/gp100.o
  CC [M]  drivers/gpu/drm/nouveau/nvkm/subdev/mc/gp10b.o
  CC [M]  drivers/gpu/drm/nouveau/nvkm/subdev/mc/ga100.o
  CC [M]  drivers/gpu/drm/nouveau/nvkm/subdev/mmu/base.o
  CC [M]  drivers/gpu/drm/nouveau/nvkm/subdev/mmu/nv04.o
  CC [M]  drivers/gpu/drm/nouveau/nvkm/subdev/mmu/nv41.o
  CC [M]  drivers/gpu/drm/nouveau/nvkm/subdev/mmu/nv44.o
  CC [M]  drivers/gpu/drm/nouveau/nvkm/subdev/mmu/nv50.o
  CC [M]  drivers/gpu/drm/nouveau/nvkm/subdev/mmu/g84.o
  CC [M]  drivers/gpu/drm/nouveau/nvkm/subdev/mmu/mcp77.o
  CC [M]  drivers/gpu/drm/nouveau/nvkm/subdev/mmu/gf100.o
  CC [M]  drivers/gpu/drm/nouveau/nvkm/subdev/mmu/gk104.o
  CC [M]  drivers/gpu/drm/nouveau/nvkm/subdev/mmu/gk20a.o
  CC [M]  drivers/gpu/drm/nouveau/nvkm/subdev/mmu/gm200.o
  CC [M]  drivers/gpu/drm/nouveau/nvkm/subdev/mmu/gm20b.o
  CC [M]  drivers/gpu/drm/nouveau/nvkm/subdev/mmu/gp100.o
  CC [M]  drivers/gpu/drm/nouveau/nvkm/subdev/mmu/gp10b.o
  CC [M]  drivers/gpu/drm/nouveau/nvkm/subdev/mmu/gv100.o
  CC [M]  drivers/gpu/drm/nouveau/nvkm/subdev/mmu/tu102.o
  CC [M]  drivers/gpu/drm/nouveau/nvkm/subdev/mmu/gh100.o
  CC [M]  drivers/gpu/drm/nouveau/nvkm/subdev/mmu/mem.o
  CC [M]  drivers/gpu/drm/nouveau/nvkm/subdev/mmu/memnv04.o
  CC [M]  drivers/gpu/drm/nouveau/nvkm/subdev/mmu/memnv50.o
  CC [M]  drivers/gpu/drm/nouveau/nvkm/subdev/mmu/memgf100.o
  CC [M]  drivers/gpu/drm/nouveau/nvkm/subdev/mmu/vmm.o
  CC [M]  drivers/gpu/drm/nouveau/nvkm/subdev/mmu/vmmnv04.o
  CC [M]  drivers/gpu/drm/nouveau/nvkm/subdev/mmu/vmmnv41.o
  CC [M]  drivers/gpu/drm/nouveau/nvkm/subdev/mmu/vmmnv44.o
  CC [M]  drivers/gpu/drm/nouveau/nvkm/subdev/mmu/vmmnv50.o
  CC [M]  drivers/gpu/drm/nouveau/nvkm/subdev/mmu/vmmmcp77.o
  CC [M]  drivers/gpu/drm/nouveau/nvkm/subdev/mmu/vmmgf100.o
  CC [M]  drivers/gpu/drm/nouveau/nvkm/subdev/mmu/vmmgk104.o
  CC [M]  drivers/gpu/drm/nouveau/nvkm/subdev/mmu/vmmgk20a.o
  CC [M]  drivers/gpu/drm/nouveau/nvkm/subdev/mmu/vmmgm200.o
  CC [M]  drivers/gpu/drm/nouveau/nvkm/subdev/mmu/vmmgm20b.o
  CC [M]  drivers/gpu/drm/nouveau/nvkm/subdev/mmu/vmmgp100.o
  CC [M]  drivers/gpu/drm/nouveau/nvkm/subdev/mmu/vmmgp10b.o
  CC [M]  drivers/gpu/drm/nouveau/nvkm/subdev/mmu/vmmgv100.o
  CC [M]  drivers/gpu/drm/nouveau/nvkm/subdev/mmu/vmmtu102.o
  CC [M]  drivers/gpu/drm/nouveau/nvkm/subdev/mmu/vmmgh100.o
  CC [M]  drivers/gpu/drm/nouveau/nvkm/subdev/mmu/umem.o
  CC [M]  drivers/gpu/drm/nouveau/nvkm/subdev/mmu/ummu.o
  CC [M]  drivers/gpu/drm/nouveau/nvkm/subdev/mmu/uvmm.o
  CC [M]  drivers/gpu/drm/nouveau/nvkm/subdev/mxm/base.o
  CC [M]  drivers/gpu/drm/nouveau/nvkm/subdev/mxm/mxms.o
  CC [M]  drivers/gpu/drm/nouveau/nvkm/subdev/mxm/nv50.o
  CC [M]  drivers/gpu/drm/nouveau/nvkm/subdev/pci/agp.o
  CC [M]  drivers/gpu/drm/nouveau/nvkm/subdev/pci/base.o
  CC [M]  drivers/gpu/drm/nouveau/nvkm/subdev/pci/pcie.o
  CC [M]  drivers/gpu/drm/nouveau/nvkm/subdev/pci/nv04.o
  CC [M]  drivers/gpu/drm/nouveau/nvkm/subdev/pci/nv40.o
  CC [M]  drivers/gpu/drm/nouveau/nvkm/subdev/pci/nv46.o
  CC [M]  drivers/gpu/drm/nouveau/nvkm/subdev/pci/nv4c.o
  CC [M]  drivers/gpu/drm/nouveau/nvkm/subdev/pci/g84.o
  CC [M]  drivers/gpu/drm/nouveau/nvkm/subdev/pci/g92.o
  CC [M]  drivers/gpu/drm/nouveau/nvkm/subdev/pci/g94.o
  CC [M]  drivers/gpu/drm/nouveau/nvkm/subdev/pci/gf100.o
  CC [M]  drivers/gpu/drm/nouveau/nvkm/subdev/pci/gf106.o
  CC [M]  drivers/gpu/drm/nouveau/nvkm/subdev/pci/gk104.o
  CC [M]  drivers/gpu/drm/nouveau/nvkm/subdev/pci/gp100.o
  CC [M]  drivers/gpu/drm/nouveau/nvkm/subdev/pci/gh100.o
  CC [M]  drivers/gpu/drm/nouveau/nvkm/subdev/pmu/base.o
  CC [M]  drivers/gpu/drm/nouveau/nvkm/subdev/pmu/memx.o
  CC [M]  drivers/gpu/drm/nouveau/nvkm/subdev/pmu/gt215.o
  CC [M]  drivers/gpu/drm/nouveau/nvkm/subdev/pmu/gf100.o
  CC [M]  drivers/gpu/drm/nouveau/nvkm/subdev/pmu/gf119.o
  CC [M]  drivers/gpu/drm/nouveau/nvkm/subdev/pmu/gk104.o
  CC [M]  drivers/gpu/drm/nouveau/nvkm/subdev/pmu/gk110.o
  CC [M]  drivers/gpu/drm/nouveau/nvkm/subdev/pmu/gk208.o
  CC [M]  drivers/gpu/drm/nouveau/nvkm/subdev/pmu/gk20a.o
  CC [M]  drivers/gpu/drm/nouveau/nvkm/subdev/pmu/gm107.o
  CC [M]  drivers/gpu/drm/nouveau/nvkm/subdev/pmu/gm200.o
  CC [M]  drivers/gpu/drm/nouveau/nvkm/subdev/pmu/gm20b.o
  CC [M]  drivers/gpu/drm/nouveau/nvkm/subdev/pmu/gp102.o
  CC [M]  drivers/gpu/drm/nouveau/nvkm/subdev/pmu/gp10b.o
  CC [M]  drivers/gpu/drm/nouveau/nvkm/subdev/privring/gf100.o
  CC [M]  drivers/gpu/drm/nouveau/nvkm/subdev/privring/gf117.o
  CC [M]  drivers/gpu/drm/nouveau/nvkm/subdev/privring/gk104.o
  CC [M]  drivers/gpu/drm/nouveau/nvkm/subdev/privring/gk20a.o
  CC [M]  drivers/gpu/drm/nouveau/nvkm/subdev/privring/gm200.o
  CC [M]  drivers/gpu/drm/nouveau/nvkm/subdev/privring/gp10b.o
  CC [M]  drivers/gpu/drm/nouveau/nvkm/subdev/therm/base.o
  CC [M]  drivers/gpu/drm/nouveau/nvkm/subdev/therm/fan.o
  CC [M]  drivers/gpu/drm/nouveau/nvkm/subdev/therm/fannil.o
  CC [M]  drivers/gpu/drm/nouveau/nvkm/subdev/therm/fanpwm.o
  CC [M]  drivers/gpu/drm/nouveau/nvkm/subdev/therm/fantog.o
  CC [M]  drivers/gpu/drm/nouveau/nvkm/subdev/therm/ic.o
  CC [M]  drivers/gpu/drm/nouveau/nvkm/subdev/therm/temp.o
  CC [M]  drivers/gpu/drm/nouveau/nvkm/subdev/therm/nv40.o
  CC [M]  drivers/gpu/drm/nouveau/nvkm/subdev/therm/nv50.o
  CC [M]  drivers/gpu/drm/nouveau/nvkm/subdev/therm/g84.o
  CC [M]  drivers/gpu/drm/nouveau/nvkm/subdev/therm/gt215.o
  CC [M]  drivers/gpu/drm/nouveau/nvkm/subdev/therm/gf100.o
  CC [M]  drivers/gpu/drm/nouveau/nvkm/subdev/therm/gf119.o
  CC [M]  drivers/gpu/drm/nouveau/nvkm/subdev/therm/gk104.o
  CC [M]  drivers/gpu/drm/nouveau/nvkm/subdev/therm/gm107.o
  CC [M]  drivers/gpu/drm/nouveau/nvkm/subdev/therm/gm200.o
  CC [M]  drivers/gpu/drm/nouveau/nvkm/subdev/therm/gp100.o
  CC [M]  drivers/gpu/drm/nouveau/nvkm/subdev/timer/base.o
  CC [M]  drivers/gpu/drm/nouveau/nvkm/subdev/timer/nv04.o
  CC [M]  drivers/gpu/drm/nouveau/nvkm/subdev/timer/nv40.o
  CC [M]  drivers/gpu/drm/nouveau/nvkm/subdev/timer/nv41.o
  CC [M]  drivers/gpu/drm/nouveau/nvkm/subdev/timer/gk20a.o
  CC [M]  drivers/gpu/drm/nouveau/nvkm/subdev/top/base.o
  CC [M]  drivers/gpu/drm/nouveau/nvkm/subdev/top/gk104.o
  CC [M]  drivers/gpu/drm/nouveau/nvkm/subdev/top/ga100.o
  CC [M]  drivers/gpu/drm/nouveau/nvkm/subdev/vfn/base.o
  CC [M]  drivers/gpu/drm/nouveau/nvkm/subdev/vfn/uvfn.o
  CC [M]  drivers/gpu/drm/nouveau/nvkm/subdev/vfn/gv100.o
  CC [M]  drivers/gpu/drm/nouveau/nvkm/subdev/vfn/tu102.o
  CC [M]  drivers/gpu/drm/nouveau/nvkm/subdev/vfn/ga100.o
  CC [M]  drivers/gpu/drm/nouveau/nvkm/subdev/vfn/r535.o
  CC [M]  drivers/gpu/drm/nouveau/nvkm/subdev/volt/base.o
  CC [M]  drivers/gpu/drm/nouveau/nvkm/subdev/volt/gpio.o
  CC [M]  drivers/gpu/drm/nouveau/nvkm/subdev/volt/nv40.o
  CC [M]  drivers/gpu/drm/nouveau/nvkm/subdev/volt/gf100.o
  CC [M]  drivers/gpu/drm/nouveau/nvkm/subdev/volt/gf117.o
  CC [M]  drivers/gpu/drm/nouveau/nvkm/subdev/volt/gk104.o
  CC [M]  drivers/gpu/drm/nouveau/nvkm/subdev/volt/gk20a.o
  CC [M]  drivers/gpu/drm/nouveau/nvkm/subdev/volt/gm20b.o
  CC [M]  drivers/gpu/drm/nouveau/nvkm/engine/falcon.o
  CC [M]  drivers/gpu/drm/nouveau/nvkm/engine/xtensa.o
  CC [M]  drivers/gpu/drm/nouveau/nvkm/engine/bsp/g84.o
  CC [M]  drivers/gpu/drm/nouveau/nvkm/engine/ce/gt215.o
  CC [M]  drivers/gpu/drm/nouveau/nvkm/engine/ce/gf100.o
  CC [M]  drivers/gpu/drm/nouveau/nvkm/engine/ce/gk104.o
  CC [M]  drivers/gpu/drm/nouveau/nvkm/engine/ce/gm107.o
  CC [M]  drivers/gpu/drm/nouveau/nvkm/engine/ce/gm200.o
  CC [M]  drivers/gpu/drm/nouveau/nvkm/engine/ce/gp100.o
  CC [M]  drivers/gpu/drm/nouveau/nvkm/engine/ce/gp102.o
  CC [M]  drivers/gpu/drm/nouveau/nvkm/engine/ce/gv100.o
  CC [M]  drivers/gpu/drm/nouveau/nvkm/engine/ce/tu102.o
  CC [M]  drivers/gpu/drm/nouveau/nvkm/engine/ce/ga100.o
  CC [M]  drivers/gpu/drm/nouveau/nvkm/engine/ce/ga102.o
  CC [M]  drivers/gpu/drm/nouveau/nvkm/engine/ce/gb202.o
  CC [M]  drivers/gpu/drm/nouveau/nvkm/engine/cipher/g84.o
  CC [M]  drivers/gpu/drm/nouveau/nvkm/engine/device/acpi.o
  CC [M]  drivers/gpu/drm/nouveau/nvkm/engine/device/base.o
  CC [M]  drivers/gpu/drm/nouveau/nvkm/engine/device/ctrl.o
  CC [M]  drivers/gpu/drm/nouveau/nvkm/engine/device/pci.o
  CC [M]  drivers/gpu/drm/nouveau/nvkm/engine/device/tegra.o
  CC [M]  drivers/gpu/drm/nouveau/nvkm/engine/device/user.o
  CC [M]  drivers/gpu/drm/nouveau/nvkm/engine/disp/base.o
  CC [M]  drivers/gpu/drm/nouveau/nvkm/engine/disp/chan.o
  CC [M]  drivers/gpu/drm/nouveau/nvkm/engine/disp/conn.o
  CC [M]  drivers/gpu/drm/nouveau/nvkm/engine/disp/dp.o
  CC [M]  drivers/gpu/drm/nouveau/nvkm/engine/disp/hdmi.o
  CC [M]  drivers/gpu/drm/nouveau/nvkm/engine/disp/head.o
  CC [M]  drivers/gpu/drm/nouveau/nvkm/engine/disp/ior.o
  CC [M]  drivers/gpu/drm/nouveau/nvkm/engine/disp/outp.o
  CC [M]  drivers/gpu/drm/nouveau/nvkm/engine/disp/vga.o
  CC [M]  drivers/gpu/drm/nouveau/nvkm/engine/disp/nv04.o
  CC [M]  drivers/gpu/drm/nouveau/nvkm/engine/disp/nv50.o
  CC [M]  drivers/gpu/drm/nouveau/nvkm/engine/disp/g84.o
  CC [M]  drivers/gpu/drm/nouveau/nvkm/engine/disp/g94.o
  CC [M]  drivers/gpu/drm/nouveau/nvkm/engine/disp/gt200.o
  CC [M]  drivers/gpu/drm/nouveau/nvkm/engine/disp/mcp77.o
  CC [M]  drivers/gpu/drm/nouveau/nvkm/engine/disp/gt215.o
  CC [M]  drivers/gpu/drm/nouveau/nvkm/engine/disp/mcp89.o
  CC [M]  drivers/gpu/drm/nouveau/nvkm/engine/disp/gf119.o
  CC [M]  drivers/gpu/drm/nouveau/nvkm/engine/disp/gk104.o
  CC [M]  drivers/gpu/drm/nouveau/nvkm/engine/disp/gk110.o
  CC [M]  drivers/gpu/drm/nouveau/nvkm/engine/disp/gm107.o
  CC [M]  drivers/gpu/drm/nouveau/nvkm/engine/disp/gm200.o
  CC [M]  drivers/gpu/drm/nouveau/nvkm/engine/disp/gp100.o
  CC [M]  drivers/gpu/drm/nouveau/nvkm/engine/disp/gp102.o
  CC [M]  drivers/gpu/drm/nouveau/nvkm/engine/disp/gv100.o
  CC [M]  drivers/gpu/drm/nouveau/nvkm/engine/disp/tu102.o
  CC [M]  drivers/gpu/drm/nouveau/nvkm/engine/disp/ga102.o
  CC [M]  drivers/gpu/drm/nouveau/nvkm/engine/disp/gb202.o
  CC [M]  drivers/gpu/drm/nouveau/nvkm/engine/disp/udisp.o
  CC [M]  drivers/gpu/drm/nouveau/nvkm/engine/disp/uconn.o
  CC [M]  drivers/gpu/drm/nouveau/nvkm/engine/disp/uoutp.o
  CC [M]  drivers/gpu/drm/nouveau/nvkm/engine/disp/uhead.o
  CC [M]  drivers/gpu/drm/nouveau/nvkm/engine/dma/base.o
  CC [M]  drivers/gpu/drm/nouveau/nvkm/engine/dma/nv04.o
  CC [M]  drivers/gpu/drm/nouveau/nvkm/engine/dma/nv50.o
  CC [M]  drivers/gpu/drm/nouveau/nvkm/engine/dma/gf100.o
  CC [M]  drivers/gpu/drm/nouveau/nvkm/engine/dma/gf119.o
  CC [M]  drivers/gpu/drm/nouveau/nvkm/engine/dma/gv100.o
  CC [M]  drivers/gpu/drm/nouveau/nvkm/engine/dma/user.o
  CC [M]  drivers/gpu/drm/nouveau/nvkm/engine/dma/usernv04.o
  CC [M]  drivers/gpu/drm/nouveau/nvkm/engine/dma/usernv50.o
  CC [M]  drivers/gpu/drm/nouveau/nvkm/engine/dma/usergf100.o
  CC [M]  drivers/gpu/drm/nouveau/nvkm/engine/dma/usergf119.o
  CC [M]  drivers/gpu/drm/nouveau/nvkm/engine/dma/usergv100.o
  CC [M]  drivers/gpu/drm/nouveau/nvkm/engine/fifo/base.o
  CC [M]  drivers/gpu/drm/nouveau/nvkm/engine/fifo/cgrp.o
  CC [M]  drivers/gpu/drm/nouveau/nvkm/engine/fifo/chan.o
  CC [M]  drivers/gpu/drm/nouveau/nvkm/engine/fifo/chid.o
  CC [M]  drivers/gpu/drm/nouveau/nvkm/engine/fifo/runl.o
  CC [M]  drivers/gpu/drm/nouveau/nvkm/engine/fifo/runq.o
  CC [M]  drivers/gpu/drm/nouveau/nvkm/engine/fifo/nv04.o
  CC [M]  drivers/gpu/drm/nouveau/nvkm/engine/fifo/nv10.o
  CC [M]  drivers/gpu/drm/nouveau/nvkm/engine/fifo/nv17.o
  CC [M]  drivers/gpu/drm/nouveau/nvkm/engine/fifo/nv40.o
  CC [M]  drivers/gpu/drm/nouveau/nvkm/engine/fifo/nv50.o
  CC [M]  drivers/gpu/drm/nouveau/nvkm/engine/fifo/g84.o
  CC [M]  drivers/gpu/drm/nouveau/nvkm/engine/fifo/g98.o
  CC [M]  drivers/gpu/drm/nouveau/nvkm/engine/fifo/gf100.o
  CC [M]  drivers/gpu/drm/nouveau/nvkm/engine/fifo/gk104.o
  CC [M]  drivers/gpu/drm/nouveau/nvkm/engine/fifo/gk110.o
  CC [M]  drivers/gpu/drm/nouveau/nvkm/engine/fifo/gk208.o
  CC [M]  drivers/gpu/drm/nouveau/nvkm/engine/fifo/gk20a.o
  CC [M]  drivers/gpu/drm/nouveau/nvkm/engine/fifo/gm107.o
  CC [M]  drivers/gpu/drm/nouveau/nvkm/engine/fifo/gm200.o
  CC [M]  drivers/gpu/drm/nouveau/nvkm/engine/fifo/gp100.o
  CC [M]  drivers/gpu/drm/nouveau/nvkm/engine/fifo/gv100.o
  CC [M]  drivers/gpu/drm/nouveau/nvkm/engine/fifo/tu102.o
  CC [M]  drivers/gpu/drm/nouveau/nvkm/engine/fifo/ga100.o
  CC [M]  drivers/gpu/drm/nouveau/nvkm/engine/fifo/ga102.o
  CC [M]  drivers/gpu/drm/nouveau/nvkm/engine/fifo/gb202.o
  CC [M]  drivers/gpu/drm/nouveau/nvkm/engine/fifo/ucgrp.o
  CC [M]  drivers/gpu/drm/nouveau/nvkm/engine/fifo/uchan.o
  CC [M]  drivers/gpu/drm/nouveau/nvkm/engine/gr/base.o
  CC [M]  drivers/gpu/drm/nouveau/nvkm/engine/gr/nv04.o
  CC [M]  drivers/gpu/drm/nouveau/nvkm/engine/gr/nv10.o
  CC [M]  drivers/gpu/drm/nouveau/nvkm/engine/gr/nv15.o
  CC [M]  drivers/gpu/drm/nouveau/nvkm/engine/gr/nv17.o
  CC [M]  drivers/gpu/drm/nouveau/nvkm/engine/gr/nv20.o
  CC [M]  drivers/gpu/drm/nouveau/nvkm/engine/gr/nv25.o
  CC [M]  drivers/gpu/drm/nouveau/nvkm/engine/gr/nv2a.o
  CC [M]  drivers/gpu/drm/nouveau/nvkm/engine/gr/nv30.o
  CC [M]  drivers/gpu/drm/nouveau/nvkm/engine/gr/nv34.o
  CC [M]  drivers/gpu/drm/nouveau/nvkm/engine/gr/nv35.o
  CC [M]  drivers/gpu/drm/nouveau/nvkm/engine/gr/nv40.o
  CC [M]  drivers/gpu/drm/nouveau/nvkm/engine/gr/nv44.o
  CC [M]  drivers/gpu/drm/nouveau/nvkm/engine/gr/nv50.o
  CC [M]  drivers/gpu/drm/nouveau/nvkm/engine/gr/g84.o
  CC [M]  drivers/gpu/drm/nouveau/nvkm/engine/gr/gt200.o
  CC [M]  drivers/gpu/drm/nouveau/nvkm/engine/gr/mcp79.o
  CC [M]  drivers/gpu/drm/nouveau/nvkm/engine/gr/gt215.o
  CC [M]  drivers/gpu/drm/nouveau/nvkm/engine/gr/mcp89.o
  CC [M]  drivers/gpu/drm/nouveau/nvkm/engine/gr/gf100.o
  CC [M]  drivers/gpu/drm/nouveau/nvkm/engine/gr/gf104.o
  CC [M]  drivers/gpu/drm/nouveau/nvkm/engine/gr/gf108.o
  CC [M]  drivers/gpu/drm/nouveau/nvkm/engine/gr/gf110.o
  CC [M]  drivers/gpu/drm/nouveau/nvkm/engine/gr/gf117.o
  CC [M]  drivers/gpu/drm/nouveau/nvkm/engine/gr/gf119.o
  CC [M]  drivers/gpu/drm/nouveau/nvkm/engine/gr/gk104.o
  CC [M]  drivers/gpu/drm/nouveau/nvkm/engine/gr/gk110.o
  CC [M]  drivers/gpu/drm/nouveau/nvkm/engine/gr/gk110b.o
  CC [M]  drivers/gpu/drm/nouveau/nvkm/engine/gr/gk208.o
  CC [M]  drivers/gpu/drm/nouveau/nvkm/engine/gr/gk20a.o
  CC [M]  drivers/gpu/drm/nouveau/nvkm/engine/gr/gm107.o
  CC [M]  drivers/gpu/drm/nouveau/nvkm/engine/gr/gm200.o
  CC [M]  drivers/gpu/drm/nouveau/nvkm/engine/gr/gm20b.o
  CC [M]  drivers/gpu/drm/nouveau/nvkm/engine/gr/gp100.o
  CC [M]  drivers/gpu/drm/nouveau/nvkm/engine/gr/gp102.o
  CC [M]  drivers/gpu/drm/nouveau/nvkm/engine/gr/gp104.o
  CC [M]  drivers/gpu/drm/nouveau/nvkm/engine/gr/gp107.o
  CC [M]  drivers/gpu/drm/nouveau/nvkm/engine/gr/gp108.o
  CC [M]  drivers/gpu/drm/nouveau/nvkm/engine/gr/gp10b.o
  CC [M]  drivers/gpu/drm/nouveau/nvkm/engine/gr/gv100.o
  CC [M]  drivers/gpu/drm/nouveau/nvkm/engine/gr/tu102.o
  CC [M]  drivers/gpu/drm/nouveau/nvkm/engine/gr/ga102.o
  CC [M]  drivers/gpu/drm/nouveau/nvkm/engine/gr/ctxnv40.o
  CC [M]  drivers/gpu/drm/nouveau/nvkm/engine/gr/ctxnv50.o
  CC [M]  drivers/gpu/drm/nouveau/nvkm/engine/gr/ctxgf100.o
  CC [M]  drivers/gpu/drm/nouveau/nvkm/engine/gr/ctxgf104.o
  CC [M]  drivers/gpu/drm/nouveau/nvkm/engine/gr/ctxgf108.o
  CC [M]  drivers/gpu/drm/nouveau/nvkm/engine/gr/ctxgf110.o
  CC [M]  drivers/gpu/drm/nouveau/nvkm/engine/gr/ctxgf117.o
  CC [M]  drivers/gpu/drm/nouveau/nvkm/engine/gr/ctxgf119.o
  CC [M]  drivers/gpu/drm/nouveau/nvkm/engine/gr/ctxgk104.o
  CC [M]  drivers/gpu/drm/nouveau/nvkm/engine/gr/ctxgk110.o
  CC [M]  drivers/gpu/drm/nouveau/nvkm/engine/gr/ctxgk110b.o
  CC [M]  drivers/gpu/drm/nouveau/nvkm/engine/gr/ctxgk208.o
  CC [M]  drivers/gpu/drm/nouveau/nvkm/engine/gr/ctxgk20a.o
  CC [M]  drivers/gpu/drm/nouveau/nvkm/engine/gr/ctxgm107.o
  CC [M]  drivers/gpu/drm/nouveau/nvkm/engine/gr/ctxgm200.o
  CC [M]  drivers/gpu/drm/nouveau/nvkm/engine/gr/ctxgm20b.o
  CC [M]  drivers/gpu/drm/nouveau/nvkm/engine/gr/ctxgp100.o
  CC [M]  drivers/gpu/drm/nouveau/nvkm/engine/gr/ctxgp102.o
  CC [M]  drivers/gpu/drm/nouveau/nvkm/engine/gr/ctxgp104.o
  CC [M]  drivers/gpu/drm/nouveau/nvkm/engine/gr/ctxgp107.o
  CC [M]  drivers/gpu/drm/nouveau/nvkm/engine/gr/ctxgv100.o
  CC [M]  drivers/gpu/drm/nouveau/nvkm/engine/gr/ctxtu102.o
  CC [M]  drivers/gpu/drm/nouveau/nvkm/engine/gr/ctxga102.o
  CC [M]  drivers/gpu/drm/nouveau/nvkm/engine/mpeg/nv31.o
  CC [M]  drivers/gpu/drm/nouveau/nvkm/engine/mpeg/nv40.o
  CC [M]  drivers/gpu/drm/nouveau/nvkm/engine/mpeg/nv44.o
  CC [M]  drivers/gpu/drm/nouveau/nvkm/engine/mpeg/nv50.o
  CC [M]  drivers/gpu/drm/nouveau/nvkm/engine/mpeg/g84.o
  CC [M]  drivers/gpu/drm/nouveau/nvkm/engine/mspdec/base.o
  CC [M]  drivers/gpu/drm/nouveau/nvkm/engine/mspdec/g98.o
  CC [M]  drivers/gpu/drm/nouveau/nvkm/engine/mspdec/gt215.o
  CC [M]  drivers/gpu/drm/nouveau/nvkm/engine/mspdec/gf100.o
  CC [M]  drivers/gpu/drm/nouveau/nvkm/engine/mspdec/gk104.o
  CC [M]  drivers/gpu/drm/nouveau/nvkm/engine/msppp/base.o
  CC [M]  drivers/gpu/drm/nouveau/nvkm/engine/msppp/g98.o
  CC [M]  drivers/gpu/drm/nouveau/nvkm/engine/msppp/gt215.o
  CC [M]  drivers/gpu/drm/nouveau/nvkm/engine/msppp/gf100.o
  CC [M]  drivers/gpu/drm/nouveau/nvkm/engine/msvld/base.o
  CC [M]  drivers/gpu/drm/nouveau/nvkm/engine/msvld/g98.o
  CC [M]  drivers/gpu/drm/nouveau/nvkm/engine/msvld/gt215.o
  CC [M]  drivers/gpu/drm/nouveau/nvkm/engine/msvld/mcp89.o
  CC [M]  drivers/gpu/drm/nouveau/nvkm/engine/msvld/gf100.o
  CC [M]  drivers/gpu/drm/nouveau/nvkm/engine/msvld/gk104.o
  CC [M]  drivers/gpu/drm/nouveau/nvkm/engine/nvenc/base.o
  CC [M]  drivers/gpu/drm/nouveau/nvkm/engine/nvenc/gm107.o
  CC [M]  drivers/gpu/drm/nouveau/nvkm/engine/nvenc/tu102.o
  CC [M]  drivers/gpu/drm/nouveau/nvkm/engine/nvdec/base.o
  CC [M]  drivers/gpu/drm/nouveau/nvkm/engine/nvdec/gm107.o
  CC [M]  drivers/gpu/drm/nouveau/nvkm/engine/nvdec/tu102.o
  CC [M]  drivers/gpu/drm/nouveau/nvkm/engine/nvdec/ga102.o
  CC [M]  drivers/gpu/drm/nouveau/nvkm/engine/sec/g98.o
  CC [M]  drivers/gpu/drm/nouveau/nvkm/engine/sec2/base.o
  CC [M]  drivers/gpu/drm/nouveau/nvkm/engine/sec2/gp102.o
  CC [M]  drivers/gpu/drm/nouveau/nvkm/engine/sec2/gp108.o
  CC [M]  drivers/gpu/drm/nouveau/nvkm/engine/sec2/tu102.o
  CC [M]  drivers/gpu/drm/nouveau/nvkm/engine/sec2/ga102.o
  CC [M]  drivers/gpu/drm/nouveau/nvkm/engine/sec2/r535.o
  CC [M]  drivers/gpu/drm/nouveau/nvkm/engine/sw/base.o
  CC [M]  drivers/gpu/drm/nouveau/nvkm/engine/sw/nv04.o
  CC [M]  drivers/gpu/drm/nouveau/nvkm/engine/sw/nv10.o
  CC [M]  drivers/gpu/drm/nouveau/nvkm/engine/sw/nv50.o
  CC [M]  drivers/gpu/drm/nouveau/nvkm/engine/sw/gf100.o
  CC [M]  drivers/gpu/drm/nouveau/nvkm/engine/sw/chan.o
  CC [M]  drivers/gpu/drm/nouveau/nvkm/engine/sw/nvsw.o
  CC [M]  drivers/gpu/drm/nouveau/nvkm/engine/vp/g84.o
  CC [M]  drivers/gpu/drm/nouveau/nouveau_debugfs.o
  CC [M]  drivers/gpu/drm/nouveau/nouveau_drm.o
  CC [M]  drivers/gpu/drm/nouveau/nouveau_hwmon.o
  CC [M]  drivers/gpu/drm/nouveau/nouveau_ioc32.o
  CC [M]  drivers/gpu/drm/nouveau/nouveau_nvif.o
  CC [M]  drivers/gpu/drm/nouveau/nouveau_vga.o
  CC [M]  drivers/gpu/drm/nouveau/nouveau_bo.o
  CC [M]  drivers/gpu/drm/nouveau/nouveau_bo0039.o
  CC [M]  drivers/gpu/drm/nouveau/nouveau_bo5039.o
  CC [M]  drivers/gpu/drm/nouveau/nouveau_bo74c1.o
  CC [M]  drivers/gpu/drm/nouveau/nouveau_bo85b5.o
  CC [M]  drivers/gpu/drm/nouveau/nouveau_bo9039.o
  CC [M]  drivers/gpu/drm/nouveau/nouveau_bo90b5.o
  CC [M]  drivers/gpu/drm/nouveau/nouveau_boa0b5.o
  CC [M]  drivers/gpu/drm/nouveau/nouveau_gem.o
  CC [M]  drivers/gpu/drm/nouveau/nouveau_mem.o
  CC [M]  drivers/gpu/drm/nouveau/nouveau_prime.o
  CC [M]  drivers/gpu/drm/nouveau/nouveau_sgdma.o
  CC [M]  drivers/gpu/drm/nouveau/nouveau_ttm.o
  CC [M]  drivers/gpu/drm/nouveau/nouveau_vmm.o
  CC [M]  drivers/gpu/drm/nouveau/nouveau_exec.o
  CC [M]  drivers/gpu/drm/nouveau/nouveau_sched.o
  CC [M]  drivers/gpu/drm/nouveau/nouveau_uvmm.o
  CC [M]  drivers/gpu/drm/nouveau/nouveau_backlight.o
  CC [M]  drivers/gpu/drm/nouveau/nouveau_bios.o
  CC [M]  drivers/gpu/drm/nouveau/nouveau_connector.o
  CC [M]  drivers/gpu/drm/nouveau/nouveau_display.o
  CC [M]  drivers/gpu/drm/nouveau/nouveau_dp.o
  CC [M]  drivers/gpu/drm/nouveau/dispnv04/arb.o
  CC [M]  drivers/gpu/drm/nouveau/dispnv04/crtc.o
  CC [M]  drivers/gpu/drm/nouveau/dispnv04/cursor.o
  CC [M]  drivers/gpu/drm/nouveau/dispnv04/dac.o
  CC [M]  drivers/gpu/drm/nouveau/dispnv04/dfp.o
  CC [M]  drivers/gpu/drm/nouveau/dispnv04/disp.o
  CC [M]  drivers/gpu/drm/nouveau/dispnv04/hw.o
  CC [M]  drivers/gpu/drm/nouveau/dispnv04/nouveau_i2c_encoder.o
  CC [M]  drivers/gpu/drm/nouveau/dispnv04/overlay.o
  CC [M]  drivers/gpu/drm/nouveau/dispnv04/tvmodesnv17.o
  CC [M]  drivers/gpu/drm/nouveau/dispnv04/tvnv04.o
  CC [M]  drivers/gpu/drm/nouveau/dispnv04/tvnv17.o
  CC [M]  drivers/gpu/drm/nouveau/dispnv50/disp.o
  CC [M]  drivers/gpu/drm/nouveau/dispnv50/lut.o
  CC [M]  drivers/gpu/drm/nouveau/dispnv50/core.o
  CC [M]  drivers/gpu/drm/nouveau/dispnv50/core507d.o
  CC [M]  drivers/gpu/drm/nouveau/dispnv50/core827d.o
  CC [M]  drivers/gpu/drm/nouveau/dispnv50/core907d.o
  CC [M]  drivers/gpu/drm/nouveau/dispnv50/core917d.o
  CC [M]  drivers/gpu/drm/nouveau/dispnv50/corec37d.o
  CC [M]  drivers/gpu/drm/nouveau/dispnv50/corec57d.o
  CC [M]  drivers/gpu/drm/nouveau/dispnv50/coreca7d.o
  CC [M]  drivers/gpu/drm/nouveau/dispnv50/crc.o
  CC [M]  drivers/gpu/drm/nouveau/dispnv50/crc907d.o
  CC [M]  drivers/gpu/drm/nouveau/dispnv50/crcc37d.o
  CC [M]  drivers/gpu/drm/nouveau/dispnv50/crcc57d.o
  CC [M]  drivers/gpu/drm/nouveau/dispnv50/crcca7d.o
  CC [M]  drivers/gpu/drm/nouveau/dispnv50/dac507d.o
  CC [M]  drivers/gpu/drm/nouveau/dispnv50/dac907d.o
  CC [M]  drivers/gpu/drm/nouveau/dispnv50/pior507d.o
  CC [M]  drivers/gpu/drm/nouveau/dispnv50/sor507d.o
  CC [M]  drivers/gpu/drm/nouveau/dispnv50/sor907d.o
  CC [M]  drivers/gpu/drm/nouveau/dispnv50/sorc37d.o
  CC [M]  drivers/gpu/drm/nouveau/dispnv50/head.o
  CC [M]  drivers/gpu/drm/nouveau/dispnv50/head507d.o
  CC [M]  drivers/gpu/drm/nouveau/dispnv50/head827d.o
  CC [M]  drivers/gpu/drm/nouveau/dispnv50/head907d.o
  CC [M]  drivers/gpu/drm/nouveau/dispnv50/head917d.o
  CC [M]  drivers/gpu/drm/nouveau/dispnv50/headc37d.o
  CC [M]  drivers/gpu/drm/nouveau/dispnv50/headc57d.o
  CC [M]  drivers/gpu/drm/nouveau/dispnv50/headca7d.o
  CC [M]  drivers/gpu/drm/nouveau/dispnv50/wimm.o
  CC [M]  drivers/gpu/drm/nouveau/dispnv50/wimmc37b.o
  CC [M]  drivers/gpu/drm/nouveau/dispnv50/wndw.o
  CC [M]  drivers/gpu/drm/nouveau/dispnv50/wndwc37e.o
  CC [M]  drivers/gpu/drm/nouveau/dispnv50/wndwc57e.o
  CC [M]  drivers/gpu/drm/nouveau/dispnv50/wndwc67e.o
  CC [M]  drivers/gpu/drm/nouveau/dispnv50/wndwca7e.o
  CC [M]  drivers/gpu/drm/nouveau/dispnv50/base.o
  CC [M]  drivers/gpu/drm/nouveau/dispnv50/base507c.o
  CC [M]  drivers/gpu/drm/nouveau/dispnv50/base827c.o
  CC [M]  drivers/gpu/drm/nouveau/dispnv50/base907c.o
  CC [M]  drivers/gpu/drm/nouveau/dispnv50/base917c.o
  CC [M]  drivers/gpu/drm/nouveau/dispnv50/curs.o
  CC [M]  drivers/gpu/drm/nouveau/dispnv50/curs507a.o
  CC [M]  drivers/gpu/drm/nouveau/dispnv50/curs907a.o
  CC [M]  drivers/gpu/drm/nouveau/dispnv50/cursc37a.o
  CC [M]  drivers/gpu/drm/nouveau/dispnv50/oimm.o
  CC [M]  drivers/gpu/drm/nouveau/dispnv50/oimm507b.o
  CC [M]  drivers/gpu/drm/nouveau/dispnv50/ovly.o
  CC [M]  drivers/gpu/drm/nouveau/dispnv50/ovly507e.o
  CC [M]  drivers/gpu/drm/nouveau/dispnv50/ovly827e.o
  CC [M]  drivers/gpu/drm/nouveau/dispnv50/ovly907e.o
  CC [M]  drivers/gpu/drm/nouveau/dispnv50/ovly917e.o
  CC [M]  drivers/gpu/drm/nouveau/nouveau_abi16.o
  CC [M]  drivers/gpu/drm/nouveau/nouveau_chan.o
  CC [M]  drivers/gpu/drm/nouveau/nouveau_dma.o
  CC [M]  drivers/gpu/drm/nouveau/nouveau_fence.o
  CC [M]  drivers/gpu/drm/nouveau/nv04_fence.o
  CC [M]  drivers/gpu/drm/nouveau/nv10_fence.o
  CC [M]  drivers/gpu/drm/nouveau/nv17_fence.o
  CC [M]  drivers/gpu/drm/nouveau/nv50_fence.o
  CC [M]  drivers/gpu/drm/nouveau/nv84_fence.o
  CC [M]  drivers/gpu/drm/nouveau/nvc0_fence.o
  CC [M]  drivers/gpu/drm/nouveau/gv100_fence.o
  LD [M]  drivers/gpu/drm/nouveau/ch7006.o
  LD [M]  drivers/gpu/drm/nouveau/sil164.o
  LD [M]  drivers/gpu/drm/nouveau/nouveau.o
  AR      drivers/gpu/built-in.a
  AR      drivers/built-in.a
  AR      built-in.a
  AR      built-in-fixup.a
  COPY    vmlinux.a
  LD      vmlinux.o
  MODPOST Module.symvers
  CC      .vmlinux.export.o
  UPD     include/generated/utsversion.h
  CC      init/version-timestamp.o
  KSYMS   .tmp_vmlinux0.kallsyms.S
  AS      .tmp_vmlinux0.kallsyms.o
  LD      .tmp_vmlinux1
  BTF     .tmp_vmlinux1
  NM      .tmp_vmlinux1.syms
  KSYMS   .tmp_vmlinux1.kallsyms.S
  AS      .tmp_vmlinux1.kallsyms.o
  LD      .tmp_vmlinux2
  NM      .tmp_vmlinux2.syms
  KSYMS   .tmp_vmlinux2.kallsyms.S
  AS      .tmp_vmlinux2.kallsyms.o
  LD      vmlinux.unstripped
  BTFIDS  vmlinux.unstripped
  NM      System.map
  SORTTAB vmlinux.unstripped
  OBJCOPY vmlinux
  GEN     modules.builtin.modinfo
  GEN     modules.builtin
make[1]: Nothing to be done for 'vmlinux'.
  OBJCOPY arch/riscv/boot/Image
  Kernel: arch/riscv/boot/Image is ready
  CC [M]  arch/riscv/kvm/kvm.mod.o
  CC [M]  .module-common.o
  CC [M]  fs/nfs_common/nfs_acl.mod.o
  CC [M]  fs/nfs_common/grace.mod.o
  CC [M]  fs/nls/nls_cp437.mod.o
  CC [M]  fs/nls/nls_iso8859-1.mod.o
  CC [M]  fs/nls/nls_utf8.mod.o
  CC [M]  fs/configfs/configfs.mod.o
  CC [M]  fs/isofs/isofs.mod.o
  CC [M]  fs/nfs/nfs.mod.o
  CC [M]  fs/nfs/nfsv3.mod.o
  CC [M]  fs/nfs/nfsv4.mod.o
  CC [M]  fs/nfs/filelayout/nfs_layout_nfsv41_files.mod.o
  CC [M]  fs/nfs/blocklayout/blocklayoutdriver.mod.o
  CC [M]  fs/nfs/flexfilelayout/nfs_layout_flexfiles.mod.o
  CC [M]  fs/lockd/lockd.mod.o
  CC [M]  fs/overlayfs/overlay.mod.o
  CC [M]  fs/udf/udf.mod.o
  CC [M]  fs/btrfs/btrfs.mod.o
  CC [M]  fs/f2fs/f2fs.mod.o
  CC [M]  fs/efivarfs/efivarfs.mod.o
  CC [M]  crypto/crypto_engine.mod.o
  CC [M]  crypto/geniv.mod.o
  CC [M]  crypto/seqiv.mod.o
  CC [M]  crypto/echainiv.mod.o
  CC [M]  crypto/cmac.mod.o
  CC [M]  crypto/sha512.mod.o
  CC [M]  crypto/ctr.mod.o
  CC [M]  crypto/gcm.mod.o
  CC [M]  crypto/camellia_generic.mod.o
  CC [M]  crypto/authenc.mod.o
  CC [M]  crypto/authencesn.mod.o
  CC [M]  crypto/krb5enc.mod.o
  CC [M]  crypto/af_alg.mod.o
  CC [M]  crypto/algif_hash.mod.o
  CC [M]  crypto/krb5/krb5.mod.o
  CC [M]  block/bfq.mod.o
  CC [M]  lib/crc/crc-ccitt.mod.o
  CC [M]  lib/crypto/libblake2b.mod.o
  CC [M]  lib/raid/xor/xor.mod.o
  CC [M]  lib/raid/raid6/raid6_pq.mod.o
  CC [M]  lib/lzo/lzo_compress.mod.o
  CC [M]  lib/lz4/lz4_compress.mod.o
  CC [M]  lib/lz4/lz4hc_compress.mod.o
  CC [M]  lib/842/842_compress.mod.o
  CC [M]  lib/842/842_decompress.mod.o
  CC [M]  drivers/phy/allwinner/phy-sun4i-usb.mod.o
  CC [M]  drivers/phy/allwinner/phy-sun6i-mipi-dphy.mod.o
  CC [M]  drivers/phy/starfive/phy-jh7110-dphy-rx.mod.o
  CC [M]  drivers/phy/starfive/phy-jh7110-pcie.mod.o
  CC [M]  drivers/phy/starfive/phy-jh7110-usb.mod.o
  CC [M]  drivers/gpio/gpio-pca953x.mod.o
  CC [M]  drivers/pwm/pwm-pxa.mod.o
  CC [M]  drivers/pci/controller/plda/pcie-starfive.mod.o
  CC [M]  drivers/acpi/video.mod.o
  CC [M]  drivers/clk/starfive/clk-starfive-jh7100-audio.mod.o
  CC [M]  drivers/clk/starfive/clk-starfive-jh7110-aon.mod.o
  CC [M]  drivers/clk/starfive/clk-starfive-jh7110-stg.mod.o
  CC [M]  drivers/clk/starfive/clk-starfive-jh7110-isp.mod.o
  CC [M]  drivers/clk/starfive/clk-starfive-jh7110-vout.mod.o
  CC [M]  drivers/clk/sunxi-ng/sun8i-de2-ccu.mod.o
  CC [M]  drivers/dma/sun6i-dma.mod.o
  CC [M]  drivers/dma/mmp_pdma.mod.o
  CC [M]  drivers/virtio/virtio_dma_buf.mod.o
  CC [M]  drivers/char/hw_random/jh7110-trng.mod.o
  CC [M]  drivers/gpu/drm/bridge/synopsys/dw-hdmi.mod.o
  CC [M]  drivers/gpu/drm/drm_exec.mod.o
  CC [M]  drivers/gpu/drm/drm_gpuvm.mod.o
  CC [M]  drivers/gpu/drm/drm_suballoc_helper.mod.o
  CC [M]  drivers/gpu/drm/drm_ttm_helper.mod.o
  CC [M]  drivers/gpu/drm/ttm/ttm.mod.o
  CC [M]  drivers/gpu/drm/scheduler/gpu-sched.mod.o
  CC [M]  drivers/gpu/drm/radeon/radeon.mod.o
  CC [M]  drivers/gpu/drm/nouveau/ch7006.mod.o
  CC [M]  drivers/gpu/drm/nouveau/sil164.mod.o
  CC [M]  drivers/gpu/drm/nouveau/nouveau.mod.o
  CC [M]  drivers/gpu/drm/sun4i/sun4i-drm.mod.o
  CC [M]  drivers/gpu/drm/sun4i/sun4i-tcon.mod.o
  CC [M]  drivers/gpu/drm/sun4i/sun4i_tv.mod.o
  CC [M]  drivers/gpu/drm/sun4i/sun6i_drc.mod.o
  CC [M]  drivers/gpu/drm/sun4i/sun6i_mipi_dsi.mod.o
  CC [M]  drivers/gpu/drm/sun4i/sun8i-drm-hdmi.mod.o
  CC [M]  drivers/gpu/drm/sun4i/sun8i-mixer.mod.o
  CC [M]  drivers/gpu/drm/sun4i/sun8i_tcon_top.mod.o
  CC [M]  drivers/gpu/drm/virtio/virtio-gpu.mod.o
  CC [M]  drivers/block/zram/zram.mod.o
  CC [M]  drivers/nvme/common/nvme-auth.mod.o
  CC [M]  drivers/nvme/common/nvme-keyring.mod.o
  CC [M]  drivers/nvme/host/nvme-core.mod.o
  CC [M]  drivers/nvme/host/nvme.mod.o
  CC [M]  drivers/nvme/target/nvmet.mod.o
  CC [M]  drivers/spi/spi-cadence-quadspi.mod.o
  CC [M]  drivers/spi/spi-fsl-qspi.mod.o
  CC [M]  drivers/spi/spi-pl022.mod.o
  CC [M]  drivers/spi/spi-spacemit-k1.mod.o
  CC [M]  drivers/net/mdio/mdio-mux.mod.o
  CC [M]  drivers/net/pcs/pcs_xpcs.mod.o
  CC [M]  drivers/net/ethernet/spacemit/k1_emac.mod.o
  CC [M]  drivers/net/ethernet/stmicro/stmmac/stmmac.mod.o
  CC [M]  drivers/net/ethernet/stmicro/stmmac/stmmac-platform.mod.o
  CC [M]  drivers/net/ethernet/stmicro/stmmac/dwmac-sophgo.mod.o
  CC [M]  drivers/net/ethernet/stmicro/stmmac/dwmac-spacemit.mod.o
  CC [M]  drivers/net/ethernet/stmicro/stmmac/dwmac-starfive.mod.o
  CC [M]  drivers/net/ethernet/stmicro/stmmac/dwmac-sunxi.mod.o
  CC [M]  drivers/net/ethernet/stmicro/stmmac/dwmac-sun8i.mod.o
  CC [M]  drivers/net/ethernet/stmicro/stmmac/dwmac-sun55i.mod.o
  CC [M]  drivers/net/ethernet/stmicro/stmmac/dwmac-thead.mod.o
  CC [M]  drivers/net/ethernet/stmicro/stmmac/dwmac-generic.mod.o
  CC [M]  drivers/net/bonding/bonding.mod.o
  CC [M]  drivers/net/ipvlan/ipvlan.mod.o
  CC [M]  drivers/net/dummy.mod.o
  CC [M]  drivers/net/macvlan.mod.o
  CC [M]  drivers/net/mii.mod.o
  CC [M]  drivers/net/netconsole.mod.o
  CC [M]  drivers/net/veth.mod.o
  CC [M]  drivers/net/vxlan/vxlan.mod.o
  CC [M]  drivers/net/can/dev/can-dev.mod.o
  CC [M]  drivers/usb/phy/phy-generic.mod.o
  CC [M]  drivers/usb/gadget/function/usb_f_acm.mod.o
  CC [M]  drivers/usb/gadget/function/u_serial.mod.o
  CC [M]  drivers/usb/gadget/function/usb_f_serial.mod.o
  CC [M]  drivers/usb/gadget/function/usb_f_obex.mod.o
  CC [M]  drivers/usb/gadget/function/u_ether.mod.o
  CC [M]  drivers/usb/gadget/function/usb_f_ncm.mod.o
  CC [M]  drivers/usb/gadget/function/usb_f_ecm.mod.o
  CC [M]  drivers/usb/gadget/function/usb_f_eem.mod.o
  CC [M]  drivers/usb/gadget/function/usb_f_ecm_subset.mod.o
  CC [M]  drivers/usb/gadget/function/usb_f_rndis.mod.o
  CC [M]  drivers/usb/gadget/function/usb_f_mass_storage.mod.o
  CC [M]  drivers/usb/gadget/function/usb_f_fs.mod.o
  CC [M]  drivers/usb/gadget/libcomposite.mod.o
  CC [M]  drivers/usb/cdns3/cdns.mod.o
  CC [M]  drivers/usb/cdns3/cdns3-pci-wrap.mod.o
  CC [M]  drivers/usb/cdns3/cdnsp-pci.mod.o
  CC [M]  drivers/usb/cdns3/cdns3-starfive.mod.o
  CC [M]  drivers/usb/musb/musb_hdrc.mod.o
  CC [M]  drivers/usb/musb/sunxi.mod.o
  CC [M]  drivers/input/keyboard/sun4i-lradc-keys.mod.o
  CC [M]  drivers/i2c/algos/i2c-algo-bit.mod.o
  CC [M]  drivers/i2c/busses/i2c-mv64xxx.mod.o
  CC [M]  drivers/i2c/i2c-dev.mod.o
  CC [M]  drivers/i2c/i2c-mux.mod.o
  CC [M]  drivers/media/i2c/ir-kbd-i2c.mod.o
  CC [M]  drivers/media/tuners/mc44s803.mod.o
  CC [M]  drivers/media/tuners/mt20xx.mod.o
  CC [M]  drivers/media/tuners/tuner-simple.mod.o
  CC [M]  drivers/media/tuners/tuner-types.mod.o
  CC [M]  drivers/media/tuners/tda18271.mod.o
  CC [M]  drivers/media/tuners/tda827x.mod.o
  CC [M]  drivers/media/tuners/tda8290.mod.o
  CC [M]  drivers/media/tuners/tda9887.mod.o
  CC [M]  drivers/media/tuners/xc2028.mod.o
  CC [M]  drivers/media/tuners/xc4000.mod.o
  CC [M]  drivers/media/tuners/xc5000.mod.o
  CC [M]  drivers/media/platform/cadence/cdns-csi2rx.mod.o
  CC [M]  drivers/media/mc/mc.mod.o
  CC [M]  drivers/media/v4l2-core/v4l2-async.mod.o
  CC [M]  drivers/media/v4l2-core/v4l2-fwnode.mod.o
  CC [M]  drivers/media/v4l2-core/v4l2-dv-timings.mod.o
  CC [M]  drivers/media/v4l2-core/videodev.mod.o
  CC [M]  drivers/media/dvb-core/dvb-core.mod.o
  CC [M]  drivers/hwmon/sfctemp.mod.o
  CC [M]  drivers/md/dm-mod.mod.o
  CC [M]  drivers/md/dm-bufio.mod.o
  CC [M]  drivers/md/dm-bio-prison.mod.o
  CC [M]  drivers/md/persistent-data/dm-persistent-data.mod.o
  CC [M]  drivers/md/dm-thin-pool.mod.o
  CC [M]  drivers/cpufreq/cpufreq_powersave.mod.o
  CC [M]  drivers/cpufreq/cpufreq_conservative.mod.o
  CC [M]  drivers/cpufreq/cppc_cpufreq.mod.o
  CC [M]  drivers/crypto/virtio/virtio_crypto.mod.o
  CC [M]  drivers/infiniband/core/ib_core.mod.o
  CC [M]  drivers/infiniband/core/ib_cm.mod.o
  CC [M]  drivers/infiniband/core/iw_cm.mod.o
  CC [M]  drivers/infiniband/core/rdma_cm.mod.o
  CC [M]  drivers/infiniband/ulp/ipoib/ib_ipoib.mod.o
  CC [M]  sound/soc/codecs/snd-soc-spdif-rx.mod.o
  CC [M]  sound/soc/codecs/snd-soc-spdif-tx.mod.o
  CC [M]  sound/soc/codecs/snd-soc-wm8978.mod.o
  CC [M]  sound/soc/generic/snd-soc-simple-card-utils.mod.o
  CC [M]  sound/soc/generic/snd-soc-simple-card.mod.o
  CC [M]  sound/soc/dwc/designware_i2s.mod.o
  CC [M]  sound/soc/starfive/jh7110_pwmdac.mod.o
  CC [M]  sound/soc/starfive/jh7110_tdm.mod.o
  CC [M]  net/802/psnap.mod.o
  CC [M]  net/802/stp.mod.o
  CC [M]  net/sched/act_bpf.mod.o
  CC [M]  net/sched/cls_cgroup.mod.o
  CC [M]  net/sched/cls_bpf.mod.o
  CC [M]  net/netfilter/nf_conntrack.mod.o
  CC [M]  net/netfilter/nf_conntrack_ftp.mod.o
  CC [M]  net/netfilter/nf_conntrack_tftp.mod.o
  CC [M]  net/netfilter/nf_log_syslog.mod.o
  CC [M]  net/netfilter/x_tables.mod.o
  CC [M]  net/netfilter/xt_tcpudp.mod.o
  CC [M]  net/netfilter/xt_mark.mod.o
  CC [M]  net/netfilter/xt_addrtype.mod.o
  CC [M]  net/netfilter/xt_conntrack.mod.o
  CC [M]  net/netfilter/xt_ipvs.mod.o
  CC [M]  net/netfilter/ipvs/ip_vs.mod.o
  CC [M]  net/netfilter/ipvs/ip_vs_rr.mod.o
  CC [M]  net/ipv4/netfilter/nf_defrag_ipv4.mod.o
  CC [M]  net/ipv4/ip_tunnel.mod.o
  CC [M]  net/ipv4/fou.mod.o
  CC [M]  net/ipv4/udp_tunnel.mod.o
  CC [M]  net/ipv4/esp4.mod.o
  CC [M]  net/ipv4/tunnel4.mod.o
  CC [M]  net/ipv4/inet_diag.mod.o
  CC [M]  net/ipv4/tcp_diag.mod.o
  CC [M]  net/ipv4/udp_diag.mod.o
  CC [M]  net/ipv4/raw_diag.mod.o
  CC [M]  net/ipv4/tcp_bic.mod.o
  CC [M]  net/ipv4/tcp_westwood.mod.o
  CC [M]  net/ipv4/tcp_htcp.mod.o
  CC [M]  net/xfrm/xfrm_algo.mod.o
  CC [M]  net/xfrm/xfrm_user.mod.o
  CC [M]  net/ipv6/netfilter/nf_defrag_ipv6.mod.o
  CC [M]  net/ipv6/netfilter/ip6t_ipv6header.mod.o
  CC [M]  net/ipv6/tunnel6.mod.o
  CC [M]  net/ipv6/sit.mod.o
  CC [M]  net/ipv6/ip6_tunnel.mod.o
  CC [M]  net/ipv6/fou6.mod.o
  CC [M]  net/ipv6/ip6_udp_tunnel.mod.o
  CC [M]  net/8021q/8021q.mod.o
  CC [M]  net/mptcp/mptcp_diag.mod.o
  CC [M]  net/llc/llc.mod.o
  CC [M]  net/tls/tls.mod.o
  CC [M]  net/bridge/bridge.mod.o
  CC [M]  net/bridge/br_netfilter.mod.o
  CC [M]  net/can/can.mod.o
  CC [M]  net/can/can-raw.mod.o
  CC [M]  net/can/can-bcm.mod.o
  CC [M]  net/can/can-gw.mod.o
  CC [M]  net/sunrpc/sunrpc.mod.o
  CC [M]  net/sunrpc/auth_gss/auth_rpcgss.mod.o
  CC [M]  net/sunrpc/auth_gss/rpcsec_gss_krb5.mod.o
  CC [M]  net/sunrpc/xprtrdma/rpcrdma.mod.o
  LD [M]  arch/riscv/kvm/kvm.ko
  LD [M]  fs/nfs_common/nfs_acl.ko
  LD [M]  fs/nfs_common/grace.ko
  LD [M]  fs/nls/nls_cp437.ko
  LD [M]  fs/nls/nls_iso8859-1.ko
  BTF [M] fs/nls/nls_cp437.ko
  LD [M]  fs/nls/nls_utf8.ko
  BTF [M] fs/nls/nls_utf8.ko
  BTF [M] fs/nls/nls_iso8859-1.ko
  BTF [M] fs/nfs_common/nfs_acl.ko
  LD [M]  fs/configfs/configfs.ko
  LD [M]  fs/isofs/isofs.ko
  BTF [M] fs/nfs_common/grace.ko
  LD [M]  fs/nfs/nfs.ko
  LD [M]  fs/nfs/nfsv3.ko
  LD [M]  fs/nfs/nfsv4.ko
  LD [M]  fs/nfs/filelayout/nfs_layout_nfsv41_files.ko
  LD [M]  fs/nfs/blocklayout/blocklayoutdriver.ko
  LD [M]  fs/nfs/flexfilelayout/nfs_layout_flexfiles.ko
  BTF [M] fs/isofs/isofs.ko
  LD [M]  fs/lockd/lockd.ko
  LD [M]  fs/overlayfs/overlay.ko
  BTF [M] fs/configfs/configfs.ko
  LD [M]  fs/udf/udf.ko
  LD [M]  fs/btrfs/btrfs.ko
  LD [M]  fs/f2fs/f2fs.ko
  LD [M]  fs/efivarfs/efivarfs.ko
  BTF [M] fs/nfs/nfsv3.ko
  BTF [M] fs/nfs/filelayout/nfs_layout_nfsv41_files.ko
  BTF [M] fs/nfs/blocklayout/blocklayoutdriver.ko
  BTF [M] arch/riscv/kvm/kvm.ko
  BTF [M] fs/efivarfs/efivarfs.ko
  LD [M]  crypto/crypto_engine.ko
  LD [M]  crypto/geniv.ko
  LD [M]  crypto/seqiv.ko
  BTF [M] fs/nfs/flexfilelayout/nfs_layout_flexfiles.ko
  LD [M]  crypto/echainiv.ko
  BTF [M] crypto/seqiv.ko
  BTF [M] crypto/geniv.ko
  LD [M]  crypto/cmac.ko
  LD [M]  crypto/sha512.ko
  LD [M]  crypto/ctr.ko
  BTF [M] crypto/crypto_engine.ko
  BTF [M] crypto/sha512.ko
  BTF [M] crypto/echainiv.ko
  BTF [M] crypto/ctr.ko
  BTF [M] crypto/cmac.ko
  LD [M]  crypto/gcm.ko
  LD [M]  crypto/camellia_generic.ko
  LD [M]  crypto/authenc.ko
  LD [M]  crypto/authencesn.ko
  BTF [M] fs/lockd/lockd.ko
  LD [M]  crypto/krb5enc.ko
  BTF [M] fs/udf/udf.ko
  BTF [M] crypto/authenc.ko
  BTF [M] crypto/gcm.ko
  BTF [M] crypto/camellia_generic.ko
  LD [M]  crypto/af_alg.ko
  LD [M]  crypto/algif_hash.ko
  BTF [M] crypto/authencesn.ko
  BTF [M] fs/overlayfs/overlay.ko
  LD [M]  crypto/krb5/krb5.ko
  BTF [M] crypto/af_alg.ko
  BTF [M] crypto/krb5enc.ko
  BTF [M] crypto/algif_hash.ko
  LD [M]  block/bfq.ko
  LD [M]  lib/crc/crc-ccitt.ko
  BTF [M] fs/nfs/nfs.ko
  BTF [M] fs/f2fs/f2fs.ko
  BTF [M] crypto/krb5/krb5.ko
  BTF [M] lib/crc/crc-ccitt.ko
  LD [M]  lib/crypto/libblake2b.ko
  LD [M]  lib/raid/xor/xor.ko
  LD [M]  lib/raid/raid6/raid6_pq.ko
  BTF [M] lib/crypto/libblake2b.ko
  LD [M]  lib/lzo/lzo_compress.ko
  LD [M]  lib/lz4/lz4_compress.ko
  LD [M]  lib/lz4/lz4hc_compress.ko
  LD [M]  lib/842/842_compress.ko
  LD [M]  lib/842/842_decompress.ko
  LD [M]  drivers/phy/allwinner/phy-sun4i-usb.ko
  BTF [M] block/bfq.ko
  BTF [M] lib/raid/xor/xor.ko
  LD [M]  drivers/phy/allwinner/phy-sun6i-mipi-dphy.ko
  BTF [M] drivers/phy/allwinner/phy-sun6i-mipi-dphy.ko
  BTF [M] lib/lzo/lzo_compress.ko
  BTF [M] lib/lz4/lz4hc_compress.ko
  BTF [M] drivers/phy/allwinner/phy-sun4i-usb.ko
  BTF [M] lib/842/842_compress.ko
  BTF [M] lib/raid/raid6/raid6_pq.ko
  BTF [M] lib/lz4/lz4_compress.ko
  LD [M]  drivers/phy/starfive/phy-jh7110-dphy-rx.ko
  LD [M]  drivers/phy/starfive/phy-jh7110-pcie.ko
  BTF [M] lib/842/842_decompress.ko
  BTF [M] drivers/phy/starfive/phy-jh7110-pcie.ko
  LD [M]  drivers/phy/starfive/phy-jh7110-usb.ko
  BTF [M] drivers/phy/starfive/phy-jh7110-dphy-rx.ko
  BTF [M] drivers/phy/starfive/phy-jh7110-usb.ko
  BTF [M] fs/nfs/nfsv4.ko
  LD [M]  drivers/gpio/gpio-pca953x.ko
  LD [M]  drivers/pwm/pwm-pxa.ko
  LD [M]  drivers/pci/controller/plda/pcie-starfive.ko
  LD [M]  drivers/acpi/video.ko
  LD [M]  drivers/clk/starfive/clk-starfive-jh7100-audio.ko
  LD [M]  drivers/clk/starfive/clk-starfive-jh7110-aon.ko
  LD [M]  drivers/clk/starfive/clk-starfive-jh7110-stg.ko
  LD [M]  drivers/clk/starfive/clk-starfive-jh7110-isp.ko
  LD [M]  drivers/clk/starfive/clk-starfive-jh7110-vout.ko
  LD [M]  drivers/clk/sunxi-ng/sun8i-de2-ccu.ko
  LD [M]  drivers/dma/sun6i-dma.ko
  LD [M]  drivers/dma/mmp_pdma.ko
  BTF [M] drivers/pci/controller/plda/pcie-starfive.ko
  BTF [M] drivers/clk/starfive/clk-starfive-jh7110-aon.ko
  BTF [M] drivers/clk/starfive/clk-starfive-jh7110-vout.ko
  BTF [M] drivers/clk/starfive/clk-starfive-jh7100-audio.ko
  BTF [M] drivers/clk/starfive/clk-starfive-jh7110-isp.ko
  BTF [M] drivers/pwm/pwm-pxa.ko
  BTF [M] drivers/clk/starfive/clk-starfive-jh7110-stg.ko
  BTF [M] drivers/clk/sunxi-ng/sun8i-de2-ccu.ko
  BTF [M] drivers/gpio/gpio-pca953x.ko
  BTF [M] drivers/dma/mmp_pdma.ko
  BTF [M] drivers/acpi/video.ko
  BTF [M] drivers/dma/sun6i-dma.ko
  BTF [M] fs/btrfs/btrfs.ko
  LD [M]  drivers/virtio/virtio_dma_buf.ko
  LD [M]  drivers/char/hw_random/jh7110-trng.ko
  LD [M]  drivers/gpu/drm/bridge/synopsys/dw-hdmi.ko
  LD [M]  drivers/gpu/drm/drm_exec.ko
  LD [M]  drivers/gpu/drm/drm_gpuvm.ko
  LD [M]  drivers/gpu/drm/drm_suballoc_helper.ko
  LD [M]  drivers/gpu/drm/drm_ttm_helper.ko
  BTF [M] drivers/char/hw_random/jh7110-trng.ko
  LD [M]  drivers/gpu/drm/ttm/ttm.ko
  LD [M]  drivers/gpu/drm/scheduler/gpu-sched.ko
  LD [M]  drivers/gpu/drm/radeon/radeon.ko
  BTF [M] drivers/gpu/drm/drm_exec.ko
  BTF [M] drivers/virtio/virtio_dma_buf.ko
  BTF [M] drivers/gpu/drm/bridge/synopsys/dw-hdmi.ko
  LD [M]  drivers/gpu/drm/nouveau/ch7006.ko
  BTF [M] drivers/gpu/drm/drm_gpuvm.ko
  BTF [M] drivers/gpu/drm/drm_suballoc_helper.ko
  BTF [M] drivers/gpu/drm/drm_ttm_helper.ko
  LD [M]  drivers/gpu/drm/nouveau/sil164.ko
  LD [M]  drivers/gpu/drm/nouveau/nouveau.ko
  LD [M]  drivers/gpu/drm/sun4i/sun4i-drm.ko
  LD [M]  drivers/gpu/drm/sun4i/sun4i-tcon.ko
  LD [M]  drivers/gpu/drm/sun4i/sun4i_tv.ko
  LD [M]  drivers/gpu/drm/sun4i/sun6i_drc.ko
  BTF [M] drivers/gpu/drm/nouveau/ch7006.ko
  LD [M]  drivers/gpu/drm/sun4i/sun6i_mipi_dsi.ko
  LD [M]  drivers/gpu/drm/sun4i/sun8i-drm-hdmi.ko
  LD [M]  drivers/gpu/drm/sun4i/sun8i-mixer.ko
  BTF [M] drivers/gpu/drm/sun4i/sun6i_drc.ko
  BTF [M] drivers/gpu/drm/scheduler/gpu-sched.ko
  BTF [M] drivers/gpu/drm/nouveau/sil164.ko
  BTF [M] drivers/gpu/drm/sun4i/sun4i-tcon.ko
  BTF [M] drivers/gpu/drm/sun4i/sun4i-drm.ko
  BTF [M] drivers/gpu/drm/sun4i/sun4i_tv.ko
  BTF [M] drivers/gpu/drm/sun4i/sun8i-drm-hdmi.ko
  BTF [M] drivers/gpu/drm/ttm/ttm.ko
  BTF [M] drivers/gpu/drm/sun4i/sun8i-mixer.ko
  BTF [M] drivers/gpu/drm/sun4i/sun6i_mipi_dsi.ko
  LD [M]  drivers/gpu/drm/sun4i/sun8i_tcon_top.ko
  LD [M]  drivers/gpu/drm/virtio/virtio-gpu.ko
  LD [M]  drivers/block/zram/zram.ko
  LD [M]  drivers/nvme/common/nvme-auth.ko
  LD [M]  drivers/nvme/common/nvme-keyring.ko
  LD [M]  drivers/nvme/host/nvme-core.ko
  BTF [M] drivers/nvme/common/nvme-auth.ko
  LD [M]  drivers/nvme/host/nvme.ko
  LD [M]  drivers/nvme/target/nvmet.ko
  BTF [M] drivers/nvme/common/nvme-keyring.ko
  BTF [M] drivers/block/zram/zram.ko
  LD [M]  drivers/spi/spi-cadence-quadspi.ko
  LD [M]  drivers/spi/spi-fsl-qspi.ko
  BTF [M] drivers/spi/spi-fsl-qspi.ko
  LD [M]  drivers/spi/spi-pl022.ko
  LD [M]  drivers/spi/spi-spacemit-k1.ko
  BTF [M] drivers/gpu/drm/sun4i/sun8i_tcon_top.ko
  LD [M]  drivers/net/mdio/mdio-mux.ko
  BTF [M] drivers/nvme/host/nvme.ko
  BTF [M] drivers/spi/spi-cadence-quadspi.ko
  BTF [M] drivers/gpu/drm/virtio/virtio-gpu.ko
  BTF [M] drivers/nvme/host/nvme-core.ko
  BTF [M] drivers/spi/spi-pl022.ko
  BTF [M] drivers/net/mdio/mdio-mux.ko
  BTF [M] drivers/spi/spi-spacemit-k1.ko
  BTF [M] drivers/nvme/target/nvmet.ko
  LD [M]  drivers/net/pcs/pcs_xpcs.ko
  LD [M]  drivers/net/ethernet/spacemit/k1_emac.ko
  LD [M]  drivers/net/ethernet/stmicro/stmmac/stmmac.ko
  LD [M]  drivers/net/ethernet/stmicro/stmmac/stmmac-platform.ko
  LD [M]  drivers/net/ethernet/stmicro/stmmac/dwmac-sophgo.ko
  LD [M]  drivers/net/ethernet/stmicro/stmmac/dwmac-spacemit.ko
  LD [M]  drivers/net/ethernet/stmicro/stmmac/dwmac-starfive.ko
  BTF [M] drivers/net/ethernet/spacemit/k1_emac.ko
  BTF [M] drivers/net/pcs/pcs_xpcs.ko
  BTF [M] drivers/net/ethernet/stmicro/stmmac/dwmac-spacemit.ko
  BTF [M] drivers/net/ethernet/stmicro/stmmac/stmmac-platform.ko
  BTF [M] drivers/net/ethernet/stmicro/stmmac/dwmac-sophgo.ko
  BTF [M] drivers/net/ethernet/stmicro/stmmac/dwmac-starfive.ko
  BTF [M] drivers/gpu/drm/radeon/radeon.ko
  BTF [M] drivers/net/ethernet/stmicro/stmmac/stmmac.ko
  LD [M]  drivers/net/ethernet/stmicro/stmmac/dwmac-sunxi.ko
  LD [M]  drivers/net/ethernet/stmicro/stmmac/dwmac-sun8i.ko
  LD [M]  drivers/net/ethernet/stmicro/stmmac/dwmac-sun55i.ko
  LD [M]  drivers/net/ethernet/stmicro/stmmac/dwmac-thead.ko
  LD [M]  drivers/net/ethernet/stmicro/stmmac/dwmac-generic.ko
  BTF [M] drivers/net/ethernet/stmicro/stmmac/dwmac-sunxi.ko
  BTF [M] drivers/net/ethernet/stmicro/stmmac/dwmac-thead.ko
  BTF [M] drivers/net/ethernet/stmicro/stmmac/dwmac-sun55i.ko
  LD [M]  drivers/net/bonding/bonding.ko
  BTF [M] drivers/net/ethernet/stmicro/stmmac/dwmac-sun8i.ko
  BTF [M] drivers/net/ethernet/stmicro/stmmac/dwmac-generic.ko
  LD [M]  drivers/net/ipvlan/ipvlan.ko
  LD [M]  drivers/net/dummy.ko
  LD [M]  drivers/net/macvlan.ko
  LD [M]  drivers/net/mii.ko
  LD [M]  drivers/net/netconsole.ko
  BTF [M] drivers/net/bonding/bonding.ko
  BTF [M] drivers/net/dummy.ko
  BTF [M] drivers/net/mii.ko
  BTF [M] drivers/net/macvlan.ko
  LD [M]  drivers/net/veth.ko
  LD [M]  drivers/net/vxlan/vxlan.ko
  LD [M]  drivers/net/can/dev/can-dev.ko
  LD [M]  drivers/usb/phy/phy-generic.ko
  BTF [M] drivers/gpu/drm/nouveau/nouveau.ko
  BTF [M] drivers/net/netconsole.ko
  BTF [M] drivers/usb/phy/phy-generic.ko
  BTF [M] drivers/net/ipvlan/ipvlan.ko
  BTF [M] drivers/net/veth.ko
  LD [M]  drivers/usb/gadget/function/usb_f_acm.ko
  BTF [M] drivers/net/can/dev/can-dev.ko
  LD [M]  drivers/usb/gadget/function/u_serial.ko
  BTF [M] drivers/usb/gadget/function/u_serial.ko
  BTF [M] drivers/usb/gadget/function/usb_f_acm.ko
  BTF [M] drivers/net/vxlan/vxlan.ko
  LD [M]  drivers/usb/gadget/function/usb_f_serial.ko
  LD [M]  drivers/usb/gadget/function/usb_f_obex.ko
  LD [M]  drivers/usb/gadget/function/u_ether.ko
  BTF [M] drivers/usb/gadget/function/usb_f_serial.ko
  LD [M]  drivers/usb/gadget/function/usb_f_ncm.ko
  BTF [M] drivers/usb/gadget/function/usb_f_obex.ko
  BTF [M] drivers/usb/gadget/function/u_ether.ko
  LD [M]  drivers/usb/gadget/function/usb_f_ecm.ko
  LD [M]  drivers/usb/gadget/function/usb_f_eem.ko
  LD [M]  drivers/usb/gadget/function/usb_f_ecm_subset.ko
  BTF [M] drivers/usb/gadget/function/usb_f_ecm_subset.ko
  LD [M]  drivers/usb/gadget/function/usb_f_rndis.ko
  LD [M]  drivers/usb/gadget/function/usb_f_mass_storage.ko
  BTF [M] drivers/usb/gadget/function/usb_f_ncm.ko
  BTF [M] drivers/usb/gadget/function/usb_f_ecm.ko
  BTF [M] drivers/usb/gadget/function/usb_f_eem.ko
  BTF [M] drivers/usb/gadget/function/usb_f_rndis.ko
  LD [M]  drivers/usb/gadget/function/usb_f_fs.ko
  LD [M]  drivers/usb/gadget/libcomposite.ko
  LD [M]  drivers/usb/cdns3/cdns.ko
  LD [M]  drivers/usb/cdns3/cdns3-pci-wrap.ko
  BTF [M] drivers/usb/gadget/function/usb_f_mass_storage.ko
  BTF [M] drivers/usb/cdns3/cdns3-pci-wrap.ko
  BTF [M] drivers/usb/gadget/function/usb_f_fs.ko
  LD [M]  drivers/usb/cdns3/cdnsp-pci.ko
  BTF [M] drivers/usb/cdns3/cdnsp-pci.ko
  LD [M]  drivers/usb/cdns3/cdns3-starfive.ko
  LD [M]  drivers/usb/musb/musb_hdrc.ko
  LD [M]  drivers/usb/musb/sunxi.ko
  LD [M]  drivers/input/keyboard/sun4i-lradc-keys.ko
  BTF [M] drivers/input/keyboard/sun4i-lradc-keys.ko
  LD [M]  drivers/i2c/algos/i2c-algo-bit.ko
  LD [M]  drivers/i2c/busses/i2c-mv64xxx.ko
  LD [M]  drivers/i2c/i2c-dev.ko
  LD [M]  drivers/i2c/i2c-mux.ko
  BTF [M] drivers/i2c/busses/i2c-mv64xxx.ko
  BTF [M] drivers/i2c/i2c-dev.ko
  BTF [M] drivers/usb/cdns3/cdns3-starfive.ko
  BTF [M] drivers/usb/gadget/libcomposite.ko
  BTF [M] drivers/i2c/algos/i2c-algo-bit.ko
  BTF [M] drivers/i2c/i2c-mux.ko
  LD [M]  drivers/media/i2c/ir-kbd-i2c.ko
  BTF [M] drivers/usb/cdns3/cdns.ko
  BTF [M] drivers/usb/musb/sunxi.ko
  LD [M]  drivers/media/tuners/mc44s803.ko
  BTF [M] drivers/media/i2c/ir-kbd-i2c.ko
  BTF [M] drivers/usb/musb/musb_hdrc.ko
  LD [M]  drivers/media/tuners/mt20xx.ko
  LD [M]  drivers/media/tuners/tuner-simple.ko
  BTF [M] drivers/media/tuners/mc44s803.ko
  LD [M]  drivers/media/tuners/tuner-types.ko
  LD [M]  drivers/media/tuners/tda18271.ko
  LD [M]  drivers/media/tuners/tda827x.ko
  LD [M]  drivers/media/tuners/tda8290.ko
  BTF [M] drivers/media/tuners/mt20xx.ko
  BTF [M] drivers/media/tuners/tda8290.ko
  LD [M]  drivers/media/tuners/tda9887.ko
  LD [M]  drivers/media/tuners/xc2028.ko
  BTF [M] drivers/media/tuners/tda827x.ko
  BTF [M] drivers/media/tuners/tda18271.ko
  BTF [M] drivers/media/tuners/tuner-types.ko
  BTF [M] drivers/media/tuners/xc2028.ko
  LD [M]  drivers/media/tuners/xc4000.ko
  LD [M]  drivers/media/tuners/xc5000.ko
  LD [M]  drivers/media/platform/cadence/cdns-csi2rx.ko
  BTF [M] drivers/media/tuners/xc4000.ko
  BTF [M] drivers/media/tuners/xc5000.ko
  BTF [M] drivers/media/tuners/tuner-simple.ko
  LD [M]  drivers/media/mc/mc.ko
  BTF [M] drivers/media/platform/cadence/cdns-csi2rx.ko
  BTF [M] drivers/media/tuners/tda9887.ko
  LD [M]  drivers/media/v4l2-core/v4l2-async.ko
  LD [M]  drivers/media/v4l2-core/v4l2-fwnode.ko
  LD [M]  drivers/media/v4l2-core/v4l2-dv-timings.ko
  LD [M]  drivers/media/v4l2-core/videodev.ko
  LD [M]  drivers/media/dvb-core/dvb-core.ko
  LD [M]  drivers/hwmon/sfctemp.ko
  LD [M]  drivers/md/dm-mod.ko
  LD [M]  drivers/md/dm-bufio.ko
  LD [M]  drivers/md/dm-bio-prison.ko
  LD [M]  drivers/md/persistent-data/dm-persistent-data.ko
  BTF [M] drivers/media/v4l2-core/v4l2-fwnode.ko
  BTF [M] drivers/media/mc/mc.ko
  BTF [M] drivers/media/v4l2-core/v4l2-async.ko
  BTF [M] drivers/media/v4l2-core/v4l2-dv-timings.ko
  LD [M]  drivers/md/dm-thin-pool.ko
  LD [M]  drivers/cpufreq/cpufreq_powersave.ko
  BTF [M] drivers/md/dm-bufio.ko
  BTF [M] drivers/md/persistent-data/dm-persistent-data.ko
  LD [M]  drivers/cpufreq/cpufreq_conservative.ko
  LD [M]  drivers/cpufreq/cppc_cpufreq.ko
  BTF [M] drivers/hwmon/sfctemp.ko
  BTF [M] drivers/md/dm-bio-prison.ko
  BTF [M] drivers/md/dm-thin-pool.ko
  LD [M]  drivers/crypto/virtio/virtio_crypto.ko
  LD [M]  drivers/infiniband/core/ib_core.ko
  LD [M]  drivers/infiniband/core/ib_cm.ko
  LD [M]  drivers/infiniband/core/iw_cm.ko
  BTF [M] drivers/media/v4l2-core/videodev.ko
  BTF [M] drivers/cpufreq/cpufreq_conservative.ko
  LD [M]  drivers/infiniband/core/rdma_cm.ko
  BTF [M] drivers/media/dvb-core/dvb-core.ko
  BTF [M] drivers/crypto/virtio/virtio_crypto.ko
  BTF [M] drivers/md/dm-mod.ko
  BTF [M] drivers/cpufreq/cppc_cpufreq.ko
  BTF [M] drivers/cpufreq/cpufreq_powersave.ko
  LD [M]  drivers/infiniband/ulp/ipoib/ib_ipoib.ko
  LD [M]  sound/soc/codecs/snd-soc-spdif-rx.ko
  BTF [M] drivers/infiniband/core/iw_cm.ko
  BTF [M] drivers/infiniband/core/ib_cm.ko
  BTF [M] sound/soc/codecs/snd-soc-spdif-rx.ko
  LD [M]  sound/soc/codecs/snd-soc-spdif-tx.ko
  LD [M]  sound/soc/codecs/snd-soc-wm8978.ko
  LD [M]  sound/soc/generic/snd-soc-simple-card-utils.ko
  BTF [M] drivers/infiniband/core/rdma_cm.ko
  LD [M]  sound/soc/generic/snd-soc-simple-card.ko
  LD [M]  sound/soc/dwc/designware_i2s.ko
  BTF [M] sound/soc/codecs/snd-soc-wm8978.ko
  BTF [M] sound/soc/codecs/snd-soc-spdif-tx.ko
  BTF [M] drivers/infiniband/core/ib_core.ko
  LD [M]  sound/soc/starfive/jh7110_pwmdac.ko
  BTF [M] sound/soc/dwc/designware_i2s.ko
  BTF [M] sound/soc/generic/snd-soc-simple-card-utils.ko
  BTF [M] sound/soc/starfive/jh7110_pwmdac.ko
  LD [M]  sound/soc/starfive/jh7110_tdm.ko
  LD [M]  net/802/psnap.ko
  LD [M]  net/802/stp.ko
  BTF [M] drivers/infiniband/ulp/ipoib/ib_ipoib.ko
  BTF [M] sound/soc/generic/snd-soc-simple-card.ko
  LD [M]  net/sched/act_bpf.ko
  BTF [M] sound/soc/starfive/jh7110_tdm.ko
  BTF [M] net/802/psnap.ko
  BTF [M] net/802/stp.ko
  LD [M]  net/sched/cls_cgroup.ko
  BTF [M] net/sched/act_bpf.ko
  LD [M]  net/sched/cls_bpf.ko
  LD [M]  net/netfilter/nf_conntrack.ko
  BTF [M] net/sched/cls_bpf.ko
  BTF [M] net/sched/cls_cgroup.ko
  LD [M]  net/netfilter/nf_conntrack_ftp.ko
  LD [M]  net/netfilter/nf_conntrack_tftp.ko
  LD [M]  net/netfilter/nf_log_syslog.ko
  LD [M]  net/netfilter/x_tables.ko
  LD [M]  net/netfilter/xt_tcpudp.ko
  LD [M]  net/netfilter/xt_mark.ko
  LD [M]  net/netfilter/xt_addrtype.ko
  LD [M]  net/netfilter/xt_conntrack.ko
  BTF [M] net/netfilter/nf_conntrack_tftp.ko
  BTF [M] net/netfilter/nf_log_syslog.ko
  BTF [M] net/netfilter/xt_tcpudp.ko
  BTF [M] net/netfilter/xt_mark.ko
  BTF [M] net/netfilter/x_tables.ko
  BTF [M] net/netfilter/xt_conntrack.ko
  BTF [M] net/netfilter/nf_conntrack_ftp.ko
  BTF [M] net/netfilter/xt_addrtype.ko
  LD [M]  net/netfilter/xt_ipvs.ko
  LD [M]  net/netfilter/ipvs/ip_vs.ko
  LD [M]  net/netfilter/ipvs/ip_vs_rr.ko
  BTF [M] net/netfilter/xt_ipvs.ko
  LD [M]  net/ipv4/netfilter/nf_defrag_ipv4.ko
  BTF [M] net/ipv4/netfilter/nf_defrag_ipv4.ko
  LD [M]  net/ipv4/ip_tunnel.ko
  BTF [M] net/netfilter/nf_conntrack.ko
  BTF [M] net/ipv4/ip_tunnel.ko
  BTF [M] net/netfilter/ipvs/ip_vs_rr.ko
  LD [M]  net/ipv4/fou.ko
  LD [M]  net/ipv4/udp_tunnel.ko
  LD [M]  net/ipv4/esp4.ko
  LD [M]  net/ipv4/tunnel4.ko
  LD [M]  net/ipv4/inet_diag.ko
  LD [M]  net/ipv4/tcp_diag.ko
  LD [M]  net/ipv4/udp_diag.ko
  BTF [M] net/ipv4/inet_diag.ko
  BTF [M] net/netfilter/ipvs/ip_vs.ko
  BTF [M] net/ipv4/tunnel4.ko
  BTF [M] net/ipv4/fou.ko
  BTF [M] net/ipv4/esp4.ko
  BTF [M] net/ipv4/tcp_diag.ko
  BTF [M] net/ipv4/udp_diag.ko
  BTF [M] net/ipv4/udp_tunnel.ko
  LD [M]  net/ipv4/raw_diag.ko
  LD [M]  net/ipv4/tcp_bic.ko
  LD [M]  net/ipv4/tcp_westwood.ko
  LD [M]  net/ipv4/tcp_htcp.ko
  LD [M]  net/xfrm/xfrm_algo.ko
  LD [M]  net/xfrm/xfrm_user.ko
  BTF [M] net/ipv4/tcp_bic.ko
  LD [M]  net/ipv6/netfilter/nf_defrag_ipv6.ko
  BTF [M] net/ipv4/raw_diag.ko
  BTF [M] net/xfrm/xfrm_algo.ko
  BTF [M] net/ipv4/tcp_htcp.ko
  BTF [M] net/ipv4/tcp_westwood.ko
  LD [M]  net/ipv6/netfilter/ip6t_ipv6header.ko
  BTF [M] net/xfrm/xfrm_user.ko
  LD [M]  net/ipv6/tunnel6.ko
  LD [M]  net/ipv6/sit.ko
  LD [M]  net/ipv6/ip6_tunnel.ko
  BTF [M] net/ipv6/netfilter/ip6t_ipv6header.ko
  BTF [M] net/ipv6/tunnel6.ko
  BTF [M] net/ipv6/netfilter/nf_defrag_ipv6.ko
  LD [M]  net/ipv6/fou6.ko
  LD [M]  net/ipv6/ip6_udp_tunnel.ko
  BTF [M] net/ipv6/fou6.ko
  BTF [M] net/ipv6/ip6_tunnel.ko
  BTF [M] net/ipv6/sit.ko
  LD [M]  net/8021q/8021q.ko
  LD [M]  net/mptcp/mptcp_diag.ko
  LD [M]  net/llc/llc.ko
  BTF [M] net/mptcp/mptcp_diag.ko
  BTF [M] net/ipv6/ip6_udp_tunnel.ko
  LD [M]  net/tls/tls.ko
  LD [M]  net/bridge/bridge.ko
  LD [M]  net/bridge/br_netfilter.ko
  BTF [M] net/llc/llc.ko
  LD [M]  net/can/can.ko
  LD [M]  net/can/can-raw.ko
  LD [M]  net/can/can-bcm.ko
  BTF [M] net/8021q/8021q.ko
  BTF [M] net/can/can.ko
  BTF [M] net/bridge/br_netfilter.ko
  LD [M]  net/can/can-gw.ko
  LD [M]  net/sunrpc/sunrpc.ko
  BTF [M] net/can/can-bcm.ko
  LD [M]  net/sunrpc/auth_gss/auth_rpcgss.ko
  LD [M]  net/sunrpc/auth_gss/rpcsec_gss_krb5.ko
  LD [M]  net/sunrpc/xprtrdma/rpcrdma.ko
  BTF [M] net/can/can-gw.ko
  BTF [M] net/can/can-raw.ko
  BTF [M] net/tls/tls.ko
  BTF [M] net/bridge/bridge.ko
  BTF [M] net/sunrpc/auth_gss/rpcsec_gss_krb5.ko
  BTF [M] net/sunrpc/auth_gss/auth_rpcgss.ko
  BTF [M] net/sunrpc/sunrpc.ko
  BTF [M] net/sunrpc/xprtrdma/rpcrdma.ko
buildPhase completed in 30 minutes 51 seconds
Running phase: installPhase
@nix { "action": "setPhase", "phase": "installPhase" }
install flags: -j16 SHELL=/nix/store/svx59425zxp552p2b8gm11qj5r09b56i-bash-5.3p15/bin/bash O=\$\(buildRoot\) --eval=undefine\ modules CC=/nix/store/y459kw0vfhc8gxn7h647bn5gfb2d19g1-riscv64-unknown-linux-gnu-gcc-15.3.0/bin/riscv64-unknown-linux-gnu-gcc LD=/nix/store/9ms2hmks2xw9v039in56q8n21d2rak23-riscv64-unknown-linux-gnu-binutils-2.46/bin/riscv64-unknown-linux-gnu-ld AR=/nix/store/4j2mwxqjvnyr6da0925sp0bm4jaj5r5i-riscv64-unknown-linux-gnu-gcc-wrapper-15.3.0/bin/riscv64-unknown-linux-gnu-ar NM=/nix/store/4j2mwxqjvnyr6da0925sp0bm4jaj5r5i-riscv64-unknown-linux-gnu-gcc-wrapper-15.3.0/bin/riscv64-unknown-linux-gnu-nm STRIP=/nix/store/9ms2hmks2xw9v039in56q8n21d2rak23-riscv64-unknown-linux-gnu-binutils-2.46/bin/riscv64-unknown-linux-gnu-strip OBJCOPY=/nix/store/4j2mwxqjvnyr6da0925sp0bm4jaj5r5i-riscv64-unknown-linux-gnu-gcc-wrapper-15.3.0/bin/riscv64-unknown-linux-gnu-objcopy OBJDUMP=/nix/store/4j2mwxqjvnyr6da0925sp0bm4jaj5r5i-riscv64-unknown-linux-gnu-gcc-wrapper-15.3.0/bin/riscv64-unknown-linux-gnu-objdump READELF=/nix/store/4j2mwxqjvnyr6da0925sp0bm4jaj5r5i-riscv64-unknown-linux-gnu-gcc-wrapper-15.3.0/bin/riscv64-unknown-linux-gnu-readelf HOSTCC=/nix/store/z4c6k0mrlkwl3s4w9ysxc8vq1wylm3ms-gcc-wrapper-15.3.0/bin/cc HOSTCXX=/nix/store/z4c6k0mrlkwl3s4w9ysxc8vq1wylm3ms-gcc-wrapper-15.3.0/bin/c++ HOSTAR=/nix/store/0fdc105g1896ganr8916rsjxhvr9qv5b-binutils-wrapper-2.46/bin/ar HOSTLD=/nix/store/0fdc105g1896ganr8916rsjxhvr9qv5b-binutils-wrapper-2.46/bin/ld ARCH=riscv CROSS_COMPILE=riscv64-unknown-linux-gnu- pkgconfigdir=/nix/store/5wfn6k1lm9fvbwny2qk52admhwm5q4rm-linux-riscv64-unknown-linux-gnu-7.3.0-rc5-dev/lib/pkgconfig m4datadir=/nix/store/5wfn6k1lm9fvbwny2qk52admhwm5q4rm-linux-riscv64-unknown-linux-gnu-7.3.0-rc5-dev/share/aclocal aclocaldir=/nix/store/5wfn6k1lm9fvbwny2qk52admhwm5q4rm-linux-riscv64-unknown-linux-gnu-7.3.0-rc5-dev/share/aclocal INSTALL_PATH=/nix/store/4wkhxf55y1abg1kg2xd0acsfjqr64j0h-linux-riscv64-unknown-linux-gnu-7.3.0-rc5 INSTALL_MOD_PATH=/nix/store/yj98k9wrm397hrzdrsc89fybqfddy1zf-linux-riscv64-unknown-linux-gnu-7.3.0-rc5-modules dtbs_install INSTALL_DTBS_PATH=/nix/store/4wkhxf55y1abg1kg2xd0acsfjqr64j0h-linux-riscv64-unknown-linux-gnu-7.3.0-rc5/dtbs -j16 install
  INSTALL /nix/store/4wkhxf55y1abg1kg2xd0acsfjqr64j0h-linux-riscv64-unknown-linux-gnu-7.3.0-rc5
  INSTALL /nix/store/4wkhxf55y1abg1kg2xd0acsfjqr64j0h-linux-riscv64-unknown-linux-gnu-7.3.0-rc5/dtbs/allwinner/sun20i-d1-clockworkpi-v3.14.dtb
  INSTALL /nix/store/4wkhxf55y1abg1kg2xd0acsfjqr64j0h-linux-riscv64-unknown-linux-gnu-7.3.0-rc5/dtbs/allwinner/sun20i-d1-devterm-v3.14.dtb
  INSTALL /nix/store/4wkhxf55y1abg1kg2xd0acsfjqr64j0h-linux-riscv64-unknown-linux-gnu-7.3.0-rc5/dtbs/allwinner/sun20i-d1-dongshan-nezha-stu.dtb
  INSTALL /nix/store/4wkhxf55y1abg1kg2xd0acsfjqr64j0h-linux-riscv64-unknown-linux-gnu-7.3.0-rc5/dtbs/allwinner/sun20i-d1-lichee-rv-86-panel-480p.dtb
  INSTALL /nix/store/4wkhxf55y1abg1kg2xd0acsfjqr64j0h-linux-riscv64-unknown-linux-gnu-7.3.0-rc5/dtbs/allwinner/sun20i-d1-lichee-rv-86-panel-720p.dtb
  INSTALL /nix/store/4wkhxf55y1abg1kg2xd0acsfjqr64j0h-linux-riscv64-unknown-linux-gnu-7.3.0-rc5/dtbs/allwinner/sun20i-d1-lichee-rv-dock.dtb
  INSTALL /nix/store/4wkhxf55y1abg1kg2xd0acsfjqr64j0h-linux-riscv64-unknown-linux-gnu-7.3.0-rc5/dtbs/allwinner/sun20i-d1-lichee-rv.dtb
  INSTALL /nix/store/4wkhxf55y1abg1kg2xd0acsfjqr64j0h-linux-riscv64-unknown-linux-gnu-7.3.0-rc5/dtbs/allwinner/sun20i-d1-mangopi-mq-pro.dtb
  INSTALL /nix/store/4wkhxf55y1abg1kg2xd0acsfjqr64j0h-linux-riscv64-unknown-linux-gnu-7.3.0-rc5/dtbs/allwinner/sun20i-d1-nezha.dtb
  INSTALL /nix/store/4wkhxf55y1abg1kg2xd0acsfjqr64j0h-linux-riscv64-unknown-linux-gnu-7.3.0-rc5/dtbs/allwinner/sun20i-d1s-mangopi-mq.dtb
  INSTALL /nix/store/4wkhxf55y1abg1kg2xd0acsfjqr64j0h-linux-riscv64-unknown-linux-gnu-7.3.0-rc5/dtbs/andes/qilai-voyager.dtb
  INSTALL /nix/store/4wkhxf55y1abg1kg2xd0acsfjqr64j0h-linux-riscv64-unknown-linux-gnu-7.3.0-rc5/dtbs/anlogic/dr1v90-mlkpai-fs01.dtb
  INSTALL /nix/store/4wkhxf55y1abg1kg2xd0acsfjqr64j0h-linux-riscv64-unknown-linux-gnu-7.3.0-rc5/dtbs/canaan/canaan_kd233.dtb
  INSTALL /nix/store/4wkhxf55y1abg1kg2xd0acsfjqr64j0h-linux-riscv64-unknown-linux-gnu-7.3.0-rc5/dtbs/canaan/k210_generic.dtb
  INSTALL /nix/store/4wkhxf55y1abg1kg2xd0acsfjqr64j0h-linux-riscv64-unknown-linux-gnu-7.3.0-rc5/dtbs/canaan/k230-canmv.dtb
  INSTALL /nix/store/4wkhxf55y1abg1kg2xd0acsfjqr64j0h-linux-riscv64-unknown-linux-gnu-7.3.0-rc5/dtbs/canaan/k230-evb.dtb
  INSTALL /nix/store/4wkhxf55y1abg1kg2xd0acsfjqr64j0h-linux-riscv64-unknown-linux-gnu-7.3.0-rc5/dtbs/canaan/sipeed_maix_bit.dtb
'arch/riscv/boot/Image' -> '/nix/store/4wkhxf55y1abg1kg2xd0acsfjqr64j0h-linux-riscv64-unknown-linux-gnu-7.3.0-rc5/Image'
  INSTALL /nix/store/4wkhxf55y1abg1kg2xd0acsfjqr64j0h-linux-riscv64-unknown-linux-gnu-7.3.0-rc5/dtbs/canaan/sipeed_maix_dock.dtb
  INSTALL /nix/store/4wkhxf55y1abg1kg2xd0acsfjqr64j0h-linux-riscv64-unknown-linux-gnu-7.3.0-rc5/dtbs/canaan/sipeed_maix_go.dtb
  INSTALL /nix/store/4wkhxf55y1abg1kg2xd0acsfjqr64j0h-linux-riscv64-unknown-linux-gnu-7.3.0-rc5/dtbs/canaan/sipeed_maixduino.dtb
'System.map' -> '/nix/store/4wkhxf55y1abg1kg2xd0acsfjqr64j0h-linux-riscv64-unknown-linux-gnu-7.3.0-rc5/System.map'
  INSTALL /nix/store/4wkhxf55y1abg1kg2xd0acsfjqr64j0h-linux-riscv64-unknown-linux-gnu-7.3.0-rc5/dtbs/eswin/eic7700-hifive-premier-p550.dtb
  INSTALL /nix/store/4wkhxf55y1abg1kg2xd0acsfjqr64j0h-linux-riscv64-unknown-linux-gnu-7.3.0-rc5/dtbs/microchip/mpfs-beaglev-fire.dtb
  INSTALL /nix/store/4wkhxf55y1abg1kg2xd0acsfjqr64j0h-linux-riscv64-unknown-linux-gnu-7.3.0-rc5/dtbs/microchip/mpfs-disco-kit.dtb
  INSTALL /nix/store/4wkhxf55y1abg1kg2xd0acsfjqr64j0h-linux-riscv64-unknown-linux-gnu-7.3.0-rc5/dtbs/microchip/mpfs-icicle-kit.dtb
  INSTALL /nix/store/4wkhxf55y1abg1kg2xd0acsfjqr64j0h-linux-riscv64-unknown-linux-gnu-7.3.0-rc5/dtbs/microchip/mpfs-icicle-kit-prod.dtb
  INSTALL /nix/store/4wkhxf55y1abg1kg2xd0acsfjqr64j0h-linux-riscv64-unknown-linux-gnu-7.3.0-rc5/dtbs/microchip/mpfs-m100pfsevp.dtb
  INSTALL /nix/store/4wkhxf55y1abg1kg2xd0acsfjqr64j0h-linux-riscv64-unknown-linux-gnu-7.3.0-rc5/dtbs/microchip/mpfs-polarberry.dtb
  INSTALL /nix/store/4wkhxf55y1abg1kg2xd0acsfjqr64j0h-linux-riscv64-unknown-linux-gnu-7.3.0-rc5/dtbs/microchip/mpfs-sev-kit.dtb
  INSTALL /nix/store/4wkhxf55y1abg1kg2xd0acsfjqr64j0h-linux-riscv64-unknown-linux-gnu-7.3.0-rc5/dtbs/microchip/mpfs-tysom-m.dtb
  INSTALL /nix/store/4wkhxf55y1abg1kg2xd0acsfjqr64j0h-linux-riscv64-unknown-linux-gnu-7.3.0-rc5/dtbs/microchip/pic64gx-curiosity-kit.dtb
  INSTALL /nix/store/4wkhxf55y1abg1kg2xd0acsfjqr64j0h-linux-riscv64-unknown-linux-gnu-7.3.0-rc5/dtbs/sifive/hifive-unleashed-a00.dtb
  INSTALL /nix/store/4wkhxf55y1abg1kg2xd0acsfjqr64j0h-linux-riscv64-unknown-linux-gnu-7.3.0-rc5/dtbs/sifive/hifive-unmatched-a00.dtb
  INSTALL /nix/store/4wkhxf55y1abg1kg2xd0acsfjqr64j0h-linux-riscv64-unknown-linux-gnu-7.3.0-rc5/dtbs/sophgo/cv1800b-milkv-duo.dtb
  INSTALL /nix/store/4wkhxf55y1abg1kg2xd0acsfjqr64j0h-linux-riscv64-unknown-linux-gnu-7.3.0-rc5/dtbs/sophgo/cv1812h-huashan-pi.dtb
  INSTALL /nix/store/4wkhxf55y1abg1kg2xd0acsfjqr64j0h-linux-riscv64-unknown-linux-gnu-7.3.0-rc5/dtbs/sophgo/sg2000-milkv-duo-s.dtb
  INSTALL /nix/store/4wkhxf55y1abg1kg2xd0acsfjqr64j0h-linux-riscv64-unknown-linux-gnu-7.3.0-rc5/dtbs/sophgo/sg2002-licheerv-nano-b.dtb
  INSTALL /nix/store/4wkhxf55y1abg1kg2xd0acsfjqr64j0h-linux-riscv64-unknown-linux-gnu-7.3.0-rc5/dtbs/sophgo/sg2002-milkv-duo256m.dtb
  INSTALL /nix/store/4wkhxf55y1abg1kg2xd0acsfjqr64j0h-linux-riscv64-unknown-linux-gnu-7.3.0-rc5/dtbs/sophgo/sg2042-milkv-pioneer.dtb
  INSTALL /nix/store/4wkhxf55y1abg1kg2xd0acsfjqr64j0h-linux-riscv64-unknown-linux-gnu-7.3.0-rc5/dtbs/sophgo/sg2042-evb-v1.dtb
  INSTALL /nix/store/4wkhxf55y1abg1kg2xd0acsfjqr64j0h-linux-riscv64-unknown-linux-gnu-7.3.0-rc5/dtbs/sophgo/sg2042-evb-v2.dtb
  INSTALL /nix/store/4wkhxf55y1abg1kg2xd0acsfjqr64j0h-linux-riscv64-unknown-linux-gnu-7.3.0-rc5/dtbs/sophgo/sg2044-sophgo-srd3-10.dtb
  INSTALL /nix/store/4wkhxf55y1abg1kg2xd0acsfjqr64j0h-linux-riscv64-unknown-linux-gnu-7.3.0-rc5/dtbs/spacemit/k1-bananapi-cm6-io.dtb
  INSTALL /nix/store/4wkhxf55y1abg1kg2xd0acsfjqr64j0h-linux-riscv64-unknown-linux-gnu-7.3.0-rc5/dtbs/spacemit/k1-bananapi-f3.dtb
  INSTALL /nix/store/4wkhxf55y1abg1kg2xd0acsfjqr64j0h-linux-riscv64-unknown-linux-gnu-7.3.0-rc5/dtbs/spacemit/k1-milkv-jupiter.dtb
  INSTALL /nix/store/4wkhxf55y1abg1kg2xd0acsfjqr64j0h-linux-riscv64-unknown-linux-gnu-7.3.0-rc5/dtbs/spacemit/k1-musepi-pro.dtb
  INSTALL /nix/store/4wkhxf55y1abg1kg2xd0acsfjqr64j0h-linux-riscv64-unknown-linux-gnu-7.3.0-rc5/dtbs/spacemit/k1-orangepi-r2s.dtb
  INSTALL /nix/store/4wkhxf55y1abg1kg2xd0acsfjqr64j0h-linux-riscv64-unknown-linux-gnu-7.3.0-rc5/dtbs/spacemit/k1-orangepi-rv2.dtb
  INSTALL /nix/store/4wkhxf55y1abg1kg2xd0acsfjqr64j0h-linux-riscv64-unknown-linux-gnu-7.3.0-rc5/dtbs/spacemit/k3-com260-ifx.dtb
  INSTALL /nix/store/4wkhxf55y1abg1kg2xd0acsfjqr64j0h-linux-riscv64-unknown-linux-gnu-7.3.0-rc5/dtbs/spacemit/k3-deepcomputing-fml13v05.dtb
  INSTALL /nix/store/4wkhxf55y1abg1kg2xd0acsfjqr64j0h-linux-riscv64-unknown-linux-gnu-7.3.0-rc5/dtbs/spacemit/k3-pico-itx.dtb
  INSTALL /nix/store/4wkhxf55y1abg1kg2xd0acsfjqr64j0h-linux-riscv64-unknown-linux-gnu-7.3.0-rc5/dtbs/starfive/jh7100-beaglev-starlight.dtb
  INSTALL /nix/store/4wkhxf55y1abg1kg2xd0acsfjqr64j0h-linux-riscv64-unknown-linux-gnu-7.3.0-rc5/dtbs/starfive/jh7100-starfive-visionfive-v1.dtb
  INSTALL /nix/store/4wkhxf55y1abg1kg2xd0acsfjqr64j0h-linux-riscv64-unknown-linux-gnu-7.3.0-rc5/dtbs/starfive/jh7110-deepcomputing-fml13v01.dtb
  INSTALL /nix/store/4wkhxf55y1abg1kg2xd0acsfjqr64j0h-linux-riscv64-unknown-linux-gnu-7.3.0-rc5/dtbs/starfive/jh7110-milkv-mars.dtb
  INSTALL /nix/store/4wkhxf55y1abg1kg2xd0acsfjqr64j0h-linux-riscv64-unknown-linux-gnu-7.3.0-rc5/dtbs/starfive/jh7110-milkv-marscm-emmc.dtb
  INSTALL /nix/store/4wkhxf55y1abg1kg2xd0acsfjqr64j0h-linux-riscv64-unknown-linux-gnu-7.3.0-rc5/dtbs/starfive/jh7110-milkv-marscm-lite.dtb
  INSTALL /nix/store/4wkhxf55y1abg1kg2xd0acsfjqr64j0h-linux-riscv64-unknown-linux-gnu-7.3.0-rc5/dtbs/starfive/jh7110-orangepi-rv.dtb
  INSTALL /nix/store/4wkhxf55y1abg1kg2xd0acsfjqr64j0h-linux-riscv64-unknown-linux-gnu-7.3.0-rc5/dtbs/starfive/jh7110-pine64-star64.dtb
  INSTALL /nix/store/4wkhxf55y1abg1kg2xd0acsfjqr64j0h-linux-riscv64-unknown-linux-gnu-7.3.0-rc5/dtbs/starfive/jh7110-starfive-visionfive-2-lite.dtb
  INSTALL /nix/store/4wkhxf55y1abg1kg2xd0acsfjqr64j0h-linux-riscv64-unknown-linux-gnu-7.3.0-rc5/dtbs/starfive/jh7110-starfive-visionfive-2-lite-emmc.dtb
  INSTALL /nix/store/4wkhxf55y1abg1kg2xd0acsfjqr64j0h-linux-riscv64-unknown-linux-gnu-7.3.0-rc5/dtbs/starfive/jh7110-starfive-visionfive-2-v1.2a.dtb
  INSTALL /nix/store/4wkhxf55y1abg1kg2xd0acsfjqr64j0h-linux-riscv64-unknown-linux-gnu-7.3.0-rc5/dtbs/starfive/jh7110-starfive-visionfive-2-v1.3b.dtb
  INSTALL /nix/store/4wkhxf55y1abg1kg2xd0acsfjqr64j0h-linux-riscv64-unknown-linux-gnu-7.3.0-rc5/dtbs/tenstorrent/blackhole-card.dtb
  INSTALL /nix/store/4wkhxf55y1abg1kg2xd0acsfjqr64j0h-linux-riscv64-unknown-linux-gnu-7.3.0-rc5/dtbs/thead/th1520-lichee-pi-4a.dtb
  INSTALL /nix/store/4wkhxf55y1abg1kg2xd0acsfjqr64j0h-linux-riscv64-unknown-linux-gnu-7.3.0-rc5/dtbs/thead/th1520-beaglev-ahead.dtb
  SYMLINK /nix/store/yj98k9wrm397hrzdrsc89fybqfddy1zf-linux-riscv64-unknown-linux-gnu-7.3.0-rc5-modules/lib/modules/7.3.0-rc5/build
  INSTALL /nix/store/yj98k9wrm397hrzdrsc89fybqfddy1zf-linux-riscv64-unknown-linux-gnu-7.3.0-rc5-modules/lib/modules/7.3.0-rc5/modules.order
  INSTALL /nix/store/yj98k9wrm397hrzdrsc89fybqfddy1zf-linux-riscv64-unknown-linux-gnu-7.3.0-rc5-modules/lib/modules/7.3.0-rc5/modules.builtin
  INSTALL /nix/store/yj98k9wrm397hrzdrsc89fybqfddy1zf-linux-riscv64-unknown-linux-gnu-7.3.0-rc5-modules/lib/modules/7.3.0-rc5/modules.builtin.modinfo
  INSTALL /nix/store/yj98k9wrm397hrzdrsc89fybqfddy1zf-linux-riscv64-unknown-linux-gnu-7.3.0-rc5-modules/lib/modules/7.3.0-rc5/kernel/arch/riscv/kvm/kvm.ko
  INSTALL /nix/store/yj98k9wrm397hrzdrsc89fybqfddy1zf-linux-riscv64-unknown-linux-gnu-7.3.0-rc5-modules/lib/modules/7.3.0-rc5/kernel/fs/nfs_common/nfs_acl.ko
  INSTALL /nix/store/yj98k9wrm397hrzdrsc89fybqfddy1zf-linux-riscv64-unknown-linux-gnu-7.3.0-rc5-modules/lib/modules/7.3.0-rc5/kernel/fs/nfs_common/grace.ko
  INSTALL /nix/store/yj98k9wrm397hrzdrsc89fybqfddy1zf-linux-riscv64-unknown-linux-gnu-7.3.0-rc5-modules/lib/modules/7.3.0-rc5/kernel/fs/nls/nls_cp437.ko
  INSTALL /nix/store/yj98k9wrm397hrzdrsc89fybqfddy1zf-linux-riscv64-unknown-linux-gnu-7.3.0-rc5-modules/lib/modules/7.3.0-rc5/kernel/fs/nls/nls_iso8859-1.ko
  INSTALL /nix/store/yj98k9wrm397hrzdrsc89fybqfddy1zf-linux-riscv64-unknown-linux-gnu-7.3.0-rc5-modules/lib/modules/7.3.0-rc5/kernel/fs/nls/nls_utf8.ko
  INSTALL /nix/store/yj98k9wrm397hrzdrsc89fybqfddy1zf-linux-riscv64-unknown-linux-gnu-7.3.0-rc5-modules/lib/modules/7.3.0-rc5/kernel/fs/configfs/configfs.ko
  STRIP   /nix/store/yj98k9wrm397hrzdrsc89fybqfddy1zf-linux-riscv64-unknown-linux-gnu-7.3.0-rc5-modules/lib/modules/7.3.0-rc5/kernel/fs/nfs_common/grace.ko
  STRIP   /nix/store/yj98k9wrm397hrzdrsc89fybqfddy1zf-linux-riscv64-unknown-linux-gnu-7.3.0-rc5-modules/lib/modules/7.3.0-rc5/kernel/fs/nfs_common/nfs_acl.ko
  STRIP   /nix/store/yj98k9wrm397hrzdrsc89fybqfddy1zf-linux-riscv64-unknown-linux-gnu-7.3.0-rc5-modules/lib/modules/7.3.0-rc5/kernel/fs/nls/nls_cp437.ko
  INSTALL /nix/store/yj98k9wrm397hrzdrsc89fybqfddy1zf-linux-riscv64-unknown-linux-gnu-7.3.0-rc5-modules/lib/modules/7.3.0-rc5/kernel/fs/isofs/isofs.ko
  STRIP   /nix/store/yj98k9wrm397hrzdrsc89fybqfddy1zf-linux-riscv64-unknown-linux-gnu-7.3.0-rc5-modules/lib/modules/7.3.0-rc5/kernel/fs/nls/nls_iso8859-1.ko
  INSTALL /nix/store/yj98k9wrm397hrzdrsc89fybqfddy1zf-linux-riscv64-unknown-linux-gnu-7.3.0-rc5-modules/lib/modules/7.3.0-rc5/kernel/fs/nfs/nfs.ko
  STRIP   /nix/store/yj98k9wrm397hrzdrsc89fybqfddy1zf-linux-riscv64-unknown-linux-gnu-7.3.0-rc5-modules/lib/modules/7.3.0-rc5/kernel/fs/nls/nls_utf8.ko
  INSTALL /nix/store/yj98k9wrm397hrzdrsc89fybqfddy1zf-linux-riscv64-unknown-linux-gnu-7.3.0-rc5-modules/lib/modules/7.3.0-rc5/kernel/fs/nfs/nfsv3.ko
  INSTALL /nix/store/yj98k9wrm397hrzdrsc89fybqfddy1zf-linux-riscv64-unknown-linux-gnu-7.3.0-rc5-modules/lib/modules/7.3.0-rc5/kernel/fs/nfs/nfsv4.ko
  INSTALL /nix/store/yj98k9wrm397hrzdrsc89fybqfddy1zf-linux-riscv64-unknown-linux-gnu-7.3.0-rc5-modules/lib/modules/7.3.0-rc5/kernel/fs/nfs/filelayout/nfs_layout_nfsv41_files.ko
  INSTALL /nix/store/yj98k9wrm397hrzdrsc89fybqfddy1zf-linux-riscv64-unknown-linux-gnu-7.3.0-rc5-modules/lib/modules/7.3.0-rc5/kernel/fs/nfs/blocklayout/blocklayoutdriver.ko
  INSTALL /nix/store/yj98k9wrm397hrzdrsc89fybqfddy1zf-linux-riscv64-unknown-linux-gnu-7.3.0-rc5-modules/lib/modules/7.3.0-rc5/kernel/fs/nfs/flexfilelayout/nfs_layout_flexfiles.ko
  STRIP   /nix/store/yj98k9wrm397hrzdrsc89fybqfddy1zf-linux-riscv64-unknown-linux-gnu-7.3.0-rc5-modules/lib/modules/7.3.0-rc5/kernel/fs/configfs/configfs.ko
  INSTALL /nix/store/yj98k9wrm397hrzdrsc89fybqfddy1zf-linux-riscv64-unknown-linux-gnu-7.3.0-rc5-modules/lib/modules/7.3.0-rc5/kernel/fs/lockd/lockd.ko
  INSTALL /nix/store/yj98k9wrm397hrzdrsc89fybqfddy1zf-linux-riscv64-unknown-linux-gnu-7.3.0-rc5-modules/lib/modules/7.3.0-rc5/kernel/fs/overlayfs/overlay.ko
  STRIP   /nix/store/yj98k9wrm397hrzdrsc89fybqfddy1zf-linux-riscv64-unknown-linux-gnu-7.3.0-rc5-modules/lib/modules/7.3.0-rc5/kernel/fs/isofs/isofs.ko
  INSTALL /nix/store/yj98k9wrm397hrzdrsc89fybqfddy1zf-linux-riscv64-unknown-linux-gnu-7.3.0-rc5-modules/lib/modules/7.3.0-rc5/kernel/fs/udf/udf.ko
  STRIP   /nix/store/yj98k9wrm397hrzdrsc89fybqfddy1zf-linux-riscv64-unknown-linux-gnu-7.3.0-rc5-modules/lib/modules/7.3.0-rc5/kernel/fs/nfs/filelayout/nfs_layout_nfsv41_files.ko
  INSTALL /nix/store/yj98k9wrm397hrzdrsc89fybqfddy1zf-linux-riscv64-unknown-linux-gnu-7.3.0-rc5-modules/lib/modules/7.3.0-rc5/kernel/fs/btrfs/btrfs.ko
  STRIP   /nix/store/yj98k9wrm397hrzdrsc89fybqfddy1zf-linux-riscv64-unknown-linux-gnu-7.3.0-rc5-modules/lib/modules/7.3.0-rc5/kernel/fs/nfs/nfsv3.ko
  INSTALL /nix/store/yj98k9wrm397hrzdrsc89fybqfddy1zf-linux-riscv64-unknown-linux-gnu-7.3.0-rc5-modules/lib/modules/7.3.0-rc5/kernel/fs/f2fs/f2fs.ko
  INSTALL /nix/store/yj98k9wrm397hrzdrsc89fybqfddy1zf-linux-riscv64-unknown-linux-gnu-7.3.0-rc5-modules/lib/modules/7.3.0-rc5/kernel/fs/efivarfs/efivarfs.ko
  STRIP   /nix/store/yj98k9wrm397hrzdrsc89fybqfddy1zf-linux-riscv64-unknown-linux-gnu-7.3.0-rc5-modules/lib/modules/7.3.0-rc5/kernel/fs/nfs/blocklayout/blocklayoutdriver.ko
  STRIP   /nix/store/yj98k9wrm397hrzdrsc89fybqfddy1zf-linux-riscv64-unknown-linux-gnu-7.3.0-rc5-modules/lib/modules/7.3.0-rc5/kernel/fs/nfs/flexfilelayout/nfs_layout_flexfiles.ko
  INSTALL /nix/store/yj98k9wrm397hrzdrsc89fybqfddy1zf-linux-riscv64-unknown-linux-gnu-7.3.0-rc5-modules/lib/modules/7.3.0-rc5/kernel/crypto/crypto_engine.ko
  STRIP   /nix/store/yj98k9wrm397hrzdrsc89fybqfddy1zf-linux-riscv64-unknown-linux-gnu-7.3.0-rc5-modules/lib/modules/7.3.0-rc5/kernel/arch/riscv/kvm/kvm.ko
  STRIP   /nix/store/yj98k9wrm397hrzdrsc89fybqfddy1zf-linux-riscv64-unknown-linux-gnu-7.3.0-rc5-modules/lib/modules/7.3.0-rc5/kernel/fs/efivarfs/efivarfs.ko
  STRIP   /nix/store/yj98k9wrm397hrzdrsc89fybqfddy1zf-linux-riscv64-unknown-linux-gnu-7.3.0-rc5-modules/lib/modules/7.3.0-rc5/kernel/crypto/crypto_engine.ko
  STRIP   /nix/store/yj98k9wrm397hrzdrsc89fybqfddy1zf-linux-riscv64-unknown-linux-gnu-7.3.0-rc5-modules/lib/modules/7.3.0-rc5/kernel/fs/overlayfs/overlay.ko
  STRIP   /nix/store/yj98k9wrm397hrzdrsc89fybqfddy1zf-linux-riscv64-unknown-linux-gnu-7.3.0-rc5-modules/lib/modules/7.3.0-rc5/kernel/fs/udf/udf.ko
  INSTALL /nix/store/yj98k9wrm397hrzdrsc89fybqfddy1zf-linux-riscv64-unknown-linux-gnu-7.3.0-rc5-modules/lib/modules/7.3.0-rc5/kernel/crypto/geniv.ko
  STRIP   /nix/store/yj98k9wrm397hrzdrsc89fybqfddy1zf-linux-riscv64-unknown-linux-gnu-7.3.0-rc5-modules/lib/modules/7.3.0-rc5/kernel/fs/lockd/lockd.ko
  INSTALL /nix/store/yj98k9wrm397hrzdrsc89fybqfddy1zf-linux-riscv64-unknown-linux-gnu-7.3.0-rc5-modules/lib/modules/7.3.0-rc5/kernel/crypto/seqiv.ko
  INSTALL /nix/store/yj98k9wrm397hrzdrsc89fybqfddy1zf-linux-riscv64-unknown-linux-gnu-7.3.0-rc5-modules/lib/modules/7.3.0-rc5/kernel/crypto/echainiv.ko
  INSTALL /nix/store/yj98k9wrm397hrzdrsc89fybqfddy1zf-linux-riscv64-unknown-linux-gnu-7.3.0-rc5-modules/lib/modules/7.3.0-rc5/kernel/crypto/sha512.ko
  STRIP   /nix/store/yj98k9wrm397hrzdrsc89fybqfddy1zf-linux-riscv64-unknown-linux-gnu-7.3.0-rc5-modules/lib/modules/7.3.0-rc5/kernel/crypto/geniv.ko
  INSTALL /nix/store/yj98k9wrm397hrzdrsc89fybqfddy1zf-linux-riscv64-unknown-linux-gnu-7.3.0-rc5-modules/lib/modules/7.3.0-rc5/kernel/crypto/cmac.ko
  STRIP   /nix/store/yj98k9wrm397hrzdrsc89fybqfddy1zf-linux-riscv64-unknown-linux-gnu-7.3.0-rc5-modules/lib/modules/7.3.0-rc5/kernel/crypto/echainiv.ko
  INSTALL /nix/store/yj98k9wrm397hrzdrsc89fybqfddy1zf-linux-riscv64-unknown-linux-gnu-7.3.0-rc5-modules/lib/modules/7.3.0-rc5/kernel/crypto/ctr.ko
  STRIP   /nix/store/yj98k9wrm397hrzdrsc89fybqfddy1zf-linux-riscv64-unknown-linux-gnu-7.3.0-rc5-modules/lib/modules/7.3.0-rc5/kernel/crypto/seqiv.ko
  STRIP   /nix/store/yj98k9wrm397hrzdrsc89fybqfddy1zf-linux-riscv64-unknown-linux-gnu-7.3.0-rc5-modules/lib/modules/7.3.0-rc5/kernel/crypto/sha512.ko
  INSTALL /nix/store/yj98k9wrm397hrzdrsc89fybqfddy1zf-linux-riscv64-unknown-linux-gnu-7.3.0-rc5-modules/lib/modules/7.3.0-rc5/kernel/crypto/gcm.ko
  STRIP   /nix/store/yj98k9wrm397hrzdrsc89fybqfddy1zf-linux-riscv64-unknown-linux-gnu-7.3.0-rc5-modules/lib/modules/7.3.0-rc5/kernel/fs/nfs/nfs.ko
  STRIP   /nix/store/yj98k9wrm397hrzdrsc89fybqfddy1zf-linux-riscv64-unknown-linux-gnu-7.3.0-rc5-modules/lib/modules/7.3.0-rc5/kernel/crypto/cmac.ko
  STRIP   /nix/store/yj98k9wrm397hrzdrsc89fybqfddy1zf-linux-riscv64-unknown-linux-gnu-7.3.0-rc5-modules/lib/modules/7.3.0-rc5/kernel/crypto/ctr.ko
  INSTALL /nix/store/yj98k9wrm397hrzdrsc89fybqfddy1zf-linux-riscv64-unknown-linux-gnu-7.3.0-rc5-modules/lib/modules/7.3.0-rc5/kernel/crypto/camellia_generic.ko
  STRIP   /nix/store/yj98k9wrm397hrzdrsc89fybqfddy1zf-linux-riscv64-unknown-linux-gnu-7.3.0-rc5-modules/lib/modules/7.3.0-rc5/kernel/crypto/gcm.ko
  INSTALL /nix/store/yj98k9wrm397hrzdrsc89fybqfddy1zf-linux-riscv64-unknown-linux-gnu-7.3.0-rc5-modules/lib/modules/7.3.0-rc5/kernel/crypto/authenc.ko
  INSTALL /nix/store/yj98k9wrm397hrzdrsc89fybqfddy1zf-linux-riscv64-unknown-linux-gnu-7.3.0-rc5-modules/lib/modules/7.3.0-rc5/kernel/crypto/authencesn.ko
  INSTALL /nix/store/yj98k9wrm397hrzdrsc89fybqfddy1zf-linux-riscv64-unknown-linux-gnu-7.3.0-rc5-modules/lib/modules/7.3.0-rc5/kernel/crypto/krb5enc.ko
  STRIP   /nix/store/yj98k9wrm397hrzdrsc89fybqfddy1zf-linux-riscv64-unknown-linux-gnu-7.3.0-rc5-modules/lib/modules/7.3.0-rc5/kernel/crypto/camellia_generic.ko
  STRIP   /nix/store/yj98k9wrm397hrzdrsc89fybqfddy1zf-linux-riscv64-unknown-linux-gnu-7.3.0-rc5-modules/lib/modules/7.3.0-rc5/kernel/fs/nfs/nfsv4.ko
  INSTALL /nix/store/yj98k9wrm397hrzdrsc89fybqfddy1zf-linux-riscv64-unknown-linux-gnu-7.3.0-rc5-modules/lib/modules/7.3.0-rc5/kernel/crypto/af_alg.ko
  INSTALL /nix/store/yj98k9wrm397hrzdrsc89fybqfddy1zf-linux-riscv64-unknown-linux-gnu-7.3.0-rc5-modules/lib/modules/7.3.0-rc5/kernel/crypto/algif_hash.ko
  STRIP   /nix/store/yj98k9wrm397hrzdrsc89fybqfddy1zf-linux-riscv64-unknown-linux-gnu-7.3.0-rc5-modules/lib/modules/7.3.0-rc5/kernel/crypto/authencesn.ko
  STRIP   /nix/store/yj98k9wrm397hrzdrsc89fybqfddy1zf-linux-riscv64-unknown-linux-gnu-7.3.0-rc5-modules/lib/modules/7.3.0-rc5/kernel/crypto/authenc.ko
  INSTALL /nix/store/yj98k9wrm397hrzdrsc89fybqfddy1zf-linux-riscv64-unknown-linux-gnu-7.3.0-rc5-modules/lib/modules/7.3.0-rc5/kernel/crypto/krb5/krb5.ko
  STRIP   /nix/store/yj98k9wrm397hrzdrsc89fybqfddy1zf-linux-riscv64-unknown-linux-gnu-7.3.0-rc5-modules/lib/modules/7.3.0-rc5/kernel/crypto/krb5enc.ko
  INSTALL /nix/store/yj98k9wrm397hrzdrsc89fybqfddy1zf-linux-riscv64-unknown-linux-gnu-7.3.0-rc5-modules/lib/modules/7.3.0-rc5/kernel/block/bfq.ko
  STRIP   /nix/store/yj98k9wrm397hrzdrsc89fybqfddy1zf-linux-riscv64-unknown-linux-gnu-7.3.0-rc5-modules/lib/modules/7.3.0-rc5/kernel/crypto/algif_hash.ko
  STRIP   /nix/store/yj98k9wrm397hrzdrsc89fybqfddy1zf-linux-riscv64-unknown-linux-gnu-7.3.0-rc5-modules/lib/modules/7.3.0-rc5/kernel/crypto/af_alg.ko
  STRIP   /nix/store/yj98k9wrm397hrzdrsc89fybqfddy1zf-linux-riscv64-unknown-linux-gnu-7.3.0-rc5-modules/lib/modules/7.3.0-rc5/kernel/crypto/krb5/krb5.ko
  STRIP   /nix/store/yj98k9wrm397hrzdrsc89fybqfddy1zf-linux-riscv64-unknown-linux-gnu-7.3.0-rc5-modules/lib/modules/7.3.0-rc5/kernel/fs/f2fs/f2fs.ko
  INSTALL /nix/store/yj98k9wrm397hrzdrsc89fybqfddy1zf-linux-riscv64-unknown-linux-gnu-7.3.0-rc5-modules/lib/modules/7.3.0-rc5/kernel/lib/crc/crc-ccitt.ko
  STRIP   /nix/store/yj98k9wrm397hrzdrsc89fybqfddy1zf-linux-riscv64-unknown-linux-gnu-7.3.0-rc5-modules/lib/modules/7.3.0-rc5/kernel/block/bfq.ko
  INSTALL /nix/store/yj98k9wrm397hrzdrsc89fybqfddy1zf-linux-riscv64-unknown-linux-gnu-7.3.0-rc5-modules/lib/modules/7.3.0-rc5/kernel/lib/crypto/libblake2b.ko
  INSTALL /nix/store/yj98k9wrm397hrzdrsc89fybqfddy1zf-linux-riscv64-unknown-linux-gnu-7.3.0-rc5-modules/lib/modules/7.3.0-rc5/kernel/lib/raid/xor/xor.ko
  STRIP   /nix/store/yj98k9wrm397hrzdrsc89fybqfddy1zf-linux-riscv64-unknown-linux-gnu-7.3.0-rc5-modules/lib/modules/7.3.0-rc5/kernel/lib/crc/crc-ccitt.ko
  INSTALL /nix/store/yj98k9wrm397hrzdrsc89fybqfddy1zf-linux-riscv64-unknown-linux-gnu-7.3.0-rc5-modules/lib/modules/7.3.0-rc5/kernel/lib/raid/raid6/raid6_pq.ko
  STRIP   /nix/store/yj98k9wrm397hrzdrsc89fybqfddy1zf-linux-riscv64-unknown-linux-gnu-7.3.0-rc5-modules/lib/modules/7.3.0-rc5/kernel/lib/crypto/libblake2b.ko
  INSTALL /nix/store/yj98k9wrm397hrzdrsc89fybqfddy1zf-linux-riscv64-unknown-linux-gnu-7.3.0-rc5-modules/lib/modules/7.3.0-rc5/kernel/lib/lzo/lzo_compress.ko
  STRIP   /nix/store/yj98k9wrm397hrzdrsc89fybqfddy1zf-linux-riscv64-unknown-linux-gnu-7.3.0-rc5-modules/lib/modules/7.3.0-rc5/kernel/lib/raid/xor/xor.ko
  STRIP   /nix/store/yj98k9wrm397hrzdrsc89fybqfddy1zf-linux-riscv64-unknown-linux-gnu-7.3.0-rc5-modules/lib/modules/7.3.0-rc5/kernel/lib/lzo/lzo_compress.ko
  INSTALL /nix/store/yj98k9wrm397hrzdrsc89fybqfddy1zf-linux-riscv64-unknown-linux-gnu-7.3.0-rc5-modules/lib/modules/7.3.0-rc5/kernel/lib/lz4/lz4_compress.ko
  STRIP   /nix/store/yj98k9wrm397hrzdrsc89fybqfddy1zf-linux-riscv64-unknown-linux-gnu-7.3.0-rc5-modules/lib/modules/7.3.0-rc5/kernel/lib/raid/raid6/raid6_pq.ko
  INSTALL /nix/store/yj98k9wrm397hrzdrsc89fybqfddy1zf-linux-riscv64-unknown-linux-gnu-7.3.0-rc5-modules/lib/modules/7.3.0-rc5/kernel/lib/lz4/lz4hc_compress.ko
  INSTALL /nix/store/yj98k9wrm397hrzdrsc89fybqfddy1zf-linux-riscv64-unknown-linux-gnu-7.3.0-rc5-modules/lib/modules/7.3.0-rc5/kernel/lib/842/842_compress.ko
  INSTALL /nix/store/yj98k9wrm397hrzdrsc89fybqfddy1zf-linux-riscv64-unknown-linux-gnu-7.3.0-rc5-modules/lib/modules/7.3.0-rc5/kernel/lib/842/842_decompress.ko
  INSTALL /nix/store/yj98k9wrm397hrzdrsc89fybqfddy1zf-linux-riscv64-unknown-linux-gnu-7.3.0-rc5-modules/lib/modules/7.3.0-rc5/kernel/drivers/phy/allwinner/phy-sun4i-usb.ko
  INSTALL /nix/store/yj98k9wrm397hrzdrsc89fybqfddy1zf-linux-riscv64-unknown-linux-gnu-7.3.0-rc5-modules/lib/modules/7.3.0-rc5/kernel/drivers/phy/allwinner/phy-sun6i-mipi-dphy.ko
  STRIP   /nix/store/yj98k9wrm397hrzdrsc89fybqfddy1zf-linux-riscv64-unknown-linux-gnu-7.3.0-rc5-modules/lib/modules/7.3.0-rc5/kernel/lib/lz4/lz4_compress.ko
  STRIP   /nix/store/yj98k9wrm397hrzdrsc89fybqfddy1zf-linux-riscv64-unknown-linux-gnu-7.3.0-rc5-modules/lib/modules/7.3.0-rc5/kernel/lib/lz4/lz4hc_compress.ko
  STRIP   /nix/store/yj98k9wrm397hrzdrsc89fybqfddy1zf-linux-riscv64-unknown-linux-gnu-7.3.0-rc5-modules/lib/modules/7.3.0-rc5/kernel/lib/842/842_compress.ko
  STRIP   /nix/store/yj98k9wrm397hrzdrsc89fybqfddy1zf-linux-riscv64-unknown-linux-gnu-7.3.0-rc5-modules/lib/modules/7.3.0-rc5/kernel/lib/842/842_decompress.ko
  STRIP   /nix/store/yj98k9wrm397hrzdrsc89fybqfddy1zf-linux-riscv64-unknown-linux-gnu-7.3.0-rc5-modules/lib/modules/7.3.0-rc5/kernel/drivers/phy/allwinner/phy-sun4i-usb.ko
  STRIP   /nix/store/yj98k9wrm397hrzdrsc89fybqfddy1zf-linux-riscv64-unknown-linux-gnu-7.3.0-rc5-modules/lib/modules/7.3.0-rc5/kernel/drivers/phy/allwinner/phy-sun6i-mipi-dphy.ko
  INSTALL /nix/store/yj98k9wrm397hrzdrsc89fybqfddy1zf-linux-riscv64-unknown-linux-gnu-7.3.0-rc5-modules/lib/modules/7.3.0-rc5/kernel/drivers/phy/starfive/phy-jh7110-dphy-rx.ko
  INSTALL /nix/store/yj98k9wrm397hrzdrsc89fybqfddy1zf-linux-riscv64-unknown-linux-gnu-7.3.0-rc5-modules/lib/modules/7.3.0-rc5/kernel/drivers/phy/starfive/phy-jh7110-pcie.ko
  INSTALL /nix/store/yj98k9wrm397hrzdrsc89fybqfddy1zf-linux-riscv64-unknown-linux-gnu-7.3.0-rc5-modules/lib/modules/7.3.0-rc5/kernel/drivers/phy/starfive/phy-jh7110-usb.ko
  INSTALL /nix/store/yj98k9wrm397hrzdrsc89fybqfddy1zf-linux-riscv64-unknown-linux-gnu-7.3.0-rc5-modules/lib/modules/7.3.0-rc5/kernel/drivers/gpio/gpio-pca953x.ko
  INSTALL /nix/store/yj98k9wrm397hrzdrsc89fybqfddy1zf-linux-riscv64-unknown-linux-gnu-7.3.0-rc5-modules/lib/modules/7.3.0-rc5/kernel/drivers/pwm/pwm-pxa.ko
  STRIP   /nix/store/yj98k9wrm397hrzdrsc89fybqfddy1zf-linux-riscv64-unknown-linux-gnu-7.3.0-rc5-modules/lib/modules/7.3.0-rc5/kernel/drivers/phy/starfive/phy-jh7110-dphy-rx.ko
  STRIP   /nix/store/yj98k9wrm397hrzdrsc89fybqfddy1zf-linux-riscv64-unknown-linux-gnu-7.3.0-rc5-modules/lib/modules/7.3.0-rc5/kernel/drivers/phy/starfive/phy-jh7110-pcie.ko
  STRIP   /nix/store/yj98k9wrm397hrzdrsc89fybqfddy1zf-linux-riscv64-unknown-linux-gnu-7.3.0-rc5-modules/lib/modules/7.3.0-rc5/kernel/drivers/phy/starfive/phy-jh7110-usb.ko
  INSTALL /nix/store/yj98k9wrm397hrzdrsc89fybqfddy1zf-linux-riscv64-unknown-linux-gnu-7.3.0-rc5-modules/lib/modules/7.3.0-rc5/kernel/drivers/pci/controller/plda/pcie-starfive.ko
  STRIP   /nix/store/yj98k9wrm397hrzdrsc89fybqfddy1zf-linux-riscv64-unknown-linux-gnu-7.3.0-rc5-modules/lib/modules/7.3.0-rc5/kernel/drivers/pwm/pwm-pxa.ko
  INSTALL /nix/store/yj98k9wrm397hrzdrsc89fybqfddy1zf-linux-riscv64-unknown-linux-gnu-7.3.0-rc5-modules/lib/modules/7.3.0-rc5/kernel/drivers/acpi/video.ko
  INSTALL /nix/store/yj98k9wrm397hrzdrsc89fybqfddy1zf-linux-riscv64-unknown-linux-gnu-7.3.0-rc5-modules/lib/modules/7.3.0-rc5/kernel/drivers/clk/starfive/clk-starfive-jh7100-audio.ko
  STRIP   /nix/store/yj98k9wrm397hrzdrsc89fybqfddy1zf-linux-riscv64-unknown-linux-gnu-7.3.0-rc5-modules/lib/modules/7.3.0-rc5/kernel/drivers/gpio/gpio-pca953x.ko
  INSTALL /nix/store/yj98k9wrm397hrzdrsc89fybqfddy1zf-linux-riscv64-unknown-linux-gnu-7.3.0-rc5-modules/lib/modules/7.3.0-rc5/kernel/drivers/clk/starfive/clk-starfive-jh7110-aon.ko
  INSTALL /nix/store/yj98k9wrm397hrzdrsc89fybqfddy1zf-linux-riscv64-unknown-linux-gnu-7.3.0-rc5-modules/lib/modules/7.3.0-rc5/kernel/drivers/clk/starfive/clk-starfive-jh7110-stg.ko
  STRIP   /nix/store/yj98k9wrm397hrzdrsc89fybqfddy1zf-linux-riscv64-unknown-linux-gnu-7.3.0-rc5-modules/lib/modules/7.3.0-rc5/kernel/fs/btrfs/btrfs.ko
  STRIP   /nix/store/yj98k9wrm397hrzdrsc89fybqfddy1zf-linux-riscv64-unknown-linux-gnu-7.3.0-rc5-modules/lib/modules/7.3.0-rc5/kernel/drivers/pci/controller/plda/pcie-starfive.ko
  INSTALL /nix/store/yj98k9wrm397hrzdrsc89fybqfddy1zf-linux-riscv64-unknown-linux-gnu-7.3.0-rc5-modules/lib/modules/7.3.0-rc5/kernel/drivers/clk/starfive/clk-starfive-jh7110-isp.ko
  INSTALL /nix/store/yj98k9wrm397hrzdrsc89fybqfddy1zf-linux-riscv64-unknown-linux-gnu-7.3.0-rc5-modules/lib/modules/7.3.0-rc5/kernel/drivers/clk/starfive/clk-starfive-jh7110-vout.ko
  STRIP   /nix/store/yj98k9wrm397hrzdrsc89fybqfddy1zf-linux-riscv64-unknown-linux-gnu-7.3.0-rc5-modules/lib/modules/7.3.0-rc5/kernel/drivers/clk/starfive/clk-starfive-jh7100-audio.ko
  STRIP   /nix/store/yj98k9wrm397hrzdrsc89fybqfddy1zf-linux-riscv64-unknown-linux-gnu-7.3.0-rc5-modules/lib/modules/7.3.0-rc5/kernel/drivers/clk/starfive/clk-starfive-jh7110-aon.ko
  INSTALL /nix/store/yj98k9wrm397hrzdrsc89fybqfddy1zf-linux-riscv64-unknown-linux-gnu-7.3.0-rc5-modules/lib/modules/7.3.0-rc5/kernel/drivers/clk/sunxi-ng/sun8i-de2-ccu.ko
  STRIP   /nix/store/yj98k9wrm397hrzdrsc89fybqfddy1zf-linux-riscv64-unknown-linux-gnu-7.3.0-rc5-modules/lib/modules/7.3.0-rc5/kernel/drivers/acpi/video.ko
  STRIP   /nix/store/yj98k9wrm397hrzdrsc89fybqfddy1zf-linux-riscv64-unknown-linux-gnu-7.3.0-rc5-modules/lib/modules/7.3.0-rc5/kernel/drivers/clk/starfive/clk-starfive-jh7110-stg.ko
  INSTALL /nix/store/yj98k9wrm397hrzdrsc89fybqfddy1zf-linux-riscv64-unknown-linux-gnu-7.3.0-rc5-modules/lib/modules/7.3.0-rc5/kernel/drivers/dma/sun6i-dma.ko
  STRIP   /nix/store/yj98k9wrm397hrzdrsc89fybqfddy1zf-linux-riscv64-unknown-linux-gnu-7.3.0-rc5-modules/lib/modules/7.3.0-rc5/kernel/drivers/clk/starfive/clk-starfive-jh7110-isp.ko
  INSTALL /nix/store/yj98k9wrm397hrzdrsc89fybqfddy1zf-linux-riscv64-unknown-linux-gnu-7.3.0-rc5-modules/lib/modules/7.3.0-rc5/kernel/drivers/dma/mmp_pdma.ko
  STRIP   /nix/store/yj98k9wrm397hrzdrsc89fybqfddy1zf-linux-riscv64-unknown-linux-gnu-7.3.0-rc5-modules/lib/modules/7.3.0-rc5/kernel/drivers/clk/starfive/clk-starfive-jh7110-vout.ko
  STRIP   /nix/store/yj98k9wrm397hrzdrsc89fybqfddy1zf-linux-riscv64-unknown-linux-gnu-7.3.0-rc5-modules/lib/modules/7.3.0-rc5/kernel/drivers/clk/sunxi-ng/sun8i-de2-ccu.ko
  INSTALL /nix/store/yj98k9wrm397hrzdrsc89fybqfddy1zf-linux-riscv64-unknown-linux-gnu-7.3.0-rc5-modules/lib/modules/7.3.0-rc5/kernel/drivers/virtio/virtio_dma_buf.ko
  STRIP   /nix/store/yj98k9wrm397hrzdrsc89fybqfddy1zf-linux-riscv64-unknown-linux-gnu-7.3.0-rc5-modules/lib/modules/7.3.0-rc5/kernel/drivers/dma/sun6i-dma.ko
  STRIP   /nix/store/yj98k9wrm397hrzdrsc89fybqfddy1zf-linux-riscv64-unknown-linux-gnu-7.3.0-rc5-modules/lib/modules/7.3.0-rc5/kernel/drivers/dma/mmp_pdma.ko
  INSTALL /nix/store/yj98k9wrm397hrzdrsc89fybqfddy1zf-linux-riscv64-unknown-linux-gnu-7.3.0-rc5-modules/lib/modules/7.3.0-rc5/kernel/drivers/char/hw_random/jh7110-trng.ko
  STRIP   /nix/store/yj98k9wrm397hrzdrsc89fybqfddy1zf-linux-riscv64-unknown-linux-gnu-7.3.0-rc5-modules/lib/modules/7.3.0-rc5/kernel/drivers/virtio/virtio_dma_buf.ko
  INSTALL /nix/store/yj98k9wrm397hrzdrsc89fybqfddy1zf-linux-riscv64-unknown-linux-gnu-7.3.0-rc5-modules/lib/modules/7.3.0-rc5/kernel/drivers/gpu/drm/bridge/synopsys/dw-hdmi.ko
  INSTALL /nix/store/yj98k9wrm397hrzdrsc89fybqfddy1zf-linux-riscv64-unknown-linux-gnu-7.3.0-rc5-modules/lib/modules/7.3.0-rc5/kernel/drivers/gpu/drm/drm_exec.ko
  STRIP   /nix/store/yj98k9wrm397hrzdrsc89fybqfddy1zf-linux-riscv64-unknown-linux-gnu-7.3.0-rc5-modules/lib/modules/7.3.0-rc5/kernel/drivers/char/hw_random/jh7110-trng.ko
  INSTALL /nix/store/yj98k9wrm397hrzdrsc89fybqfddy1zf-linux-riscv64-unknown-linux-gnu-7.3.0-rc5-modules/lib/modules/7.3.0-rc5/kernel/drivers/gpu/drm/drm_gpuvm.ko
  INSTALL /nix/store/yj98k9wrm397hrzdrsc89fybqfddy1zf-linux-riscv64-unknown-linux-gnu-7.3.0-rc5-modules/lib/modules/7.3.0-rc5/kernel/drivers/gpu/drm/drm_suballoc_helper.ko
  STRIP   /nix/store/yj98k9wrm397hrzdrsc89fybqfddy1zf-linux-riscv64-unknown-linux-gnu-7.3.0-rc5-modules/lib/modules/7.3.0-rc5/kernel/drivers/gpu/drm/bridge/synopsys/dw-hdmi.ko
  INSTALL /nix/store/yj98k9wrm397hrzdrsc89fybqfddy1zf-linux-riscv64-unknown-linux-gnu-7.3.0-rc5-modules/lib/modules/7.3.0-rc5/kernel/drivers/gpu/drm/drm_ttm_helper.ko
  STRIP   /nix/store/yj98k9wrm397hrzdrsc89fybqfddy1zf-linux-riscv64-unknown-linux-gnu-7.3.0-rc5-modules/lib/modules/7.3.0-rc5/kernel/drivers/gpu/drm/drm_exec.ko
  INSTALL /nix/store/yj98k9wrm397hrzdrsc89fybqfddy1zf-linux-riscv64-unknown-linux-gnu-7.3.0-rc5-modules/lib/modules/7.3.0-rc5/kernel/drivers/gpu/drm/ttm/ttm.ko
  INSTALL /nix/store/yj98k9wrm397hrzdrsc89fybqfddy1zf-linux-riscv64-unknown-linux-gnu-7.3.0-rc5-modules/lib/modules/7.3.0-rc5/kernel/drivers/gpu/drm/scheduler/gpu-sched.ko
  STRIP   /nix/store/yj98k9wrm397hrzdrsc89fybqfddy1zf-linux-riscv64-unknown-linux-gnu-7.3.0-rc5-modules/lib/modules/7.3.0-rc5/kernel/drivers/gpu/drm/drm_gpuvm.ko
  STRIP   /nix/store/yj98k9wrm397hrzdrsc89fybqfddy1zf-linux-riscv64-unknown-linux-gnu-7.3.0-rc5-modules/lib/modules/7.3.0-rc5/kernel/drivers/gpu/drm/drm_suballoc_helper.ko
  INSTALL /nix/store/yj98k9wrm397hrzdrsc89fybqfddy1zf-linux-riscv64-unknown-linux-gnu-7.3.0-rc5-modules/lib/modules/7.3.0-rc5/kernel/drivers/gpu/drm/radeon/radeon.ko
  INSTALL /nix/store/yj98k9wrm397hrzdrsc89fybqfddy1zf-linux-riscv64-unknown-linux-gnu-7.3.0-rc5-modules/lib/modules/7.3.0-rc5/kernel/drivers/gpu/drm/nouveau/ch7006.ko
  STRIP   /nix/store/yj98k9wrm397hrzdrsc89fybqfddy1zf-linux-riscv64-unknown-linux-gnu-7.3.0-rc5-modules/lib/modules/7.3.0-rc5/kernel/drivers/gpu/drm/drm_ttm_helper.ko
  INSTALL /nix/store/yj98k9wrm397hrzdrsc89fybqfddy1zf-linux-riscv64-unknown-linux-gnu-7.3.0-rc5-modules/lib/modules/7.3.0-rc5/kernel/drivers/gpu/drm/nouveau/sil164.ko
  INSTALL /nix/store/yj98k9wrm397hrzdrsc89fybqfddy1zf-linux-riscv64-unknown-linux-gnu-7.3.0-rc5-modules/lib/modules/7.3.0-rc5/kernel/drivers/gpu/drm/nouveau/nouveau.ko
  STRIP   /nix/store/yj98k9wrm397hrzdrsc89fybqfddy1zf-linux-riscv64-unknown-linux-gnu-7.3.0-rc5-modules/lib/modules/7.3.0-rc5/kernel/drivers/gpu/drm/nouveau/ch7006.ko
  STRIP   /nix/store/yj98k9wrm397hrzdrsc89fybqfddy1zf-linux-riscv64-unknown-linux-gnu-7.3.0-rc5-modules/lib/modules/7.3.0-rc5/kernel/drivers/gpu/drm/scheduler/gpu-sched.ko
  STRIP   /nix/store/yj98k9wrm397hrzdrsc89fybqfddy1zf-linux-riscv64-unknown-linux-gnu-7.3.0-rc5-modules/lib/modules/7.3.0-rc5/kernel/drivers/gpu/drm/nouveau/sil164.ko
  STRIP   /nix/store/yj98k9wrm397hrzdrsc89fybqfddy1zf-linux-riscv64-unknown-linux-gnu-7.3.0-rc5-modules/lib/modules/7.3.0-rc5/kernel/drivers/gpu/drm/ttm/ttm.ko
  INSTALL /nix/store/yj98k9wrm397hrzdrsc89fybqfddy1zf-linux-riscv64-unknown-linux-gnu-7.3.0-rc5-modules/lib/modules/7.3.0-rc5/kernel/drivers/gpu/drm/sun4i/sun4i-drm.ko
  INSTALL /nix/store/yj98k9wrm397hrzdrsc89fybqfddy1zf-linux-riscv64-unknown-linux-gnu-7.3.0-rc5-modules/lib/modules/7.3.0-rc5/kernel/drivers/gpu/drm/sun4i/sun4i-tcon.ko
  INSTALL /nix/store/yj98k9wrm397hrzdrsc89fybqfddy1zf-linux-riscv64-unknown-linux-gnu-7.3.0-rc5-modules/lib/modules/7.3.0-rc5/kernel/drivers/gpu/drm/sun4i/sun4i_tv.ko
  STRIP   /nix/store/yj98k9wrm397hrzdrsc89fybqfddy1zf-linux-riscv64-unknown-linux-gnu-7.3.0-rc5-modules/lib/modules/7.3.0-rc5/kernel/drivers/gpu/drm/sun4i/sun4i-drm.ko
  INSTALL /nix/store/yj98k9wrm397hrzdrsc89fybqfddy1zf-linux-riscv64-unknown-linux-gnu-7.3.0-rc5-modules/lib/modules/7.3.0-rc5/kernel/drivers/gpu/drm/sun4i/sun6i_drc.ko
  INSTALL /nix/store/yj98k9wrm397hrzdrsc89fybqfddy1zf-linux-riscv64-unknown-linux-gnu-7.3.0-rc5-modules/lib/modules/7.3.0-rc5/kernel/drivers/gpu/drm/sun4i/sun6i_mipi_dsi.ko
  STRIP   /nix/store/yj98k9wrm397hrzdrsc89fybqfddy1zf-linux-riscv64-unknown-linux-gnu-7.3.0-rc5-modules/lib/modules/7.3.0-rc5/kernel/drivers/gpu/drm/sun4i/sun4i-tcon.ko
  INSTALL /nix/store/yj98k9wrm397hrzdrsc89fybqfddy1zf-linux-riscv64-unknown-linux-gnu-7.3.0-rc5-modules/lib/modules/7.3.0-rc5/kernel/drivers/gpu/drm/sun4i/sun8i-drm-hdmi.ko
  INSTALL /nix/store/yj98k9wrm397hrzdrsc89fybqfddy1zf-linux-riscv64-unknown-linux-gnu-7.3.0-rc5-modules/lib/modules/7.3.0-rc5/kernel/drivers/gpu/drm/sun4i/sun8i-mixer.ko
  STRIP   /nix/store/yj98k9wrm397hrzdrsc89fybqfddy1zf-linux-riscv64-unknown-linux-gnu-7.3.0-rc5-modules/lib/modules/7.3.0-rc5/kernel/drivers/gpu/drm/sun4i/sun4i_tv.ko
  STRIP   /nix/store/yj98k9wrm397hrzdrsc89fybqfddy1zf-linux-riscv64-unknown-linux-gnu-7.3.0-rc5-modules/lib/modules/7.3.0-rc5/kernel/drivers/gpu/drm/sun4i/sun6i_drc.ko
  STRIP   /nix/store/yj98k9wrm397hrzdrsc89fybqfddy1zf-linux-riscv64-unknown-linux-gnu-7.3.0-rc5-modules/lib/modules/7.3.0-rc5/kernel/drivers/gpu/drm/sun4i/sun6i_mipi_dsi.ko
  INSTALL /nix/store/yj98k9wrm397hrzdrsc89fybqfddy1zf-linux-riscv64-unknown-linux-gnu-7.3.0-rc5-modules/lib/modules/7.3.0-rc5/kernel/drivers/gpu/drm/sun4i/sun8i_tcon_top.ko
  INSTALL /nix/store/yj98k9wrm397hrzdrsc89fybqfddy1zf-linux-riscv64-unknown-linux-gnu-7.3.0-rc5-modules/lib/modules/7.3.0-rc5/kernel/drivers/gpu/drm/virtio/virtio-gpu.ko
  STRIP   /nix/store/yj98k9wrm397hrzdrsc89fybqfddy1zf-linux-riscv64-unknown-linux-gnu-7.3.0-rc5-modules/lib/modules/7.3.0-rc5/kernel/drivers/gpu/drm/sun4i/sun8i-drm-hdmi.ko
  STRIP   /nix/store/yj98k9wrm397hrzdrsc89fybqfddy1zf-linux-riscv64-unknown-linux-gnu-7.3.0-rc5-modules/lib/modules/7.3.0-rc5/kernel/drivers/gpu/drm/sun4i/sun8i-mixer.ko
  STRIP   /nix/store/yj98k9wrm397hrzdrsc89fybqfddy1zf-linux-riscv64-unknown-linux-gnu-7.3.0-rc5-modules/lib/modules/7.3.0-rc5/kernel/drivers/gpu/drm/sun4i/sun8i_tcon_top.ko
  INSTALL /nix/store/yj98k9wrm397hrzdrsc89fybqfddy1zf-linux-riscv64-unknown-linux-gnu-7.3.0-rc5-modules/lib/modules/7.3.0-rc5/kernel/drivers/block/zram/zram.ko
  INSTALL /nix/store/yj98k9wrm397hrzdrsc89fybqfddy1zf-linux-riscv64-unknown-linux-gnu-7.3.0-rc5-modules/lib/modules/7.3.0-rc5/kernel/drivers/nvme/common/nvme-auth.ko
  INSTALL /nix/store/yj98k9wrm397hrzdrsc89fybqfddy1zf-linux-riscv64-unknown-linux-gnu-7.3.0-rc5-modules/lib/modules/7.3.0-rc5/kernel/drivers/nvme/common/nvme-keyring.ko
  INSTALL /nix/store/yj98k9wrm397hrzdrsc89fybqfddy1zf-linux-riscv64-unknown-linux-gnu-7.3.0-rc5-modules/lib/modules/7.3.0-rc5/kernel/drivers/nvme/host/nvme-core.ko
  INSTALL /nix/store/yj98k9wrm397hrzdrsc89fybqfddy1zf-linux-riscv64-unknown-linux-gnu-7.3.0-rc5-modules/lib/modules/7.3.0-rc5/kernel/drivers/nvme/host/nvme.ko
  STRIP   /nix/store/yj98k9wrm397hrzdrsc89fybqfddy1zf-linux-riscv64-unknown-linux-gnu-7.3.0-rc5-modules/lib/modules/7.3.0-rc5/kernel/drivers/gpu/drm/virtio/virtio-gpu.ko
  STRIP   /nix/store/yj98k9wrm397hrzdrsc89fybqfddy1zf-linux-riscv64-unknown-linux-gnu-7.3.0-rc5-modules/lib/modules/7.3.0-rc5/kernel/drivers/block/zram/zram.ko
  STRIP   /nix/store/yj98k9wrm397hrzdrsc89fybqfddy1zf-linux-riscv64-unknown-linux-gnu-7.3.0-rc5-modules/lib/modules/7.3.0-rc5/kernel/drivers/nvme/common/nvme-auth.ko
  STRIP   /nix/store/yj98k9wrm397hrzdrsc89fybqfddy1zf-linux-riscv64-unknown-linux-gnu-7.3.0-rc5-modules/lib/modules/7.3.0-rc5/kernel/drivers/nvme/common/nvme-keyring.ko
  INSTALL /nix/store/yj98k9wrm397hrzdrsc89fybqfddy1zf-linux-riscv64-unknown-linux-gnu-7.3.0-rc5-modules/lib/modules/7.3.0-rc5/kernel/drivers/nvme/target/nvmet.ko
  STRIP   /nix/store/yj98k9wrm397hrzdrsc89fybqfddy1zf-linux-riscv64-unknown-linux-gnu-7.3.0-rc5-modules/lib/modules/7.3.0-rc5/kernel/drivers/nvme/host/nvme.ko
  INSTALL /nix/store/yj98k9wrm397hrzdrsc89fybqfddy1zf-linux-riscv64-unknown-linux-gnu-7.3.0-rc5-modules/lib/modules/7.3.0-rc5/kernel/drivers/spi/spi-cadence-quadspi.ko
  STRIP   /nix/store/yj98k9wrm397hrzdrsc89fybqfddy1zf-linux-riscv64-unknown-linux-gnu-7.3.0-rc5-modules/lib/modules/7.3.0-rc5/kernel/drivers/nvme/host/nvme-core.ko
  INSTALL /nix/store/yj98k9wrm397hrzdrsc89fybqfddy1zf-linux-riscv64-unknown-linux-gnu-7.3.0-rc5-modules/lib/modules/7.3.0-rc5/kernel/drivers/spi/spi-fsl-qspi.ko
  INSTALL /nix/store/yj98k9wrm397hrzdrsc89fybqfddy1zf-linux-riscv64-unknown-linux-gnu-7.3.0-rc5-modules/lib/modules/7.3.0-rc5/kernel/drivers/spi/spi-spacemit-k1.ko
  INSTALL /nix/store/yj98k9wrm397hrzdrsc89fybqfddy1zf-linux-riscv64-unknown-linux-gnu-7.3.0-rc5-modules/lib/modules/7.3.0-rc5/kernel/drivers/spi/spi-pl022.ko
  INSTALL /nix/store/yj98k9wrm397hrzdrsc89fybqfddy1zf-linux-riscv64-unknown-linux-gnu-7.3.0-rc5-modules/lib/modules/7.3.0-rc5/kernel/drivers/net/mdio/mdio-mux.ko
  STRIP   /nix/store/yj98k9wrm397hrzdrsc89fybqfddy1zf-linux-riscv64-unknown-linux-gnu-7.3.0-rc5-modules/lib/modules/7.3.0-rc5/kernel/drivers/spi/spi-cadence-quadspi.ko
  STRIP   /nix/store/yj98k9wrm397hrzdrsc89fybqfddy1zf-linux-riscv64-unknown-linux-gnu-7.3.0-rc5-modules/lib/modules/7.3.0-rc5/kernel/drivers/spi/spi-fsl-qspi.ko
  INSTALL /nix/store/yj98k9wrm397hrzdrsc89fybqfddy1zf-linux-riscv64-unknown-linux-gnu-7.3.0-rc5-modules/lib/modules/7.3.0-rc5/kernel/drivers/net/pcs/pcs_xpcs.ko
  STRIP   /nix/store/yj98k9wrm397hrzdrsc89fybqfddy1zf-linux-riscv64-unknown-linux-gnu-7.3.0-rc5-modules/lib/modules/7.3.0-rc5/kernel/drivers/net/mdio/mdio-mux.ko
  STRIP   /nix/store/yj98k9wrm397hrzdrsc89fybqfddy1zf-linux-riscv64-unknown-linux-gnu-7.3.0-rc5-modules/lib/modules/7.3.0-rc5/kernel/drivers/spi/spi-pl022.ko
  STRIP   /nix/store/yj98k9wrm397hrzdrsc89fybqfddy1zf-linux-riscv64-unknown-linux-gnu-7.3.0-rc5-modules/lib/modules/7.3.0-rc5/kernel/drivers/spi/spi-spacemit-k1.ko
  STRIP   /nix/store/yj98k9wrm397hrzdrsc89fybqfddy1zf-linux-riscv64-unknown-linux-gnu-7.3.0-rc5-modules/lib/modules/7.3.0-rc5/kernel/drivers/nvme/target/nvmet.ko
  STRIP   /nix/store/yj98k9wrm397hrzdrsc89fybqfddy1zf-linux-riscv64-unknown-linux-gnu-7.3.0-rc5-modules/lib/modules/7.3.0-rc5/kernel/drivers/net/pcs/pcs_xpcs.ko
  INSTALL /nix/store/yj98k9wrm397hrzdrsc89fybqfddy1zf-linux-riscv64-unknown-linux-gnu-7.3.0-rc5-modules/lib/modules/7.3.0-rc5/kernel/drivers/net/ethernet/spacemit/k1_emac.ko
  INSTALL /nix/store/yj98k9wrm397hrzdrsc89fybqfddy1zf-linux-riscv64-unknown-linux-gnu-7.3.0-rc5-modules/lib/modules/7.3.0-rc5/kernel/drivers/net/ethernet/stmicro/stmmac/stmmac.ko
  INSTALL /nix/store/yj98k9wrm397hrzdrsc89fybqfddy1zf-linux-riscv64-unknown-linux-gnu-7.3.0-rc5-modules/lib/modules/7.3.0-rc5/kernel/drivers/net/ethernet/stmicro/stmmac/stmmac-platform.ko
  INSTALL /nix/store/yj98k9wrm397hrzdrsc89fybqfddy1zf-linux-riscv64-unknown-linux-gnu-7.3.0-rc5-modules/lib/modules/7.3.0-rc5/kernel/drivers/net/ethernet/stmicro/stmmac/dwmac-sophgo.ko
  INSTALL /nix/store/yj98k9wrm397hrzdrsc89fybqfddy1zf-linux-riscv64-unknown-linux-gnu-7.3.0-rc5-modules/lib/modules/7.3.0-rc5/kernel/drivers/net/ethernet/stmicro/stmmac/dwmac-spacemit.ko
  STRIP   /nix/store/yj98k9wrm397hrzdrsc89fybqfddy1zf-linux-riscv64-unknown-linux-gnu-7.3.0-rc5-modules/lib/modules/7.3.0-rc5/kernel/drivers/net/ethernet/spacemit/k1_emac.ko
  INSTALL /nix/store/yj98k9wrm397hrzdrsc89fybqfddy1zf-linux-riscv64-unknown-linux-gnu-7.3.0-rc5-modules/lib/modules/7.3.0-rc5/kernel/drivers/net/ethernet/stmicro/stmmac/dwmac-starfive.ko
  STRIP   /nix/store/yj98k9wrm397hrzdrsc89fybqfddy1zf-linux-riscv64-unknown-linux-gnu-7.3.0-rc5-modules/lib/modules/7.3.0-rc5/kernel/drivers/net/ethernet/stmicro/stmmac/dwmac-sophgo.ko
  STRIP   /nix/store/yj98k9wrm397hrzdrsc89fybqfddy1zf-linux-riscv64-unknown-linux-gnu-7.3.0-rc5-modules/lib/modules/7.3.0-rc5/kernel/drivers/net/ethernet/stmicro/stmmac/stmmac-platform.ko
  INSTALL /nix/store/yj98k9wrm397hrzdrsc89fybqfddy1zf-linux-riscv64-unknown-linux-gnu-7.3.0-rc5-modules/lib/modules/7.3.0-rc5/kernel/drivers/net/ethernet/stmicro/stmmac/dwmac-sunxi.ko
  INSTALL /nix/store/yj98k9wrm397hrzdrsc89fybqfddy1zf-linux-riscv64-unknown-linux-gnu-7.3.0-rc5-modules/lib/modules/7.3.0-rc5/kernel/drivers/net/ethernet/stmicro/stmmac/dwmac-sun8i.ko
  STRIP   /nix/store/yj98k9wrm397hrzdrsc89fybqfddy1zf-linux-riscv64-unknown-linux-gnu-7.3.0-rc5-modules/lib/modules/7.3.0-rc5/kernel/drivers/net/ethernet/stmicro/stmmac/dwmac-spacemit.ko
  STRIP   /nix/store/yj98k9wrm397hrzdrsc89fybqfddy1zf-linux-riscv64-unknown-linux-gnu-7.3.0-rc5-modules/lib/modules/7.3.0-rc5/kernel/drivers/net/ethernet/stmicro/stmmac/dwmac-starfive.ko
  INSTALL /nix/store/yj98k9wrm397hrzdrsc89fybqfddy1zf-linux-riscv64-unknown-linux-gnu-7.3.0-rc5-modules/lib/modules/7.3.0-rc5/kernel/drivers/net/ethernet/stmicro/stmmac/dwmac-sun55i.ko
  INSTALL /nix/store/yj98k9wrm397hrzdrsc89fybqfddy1zf-linux-riscv64-unknown-linux-gnu-7.3.0-rc5-modules/lib/modules/7.3.0-rc5/kernel/drivers/net/ethernet/stmicro/stmmac/dwmac-thead.ko
  STRIP   /nix/store/yj98k9wrm397hrzdrsc89fybqfddy1zf-linux-riscv64-unknown-linux-gnu-7.3.0-rc5-modules/lib/modules/7.3.0-rc5/kernel/drivers/net/ethernet/stmicro/stmmac/dwmac-sunxi.ko
  STRIP   /nix/store/yj98k9wrm397hrzdrsc89fybqfddy1zf-linux-riscv64-unknown-linux-gnu-7.3.0-rc5-modules/lib/modules/7.3.0-rc5/kernel/drivers/net/ethernet/stmicro/stmmac/dwmac-sun55i.ko
  INSTALL /nix/store/yj98k9wrm397hrzdrsc89fybqfddy1zf-linux-riscv64-unknown-linux-gnu-7.3.0-rc5-modules/lib/modules/7.3.0-rc5/kernel/drivers/net/ethernet/stmicro/stmmac/dwmac-generic.ko
  STRIP   /nix/store/yj98k9wrm397hrzdrsc89fybqfddy1zf-linux-riscv64-unknown-linux-gnu-7.3.0-rc5-modules/lib/modules/7.3.0-rc5/kernel/drivers/net/ethernet/stmicro/stmmac/dwmac-sun8i.ko
  STRIP   /nix/store/yj98k9wrm397hrzdrsc89fybqfddy1zf-linux-riscv64-unknown-linux-gnu-7.3.0-rc5-modules/lib/modules/7.3.0-rc5/kernel/drivers/net/ethernet/stmicro/stmmac/dwmac-thead.ko
  INSTALL /nix/store/yj98k9wrm397hrzdrsc89fybqfddy1zf-linux-riscv64-unknown-linux-gnu-7.3.0-rc5-modules/lib/modules/7.3.0-rc5/kernel/drivers/net/bonding/bonding.ko
  INSTALL /nix/store/yj98k9wrm397hrzdrsc89fybqfddy1zf-linux-riscv64-unknown-linux-gnu-7.3.0-rc5-modules/lib/modules/7.3.0-rc5/kernel/drivers/net/ipvlan/ipvlan.ko
  INSTALL /nix/store/yj98k9wrm397hrzdrsc89fybqfddy1zf-linux-riscv64-unknown-linux-gnu-7.3.0-rc5-modules/lib/modules/7.3.0-rc5/kernel/drivers/net/dummy.ko
  STRIP   /nix/store/yj98k9wrm397hrzdrsc89fybqfddy1zf-linux-riscv64-unknown-linux-gnu-7.3.0-rc5-modules/lib/modules/7.3.0-rc5/kernel/drivers/net/ethernet/stmicro/stmmac/dwmac-generic.ko
  INSTALL /nix/store/yj98k9wrm397hrzdrsc89fybqfddy1zf-linux-riscv64-unknown-linux-gnu-7.3.0-rc5-modules/lib/modules/7.3.0-rc5/kernel/drivers/net/macvlan.ko
  STRIP   /nix/store/yj98k9wrm397hrzdrsc89fybqfddy1zf-linux-riscv64-unknown-linux-gnu-7.3.0-rc5-modules/lib/modules/7.3.0-rc5/kernel/drivers/net/dummy.ko
  STRIP   /nix/store/yj98k9wrm397hrzdrsc89fybqfddy1zf-linux-riscv64-unknown-linux-gnu-7.3.0-rc5-modules/lib/modules/7.3.0-rc5/kernel/drivers/gpu/drm/radeon/radeon.ko
  STRIP   /nix/store/yj98k9wrm397hrzdrsc89fybqfddy1zf-linux-riscv64-unknown-linux-gnu-7.3.0-rc5-modules/lib/modules/7.3.0-rc5/kernel/drivers/net/ethernet/stmicro/stmmac/stmmac.ko
  INSTALL /nix/store/yj98k9wrm397hrzdrsc89fybqfddy1zf-linux-riscv64-unknown-linux-gnu-7.3.0-rc5-modules/lib/modules/7.3.0-rc5/kernel/drivers/net/mii.ko
  INSTALL /nix/store/yj98k9wrm397hrzdrsc89fybqfddy1zf-linux-riscv64-unknown-linux-gnu-7.3.0-rc5-modules/lib/modules/7.3.0-rc5/kernel/drivers/net/netconsole.ko
  STRIP   /nix/store/yj98k9wrm397hrzdrsc89fybqfddy1zf-linux-riscv64-unknown-linux-gnu-7.3.0-rc5-modules/lib/modules/7.3.0-rc5/kernel/drivers/net/ipvlan/ipvlan.ko
  STRIP   /nix/store/yj98k9wrm397hrzdrsc89fybqfddy1zf-linux-riscv64-unknown-linux-gnu-7.3.0-rc5-modules/lib/modules/7.3.0-rc5/kernel/drivers/net/macvlan.ko
  INSTALL /nix/store/yj98k9wrm397hrzdrsc89fybqfddy1zf-linux-riscv64-unknown-linux-gnu-7.3.0-rc5-modules/lib/modules/7.3.0-rc5/kernel/drivers/net/veth.ko
  STRIP   /nix/store/yj98k9wrm397hrzdrsc89fybqfddy1zf-linux-riscv64-unknown-linux-gnu-7.3.0-rc5-modules/lib/modules/7.3.0-rc5/kernel/drivers/net/mii.ko
  INSTALL /nix/store/yj98k9wrm397hrzdrsc89fybqfddy1zf-linux-riscv64-unknown-linux-gnu-7.3.0-rc5-modules/lib/modules/7.3.0-rc5/kernel/drivers/net/vxlan/vxlan.ko
  STRIP   /nix/store/yj98k9wrm397hrzdrsc89fybqfddy1zf-linux-riscv64-unknown-linux-gnu-7.3.0-rc5-modules/lib/modules/7.3.0-rc5/kernel/drivers/net/netconsole.ko
  STRIP   /nix/store/yj98k9wrm397hrzdrsc89fybqfddy1zf-linux-riscv64-unknown-linux-gnu-7.3.0-rc5-modules/lib/modules/7.3.0-rc5/kernel/drivers/net/bonding/bonding.ko
  STRIP   /nix/store/yj98k9wrm397hrzdrsc89fybqfddy1zf-linux-riscv64-unknown-linux-gnu-7.3.0-rc5-modules/lib/modules/7.3.0-rc5/kernel/drivers/net/veth.ko
  INSTALL /nix/store/yj98k9wrm397hrzdrsc89fybqfddy1zf-linux-riscv64-unknown-linux-gnu-7.3.0-rc5-modules/lib/modules/7.3.0-rc5/kernel/drivers/net/can/dev/can-dev.ko
  INSTALL /nix/store/yj98k9wrm397hrzdrsc89fybqfddy1zf-linux-riscv64-unknown-linux-gnu-7.3.0-rc5-modules/lib/modules/7.3.0-rc5/kernel/drivers/usb/phy/phy-generic.ko
  INSTALL /nix/store/yj98k9wrm397hrzdrsc89fybqfddy1zf-linux-riscv64-unknown-linux-gnu-7.3.0-rc5-modules/lib/modules/7.3.0-rc5/kernel/drivers/usb/gadget/function/usb_f_acm.ko
  STRIP   /nix/store/yj98k9wrm397hrzdrsc89fybqfddy1zf-linux-riscv64-unknown-linux-gnu-7.3.0-rc5-modules/lib/modules/7.3.0-rc5/kernel/drivers/net/can/dev/can-dev.ko
  STRIP   /nix/store/yj98k9wrm397hrzdrsc89fybqfddy1zf-linux-riscv64-unknown-linux-gnu-7.3.0-rc5-modules/lib/modules/7.3.0-rc5/kernel/drivers/usb/phy/phy-generic.ko
  INSTALL /nix/store/yj98k9wrm397hrzdrsc89fybqfddy1zf-linux-riscv64-unknown-linux-gnu-7.3.0-rc5-modules/lib/modules/7.3.0-rc5/kernel/drivers/usb/gadget/function/u_serial.ko
  STRIP   /nix/store/yj98k9wrm397hrzdrsc89fybqfddy1zf-linux-riscv64-unknown-linux-gnu-7.3.0-rc5-modules/lib/modules/7.3.0-rc5/kernel/drivers/net/vxlan/vxlan.ko
  STRIP   /nix/store/yj98k9wrm397hrzdrsc89fybqfddy1zf-linux-riscv64-unknown-linux-gnu-7.3.0-rc5-modules/lib/modules/7.3.0-rc5/kernel/drivers/usb/gadget/function/usb_f_acm.ko
  INSTALL /nix/store/yj98k9wrm397hrzdrsc89fybqfddy1zf-linux-riscv64-unknown-linux-gnu-7.3.0-rc5-modules/lib/modules/7.3.0-rc5/kernel/drivers/usb/gadget/function/usb_f_serial.ko
  STRIP   /nix/store/yj98k9wrm397hrzdrsc89fybqfddy1zf-linux-riscv64-unknown-linux-gnu-7.3.0-rc5-modules/lib/modules/7.3.0-rc5/kernel/drivers/usb/gadget/function/u_serial.ko
  INSTALL /nix/store/yj98k9wrm397hrzdrsc89fybqfddy1zf-linux-riscv64-unknown-linux-gnu-7.3.0-rc5-modules/lib/modules/7.3.0-rc5/kernel/drivers/usb/gadget/function/usb_f_obex.ko
  STRIP   /nix/store/yj98k9wrm397hrzdrsc89fybqfddy1zf-linux-riscv64-unknown-linux-gnu-7.3.0-rc5-modules/lib/modules/7.3.0-rc5/kernel/drivers/usb/gadget/function/usb_f_serial.ko
  INSTALL /nix/store/yj98k9wrm397hrzdrsc89fybqfddy1zf-linux-riscv64-unknown-linux-gnu-7.3.0-rc5-modules/lib/modules/7.3.0-rc5/kernel/drivers/usb/gadget/function/u_ether.ko
  INSTALL /nix/store/yj98k9wrm397hrzdrsc89fybqfddy1zf-linux-riscv64-unknown-linux-gnu-7.3.0-rc5-modules/lib/modules/7.3.0-rc5/kernel/drivers/usb/gadget/function/usb_f_ncm.ko
  STRIP   /nix/store/yj98k9wrm397hrzdrsc89fybqfddy1zf-linux-riscv64-unknown-linux-gnu-7.3.0-rc5-modules/lib/modules/7.3.0-rc5/kernel/drivers/usb/gadget/function/usb_f_obex.ko
  INSTALL /nix/store/yj98k9wrm397hrzdrsc89fybqfddy1zf-linux-riscv64-unknown-linux-gnu-7.3.0-rc5-modules/lib/modules/7.3.0-rc5/kernel/drivers/usb/gadget/function/usb_f_ecm.ko
  INSTALL /nix/store/yj98k9wrm397hrzdrsc89fybqfddy1zf-linux-riscv64-unknown-linux-gnu-7.3.0-rc5-modules/lib/modules/7.3.0-rc5/kernel/drivers/usb/gadget/function/usb_f_eem.ko
  STRIP   /nix/store/yj98k9wrm397hrzdrsc89fybqfddy1zf-linux-riscv64-unknown-linux-gnu-7.3.0-rc5-modules/lib/modules/7.3.0-rc5/kernel/drivers/usb/gadget/function/usb_f_ncm.ko
  STRIP   /nix/store/yj98k9wrm397hrzdrsc89fybqfddy1zf-linux-riscv64-unknown-linux-gnu-7.3.0-rc5-modules/lib/modules/7.3.0-rc5/kernel/drivers/usb/gadget/function/u_ether.ko
  INSTALL /nix/store/yj98k9wrm397hrzdrsc89fybqfddy1zf-linux-riscv64-unknown-linux-gnu-7.3.0-rc5-modules/lib/modules/7.3.0-rc5/kernel/drivers/usb/gadget/function/usb_f_ecm_subset.ko
  STRIP   /nix/store/yj98k9wrm397hrzdrsc89fybqfddy1zf-linux-riscv64-unknown-linux-gnu-7.3.0-rc5-modules/lib/modules/7.3.0-rc5/kernel/drivers/usb/gadget/function/usb_f_eem.ko
  STRIP   /nix/store/yj98k9wrm397hrzdrsc89fybqfddy1zf-linux-riscv64-unknown-linux-gnu-7.3.0-rc5-modules/lib/modules/7.3.0-rc5/kernel/drivers/usb/gadget/function/usb_f_ecm.ko
  INSTALL /nix/store/yj98k9wrm397hrzdrsc89fybqfddy1zf-linux-riscv64-unknown-linux-gnu-7.3.0-rc5-modules/lib/modules/7.3.0-rc5/kernel/drivers/usb/gadget/function/usb_f_rndis.ko
  STRIP   /nix/store/yj98k9wrm397hrzdrsc89fybqfddy1zf-linux-riscv64-unknown-linux-gnu-7.3.0-rc5-modules/lib/modules/7.3.0-rc5/kernel/drivers/usb/gadget/function/usb_f_ecm_subset.ko
  INSTALL /nix/store/yj98k9wrm397hrzdrsc89fybqfddy1zf-linux-riscv64-unknown-linux-gnu-7.3.0-rc5-modules/lib/modules/7.3.0-rc5/kernel/drivers/usb/gadget/function/usb_f_fs.ko
  STRIP   /nix/store/yj98k9wrm397hrzdrsc89fybqfddy1zf-linux-riscv64-unknown-linux-gnu-7.3.0-rc5-modules/lib/modules/7.3.0-rc5/kernel/drivers/usb/gadget/function/usb_f_rndis.ko
  INSTALL /nix/store/yj98k9wrm397hrzdrsc89fybqfddy1zf-linux-riscv64-unknown-linux-gnu-7.3.0-rc5-modules/lib/modules/7.3.0-rc5/kernel/drivers/usb/gadget/function/usb_f_mass_storage.ko
  INSTALL /nix/store/yj98k9wrm397hrzdrsc89fybqfddy1zf-linux-riscv64-unknown-linux-gnu-7.3.0-rc5-modules/lib/modules/7.3.0-rc5/kernel/drivers/usb/gadget/libcomposite.ko
  INSTALL /nix/store/yj98k9wrm397hrzdrsc89fybqfddy1zf-linux-riscv64-unknown-linux-gnu-7.3.0-rc5-modules/lib/modules/7.3.0-rc5/kernel/drivers/usb/cdns3/cdns.ko
  STRIP   /nix/store/yj98k9wrm397hrzdrsc89fybqfddy1zf-linux-riscv64-unknown-linux-gnu-7.3.0-rc5-modules/lib/modules/7.3.0-rc5/kernel/drivers/usb/gadget/function/usb_f_mass_storage.ko
  STRIP   /nix/store/yj98k9wrm397hrzdrsc89fybqfddy1zf-linux-riscv64-unknown-linux-gnu-7.3.0-rc5-modules/lib/modules/7.3.0-rc5/kernel/drivers/usb/gadget/function/usb_f_fs.ko
  INSTALL /nix/store/yj98k9wrm397hrzdrsc89fybqfddy1zf-linux-riscv64-unknown-linux-gnu-7.3.0-rc5-modules/lib/modules/7.3.0-rc5/kernel/drivers/usb/cdns3/cdns3-pci-wrap.ko
  INSTALL /nix/store/yj98k9wrm397hrzdrsc89fybqfddy1zf-linux-riscv64-unknown-linux-gnu-7.3.0-rc5-modules/lib/modules/7.3.0-rc5/kernel/drivers/usb/cdns3/cdnsp-pci.ko
  STRIP   /nix/store/yj98k9wrm397hrzdrsc89fybqfddy1zf-linux-riscv64-unknown-linux-gnu-7.3.0-rc5-modules/lib/modules/7.3.0-rc5/kernel/drivers/usb/gadget/libcomposite.ko
  INSTALL /nix/store/yj98k9wrm397hrzdrsc89fybqfddy1zf-linux-riscv64-unknown-linux-gnu-7.3.0-rc5-modules/lib/modules/7.3.0-rc5/kernel/drivers/usb/cdns3/cdns3-starfive.ko
  INSTALL /nix/store/yj98k9wrm397hrzdrsc89fybqfddy1zf-linux-riscv64-unknown-linux-gnu-7.3.0-rc5-modules/lib/modules/7.3.0-rc5/kernel/drivers/usb/musb/musb_hdrc.ko
  STRIP   /nix/store/yj98k9wrm397hrzdrsc89fybqfddy1zf-linux-riscv64-unknown-linux-gnu-7.3.0-rc5-modules/lib/modules/7.3.0-rc5/kernel/drivers/usb/cdns3/cdnsp-pci.ko
  STRIP   /nix/store/yj98k9wrm397hrzdrsc89fybqfddy1zf-linux-riscv64-unknown-linux-gnu-7.3.0-rc5-modules/lib/modules/7.3.0-rc5/kernel/drivers/usb/cdns3/cdns3-pci-wrap.ko
  STRIP   /nix/store/yj98k9wrm397hrzdrsc89fybqfddy1zf-linux-riscv64-unknown-linux-gnu-7.3.0-rc5-modules/lib/modules/7.3.0-rc5/kernel/drivers/usb/cdns3/cdns3-starfive.ko
  INSTALL /nix/store/yj98k9wrm397hrzdrsc89fybqfddy1zf-linux-riscv64-unknown-linux-gnu-7.3.0-rc5-modules/lib/modules/7.3.0-rc5/kernel/drivers/usb/musb/sunxi.ko
  INSTALL /nix/store/yj98k9wrm397hrzdrsc89fybqfddy1zf-linux-riscv64-unknown-linux-gnu-7.3.0-rc5-modules/lib/modules/7.3.0-rc5/kernel/drivers/input/keyboard/sun4i-lradc-keys.ko
  STRIP   /nix/store/yj98k9wrm397hrzdrsc89fybqfddy1zf-linux-riscv64-unknown-linux-gnu-7.3.0-rc5-modules/lib/modules/7.3.0-rc5/kernel/drivers/usb/cdns3/cdns.ko
  STRIP   /nix/store/yj98k9wrm397hrzdrsc89fybqfddy1zf-linux-riscv64-unknown-linux-gnu-7.3.0-rc5-modules/lib/modules/7.3.0-rc5/kernel/drivers/usb/musb/musb_hdrc.ko
  INSTALL /nix/store/yj98k9wrm397hrzdrsc89fybqfddy1zf-linux-riscv64-unknown-linux-gnu-7.3.0-rc5-modules/lib/modules/7.3.0-rc5/kernel/drivers/i2c/algos/i2c-algo-bit.ko
  INSTALL /nix/store/yj98k9wrm397hrzdrsc89fybqfddy1zf-linux-riscv64-unknown-linux-gnu-7.3.0-rc5-modules/lib/modules/7.3.0-rc5/kernel/drivers/i2c/busses/i2c-mv64xxx.ko
  STRIP   /nix/store/yj98k9wrm397hrzdrsc89fybqfddy1zf-linux-riscv64-unknown-linux-gnu-7.3.0-rc5-modules/lib/modules/7.3.0-rc5/kernel/drivers/usb/musb/sunxi.ko
  STRIP   /nix/store/yj98k9wrm397hrzdrsc89fybqfddy1zf-linux-riscv64-unknown-linux-gnu-7.3.0-rc5-modules/lib/modules/7.3.0-rc5/kernel/drivers/input/keyboard/sun4i-lradc-keys.ko
  INSTALL /nix/store/yj98k9wrm397hrzdrsc89fybqfddy1zf-linux-riscv64-unknown-linux-gnu-7.3.0-rc5-modules/lib/modules/7.3.0-rc5/kernel/drivers/i2c/i2c-dev.ko
  STRIP   /nix/store/yj98k9wrm397hrzdrsc89fybqfddy1zf-linux-riscv64-unknown-linux-gnu-7.3.0-rc5-modules/lib/modules/7.3.0-rc5/kernel/drivers/i2c/algos/i2c-algo-bit.ko
  STRIP   /nix/store/yj98k9wrm397hrzdrsc89fybqfddy1zf-linux-riscv64-unknown-linux-gnu-7.3.0-rc5-modules/lib/modules/7.3.0-rc5/kernel/drivers/i2c/busses/i2c-mv64xxx.ko
  INSTALL /nix/store/yj98k9wrm397hrzdrsc89fybqfddy1zf-linux-riscv64-unknown-linux-gnu-7.3.0-rc5-modules/lib/modules/7.3.0-rc5/kernel/drivers/i2c/i2c-mux.ko
  INSTALL /nix/store/yj98k9wrm397hrzdrsc89fybqfddy1zf-linux-riscv64-unknown-linux-gnu-7.3.0-rc5-modules/lib/modules/7.3.0-rc5/kernel/drivers/media/i2c/ir-kbd-i2c.ko
  INSTALL /nix/store/yj98k9wrm397hrzdrsc89fybqfddy1zf-linux-riscv64-unknown-linux-gnu-7.3.0-rc5-modules/lib/modules/7.3.0-rc5/kernel/drivers/media/tuners/mc44s803.ko
  STRIP   /nix/store/yj98k9wrm397hrzdrsc89fybqfddy1zf-linux-riscv64-unknown-linux-gnu-7.3.0-rc5-modules/lib/modules/7.3.0-rc5/kernel/drivers/i2c/i2c-dev.ko
  STRIP   /nix/store/yj98k9wrm397hrzdrsc89fybqfddy1zf-linux-riscv64-unknown-linux-gnu-7.3.0-rc5-modules/lib/modules/7.3.0-rc5/kernel/drivers/i2c/i2c-mux.ko
  INSTALL /nix/store/yj98k9wrm397hrzdrsc89fybqfddy1zf-linux-riscv64-unknown-linux-gnu-7.3.0-rc5-modules/lib/modules/7.3.0-rc5/kernel/drivers/media/tuners/mt20xx.ko
  INSTALL /nix/store/yj98k9wrm397hrzdrsc89fybqfddy1zf-linux-riscv64-unknown-linux-gnu-7.3.0-rc5-modules/lib/modules/7.3.0-rc5/kernel/drivers/media/tuners/tuner-simple.ko
  STRIP   /nix/store/yj98k9wrm397hrzdrsc89fybqfddy1zf-linux-riscv64-unknown-linux-gnu-7.3.0-rc5-modules/lib/modules/7.3.0-rc5/kernel/drivers/media/i2c/ir-kbd-i2c.ko
  STRIP   /nix/store/yj98k9wrm397hrzdrsc89fybqfddy1zf-linux-riscv64-unknown-linux-gnu-7.3.0-rc5-modules/lib/modules/7.3.0-rc5/kernel/drivers/media/tuners/mc44s803.ko
  INSTALL /nix/store/yj98k9wrm397hrzdrsc89fybqfddy1zf-linux-riscv64-unknown-linux-gnu-7.3.0-rc5-modules/lib/modules/7.3.0-rc5/kernel/drivers/media/tuners/tuner-types.ko
  INSTALL /nix/store/yj98k9wrm397hrzdrsc89fybqfddy1zf-linux-riscv64-unknown-linux-gnu-7.3.0-rc5-modules/lib/modules/7.3.0-rc5/kernel/drivers/media/tuners/tda18271.ko
  STRIP   /nix/store/yj98k9wrm397hrzdrsc89fybqfddy1zf-linux-riscv64-unknown-linux-gnu-7.3.0-rc5-modules/lib/modules/7.3.0-rc5/kernel/drivers/media/tuners/mt20xx.ko
  STRIP   /nix/store/yj98k9wrm397hrzdrsc89fybqfddy1zf-linux-riscv64-unknown-linux-gnu-7.3.0-rc5-modules/lib/modules/7.3.0-rc5/kernel/drivers/media/tuners/tuner-simple.ko
  INSTALL /nix/store/yj98k9wrm397hrzdrsc89fybqfddy1zf-linux-riscv64-unknown-linux-gnu-7.3.0-rc5-modules/lib/modules/7.3.0-rc5/kernel/drivers/media/tuners/tda827x.ko
  STRIP   /nix/store/yj98k9wrm397hrzdrsc89fybqfddy1zf-linux-riscv64-unknown-linux-gnu-7.3.0-rc5-modules/lib/modules/7.3.0-rc5/kernel/drivers/media/tuners/tuner-types.ko
  INSTALL /nix/store/yj98k9wrm397hrzdrsc89fybqfddy1zf-linux-riscv64-unknown-linux-gnu-7.3.0-rc5-modules/lib/modules/7.3.0-rc5/kernel/drivers/media/tuners/tda8290.ko
  STRIP   /nix/store/yj98k9wrm397hrzdrsc89fybqfddy1zf-linux-riscv64-unknown-linux-gnu-7.3.0-rc5-modules/lib/modules/7.3.0-rc5/kernel/drivers/media/tuners/tda18271.ko
  INSTALL /nix/store/yj98k9wrm397hrzdrsc89fybqfddy1zf-linux-riscv64-unknown-linux-gnu-7.3.0-rc5-modules/lib/modules/7.3.0-rc5/kernel/drivers/media/tuners/tda9887.ko
  STRIP   /nix/store/yj98k9wrm397hrzdrsc89fybqfddy1zf-linux-riscv64-unknown-linux-gnu-7.3.0-rc5-modules/lib/modules/7.3.0-rc5/kernel/drivers/media/tuners/tda827x.ko
  INSTALL /nix/store/yj98k9wrm397hrzdrsc89fybqfddy1zf-linux-riscv64-unknown-linux-gnu-7.3.0-rc5-modules/lib/modules/7.3.0-rc5/kernel/drivers/media/tuners/xc2028.ko
  STRIP   /nix/store/yj98k9wrm397hrzdrsc89fybqfddy1zf-linux-riscv64-unknown-linux-gnu-7.3.0-rc5-modules/lib/modules/7.3.0-rc5/kernel/drivers/media/tuners/tda8290.ko
  INSTALL /nix/store/yj98k9wrm397hrzdrsc89fybqfddy1zf-linux-riscv64-unknown-linux-gnu-7.3.0-rc5-modules/lib/modules/7.3.0-rc5/kernel/drivers/media/tuners/xc4000.ko
  STRIP   /nix/store/yj98k9wrm397hrzdrsc89fybqfddy1zf-linux-riscv64-unknown-linux-gnu-7.3.0-rc5-modules/lib/modules/7.3.0-rc5/kernel/drivers/media/tuners/tda9887.ko
  STRIP   /nix/store/yj98k9wrm397hrzdrsc89fybqfddy1zf-linux-riscv64-unknown-linux-gnu-7.3.0-rc5-modules/lib/modules/7.3.0-rc5/kernel/drivers/media/tuners/xc2028.ko
  INSTALL /nix/store/yj98k9wrm397hrzdrsc89fybqfddy1zf-linux-riscv64-unknown-linux-gnu-7.3.0-rc5-modules/lib/modules/7.3.0-rc5/kernel/drivers/media/tuners/xc5000.ko
  INSTALL /nix/store/yj98k9wrm397hrzdrsc89fybqfddy1zf-linux-riscv64-unknown-linux-gnu-7.3.0-rc5-modules/lib/modules/7.3.0-rc5/kernel/drivers/media/platform/cadence/cdns-csi2rx.ko
  INSTALL /nix/store/yj98k9wrm397hrzdrsc89fybqfddy1zf-linux-riscv64-unknown-linux-gnu-7.3.0-rc5-modules/lib/modules/7.3.0-rc5/kernel/drivers/media/mc/mc.ko
  STRIP   /nix/store/yj98k9wrm397hrzdrsc89fybqfddy1zf-linux-riscv64-unknown-linux-gnu-7.3.0-rc5-modules/lib/modules/7.3.0-rc5/kernel/drivers/media/tuners/xc4000.ko
  INSTALL /nix/store/yj98k9wrm397hrzdrsc89fybqfddy1zf-linux-riscv64-unknown-linux-gnu-7.3.0-rc5-modules/lib/modules/7.3.0-rc5/kernel/drivers/media/v4l2-core/v4l2-async.ko
  STRIP   /nix/store/yj98k9wrm397hrzdrsc89fybqfddy1zf-linux-riscv64-unknown-linux-gnu-7.3.0-rc5-modules/lib/modules/7.3.0-rc5/kernel/drivers/media/tuners/xc5000.ko
  INSTALL /nix/store/yj98k9wrm397hrzdrsc89fybqfddy1zf-linux-riscv64-unknown-linux-gnu-7.3.0-rc5-modules/lib/modules/7.3.0-rc5/kernel/drivers/media/v4l2-core/v4l2-fwnode.ko
  INSTALL /nix/store/yj98k9wrm397hrzdrsc89fybqfddy1zf-linux-riscv64-unknown-linux-gnu-7.3.0-rc5-modules/lib/modules/7.3.0-rc5/kernel/drivers/media/v4l2-core/v4l2-dv-timings.ko
  STRIP   /nix/store/yj98k9wrm397hrzdrsc89fybqfddy1zf-linux-riscv64-unknown-linux-gnu-7.3.0-rc5-modules/lib/modules/7.3.0-rc5/kernel/drivers/media/platform/cadence/cdns-csi2rx.ko
  INSTALL /nix/store/yj98k9wrm397hrzdrsc89fybqfddy1zf-linux-riscv64-unknown-linux-gnu-7.3.0-rc5-modules/lib/modules/7.3.0-rc5/kernel/drivers/media/v4l2-core/videodev.ko
  STRIP   /nix/store/yj98k9wrm397hrzdrsc89fybqfddy1zf-linux-riscv64-unknown-linux-gnu-7.3.0-rc5-modules/lib/modules/7.3.0-rc5/kernel/drivers/media/v4l2-core/v4l2-async.ko
  STRIP   /nix/store/yj98k9wrm397hrzdrsc89fybqfddy1zf-linux-riscv64-unknown-linux-gnu-7.3.0-rc5-modules/lib/modules/7.3.0-rc5/kernel/drivers/media/mc/mc.ko
  INSTALL /nix/store/yj98k9wrm397hrzdrsc89fybqfddy1zf-linux-riscv64-unknown-linux-gnu-7.3.0-rc5-modules/lib/modules/7.3.0-rc5/kernel/drivers/media/dvb-core/dvb-core.ko
  STRIP   /nix/store/yj98k9wrm397hrzdrsc89fybqfddy1zf-linux-riscv64-unknown-linux-gnu-7.3.0-rc5-modules/lib/modules/7.3.0-rc5/kernel/drivers/media/v4l2-core/v4l2-fwnode.ko
  STRIP   /nix/store/yj98k9wrm397hrzdrsc89fybqfddy1zf-linux-riscv64-unknown-linux-gnu-7.3.0-rc5-modules/lib/modules/7.3.0-rc5/kernel/drivers/media/v4l2-core/v4l2-dv-timings.ko
  INSTALL /nix/store/yj98k9wrm397hrzdrsc89fybqfddy1zf-linux-riscv64-unknown-linux-gnu-7.3.0-rc5-modules/lib/modules/7.3.0-rc5/kernel/drivers/hwmon/sfctemp.ko
  INSTALL /nix/store/yj98k9wrm397hrzdrsc89fybqfddy1zf-linux-riscv64-unknown-linux-gnu-7.3.0-rc5-modules/lib/modules/7.3.0-rc5/kernel/drivers/md/dm-mod.ko
  INSTALL /nix/store/yj98k9wrm397hrzdrsc89fybqfddy1zf-linux-riscv64-unknown-linux-gnu-7.3.0-rc5-modules/lib/modules/7.3.0-rc5/kernel/drivers/md/dm-bufio.ko
  INSTALL /nix/store/yj98k9wrm397hrzdrsc89fybqfddy1zf-linux-riscv64-unknown-linux-gnu-7.3.0-rc5-modules/lib/modules/7.3.0-rc5/kernel/drivers/md/dm-bio-prison.ko
  STRIP   /nix/store/yj98k9wrm397hrzdrsc89fybqfddy1zf-linux-riscv64-unknown-linux-gnu-7.3.0-rc5-modules/lib/modules/7.3.0-rc5/kernel/drivers/hwmon/sfctemp.ko
  INSTALL /nix/store/yj98k9wrm397hrzdrsc89fybqfddy1zf-linux-riscv64-unknown-linux-gnu-7.3.0-rc5-modules/lib/modules/7.3.0-rc5/kernel/drivers/md/persistent-data/dm-persistent-data.ko
  INSTALL /nix/store/yj98k9wrm397hrzdrsc89fybqfddy1zf-linux-riscv64-unknown-linux-gnu-7.3.0-rc5-modules/lib/modules/7.3.0-rc5/kernel/drivers/md/dm-thin-pool.ko
  STRIP   /nix/store/yj98k9wrm397hrzdrsc89fybqfddy1zf-linux-riscv64-unknown-linux-gnu-7.3.0-rc5-modules/lib/modules/7.3.0-rc5/kernel/drivers/media/v4l2-core/videodev.ko
  INSTALL /nix/store/yj98k9wrm397hrzdrsc89fybqfddy1zf-linux-riscv64-unknown-linux-gnu-7.3.0-rc5-modules/lib/modules/7.3.0-rc5/kernel/drivers/cpufreq/cpufreq_powersave.ko
  STRIP   /nix/store/yj98k9wrm397hrzdrsc89fybqfddy1zf-linux-riscv64-unknown-linux-gnu-7.3.0-rc5-modules/lib/modules/7.3.0-rc5/kernel/drivers/media/dvb-core/dvb-core.ko
  STRIP   /nix/store/yj98k9wrm397hrzdrsc89fybqfddy1zf-linux-riscv64-unknown-linux-gnu-7.3.0-rc5-modules/lib/modules/7.3.0-rc5/kernel/drivers/md/dm-bio-prison.ko
  STRIP   /nix/store/yj98k9wrm397hrzdrsc89fybqfddy1zf-linux-riscv64-unknown-linux-gnu-7.3.0-rc5-modules/lib/modules/7.3.0-rc5/kernel/drivers/md/dm-bufio.ko
  STRIP   /nix/store/yj98k9wrm397hrzdrsc89fybqfddy1zf-linux-riscv64-unknown-linux-gnu-7.3.0-rc5-modules/lib/modules/7.3.0-rc5/kernel/drivers/cpufreq/cpufreq_powersave.ko
  INSTALL /nix/store/yj98k9wrm397hrzdrsc89fybqfddy1zf-linux-riscv64-unknown-linux-gnu-7.3.0-rc5-modules/lib/modules/7.3.0-rc5/kernel/drivers/cpufreq/cpufreq_conservative.ko
  STRIP   /nix/store/yj98k9wrm397hrzdrsc89fybqfddy1zf-linux-riscv64-unknown-linux-gnu-7.3.0-rc5-modules/lib/modules/7.3.0-rc5/kernel/drivers/md/dm-thin-pool.ko
  STRIP   /nix/store/yj98k9wrm397hrzdrsc89fybqfddy1zf-linux-riscv64-unknown-linux-gnu-7.3.0-rc5-modules/lib/modules/7.3.0-rc5/kernel/drivers/md/persistent-data/dm-persistent-data.ko
  STRIP   /nix/store/yj98k9wrm397hrzdrsc89fybqfddy1zf-linux-riscv64-unknown-linux-gnu-7.3.0-rc5-modules/lib/modules/7.3.0-rc5/kernel/drivers/md/dm-mod.ko
  INSTALL /nix/store/yj98k9wrm397hrzdrsc89fybqfddy1zf-linux-riscv64-unknown-linux-gnu-7.3.0-rc5-modules/lib/modules/7.3.0-rc5/kernel/drivers/cpufreq/cppc_cpufreq.ko
  STRIP   /nix/store/yj98k9wrm397hrzdrsc89fybqfddy1zf-linux-riscv64-unknown-linux-gnu-7.3.0-rc5-modules/lib/modules/7.3.0-rc5/kernel/drivers/cpufreq/cpufreq_conservative.ko
  INSTALL /nix/store/yj98k9wrm397hrzdrsc89fybqfddy1zf-linux-riscv64-unknown-linux-gnu-7.3.0-rc5-modules/lib/modules/7.3.0-rc5/kernel/drivers/crypto/virtio/virtio_crypto.ko
  INSTALL /nix/store/yj98k9wrm397hrzdrsc89fybqfddy1zf-linux-riscv64-unknown-linux-gnu-7.3.0-rc5-modules/lib/modules/7.3.0-rc5/kernel/drivers/infiniband/core/ib_core.ko
  INSTALL /nix/store/yj98k9wrm397hrzdrsc89fybqfddy1zf-linux-riscv64-unknown-linux-gnu-7.3.0-rc5-modules/lib/modules/7.3.0-rc5/kernel/drivers/infiniband/core/ib_cm.ko
  STRIP   /nix/store/yj98k9wrm397hrzdrsc89fybqfddy1zf-linux-riscv64-unknown-linux-gnu-7.3.0-rc5-modules/lib/modules/7.3.0-rc5/kernel/drivers/cpufreq/cppc_cpufreq.ko
  INSTALL /nix/store/yj98k9wrm397hrzdrsc89fybqfddy1zf-linux-riscv64-unknown-linux-gnu-7.3.0-rc5-modules/lib/modules/7.3.0-rc5/kernel/drivers/infiniband/core/iw_cm.ko
  STRIP   /nix/store/yj98k9wrm397hrzdrsc89fybqfddy1zf-linux-riscv64-unknown-linux-gnu-7.3.0-rc5-modules/lib/modules/7.3.0-rc5/kernel/drivers/crypto/virtio/virtio_crypto.ko
  INSTALL /nix/store/yj98k9wrm397hrzdrsc89fybqfddy1zf-linux-riscv64-unknown-linux-gnu-7.3.0-rc5-modules/lib/modules/7.3.0-rc5/kernel/drivers/infiniband/core/rdma_cm.ko
  STRIP   /nix/store/yj98k9wrm397hrzdrsc89fybqfddy1zf-linux-riscv64-unknown-linux-gnu-7.3.0-rc5-modules/lib/modules/7.3.0-rc5/kernel/drivers/infiniband/core/ib_cm.ko
  STRIP   /nix/store/yj98k9wrm397hrzdrsc89fybqfddy1zf-linux-riscv64-unknown-linux-gnu-7.3.0-rc5-modules/lib/modules/7.3.0-rc5/kernel/drivers/infiniband/core/iw_cm.ko
  INSTALL /nix/store/yj98k9wrm397hrzdrsc89fybqfddy1zf-linux-riscv64-unknown-linux-gnu-7.3.0-rc5-modules/lib/modules/7.3.0-rc5/kernel/drivers/infiniband/ulp/ipoib/ib_ipoib.ko
  INSTALL /nix/store/yj98k9wrm397hrzdrsc89fybqfddy1zf-linux-riscv64-unknown-linux-gnu-7.3.0-rc5-modules/lib/modules/7.3.0-rc5/kernel/sound/soc/codecs/snd-soc-spdif-rx.ko
  INSTALL /nix/store/yj98k9wrm397hrzdrsc89fybqfddy1zf-linux-riscv64-unknown-linux-gnu-7.3.0-rc5-modules/lib/modules/7.3.0-rc5/kernel/sound/soc/codecs/snd-soc-spdif-tx.ko
  INSTALL /nix/store/yj98k9wrm397hrzdrsc89fybqfddy1zf-linux-riscv64-unknown-linux-gnu-7.3.0-rc5-modules/lib/modules/7.3.0-rc5/kernel/sound/soc/codecs/snd-soc-wm8978.ko
  STRIP   /nix/store/yj98k9wrm397hrzdrsc89fybqfddy1zf-linux-riscv64-unknown-linux-gnu-7.3.0-rc5-modules/lib/modules/7.3.0-rc5/kernel/sound/soc/codecs/snd-soc-spdif-rx.ko
  STRIP   /nix/store/yj98k9wrm397hrzdrsc89fybqfddy1zf-linux-riscv64-unknown-linux-gnu-7.3.0-rc5-modules/lib/modules/7.3.0-rc5/kernel/drivers/infiniband/core/rdma_cm.ko
  INSTALL /nix/store/yj98k9wrm397hrzdrsc89fybqfddy1zf-linux-riscv64-unknown-linux-gnu-7.3.0-rc5-modules/lib/modules/7.3.0-rc5/kernel/sound/soc/generic/snd-soc-simple-card-utils.ko
  STRIP   /nix/store/yj98k9wrm397hrzdrsc89fybqfddy1zf-linux-riscv64-unknown-linux-gnu-7.3.0-rc5-modules/lib/modules/7.3.0-rc5/kernel/sound/soc/codecs/snd-soc-spdif-tx.ko
  STRIP   /nix/store/yj98k9wrm397hrzdrsc89fybqfddy1zf-linux-riscv64-unknown-linux-gnu-7.3.0-rc5-modules/lib/modules/7.3.0-rc5/kernel/sound/soc/codecs/snd-soc-wm8978.ko
  INSTALL /nix/store/yj98k9wrm397hrzdrsc89fybqfddy1zf-linux-riscv64-unknown-linux-gnu-7.3.0-rc5-modules/lib/modules/7.3.0-rc5/kernel/sound/soc/generic/snd-soc-simple-card.ko
  STRIP   /nix/store/yj98k9wrm397hrzdrsc89fybqfddy1zf-linux-riscv64-unknown-linux-gnu-7.3.0-rc5-modules/lib/modules/7.3.0-rc5/kernel/drivers/infiniband/ulp/ipoib/ib_ipoib.ko
  STRIP   /nix/store/yj98k9wrm397hrzdrsc89fybqfddy1zf-linux-riscv64-unknown-linux-gnu-7.3.0-rc5-modules/lib/modules/7.3.0-rc5/kernel/sound/soc/generic/snd-soc-simple-card-utils.ko
  INSTALL /nix/store/yj98k9wrm397hrzdrsc89fybqfddy1zf-linux-riscv64-unknown-linux-gnu-7.3.0-rc5-modules/lib/modules/7.3.0-rc5/kernel/sound/soc/dwc/designware_i2s.ko
  STRIP   /nix/store/yj98k9wrm397hrzdrsc89fybqfddy1zf-linux-riscv64-unknown-linux-gnu-7.3.0-rc5-modules/lib/modules/7.3.0-rc5/kernel/drivers/infiniband/core/ib_core.ko
  STRIP   /nix/store/yj98k9wrm397hrzdrsc89fybqfddy1zf-linux-riscv64-unknown-linux-gnu-7.3.0-rc5-modules/lib/modules/7.3.0-rc5/kernel/sound/soc/generic/snd-soc-simple-card.ko
  INSTALL /nix/store/yj98k9wrm397hrzdrsc89fybqfddy1zf-linux-riscv64-unknown-linux-gnu-7.3.0-rc5-modules/lib/modules/7.3.0-rc5/kernel/sound/soc/starfive/jh7110_pwmdac.ko
  INSTALL /nix/store/yj98k9wrm397hrzdrsc89fybqfddy1zf-linux-riscv64-unknown-linux-gnu-7.3.0-rc5-modules/lib/modules/7.3.0-rc5/kernel/sound/soc/starfive/jh7110_tdm.ko
  STRIP   /nix/store/yj98k9wrm397hrzdrsc89fybqfddy1zf-linux-riscv64-unknown-linux-gnu-7.3.0-rc5-modules/lib/modules/7.3.0-rc5/kernel/sound/soc/dwc/designware_i2s.ko
  INSTALL /nix/store/yj98k9wrm397hrzdrsc89fybqfddy1zf-linux-riscv64-unknown-linux-gnu-7.3.0-rc5-modules/lib/modules/7.3.0-rc5/kernel/net/802/psnap.ko
  STRIP   /nix/store/yj98k9wrm397hrzdrsc89fybqfddy1zf-linux-riscv64-unknown-linux-gnu-7.3.0-rc5-modules/lib/modules/7.3.0-rc5/kernel/sound/soc/starfive/jh7110_pwmdac.ko
  INSTALL /nix/store/yj98k9wrm397hrzdrsc89fybqfddy1zf-linux-riscv64-unknown-linux-gnu-7.3.0-rc5-modules/lib/modules/7.3.0-rc5/kernel/net/802/stp.ko
  STRIP   /nix/store/yj98k9wrm397hrzdrsc89fybqfddy1zf-linux-riscv64-unknown-linux-gnu-7.3.0-rc5-modules/lib/modules/7.3.0-rc5/kernel/sound/soc/starfive/jh7110_tdm.ko
  STRIP   /nix/store/yj98k9wrm397hrzdrsc89fybqfddy1zf-linux-riscv64-unknown-linux-gnu-7.3.0-rc5-modules/lib/modules/7.3.0-rc5/kernel/net/802/psnap.ko
  INSTALL /nix/store/yj98k9wrm397hrzdrsc89fybqfddy1zf-linux-riscv64-unknown-linux-gnu-7.3.0-rc5-modules/lib/modules/7.3.0-rc5/kernel/net/sched/act_bpf.ko
  INSTALL /nix/store/yj98k9wrm397hrzdrsc89fybqfddy1zf-linux-riscv64-unknown-linux-gnu-7.3.0-rc5-modules/lib/modules/7.3.0-rc5/kernel/net/sched/cls_cgroup.ko
  INSTALL /nix/store/yj98k9wrm397hrzdrsc89fybqfddy1zf-linux-riscv64-unknown-linux-gnu-7.3.0-rc5-modules/lib/modules/7.3.0-rc5/kernel/net/sched/cls_bpf.ko
  STRIP   /nix/store/yj98k9wrm397hrzdrsc89fybqfddy1zf-linux-riscv64-unknown-linux-gnu-7.3.0-rc5-modules/lib/modules/7.3.0-rc5/kernel/net/802/stp.ko
  STRIP   /nix/store/yj98k9wrm397hrzdrsc89fybqfddy1zf-linux-riscv64-unknown-linux-gnu-7.3.0-rc5-modules/lib/modules/7.3.0-rc5/kernel/net/sched/act_bpf.ko
  STRIP   /nix/store/yj98k9wrm397hrzdrsc89fybqfddy1zf-linux-riscv64-unknown-linux-gnu-7.3.0-rc5-modules/lib/modules/7.3.0-rc5/kernel/net/sched/cls_cgroup.ko
  INSTALL /nix/store/yj98k9wrm397hrzdrsc89fybqfddy1zf-linux-riscv64-unknown-linux-gnu-7.3.0-rc5-modules/lib/modules/7.3.0-rc5/kernel/net/netfilter/nf_conntrack.ko
  INSTALL /nix/store/yj98k9wrm397hrzdrsc89fybqfddy1zf-linux-riscv64-unknown-linux-gnu-7.3.0-rc5-modules/lib/modules/7.3.0-rc5/kernel/net/netfilter/nf_conntrack_ftp.ko
  STRIP   /nix/store/yj98k9wrm397hrzdrsc89fybqfddy1zf-linux-riscv64-unknown-linux-gnu-7.3.0-rc5-modules/lib/modules/7.3.0-rc5/kernel/net/sched/cls_bpf.ko
  INSTALL /nix/store/yj98k9wrm397hrzdrsc89fybqfddy1zf-linux-riscv64-unknown-linux-gnu-7.3.0-rc5-modules/lib/modules/7.3.0-rc5/kernel/net/netfilter/nf_conntrack_tftp.ko
  INSTALL /nix/store/yj98k9wrm397hrzdrsc89fybqfddy1zf-linux-riscv64-unknown-linux-gnu-7.3.0-rc5-modules/lib/modules/7.3.0-rc5/kernel/net/netfilter/nf_log_syslog.ko
  INSTALL /nix/store/yj98k9wrm397hrzdrsc89fybqfddy1zf-linux-riscv64-unknown-linux-gnu-7.3.0-rc5-modules/lib/modules/7.3.0-rc5/kernel/net/netfilter/x_tables.ko
  STRIP   /nix/store/yj98k9wrm397hrzdrsc89fybqfddy1zf-linux-riscv64-unknown-linux-gnu-7.3.0-rc5-modules/lib/modules/7.3.0-rc5/kernel/net/netfilter/nf_conntrack_ftp.ko
  INSTALL /nix/store/yj98k9wrm397hrzdrsc89fybqfddy1zf-linux-riscv64-unknown-linux-gnu-7.3.0-rc5-modules/lib/modules/7.3.0-rc5/kernel/net/netfilter/xt_tcpudp.ko
  INSTALL /nix/store/yj98k9wrm397hrzdrsc89fybqfddy1zf-linux-riscv64-unknown-linux-gnu-7.3.0-rc5-modules/lib/modules/7.3.0-rc5/kernel/net/netfilter/xt_mark.ko
  STRIP   /nix/store/yj98k9wrm397hrzdrsc89fybqfddy1zf-linux-riscv64-unknown-linux-gnu-7.3.0-rc5-modules/lib/modules/7.3.0-rc5/kernel/net/netfilter/nf_conntrack_tftp.ko
  STRIP   /nix/store/yj98k9wrm397hrzdrsc89fybqfddy1zf-linux-riscv64-unknown-linux-gnu-7.3.0-rc5-modules/lib/modules/7.3.0-rc5/kernel/net/netfilter/nf_log_syslog.ko
  STRIP   /nix/store/yj98k9wrm397hrzdrsc89fybqfddy1zf-linux-riscv64-unknown-linux-gnu-7.3.0-rc5-modules/lib/modules/7.3.0-rc5/kernel/net/netfilter/x_tables.ko
  INSTALL /nix/store/yj98k9wrm397hrzdrsc89fybqfddy1zf-linux-riscv64-unknown-linux-gnu-7.3.0-rc5-modules/lib/modules/7.3.0-rc5/kernel/net/netfilter/xt_addrtype.ko
  INSTALL /nix/store/yj98k9wrm397hrzdrsc89fybqfddy1zf-linux-riscv64-unknown-linux-gnu-7.3.0-rc5-modules/lib/modules/7.3.0-rc5/kernel/net/netfilter/xt_conntrack.ko
  STRIP   /nix/store/yj98k9wrm397hrzdrsc89fybqfddy1zf-linux-riscv64-unknown-linux-gnu-7.3.0-rc5-modules/lib/modules/7.3.0-rc5/kernel/net/netfilter/xt_mark.ko
  STRIP   /nix/store/yj98k9wrm397hrzdrsc89fybqfddy1zf-linux-riscv64-unknown-linux-gnu-7.3.0-rc5-modules/lib/modules/7.3.0-rc5/kernel/net/netfilter/xt_tcpudp.ko
  INSTALL /nix/store/yj98k9wrm397hrzdrsc89fybqfddy1zf-linux-riscv64-unknown-linux-gnu-7.3.0-rc5-modules/lib/modules/7.3.0-rc5/kernel/net/netfilter/xt_ipvs.ko
  STRIP   /nix/store/yj98k9wrm397hrzdrsc89fybqfddy1zf-linux-riscv64-unknown-linux-gnu-7.3.0-rc5-modules/lib/modules/7.3.0-rc5/kernel/net/netfilter/xt_addrtype.ko
  STRIP   /nix/store/yj98k9wrm397hrzdrsc89fybqfddy1zf-linux-riscv64-unknown-linux-gnu-7.3.0-rc5-modules/lib/modules/7.3.0-rc5/kernel/net/netfilter/xt_conntrack.ko
  INSTALL /nix/store/yj98k9wrm397hrzdrsc89fybqfddy1zf-linux-riscv64-unknown-linux-gnu-7.3.0-rc5-modules/lib/modules/7.3.0-rc5/kernel/net/netfilter/ipvs/ip_vs.ko
  STRIP   /nix/store/yj98k9wrm397hrzdrsc89fybqfddy1zf-linux-riscv64-unknown-linux-gnu-7.3.0-rc5-modules/lib/modules/7.3.0-rc5/kernel/net/netfilter/nf_conntrack.ko
  STRIP   /nix/store/yj98k9wrm397hrzdrsc89fybqfddy1zf-linux-riscv64-unknown-linux-gnu-7.3.0-rc5-modules/lib/modules/7.3.0-rc5/kernel/net/netfilter/xt_ipvs.ko
  INSTALL /nix/store/yj98k9wrm397hrzdrsc89fybqfddy1zf-linux-riscv64-unknown-linux-gnu-7.3.0-rc5-modules/lib/modules/7.3.0-rc5/kernel/net/netfilter/ipvs/ip_vs_rr.ko
  INSTALL /nix/store/yj98k9wrm397hrzdrsc89fybqfddy1zf-linux-riscv64-unknown-linux-gnu-7.3.0-rc5-modules/lib/modules/7.3.0-rc5/kernel/net/ipv4/netfilter/nf_defrag_ipv4.ko
  INSTALL /nix/store/yj98k9wrm397hrzdrsc89fybqfddy1zf-linux-riscv64-unknown-linux-gnu-7.3.0-rc5-modules/lib/modules/7.3.0-rc5/kernel/net/ipv4/ip_tunnel.ko
  INSTALL /nix/store/yj98k9wrm397hrzdrsc89fybqfddy1zf-linux-riscv64-unknown-linux-gnu-7.3.0-rc5-modules/lib/modules/7.3.0-rc5/kernel/net/ipv4/fou.ko
  STRIP   /nix/store/yj98k9wrm397hrzdrsc89fybqfddy1zf-linux-riscv64-unknown-linux-gnu-7.3.0-rc5-modules/lib/modules/7.3.0-rc5/kernel/net/netfilter/ipvs/ip_vs_rr.ko
  INSTALL /nix/store/yj98k9wrm397hrzdrsc89fybqfddy1zf-linux-riscv64-unknown-linux-gnu-7.3.0-rc5-modules/lib/modules/7.3.0-rc5/kernel/net/ipv4/udp_tunnel.ko
  STRIP   /nix/store/yj98k9wrm397hrzdrsc89fybqfddy1zf-linux-riscv64-unknown-linux-gnu-7.3.0-rc5-modules/lib/modules/7.3.0-rc5/kernel/net/ipv4/netfilter/nf_defrag_ipv4.ko
  INSTALL /nix/store/yj98k9wrm397hrzdrsc89fybqfddy1zf-linux-riscv64-unknown-linux-gnu-7.3.0-rc5-modules/lib/modules/7.3.0-rc5/kernel/net/ipv4/esp4.ko
  STRIP   /nix/store/yj98k9wrm397hrzdrsc89fybqfddy1zf-linux-riscv64-unknown-linux-gnu-7.3.0-rc5-modules/lib/modules/7.3.0-rc5/kernel/net/ipv4/ip_tunnel.ko
  INSTALL /nix/store/yj98k9wrm397hrzdrsc89fybqfddy1zf-linux-riscv64-unknown-linux-gnu-7.3.0-rc5-modules/lib/modules/7.3.0-rc5/kernel/net/ipv4/tunnel4.ko
  INSTALL /nix/store/yj98k9wrm397hrzdrsc89fybqfddy1zf-linux-riscv64-unknown-linux-gnu-7.3.0-rc5-modules/lib/modules/7.3.0-rc5/kernel/net/ipv4/inet_diag.ko
  INSTALL /nix/store/yj98k9wrm397hrzdrsc89fybqfddy1zf-linux-riscv64-unknown-linux-gnu-7.3.0-rc5-modules/lib/modules/7.3.0-rc5/kernel/net/ipv4/tcp_diag.ko
  INSTALL /nix/store/yj98k9wrm397hrzdrsc89fybqfddy1zf-linux-riscv64-unknown-linux-gnu-7.3.0-rc5-modules/lib/modules/7.3.0-rc5/kernel/net/ipv4/udp_diag.ko
  STRIP   /nix/store/yj98k9wrm397hrzdrsc89fybqfddy1zf-linux-riscv64-unknown-linux-gnu-7.3.0-rc5-modules/lib/modules/7.3.0-rc5/kernel/net/ipv4/esp4.ko
  STRIP   /nix/store/yj98k9wrm397hrzdrsc89fybqfddy1zf-linux-riscv64-unknown-linux-gnu-7.3.0-rc5-modules/lib/modules/7.3.0-rc5/kernel/net/ipv4/fou.ko
  STRIP   /nix/store/yj98k9wrm397hrzdrsc89fybqfddy1zf-linux-riscv64-unknown-linux-gnu-7.3.0-rc5-modules/lib/modules/7.3.0-rc5/kernel/net/ipv4/udp_tunnel.ko
  STRIP   /nix/store/yj98k9wrm397hrzdrsc89fybqfddy1zf-linux-riscv64-unknown-linux-gnu-7.3.0-rc5-modules/lib/modules/7.3.0-rc5/kernel/net/ipv4/inet_diag.ko
  STRIP   /nix/store/yj98k9wrm397hrzdrsc89fybqfddy1zf-linux-riscv64-unknown-linux-gnu-7.3.0-rc5-modules/lib/modules/7.3.0-rc5/kernel/net/ipv4/tunnel4.ko
  INSTALL /nix/store/yj98k9wrm397hrzdrsc89fybqfddy1zf-linux-riscv64-unknown-linux-gnu-7.3.0-rc5-modules/lib/modules/7.3.0-rc5/kernel/net/ipv4/raw_diag.ko
  STRIP   /nix/store/yj98k9wrm397hrzdrsc89fybqfddy1zf-linux-riscv64-unknown-linux-gnu-7.3.0-rc5-modules/lib/modules/7.3.0-rc5/kernel/net/ipv4/udp_diag.ko
  INSTALL /nix/store/yj98k9wrm397hrzdrsc89fybqfddy1zf-linux-riscv64-unknown-linux-gnu-7.3.0-rc5-modules/lib/modules/7.3.0-rc5/kernel/net/ipv4/tcp_bic.ko
  STRIP   /nix/store/yj98k9wrm397hrzdrsc89fybqfddy1zf-linux-riscv64-unknown-linux-gnu-7.3.0-rc5-modules/lib/modules/7.3.0-rc5/kernel/net/netfilter/ipvs/ip_vs.ko
  STRIP   /nix/store/yj98k9wrm397hrzdrsc89fybqfddy1zf-linux-riscv64-unknown-linux-gnu-7.3.0-rc5-modules/lib/modules/7.3.0-rc5/kernel/net/ipv4/tcp_diag.ko
  STRIP   /nix/store/yj98k9wrm397hrzdrsc89fybqfddy1zf-linux-riscv64-unknown-linux-gnu-7.3.0-rc5-modules/lib/modules/7.3.0-rc5/kernel/net/ipv4/tcp_bic.ko
  STRIP   /nix/store/yj98k9wrm397hrzdrsc89fybqfddy1zf-linux-riscv64-unknown-linux-gnu-7.3.0-rc5-modules/lib/modules/7.3.0-rc5/kernel/net/ipv4/raw_diag.ko
  INSTALL /nix/store/yj98k9wrm397hrzdrsc89fybqfddy1zf-linux-riscv64-unknown-linux-gnu-7.3.0-rc5-modules/lib/modules/7.3.0-rc5/kernel/net/ipv4/tcp_westwood.ko
  INSTALL /nix/store/yj98k9wrm397hrzdrsc89fybqfddy1zf-linux-riscv64-unknown-linux-gnu-7.3.0-rc5-modules/lib/modules/7.3.0-rc5/kernel/net/ipv4/tcp_htcp.ko
  STRIP   /nix/store/yj98k9wrm397hrzdrsc89fybqfddy1zf-linux-riscv64-unknown-linux-gnu-7.3.0-rc5-modules/lib/modules/7.3.0-rc5/kernel/drivers/gpu/drm/nouveau/nouveau.ko
  STRIP   /nix/store/yj98k9wrm397hrzdrsc89fybqfddy1zf-linux-riscv64-unknown-linux-gnu-7.3.0-rc5-modules/lib/modules/7.3.0-rc5/kernel/net/ipv4/tcp_westwood.ko
  INSTALL /nix/store/yj98k9wrm397hrzdrsc89fybqfddy1zf-linux-riscv64-unknown-linux-gnu-7.3.0-rc5-modules/lib/modules/7.3.0-rc5/kernel/net/xfrm/xfrm_algo.ko
  STRIP   /nix/store/yj98k9wrm397hrzdrsc89fybqfddy1zf-linux-riscv64-unknown-linux-gnu-7.3.0-rc5-modules/lib/modules/7.3.0-rc5/kernel/net/ipv4/tcp_htcp.ko
  INSTALL /nix/store/yj98k9wrm397hrzdrsc89fybqfddy1zf-linux-riscv64-unknown-linux-gnu-7.3.0-rc5-modules/lib/modules/7.3.0-rc5/kernel/net/xfrm/xfrm_user.ko
  INSTALL /nix/store/yj98k9wrm397hrzdrsc89fybqfddy1zf-linux-riscv64-unknown-linux-gnu-7.3.0-rc5-modules/lib/modules/7.3.0-rc5/kernel/net/ipv6/netfilter/nf_defrag_ipv6.ko
  INSTALL /nix/store/yj98k9wrm397hrzdrsc89fybqfddy1zf-linux-riscv64-unknown-linux-gnu-7.3.0-rc5-modules/lib/modules/7.3.0-rc5/kernel/net/ipv6/netfilter/ip6t_ipv6header.ko
  INSTALL /nix/store/yj98k9wrm397hrzdrsc89fybqfddy1zf-linux-riscv64-unknown-linux-gnu-7.3.0-rc5-modules/lib/modules/7.3.0-rc5/kernel/net/ipv6/tunnel6.ko
  STRIP   /nix/store/yj98k9wrm397hrzdrsc89fybqfddy1zf-linux-riscv64-unknown-linux-gnu-7.3.0-rc5-modules/lib/modules/7.3.0-rc5/kernel/net/xfrm/xfrm_algo.ko
  INSTALL /nix/store/yj98k9wrm397hrzdrsc89fybqfddy1zf-linux-riscv64-unknown-linux-gnu-7.3.0-rc5-modules/lib/modules/7.3.0-rc5/kernel/net/ipv6/sit.ko
  INSTALL /nix/store/yj98k9wrm397hrzdrsc89fybqfddy1zf-linux-riscv64-unknown-linux-gnu-7.3.0-rc5-modules/lib/modules/7.3.0-rc5/kernel/net/ipv6/ip6_tunnel.ko
  INSTALL /nix/store/yj98k9wrm397hrzdrsc89fybqfddy1zf-linux-riscv64-unknown-linux-gnu-7.3.0-rc5-modules/lib/modules/7.3.0-rc5/kernel/net/ipv6/fou6.ko
  STRIP   /nix/store/yj98k9wrm397hrzdrsc89fybqfddy1zf-linux-riscv64-unknown-linux-gnu-7.3.0-rc5-modules/lib/modules/7.3.0-rc5/kernel/net/xfrm/xfrm_user.ko
  STRIP   /nix/store/yj98k9wrm397hrzdrsc89fybqfddy1zf-linux-riscv64-unknown-linux-gnu-7.3.0-rc5-modules/lib/modules/7.3.0-rc5/kernel/net/ipv6/netfilter/nf_defrag_ipv6.ko
  STRIP   /nix/store/yj98k9wrm397hrzdrsc89fybqfddy1zf-linux-riscv64-unknown-linux-gnu-7.3.0-rc5-modules/lib/modules/7.3.0-rc5/kernel/net/ipv6/netfilter/ip6t_ipv6header.ko
  STRIP   /nix/store/yj98k9wrm397hrzdrsc89fybqfddy1zf-linux-riscv64-unknown-linux-gnu-7.3.0-rc5-modules/lib/modules/7.3.0-rc5/kernel/net/ipv6/tunnel6.ko
  STRIP   /nix/store/yj98k9wrm397hrzdrsc89fybqfddy1zf-linux-riscv64-unknown-linux-gnu-7.3.0-rc5-modules/lib/modules/7.3.0-rc5/kernel/net/ipv6/sit.ko
  STRIP   /nix/store/yj98k9wrm397hrzdrsc89fybqfddy1zf-linux-riscv64-unknown-linux-gnu-7.3.0-rc5-modules/lib/modules/7.3.0-rc5/kernel/net/ipv6/ip6_tunnel.ko
  STRIP   /nix/store/yj98k9wrm397hrzdrsc89fybqfddy1zf-linux-riscv64-unknown-linux-gnu-7.3.0-rc5-modules/lib/modules/7.3.0-rc5/kernel/net/ipv6/fou6.ko
  INSTALL /nix/store/yj98k9wrm397hrzdrsc89fybqfddy1zf-linux-riscv64-unknown-linux-gnu-7.3.0-rc5-modules/lib/modules/7.3.0-rc5/kernel/net/ipv6/ip6_udp_tunnel.ko
  INSTALL /nix/store/yj98k9wrm397hrzdrsc89fybqfddy1zf-linux-riscv64-unknown-linux-gnu-7.3.0-rc5-modules/lib/modules/7.3.0-rc5/kernel/net/8021q/8021q.ko
  INSTALL /nix/store/yj98k9wrm397hrzdrsc89fybqfddy1zf-linux-riscv64-unknown-linux-gnu-7.3.0-rc5-modules/lib/modules/7.3.0-rc5/kernel/net/mptcp/mptcp_diag.ko
  STRIP   /nix/store/yj98k9wrm397hrzdrsc89fybqfddy1zf-linux-riscv64-unknown-linux-gnu-7.3.0-rc5-modules/lib/modules/7.3.0-rc5/kernel/net/ipv6/ip6_udp_tunnel.ko
  STRIP   /nix/store/yj98k9wrm397hrzdrsc89fybqfddy1zf-linux-riscv64-unknown-linux-gnu-7.3.0-rc5-modules/lib/modules/7.3.0-rc5/kernel/net/8021q/8021q.ko
  INSTALL /nix/store/yj98k9wrm397hrzdrsc89fybqfddy1zf-linux-riscv64-unknown-linux-gnu-7.3.0-rc5-modules/lib/modules/7.3.0-rc5/kernel/net/llc/llc.ko
  INSTALL /nix/store/yj98k9wrm397hrzdrsc89fybqfddy1zf-linux-riscv64-unknown-linux-gnu-7.3.0-rc5-modules/lib/modules/7.3.0-rc5/kernel/net/tls/tls.ko
  STRIP   /nix/store/yj98k9wrm397hrzdrsc89fybqfddy1zf-linux-riscv64-unknown-linux-gnu-7.3.0-rc5-modules/lib/modules/7.3.0-rc5/kernel/net/mptcp/mptcp_diag.ko
  INSTALL /nix/store/yj98k9wrm397hrzdrsc89fybqfddy1zf-linux-riscv64-unknown-linux-gnu-7.3.0-rc5-modules/lib/modules/7.3.0-rc5/kernel/net/bridge/bridge.ko
  STRIP   /nix/store/yj98k9wrm397hrzdrsc89fybqfddy1zf-linux-riscv64-unknown-linux-gnu-7.3.0-rc5-modules/lib/modules/7.3.0-rc5/kernel/net/llc/llc.ko
  INSTALL /nix/store/yj98k9wrm397hrzdrsc89fybqfddy1zf-linux-riscv64-unknown-linux-gnu-7.3.0-rc5-modules/lib/modules/7.3.0-rc5/kernel/net/bridge/br_netfilter.ko
  INSTALL /nix/store/yj98k9wrm397hrzdrsc89fybqfddy1zf-linux-riscv64-unknown-linux-gnu-7.3.0-rc5-modules/lib/modules/7.3.0-rc5/kernel/net/can/can.ko
  INSTALL /nix/store/yj98k9wrm397hrzdrsc89fybqfddy1zf-linux-riscv64-unknown-linux-gnu-7.3.0-rc5-modules/lib/modules/7.3.0-rc5/kernel/net/can/can-raw.ko
  INSTALL /nix/store/yj98k9wrm397hrzdrsc89fybqfddy1zf-linux-riscv64-unknown-linux-gnu-7.3.0-rc5-modules/lib/modules/7.3.0-rc5/kernel/net/can/can-bcm.ko
  INSTALL /nix/store/yj98k9wrm397hrzdrsc89fybqfddy1zf-linux-riscv64-unknown-linux-gnu-7.3.0-rc5-modules/lib/modules/7.3.0-rc5/kernel/net/can/can-gw.ko
  STRIP   /nix/store/yj98k9wrm397hrzdrsc89fybqfddy1zf-linux-riscv64-unknown-linux-gnu-7.3.0-rc5-modules/lib/modules/7.3.0-rc5/kernel/net/can/can.ko
  STRIP   /nix/store/yj98k9wrm397hrzdrsc89fybqfddy1zf-linux-riscv64-unknown-linux-gnu-7.3.0-rc5-modules/lib/modules/7.3.0-rc5/kernel/net/can/can-raw.ko
  INSTALL /nix/store/yj98k9wrm397hrzdrsc89fybqfddy1zf-linux-riscv64-unknown-linux-gnu-7.3.0-rc5-modules/lib/modules/7.3.0-rc5/kernel/net/sunrpc/sunrpc.ko
  STRIP   /nix/store/yj98k9wrm397hrzdrsc89fybqfddy1zf-linux-riscv64-unknown-linux-gnu-7.3.0-rc5-modules/lib/modules/7.3.0-rc5/kernel/net/tls/tls.ko
  STRIP   /nix/store/yj98k9wrm397hrzdrsc89fybqfddy1zf-linux-riscv64-unknown-linux-gnu-7.3.0-rc5-modules/lib/modules/7.3.0-rc5/kernel/net/bridge/br_netfilter.ko
  INSTALL /nix/store/yj98k9wrm397hrzdrsc89fybqfddy1zf-linux-riscv64-unknown-linux-gnu-7.3.0-rc5-modules/lib/modules/7.3.0-rc5/kernel/net/sunrpc/auth_gss/auth_rpcgss.ko
  STRIP   /nix/store/yj98k9wrm397hrzdrsc89fybqfddy1zf-linux-riscv64-unknown-linux-gnu-7.3.0-rc5-modules/lib/modules/7.3.0-rc5/kernel/net/can/can-bcm.ko
  STRIP   /nix/store/yj98k9wrm397hrzdrsc89fybqfddy1zf-linux-riscv64-unknown-linux-gnu-7.3.0-rc5-modules/lib/modules/7.3.0-rc5/kernel/net/can/can-gw.ko
  INSTALL /nix/store/yj98k9wrm397hrzdrsc89fybqfddy1zf-linux-riscv64-unknown-linux-gnu-7.3.0-rc5-modules/lib/modules/7.3.0-rc5/kernel/net/sunrpc/auth_gss/rpcsec_gss_krb5.ko
  INSTALL /nix/store/yj98k9wrm397hrzdrsc89fybqfddy1zf-linux-riscv64-unknown-linux-gnu-7.3.0-rc5-modules/lib/modules/7.3.0-rc5/kernel/net/sunrpc/xprtrdma/rpcrdma.ko
  XZ      /nix/store/yj98k9wrm397hrzdrsc89fybqfddy1zf-linux-riscv64-unknown-linux-gnu-7.3.0-rc5-modules/lib/modules/7.3.0-rc5/kernel/arch/riscv/kvm/kvm.ko.xz
  STRIP   /nix/store/yj98k9wrm397hrzdrsc89fybqfddy1zf-linux-riscv64-unknown-linux-gnu-7.3.0-rc5-modules/lib/modules/7.3.0-rc5/kernel/net/sunrpc/auth_gss/rpcsec_gss_krb5.ko
  STRIP   /nix/store/yj98k9wrm397hrzdrsc89fybqfddy1zf-linux-riscv64-unknown-linux-gnu-7.3.0-rc5-modules/lib/modules/7.3.0-rc5/kernel/net/sunrpc/auth_gss/auth_rpcgss.ko
  XZ      /nix/store/yj98k9wrm397hrzdrsc89fybqfddy1zf-linux-riscv64-unknown-linux-gnu-7.3.0-rc5-modules/lib/modules/7.3.0-rc5/kernel/fs/nfs_common/nfs_acl.ko.xz
  XZ      /nix/store/yj98k9wrm397hrzdrsc89fybqfddy1zf-linux-riscv64-unknown-linux-gnu-7.3.0-rc5-modules/lib/modules/7.3.0-rc5/kernel/fs/nfs_common/grace.ko.xz
  XZ      /nix/store/yj98k9wrm397hrzdrsc89fybqfddy1zf-linux-riscv64-unknown-linux-gnu-7.3.0-rc5-modules/lib/modules/7.3.0-rc5/kernel/fs/nls/nls_cp437.ko.xz
  XZ      /nix/store/yj98k9wrm397hrzdrsc89fybqfddy1zf-linux-riscv64-unknown-linux-gnu-7.3.0-rc5-modules/lib/modules/7.3.0-rc5/kernel/fs/nls/nls_iso8859-1.ko.xz
  STRIP   /nix/store/yj98k9wrm397hrzdrsc89fybqfddy1zf-linux-riscv64-unknown-linux-gnu-7.3.0-rc5-modules/lib/modules/7.3.0-rc5/kernel/net/bridge/bridge.ko
  XZ      /nix/store/yj98k9wrm397hrzdrsc89fybqfddy1zf-linux-riscv64-unknown-linux-gnu-7.3.0-rc5-modules/lib/modules/7.3.0-rc5/kernel/fs/nls/nls_utf8.ko.xz
  XZ      /nix/store/yj98k9wrm397hrzdrsc89fybqfddy1zf-linux-riscv64-unknown-linux-gnu-7.3.0-rc5-modules/lib/modules/7.3.0-rc5/kernel/fs/configfs/configfs.ko.xz
  STRIP   /nix/store/yj98k9wrm397hrzdrsc89fybqfddy1zf-linux-riscv64-unknown-linux-gnu-7.3.0-rc5-modules/lib/modules/7.3.0-rc5/kernel/net/sunrpc/xprtrdma/rpcrdma.ko
  STRIP   /nix/store/yj98k9wrm397hrzdrsc89fybqfddy1zf-linux-riscv64-unknown-linux-gnu-7.3.0-rc5-modules/lib/modules/7.3.0-rc5/kernel/net/sunrpc/sunrpc.ko
  XZ      /nix/store/yj98k9wrm397hrzdrsc89fybqfddy1zf-linux-riscv64-unknown-linux-gnu-7.3.0-rc5-modules/lib/modules/7.3.0-rc5/kernel/fs/isofs/isofs.ko.xz
  XZ      /nix/store/yj98k9wrm397hrzdrsc89fybqfddy1zf-linux-riscv64-unknown-linux-gnu-7.3.0-rc5-modules/lib/modules/7.3.0-rc5/kernel/fs/nfs/nfs.ko.xz
  XZ      /nix/store/yj98k9wrm397hrzdrsc89fybqfddy1zf-linux-riscv64-unknown-linux-gnu-7.3.0-rc5-modules/lib/modules/7.3.0-rc5/kernel/fs/nfs/nfsv3.ko.xz
  XZ      /nix/store/yj98k9wrm397hrzdrsc89fybqfddy1zf-linux-riscv64-unknown-linux-gnu-7.3.0-rc5-modules/lib/modules/7.3.0-rc5/kernel/fs/nfs/nfsv4.ko.xz
  XZ      /nix/store/yj98k9wrm397hrzdrsc89fybqfddy1zf-linux-riscv64-unknown-linux-gnu-7.3.0-rc5-modules/lib/modules/7.3.0-rc5/kernel/fs/nfs/filelayout/nfs_layout_nfsv41_files.ko.xz
  XZ      /nix/store/yj98k9wrm397hrzdrsc89fybqfddy1zf-linux-riscv64-unknown-linux-gnu-7.3.0-rc5-modules/lib/modules/7.3.0-rc5/kernel/fs/nfs/blocklayout/blocklayoutdriver.ko.xz
  XZ      /nix/store/yj98k9wrm397hrzdrsc89fybqfddy1zf-linux-riscv64-unknown-linux-gnu-7.3.0-rc5-modules/lib/modules/7.3.0-rc5/kernel/fs/nfs/flexfilelayout/nfs_layout_flexfiles.ko.xz
  XZ      /nix/store/yj98k9wrm397hrzdrsc89fybqfddy1zf-linux-riscv64-unknown-linux-gnu-7.3.0-rc5-modules/lib/modules/7.3.0-rc5/kernel/fs/lockd/lockd.ko.xz
  XZ      /nix/store/yj98k9wrm397hrzdrsc89fybqfddy1zf-linux-riscv64-unknown-linux-gnu-7.3.0-rc5-modules/lib/modules/7.3.0-rc5/kernel/fs/overlayfs/overlay.ko.xz
  XZ      /nix/store/yj98k9wrm397hrzdrsc89fybqfddy1zf-linux-riscv64-unknown-linux-gnu-7.3.0-rc5-modules/lib/modules/7.3.0-rc5/kernel/fs/udf/udf.ko.xz
  XZ      /nix/store/yj98k9wrm397hrzdrsc89fybqfddy1zf-linux-riscv64-unknown-linux-gnu-7.3.0-rc5-modules/lib/modules/7.3.0-rc5/kernel/fs/f2fs/f2fs.ko.xz
  XZ      /nix/store/yj98k9wrm397hrzdrsc89fybqfddy1zf-linux-riscv64-unknown-linux-gnu-7.3.0-rc5-modules/lib/modules/7.3.0-rc5/kernel/fs/efivarfs/efivarfs.ko.xz
  XZ      /nix/store/yj98k9wrm397hrzdrsc89fybqfddy1zf-linux-riscv64-unknown-linux-gnu-7.3.0-rc5-modules/lib/modules/7.3.0-rc5/kernel/crypto/crypto_engine.ko.xz
  XZ      /nix/store/yj98k9wrm397hrzdrsc89fybqfddy1zf-linux-riscv64-unknown-linux-gnu-7.3.0-rc5-modules/lib/modules/7.3.0-rc5/kernel/crypto/geniv.ko.xz
  XZ      /nix/store/yj98k9wrm397hrzdrsc89fybqfddy1zf-linux-riscv64-unknown-linux-gnu-7.3.0-rc5-modules/lib/modules/7.3.0-rc5/kernel/crypto/seqiv.ko.xz
  XZ      /nix/store/yj98k9wrm397hrzdrsc89fybqfddy1zf-linux-riscv64-unknown-linux-gnu-7.3.0-rc5-modules/lib/modules/7.3.0-rc5/kernel/crypto/echainiv.ko.xz
  XZ      /nix/store/yj98k9wrm397hrzdrsc89fybqfddy1zf-linux-riscv64-unknown-linux-gnu-7.3.0-rc5-modules/lib/modules/7.3.0-rc5/kernel/crypto/cmac.ko.xz
  XZ      /nix/store/yj98k9wrm397hrzdrsc89fybqfddy1zf-linux-riscv64-unknown-linux-gnu-7.3.0-rc5-modules/lib/modules/7.3.0-rc5/kernel/crypto/sha512.ko.xz
  XZ      /nix/store/yj98k9wrm397hrzdrsc89fybqfddy1zf-linux-riscv64-unknown-linux-gnu-7.3.0-rc5-modules/lib/modules/7.3.0-rc5/kernel/crypto/ctr.ko.xz
  XZ      /nix/store/yj98k9wrm397hrzdrsc89fybqfddy1zf-linux-riscv64-unknown-linux-gnu-7.3.0-rc5-modules/lib/modules/7.3.0-rc5/kernel/crypto/gcm.ko.xz
  XZ      /nix/store/yj98k9wrm397hrzdrsc89fybqfddy1zf-linux-riscv64-unknown-linux-gnu-7.3.0-rc5-modules/lib/modules/7.3.0-rc5/kernel/crypto/camellia_generic.ko.xz
  XZ      /nix/store/yj98k9wrm397hrzdrsc89fybqfddy1zf-linux-riscv64-unknown-linux-gnu-7.3.0-rc5-modules/lib/modules/7.3.0-rc5/kernel/crypto/authenc.ko.xz
  XZ      /nix/store/yj98k9wrm397hrzdrsc89fybqfddy1zf-linux-riscv64-unknown-linux-gnu-7.3.0-rc5-modules/lib/modules/7.3.0-rc5/kernel/crypto/authencesn.ko.xz
  XZ      /nix/store/yj98k9wrm397hrzdrsc89fybqfddy1zf-linux-riscv64-unknown-linux-gnu-7.3.0-rc5-modules/lib/modules/7.3.0-rc5/kernel/crypto/krb5enc.ko.xz
  XZ      /nix/store/yj98k9wrm397hrzdrsc89fybqfddy1zf-linux-riscv64-unknown-linux-gnu-7.3.0-rc5-modules/lib/modules/7.3.0-rc5/kernel/crypto/af_alg.ko.xz
  XZ      /nix/store/yj98k9wrm397hrzdrsc89fybqfddy1zf-linux-riscv64-unknown-linux-gnu-7.3.0-rc5-modules/lib/modules/7.3.0-rc5/kernel/crypto/algif_hash.ko.xz
  XZ      /nix/store/yj98k9wrm397hrzdrsc89fybqfddy1zf-linux-riscv64-unknown-linux-gnu-7.3.0-rc5-modules/lib/modules/7.3.0-rc5/kernel/crypto/krb5/krb5.ko.xz
  XZ      /nix/store/yj98k9wrm397hrzdrsc89fybqfddy1zf-linux-riscv64-unknown-linux-gnu-7.3.0-rc5-modules/lib/modules/7.3.0-rc5/kernel/block/bfq.ko.xz
  XZ      /nix/store/yj98k9wrm397hrzdrsc89fybqfddy1zf-linux-riscv64-unknown-linux-gnu-7.3.0-rc5-modules/lib/modules/7.3.0-rc5/kernel/lib/crc/crc-ccitt.ko.xz
  XZ      /nix/store/yj98k9wrm397hrzdrsc89fybqfddy1zf-linux-riscv64-unknown-linux-gnu-7.3.0-rc5-modules/lib/modules/7.3.0-rc5/kernel/lib/crypto/libblake2b.ko.xz
  XZ      /nix/store/yj98k9wrm397hrzdrsc89fybqfddy1zf-linux-riscv64-unknown-linux-gnu-7.3.0-rc5-modules/lib/modules/7.3.0-rc5/kernel/lib/raid/xor/xor.ko.xz
  XZ      /nix/store/yj98k9wrm397hrzdrsc89fybqfddy1zf-linux-riscv64-unknown-linux-gnu-7.3.0-rc5-modules/lib/modules/7.3.0-rc5/kernel/lib/raid/raid6/raid6_pq.ko.xz
  XZ      /nix/store/yj98k9wrm397hrzdrsc89fybqfddy1zf-linux-riscv64-unknown-linux-gnu-7.3.0-rc5-modules/lib/modules/7.3.0-rc5/kernel/lib/lzo/lzo_compress.ko.xz
  XZ      /nix/store/yj98k9wrm397hrzdrsc89fybqfddy1zf-linux-riscv64-unknown-linux-gnu-7.3.0-rc5-modules/lib/modules/7.3.0-rc5/kernel/lib/lz4/lz4_compress.ko.xz
  XZ      /nix/store/yj98k9wrm397hrzdrsc89fybqfddy1zf-linux-riscv64-unknown-linux-gnu-7.3.0-rc5-modules/lib/modules/7.3.0-rc5/kernel/lib/lz4/lz4hc_compress.ko.xz
  XZ      /nix/store/yj98k9wrm397hrzdrsc89fybqfddy1zf-linux-riscv64-unknown-linux-gnu-7.3.0-rc5-modules/lib/modules/7.3.0-rc5/kernel/lib/842/842_compress.ko.xz
  XZ      /nix/store/yj98k9wrm397hrzdrsc89fybqfddy1zf-linux-riscv64-unknown-linux-gnu-7.3.0-rc5-modules/lib/modules/7.3.0-rc5/kernel/lib/842/842_decompress.ko.xz
  XZ      /nix/store/yj98k9wrm397hrzdrsc89fybqfddy1zf-linux-riscv64-unknown-linux-gnu-7.3.0-rc5-modules/lib/modules/7.3.0-rc5/kernel/drivers/phy/allwinner/phy-sun4i-usb.ko.xz
  XZ      /nix/store/yj98k9wrm397hrzdrsc89fybqfddy1zf-linux-riscv64-unknown-linux-gnu-7.3.0-rc5-modules/lib/modules/7.3.0-rc5/kernel/drivers/phy/allwinner/phy-sun6i-mipi-dphy.ko.xz
  XZ      /nix/store/yj98k9wrm397hrzdrsc89fybqfddy1zf-linux-riscv64-unknown-linux-gnu-7.3.0-rc5-modules/lib/modules/7.3.0-rc5/kernel/drivers/phy/starfive/phy-jh7110-dphy-rx.ko.xz
  XZ      /nix/store/yj98k9wrm397hrzdrsc89fybqfddy1zf-linux-riscv64-unknown-linux-gnu-7.3.0-rc5-modules/lib/modules/7.3.0-rc5/kernel/drivers/phy/starfive/phy-jh7110-pcie.ko.xz
  XZ      /nix/store/yj98k9wrm397hrzdrsc89fybqfddy1zf-linux-riscv64-unknown-linux-gnu-7.3.0-rc5-modules/lib/modules/7.3.0-rc5/kernel/drivers/phy/starfive/phy-jh7110-usb.ko.xz
  XZ      /nix/store/yj98k9wrm397hrzdrsc89fybqfddy1zf-linux-riscv64-unknown-linux-gnu-7.3.0-rc5-modules/lib/modules/7.3.0-rc5/kernel/drivers/gpio/gpio-pca953x.ko.xz
  XZ      /nix/store/yj98k9wrm397hrzdrsc89fybqfddy1zf-linux-riscv64-unknown-linux-gnu-7.3.0-rc5-modules/lib/modules/7.3.0-rc5/kernel/drivers/pwm/pwm-pxa.ko.xz
  XZ      /nix/store/yj98k9wrm397hrzdrsc89fybqfddy1zf-linux-riscv64-unknown-linux-gnu-7.3.0-rc5-modules/lib/modules/7.3.0-rc5/kernel/drivers/pci/controller/plda/pcie-starfive.ko.xz
  XZ      /nix/store/yj98k9wrm397hrzdrsc89fybqfddy1zf-linux-riscv64-unknown-linux-gnu-7.3.0-rc5-modules/lib/modules/7.3.0-rc5/kernel/drivers/acpi/video.ko.xz
  XZ      /nix/store/yj98k9wrm397hrzdrsc89fybqfddy1zf-linux-riscv64-unknown-linux-gnu-7.3.0-rc5-modules/lib/modules/7.3.0-rc5/kernel/drivers/clk/starfive/clk-starfive-jh7100-audio.ko.xz
  XZ      /nix/store/yj98k9wrm397hrzdrsc89fybqfddy1zf-linux-riscv64-unknown-linux-gnu-7.3.0-rc5-modules/lib/modules/7.3.0-rc5/kernel/drivers/clk/starfive/clk-starfive-jh7110-aon.ko.xz
  XZ      /nix/store/yj98k9wrm397hrzdrsc89fybqfddy1zf-linux-riscv64-unknown-linux-gnu-7.3.0-rc5-modules/lib/modules/7.3.0-rc5/kernel/drivers/clk/starfive/clk-starfive-jh7110-stg.ko.xz
  XZ      /nix/store/yj98k9wrm397hrzdrsc89fybqfddy1zf-linux-riscv64-unknown-linux-gnu-7.3.0-rc5-modules/lib/modules/7.3.0-rc5/kernel/drivers/clk/starfive/clk-starfive-jh7110-isp.ko.xz
  XZ      /nix/store/yj98k9wrm397hrzdrsc89fybqfddy1zf-linux-riscv64-unknown-linux-gnu-7.3.0-rc5-modules/lib/modules/7.3.0-rc5/kernel/drivers/clk/starfive/clk-starfive-jh7110-vout.ko.xz
  XZ      /nix/store/yj98k9wrm397hrzdrsc89fybqfddy1zf-linux-riscv64-unknown-linux-gnu-7.3.0-rc5-modules/lib/modules/7.3.0-rc5/kernel/drivers/clk/sunxi-ng/sun8i-de2-ccu.ko.xz
  XZ      /nix/store/yj98k9wrm397hrzdrsc89fybqfddy1zf-linux-riscv64-unknown-linux-gnu-7.3.0-rc5-modules/lib/modules/7.3.0-rc5/kernel/drivers/dma/sun6i-dma.ko.xz
  XZ      /nix/store/yj98k9wrm397hrzdrsc89fybqfddy1zf-linux-riscv64-unknown-linux-gnu-7.3.0-rc5-modules/lib/modules/7.3.0-rc5/kernel/drivers/dma/mmp_pdma.ko.xz
  XZ      /nix/store/yj98k9wrm397hrzdrsc89fybqfddy1zf-linux-riscv64-unknown-linux-gnu-7.3.0-rc5-modules/lib/modules/7.3.0-rc5/kernel/drivers/virtio/virtio_dma_buf.ko.xz
  XZ      /nix/store/yj98k9wrm397hrzdrsc89fybqfddy1zf-linux-riscv64-unknown-linux-gnu-7.3.0-rc5-modules/lib/modules/7.3.0-rc5/kernel/drivers/char/hw_random/jh7110-trng.ko.xz
  XZ      /nix/store/yj98k9wrm397hrzdrsc89fybqfddy1zf-linux-riscv64-unknown-linux-gnu-7.3.0-rc5-modules/lib/modules/7.3.0-rc5/kernel/drivers/gpu/drm/bridge/synopsys/dw-hdmi.ko.xz
  XZ      /nix/store/yj98k9wrm397hrzdrsc89fybqfddy1zf-linux-riscv64-unknown-linux-gnu-7.3.0-rc5-modules/lib/modules/7.3.0-rc5/kernel/drivers/gpu/drm/drm_exec.ko.xz
  XZ      /nix/store/yj98k9wrm397hrzdrsc89fybqfddy1zf-linux-riscv64-unknown-linux-gnu-7.3.0-rc5-modules/lib/modules/7.3.0-rc5/kernel/drivers/gpu/drm/drm_gpuvm.ko.xz
  XZ      /nix/store/yj98k9wrm397hrzdrsc89fybqfddy1zf-linux-riscv64-unknown-linux-gnu-7.3.0-rc5-modules/lib/modules/7.3.0-rc5/kernel/drivers/gpu/drm/drm_suballoc_helper.ko.xz
  XZ      /nix/store/yj98k9wrm397hrzdrsc89fybqfddy1zf-linux-riscv64-unknown-linux-gnu-7.3.0-rc5-modules/lib/modules/7.3.0-rc5/kernel/drivers/gpu/drm/drm_ttm_helper.ko.xz
  XZ      /nix/store/yj98k9wrm397hrzdrsc89fybqfddy1zf-linux-riscv64-unknown-linux-gnu-7.3.0-rc5-modules/lib/modules/7.3.0-rc5/kernel/drivers/gpu/drm/ttm/ttm.ko.xz
  XZ      /nix/store/yj98k9wrm397hrzdrsc89fybqfddy1zf-linux-riscv64-unknown-linux-gnu-7.3.0-rc5-modules/lib/modules/7.3.0-rc5/kernel/drivers/gpu/drm/scheduler/gpu-sched.ko.xz
  XZ      /nix/store/yj98k9wrm397hrzdrsc89fybqfddy1zf-linux-riscv64-unknown-linux-gnu-7.3.0-rc5-modules/lib/modules/7.3.0-rc5/kernel/drivers/gpu/drm/radeon/radeon.ko.xz
  XZ      /nix/store/yj98k9wrm397hrzdrsc89fybqfddy1zf-linux-riscv64-unknown-linux-gnu-7.3.0-rc5-modules/lib/modules/7.3.0-rc5/kernel/drivers/gpu/drm/nouveau/ch7006.ko.xz
  XZ      /nix/store/yj98k9wrm397hrzdrsc89fybqfddy1zf-linux-riscv64-unknown-linux-gnu-7.3.0-rc5-modules/lib/modules/7.3.0-rc5/kernel/drivers/gpu/drm/nouveau/sil164.ko.xz
  XZ      /nix/store/yj98k9wrm397hrzdrsc89fybqfddy1zf-linux-riscv64-unknown-linux-gnu-7.3.0-rc5-modules/lib/modules/7.3.0-rc5/kernel/drivers/gpu/drm/sun4i/sun4i-drm.ko.xz
  XZ      /nix/store/yj98k9wrm397hrzdrsc89fybqfddy1zf-linux-riscv64-unknown-linux-gnu-7.3.0-rc5-modules/lib/modules/7.3.0-rc5/kernel/drivers/gpu/drm/sun4i/sun4i-tcon.ko.xz
  XZ      /nix/store/yj98k9wrm397hrzdrsc89fybqfddy1zf-linux-riscv64-unknown-linux-gnu-7.3.0-rc5-modules/lib/modules/7.3.0-rc5/kernel/drivers/gpu/drm/sun4i/sun4i_tv.ko.xz
  XZ      /nix/store/yj98k9wrm397hrzdrsc89fybqfddy1zf-linux-riscv64-unknown-linux-gnu-7.3.0-rc5-modules/lib/modules/7.3.0-rc5/kernel/drivers/gpu/drm/sun4i/sun6i_drc.ko.xz
  XZ      /nix/store/yj98k9wrm397hrzdrsc89fybqfddy1zf-linux-riscv64-unknown-linux-gnu-7.3.0-rc5-modules/lib/modules/7.3.0-rc5/kernel/drivers/gpu/drm/sun4i/sun6i_mipi_dsi.ko.xz
  XZ      /nix/store/yj98k9wrm397hrzdrsc89fybqfddy1zf-linux-riscv64-unknown-linux-gnu-7.3.0-rc5-modules/lib/modules/7.3.0-rc5/kernel/drivers/gpu/drm/sun4i/sun8i-drm-hdmi.ko.xz
  XZ      /nix/store/yj98k9wrm397hrzdrsc89fybqfddy1zf-linux-riscv64-unknown-linux-gnu-7.3.0-rc5-modules/lib/modules/7.3.0-rc5/kernel/drivers/gpu/drm/sun4i/sun8i-mixer.ko.xz
  XZ      /nix/store/yj98k9wrm397hrzdrsc89fybqfddy1zf-linux-riscv64-unknown-linux-gnu-7.3.0-rc5-modules/lib/modules/7.3.0-rc5/kernel/drivers/gpu/drm/sun4i/sun8i_tcon_top.ko.xz
  XZ      /nix/store/yj98k9wrm397hrzdrsc89fybqfddy1zf-linux-riscv64-unknown-linux-gnu-7.3.0-rc5-modules/lib/modules/7.3.0-rc5/kernel/drivers/gpu/drm/virtio/virtio-gpu.ko.xz
  XZ      /nix/store/yj98k9wrm397hrzdrsc89fybqfddy1zf-linux-riscv64-unknown-linux-gnu-7.3.0-rc5-modules/lib/modules/7.3.0-rc5/kernel/drivers/block/zram/zram.ko.xz
  XZ      /nix/store/yj98k9wrm397hrzdrsc89fybqfddy1zf-linux-riscv64-unknown-linux-gnu-7.3.0-rc5-modules/lib/modules/7.3.0-rc5/kernel/drivers/nvme/common/nvme-keyring.ko.xz
  XZ      /nix/store/yj98k9wrm397hrzdrsc89fybqfddy1zf-linux-riscv64-unknown-linux-gnu-7.3.0-rc5-modules/lib/modules/7.3.0-rc5/kernel/drivers/nvme/common/nvme-auth.ko.xz
  XZ      /nix/store/yj98k9wrm397hrzdrsc89fybqfddy1zf-linux-riscv64-unknown-linux-gnu-7.3.0-rc5-modules/lib/modules/7.3.0-rc5/kernel/drivers/nvme/host/nvme-core.ko.xz
  XZ      /nix/store/yj98k9wrm397hrzdrsc89fybqfddy1zf-linux-riscv64-unknown-linux-gnu-7.3.0-rc5-modules/lib/modules/7.3.0-rc5/kernel/drivers/nvme/host/nvme.ko.xz
  XZ      /nix/store/yj98k9wrm397hrzdrsc89fybqfddy1zf-linux-riscv64-unknown-linux-gnu-7.3.0-rc5-modules/lib/modules/7.3.0-rc5/kernel/drivers/nvme/target/nvmet.ko.xz
  XZ      /nix/store/yj98k9wrm397hrzdrsc89fybqfddy1zf-linux-riscv64-unknown-linux-gnu-7.3.0-rc5-modules/lib/modules/7.3.0-rc5/kernel/drivers/spi/spi-cadence-quadspi.ko.xz
  XZ      /nix/store/yj98k9wrm397hrzdrsc89fybqfddy1zf-linux-riscv64-unknown-linux-gnu-7.3.0-rc5-modules/lib/modules/7.3.0-rc5/kernel/drivers/spi/spi-fsl-qspi.ko.xz
  XZ      /nix/store/yj98k9wrm397hrzdrsc89fybqfddy1zf-linux-riscv64-unknown-linux-gnu-7.3.0-rc5-modules/lib/modules/7.3.0-rc5/kernel/drivers/spi/spi-pl022.ko.xz
  XZ      /nix/store/yj98k9wrm397hrzdrsc89fybqfddy1zf-linux-riscv64-unknown-linux-gnu-7.3.0-rc5-modules/lib/modules/7.3.0-rc5/kernel/drivers/spi/spi-spacemit-k1.ko.xz
  XZ      /nix/store/yj98k9wrm397hrzdrsc89fybqfddy1zf-linux-riscv64-unknown-linux-gnu-7.3.0-rc5-modules/lib/modules/7.3.0-rc5/kernel/drivers/net/mdio/mdio-mux.ko.xz
  XZ      /nix/store/yj98k9wrm397hrzdrsc89fybqfddy1zf-linux-riscv64-unknown-linux-gnu-7.3.0-rc5-modules/lib/modules/7.3.0-rc5/kernel/drivers/net/pcs/pcs_xpcs.ko.xz
  XZ      /nix/store/yj98k9wrm397hrzdrsc89fybqfddy1zf-linux-riscv64-unknown-linux-gnu-7.3.0-rc5-modules/lib/modules/7.3.0-rc5/kernel/drivers/net/ethernet/spacemit/k1_emac.ko.xz
  XZ      /nix/store/yj98k9wrm397hrzdrsc89fybqfddy1zf-linux-riscv64-unknown-linux-gnu-7.3.0-rc5-modules/lib/modules/7.3.0-rc5/kernel/drivers/net/ethernet/stmicro/stmmac/stmmac.ko.xz
  XZ      /nix/store/yj98k9wrm397hrzdrsc89fybqfddy1zf-linux-riscv64-unknown-linux-gnu-7.3.0-rc5-modules/lib/modules/7.3.0-rc5/kernel/drivers/net/ethernet/stmicro/stmmac/stmmac-platform.ko.xz
  XZ      /nix/store/yj98k9wrm397hrzdrsc89fybqfddy1zf-linux-riscv64-unknown-linux-gnu-7.3.0-rc5-modules/lib/modules/7.3.0-rc5/kernel/drivers/net/ethernet/stmicro/stmmac/dwmac-sophgo.ko.xz
  XZ      /nix/store/yj98k9wrm397hrzdrsc89fybqfddy1zf-linux-riscv64-unknown-linux-gnu-7.3.0-rc5-modules/lib/modules/7.3.0-rc5/kernel/drivers/net/ethernet/stmicro/stmmac/dwmac-spacemit.ko.xz
  XZ      /nix/store/yj98k9wrm397hrzdrsc89fybqfddy1zf-linux-riscv64-unknown-linux-gnu-7.3.0-rc5-modules/lib/modules/7.3.0-rc5/kernel/drivers/net/ethernet/stmicro/stmmac/dwmac-starfive.ko.xz
  XZ      /nix/store/yj98k9wrm397hrzdrsc89fybqfddy1zf-linux-riscv64-unknown-linux-gnu-7.3.0-rc5-modules/lib/modules/7.3.0-rc5/kernel/drivers/net/ethernet/stmicro/stmmac/dwmac-sunxi.ko.xz
  XZ      /nix/store/yj98k9wrm397hrzdrsc89fybqfddy1zf-linux-riscv64-unknown-linux-gnu-7.3.0-rc5-modules/lib/modules/7.3.0-rc5/kernel/drivers/net/ethernet/stmicro/stmmac/dwmac-sun8i.ko.xz
  XZ      /nix/store/yj98k9wrm397hrzdrsc89fybqfddy1zf-linux-riscv64-unknown-linux-gnu-7.3.0-rc5-modules/lib/modules/7.3.0-rc5/kernel/drivers/net/ethernet/stmicro/stmmac/dwmac-sun55i.ko.xz
  XZ      /nix/store/yj98k9wrm397hrzdrsc89fybqfddy1zf-linux-riscv64-unknown-linux-gnu-7.3.0-rc5-modules/lib/modules/7.3.0-rc5/kernel/drivers/net/ethernet/stmicro/stmmac/dwmac-thead.ko.xz
  XZ      /nix/store/yj98k9wrm397hrzdrsc89fybqfddy1zf-linux-riscv64-unknown-linux-gnu-7.3.0-rc5-modules/lib/modules/7.3.0-rc5/kernel/drivers/net/ethernet/stmicro/stmmac/dwmac-generic.ko.xz
  XZ      /nix/store/yj98k9wrm397hrzdrsc89fybqfddy1zf-linux-riscv64-unknown-linux-gnu-7.3.0-rc5-modules/lib/modules/7.3.0-rc5/kernel/drivers/net/bonding/bonding.ko.xz
  XZ      /nix/store/yj98k9wrm397hrzdrsc89fybqfddy1zf-linux-riscv64-unknown-linux-gnu-7.3.0-rc5-modules/lib/modules/7.3.0-rc5/kernel/drivers/net/ipvlan/ipvlan.ko.xz
  XZ      /nix/store/yj98k9wrm397hrzdrsc89fybqfddy1zf-linux-riscv64-unknown-linux-gnu-7.3.0-rc5-modules/lib/modules/7.3.0-rc5/kernel/drivers/net/dummy.ko.xz
  XZ      /nix/store/yj98k9wrm397hrzdrsc89fybqfddy1zf-linux-riscv64-unknown-linux-gnu-7.3.0-rc5-modules/lib/modules/7.3.0-rc5/kernel/drivers/net/macvlan.ko.xz
  XZ      /nix/store/yj98k9wrm397hrzdrsc89fybqfddy1zf-linux-riscv64-unknown-linux-gnu-7.3.0-rc5-modules/lib/modules/7.3.0-rc5/kernel/drivers/net/mii.ko.xz
  XZ      /nix/store/yj98k9wrm397hrzdrsc89fybqfddy1zf-linux-riscv64-unknown-linux-gnu-7.3.0-rc5-modules/lib/modules/7.3.0-rc5/kernel/drivers/net/netconsole.ko.xz
  XZ      /nix/store/yj98k9wrm397hrzdrsc89fybqfddy1zf-linux-riscv64-unknown-linux-gnu-7.3.0-rc5-modules/lib/modules/7.3.0-rc5/kernel/drivers/net/veth.ko.xz
  XZ      /nix/store/yj98k9wrm397hrzdrsc89fybqfddy1zf-linux-riscv64-unknown-linux-gnu-7.3.0-rc5-modules/lib/modules/7.3.0-rc5/kernel/drivers/net/vxlan/vxlan.ko.xz
  XZ      /nix/store/yj98k9wrm397hrzdrsc89fybqfddy1zf-linux-riscv64-unknown-linux-gnu-7.3.0-rc5-modules/lib/modules/7.3.0-rc5/kernel/drivers/net/can/dev/can-dev.ko.xz
  XZ      /nix/store/yj98k9wrm397hrzdrsc89fybqfddy1zf-linux-riscv64-unknown-linux-gnu-7.3.0-rc5-modules/lib/modules/7.3.0-rc5/kernel/drivers/usb/phy/phy-generic.ko.xz
  XZ      /nix/store/yj98k9wrm397hrzdrsc89fybqfddy1zf-linux-riscv64-unknown-linux-gnu-7.3.0-rc5-modules/lib/modules/7.3.0-rc5/kernel/drivers/usb/gadget/function/usb_f_acm.ko.xz
  XZ      /nix/store/yj98k9wrm397hrzdrsc89fybqfddy1zf-linux-riscv64-unknown-linux-gnu-7.3.0-rc5-modules/lib/modules/7.3.0-rc5/kernel/drivers/usb/gadget/function/u_serial.ko.xz
  XZ      /nix/store/yj98k9wrm397hrzdrsc89fybqfddy1zf-linux-riscv64-unknown-linux-gnu-7.3.0-rc5-modules/lib/modules/7.3.0-rc5/kernel/drivers/usb/gadget/function/usb_f_serial.ko.xz
  XZ      /nix/store/yj98k9wrm397hrzdrsc89fybqfddy1zf-linux-riscv64-unknown-linux-gnu-7.3.0-rc5-modules/lib/modules/7.3.0-rc5/kernel/drivers/usb/gadget/function/usb_f_obex.ko.xz
  XZ      /nix/store/yj98k9wrm397hrzdrsc89fybqfddy1zf-linux-riscv64-unknown-linux-gnu-7.3.0-rc5-modules/lib/modules/7.3.0-rc5/kernel/drivers/usb/gadget/function/u_ether.ko.xz
  XZ      /nix/store/yj98k9wrm397hrzdrsc89fybqfddy1zf-linux-riscv64-unknown-linux-gnu-7.3.0-rc5-modules/lib/modules/7.3.0-rc5/kernel/drivers/usb/gadget/function/usb_f_ncm.ko.xz
  XZ      /nix/store/yj98k9wrm397hrzdrsc89fybqfddy1zf-linux-riscv64-unknown-linux-gnu-7.3.0-rc5-modules/lib/modules/7.3.0-rc5/kernel/drivers/usb/gadget/function/usb_f_ecm.ko.xz
  XZ      /nix/store/yj98k9wrm397hrzdrsc89fybqfddy1zf-linux-riscv64-unknown-linux-gnu-7.3.0-rc5-modules/lib/modules/7.3.0-rc5/kernel/drivers/usb/gadget/function/usb_f_eem.ko.xz
  XZ      /nix/store/yj98k9wrm397hrzdrsc89fybqfddy1zf-linux-riscv64-unknown-linux-gnu-7.3.0-rc5-modules/lib/modules/7.3.0-rc5/kernel/drivers/usb/gadget/function/usb_f_ecm_subset.ko.xz
  XZ      /nix/store/yj98k9wrm397hrzdrsc89fybqfddy1zf-linux-riscv64-unknown-linux-gnu-7.3.0-rc5-modules/lib/modules/7.3.0-rc5/kernel/drivers/usb/gadget/function/usb_f_rndis.ko.xz
  XZ      /nix/store/yj98k9wrm397hrzdrsc89fybqfddy1zf-linux-riscv64-unknown-linux-gnu-7.3.0-rc5-modules/lib/modules/7.3.0-rc5/kernel/drivers/usb/gadget/function/usb_f_mass_storage.ko.xz
  XZ      /nix/store/yj98k9wrm397hrzdrsc89fybqfddy1zf-linux-riscv64-unknown-linux-gnu-7.3.0-rc5-modules/lib/modules/7.3.0-rc5/kernel/drivers/usb/gadget/function/usb_f_fs.ko.xz
  XZ      /nix/store/yj98k9wrm397hrzdrsc89fybqfddy1zf-linux-riscv64-unknown-linux-gnu-7.3.0-rc5-modules/lib/modules/7.3.0-rc5/kernel/drivers/usb/gadget/libcomposite.ko.xz
  XZ      /nix/store/yj98k9wrm397hrzdrsc89fybqfddy1zf-linux-riscv64-unknown-linux-gnu-7.3.0-rc5-modules/lib/modules/7.3.0-rc5/kernel/drivers/usb/cdns3/cdns.ko.xz
  XZ      /nix/store/yj98k9wrm397hrzdrsc89fybqfddy1zf-linux-riscv64-unknown-linux-gnu-7.3.0-rc5-modules/lib/modules/7.3.0-rc5/kernel/drivers/usb/cdns3/cdns3-pci-wrap.ko.xz
  XZ      /nix/store/yj98k9wrm397hrzdrsc89fybqfddy1zf-linux-riscv64-unknown-linux-gnu-7.3.0-rc5-modules/lib/modules/7.3.0-rc5/kernel/drivers/usb/cdns3/cdnsp-pci.ko.xz
  XZ      /nix/store/yj98k9wrm397hrzdrsc89fybqfddy1zf-linux-riscv64-unknown-linux-gnu-7.3.0-rc5-modules/lib/modules/7.3.0-rc5/kernel/drivers/usb/cdns3/cdns3-starfive.ko.xz
  XZ      /nix/store/yj98k9wrm397hrzdrsc89fybqfddy1zf-linux-riscv64-unknown-linux-gnu-7.3.0-rc5-modules/lib/modules/7.3.0-rc5/kernel/drivers/usb/musb/musb_hdrc.ko.xz
  XZ      /nix/store/yj98k9wrm397hrzdrsc89fybqfddy1zf-linux-riscv64-unknown-linux-gnu-7.3.0-rc5-modules/lib/modules/7.3.0-rc5/kernel/drivers/usb/musb/sunxi.ko.xz
  XZ      /nix/store/yj98k9wrm397hrzdrsc89fybqfddy1zf-linux-riscv64-unknown-linux-gnu-7.3.0-rc5-modules/lib/modules/7.3.0-rc5/kernel/drivers/input/keyboard/sun4i-lradc-keys.ko.xz
  XZ      /nix/store/yj98k9wrm397hrzdrsc89fybqfddy1zf-linux-riscv64-unknown-linux-gnu-7.3.0-rc5-modules/lib/modules/7.3.0-rc5/kernel/drivers/i2c/algos/i2c-algo-bit.ko.xz
  XZ      /nix/store/yj98k9wrm397hrzdrsc89fybqfddy1zf-linux-riscv64-unknown-linux-gnu-7.3.0-rc5-modules/lib/modules/7.3.0-rc5/kernel/drivers/i2c/busses/i2c-mv64xxx.ko.xz
  XZ      /nix/store/yj98k9wrm397hrzdrsc89fybqfddy1zf-linux-riscv64-unknown-linux-gnu-7.3.0-rc5-modules/lib/modules/7.3.0-rc5/kernel/drivers/i2c/i2c-dev.ko.xz
  XZ      /nix/store/yj98k9wrm397hrzdrsc89fybqfddy1zf-linux-riscv64-unknown-linux-gnu-7.3.0-rc5-modules/lib/modules/7.3.0-rc5/kernel/drivers/i2c/i2c-mux.ko.xz
  XZ      /nix/store/yj98k9wrm397hrzdrsc89fybqfddy1zf-linux-riscv64-unknown-linux-gnu-7.3.0-rc5-modules/lib/modules/7.3.0-rc5/kernel/drivers/media/i2c/ir-kbd-i2c.ko.xz
  XZ      /nix/store/yj98k9wrm397hrzdrsc89fybqfddy1zf-linux-riscv64-unknown-linux-gnu-7.3.0-rc5-modules/lib/modules/7.3.0-rc5/kernel/drivers/media/tuners/mc44s803.ko.xz
  XZ      /nix/store/yj98k9wrm397hrzdrsc89fybqfddy1zf-linux-riscv64-unknown-linux-gnu-7.3.0-rc5-modules/lib/modules/7.3.0-rc5/kernel/drivers/media/tuners/mt20xx.ko.xz
  XZ      /nix/store/yj98k9wrm397hrzdrsc89fybqfddy1zf-linux-riscv64-unknown-linux-gnu-7.3.0-rc5-modules/lib/modules/7.3.0-rc5/kernel/drivers/media/tuners/tuner-simple.ko.xz
  XZ      /nix/store/yj98k9wrm397hrzdrsc89fybqfddy1zf-linux-riscv64-unknown-linux-gnu-7.3.0-rc5-modules/lib/modules/7.3.0-rc5/kernel/drivers/media/tuners/tuner-types.ko.xz
  XZ      /nix/store/yj98k9wrm397hrzdrsc89fybqfddy1zf-linux-riscv64-unknown-linux-gnu-7.3.0-rc5-modules/lib/modules/7.3.0-rc5/kernel/drivers/media/tuners/tda18271.ko.xz
  XZ      /nix/store/yj98k9wrm397hrzdrsc89fybqfddy1zf-linux-riscv64-unknown-linux-gnu-7.3.0-rc5-modules/lib/modules/7.3.0-rc5/kernel/drivers/media/tuners/tda827x.ko.xz
  XZ      /nix/store/yj98k9wrm397hrzdrsc89fybqfddy1zf-linux-riscv64-unknown-linux-gnu-7.3.0-rc5-modules/lib/modules/7.3.0-rc5/kernel/drivers/media/tuners/tda8290.ko.xz
  XZ      /nix/store/yj98k9wrm397hrzdrsc89fybqfddy1zf-linux-riscv64-unknown-linux-gnu-7.3.0-rc5-modules/lib/modules/7.3.0-rc5/kernel/drivers/media/tuners/tda9887.ko.xz
  XZ      /nix/store/yj98k9wrm397hrzdrsc89fybqfddy1zf-linux-riscv64-unknown-linux-gnu-7.3.0-rc5-modules/lib/modules/7.3.0-rc5/kernel/drivers/media/tuners/xc2028.ko.xz
  XZ      /nix/store/yj98k9wrm397hrzdrsc89fybqfddy1zf-linux-riscv64-unknown-linux-gnu-7.3.0-rc5-modules/lib/modules/7.3.0-rc5/kernel/drivers/media/tuners/xc4000.ko.xz
  XZ      /nix/store/yj98k9wrm397hrzdrsc89fybqfddy1zf-linux-riscv64-unknown-linux-gnu-7.3.0-rc5-modules/lib/modules/7.3.0-rc5/kernel/drivers/media/tuners/xc5000.ko.xz
  XZ      /nix/store/yj98k9wrm397hrzdrsc89fybqfddy1zf-linux-riscv64-unknown-linux-gnu-7.3.0-rc5-modules/lib/modules/7.3.0-rc5/kernel/drivers/media/platform/cadence/cdns-csi2rx.ko.xz
  XZ      /nix/store/yj98k9wrm397hrzdrsc89fybqfddy1zf-linux-riscv64-unknown-linux-gnu-7.3.0-rc5-modules/lib/modules/7.3.0-rc5/kernel/drivers/media/mc/mc.ko.xz
  XZ      /nix/store/yj98k9wrm397hrzdrsc89fybqfddy1zf-linux-riscv64-unknown-linux-gnu-7.3.0-rc5-modules/lib/modules/7.3.0-rc5/kernel/drivers/media/v4l2-core/v4l2-async.ko.xz
  XZ      /nix/store/yj98k9wrm397hrzdrsc89fybqfddy1zf-linux-riscv64-unknown-linux-gnu-7.3.0-rc5-modules/lib/modules/7.3.0-rc5/kernel/drivers/media/v4l2-core/v4l2-fwnode.ko.xz
  XZ      /nix/store/yj98k9wrm397hrzdrsc89fybqfddy1zf-linux-riscv64-unknown-linux-gnu-7.3.0-rc5-modules/lib/modules/7.3.0-rc5/kernel/drivers/media/v4l2-core/v4l2-dv-timings.ko.xz
  XZ      /nix/store/yj98k9wrm397hrzdrsc89fybqfddy1zf-linux-riscv64-unknown-linux-gnu-7.3.0-rc5-modules/lib/modules/7.3.0-rc5/kernel/drivers/media/v4l2-core/videodev.ko.xz
  XZ      /nix/store/yj98k9wrm397hrzdrsc89fybqfddy1zf-linux-riscv64-unknown-linux-gnu-7.3.0-rc5-modules/lib/modules/7.3.0-rc5/kernel/drivers/media/dvb-core/dvb-core.ko.xz
  XZ      /nix/store/yj98k9wrm397hrzdrsc89fybqfddy1zf-linux-riscv64-unknown-linux-gnu-7.3.0-rc5-modules/lib/modules/7.3.0-rc5/kernel/drivers/hwmon/sfctemp.ko.xz
  XZ      /nix/store/yj98k9wrm397hrzdrsc89fybqfddy1zf-linux-riscv64-unknown-linux-gnu-7.3.0-rc5-modules/lib/modules/7.3.0-rc5/kernel/drivers/md/dm-mod.ko.xz
  XZ      /nix/store/yj98k9wrm397hrzdrsc89fybqfddy1zf-linux-riscv64-unknown-linux-gnu-7.3.0-rc5-modules/lib/modules/7.3.0-rc5/kernel/drivers/md/dm-bufio.ko.xz
  XZ      /nix/store/yj98k9wrm397hrzdrsc89fybqfddy1zf-linux-riscv64-unknown-linux-gnu-7.3.0-rc5-modules/lib/modules/7.3.0-rc5/kernel/drivers/md/dm-bio-prison.ko.xz
  XZ      /nix/store/yj98k9wrm397hrzdrsc89fybqfddy1zf-linux-riscv64-unknown-linux-gnu-7.3.0-rc5-modules/lib/modules/7.3.0-rc5/kernel/drivers/md/persistent-data/dm-persistent-data.ko.xz
  XZ      /nix/store/yj98k9wrm397hrzdrsc89fybqfddy1zf-linux-riscv64-unknown-linux-gnu-7.3.0-rc5-modules/lib/modules/7.3.0-rc5/kernel/drivers/md/dm-thin-pool.ko.xz
  XZ      /nix/store/yj98k9wrm397hrzdrsc89fybqfddy1zf-linux-riscv64-unknown-linux-gnu-7.3.0-rc5-modules/lib/modules/7.3.0-rc5/kernel/drivers/cpufreq/cpufreq_powersave.ko.xz
  XZ      /nix/store/yj98k9wrm397hrzdrsc89fybqfddy1zf-linux-riscv64-unknown-linux-gnu-7.3.0-rc5-modules/lib/modules/7.3.0-rc5/kernel/drivers/cpufreq/cpufreq_conservative.ko.xz
  XZ      /nix/store/yj98k9wrm397hrzdrsc89fybqfddy1zf-linux-riscv64-unknown-linux-gnu-7.3.0-rc5-modules/lib/modules/7.3.0-rc5/kernel/drivers/cpufreq/cppc_cpufreq.ko.xz
  XZ      /nix/store/yj98k9wrm397hrzdrsc89fybqfddy1zf-linux-riscv64-unknown-linux-gnu-7.3.0-rc5-modules/lib/modules/7.3.0-rc5/kernel/drivers/crypto/virtio/virtio_crypto.ko.xz
  XZ      /nix/store/yj98k9wrm397hrzdrsc89fybqfddy1zf-linux-riscv64-unknown-linux-gnu-7.3.0-rc5-modules/lib/modules/7.3.0-rc5/kernel/drivers/infiniband/core/ib_core.ko.xz
  XZ      /nix/store/yj98k9wrm397hrzdrsc89fybqfddy1zf-linux-riscv64-unknown-linux-gnu-7.3.0-rc5-modules/lib/modules/7.3.0-rc5/kernel/drivers/infiniband/core/ib_cm.ko.xz
  XZ      /nix/store/yj98k9wrm397hrzdrsc89fybqfddy1zf-linux-riscv64-unknown-linux-gnu-7.3.0-rc5-modules/lib/modules/7.3.0-rc5/kernel/drivers/infiniband/core/iw_cm.ko.xz
  XZ      /nix/store/yj98k9wrm397hrzdrsc89fybqfddy1zf-linux-riscv64-unknown-linux-gnu-7.3.0-rc5-modules/lib/modules/7.3.0-rc5/kernel/drivers/infiniband/core/rdma_cm.ko.xz
  XZ      /nix/store/yj98k9wrm397hrzdrsc89fybqfddy1zf-linux-riscv64-unknown-linux-gnu-7.3.0-rc5-modules/lib/modules/7.3.0-rc5/kernel/drivers/infiniband/ulp/ipoib/ib_ipoib.ko.xz
  XZ      /nix/store/yj98k9wrm397hrzdrsc89fybqfddy1zf-linux-riscv64-unknown-linux-gnu-7.3.0-rc5-modules/lib/modules/7.3.0-rc5/kernel/sound/soc/codecs/snd-soc-spdif-rx.ko.xz
  XZ      /nix/store/yj98k9wrm397hrzdrsc89fybqfddy1zf-linux-riscv64-unknown-linux-gnu-7.3.0-rc5-modules/lib/modules/7.3.0-rc5/kernel/sound/soc/codecs/snd-soc-spdif-tx.ko.xz
  XZ      /nix/store/yj98k9wrm397hrzdrsc89fybqfddy1zf-linux-riscv64-unknown-linux-gnu-7.3.0-rc5-modules/lib/modules/7.3.0-rc5/kernel/sound/soc/codecs/snd-soc-wm8978.ko.xz
  XZ      /nix/store/yj98k9wrm397hrzdrsc89fybqfddy1zf-linux-riscv64-unknown-linux-gnu-7.3.0-rc5-modules/lib/modules/7.3.0-rc5/kernel/sound/soc/generic/snd-soc-simple-card-utils.ko.xz
  XZ      /nix/store/yj98k9wrm397hrzdrsc89fybqfddy1zf-linux-riscv64-unknown-linux-gnu-7.3.0-rc5-modules/lib/modules/7.3.0-rc5/kernel/sound/soc/generic/snd-soc-simple-card.ko.xz
  XZ      /nix/store/yj98k9wrm397hrzdrsc89fybqfddy1zf-linux-riscv64-unknown-linux-gnu-7.3.0-rc5-modules/lib/modules/7.3.0-rc5/kernel/sound/soc/dwc/designware_i2s.ko.xz
  XZ      /nix/store/yj98k9wrm397hrzdrsc89fybqfddy1zf-linux-riscv64-unknown-linux-gnu-7.3.0-rc5-modules/lib/modules/7.3.0-rc5/kernel/sound/soc/starfive/jh7110_pwmdac.ko.xz
  XZ      /nix/store/yj98k9wrm397hrzdrsc89fybqfddy1zf-linux-riscv64-unknown-linux-gnu-7.3.0-rc5-modules/lib/modules/7.3.0-rc5/kernel/sound/soc/starfive/jh7110_tdm.ko.xz
  XZ      /nix/store/yj98k9wrm397hrzdrsc89fybqfddy1zf-linux-riscv64-unknown-linux-gnu-7.3.0-rc5-modules/lib/modules/7.3.0-rc5/kernel/net/802/psnap.ko.xz
  XZ      /nix/store/yj98k9wrm397hrzdrsc89fybqfddy1zf-linux-riscv64-unknown-linux-gnu-7.3.0-rc5-modules/lib/modules/7.3.0-rc5/kernel/net/802/stp.ko.xz
  XZ      /nix/store/yj98k9wrm397hrzdrsc89fybqfddy1zf-linux-riscv64-unknown-linux-gnu-7.3.0-rc5-modules/lib/modules/7.3.0-rc5/kernel/net/sched/act_bpf.ko.xz
  XZ      /nix/store/yj98k9wrm397hrzdrsc89fybqfddy1zf-linux-riscv64-unknown-linux-gnu-7.3.0-rc5-modules/lib/modules/7.3.0-rc5/kernel/net/sched/cls_cgroup.ko.xz
  XZ      /nix/store/yj98k9wrm397hrzdrsc89fybqfddy1zf-linux-riscv64-unknown-linux-gnu-7.3.0-rc5-modules/lib/modules/7.3.0-rc5/kernel/net/sched/cls_bpf.ko.xz
  XZ      /nix/store/yj98k9wrm397hrzdrsc89fybqfddy1zf-linux-riscv64-unknown-linux-gnu-7.3.0-rc5-modules/lib/modules/7.3.0-rc5/kernel/net/netfilter/nf_conntrack.ko.xz
  XZ      /nix/store/yj98k9wrm397hrzdrsc89fybqfddy1zf-linux-riscv64-unknown-linux-gnu-7.3.0-rc5-modules/lib/modules/7.3.0-rc5/kernel/net/netfilter/nf_conntrack_ftp.ko.xz
  XZ      /nix/store/yj98k9wrm397hrzdrsc89fybqfddy1zf-linux-riscv64-unknown-linux-gnu-7.3.0-rc5-modules/lib/modules/7.3.0-rc5/kernel/net/netfilter/nf_conntrack_tftp.ko.xz
  XZ      /nix/store/yj98k9wrm397hrzdrsc89fybqfddy1zf-linux-riscv64-unknown-linux-gnu-7.3.0-rc5-modules/lib/modules/7.3.0-rc5/kernel/net/netfilter/nf_log_syslog.ko.xz
  XZ      /nix/store/yj98k9wrm397hrzdrsc89fybqfddy1zf-linux-riscv64-unknown-linux-gnu-7.3.0-rc5-modules/lib/modules/7.3.0-rc5/kernel/net/netfilter/x_tables.ko.xz
  XZ      /nix/store/yj98k9wrm397hrzdrsc89fybqfddy1zf-linux-riscv64-unknown-linux-gnu-7.3.0-rc5-modules/lib/modules/7.3.0-rc5/kernel/net/netfilter/xt_tcpudp.ko.xz
  XZ      /nix/store/yj98k9wrm397hrzdrsc89fybqfddy1zf-linux-riscv64-unknown-linux-gnu-7.3.0-rc5-modules/lib/modules/7.3.0-rc5/kernel/net/netfilter/xt_mark.ko.xz
  XZ      /nix/store/yj98k9wrm397hrzdrsc89fybqfddy1zf-linux-riscv64-unknown-linux-gnu-7.3.0-rc5-modules/lib/modules/7.3.0-rc5/kernel/net/netfilter/xt_addrtype.ko.xz
  XZ      /nix/store/yj98k9wrm397hrzdrsc89fybqfddy1zf-linux-riscv64-unknown-linux-gnu-7.3.0-rc5-modules/lib/modules/7.3.0-rc5/kernel/net/netfilter/xt_conntrack.ko.xz
  XZ      /nix/store/yj98k9wrm397hrzdrsc89fybqfddy1zf-linux-riscv64-unknown-linux-gnu-7.3.0-rc5-modules/lib/modules/7.3.0-rc5/kernel/net/netfilter/xt_ipvs.ko.xz
  XZ      /nix/store/yj98k9wrm397hrzdrsc89fybqfddy1zf-linux-riscv64-unknown-linux-gnu-7.3.0-rc5-modules/lib/modules/7.3.0-rc5/kernel/net/netfilter/ipvs/ip_vs.ko.xz
  XZ      /nix/store/yj98k9wrm397hrzdrsc89fybqfddy1zf-linux-riscv64-unknown-linux-gnu-7.3.0-rc5-modules/lib/modules/7.3.0-rc5/kernel/net/netfilter/ipvs/ip_vs_rr.ko.xz
  XZ      /nix/store/yj98k9wrm397hrzdrsc89fybqfddy1zf-linux-riscv64-unknown-linux-gnu-7.3.0-rc5-modules/lib/modules/7.3.0-rc5/kernel/net/ipv4/netfilter/nf_defrag_ipv4.ko.xz
  XZ      /nix/store/yj98k9wrm397hrzdrsc89fybqfddy1zf-linux-riscv64-unknown-linux-gnu-7.3.0-rc5-modules/lib/modules/7.3.0-rc5/kernel/net/ipv4/ip_tunnel.ko.xz
  XZ      /nix/store/yj98k9wrm397hrzdrsc89fybqfddy1zf-linux-riscv64-unknown-linux-gnu-7.3.0-rc5-modules/lib/modules/7.3.0-rc5/kernel/net/ipv4/fou.ko.xz
  XZ      /nix/store/yj98k9wrm397hrzdrsc89fybqfddy1zf-linux-riscv64-unknown-linux-gnu-7.3.0-rc5-modules/lib/modules/7.3.0-rc5/kernel/net/ipv4/udp_tunnel.ko.xz
  XZ      /nix/store/yj98k9wrm397hrzdrsc89fybqfddy1zf-linux-riscv64-unknown-linux-gnu-7.3.0-rc5-modules/lib/modules/7.3.0-rc5/kernel/net/ipv4/esp4.ko.xz
  XZ      /nix/store/yj98k9wrm397hrzdrsc89fybqfddy1zf-linux-riscv64-unknown-linux-gnu-7.3.0-rc5-modules/lib/modules/7.3.0-rc5/kernel/net/ipv4/tunnel4.ko.xz
  XZ      /nix/store/yj98k9wrm397hrzdrsc89fybqfddy1zf-linux-riscv64-unknown-linux-gnu-7.3.0-rc5-modules/lib/modules/7.3.0-rc5/kernel/net/ipv4/inet_diag.ko.xz
  XZ      /nix/store/yj98k9wrm397hrzdrsc89fybqfddy1zf-linux-riscv64-unknown-linux-gnu-7.3.0-rc5-modules/lib/modules/7.3.0-rc5/kernel/net/ipv4/tcp_diag.ko.xz
  XZ      /nix/store/yj98k9wrm397hrzdrsc89fybqfddy1zf-linux-riscv64-unknown-linux-gnu-7.3.0-rc5-modules/lib/modules/7.3.0-rc5/kernel/net/ipv4/udp_diag.ko.xz
  XZ      /nix/store/yj98k9wrm397hrzdrsc89fybqfddy1zf-linux-riscv64-unknown-linux-gnu-7.3.0-rc5-modules/lib/modules/7.3.0-rc5/kernel/net/ipv4/raw_diag.ko.xz
  XZ      /nix/store/yj98k9wrm397hrzdrsc89fybqfddy1zf-linux-riscv64-unknown-linux-gnu-7.3.0-rc5-modules/lib/modules/7.3.0-rc5/kernel/net/ipv4/tcp_bic.ko.xz
  XZ      /nix/store/yj98k9wrm397hrzdrsc89fybqfddy1zf-linux-riscv64-unknown-linux-gnu-7.3.0-rc5-modules/lib/modules/7.3.0-rc5/kernel/net/ipv4/tcp_westwood.ko.xz
  XZ      /nix/store/yj98k9wrm397hrzdrsc89fybqfddy1zf-linux-riscv64-unknown-linux-gnu-7.3.0-rc5-modules/lib/modules/7.3.0-rc5/kernel/net/ipv4/tcp_htcp.ko.xz
  XZ      /nix/store/yj98k9wrm397hrzdrsc89fybqfddy1zf-linux-riscv64-unknown-linux-gnu-7.3.0-rc5-modules/lib/modules/7.3.0-rc5/kernel/net/xfrm/xfrm_algo.ko.xz
  XZ      /nix/store/yj98k9wrm397hrzdrsc89fybqfddy1zf-linux-riscv64-unknown-linux-gnu-7.3.0-rc5-modules/lib/modules/7.3.0-rc5/kernel/net/xfrm/xfrm_user.ko.xz
  XZ      /nix/store/yj98k9wrm397hrzdrsc89fybqfddy1zf-linux-riscv64-unknown-linux-gnu-7.3.0-rc5-modules/lib/modules/7.3.0-rc5/kernel/net/ipv6/netfilter/nf_defrag_ipv6.ko.xz
  XZ      /nix/store/yj98k9wrm397hrzdrsc89fybqfddy1zf-linux-riscv64-unknown-linux-gnu-7.3.0-rc5-modules/lib/modules/7.3.0-rc5/kernel/net/ipv6/netfilter/ip6t_ipv6header.ko.xz
  XZ      /nix/store/yj98k9wrm397hrzdrsc89fybqfddy1zf-linux-riscv64-unknown-linux-gnu-7.3.0-rc5-modules/lib/modules/7.3.0-rc5/kernel/net/ipv6/tunnel6.ko.xz
  XZ      /nix/store/yj98k9wrm397hrzdrsc89fybqfddy1zf-linux-riscv64-unknown-linux-gnu-7.3.0-rc5-modules/lib/modules/7.3.0-rc5/kernel/net/ipv6/sit.ko.xz
  XZ      /nix/store/yj98k9wrm397hrzdrsc89fybqfddy1zf-linux-riscv64-unknown-linux-gnu-7.3.0-rc5-modules/lib/modules/7.3.0-rc5/kernel/net/ipv6/ip6_tunnel.ko.xz
  XZ      /nix/store/yj98k9wrm397hrzdrsc89fybqfddy1zf-linux-riscv64-unknown-linux-gnu-7.3.0-rc5-modules/lib/modules/7.3.0-rc5/kernel/net/ipv6/fou6.ko.xz
  XZ      /nix/store/yj98k9wrm397hrzdrsc89fybqfddy1zf-linux-riscv64-unknown-linux-gnu-7.3.0-rc5-modules/lib/modules/7.3.0-rc5/kernel/net/ipv6/ip6_udp_tunnel.ko.xz
  XZ      /nix/store/yj98k9wrm397hrzdrsc89fybqfddy1zf-linux-riscv64-unknown-linux-gnu-7.3.0-rc5-modules/lib/modules/7.3.0-rc5/kernel/net/8021q/8021q.ko.xz
  XZ      /nix/store/yj98k9wrm397hrzdrsc89fybqfddy1zf-linux-riscv64-unknown-linux-gnu-7.3.0-rc5-modules/lib/modules/7.3.0-rc5/kernel/net/mptcp/mptcp_diag.ko.xz
  XZ      /nix/store/yj98k9wrm397hrzdrsc89fybqfddy1zf-linux-riscv64-unknown-linux-gnu-7.3.0-rc5-modules/lib/modules/7.3.0-rc5/kernel/net/llc/llc.ko.xz
  XZ      /nix/store/yj98k9wrm397hrzdrsc89fybqfddy1zf-linux-riscv64-unknown-linux-gnu-7.3.0-rc5-modules/lib/modules/7.3.0-rc5/kernel/net/tls/tls.ko.xz
  XZ      /nix/store/yj98k9wrm397hrzdrsc89fybqfddy1zf-linux-riscv64-unknown-linux-gnu-7.3.0-rc5-modules/lib/modules/7.3.0-rc5/kernel/net/bridge/bridge.ko.xz
  XZ      /nix/store/yj98k9wrm397hrzdrsc89fybqfddy1zf-linux-riscv64-unknown-linux-gnu-7.3.0-rc5-modules/lib/modules/7.3.0-rc5/kernel/net/bridge/br_netfilter.ko.xz
  XZ      /nix/store/yj98k9wrm397hrzdrsc89fybqfddy1zf-linux-riscv64-unknown-linux-gnu-7.3.0-rc5-modules/lib/modules/7.3.0-rc5/kernel/net/can/can.ko.xz
  XZ      /nix/store/yj98k9wrm397hrzdrsc89fybqfddy1zf-linux-riscv64-unknown-linux-gnu-7.3.0-rc5-modules/lib/modules/7.3.0-rc5/kernel/net/can/can-raw.ko.xz
  XZ      /nix/store/yj98k9wrm397hrzdrsc89fybqfddy1zf-linux-riscv64-unknown-linux-gnu-7.3.0-rc5-modules/lib/modules/7.3.0-rc5/kernel/net/can/can-bcm.ko.xz
  XZ      /nix/store/yj98k9wrm397hrzdrsc89fybqfddy1zf-linux-riscv64-unknown-linux-gnu-7.3.0-rc5-modules/lib/modules/7.3.0-rc5/kernel/net/can/can-gw.ko.xz
  XZ      /nix/store/yj98k9wrm397hrzdrsc89fybqfddy1zf-linux-riscv64-unknown-linux-gnu-7.3.0-rc5-modules/lib/modules/7.3.0-rc5/kernel/net/sunrpc/sunrpc.ko.xz
  XZ      /nix/store/yj98k9wrm397hrzdrsc89fybqfddy1zf-linux-riscv64-unknown-linux-gnu-7.3.0-rc5-modules/lib/modules/7.3.0-rc5/kernel/net/sunrpc/auth_gss/auth_rpcgss.ko.xz
  XZ      /nix/store/yj98k9wrm397hrzdrsc89fybqfddy1zf-linux-riscv64-unknown-linux-gnu-7.3.0-rc5-modules/lib/modules/7.3.0-rc5/kernel/net/sunrpc/auth_gss/rpcsec_gss_krb5.ko.xz
  XZ      /nix/store/yj98k9wrm397hrzdrsc89fybqfddy1zf-linux-riscv64-unknown-linux-gnu-7.3.0-rc5-modules/lib/modules/7.3.0-rc5/kernel/net/sunrpc/xprtrdma/rpcrdma.ko.xz
  XZ      /nix/store/yj98k9wrm397hrzdrsc89fybqfddy1zf-linux-riscv64-unknown-linux-gnu-7.3.0-rc5-modules/lib/modules/7.3.0-rc5/kernel/fs/btrfs/btrfs.ko.xz
  XZ      /nix/store/yj98k9wrm397hrzdrsc89fybqfddy1zf-linux-riscv64-unknown-linux-gnu-7.3.0-rc5-modules/lib/modules/7.3.0-rc5/kernel/drivers/gpu/drm/nouveau/nouveau.ko.xz
  DEPMOD  /nix/store/yj98k9wrm397hrzdrsc89fybqfddy1zf-linux-riscv64-unknown-linux-gnu-7.3.0-rc5-modules/lib/modules/7.3.0-rc5
make[1]: Entering directory '/nix/store/5wfn6k1lm9fvbwny2qk52admhwm5q4rm-linux-riscv64-unknown-linux-gnu-7.3.0-rc5-dev/lib/modules/7.3.0-rc5/build'
  SYNC    include/config/auto.conf
  UPD     /nix/store/5wfn6k1lm9fvbwny2qk52admhwm5q4rm-linux-riscv64-unknown-linux-gnu-7.3.0-rc5-dev/lib/modules/7.3.0-rc5/build/Makefile
  HOSTCC  scripts/basic/fixdep
  HOSTCC  scripts/kconfig/conf.o
  HOSTCC  scripts/kconfig/confdata.o
  HOSTCC  scripts/kconfig/expr.o
  LEX     scripts/kconfig/lexer.lex.c
  YACC    scripts/kconfig/parser.tab.[ch]
  HOSTCC  scripts/kconfig/lexer.lex.o
  HOSTCC  scripts/kconfig/menu.o
  HOSTCC  scripts/kconfig/parser.tab.o
  HOSTCC  scripts/kconfig/preprocess.o
  HOSTCC  scripts/kconfig/symbol.o
  HOSTCC  scripts/kconfig/util.o
  HOSTLD  scripts/kconfig/conf
  HOSTCC  scripts/dtc/dtc.o
  HOSTCC  scripts/dtc/flattree.o
  HOSTCC  scripts/dtc/fstree.o
  HOSTCC  scripts/dtc/data.o
  HOSTCC  scripts/dtc/livetree.o
  HOSTCC  scripts/dtc/treesource.o
  HOSTCC  scripts/dtc/srcpos.o
  HOSTCC  scripts/dtc/checks.o
  HOSTCC  scripts/dtc/util.o
  LEX     scripts/dtc/dtc-lexer.lex.c
  YACC    scripts/dtc/dtc-parser.tab.[ch]
  HOSTCC  scripts/dtc/dtc-lexer.lex.o
  HOSTCC  scripts/dtc/dtc-parser.tab.o
  HOSTLD  scripts/dtc/dtc
  HOSTCC  scripts/dtc/libfdt/fdt.o
  HOSTCC  scripts/dtc/libfdt/fdt_ro.o
  HOSTCC  scripts/dtc/libfdt/fdt_wip.o
  HOSTCC  scripts/dtc/libfdt/fdt_sw.o
  HOSTCC  scripts/dtc/libfdt/fdt_rw.o
  HOSTCC  scripts/dtc/libfdt/fdt_strerror.o
  HOSTCC  scripts/dtc/libfdt/fdt_empty_tree.o
  HOSTCC  scripts/dtc/libfdt/fdt_addresses.o
  HOSTCC  scripts/dtc/libfdt/fdt_overlay.o
  HOSTCC  scripts/dtc/fdtoverlay.o
  HOSTLD  scripts/dtc/fdtoverlay
  TOUCH   include/generated/gcc-plugins.h
  HOSTCC  scripts/ipe/polgen/polgen
  HOSTCC  scripts/selinux/mdp/mdp
  HOSTCC  scripts/kallsyms
  HOSTCC  scripts/sorttable.o
  HOSTCC  scripts/elf-parse.o
  HOSTLD  scripts/sorttable
  HOSTCC  scripts/asn1_compiler
  HOSTCC  scripts/tracepoint-update.o
  HOSTLD  scripts/tracepoint-update
  UPD     include/config/kernel.release
  UPD     arch/riscv/include/generated/uapi/asm/errno.h
  UPD     arch/riscv/include/generated/uapi/asm/fcntl.h
  UPD     arch/riscv/include/generated/uapi/asm/ioctl.h
  UPD     arch/riscv/include/generated/uapi/asm/ioctls.h
  UPD     arch/riscv/include/generated/uapi/asm/ipcbuf.h
  UPD     arch/riscv/include/generated/uapi/asm/mman.h
  UPD     arch/riscv/include/generated/uapi/asm/msgbuf.h
  UPD     arch/riscv/include/generated/uapi/asm/param.h
  UPD     arch/riscv/include/generated/uapi/asm/poll.h
  UPD     arch/riscv/include/generated/uapi/asm/posix_types.h
  UPD     arch/riscv/include/generated/uapi/asm/resource.h
  UPD     arch/riscv/include/generated/uapi/asm/sembuf.h
  UPD     arch/riscv/include/generated/uapi/asm/shmbuf.h
  UPD     arch/riscv/include/generated/uapi/asm/siginfo.h
  UPD     arch/riscv/include/generated/uapi/asm/signal.h
  UPD     arch/riscv/include/generated/uapi/asm/socket.h
  UPD     arch/riscv/include/generated/uapi/asm/sockios.h
  UPD     arch/riscv/include/generated/uapi/asm/stat.h
  UPD     arch/riscv/include/generated/uapi/asm/statfs.h
  UPD     arch/riscv/include/generated/uapi/asm/swab.h
  UPD     arch/riscv/include/generated/uapi/asm/termbits.h
  UPD     arch/riscv/include/generated/uapi/asm/termios.h
  UPD     arch/riscv/include/generated/uapi/asm/types.h
  SYSHDR  arch/riscv/include/generated/uapi/asm/unistd_32.h
  SYSHDR  arch/riscv/include/generated/uapi/asm/unistd_64.h
  UPD     arch/riscv/include/generated/asm/early_ioremap.h
  UPD     arch/riscv/include/generated/asm/flat.h
  UPD     arch/riscv/include/generated/asm/fprobe.h
  UPD     arch/riscv/include/generated/asm/kvm_para.h
  UPD     arch/riscv/include/generated/asm/mmzone.h
  UPD     arch/riscv/include/generated/asm/mcs_spinlock.h
  UPD     arch/riscv/include/generated/asm/parport.h
  UPD     arch/riscv/include/generated/asm/spinlock_types.h
  UPD     arch/riscv/include/generated/asm/ticket_spinlock.h
  UPD     arch/riscv/include/generated/asm/qrwlock.h
  UPD     arch/riscv/include/generated/asm/qrwlock_types.h
  UPD     arch/riscv/include/generated/asm/qspinlock.h
  UPD     arch/riscv/include/generated/asm/ring_buffer.h
  UPD     arch/riscv/include/generated/asm/user.h
  UPD     arch/riscv/include/generated/asm/vmlinux.lds.h
  UPD     arch/riscv/include/generated/asm/device.h
  UPD     arch/riscv/include/generated/asm/div64.h
  UPD     arch/riscv/include/generated/asm/dma-mapping.h
  UPD     arch/riscv/include/generated/asm/dma.h
  UPD     arch/riscv/include/generated/asm/emergency-restart.h
  UPD     arch/riscv/include/generated/asm/hardirq.h
  UPD     arch/riscv/include/generated/asm/hw_irq.h
  UPD     arch/riscv/include/generated/asm/irq_regs.h
  UPD     arch/riscv/include/generated/asm/kmap_size.h
  UPD     arch/riscv/include/generated/asm/local.h
  UPD     arch/riscv/include/generated/asm/local64.h
  UPD     arch/riscv/include/generated/asm/msi.h
  UPD     arch/riscv/include/generated/asm/percpu.h
  UPD     arch/riscv/include/generated/asm/percpu_types.h
  UPD     arch/riscv/include/generated/asm/preempt.h
  UPD     arch/riscv/include/generated/asm/rqspinlock.h
  UPD     arch/riscv/include/generated/asm/rwonce.h
  UPD     arch/riscv/include/generated/asm/serial.h
  UPD     arch/riscv/include/generated/asm/shmparam.h
  UPD     arch/riscv/include/generated/asm/softirq_stack.h
  UPD     arch/riscv/include/generated/asm/trace_clock.h
  UPD     arch/riscv/include/generated/asm/unwind_user.h
  UPD     arch/riscv/include/generated/asm/vga.h
  UPD     arch/riscv/include/generated/asm/video.h
  SYSTBL  arch/riscv/include/generated/asm/syscall_table_32.h
  SYSTBL  arch/riscv/include/generated/asm/syscall_table_64.h
  UPD     include/generated/uapi/linux/version.h
  UPD     include/generated/utsrelease.h
  UPD     include/generated/compile.h
  CC      scripts/mod/empty.o
  HOSTCC  scripts/mod/mk_elfconfig
  MKELF   scripts/mod/elfconfig.h
  HOSTCC  scripts/mod/modpost.o
  CC      scripts/mod/devicetable-offsets.s
  UPD     scripts/mod/devicetable-offsets.h
  HOSTCC  scripts/mod/file2alias.o
  HOSTCC  scripts/mod/sumversion.o
  HOSTCC  scripts/mod/symsearch.o
  HOSTLD  scripts/mod/modpost
  UPD     include/generated/timeconst.h
  CC      kernel/bounds.s
  UPD     include/generated/bounds.h
  CC      arch/riscv/kernel/asm-offsets.s
  UPD     include/generated/asm-offsets.h
  CC      kernel/sched/rq-offsets.s
  UPD     include/generated/rq-offsets.h
  CALL    /nix/store/5wfn6k1lm9fvbwny2qk52admhwm5q4rm-linux-riscv64-unknown-linux-gnu-7.3.0-rc5-dev/lib/modules/7.3.0-rc5/source/scripts/checksyscalls.sh
  CHKSHA1 /nix/store/5wfn6k1lm9fvbwny2qk52admhwm5q4rm-linux-riscv64-unknown-linux-gnu-7.3.0-rc5-dev/lib/modules/7.3.0-rc5/source/include/linux/atomic/atomic-arch-fallback.h
  CHKSHA1 /nix/store/5wfn6k1lm9fvbwny2qk52admhwm5q4rm-linux-riscv64-unknown-linux-gnu-7.3.0-rc5-dev/lib/modules/7.3.0-rc5/source/include/linux/atomic/atomic-instrumented.h
  CHKSHA1 /nix/store/5wfn6k1lm9fvbwny2qk52admhwm5q4rm-linux-riscv64-unknown-linux-gnu-7.3.0-rc5-dev/lib/modules/7.3.0-rc5/source/include/linux/atomic/atomic-long.h
  LDS     arch/riscv/kernel/vdso/vdso.lds
  AS      arch/riscv/kernel/vdso/rt_sigreturn.o
  CC      arch/riscv/kernel/vdso/vgettimeofday.o
  AS      arch/riscv/kernel/vdso/getcpu.o
  AS      arch/riscv/kernel/vdso/flush_icache.o
  CC      arch/riscv/kernel/vdso/hwprobe.o
  AS      arch/riscv/kernel/vdso/sys_hwprobe.o
  CC      arch/riscv/kernel/vdso/getrandom.o
  AS      arch/riscv/kernel/vdso/note.o
  AS      arch/riscv/kernel/vdso/vgetrandom-chacha.o
  VDSOLD  arch/riscv/kernel/vdso/vdso.so.dbg
  VDSOSYM include/generated/vdso-offsets.h
  LDS     arch/riscv/kernel/vdso_cfi/vdso.lds
  AS      arch/riscv/kernel/vdso_cfi/rt_sigreturn.o
  CC      arch/riscv/kernel/vdso_cfi/vgettimeofday.o
  AS      arch/riscv/kernel/vdso_cfi/getcpu.o
  AS      arch/riscv/kernel/vdso_cfi/flush_icache.o
  CC      arch/riscv/kernel/vdso_cfi/hwprobe.o
  AS      arch/riscv/kernel/vdso_cfi/sys_hwprobe.o
  CC      arch/riscv/kernel/vdso_cfi/getrandom.o
  AS      arch/riscv/kernel/vdso_cfi/note.o
  AS      arch/riscv/kernel/vdso_cfi/vgetrandom-chacha.o
  VDSOLD  arch/riscv/kernel/vdso_cfi/vdso-cfi.so.dbg
  VDSOSYM include/generated/vdso-cfi-offsets.h
  LDS     arch/riscv/kernel/compat_vdso/compat_vdso.lds
  VDSOAS  arch/riscv/kernel/compat_vdso/rt_sigreturn.o
  VDSOAS  arch/riscv/kernel/compat_vdso/getcpu.o
  VDSOAS  arch/riscv/kernel/compat_vdso/flush_icache.o
  VDSOAS  arch/riscv/kernel/compat_vdso/note.o
  VDSOLD  arch/riscv/kernel/compat_vdso/compat_vdso.so.dbg
  VDSOSYM include/generated/compat_vdso-offsets.h
  DESCEND bpf/resolve_btfids
  MKDIR     /nix/store/5wfn6k1lm9fvbwny2qk52admhwm5q4rm-linux-riscv64-unknown-linux-gnu-7.3.0-rc5-dev/lib/modules/7.3.0-rc5/build/tools/bpf/resolve_btfids/libbpf/
  GEN     /nix/store/5wfn6k1lm9fvbwny2qk52admhwm5q4rm-linux-riscv64-unknown-linux-gnu-7.3.0-rc5-dev/lib/modules/7.3.0-rc5/build/tools/bpf/resolve_btfids/libbpf/bpf_helper_defs.h
  CC      /nix/store/5wfn6k1lm9fvbwny2qk52admhwm5q4rm-linux-riscv64-unknown-linux-gnu-7.3.0-rc5-dev/lib/modules/7.3.0-rc5/build/tools/bpf/resolve_btfids/libbpf/staticobjs/libbpf.o
  CC      /nix/store/5wfn6k1lm9fvbwny2qk52admhwm5q4rm-linux-riscv64-unknown-linux-gnu-7.3.0-rc5-dev/lib/modules/7.3.0-rc5/build/tools/bpf/resolve_btfids/libbpf/staticobjs/bpf.o
  CC      /nix/store/5wfn6k1lm9fvbwny2qk52admhwm5q4rm-linux-riscv64-unknown-linux-gnu-7.3.0-rc5-dev/lib/modules/7.3.0-rc5/build/tools/bpf/resolve_btfids/libbpf/staticobjs/nlattr.o
  CC      /nix/store/5wfn6k1lm9fvbwny2qk52admhwm5q4rm-linux-riscv64-unknown-linux-gnu-7.3.0-rc5-dev/lib/modules/7.3.0-rc5/build/tools/bpf/resolve_btfids/libbpf/staticobjs/btf.o
  CC      /nix/store/5wfn6k1lm9fvbwny2qk52admhwm5q4rm-linux-riscv64-unknown-linux-gnu-7.3.0-rc5-dev/lib/modules/7.3.0-rc5/build/tools/bpf/resolve_btfids/libbpf/staticobjs/libbpf_utils.o
  CC      /nix/store/5wfn6k1lm9fvbwny2qk52admhwm5q4rm-linux-riscv64-unknown-linux-gnu-7.3.0-rc5-dev/lib/modules/7.3.0-rc5/build/tools/bpf/resolve_btfids/libbpf/staticobjs/netlink.o
  CC      /nix/store/5wfn6k1lm9fvbwny2qk52admhwm5q4rm-linux-riscv64-unknown-linux-gnu-7.3.0-rc5-dev/lib/modules/7.3.0-rc5/build/tools/bpf/resolve_btfids/libbpf/staticobjs/bpf_prog_linfo.o
  CC      /nix/store/5wfn6k1lm9fvbwny2qk52admhwm5q4rm-linux-riscv64-unknown-linux-gnu-7.3.0-rc5-dev/lib/modules/7.3.0-rc5/build/tools/bpf/resolve_btfids/libbpf/staticobjs/libbpf_probes.o
  CC      /nix/store/5wfn6k1lm9fvbwny2qk52admhwm5q4rm-linux-riscv64-unknown-linux-gnu-7.3.0-rc5-dev/lib/modules/7.3.0-rc5/build/tools/bpf/resolve_btfids/libbpf/staticobjs/hashmap.o
  CC      /nix/store/5wfn6k1lm9fvbwny2qk52admhwm5q4rm-linux-riscv64-unknown-linux-gnu-7.3.0-rc5-dev/lib/modules/7.3.0-rc5/build/tools/bpf/resolve_btfids/libbpf/staticobjs/btf_dump.o
  CC      /nix/store/5wfn6k1lm9fvbwny2qk52admhwm5q4rm-linux-riscv64-unknown-linux-gnu-7.3.0-rc5-dev/lib/modules/7.3.0-rc5/build/tools/bpf/resolve_btfids/libbpf/staticobjs/ringbuf.o
  CC      /nix/store/5wfn6k1lm9fvbwny2qk52admhwm5q4rm-linux-riscv64-unknown-linux-gnu-7.3.0-rc5-dev/lib/modules/7.3.0-rc5/build/tools/bpf/resolve_btfids/libbpf/staticobjs/strset.o
  CC      /nix/store/5wfn6k1lm9fvbwny2qk52admhwm5q4rm-linux-riscv64-unknown-linux-gnu-7.3.0-rc5-dev/lib/modules/7.3.0-rc5/build/tools/bpf/resolve_btfids/libbpf/staticobjs/linker.o
  CC      /nix/store/5wfn6k1lm9fvbwny2qk52admhwm5q4rm-linux-riscv64-unknown-linux-gnu-7.3.0-rc5-dev/lib/modules/7.3.0-rc5/build/tools/bpf/resolve_btfids/libbpf/staticobjs/gen_loader.o
  CC      /nix/store/5wfn6k1lm9fvbwny2qk52admhwm5q4rm-linux-riscv64-unknown-linux-gnu-7.3.0-rc5-dev/lib/modules/7.3.0-rc5/build/tools/bpf/resolve_btfids/libbpf/staticobjs/relo_core.o
  CC      /nix/store/5wfn6k1lm9fvbwny2qk52admhwm5q4rm-linux-riscv64-unknown-linux-gnu-7.3.0-rc5-dev/lib/modules/7.3.0-rc5/build/tools/bpf/resolve_btfids/libbpf/staticobjs/usdt.o
  CC      /nix/store/5wfn6k1lm9fvbwny2qk52admhwm5q4rm-linux-riscv64-unknown-linux-gnu-7.3.0-rc5-dev/lib/modules/7.3.0-rc5/build/tools/bpf/resolve_btfids/libbpf/staticobjs/zip.o
  CC      /nix/store/5wfn6k1lm9fvbwny2qk52admhwm5q4rm-linux-riscv64-unknown-linux-gnu-7.3.0-rc5-dev/lib/modules/7.3.0-rc5/build/tools/bpf/resolve_btfids/libbpf/staticobjs/elf.o
  CC      /nix/store/5wfn6k1lm9fvbwny2qk52admhwm5q4rm-linux-riscv64-unknown-linux-gnu-7.3.0-rc5-dev/lib/modules/7.3.0-rc5/build/tools/bpf/resolve_btfids/libbpf/staticobjs/features.o
  CC      /nix/store/5wfn6k1lm9fvbwny2qk52admhwm5q4rm-linux-riscv64-unknown-linux-gnu-7.3.0-rc5-dev/lib/modules/7.3.0-rc5/build/tools/bpf/resolve_btfids/libbpf/staticobjs/btf_iter.o
  CC      /nix/store/5wfn6k1lm9fvbwny2qk52admhwm5q4rm-linux-riscv64-unknown-linux-gnu-7.3.0-rc5-dev/lib/modules/7.3.0-rc5/build/tools/bpf/resolve_btfids/libbpf/staticobjs/btf_relocate.o
  LD      /nix/store/5wfn6k1lm9fvbwny2qk52admhwm5q4rm-linux-riscv64-unknown-linux-gnu-7.3.0-rc5-dev/lib/modules/7.3.0-rc5/build/tools/bpf/resolve_btfids/libbpf/staticobjs/libbpf-in.o
  LINK    /nix/store/5wfn6k1lm9fvbwny2qk52admhwm5q4rm-linux-riscv64-unknown-linux-gnu-7.3.0-rc5-dev/lib/modules/7.3.0-rc5/build/tools/bpf/resolve_btfids/libbpf/libbpf.a
  INSTALL /nix/store/5wfn6k1lm9fvbwny2qk52admhwm5q4rm-linux-riscv64-unknown-linux-gnu-7.3.0-rc5-dev/lib/modules/7.3.0-rc5/build/tools/bpf/resolve_btfids/libbpf//include/bpf/bpf.h
  INSTALL /nix/store/5wfn6k1lm9fvbwny2qk52admhwm5q4rm-linux-riscv64-unknown-linux-gnu-7.3.0-rc5-dev/lib/modules/7.3.0-rc5/build/tools/bpf/resolve_btfids/libbpf//include/bpf/libbpf.h
  INSTALL /nix/store/5wfn6k1lm9fvbwny2qk52admhwm5q4rm-linux-riscv64-unknown-linux-gnu-7.3.0-rc5-dev/lib/modules/7.3.0-rc5/build/tools/bpf/resolve_btfids/libbpf//include/bpf/btf.h
  INSTALL /nix/store/5wfn6k1lm9fvbwny2qk52admhwm5q4rm-linux-riscv64-unknown-linux-gnu-7.3.0-rc5-dev/lib/modules/7.3.0-rc5/build/tools/bpf/resolve_btfids/libbpf//include/bpf/libbpf_common.h
  INSTALL /nix/store/5wfn6k1lm9fvbwny2qk52admhwm5q4rm-linux-riscv64-unknown-linux-gnu-7.3.0-rc5-dev/lib/modules/7.3.0-rc5/build/tools/bpf/resolve_btfids/libbpf//include/bpf/libbpf_legacy.h
  INSTALL /nix/store/5wfn6k1lm9fvbwny2qk52admhwm5q4rm-linux-riscv64-unknown-linux-gnu-7.3.0-rc5-dev/lib/modules/7.3.0-rc5/build/tools/bpf/resolve_btfids/libbpf//include/bpf/bpf_helpers.h
  INSTALL /nix/store/5wfn6k1lm9fvbwny2qk52admhwm5q4rm-linux-riscv64-unknown-linux-gnu-7.3.0-rc5-dev/lib/modules/7.3.0-rc5/build/tools/bpf/resolve_btfids/libbpf//include/bpf/bpf_tracing.h
  INSTALL /nix/store/5wfn6k1lm9fvbwny2qk52admhwm5q4rm-linux-riscv64-unknown-linux-gnu-7.3.0-rc5-dev/lib/modules/7.3.0-rc5/build/tools/bpf/resolve_btfids/libbpf//include/bpf/bpf_endian.h
  INSTALL /nix/store/5wfn6k1lm9fvbwny2qk52admhwm5q4rm-linux-riscv64-unknown-linux-gnu-7.3.0-rc5-dev/lib/modules/7.3.0-rc5/build/tools/bpf/resolve_btfids/libbpf//include/bpf/bpf_core_read.h
  INSTALL /nix/store/5wfn6k1lm9fvbwny2qk52admhwm5q4rm-linux-riscv64-unknown-linux-gnu-7.3.0-rc5-dev/lib/modules/7.3.0-rc5/build/tools/bpf/resolve_btfids/libbpf//include/bpf/skel_internal.h
  INSTALL /nix/store/5wfn6k1lm9fvbwny2qk52admhwm5q4rm-linux-riscv64-unknown-linux-gnu-7.3.0-rc5-dev/lib/modules/7.3.0-rc5/build/tools/bpf/resolve_btfids/libbpf//include/bpf/libbpf_version.h
  INSTALL /nix/store/5wfn6k1lm9fvbwny2qk52admhwm5q4rm-linux-riscv64-unknown-linux-gnu-7.3.0-rc5-dev/lib/modules/7.3.0-rc5/build/tools/bpf/resolve_btfids/libbpf//include/bpf/usdt.bpf.h
  INSTALL /nix/store/5wfn6k1lm9fvbwny2qk52admhwm5q4rm-linux-riscv64-unknown-linux-gnu-7.3.0-rc5-dev/lib/modules/7.3.0-rc5/build/tools/bpf/resolve_btfids/libbpf//include/bpf/bpf_helper_defs.h
  INSTALL libbpf_headers
  MKDIR     /nix/store/5wfn6k1lm9fvbwny2qk52admhwm5q4rm-linux-riscv64-unknown-linux-gnu-7.3.0-rc5-dev/lib/modules/7.3.0-rc5/build/tools/bpf/resolve_btfids//libsubcmd
  CC      /nix/store/5wfn6k1lm9fvbwny2qk52admhwm5q4rm-linux-riscv64-unknown-linux-gnu-7.3.0-rc5-dev/lib/modules/7.3.0-rc5/build/tools/bpf/resolve_btfids/libsubcmd/exec-cmd.o
  CC      /nix/store/5wfn6k1lm9fvbwny2qk52admhwm5q4rm-linux-riscv64-unknown-linux-gnu-7.3.0-rc5-dev/lib/modules/7.3.0-rc5/build/tools/bpf/resolve_btfids/libsubcmd/help.o
  CC      /nix/store/5wfn6k1lm9fvbwny2qk52admhwm5q4rm-linux-riscv64-unknown-linux-gnu-7.3.0-rc5-dev/lib/modules/7.3.0-rc5/build/tools/bpf/resolve_btfids/libsubcmd/pager.o
  CC      /nix/store/5wfn6k1lm9fvbwny2qk52admhwm5q4rm-linux-riscv64-unknown-linux-gnu-7.3.0-rc5-dev/lib/modules/7.3.0-rc5/build/tools/bpf/resolve_btfids/libsubcmd/parse-options.o
  CC      /nix/store/5wfn6k1lm9fvbwny2qk52admhwm5q4rm-linux-riscv64-unknown-linux-gnu-7.3.0-rc5-dev/lib/modules/7.3.0-rc5/build/tools/bpf/resolve_btfids/libsubcmd/run-command.o
  CC      /nix/store/5wfn6k1lm9fvbwny2qk52admhwm5q4rm-linux-riscv64-unknown-linux-gnu-7.3.0-rc5-dev/lib/modules/7.3.0-rc5/build/tools/bpf/resolve_btfids/libsubcmd/sigchain.o
  CC      /nix/store/5wfn6k1lm9fvbwny2qk52admhwm5q4rm-linux-riscv64-unknown-linux-gnu-7.3.0-rc5-dev/lib/modules/7.3.0-rc5/build/tools/bpf/resolve_btfids/libsubcmd/subcmd-config.o
  LD      /nix/store/5wfn6k1lm9fvbwny2qk52admhwm5q4rm-linux-riscv64-unknown-linux-gnu-7.3.0-rc5-dev/lib/modules/7.3.0-rc5/build/tools/bpf/resolve_btfids/libsubcmd/libsubcmd-in.o
  AR      /nix/store/5wfn6k1lm9fvbwny2qk52admhwm5q4rm-linux-riscv64-unknown-linux-gnu-7.3.0-rc5-dev/lib/modules/7.3.0-rc5/build/tools/bpf/resolve_btfids/libsubcmd/libsubcmd.a
  HOSTCC  /nix/store/5wfn6k1lm9fvbwny2qk52admhwm5q4rm-linux-riscv64-unknown-linux-gnu-7.3.0-rc5-dev/lib/modules/7.3.0-rc5/build/tools/bpf/resolve_btfids/main.o
  HOSTCC  /nix/store/5wfn6k1lm9fvbwny2qk52admhwm5q4rm-linux-riscv64-unknown-linux-gnu-7.3.0-rc5-dev/lib/modules/7.3.0-rc5/build/tools/bpf/resolve_btfids/rbtree.o
  HOSTCC  /nix/store/5wfn6k1lm9fvbwny2qk52admhwm5q4rm-linux-riscv64-unknown-linux-gnu-7.3.0-rc5-dev/lib/modules/7.3.0-rc5/build/tools/bpf/resolve_btfids/zalloc.o
  HOSTCC  /nix/store/5wfn6k1lm9fvbwny2qk52admhwm5q4rm-linux-riscv64-unknown-linux-gnu-7.3.0-rc5-dev/lib/modules/7.3.0-rc5/build/tools/bpf/resolve_btfids/string.o
  HOSTCC  /nix/store/5wfn6k1lm9fvbwny2qk52admhwm5q4rm-linux-riscv64-unknown-linux-gnu-7.3.0-rc5-dev/lib/modules/7.3.0-rc5/build/tools/bpf/resolve_btfids/ctype.o
  HOSTCC  /nix/store/5wfn6k1lm9fvbwny2qk52admhwm5q4rm-linux-riscv64-unknown-linux-gnu-7.3.0-rc5-dev/lib/modules/7.3.0-rc5/build/tools/bpf/resolve_btfids/str_error_r.o
  HOSTLD  /nix/store/5wfn6k1lm9fvbwny2qk52admhwm5q4rm-linux-riscv64-unknown-linux-gnu-7.3.0-rc5-dev/lib/modules/7.3.0-rc5/build/tools/bpf/resolve_btfids/resolve_btfids-in.o
  LINK     resolve_btfids
  LDS     scripts/module.lds
make[1]: Leaving directory '/nix/store/5wfn6k1lm9fvbwny2qk52admhwm5q4rm-linux-riscv64-unknown-linux-gnu-7.3.0-rc5-dev/lib/modules/7.3.0-rc5/build'
installPhase completed in 3 minutes 8 seconds
Running phase: fixupPhase
@nix { "action": "setPhase", "phase": "fixupPhase" }
shrinking RPATHs of ELF executables and libraries in /nix/store/5wfn6k1lm9fvbwny2qk52admhwm5q4rm-linux-riscv64-unknown-linux-gnu-7.3.0-rc5-dev
shrinking /nix/store/5wfn6k1lm9fvbwny2qk52admhwm5q4rm-linux-riscv64-unknown-linux-gnu-7.3.0-rc5-dev/lib/modules/7.3.0-rc5/build/tools/bpf/resolve_btfids/ctype.o
patchelf: wrong ELF type
shrinking /nix/store/5wfn6k1lm9fvbwny2qk52admhwm5q4rm-linux-riscv64-unknown-linux-gnu-7.3.0-rc5-dev/lib/modules/7.3.0-rc5/build/tools/bpf/resolve_btfids/fixdep
shrinking /nix/store/5wfn6k1lm9fvbwny2qk52admhwm5q4rm-linux-riscv64-unknown-linux-gnu-7.3.0-rc5-dev/lib/modules/7.3.0-rc5/build/tools/bpf/resolve_btfids/libbpf/staticobjs/btf_dump.o
patchelf: wrong ELF type
shrinking /nix/store/5wfn6k1lm9fvbwny2qk52admhwm5q4rm-linux-riscv64-unknown-linux-gnu-7.3.0-rc5-dev/lib/modules/7.3.0-rc5/build/tools/bpf/resolve_btfids/libbpf/staticobjs/linker.o
patchelf: wrong ELF type
shrinking /nix/store/5wfn6k1lm9fvbwny2qk52admhwm5q4rm-linux-riscv64-unknown-linux-gnu-7.3.0-rc5-dev/lib/modules/7.3.0-rc5/build/tools/bpf/resolve_btfids/libbpf/staticobjs/fixdep
shrinking /nix/store/5wfn6k1lm9fvbwny2qk52admhwm5q4rm-linux-riscv64-unknown-linux-gnu-7.3.0-rc5-dev/lib/modules/7.3.0-rc5/build/tools/bpf/resolve_btfids/libbpf/staticobjs/btf_relocate.o
patchelf: wrong ELF type
shrinking /nix/store/5wfn6k1lm9fvbwny2qk52admhwm5q4rm-linux-riscv64-unknown-linux-gnu-7.3.0-rc5-dev/lib/modules/7.3.0-rc5/build/tools/bpf/resolve_btfids/libbpf/staticobjs/btf_iter.o
patchelf: wrong ELF type
shrinking /nix/store/5wfn6k1lm9fvbwny2qk52admhwm5q4rm-linux-riscv64-unknown-linux-gnu-7.3.0-rc5-dev/lib/modules/7.3.0-rc5/build/tools/bpf/resolve_btfids/libbpf/staticobjs/strset.o
patchelf: wrong ELF type
shrinking /nix/store/5wfn6k1lm9fvbwny2qk52admhwm5q4rm-linux-riscv64-unknown-linux-gnu-7.3.0-rc5-dev/lib/modules/7.3.0-rc5/build/tools/bpf/resolve_btfids/libbpf/staticobjs/btf.o
patchelf: wrong ELF type
shrinking /nix/store/5wfn6k1lm9fvbwny2qk52admhwm5q4rm-linux-riscv64-unknown-linux-gnu-7.3.0-rc5-dev/lib/modules/7.3.0-rc5/build/tools/bpf/resolve_btfids/libbpf/staticobjs/nlattr.o
patchelf: wrong ELF type
shrinking /nix/store/5wfn6k1lm9fvbwny2qk52admhwm5q4rm-linux-riscv64-unknown-linux-gnu-7.3.0-rc5-dev/lib/modules/7.3.0-rc5/build/tools/bpf/resolve_btfids/libbpf/staticobjs/netlink.o
patchelf: wrong ELF type
shrinking /nix/store/5wfn6k1lm9fvbwny2qk52admhwm5q4rm-linux-riscv64-unknown-linux-gnu-7.3.0-rc5-dev/lib/modules/7.3.0-rc5/build/tools/bpf/resolve_btfids/libbpf/staticobjs/ringbuf.o
patchelf: wrong ELF type
shrinking /nix/store/5wfn6k1lm9fvbwny2qk52admhwm5q4rm-linux-riscv64-unknown-linux-gnu-7.3.0-rc5-dev/lib/modules/7.3.0-rc5/build/tools/bpf/resolve_btfids/libbpf/staticobjs/fixdep-in.o
patchelf: wrong ELF type
shrinking /nix/store/5wfn6k1lm9fvbwny2qk52admhwm5q4rm-linux-riscv64-unknown-linux-gnu-7.3.0-rc5-dev/lib/modules/7.3.0-rc5/build/tools/bpf/resolve_btfids/libbpf/staticobjs/gen_loader.o
patchelf: wrong ELF type
shrinking /nix/store/5wfn6k1lm9fvbwny2qk52admhwm5q4rm-linux-riscv64-unknown-linux-gnu-7.3.0-rc5-dev/lib/modules/7.3.0-rc5/build/tools/bpf/resolve_btfids/libbpf/staticobjs/libbpf-in.o
patchelf: wrong ELF type
shrinking /nix/store/5wfn6k1lm9fvbwny2qk52admhwm5q4rm-linux-riscv64-unknown-linux-gnu-7.3.0-rc5-dev/lib/modules/7.3.0-rc5/build/tools/bpf/resolve_btfids/libbpf/staticobjs/libbpf_probes.o
patchelf: wrong ELF type
shrinking /nix/store/5wfn6k1lm9fvbwny2qk52admhwm5q4rm-linux-riscv64-unknown-linux-gnu-7.3.0-rc5-dev/lib/modules/7.3.0-rc5/build/tools/bpf/resolve_btfids/libbpf/staticobjs/bpf_prog_linfo.o
patchelf: wrong ELF type
shrinking /nix/store/5wfn6k1lm9fvbwny2qk52admhwm5q4rm-linux-riscv64-unknown-linux-gnu-7.3.0-rc5-dev/lib/modules/7.3.0-rc5/build/tools/bpf/resolve_btfids/libbpf/staticobjs/usdt.o
patchelf: wrong ELF type
shrinking /nix/store/5wfn6k1lm9fvbwny2qk52admhwm5q4rm-linux-riscv64-unknown-linux-gnu-7.3.0-rc5-dev/lib/modules/7.3.0-rc5/build/tools/bpf/resolve_btfids/libbpf/staticobjs/elf.o
patchelf: wrong ELF type
shrinking /nix/store/5wfn6k1lm9fvbwny2qk52admhwm5q4rm-linux-riscv64-unknown-linux-gnu-7.3.0-rc5-dev/lib/modules/7.3.0-rc5/build/tools/bpf/resolve_btfids/libbpf/staticobjs/libbpf_utils.o
patchelf: wrong ELF type
shrinking /nix/store/5wfn6k1lm9fvbwny2qk52admhwm5q4rm-linux-riscv64-unknown-linux-gnu-7.3.0-rc5-dev/lib/modules/7.3.0-rc5/build/tools/bpf/resolve_btfids/libbpf/staticobjs/bpf.o
patchelf: wrong ELF type
shrinking /nix/store/5wfn6k1lm9fvbwny2qk52admhwm5q4rm-linux-riscv64-unknown-linux-gnu-7.3.0-rc5-dev/lib/modules/7.3.0-rc5/build/tools/bpf/resolve_btfids/libbpf/staticobjs/libbpf.o
patchelf: wrong ELF type
shrinking /nix/store/5wfn6k1lm9fvbwny2qk52admhwm5q4rm-linux-riscv64-unknown-linux-gnu-7.3.0-rc5-dev/lib/modules/7.3.0-rc5/build/tools/bpf/resolve_btfids/libbpf/staticobjs/features.o
patchelf: wrong ELF type
shrinking /nix/store/5wfn6k1lm9fvbwny2qk52admhwm5q4rm-linux-riscv64-unknown-linux-gnu-7.3.0-rc5-dev/lib/modules/7.3.0-rc5/build/tools/bpf/resolve_btfids/libbpf/staticobjs/hashmap.o
patchelf: wrong ELF type
shrinking /nix/store/5wfn6k1lm9fvbwny2qk52admhwm5q4rm-linux-riscv64-unknown-linux-gnu-7.3.0-rc5-dev/lib/modules/7.3.0-rc5/build/tools/bpf/resolve_btfids/libbpf/staticobjs/zip.o
patchelf: wrong ELF type
shrinking /nix/store/5wfn6k1lm9fvbwny2qk52admhwm5q4rm-linux-riscv64-unknown-linux-gnu-7.3.0-rc5-dev/lib/modules/7.3.0-rc5/build/tools/bpf/resolve_btfids/libbpf/staticobjs/relo_core.o
patchelf: wrong ELF type
shrinking /nix/store/5wfn6k1lm9fvbwny2qk52admhwm5q4rm-linux-riscv64-unknown-linux-gnu-7.3.0-rc5-dev/lib/modules/7.3.0-rc5/build/tools/bpf/resolve_btfids/libbpf/staticobjs/fixdep.o
patchelf: wrong ELF type
shrinking /nix/store/5wfn6k1lm9fvbwny2qk52admhwm5q4rm-linux-riscv64-unknown-linux-gnu-7.3.0-rc5-dev/lib/modules/7.3.0-rc5/build/tools/bpf/resolve_btfids/str_error_r.o
patchelf: wrong ELF type
shrinking /nix/store/5wfn6k1lm9fvbwny2qk52admhwm5q4rm-linux-riscv64-unknown-linux-gnu-7.3.0-rc5-dev/lib/modules/7.3.0-rc5/build/tools/bpf/resolve_btfids/fixdep-in.o
patchelf: wrong ELF type
shrinking /nix/store/5wfn6k1lm9fvbwny2qk52admhwm5q4rm-linux-riscv64-unknown-linux-gnu-7.3.0-rc5-dev/lib/modules/7.3.0-rc5/build/tools/bpf/resolve_btfids/resolve_btfids
shrinking /nix/store/5wfn6k1lm9fvbwny2qk52admhwm5q4rm-linux-riscv64-unknown-linux-gnu-7.3.0-rc5-dev/lib/modules/7.3.0-rc5/build/tools/bpf/resolve_btfids/rbtree.o
patchelf: wrong ELF type
shrinking /nix/store/5wfn6k1lm9fvbwny2qk52admhwm5q4rm-linux-riscv64-unknown-linux-gnu-7.3.0-rc5-dev/lib/modules/7.3.0-rc5/build/tools/bpf/resolve_btfids/resolve_btfids-in.o
patchelf: wrong ELF type
shrinking /nix/store/5wfn6k1lm9fvbwny2qk52admhwm5q4rm-linux-riscv64-unknown-linux-gnu-7.3.0-rc5-dev/lib/modules/7.3.0-rc5/build/tools/bpf/resolve_btfids/zalloc.o
patchelf: wrong ELF type
shrinking /nix/store/5wfn6k1lm9fvbwny2qk52admhwm5q4rm-linux-riscv64-unknown-linux-gnu-7.3.0-rc5-dev/lib/modules/7.3.0-rc5/build/tools/bpf/resolve_btfids/main.o
patchelf: wrong ELF type
shrinking /nix/store/5wfn6k1lm9fvbwny2qk52admhwm5q4rm-linux-riscv64-unknown-linux-gnu-7.3.0-rc5-dev/lib/modules/7.3.0-rc5/build/tools/bpf/resolve_btfids/string.o
patchelf: wrong ELF type
shrinking /nix/store/5wfn6k1lm9fvbwny2qk52admhwm5q4rm-linux-riscv64-unknown-linux-gnu-7.3.0-rc5-dev/lib/modules/7.3.0-rc5/build/tools/bpf/resolve_btfids/fixdep.o
patchelf: wrong ELF type
shrinking /nix/store/5wfn6k1lm9fvbwny2qk52admhwm5q4rm-linux-riscv64-unknown-linux-gnu-7.3.0-rc5-dev/lib/modules/7.3.0-rc5/build/tools/bpf/resolve_btfids/libsubcmd/pager.o
patchelf: wrong ELF type
shrinking /nix/store/5wfn6k1lm9fvbwny2qk52admhwm5q4rm-linux-riscv64-unknown-linux-gnu-7.3.0-rc5-dev/lib/modules/7.3.0-rc5/build/tools/bpf/resolve_btfids/libsubcmd/run-command.o
patchelf: wrong ELF type
shrinking /nix/store/5wfn6k1lm9fvbwny2qk52admhwm5q4rm-linux-riscv64-unknown-linux-gnu-7.3.0-rc5-dev/lib/modules/7.3.0-rc5/build/tools/bpf/resolve_btfids/libsubcmd/fixdep
shrinking /nix/store/5wfn6k1lm9fvbwny2qk52admhwm5q4rm-linux-riscv64-unknown-linux-gnu-7.3.0-rc5-dev/lib/modules/7.3.0-rc5/build/tools/bpf/resolve_btfids/libsubcmd/sigchain.o
patchelf: wrong ELF type
shrinking /nix/store/5wfn6k1lm9fvbwny2qk52admhwm5q4rm-linux-riscv64-unknown-linux-gnu-7.3.0-rc5-dev/lib/modules/7.3.0-rc5/build/tools/bpf/resolve_btfids/libsubcmd/libsubcmd-in.o
patchelf: wrong ELF type
shrinking /nix/store/5wfn6k1lm9fvbwny2qk52admhwm5q4rm-linux-riscv64-unknown-linux-gnu-7.3.0-rc5-dev/lib/modules/7.3.0-rc5/build/tools/bpf/resolve_btfids/libsubcmd/fixdep-in.o
patchelf: wrong ELF type
shrinking /nix/store/5wfn6k1lm9fvbwny2qk52admhwm5q4rm-linux-riscv64-unknown-linux-gnu-7.3.0-rc5-dev/lib/modules/7.3.0-rc5/build/tools/bpf/resolve_btfids/libsubcmd/subcmd-config.o
patchelf: wrong ELF type
shrinking /nix/store/5wfn6k1lm9fvbwny2qk52admhwm5q4rm-linux-riscv64-unknown-linux-gnu-7.3.0-rc5-dev/lib/modules/7.3.0-rc5/build/tools/bpf/resolve_btfids/libsubcmd/exec-cmd.o
patchelf: wrong ELF type
shrinking /nix/store/5wfn6k1lm9fvbwny2qk52admhwm5q4rm-linux-riscv64-unknown-linux-gnu-7.3.0-rc5-dev/lib/modules/7.3.0-rc5/build/tools/bpf/resolve_btfids/libsubcmd/help.o
patchelf: wrong ELF type
shrinking /nix/store/5wfn6k1lm9fvbwny2qk52admhwm5q4rm-linux-riscv64-unknown-linux-gnu-7.3.0-rc5-dev/lib/modules/7.3.0-rc5/build/tools/bpf/resolve_btfids/libsubcmd/parse-options.o
patchelf: wrong ELF type
shrinking /nix/store/5wfn6k1lm9fvbwny2qk52admhwm5q4rm-linux-riscv64-unknown-linux-gnu-7.3.0-rc5-dev/lib/modules/7.3.0-rc5/build/tools/bpf/resolve_btfids/libsubcmd/fixdep.o
patchelf: wrong ELF type
shrinking /nix/store/5wfn6k1lm9fvbwny2qk52admhwm5q4rm-linux-riscv64-unknown-linux-gnu-7.3.0-rc5-dev/lib/modules/7.3.0-rc5/build/arch/riscv/kernel/vdso_cfi/sys_hwprobe.o
patchelf: wrong ELF type
shrinking /nix/store/5wfn6k1lm9fvbwny2qk52admhwm5q4rm-linux-riscv64-unknown-linux-gnu-7.3.0-rc5-dev/lib/modules/7.3.0-rc5/build/arch/riscv/kernel/vdso_cfi/rt_sigreturn.o
patchelf: wrong ELF type
shrinking /nix/store/5wfn6k1lm9fvbwny2qk52admhwm5q4rm-linux-riscv64-unknown-linux-gnu-7.3.0-rc5-dev/lib/modules/7.3.0-rc5/build/arch/riscv/kernel/vdso_cfi/getrandom.o
patchelf: wrong ELF type
shrinking /nix/store/5wfn6k1lm9fvbwny2qk52admhwm5q4rm-linux-riscv64-unknown-linux-gnu-7.3.0-rc5-dev/lib/modules/7.3.0-rc5/build/arch/riscv/kernel/vdso_cfi/vdso-cfi.so.dbg
shrinking /nix/store/5wfn6k1lm9fvbwny2qk52admhwm5q4rm-linux-riscv64-unknown-linux-gnu-7.3.0-rc5-dev/lib/modules/7.3.0-rc5/build/arch/riscv/kernel/vdso_cfi/vgetrandom-chacha.o
patchelf: wrong ELF type
shrinking /nix/store/5wfn6k1lm9fvbwny2qk52admhwm5q4rm-linux-riscv64-unknown-linux-gnu-7.3.0-rc5-dev/lib/modules/7.3.0-rc5/build/arch/riscv/kernel/vdso_cfi/hwprobe.o
patchelf: wrong ELF type
shrinking /nix/store/5wfn6k1lm9fvbwny2qk52admhwm5q4rm-linux-riscv64-unknown-linux-gnu-7.3.0-rc5-dev/lib/modules/7.3.0-rc5/build/arch/riscv/kernel/vdso_cfi/note.o
patchelf: wrong ELF type
shrinking /nix/store/5wfn6k1lm9fvbwny2qk52admhwm5q4rm-linux-riscv64-unknown-linux-gnu-7.3.0-rc5-dev/lib/modules/7.3.0-rc5/build/arch/riscv/kernel/vdso_cfi/flush_icache.o
patchelf: wrong ELF type
shrinking /nix/store/5wfn6k1lm9fvbwny2qk52admhwm5q4rm-linux-riscv64-unknown-linux-gnu-7.3.0-rc5-dev/lib/modules/7.3.0-rc5/build/arch/riscv/kernel/vdso_cfi/vgettimeofday.o
patchelf: wrong ELF type
shrinking /nix/store/5wfn6k1lm9fvbwny2qk52admhwm5q4rm-linux-riscv64-unknown-linux-gnu-7.3.0-rc5-dev/lib/modules/7.3.0-rc5/build/arch/riscv/kernel/vdso_cfi/getcpu.o
patchelf: wrong ELF type
shrinking /nix/store/5wfn6k1lm9fvbwny2qk52admhwm5q4rm-linux-riscv64-unknown-linux-gnu-7.3.0-rc5-dev/lib/modules/7.3.0-rc5/build/arch/riscv/kernel/vdso/sys_hwprobe.o
patchelf: wrong ELF type
shrinking /nix/store/5wfn6k1lm9fvbwny2qk52admhwm5q4rm-linux-riscv64-unknown-linux-gnu-7.3.0-rc5-dev/lib/modules/7.3.0-rc5/build/arch/riscv/kernel/vdso/rt_sigreturn.o
patchelf: wrong ELF type
shrinking /nix/store/5wfn6k1lm9fvbwny2qk52admhwm5q4rm-linux-riscv64-unknown-linux-gnu-7.3.0-rc5-dev/lib/modules/7.3.0-rc5/build/arch/riscv/kernel/vdso/getrandom.o
patchelf: wrong ELF type
shrinking /nix/store/5wfn6k1lm9fvbwny2qk52admhwm5q4rm-linux-riscv64-unknown-linux-gnu-7.3.0-rc5-dev/lib/modules/7.3.0-rc5/build/arch/riscv/kernel/vdso/vgetrandom-chacha.o
patchelf: wrong ELF type
shrinking /nix/store/5wfn6k1lm9fvbwny2qk52admhwm5q4rm-linux-riscv64-unknown-linux-gnu-7.3.0-rc5-dev/lib/modules/7.3.0-rc5/build/arch/riscv/kernel/vdso/hwprobe.o
patchelf: wrong ELF type
shrinking /nix/store/5wfn6k1lm9fvbwny2qk52admhwm5q4rm-linux-riscv64-unknown-linux-gnu-7.3.0-rc5-dev/lib/modules/7.3.0-rc5/build/arch/riscv/kernel/vdso/vdso.so.dbg
shrinking /nix/store/5wfn6k1lm9fvbwny2qk52admhwm5q4rm-linux-riscv64-unknown-linux-gnu-7.3.0-rc5-dev/lib/modules/7.3.0-rc5/build/arch/riscv/kernel/vdso/note.o
patchelf: wrong ELF type
shrinking /nix/store/5wfn6k1lm9fvbwny2qk52admhwm5q4rm-linux-riscv64-unknown-linux-gnu-7.3.0-rc5-dev/lib/modules/7.3.0-rc5/build/arch/riscv/kernel/vdso/flush_icache.o
patchelf: wrong ELF type
shrinking /nix/store/5wfn6k1lm9fvbwny2qk52admhwm5q4rm-linux-riscv64-unknown-linux-gnu-7.3.0-rc5-dev/lib/modules/7.3.0-rc5/build/arch/riscv/kernel/vdso/vgettimeofday.o
patchelf: wrong ELF type
shrinking /nix/store/5wfn6k1lm9fvbwny2qk52admhwm5q4rm-linux-riscv64-unknown-linux-gnu-7.3.0-rc5-dev/lib/modules/7.3.0-rc5/build/arch/riscv/kernel/vdso/getcpu.o
patchelf: wrong ELF type
shrinking /nix/store/5wfn6k1lm9fvbwny2qk52admhwm5q4rm-linux-riscv64-unknown-linux-gnu-7.3.0-rc5-dev/lib/modules/7.3.0-rc5/build/arch/riscv/kernel/compat_vdso/rt_sigreturn.o
patchelf: wrong ELF type
shrinking /nix/store/5wfn6k1lm9fvbwny2qk52admhwm5q4rm-linux-riscv64-unknown-linux-gnu-7.3.0-rc5-dev/lib/modules/7.3.0-rc5/build/arch/riscv/kernel/compat_vdso/compat_vdso.so.dbg
shrinking /nix/store/5wfn6k1lm9fvbwny2qk52admhwm5q4rm-linux-riscv64-unknown-linux-gnu-7.3.0-rc5-dev/lib/modules/7.3.0-rc5/build/arch/riscv/kernel/compat_vdso/note.o
patchelf: wrong ELF type
shrinking /nix/store/5wfn6k1lm9fvbwny2qk52admhwm5q4rm-linux-riscv64-unknown-linux-gnu-7.3.0-rc5-dev/lib/modules/7.3.0-rc5/build/arch/riscv/kernel/compat_vdso/flush_icache.o
patchelf: wrong ELF type
shrinking /nix/store/5wfn6k1lm9fvbwny2qk52admhwm5q4rm-linux-riscv64-unknown-linux-gnu-7.3.0-rc5-dev/lib/modules/7.3.0-rc5/build/arch/riscv/kernel/compat_vdso/getcpu.o
patchelf: wrong ELF type
shrinking /nix/store/5wfn6k1lm9fvbwny2qk52admhwm5q4rm-linux-riscv64-unknown-linux-gnu-7.3.0-rc5-dev/lib/modules/7.3.0-rc5/build/scripts/basic/fixdep
shrinking /nix/store/5wfn6k1lm9fvbwny2qk52admhwm5q4rm-linux-riscv64-unknown-linux-gnu-7.3.0-rc5-dev/lib/modules/7.3.0-rc5/build/scripts/tracepoint-update.o
patchelf: wrong ELF type
shrinking /nix/store/5wfn6k1lm9fvbwny2qk52admhwm5q4rm-linux-riscv64-unknown-linux-gnu-7.3.0-rc5-dev/lib/modules/7.3.0-rc5/build/scripts/asn1_compiler
shrinking /nix/store/5wfn6k1lm9fvbwny2qk52admhwm5q4rm-linux-riscv64-unknown-linux-gnu-7.3.0-rc5-dev/lib/modules/7.3.0-rc5/build/scripts/selinux/mdp/mdp
shrinking /nix/store/5wfn6k1lm9fvbwny2qk52admhwm5q4rm-linux-riscv64-unknown-linux-gnu-7.3.0-rc5-dev/lib/modules/7.3.0-rc5/build/scripts/tracepoint-update
shrinking /nix/store/5wfn6k1lm9fvbwny2qk52admhwm5q4rm-linux-riscv64-unknown-linux-gnu-7.3.0-rc5-dev/lib/modules/7.3.0-rc5/build/scripts/kallsyms
shrinking /nix/store/5wfn6k1lm9fvbwny2qk52admhwm5q4rm-linux-riscv64-unknown-linux-gnu-7.3.0-rc5-dev/lib/modules/7.3.0-rc5/build/scripts/elf-parse.o
patchelf: wrong ELF type
shrinking /nix/store/5wfn6k1lm9fvbwny2qk52admhwm5q4rm-linux-riscv64-unknown-linux-gnu-7.3.0-rc5-dev/lib/modules/7.3.0-rc5/build/scripts/sorttable
shrinking /nix/store/5wfn6k1lm9fvbwny2qk52admhwm5q4rm-linux-riscv64-unknown-linux-gnu-7.3.0-rc5-dev/lib/modules/7.3.0-rc5/build/scripts/kconfig/expr.o
patchelf: wrong ELF type
shrinking /nix/store/5wfn6k1lm9fvbwny2qk52admhwm5q4rm-linux-riscv64-unknown-linux-gnu-7.3.0-rc5-dev/lib/modules/7.3.0-rc5/build/scripts/kconfig/symbol.o
patchelf: wrong ELF type
shrinking /nix/store/5wfn6k1lm9fvbwny2qk52admhwm5q4rm-linux-riscv64-unknown-linux-gnu-7.3.0-rc5-dev/lib/modules/7.3.0-rc5/build/scripts/kconfig/conf
shrinking /nix/store/5wfn6k1lm9fvbwny2qk52admhwm5q4rm-linux-riscv64-unknown-linux-gnu-7.3.0-rc5-dev/lib/modules/7.3.0-rc5/build/scripts/kconfig/util.o
patchelf: wrong ELF type
shrinking /nix/store/5wfn6k1lm9fvbwny2qk52admhwm5q4rm-linux-riscv64-unknown-linux-gnu-7.3.0-rc5-dev/lib/modules/7.3.0-rc5/build/scripts/kconfig/parser.tab.o
patchelf: wrong ELF type
shrinking /nix/store/5wfn6k1lm9fvbwny2qk52admhwm5q4rm-linux-riscv64-unknown-linux-gnu-7.3.0-rc5-dev/lib/modules/7.3.0-rc5/build/scripts/kconfig/confdata.o
patchelf: wrong ELF type
shrinking /nix/store/5wfn6k1lm9fvbwny2qk52admhwm5q4rm-linux-riscv64-unknown-linux-gnu-7.3.0-rc5-dev/lib/modules/7.3.0-rc5/build/scripts/kconfig/preprocess.o
patchelf: wrong ELF type
shrinking /nix/store/5wfn6k1lm9fvbwny2qk52admhwm5q4rm-linux-riscv64-unknown-linux-gnu-7.3.0-rc5-dev/lib/modules/7.3.0-rc5/build/scripts/kconfig/lexer.lex.o
patchelf: wrong ELF type
shrinking /nix/store/5wfn6k1lm9fvbwny2qk52admhwm5q4rm-linux-riscv64-unknown-linux-gnu-7.3.0-rc5-dev/lib/modules/7.3.0-rc5/build/scripts/kconfig/menu.o
patchelf: wrong ELF type
shrinking /nix/store/5wfn6k1lm9fvbwny2qk52admhwm5q4rm-linux-riscv64-unknown-linux-gnu-7.3.0-rc5-dev/lib/modules/7.3.0-rc5/build/scripts/kconfig/conf.o
patchelf: wrong ELF type
shrinking /nix/store/5wfn6k1lm9fvbwny2qk52admhwm5q4rm-linux-riscv64-unknown-linux-gnu-7.3.0-rc5-dev/lib/modules/7.3.0-rc5/build/scripts/mod/file2alias.o
patchelf: wrong ELF type
shrinking /nix/store/5wfn6k1lm9fvbwny2qk52admhwm5q4rm-linux-riscv64-unknown-linux-gnu-7.3.0-rc5-dev/lib/modules/7.3.0-rc5/build/scripts/mod/modpost.o
patchelf: wrong ELF type
shrinking /nix/store/5wfn6k1lm9fvbwny2qk52admhwm5q4rm-linux-riscv64-unknown-linux-gnu-7.3.0-rc5-dev/lib/modules/7.3.0-rc5/build/scripts/mod/symsearch.o
patchelf: wrong ELF type
shrinking /nix/store/5wfn6k1lm9fvbwny2qk52admhwm5q4rm-linux-riscv64-unknown-linux-gnu-7.3.0-rc5-dev/lib/modules/7.3.0-rc5/build/scripts/mod/modpost
shrinking /nix/store/5wfn6k1lm9fvbwny2qk52admhwm5q4rm-linux-riscv64-unknown-linux-gnu-7.3.0-rc5-dev/lib/modules/7.3.0-rc5/build/scripts/mod/mk_elfconfig
shrinking /nix/store/5wfn6k1lm9fvbwny2qk52admhwm5q4rm-linux-riscv64-unknown-linux-gnu-7.3.0-rc5-dev/lib/modules/7.3.0-rc5/build/scripts/mod/sumversion.o
patchelf: wrong ELF type
shrinking /nix/store/5wfn6k1lm9fvbwny2qk52admhwm5q4rm-linux-riscv64-unknown-linux-gnu-7.3.0-rc5-dev/lib/modules/7.3.0-rc5/build/scripts/mod/empty.o
patchelf: wrong ELF type
shrinking /nix/store/5wfn6k1lm9fvbwny2qk52admhwm5q4rm-linux-riscv64-unknown-linux-gnu-7.3.0-rc5-dev/lib/modules/7.3.0-rc5/build/scripts/ipe/polgen/polgen
shrinking /nix/store/5wfn6k1lm9fvbwny2qk52admhwm5q4rm-linux-riscv64-unknown-linux-gnu-7.3.0-rc5-dev/lib/modules/7.3.0-rc5/build/scripts/sorttable.o
patchelf: wrong ELF type
shrinking /nix/store/5wfn6k1lm9fvbwny2qk52admhwm5q4rm-linux-riscv64-unknown-linux-gnu-7.3.0-rc5-dev/lib/modules/7.3.0-rc5/build/scripts/dtc/data.o
patchelf: wrong ELF type
shrinking /nix/store/5wfn6k1lm9fvbwny2qk52admhwm5q4rm-linux-riscv64-unknown-linux-gnu-7.3.0-rc5-dev/lib/modules/7.3.0-rc5/build/scripts/dtc/flattree.o
patchelf: wrong ELF type
shrinking /nix/store/5wfn6k1lm9fvbwny2qk52admhwm5q4rm-linux-riscv64-unknown-linux-gnu-7.3.0-rc5-dev/lib/modules/7.3.0-rc5/build/scripts/dtc/libfdt/fdt_ro.o
patchelf: wrong ELF type
shrinking /nix/store/5wfn6k1lm9fvbwny2qk52admhwm5q4rm-linux-riscv64-unknown-linux-gnu-7.3.0-rc5-dev/lib/modules/7.3.0-rc5/build/scripts/dtc/libfdt/fdt_rw.o
patchelf: wrong ELF type
shrinking /nix/store/5wfn6k1lm9fvbwny2qk52admhwm5q4rm-linux-riscv64-unknown-linux-gnu-7.3.0-rc5-dev/lib/modules/7.3.0-rc5/build/scripts/dtc/libfdt/fdt_wip.o
patchelf: wrong ELF type
shrinking /nix/store/5wfn6k1lm9fvbwny2qk52admhwm5q4rm-linux-riscv64-unknown-linux-gnu-7.3.0-rc5-dev/lib/modules/7.3.0-rc5/build/scripts/dtc/libfdt/fdt.o
patchelf: wrong ELF type
shrinking /nix/store/5wfn6k1lm9fvbwny2qk52admhwm5q4rm-linux-riscv64-unknown-linux-gnu-7.3.0-rc5-dev/lib/modules/7.3.0-rc5/build/scripts/dtc/libfdt/fdt_empty_tree.o
patchelf: wrong ELF type
shrinking /nix/store/5wfn6k1lm9fvbwny2qk52admhwm5q4rm-linux-riscv64-unknown-linux-gnu-7.3.0-rc5-dev/lib/modules/7.3.0-rc5/build/scripts/dtc/libfdt/fdt_sw.o
patchelf: wrong ELF type
shrinking /nix/store/5wfn6k1lm9fvbwny2qk52admhwm5q4rm-linux-riscv64-unknown-linux-gnu-7.3.0-rc5-dev/lib/modules/7.3.0-rc5/build/scripts/dtc/libfdt/fdt_overlay.o
patchelf: wrong ELF type
shrinking /nix/store/5wfn6k1lm9fvbwny2qk52admhwm5q4rm-linux-riscv64-unknown-linux-gnu-7.3.0-rc5-dev/lib/modules/7.3.0-rc5/build/scripts/dtc/libfdt/fdt_addresses.o
patchelf: wrong ELF type
shrinking /nix/store/5wfn6k1lm9fvbwny2qk52admhwm5q4rm-linux-riscv64-unknown-linux-gnu-7.3.0-rc5-dev/lib/modules/7.3.0-rc5/build/scripts/dtc/libfdt/fdt_strerror.o
patchelf: wrong ELF type
shrinking /nix/store/5wfn6k1lm9fvbwny2qk52admhwm5q4rm-linux-riscv64-unknown-linux-gnu-7.3.0-rc5-dev/lib/modules/7.3.0-rc5/build/scripts/dtc/dtc.o
patchelf: wrong ELF type
shrinking /nix/store/5wfn6k1lm9fvbwny2qk52admhwm5q4rm-linux-riscv64-unknown-linux-gnu-7.3.0-rc5-dev/lib/modules/7.3.0-rc5/build/scripts/dtc/util.o
patchelf: wrong ELF type
shrinking /nix/store/5wfn6k1lm9fvbwny2qk52admhwm5q4rm-linux-riscv64-unknown-linux-gnu-7.3.0-rc5-dev/lib/modules/7.3.0-rc5/build/scripts/dtc/fdtoverlay
shrinking /nix/store/5wfn6k1lm9fvbwny2qk52admhwm5q4rm-linux-riscv64-unknown-linux-gnu-7.3.0-rc5-dev/lib/modules/7.3.0-rc5/build/scripts/dtc/dtc-parser.tab.o
patchelf: wrong ELF type
shrinking /nix/store/5wfn6k1lm9fvbwny2qk52admhwm5q4rm-linux-riscv64-unknown-linux-gnu-7.3.0-rc5-dev/lib/modules/7.3.0-rc5/build/scripts/dtc/fstree.o
patchelf: wrong ELF type
shrinking /nix/store/5wfn6k1lm9fvbwny2qk52admhwm5q4rm-linux-riscv64-unknown-linux-gnu-7.3.0-rc5-dev/lib/modules/7.3.0-rc5/build/scripts/dtc/fdtoverlay.o
patchelf: wrong ELF type
shrinking /nix/store/5wfn6k1lm9fvbwny2qk52admhwm5q4rm-linux-riscv64-unknown-linux-gnu-7.3.0-rc5-dev/lib/modules/7.3.0-rc5/build/scripts/dtc/treesource.o
patchelf: wrong ELF type
shrinking /nix/store/5wfn6k1lm9fvbwny2qk52admhwm5q4rm-linux-riscv64-unknown-linux-gnu-7.3.0-rc5-dev/lib/modules/7.3.0-rc5/build/scripts/dtc/srcpos.o
patchelf: wrong ELF type
shrinking /nix/store/5wfn6k1lm9fvbwny2qk52admhwm5q4rm-linux-riscv64-unknown-linux-gnu-7.3.0-rc5-dev/lib/modules/7.3.0-rc5/build/scripts/dtc/dtc-lexer.lex.o
patchelf: wrong ELF type
shrinking /nix/store/5wfn6k1lm9fvbwny2qk52admhwm5q4rm-linux-riscv64-unknown-linux-gnu-7.3.0-rc5-dev/lib/modules/7.3.0-rc5/build/scripts/dtc/dtc
shrinking /nix/store/5wfn6k1lm9fvbwny2qk52admhwm5q4rm-linux-riscv64-unknown-linux-gnu-7.3.0-rc5-dev/lib/modules/7.3.0-rc5/build/scripts/dtc/livetree.o
patchelf: wrong ELF type
shrinking /nix/store/5wfn6k1lm9fvbwny2qk52admhwm5q4rm-linux-riscv64-unknown-linux-gnu-7.3.0-rc5-dev/lib/modules/7.3.0-rc5/build/scripts/dtc/checks.o
patchelf: wrong ELF type
shrinking /nix/store/5wfn6k1lm9fvbwny2qk52admhwm5q4rm-linux-riscv64-unknown-linux-gnu-7.3.0-rc5-dev/vmlinux
patchelf: cannot find section '.dynamic'. The input file is most likely statically linked
checking for references to /build/ in /nix/store/5wfn6k1lm9fvbwny2qk52admhwm5q4rm-linux-riscv64-unknown-linux-gnu-7.3.0-rc5-dev...
patchelf: wrong ELF type
patchelf: wrong ELF type
patchelf: wrong ELF type
patchelf: wrong ELF type
patchelf: wrong ELF type
patchelf: wrong ELF type
patchelf: wrong ELF type
patchelf: wrong ELF type
patchelf: wrong ELF type
patchelf: wrong ELF type
patchelf: wrong ELF type
patchelf: wrong ELF type
patchelf: wrong ELF type
patchelf: wrong ELF type
patchelf: wrong ELF type
patchelf: wrong ELF type
patchelf: wrong ELF type
patchelf: wrong ELF type
patchelf: wrong ELF type
patchelf: wrong ELF type
patchelf: wrong ELF type
patchelf: wrong ELF type
patchelf: wrong ELF type
patchelf: wrong ELF type
patchelf: wrong ELF type
patchelf: wrong ELF type
patchelf: wrong ELF type
patchelf: wrong ELF type
patchelf: wrong ELF type
patchelf: wrong ELF type
patchelf: wrong ELF type
patchelf: wrong ELF type
patchelf: wrong ELF type
patchelf: wrong ELF type
patchelf: wrong ELF type
patchelf: wrong ELF type
patchelf: wrong ELF type
patchelf: wrong ELF type
patchelf: wrong ELF type
patchelf: wrong ELF type
patchelf: wrong ELF type
patchelf: wrong ELF type
patchelf: wrong ELF type
patchelf: wrong ELF type
patchelf: wrong ELF type
patchelf: wrong ELF type
patchelf: wrong ELF type
patchelf: wrong ELF type
patchelf: wrong ELF type
patchelf: wrong ELF type
patchelf: wrong ELF type
patchelf: wrong ELF type
patchelf: wrong ELF type
patchelf: wrong ELF type
patchelf: wrong ELF type
patchelf: wrong ELF type
patchelf: wrong ELF type
patchelf: wrong ELF type
patchelf: wrong ELF type
patchelf: wrong ELF type
patchelf: wrong ELF type
patchelf: wrong ELF type
patchelf: wrong ELF type
patchelf: wrong ELF type
patchelf: wrong ELF type
patchelf: wrong ELF type
patchelf: wrong ELF type
patchelf: wrong ELF type
patchelf: wrong ELF type
patchelf: wrong ELF type
patchelf: wrong ELF type
patchelf: wrong ELF type
patchelf: wrong ELF type
patchelf: wrong ELF type
patchelf: wrong ELF type
patchelf: wrong ELF type
patchelf: wrong ELF type
patchelf: wrong ELF type
patchelf: wrong ELF type
patchelf: wrong ELF type
patchelf: wrong ELF type
patchelf: wrong ELF type
patchelf: wrong ELF type
patchelf: wrong ELF type
patchelf: wrong ELF type
patchelf: wrong ELF type
patchelf: wrong ELF type
patchelf: wrong ELF type
patchelf: wrong ELF type
patchelf: wrong ELF type
patchelf: wrong ELF type
patchelf: wrong ELF type
patchelf: wrong ELF type
patchelf: wrong ELF type
patchelf: wrong ELF type
patchelf: wrong ELF type
patchelf: wrong ELF type
patchelf: wrong ELF type
patchelf: wrong ELF type
patchelf: wrong ELF type
patchelf: wrong ELF type
patchelf: wrong ELF type
patchelf: wrong ELF type
patchelf: cannot find section '.dynamic'. The input file is most likely statically linked
patching script interpreter paths in /nix/store/5wfn6k1lm9fvbwny2qk52admhwm5q4rm-linux-riscv64-unknown-linux-gnu-7.3.0-rc5-dev
stripping (with command riscv64-unknown-linux-gnu-strip and flags -S -p) in /nix/store/5wfn6k1lm9fvbwny2qk52admhwm5q4rm-linux-riscv64-unknown-linux-gnu-7.3.0-rc5-dev/lib
shrinking RPATHs of ELF executables and libraries in /nix/store/yj98k9wrm397hrzdrsc89fybqfddy1zf-linux-riscv64-unknown-linux-gnu-7.3.0-rc5-modules
checking for references to /build/ in /nix/store/yj98k9wrm397hrzdrsc89fybqfddy1zf-linux-riscv64-unknown-linux-gnu-7.3.0-rc5-modules...
patching script interpreter paths in /nix/store/yj98k9wrm397hrzdrsc89fybqfddy1zf-linux-riscv64-unknown-linux-gnu-7.3.0-rc5-modules
stripping (with command riscv64-unknown-linux-gnu-strip and flags -S -p) in /nix/store/yj98k9wrm397hrzdrsc89fybqfddy1zf-linux-riscv64-unknown-linux-gnu-7.3.0-rc5-modules/lib
shrinking RPATHs of ELF executables and libraries in /nix/store/4wkhxf55y1abg1kg2xd0acsfjqr64j0h-linux-riscv64-unknown-linux-gnu-7.3.0-rc5
checking for references to /build/ in /nix/store/4wkhxf55y1abg1kg2xd0acsfjqr64j0h-linux-riscv64-unknown-linux-gnu-7.3.0-rc5...
patching script interpreter paths in /nix/store/4wkhxf55y1abg1kg2xd0acsfjqr64j0h-linux-riscv64-unknown-linux-gnu-7.3.0-rc5
making symlink relative: /nix/store/5wfn6k1lm9fvbwny2qk52admhwm5q4rm-linux-riscv64-unknown-linux-gnu-7.3.0-rc5-dev/lib/modules/7.3.0-rc5/build/source
