00:00:41.188 [INFO] [sway/card_shell_telemetry.c:323] K230_CARD_BENCH v=1 run=16301057462274 event=present frame_id=21 t_ns=16303334284000 presented=1 clock=monotonic
00:00:41.226 [INFO] [sway/card_shell_telemetry.c:323] K230_CARD_BENCH v=1 run=16301057462274 event=present frame_id=22 t_ns=16303372605000 presented=1 clock=monotonic
00:00:41.264 [INFO] [sway/card_shell_telemetry.c:323] K230_CARD_BENCH v=1 run=16301057462274 event=present frame_id=23 t_ns=16303410925000 presented=1 clock=monotonic
00:00:41.287 [INFO] [sway/card_shell_telemetry.c:201] K230_CARD_BENCH v=1 run=16301057462274 event=input input_id=1 gesture_id=1 kind=motion t_ns=16303434072575 source=injected
00:00:41.303 [INFO] [sway/card_shell_telemetry.c:323] K230_CARD_BENCH v=1 run=16301057462274 event=present frame_id=24 t_ns=16303449252000 presented=1 clock=monotonic
00:00:41.340 [INFO] [sway/card_shell_telemetry.c:266] K230_CARD_BENCH v=1 run=16301057462274 event=submit input_id=1 frame_id=25 t_ns=16303486825351 update_cpu_ns=11402592 final=0
00:00:41.341 [INFO] [sway/card_shell_telemetry.c:323] K230_CARD_BENCH v=1 run=16301057462274 event=present frame_id=25 t_ns=16303487565000 presented=1 clock=monotonic
00:00:41.368 [INFO] [sway/card_shell_telemetry.c:201] K230_CARD_BENCH v=1 run=16301057462274 event=input input_id=2 gesture_id=1 kind=motion t_ns=16303513492296 source=injected
00:00:41.379 [INFO] [sway/card_shell_telemetry.c:323] K230_CARD_BENCH v=1 run=16301057462274 event=present frame_id=26 t_ns=16303525886000 presented=1 clock=monotonic
00:00:41.422 [INFO] [sway/card_shell_telemetry.c:266] K230_CARD_BENCH v=1 run=16301057462274 event=submit input_id=2 frame_id=27 t_ns=16303568268067 update_cpu_ns=11554305 final=0
00:00:41.438 [INFO] [sway/card_shell_telemetry.c:201] K230_CARD_BENCH v=1 run=16301057462274 event=input input_id=3 gesture_id=1 kind=motion t_ns=16303583621330 source=injected
00:00:41.439 [INFO] [sway/card_shell_telemetry.c:323] K230_CARD_BENCH v=1 run=16301057462274 event=present frame_id=27 t_ns=16303583366000 presented=1 clock=monotonic
00:00:41.472 [INFO] [sway/card_shell_telemetry.c:266] K230_CARD_BENCH v=1 run=16301057462274 event=submit input_id=3 frame_id=28 t_ns=16303611217889 update_cpu_ns=11550495 final=0
00:00:41.475 [INFO] [sway/card_shell_telemetry.c:323] K230_CARD_BENCH v=1 run=16301057462274 event=present frame_id=28 t_ns=16303621687000 presented=1 clock=monotonic
00:00:41.514 [INFO] [sway/card_shell_telemetry.c:323] K230_CARD_BENCH v=1 run=16301057462274 event=present frame_id=29 t_ns=16303660007000 presented=1 clock=monotonic
00:00:41.523 [INFO] [sway/card_shell_telemetry.c:201] K230_CARD_BENCH v=1 run=16301057462274 event=input input_id=4 gesture_id=1 kind=motion t_ns=16303669536862 source=injected
00:00:41.547 [INFO] [sway/card_shell_telemetry.c:266] K230_CARD_BENCH v=1 run=16301057462274 event=submit input_id=4 frame_id=30 t_ns=16303693620512 update_cpu_ns=10146771 final=0
00:00:41.553 [INFO] [sway/card_shell_telemetry.c:323] K230_CARD_BENCH v=1 run=16301057462274 event=present frame_id=30 t_ns=16303698343000 presented=1 clock=monotonic
00:00:41.601 [INFO] [sway/card_shell_telemetry.c:201] K230_CARD_BENCH v=1 run=16301057462274 event=input input_id=5 gesture_id=1 kind=motion t_ns=16303745990310 source=injected
00:00:41.609 [INFO] [sway/card_shell_telemetry.c:323] K230_CARD_BENCH v=1 run=16301057462274 event=present frame_id=31 t_ns=16303755807000 presented=1 clock=monotonic
00:00:41.641 [INFO] [sway/card_shell_telemetry.c:266] K230_CARD_BENCH v=1 run=16301057462274 event=submit input_id=5 frame_id=32 t_ns=16303784920549 update_cpu_ns=10501997 final=0
00:00:41.647 [INFO] [sway/card_shell_telemetry.c:323] K230_CARD_BENCH v=1 run=16301057462274 event=present frame_id=32 t_ns=16303794129000 presented=1 clock=monotonic
00:00:41.676 [INFO] [sway/card_shell_telemetry.c:201] K230_CARD_BENCH v=1 run=16301057462274 event=input input_id=6 gesture_id=1 kind=motion t_ns=16303822659300 source=injected
00:00:41.686 [INFO] [sway/card_shell_telemetry.c:323] K230_CARD_BENCH v=1 run=16301057462274 event=present frame_id=33 t_ns=16303832447000 presented=1 clock=monotonic
00:00:41.726 [INFO] [sway/card_shell_telemetry.c:266] K230_CARD_BENCH v=1 run=16301057462274 event=submit input_id=6 frame_id=34 t_ns=16303872235074 update_cpu_ns=10459049 final=0
00:00:41.744 [INFO] [sway/card_shell_telemetry.c:201] K230_CARD_BENCH v=1 run=16301057462274 event=input input_id=7 gesture_id=1 kind=motion t_ns=16303889902834 source=injected
00:00:41.744 [INFO] [sway/card_shell_telemetry.c:323] K230_CARD_BENCH v=1 run=16301057462274 event=present frame_id=34 t_ns=16303889928000 presented=1 clock=monotonic
00:00:41.777 [INFO] [sway/card_shell_telemetry.c:266] K230_CARD_BENCH v=1 run=16301057462274 event=submit input_id=7 frame_id=35 t_ns=16303923258098 update_cpu_ns=10501848 final=0
00:00:41.782 [INFO] [sway/card_shell_telemetry.c:323] K230_CARD_BENCH v=1 run=16301057462274 event=present frame_id=35 t_ns=16303928248000 presented=1 clock=monotonic
00:00:41.818 [INFO] [sway/card_shell.c:412] K230_CARD_SHELL filter-mode nearest=186 bilinear=309
00:00:41.820 [INFO] [sway/card_shell_telemetry.c:323] K230_CARD_BENCH v=1 run=16301057462274 event=present frame_id=36 t_ns=16303966568000 presented=1 clock=monotonic
00:00:41.827 [INFO] [sway/card_shell_telemetry.c:201] K230_CARD_BENCH v=1 run=16301057462274 event=input input_id=8 gesture_id=1 kind=motion t_ns=16303973013564 source=injected
00:00:41.858 [INFO] [sway/card_shell_telemetry.c:266] K230_CARD_BENCH v=1 run=16301057462274 event=submit input_id=8 frame_id=37 t_ns=16304004794215 update_cpu_ns=10576107 final=0
00:00:41.877 [INFO] [sway/card_shell_telemetry.c:323] K230_CARD_BENCH v=1 run=16301057462274 event=present frame_id=37 t_ns=16304024054000 presented=1 clock=monotonic
00:00:41.906 [INFO] [sway/card_shell_telemetry.c:201] K230_CARD_BENCH v=1 run=16301057462274 event=input input_id=9 gesture_id=1 kind=motion t_ns=16304050760641 source=injected
00:00:41.916 [INFO] [sway/card_shell_telemetry.c:323] K230_CARD_BENCH v=1 run=16301057462274 event=present frame_id=38 t_ns=16304062369000 presented=1 clock=monotonic
00:00:41.957 [INFO] [sway/card_shell_telemetry.c:266] K230_CARD_BENCH v=1 run=16301057462274 event=submit input_id=9 frame_id=39 t_ns=16304104203747 update_cpu_ns=10406636 final=0
00:00:41.958 [INFO] [sway/card_shell_telemetry.c:54] K230_CARD_BENCH v=1 run=16301057462274 event=resource phase=active t_ns=16304105034885 cpu_ns=1423435863 memory_bytes=54525952 scope=compositor
00:00:41.975 [INFO] [sway/card_shell_telemetry.c:201] K230_CARD_BENCH v=1 run=16301057462274 event=input input_id=10 gesture_id=1 kind=motion t_ns=16304120292080 source=injected
00:00:41.977 [INFO] [sway/card_shell_telemetry.c:323] K230_CARD_BENCH v=1 run=16301057462274 event=present frame_id=39 t_ns=16304119851000 presented=1 clock=monotonic
00:00:42.006 [INFO] [sway/card_shell_telemetry.c:266] K230_CARD_BENCH v=1 run=16301057462274 event=submit input_id=10 frame_id=40 t_ns=16304151984846 update_cpu_ns=10585451 final=0
00:00:42.013 [INFO] [sway/card_shell_telemetry.c:323] K230_CARD_BENCH v=1 run=16301057462274 event=present frame_id=40 t_ns=16304158170000 presented=1 clock=monotonic
00:00:42.050 [INFO] [sway/card_shell_telemetry.c:323] K230_CARD_BENCH v=1 run=16301057462274 event=present frame_id=41 t_ns=16304196490000 presented=1 clock=monotonic
00:00:42.054 [INFO] [sway/card_shell_telemetry.c:201] K230_CARD_BENCH v=1 run=16301057462274 event=input input_id=11 gesture_id=1 kind=motion t_ns=16304199702911 source=injected
00:00:42.082 [INFO] [sway/card_shell_telemetry.c:266] K230_CARD_BENCH v=1 run=16301057462274 event=submit input_id=11 frame_id=42 t_ns=16304229179954 update_cpu_ns=9995666 final=0
00:00:42.088 [INFO] [sway/card_shell_telemetry.c:323] K230_CARD_BENCH v=1 run=16301057462274 event=present frame_id=42 t_ns=16304234810000 presented=1 clock=monotonic
00:00:42.126 [INFO] [sway/card_shell_telemetry.c:323] K230_CARD_BENCH v=1 run=16301057462274 event=present frame_id=43 t_ns=16304273130000 presented=1 clock=monotonic
00:00:42.131 [INFO] [sway/card_shell_telemetry.c:201] K230_CARD_BENCH v=1 run=16301057462274 event=input input_id=12 gesture_id=1 kind=motion t_ns=16304276507967 source=injected
00:00:42.161 [INFO] [sway/card_shell_telemetry.c:266] K230_CARD_BENCH v=1 run=16301057462274 event=submit input_id=12 frame_id=44 t_ns=16304307373189 update_cpu_ns=9554442 final=0
00:00:42.167 [INFO] [sway/card_shell_telemetry.c:323] K230_CARD_BENCH v=1 run=16301057462274 event=present frame_id=44 t_ns=16304311451000 presented=1 clock=monotonic
00:00:42.213 [INFO] [sway/card_shell_telemetry.c:201] K230_CARD_BENCH v=1 run=16301057462274 event=input input_id=13 gesture_id=1 kind=motion t_ns=16304359168020 source=injected
00:00:42.222 [INFO] [sway/card_shell_telemetry.c:323] K230_CARD_BENCH v=1 run=16301057462274 event=present frame_id=45 t_ns=16304368931000 presented=1 clock=monotonic
00:00:42.260 [INFO] [sway/card_shell_telemetry.c:266] K230_CARD_BENCH v=1 run=16301057462274 event=submit input_id=13 frame_id=46 t_ns=16304401440991 update_cpu_ns=9714345 final=0
00:00:42.262 [INFO] [sway/card_shell_telemetry.c:323] K230_CARD_BENCH v=1 run=16301057462274 event=present frame_id=46 t_ns=16304407257000 presented=1 clock=monotonic
00:00:42.290 [INFO] [sway/card_shell_telemetry.c:201] K230_CARD_BENCH v=1 run=16301057462274 event=input input_id=14 gesture_id=1 kind=motion t_ns=16304435233822 source=injected
00:00:42.299 [INFO] [sway/card_shell_telemetry.c:323] K230_CARD_BENCH v=1 run=16301057462274 event=present frame_id=47 t_ns=16304445571000 presented=1 clock=monotonic
00:00:42.337 [INFO] [sway/card_shell_telemetry.c:266] K230_CARD_BENCH v=1 run=16301057462274 event=submit input_id=14 frame_id=48 t_ns=16304483539261 update_cpu_ns=9779558 final=0
00:00:42.358 [INFO] [sway/card_shell_telemetry.c:201] K230_CARD_BENCH v=1 run=16301057462274 event=input input_id=15 gesture_id=1 kind=motion t_ns=16304503299418 source=injected
00:00:42.358 [INFO] [sway/card_shell_telemetry.c:323] K230_CARD_BENCH v=1 run=16301057462274 event=present frame_id=48 t_ns=16304503052000 presented=1 clock=monotonic
00:00:42.387 [INFO] [sway/card_shell_telemetry.c:266] K230_CARD_BENCH v=1 run=16301057462274 event=submit input_id=15 frame_id=49 t_ns=16304532680577 update_cpu_ns=9623549 final=0
00:00:42.396 [INFO] [sway/card_shell_telemetry.c:323] K230_CARD_BENCH v=1 run=16301057462274 event=present frame_id=49 t_ns=16304541375000 presented=1 clock=monotonic
00:00:42.434 [INFO] [sway/card_shell_telemetry.c:201] K230_CARD_BENCH v=1 run=16301057462274 event=input input_id=16 gesture_id=1 kind=motion t_ns=16304579007871 source=injected
00:00:42.434 [INFO] [sway/card_shell_telemetry.c:323] K230_CARD_BENCH v=1 run=16301057462274 event=present frame_id=50 t_ns=16304579694000 presented=1 clock=monotonic
00:00:42.462 [INFO] [sway/card_shell_telemetry.c:266] K230_CARD_BENCH v=1 run=16301057462274 event=submit input_id=16 frame_id=51 t_ns=16304608482321 update_cpu_ns=9083991 final=0
00:00:42.472 [INFO] [sway/card_shell_telemetry.c:323] K230_CARD_BENCH v=1 run=16301057462274 event=present frame_id=51 t_ns=16304618013000 presented=1 clock=monotonic
00:00:42.512 [INFO] [sway/card_shell_telemetry.c:201] K230_CARD_BENCH v=1 run=16301057462274 event=input input_id=17 gesture_id=1 kind=motion t_ns=16304655860739 source=injected
00:00:42.512 [INFO] [sway/card_shell_telemetry.c:323] K230_CARD_BENCH v=1 run=16301057462274 event=present frame_id=52 t_ns=16304656333000 presented=1 clock=monotonic
00:00:42.544 [INFO] [sway/card_shell_telemetry.c:266] K230_CARD_BENCH v=1 run=16301057462274 event=submit input_id=17 frame_id=53 t_ns=16304684972914 update_cpu_ns=9256151 final=0
00:00:42.549 [INFO] [sway/card_shell_telemetry.c:323] K230_CARD_BENCH v=1 run=16301057462274 event=present frame_id=53 t_ns=16304694668000 presented=1 clock=monotonic
00:00:42.586 [INFO] [sway/card_shell_telemetry.c:323] K230_CARD_BENCH v=1 run=16301057462274 event=present frame_id=54 t_ns=16304732973000 presented=1 clock=monotonic
00:00:42.589 [INFO] [sway/card_shell_telemetry.c:201] K230_CARD_BENCH v=1 run=16301057462274 event=input input_id=18 gesture_id=1 kind=motion t_ns=16304734706085 source=injected
00:00:42.621 [INFO] [sway/card_shell_telemetry.c:266] K230_CARD_BENCH v=1 run=16301057462274 event=submit input_id=18 frame_id=55 t_ns=16304766268711 update_cpu_ns=9009481 final=0
00:00:42.625 [INFO] [sway/card_shell_telemetry.c:323] K230_CARD_BENCH v=1 run=16301057462274 event=present frame_id=55 t_ns=16304771315000 presented=1 clock=monotonic
00:00:42.665 [INFO] [sway/card_shell_telemetry.c:201] K230_CARD_BENCH v=1 run=16301057462274 event=input input_id=19 gesture_id=1 kind=motion t_ns=16304809926418 source=injected
00:00:42.665 [INFO] [sway/card_shell_telemetry.c:323] K230_CARD_BENCH v=1 run=16301057462274 event=present frame_id=56 t_ns=16304809614000 presented=1 clock=monotonic
00:00:42.688 [INFO] [sway/card_shell_telemetry.c:266] K230_CARD_BENCH v=1 run=16301057462274 event=submit input_id=19 frame_id=57 t_ns=16304831829489 update_cpu_ns=8512147 final=0
00:00:42.703 [INFO] [sway/card_shell_telemetry.c:323] K230_CARD_BENCH v=1 run=16301057462274 event=present frame_id=57 t_ns=16304847935000 presented=1 clock=monotonic
00:00:42.739 [INFO] [sway/card_shell_telemetry.c:323] K230_CARD_BENCH v=1 run=16301057462274 event=present frame_id=58 t_ns=16304886256000 presented=1 clock=monotonic
00:00:42.746 [INFO] [sway/card_shell_telemetry.c:201] K230_CARD_BENCH v=1 run=16301057462274 event=input input_id=20 gesture_id=1 kind=motion t_ns=16304891007523 source=injected
00:00:42.765 [INFO] [sway/card_shell_telemetry.c:266] K230_CARD_BENCH v=1 run=16301057462274 event=submit input_id=20 frame_id=59 t_ns=16304910906192 update_cpu_ns=7976442 final=0
00:00:42.779 [INFO] [sway/card_shell_telemetry.c:323] K230_CARD_BENCH v=1 run=16301057462274 event=present frame_id=59 t_ns=16304924575000 presented=1 clock=monotonic
00:00:42.818 [INFO] [sway/card_shell_telemetry.c:201] K230_CARD_BENCH v=1 run=16301057462274 event=input input_id=21 gesture_id=1 kind=motion t_ns=16304963183254 source=injected
00:00:42.818 [INFO] [sway/card_shell_telemetry.c:323] K230_CARD_BENCH v=1 run=16301057462274 event=present frame_id=60 t_ns=16304962904000 presented=1 clock=monotonic
00:00:42.841 [INFO] [sway/card_shell_telemetry.c:266] K230_CARD_BENCH v=1 run=16301057462274 event=submit input_id=21 frame_id=61 t_ns=16304986287515 update_cpu_ns=8121007 final=0
00:00:42.855 [INFO] [sway/card_shell_telemetry.c:323] K230_CARD_BENCH v=1 run=16301057462274 event=present frame_id=61 t_ns=16305001215000 presented=1 clock=monotonic
00:00:42.890 [INFO] [sway/card_shell_telemetry.c:201] K230_CARD_BENCH v=1 run=16301057462274 event=input input_id=22 gesture_id=1 kind=motion t_ns=16305035882731 source=injected
00:00:42.893 [INFO] [sway/card_shell_telemetry.c:323] K230_CARD_BENCH v=1 run=16301057462274 event=present frame_id=62 t_ns=16305039542000 presented=1 clock=monotonic
00:00:42.923 [INFO] [sway/card_shell_telemetry.c:266] K230_CARD_BENCH v=1 run=16301057462274 event=submit input_id=22 frame_id=63 t_ns=16305069094781 update_cpu_ns=8353992 final=0
00:00:42.932 [INFO] [sway/card_shell_telemetry.c:323] K230_CARD_BENCH v=1 run=16301057462274 event=present frame_id=63 t_ns=16305077855000 presented=1 clock=monotonic
00:00:42.962 [INFO] [sway/card_shell_telemetry.c:54] K230_CARD_BENCH v=1 run=16301057462274 event=resource phase=active t_ns=16305109111327 cpu_ns=1668285838 memory_bytes=54525952 scope=compositor
00:00:42.968 [INFO] [sway/card_shell_telemetry.c:201] K230_CARD_BENCH v=1 run=16301057462274 event=input input_id=23 gesture_id=1 kind=motion t_ns=16305113334676 source=injected
00:00:42.973 [INFO] [sway/card_shell_telemetry.c:323] K230_CARD_BENCH v=1 run=16301057462274 event=present frame_id=64 t_ns=16305116177000 presented=1 clock=monotonic
00:00:42.991 [INFO] [sway/card_shell_telemetry.c:266] K230_CARD_BENCH v=1 run=16301057462274 event=submit input_id=23 frame_id=65 t_ns=16305137598130 update_cpu_ns=8102186 final=0
00:00:43.013 [INFO] [sway/card_shell_telemetry.c:323] K230_CARD_BENCH v=1 run=16301057462274 event=present frame_id=65 t_ns=16305154497000 presented=1 clock=monotonic
00:00:43.042 [INFO] [sway/card_shell_telemetry.c:201] K230_CARD_BENCH v=1 run=16301057462274 event=input input_id=24 gesture_id=1 kind=motion t_ns=16305187232565 source=injected
00:00:43.048 [INFO] [sway/card_shell_telemetry.c:323] K230_CARD_BENCH v=1 run=16301057462274 event=present frame_id=66 t_ns=16305192815000 presented=1 clock=monotonic
00:00:43.074 [INFO] [sway/card_shell_telemetry.c:266] K230_CARD_BENCH v=1 run=16301057462274 event=submit input_id=24 frame_id=67 t_ns=16305215962021 update_cpu_ns=7838785 final=0
00:00:43.084 [INFO] [sway/card_shell_telemetry.c:323] K230_CARD_BENCH v=1 run=16301057462274 event=present frame_id=67 t_ns=16305231137000 presented=1 clock=monotonic
00:00:43.115 [INFO] [sway/card_shell_telemetry.c:201] K230_CARD_BENCH v=1 run=16301057462274 event=input input_id=25 gesture_id=1 kind=motion t_ns=16305260713220 source=injected
00:00:43.123 [INFO] [sway/card_shell_telemetry.c:323] K230_CARD_BENCH v=1 run=16301057462274 event=present frame_id=68 t_ns=16305269457000 presented=1 clock=monotonic
00:00:43.158 [INFO] [sway/card_shell_telemetry.c:266] K230_CARD_BENCH v=1 run=16301057462274 event=submit input_id=25 frame_id=69 t_ns=16305304348816 update_cpu_ns=7728477 final=0
00:00:43.161 [INFO] [sway/card_shell_telemetry.c:323] K230_CARD_BENCH v=1 run=16301057462274 event=present frame_id=69 t_ns=16305307778000 presented=1 clock=monotonic
00:00:43.186 [INFO] [sway/card_shell_telemetry.c:201] K230_CARD_BENCH v=1 run=16301057462274 event=input input_id=26 gesture_id=1 kind=motion t_ns=16305332111179 source=injected
00:00:43.199 [INFO] [sway/card_shell_telemetry.c:323] K230_CARD_BENCH v=1 run=16301057462274 event=present frame_id=70 t_ns=16305346098000 presented=1 clock=monotonic
00:00:43.226 [INFO] [sway/card_shell_telemetry.c:266] K230_CARD_BENCH v=1 run=16301057462274 event=submit input_id=26 frame_id=71 t_ns=16305371507761 update_cpu_ns=7424399 final=0
00:00:43.238 [INFO] [sway/card_shell_telemetry.c:323] K230_CARD_BENCH v=1 run=16301057462274 event=present frame_id=71 t_ns=16305384418000 presented=1 clock=monotonic
00:00:43.246 [INFO] [sway/card_shell.c:412] K230_CARD_SHELL filter-mode nearest=636 bilinear=309
00:00:43.264 [INFO] [sway/card_shell_telemetry.c:201] K230_CARD_BENCH v=1 run=16301057462274 event=input input_id=27 gesture_id=1 kind=motion t_ns=16305410198161 source=injected
00:00:43.276 [INFO] [sway/card_shell_telemetry.c:323] K230_CARD_BENCH v=1 run=16301057462274 event=present frame_id=72 t_ns=16305422739000 presented=1 clock=monotonic
00:00:43.297 [INFO] [sway/card_shell_telemetry.c:266] K230_CARD_BENCH v=1 run=16301057462274 event=submit input_id=27 frame_id=73 t_ns=16305442922719 update_cpu_ns=7126117 final=0
00:00:43.315 [INFO] [sway/card_shell_telemetry.c:323] K230_CARD_BENCH v=1 run=16301057462274 event=present frame_id=73 t_ns=16305461059000 presented=1 clock=monotonic
00:00:43.335 [INFO] [sway/card_shell_telemetry.c:201] K230_CARD_BENCH v=1 run=16301057462274 event=input input_id=28 gesture_id=1 kind=motion t_ns=16305479843814 source=injected
00:00:43.335 [INFO] [sway/card_shell_telemetry.c:323] K230_CARD_BENCH v=1 run=16301057462274 event=present frame_id=74 t_ns=16305480219000 presented=1 clock=monotonic
00:00:43.357 [INFO] [sway/card_shell_telemetry.c:266] K230_CARD_BENCH v=1 run=16301057462274 event=submit input_id=28 frame_id=75 t_ns=16305501610078 update_cpu_ns=6954781 final=0
00:00:43.372 [INFO] [sway/card_shell_telemetry.c:323] K230_CARD_BENCH v=1 run=16301057462274 event=present frame_id=75 t_ns=16305518538000 presented=1 clock=monotonic
00:00:43.406 [INFO] [sway/card_shell_telemetry.c:201] K230_CARD_BENCH v=1 run=16301057462274 event=input input_id=29 gesture_id=1 kind=motion t_ns=16305551776335 source=injected
00:00:43.410 [INFO] [sway/card_shell_telemetry.c:323] K230_CARD_BENCH v=1 run=16301057462274 event=present frame_id=76 t_ns=16305556860000 presented=1 clock=monotonic
00:00:43.434 [INFO] [sway/card_shell_telemetry.c:266] K230_CARD_BENCH v=1 run=16301057462274 event=submit input_id=29 frame_id=77 t_ns=16305580959986 update_cpu_ns=7406108 final=0
00:00:43.448 [INFO] [sway/card_shell_telemetry.c:323] K230_CARD_BENCH v=1 run=16301057462274 event=present frame_id=77 t_ns=16305595179000 presented=1 clock=monotonic
00:00:43.476 [INFO] [sway/card_shell_telemetry.c:201] K230_CARD_BENCH v=1 run=16301057462274 event=input input_id=30 gesture_id=1 kind=release t_ns=16305622000658 source=injected
00:00:43.487 [INFO] [sway/card_shell_telemetry.c:323] K230_CARD_BENCH v=1 run=16301057462274 event=present frame_id=78 t_ns=16305633500000 presented=1 clock=monotonic
00:00:43.521 [INFO] [sway/card_shell_telemetry.c:266] K230_CARD_BENCH v=1 run=16301057462274 event=submit input_id=30 frame_id=79 t_ns=16305667029915 update_cpu_ns=14020494 final=1
00:00:43.525 [INFO] [sway/card_shell_telemetry.c:323] K230_CARD_BENCH v=1 run=16301057462274 event=present frame_id=79 t_ns=16305671818000 presented=1 clock=monotonic
00:00:43.563 [INFO] [sway/card_shell_telemetry.c:323] K230_CARD_BENCH v=1 run=16301057462274 event=present frame_id=80 t_ns=16305710139000 presented=1 clock=monotonic
00:00:43.602 [INFO] [sway/card_shell_telemetry.c:323] K230_CARD_BENCH v=1 run=16301057462274 event=present frame_id=81 t_ns=16305748459000 presented=1 clock=monotonic
00:00:43.640 [INFO] [sway/card_shell_telemetry.c:323] K230_CARD_BENCH v=1 run=16301057462274 event=present frame_id=82 t_ns=16305786779000 presented=1 clock=monotonic
00:00:43.678 [INFO] [sway/card_shell_telemetry.c:323] K230_CARD_BENCH v=1 run=16301057462274 event=present frame_id=83 t_ns=16305825099000 presented=1 clock=monotonic
00:00:43.717 [INFO] [sway/card_shell_telemetry.c:323] K230_CARD_BENCH v=1 run=16301057462274 event=present frame_id=84 t_ns=16305863420000 presented=1 clock=monotonic
00:00:43.774 [INFO] [sway/card_shell_telemetry.c:323] K230_CARD_BENCH v=1 run=16301057462274 event=present frame_id=85 t_ns=16305920900000 presented=1 clock=monotonic
00:00:43.974 [INFO] [sway/card_shell_telemetry.c:54] K230_CARD_BENCH v=1 run=16301057462274 event=resource phase=active t_ns=16306120950608 cpu_ns=1925921064 memory_bytes=54525952 scope=compositor
00:00:44.335 [INFO] [sway/card_shell.c:412] K230_CARD_SHELL filter-mode nearest=720 bilinear=537
00:00:44.487 [INFO] [sway/card_shell_telemetry.c:323] K230_CARD_BENCH v=1 run=16301057462274 event=present frame_id=86 t_ns=16306629827000 presented=1 clock=monotonic
00:00:44.521 [INFO] [sway/card_shell_telemetry.c:323] K230_CARD_BENCH v=1 run=16301057462274 event=present frame_id=87 t_ns=16306668146000 presented=1 clock=monotonic
00:00:44.560 [INFO] [sway/card_shell_telemetry.c:323] K230_CARD_BENCH v=1 run=16301057462274 event=present frame_id=88 t_ns=16306706467000 presented=1 clock=monotonic
00:00:44.586 [INFO] [sway/card_shell_telemetry.c:201] K230_CARD_BENCH v=1 run=16301057462274 event=input input_id=31 gesture_id=2 kind=motion t_ns=16306732599612 source=injected
00:00:44.598 [INFO] [sway/card_shell_telemetry.c:323] K230_CARD_BENCH v=1 run=16301057462274 event=present frame_id=89 t_ns=16306744787000 presented=1 clock=monotonic
00:00:44.641 [INFO] [sway/card_shell_telemetry.c:266] K230_CARD_BENCH v=1 run=16301057462274 event=submit input_id=31 frame_id=90 t_ns=16306785867097 update_cpu_ns=11505157 final=0
00:00:44.656 [INFO] [sway/card_shell_telemetry.c:201] K230_CARD_BENCH v=1 run=16301057462274 event=input input_id=32 gesture_id=2 kind=motion t_ns=16306801030927 source=injected
00:00:44.656 [INFO] [sway/card_shell_telemetry.c:323] K230_CARD_BENCH v=1 run=16301057462274 event=present frame_id=90 t_ns=16306802267000 presented=1 clock=monotonic
00:00:44.692 [INFO] [sway/card_shell_telemetry.c:266] K230_CARD_BENCH v=1 run=16301057462274 event=submit input_id=32 frame_id=91 t_ns=16306838096531 update_cpu_ns=12513736 final=0
00:00:44.694 [INFO] [sway/card_shell_telemetry.c:323] K230_CARD_BENCH v=1 run=16301057462274 event=present frame_id=91 t_ns=16306840588000 presented=1 clock=monotonic
00:00:44.733 [INFO] [sway/card_shell_telemetry.c:323] K230_CARD_BENCH v=1 run=16301057462274 event=present frame_id=92 t_ns=16306878908000 presented=1 clock=monotonic
00:00:44.739 [INFO] [sway/card_shell_telemetry.c:201] K230_CARD_BENCH v=1 run=16301057462274 event=input input_id=33 gesture_id=2 kind=motion t_ns=16306884578889 source=injected
00:00:44.774 [INFO] [sway/card_shell_telemetry.c:266] K230_CARD_BENCH v=1 run=16301057462274 event=submit input_id=33 frame_id=93 t_ns=16306920626737 update_cpu_ns=12540212 final=0
00:00:44.790 [INFO] [sway/card_shell_telemetry.c:323] K230_CARD_BENCH v=1 run=16301057462274 event=present frame_id=93 t_ns=16306936389000 presented=1 clock=monotonic
00:00:44.820 [INFO] [sway/card_shell_telemetry.c:201] K230_CARD_BENCH v=1 run=16301057462274 event=input input_id=34 gesture_id=2 kind=motion t_ns=16306965913053 source=injected
00:00:44.828 [INFO] [sway/card_shell_telemetry.c:323] K230_CARD_BENCH v=1 run=16301057462274 event=present frame_id=94 t_ns=16306974707000 presented=1 clock=monotonic
00:00:44.873 [INFO] [sway/card_shell_telemetry.c:266] K230_CARD_BENCH v=1 run=16301057462274 event=submit input_id=34 frame_id=95 t_ns=16307019508927 update_cpu_ns=12655118 final=0
00:00:44.885 [INFO] [sway/card_shell_telemetry.c:323] K230_CARD_BENCH v=1 run=16301057462274 event=present frame_id=95 t_ns=16307032192000 presented=1 clock=monotonic
00:00:44.892 [INFO] [sway/card_shell_telemetry.c:201] K230_CARD_BENCH v=1 run=16301057462274 event=input input_id=35 gesture_id=2 kind=motion t_ns=16307036796412 source=injected
00:00:44.928 [INFO] [sway/card_shell_telemetry.c:266] K230_CARD_BENCH v=1 run=16301057462274 event=submit input_id=35 frame_id=96 t_ns=16307074207589 update_cpu_ns=13254622 final=0
00:00:44.943 [INFO] [sway/card_shell_telemetry.c:323] K230_CARD_BENCH v=1 run=16301057462274 event=present frame_id=96 t_ns=16307089669000 presented=1 clock=monotonic
00:00:44.975 [INFO] [sway/card_shell_telemetry.c:54] K230_CARD_BENCH v=1 run=16301057462274 event=resource phase=active t_ns=16307121530305 cpu_ns=2091501283 memory_bytes=54525952 scope=compositor
00:00:44.977 [INFO] [sway/card_shell_telemetry.c:201] K230_CARD_BENCH v=1 run=16301057462274 event=input input_id=36 gesture_id=2 kind=motion t_ns=16307122206192 source=injected
00:00:44.984 [INFO] [sway/card_shell_telemetry.c:323] K230_CARD_BENCH v=1 run=16301057462274 event=present frame_id=97 t_ns=16307128014000 presented=1 clock=monotonic
00:00:45.029 [INFO] [sway/card_shell_telemetry.c:266] K230_CARD_BENCH v=1 run=16301057462274 event=submit input_id=36 frame_id=98 t_ns=16307175417939 update_cpu_ns=13301880 final=0
00:00:45.039 [INFO] [sway/card_shell_telemetry.c:323] K230_CARD_BENCH v=1 run=16301057462274 event=present frame_id=98 t_ns=16307185470000 presented=1 clock=monotonic
00:00:45.048 [INFO] [sway/card_shell_telemetry.c:201] K230_CARD_BENCH v=1 run=16301057462274 event=input input_id=37 gesture_id=2 kind=motion t_ns=16307193260281 source=injected
00:00:45.087 [INFO] [sway/card_shell_telemetry.c:266] K230_CARD_BENCH v=1 run=16301057462274 event=submit input_id=37 frame_id=99 t_ns=16307232808964 update_cpu_ns=13161378 final=0
00:00:45.097 [INFO] [sway/card_shell_telemetry.c:323] K230_CARD_BENCH v=1 run=16301057462274 event=present frame_id=99 t_ns=16307242950000 presented=1 clock=monotonic
00:00:45.132 [INFO] [sway/card_shell_telemetry.c:201] K230_CARD_BENCH v=1 run=16301057462274 event=input input_id=38 gesture_id=2 kind=motion t_ns=16307277912697 source=injected
00:00:45.137 [INFO] [sway/card_shell_telemetry.c:323] K230_CARD_BENCH v=1 run=16301057462274 event=present frame_id=100 t_ns=16307281271000 presented=1 clock=monotonic
00:00:45.178 [INFO] [sway/card_shell_telemetry.c:266] K230_CARD_BENCH v=1 run=16301057462274 event=submit input_id=38 frame_id=101 t_ns=16307324430497 update_cpu_ns=12717076 final=0
00:00:45.192 [INFO] [sway/card_shell_telemetry.c:323] K230_CARD_BENCH v=1 run=16301057462274 event=present frame_id=101 t_ns=16307338752000 presented=1 clock=monotonic
00:00:45.201 [INFO] [sway/card_shell_telemetry.c:201] K230_CARD_BENCH v=1 run=16301057462274 event=input input_id=39 gesture_id=2 kind=motion t_ns=16307346462375 source=injected
00:00:45.247 [INFO] [sway/card_shell_telemetry.c:266] K230_CARD_BENCH v=1 run=16301057462274 event=submit input_id=39 frame_id=102 t_ns=16307393470776 update_cpu_ns=13294922 final=0
00:00:45.254 [INFO] [sway/card_shell_telemetry.c:323] K230_CARD_BENCH v=1 run=16301057462274 event=present frame_id=102 t_ns=16307396232000 presented=1 clock=monotonic
00:00:45.287 [INFO] [sway/card_shell_telemetry.c:201] K230_CARD_BENCH v=1 run=16301057462274 event=input input_id=40 gesture_id=2 kind=motion t_ns=16307432301649 source=injected
00:00:45.290 [INFO] [sway/card_shell_telemetry.c:323] K230_CARD_BENCH v=1 run=16301057462274 event=present frame_id=103 t_ns=16307434551000 presented=1 clock=monotonic
00:00:45.334 [INFO] [sway/card_shell_telemetry.c:266] K230_CARD_BENCH v=1 run=16301057462274 event=submit input_id=40 frame_id=104 t_ns=16307480673305 update_cpu_ns=12692221 final=0
00:00:45.345 [INFO] [sway/card_shell_telemetry.c:323] K230_CARD_BENCH v=1 run=16301057462274 event=present frame_id=104 t_ns=16307492058000 presented=1 clock=monotonic
00:00:45.357 [INFO] [sway/card_shell_telemetry.c:201] K230_CARD_BENCH v=1 run=16301057462274 event=input input_id=41 gesture_id=2 kind=motion t_ns=16307501364630 source=injected
00:00:45.370 [INFO] [sway/card_shell_telemetry.c:266] K230_CARD_BENCH v=1 run=16301057462274 event=submit input_id=41 frame_id=105 t_ns=16307517025505 update_cpu_ns=13445858 final=0
00:00:45.384 [INFO] [sway/card_shell_telemetry.c:323] K230_CARD_BENCH v=1 run=16301057462274 event=present frame_id=105 t_ns=16307530353000 presented=1 clock=monotonic
00:00:45.439 [INFO] [sway/card_shell_telemetry.c:201] K230_CARD_BENCH v=1 run=16301057462274 event=input input_id=42 gesture_id=2 kind=motion t_ns=16307584557760 source=injected
00:00:45.447 [INFO] [sway/card_shell_telemetry.c:323] K230_CARD_BENCH v=1 run=16301057462274 event=present frame_id=106 t_ns=16307587833000 presented=1 clock=monotonic
00:00:45.489 [INFO] [sway/card_shell_telemetry.c:266] K230_CARD_BENCH v=1 run=16301057462274 event=submit input_id=42 frame_id=107 t_ns=16307634938782 update_cpu_ns=13441295 final=0
00:00:45.499 [INFO] [sway/card_shell_telemetry.c:323] K230_CARD_BENCH v=1 run=16301057462274 event=present frame_id=107 t_ns=16307645312000 presented=1 clock=monotonic
00:00:45.510 [INFO] [sway/card_shell_telemetry.c:201] K230_CARD_BENCH v=1 run=16301057462274 event=input input_id=43 gesture_id=2 kind=motion t_ns=16307655576740 source=injected
00:00:45.525 [INFO] [sway/card_shell_telemetry.c:266] K230_CARD_BENCH v=1 run=16301057462274 event=submit input_id=43 frame_id=108 t_ns=16307671742216 update_cpu_ns=13798071 final=0
00:00:45.537 [INFO] [sway/card_shell_telemetry.c:323] K230_CARD_BENCH v=1 run=16301057462274 event=present frame_id=108 t_ns=16307683634000 presented=1 clock=monotonic
00:00:45.594 [INFO] [sway/card_shell_telemetry.c:323] K230_CARD_BENCH v=1 run=16301057462274 event=present frame_id=109 t_ns=16307741114000 presented=1 clock=monotonic
00:00:45.599 [INFO] [sway/card_shell_telemetry.c:201] K230_CARD_BENCH v=1 run=16301057462274 event=input input_id=44 gesture_id=2 kind=motion t_ns=16307743973126 source=injected
00:00:45.637 [INFO] [sway/card_shell_telemetry.c:266] K230_CARD_BENCH v=1 run=16301057462274 event=submit input_id=44 frame_id=110 t_ns=16307779239722 update_cpu_ns=13341084 final=0
00:00:45.652 [INFO] [sway/card_shell_telemetry.c:323] K230_CARD_BENCH v=1 run=16301057462274 event=present frame_id=110 t_ns=16307798593000 presented=1 clock=monotonic
00:00:45.685 [INFO] [sway/card_shell_telemetry.c:201] K230_CARD_BENCH v=1 run=16301057462274 event=input input_id=45 gesture_id=2 kind=motion t_ns=16307830122789 source=injected
00:00:45.690 [INFO] [sway/card_shell_telemetry.c:323] K230_CARD_BENCH v=1 run=16301057462274 event=present frame_id=111 t_ns=16307836914000 presented=1 clock=monotonic
00:00:45.735 [INFO] [sway/card_shell_telemetry.c:266] K230_CARD_BENCH v=1 run=16301057462274 event=submit input_id=45 frame_id=112 t_ns=16307881770589 update_cpu_ns=13478479 final=0
00:00:45.748 [INFO] [sway/card_shell_telemetry.c:323] K230_CARD_BENCH v=1 run=16301057462274 event=present frame_id=112 t_ns=16307894393000 presented=1 clock=monotonic
00:00:45.756 [INFO] [sway/card_shell_telemetry.c:201] K230_CARD_BENCH v=1 run=16301057462274 event=input input_id=46 gesture_id=2 kind=motion t_ns=16307900516138 source=injected
00:00:45.791 [INFO] [sway/card_shell_telemetry.c:266] K230_CARD_BENCH v=1 run=16301057462274 event=submit input_id=46 frame_id=113 t_ns=16307937844986 update_cpu_ns=13629582 final=0
00:00:45.805 [INFO] [sway/card_shell_telemetry.c:323] K230_CARD_BENCH v=1 run=16301057462274 event=present frame_id=113 t_ns=16307951875000 presented=1 clock=monotonic
00:00:45.839 [INFO] [sway/card_shell_telemetry.c:201] K230_CARD_BENCH v=1 run=16301057462274 event=input input_id=47 gesture_id=2 kind=motion t_ns=16307984648436 source=injected
00:00:45.843 [INFO] [sway/card_shell_telemetry.c:323] K230_CARD_BENCH v=1 run=16301057462274 event=present frame_id=114 t_ns=16307990196000 presented=1 clock=monotonic
00:00:45.890 [INFO] [sway/card_shell_telemetry.c:266] K230_CARD_BENCH v=1 run=16301057462274 event=submit input_id=47 frame_id=115 t_ns=16308036465597 update_cpu_ns=13628848 final=0
00:00:45.901 [INFO] [sway/card_shell_telemetry.c:323] K230_CARD_BENCH v=1 run=16301057462274 event=present frame_id=115 t_ns=16308047676000 presented=1 clock=monotonic
00:00:45.912 [INFO] [sway/card_shell_telemetry.c:201] K230_CARD_BENCH v=1 run=16301057462274 event=input input_id=48 gesture_id=2 kind=motion t_ns=16308056473147 source=injected
00:00:45.927 [INFO] [sway/card_shell_telemetry.c:266] K230_CARD_BENCH v=1 run=16301057462274 event=submit input_id=48 frame_id=116 t_ns=16308073355137 update_cpu_ns=13485047 final=0
00:00:45.939 [INFO] [sway/card_shell_telemetry.c:323] K230_CARD_BENCH v=1 run=16301057462274 event=present frame_id=116 t_ns=16308085997000 presented=1 clock=monotonic
00:00:45.950 [INFO] [sway/card_shell.c:412] K230_CARD_SHELL filter-mode nearest=1122 bilinear=561
00:00:45.986 [INFO] [sway/card_shell_telemetry.c:54] K230_CARD_BENCH v=1 run=16301057462274 event=resource phase=active t_ns=16308132986366 cpu_ns=2376470898 memory_bytes=54525952 scope=compositor
00:00:45.997 [INFO] [sway/card_shell_telemetry.c:323] K230_CARD_BENCH v=1 run=16301057462274 event=present frame_id=117 t_ns=16308143478000 presented=1 clock=monotonic
00:00:46.002 [INFO] [sway/card_shell_telemetry.c:201] K230_CARD_BENCH v=1 run=16301057462274 event=input input_id=49 gesture_id=2 kind=motion t_ns=16308147829769 source=injected
00:00:46.039 [INFO] [sway/card_shell_telemetry.c:266] K230_CARD_BENCH v=1 run=16301057462274 event=submit input_id=49 frame_id=118 t_ns=16308186124524 update_cpu_ns=14197918 final=0
00:00:46.058 [INFO] [sway/card_shell_telemetry.c:323] K230_CARD_BENCH v=1 run=16301057462274 event=present frame_id=118 t_ns=16308200957000 presented=1 clock=monotonic
00:00:46.093 [INFO] [sway/card_shell_telemetry.c:201] K230_CARD_BENCH v=1 run=16301057462274 event=input input_id=50 gesture_id=2 kind=motion t_ns=16308237523264 source=injected
00:00:46.093 [INFO] [sway/card_shell_telemetry.c:323] K230_CARD_BENCH v=1 run=16301057462274 event=present frame_id=119 t_ns=16308239277000 presented=1 clock=monotonic
00:00:46.131 [INFO] [sway/card_shell_telemetry.c:266] K230_CARD_BENCH v=1 run=16301057462274 event=submit input_id=50 frame_id=120 t_ns=16308273567704 update_cpu_ns=13111775 final=0
00:00:46.134 [INFO] [sway/card_shell_telemetry.c:323] K230_CARD_BENCH v=1 run=16301057462274 event=present frame_id=120 t_ns=16308277597000 presented=1 clock=monotonic
00:00:46.184 [INFO] [sway/card_shell_telemetry.c:201] K230_CARD_BENCH v=1 run=16301057462274 event=input input_id=51 gesture_id=2 kind=motion t_ns=16308329500331 source=injected
00:00:46.188 [INFO] [sway/card_shell_telemetry.c:323] K230_CARD_BENCH v=1 run=16301057462274 event=present frame_id=121 t_ns=16308335078000 presented=1 clock=monotonic
00:00:46.234 [INFO] [sway/card_shell_telemetry.c:266] K230_CARD_BENCH v=1 run=16301057462274 event=submit input_id=51 frame_id=122 t_ns=16308377795584 update_cpu_ns=13872706 final=0
00:00:46.246 [INFO] [sway/card_shell_telemetry.c:323] K230_CARD_BENCH v=1 run=16301057462274 event=present frame_id=122 t_ns=16308392559000 presented=1 clock=monotonic
00:00:46.283 [INFO] [sway/card_shell_telemetry.c:201] K230_CARD_BENCH v=1 run=16301057462274 event=input input_id=52 gesture_id=2 kind=motion t_ns=16308427876141 source=injected
00:00:46.287 [INFO] [sway/card_shell_telemetry.c:323] K230_CARD_BENCH v=1 run=16301057462274 event=present frame_id=123 t_ns=16308430878000 presented=1 clock=monotonic
00:00:46.323 [INFO] [sway/card_shell_telemetry.c:266] K230_CARD_BENCH v=1 run=16301057462274 event=submit input_id=52 frame_id=124 t_ns=16308467087991 update_cpu_ns=13508877 final=0
00:00:46.327 [INFO] [sway/card_shell_telemetry.c:323] K230_CARD_BENCH v=1 run=16301057462274 event=present frame_id=124 t_ns=16308469199000 presented=1 clock=monotonic
00:00:46.378 [INFO] [sway/card_shell_telemetry.c:201] K230_CARD_BENCH v=1 run=16301057462274 event=input input_id=53 gesture_id=2 kind=motion t_ns=16308522888366 source=injected
00:00:46.380 [INFO] [sway/card_shell_telemetry.c:323] K230_CARD_BENCH v=1 run=16301057462274 event=present frame_id=125 t_ns=16308526679000 presented=1 clock=monotonic
00:00:46.419 [INFO] [sway/card_shell_telemetry.c:266] K230_CARD_BENCH v=1 run=16301057462274 event=submit input_id=53 frame_id=126 t_ns=16308565140078 update_cpu_ns=13683893 final=0
00:00:46.437 [INFO] [sway/card_shell_telemetry.c:323] K230_CARD_BENCH v=1 run=16301057462274 event=present frame_id=126 t_ns=16308584159000 presented=1 clock=monotonic
00:00:46.471 [INFO] [sway/card_shell_telemetry.c:201] K230_CARD_BENCH v=1 run=16301057462274 event=input input_id=54 gesture_id=2 kind=motion t_ns=16308616277129 source=injected
00:00:46.478 [INFO] [sway/card_shell_telemetry.c:323] K230_CARD_BENCH v=1 run=16301057462274 event=present frame_id=127 t_ns=16308622479000 presented=1 clock=monotonic
00:00:46.523 [INFO] [sway/card_shell_telemetry.c:266] K230_CARD_BENCH v=1 run=16301057462274 event=submit input_id=54 frame_id=128 t_ns=16308669824894 update_cpu_ns=13662661 final=0
00:00:46.533 [INFO] [sway/card_shell_telemetry.c:323] K230_CARD_BENCH v=1 run=16301057462274 event=present frame_id=128 t_ns=16308679961000 presented=1 clock=monotonic
00:00:46.565 [INFO] [sway/card_shell_telemetry.c:201] K230_CARD_BENCH v=1 run=16301057462274 event=input input_id=55 gesture_id=2 kind=motion t_ns=16308710116719 source=injected
00:00:46.571 [INFO] [sway/card_shell_telemetry.c:323] K230_CARD_BENCH v=1 run=16301057462274 event=present frame_id=129 t_ns=16308718280000 presented=1 clock=monotonic
00:00:46.624 [INFO] [sway/card_shell_telemetry.c:266] K230_CARD_BENCH v=1 run=16301057462274 event=submit input_id=55 frame_id=130 t_ns=16308769107466 update_cpu_ns=13578360 final=0
00:00:46.629 [INFO] [sway/card_shell_telemetry.c:323] K230_CARD_BENCH v=1 run=16301057462274 event=present frame_id=130 t_ns=16308775761000 presented=1 clock=monotonic
00:00:46.662 [INFO] [sway/card_shell_telemetry.c:201] K230_CARD_BENCH v=1 run=16301057462274 event=input input_id=56 gesture_id=2 kind=motion t_ns=16308807252562 source=injected
00:00:46.667 [INFO] [sway/card_shell_telemetry.c:323] K230_CARD_BENCH v=1 run=16301057462274 event=present frame_id=131 t_ns=16308814082000 presented=1 clock=monotonic
00:00:46.713 [INFO] [sway/card_shell_telemetry.c:266] K230_CARD_BENCH v=1 run=16301057462274 event=submit input_id=56 frame_id=132 t_ns=16308857978304 update_cpu_ns=13284160 final=0
00:00:46.725 [INFO] [sway/card_shell_telemetry.c:323] K230_CARD_BENCH v=1 run=16301057462274 event=present frame_id=132 t_ns=16308871562000 presented=1 clock=monotonic
00:00:46.735 [INFO] [sway/card_shell_telemetry.c:201] K230_CARD_BENCH v=1 run=16301057462274 event=input input_id=57 gesture_id=2 kind=motion t_ns=16308880870873 source=injected
00:00:46.750 [INFO] [sway/card_shell_telemetry.c:266] K230_CARD_BENCH v=1 run=16301057462274 event=submit input_id=57 frame_id=133 t_ns=16308896742291 update_cpu_ns=13530113 final=0
00:00:46.763 [INFO] [sway/card_shell_telemetry.c:323] K230_CARD_BENCH v=1 run=16301057462274 event=present frame_id=133 t_ns=16308909881000 presented=1 clock=monotonic
00:00:46.821 [INFO] [sway/card_shell_telemetry.c:323] K230_CARD_BENCH v=1 run=16301057462274 event=present frame_id=134 t_ns=16308967361000 presented=1 clock=monotonic
00:00:46.829 [INFO] [sway/card_shell_telemetry.c:201] K230_CARD_BENCH v=1 run=16301057462274 event=input input_id=58 gesture_id=2 kind=motion t_ns=16308974624319 source=injected
00:00:46.863 [INFO] [sway/card_shell_telemetry.c:266] K230_CARD_BENCH v=1 run=16301057462274 event=submit input_id=58 frame_id=135 t_ns=16309009531751 update_cpu_ns=13273583 final=0
00:00:46.882 [INFO] [sway/card_shell_telemetry.c:323] K230_CARD_BENCH v=1 run=16301057462274 event=present frame_id=135 t_ns=16309024842000 presented=1 clock=monotonic
00:00:46.918 [INFO] [sway/card_shell_telemetry.c:323] K230_CARD_BENCH v=1 run=16301057462274 event=present frame_id=136 t_ns=16309063162000 presented=1 clock=monotonic
00:00:46.920 [INFO] [sway/card_shell_telemetry.c:201] K230_CARD_BENCH v=1 run=16301057462274 event=input input_id=59 gesture_id=2 kind=motion t_ns=16309066334698 source=injected
00:00:46.961 [INFO] [sway/card_shell_telemetry.c:266] K230_CARD_BENCH v=1 run=16301057462274 event=submit input_id=59 frame_id=137 t_ns=16309107413292 update_cpu_ns=12853674 final=0
00:00:46.974 [INFO] [sway/card_shell_telemetry.c:323] K230_CARD_BENCH v=1 run=16301057462274 event=present frame_id=137 t_ns=16309120643000 presented=1 clock=monotonic
00:00:47.009 [INFO] [sway/card_shell_telemetry.c:54] K230_CARD_BENCH v=1 run=16301057462274 event=resource phase=active t_ns=16309155518592 cpu_ns=2672638995 memory_bytes=54525952 scope=compositor
00:00:47.016 [INFO] [sway/card_shell_telemetry.c:201] K230_CARD_BENCH v=1 run=16301057462274 event=input input_id=60 gesture_id=2 kind=release t_ns=16309159305226 source=injected
00:00:47.016 [INFO] [sway/card_shell_telemetry.c:323] K230_CARD_BENCH v=1 run=16301057462274 event=present frame_id=138 t_ns=16309158963000 presented=1 clock=monotonic
00:00:47.090 [INFO] [sway/card_shell_telemetry.c:266] K230_CARD_BENCH v=1 run=16301057462274 event=submit input_id=60 frame_id=139 t_ns=16309236718095 update_cpu_ns=40157020 final=1
00:00:47.108 [INFO] [sway/card_shell_telemetry.c:323] K230_CARD_BENCH v=1 run=16301057462274 event=present frame_id=139 t_ns=16309254763000 presented=1 clock=monotonic
00:00:47.166 [INFO] [sway/card_shell_telemetry.c:323] K230_CARD_BENCH v=1 run=16301057462274 event=present frame_id=140 t_ns=16309312263000 presented=1 clock=monotonic
00:00:47.223 [INFO] [sway/card_shell_telemetry.c:323] K230_CARD_BENCH v=1 run=16301057462274 event=present frame_id=141 t_ns=16309369723000 presented=1 clock=monotonic
00:00:47.280 [INFO] [sway/card_shell_telemetry.c:323] K230_CARD_BENCH v=1 run=16301057462274 event=present frame_id=142 t_ns=16309427203000 presented=1 clock=monotonic
00:00:47.338 [INFO] [sway/card_shell_telemetry.c:323] K230_CARD_BENCH v=1 run=16301057462274 event=present frame_id=143 t_ns=16309484684000 presented=1 clock=monotonic
00:00:47.593 [INFO] [sway/card_shell.c:412] K230_CARD_SHELL filter-mode nearest=1395 bilinear=687
00:00:48.023 [INFO] [sway/card_shell_telemetry.c:54] K230_CARD_BENCH v=1 run=16301057462274 event=resource phase=active t_ns=16310169831134 cpu_ns=2881393517 memory_bytes=54525952 scope=compositor
00:00:48.049 [INFO] [sway/card_shell_telemetry.c:323] K230_CARD_BENCH v=1 run=16301057462274 event=present frame_id=144 t_ns=16310193610000 presented=1 clock=monotonic
00:00:48.105 [INFO] [sway/card_shell_telemetry.c:323] K230_CARD_BENCH v=1 run=16301057462274 event=present frame_id=145 t_ns=16310251091000 presented=1 clock=monotonic
00:00:48.140 [INFO] [sway/card_shell_telemetry.c:201] K230_CARD_BENCH v=1 run=16301057462274 event=input input_id=61 gesture_id=3 kind=motion t_ns=16310286279159 source=injected
00:00:48.144 [INFO] [sway/card_shell_telemetry.c:323] K230_CARD_BENCH v=1 run=16301057462274 event=present frame_id=146 t_ns=16310289410000 presented=1 clock=monotonic
00:00:48.188 [INFO] [sway/card_shell_telemetry.c:266] K230_CARD_BENCH v=1 run=16301057462274 event=submit input_id=61 frame_id=147 t_ns=16310335044383 update_cpu_ns=12690957 final=0
00:00:48.200 [INFO] [sway/card_shell_telemetry.c:323] K230_CARD_BENCH v=1 run=16301057462274 event=present frame_id=147 t_ns=16310346890000 presented=1 clock=monotonic
00:00:48.211 [INFO] [sway/card_shell_telemetry.c:201] K230_CARD_BENCH v=1 run=16301057462274 event=input input_id=62 gesture_id=3 kind=motion t_ns=16310356154054 source=injected
00:00:48.226 [INFO] [sway/card_shell_telemetry.c:266] K230_CARD_BENCH v=1 run=16301057462274 event=submit input_id=62 frame_id=148 t_ns=16310372358971 update_cpu_ns=13126108 final=0
00:00:48.238 [INFO] [sway/card_shell_telemetry.c:323] K230_CARD_BENCH v=1 run=16301057462274 event=present frame_id=148 t_ns=16310385211000 presented=1 clock=monotonic
00:00:48.296 [INFO] [sway/card_shell_telemetry.c:323] K230_CARD_BENCH v=1 run=16301057462274 event=present frame_id=149 t_ns=16310442718000 presented=1 clock=monotonic
00:00:48.299 [INFO] [sway/card_shell_telemetry.c:201] K230_CARD_BENCH v=1 run=16301057462274 event=input input_id=63 gesture_id=3 kind=motion t_ns=16310444495107 source=injected
00:00:48.335 [INFO] [sway/card_shell_telemetry.c:266] K230_CARD_BENCH v=1 run=16301057462274 event=submit input_id=63 frame_id=150 t_ns=16310481513453 update_cpu_ns=12964893 final=0
00:00:48.353 [INFO] [sway/card_shell_telemetry.c:323] K230_CARD_BENCH v=1 run=16301057462274 event=present frame_id=150 t_ns=16310500174000 presented=1 clock=monotonic
00:00:48.382 [INFO] [sway/card_shell_telemetry.c:201] K230_CARD_BENCH v=1 run=16301057462274 event=input input_id=64 gesture_id=3 kind=motion t_ns=16310527772748 source=injected
00:00:48.392 [INFO] [sway/card_shell_telemetry.c:323] K230_CARD_BENCH v=1 run=16301057462274 event=present frame_id=151 t_ns=16310538492000 presented=1 clock=monotonic
00:00:48.441 [INFO] [sway/card_shell_telemetry.c:266] K230_CARD_BENCH v=1 run=16301057462274 event=submit input_id=64 frame_id=152 t_ns=16310584142830 update_cpu_ns=12928031 final=0
00:00:48.449 [INFO] [sway/card_shell_telemetry.c:323] K230_CARD_BENCH v=1 run=16301057462274 event=present frame_id=152 t_ns=16310595974000 presented=1 clock=monotonic
00:00:48.454 [INFO] [sway/card_shell_telemetry.c:201] K230_CARD_BENCH v=1 run=16301057462274 event=input input_id=65 gesture_id=3 kind=motion t_ns=16310599522313 source=injected
00:00:48.490 [INFO] [sway/card_shell_telemetry.c:266] K230_CARD_BENCH v=1 run=16301057462274 event=submit input_id=65 frame_id=153 t_ns=16310636214049 update_cpu_ns=13244710 final=0
00:00:48.510 [INFO] [sway/card_shell_telemetry.c:323] K230_CARD_BENCH v=1 run=16301057462274 event=present frame_id=153 t_ns=16310653457000 presented=1 clock=monotonic
00:00:48.541 [INFO] [sway/card_shell_telemetry.c:201] K230_CARD_BENCH v=1 run=16301057462274 event=input input_id=66 gesture_id=3 kind=motion t_ns=16310686339158 source=injected
00:00:48.549 [INFO] [sway/card_shell_telemetry.c:323] K230_CARD_BENCH v=1 run=16301057462274 event=present frame_id=154 t_ns=16310691773000 presented=1 clock=monotonic
00:00:48.589 [INFO] [sway/card_shell_telemetry.c:266] K230_CARD_BENCH v=1 run=16301057462274 event=submit input_id=66 frame_id=155 t_ns=16310736200800 update_cpu_ns=12743788 final=0
00:00:48.602 [INFO] [sway/card_shell_telemetry.c:323] K230_CARD_BENCH v=1 run=16301057462274 event=present frame_id=155 t_ns=16310749253000 presented=1 clock=monotonic
00:00:48.611 [INFO] [sway/card_shell_telemetry.c:201] K230_CARD_BENCH v=1 run=16301057462274 event=input input_id=67 gesture_id=3 kind=motion t_ns=16310756680545 source=injected
00:00:48.643 [INFO] [sway/card_shell_telemetry.c:266] K230_CARD_BENCH v=1 run=16301057462274 event=submit input_id=67 frame_id=156 t_ns=16310786812251 update_cpu_ns=13247141 final=0
00:00:48.660 [INFO] [sway/card_shell_telemetry.c:323] K230_CARD_BENCH v=1 run=16301057462274 event=present frame_id=156 t_ns=16310806735000 presented=1 clock=monotonic
00:00:48.693 [INFO] [sway/card_shell_telemetry.c:201] K230_CARD_BENCH v=1 run=16301057462274 event=input input_id=68 gesture_id=3 kind=motion t_ns=16310838104923 source=injected
00:00:48.698 [INFO] [sway/card_shell_telemetry.c:323] K230_CARD_BENCH v=1 run=16301057462274 event=present frame_id=157 t_ns=16310845055000 presented=1 clock=monotonic
00:00:48.741 [INFO] [sway/card_shell_telemetry.c:266] K230_CARD_BENCH v=1 run=16301057462274 event=submit input_id=68 frame_id=158 t_ns=16310879716041 update_cpu_ns=12777852 final=0
00:00:48.742 [INFO] [sway/card_shell_telemetry.c:323] K230_CARD_BENCH v=1 run=16301057462274 event=present frame_id=158 t_ns=16310883374000 presented=1 clock=monotonic
00:00:48.776 [INFO] [sway/card_shell_telemetry.c:201] K230_CARD_BENCH v=1 run=16301057462274 event=input input_id=69 gesture_id=3 kind=motion t_ns=16310921789170 source=injected
00:00:48.777 [INFO] [sway/card_shell_telemetry.c:323] K230_CARD_BENCH v=1 run=16301057462274 event=present frame_id=159 t_ns=16310921695000 presented=1 clock=monotonic
00:00:48.821 [INFO] [sway/card_shell_telemetry.c:266] K230_CARD_BENCH v=1 run=16301057462274 event=submit input_id=69 frame_id=160 t_ns=16310962417715 update_cpu_ns=12560610 final=0
00:00:48.832 [INFO] [sway/card_shell_telemetry.c:323] K230_CARD_BENCH v=1 run=16301057462274 event=present frame_id=160 t_ns=16310979176000 presented=1 clock=monotonic
00:00:48.860 [INFO] [sway/card_shell_telemetry.c:201] K230_CARD_BENCH v=1 run=16301057462274 event=input input_id=70 gesture_id=3 kind=motion t_ns=16311006010942 source=injected
00:00:48.871 [INFO] [sway/card_shell_telemetry.c:323] K230_CARD_BENCH v=1 run=16301057462274 event=present frame_id=161 t_ns=16311017496000 presented=1 clock=monotonic
00:00:48.913 [INFO] [sway/card_shell_telemetry.c:266] K230_CARD_BENCH v=1 run=16301057462274 event=submit input_id=70 frame_id=162 t_ns=16311059253648 update_cpu_ns=12877264 final=0
00:00:48.928 [INFO] [sway/card_shell_telemetry.c:323] K230_CARD_BENCH v=1 run=16301057462274 event=present frame_id=162 t_ns=16311074975000 presented=1 clock=monotonic
00:00:48.932 [INFO] [sway/card_shell_telemetry.c:201] K230_CARD_BENCH v=1 run=16301057462274 event=input input_id=71 gesture_id=3 kind=motion t_ns=16311076776897 source=injected
00:00:48.936 [INFO] [sway/card_shell.c:412] K230_CARD_SHELL filter-mode nearest=1650 bilinear=765
00:00:48.975 [INFO] [sway/card_shell_telemetry.c:266] K230_CARD_BENCH v=1 run=16301057462274 event=submit input_id=71 frame_id=163 t_ns=16311121380843 update_cpu_ns=13288397 final=0
00:00:48.989 [INFO] [sway/card_shell_telemetry.c:323] K230_CARD_BENCH v=1 run=16301057462274 event=present frame_id=163 t_ns=16311132457000 presented=1 clock=monotonic
00:00:49.016 [INFO] [sway/card_shell_telemetry.c:201] K230_CARD_BENCH v=1 run=16301057462274 event=input input_id=72 gesture_id=3 kind=motion t_ns=16311160893341 source=injected
00:00:49.024 [INFO] [sway/card_shell_telemetry.c:323] K230_CARD_BENCH v=1 run=16301057462274 event=present frame_id=164 t_ns=16311170776000 presented=1 clock=monotonic
00:00:49.030 [INFO] [sway/card_shell_telemetry.c:54] K230_CARD_BENCH v=1 run=16301057462274 event=resource phase=active t_ns=16311176871790 cpu_ns=3170268758 memory_bytes=54525952 scope=compositor
00:00:49.075 [INFO] [sway/card_shell_telemetry.c:266] K230_CARD_BENCH v=1 run=16301057462274 event=submit input_id=72 frame_id=165 t_ns=16311221322485 update_cpu_ns=13535973 final=0
00:00:49.081 [INFO] [sway/card_shell_telemetry.c:323] K230_CARD_BENCH v=1 run=16301057462274 event=present frame_id=165 t_ns=16311228256000 presented=1 clock=monotonic
00:00:49.090 [INFO] [sway/card_shell_telemetry.c:201] K230_CARD_BENCH v=1 run=16301057462274 event=input input_id=73 gesture_id=3 kind=motion t_ns=16311235801020 source=injected
00:00:49.125 [INFO] [sway/card_shell_telemetry.c:266] K230_CARD_BENCH v=1 run=16301057462274 event=submit input_id=73 frame_id=166 t_ns=16311269261756 update_cpu_ns=13246218 final=0
00:00:49.139 [INFO] [sway/card_shell_telemetry.c:323] K230_CARD_BENCH v=1 run=16301057462274 event=present frame_id=166 t_ns=16311285737000 presented=1 clock=monotonic
00:00:49.174 [INFO] [sway/card_shell_telemetry.c:201] K230_CARD_BENCH v=1 run=16301057462274 event=input input_id=74 gesture_id=3 kind=motion t_ns=16311318921928 source=injected
00:00:49.179 [INFO] [sway/card_shell_telemetry.c:323] K230_CARD_BENCH v=1 run=16301057462274 event=present frame_id=167 t_ns=16311324071000 presented=1 clock=monotonic
00:00:49.218 [INFO] [sway/card_shell_telemetry.c:266] K230_CARD_BENCH v=1 run=16301057462274 event=submit input_id=74 frame_id=168 t_ns=16311365033527 update_cpu_ns=13295436 final=0
00:00:49.235 [INFO] [sway/card_shell_telemetry.c:323] K230_CARD_BENCH v=1 run=16301057462274 event=present frame_id=168 t_ns=16311381538000 presented=1 clock=monotonic
00:00:49.246 [INFO] [sway/card_shell_telemetry.c:201] K230_CARD_BENCH v=1 run=16301057462274 event=input input_id=75 gesture_id=3 kind=motion t_ns=16311391564108 source=injected
00:00:49.261 [INFO] [sway/card_shell_telemetry.c:266] K230_CARD_BENCH v=1 run=16301057462274 event=submit input_id=75 frame_id=169 t_ns=16311407513632 update_cpu_ns=13286665 final=0
00:00:49.273 [INFO] [sway/card_shell_telemetry.c:323] K230_CARD_BENCH v=1 run=16301057462274 event=present frame_id=169 t_ns=16311419858000 presented=1 clock=monotonic
00:00:49.331 [INFO] [sway/card_shell_telemetry.c:323] K230_CARD_BENCH v=1 run=16301057462274 event=present frame_id=170 t_ns=16311477338000 presented=1 clock=monotonic
00:00:49.335 [INFO] [sway/card_shell_telemetry.c:201] K230_CARD_BENCH v=1 run=16301057462274 event=input input_id=76 gesture_id=3 kind=motion t_ns=16311480556604 source=injected
00:00:49.382 [INFO] [sway/card_shell_telemetry.c:266] K230_CARD_BENCH v=1 run=16301057462274 event=submit input_id=76 frame_id=171 t_ns=16311529016475 update_cpu_ns=13450038 final=0
00:00:49.388 [INFO] [sway/card_shell_telemetry.c:323] K230_CARD_BENCH v=1 run=16301057462274 event=present frame_id=171 t_ns=16311534819000 presented=1 clock=monotonic
00:00:49.418 [INFO] [sway/card_shell_telemetry.c:201] K230_CARD_BENCH v=1 run=16301057462274 event=input input_id=77 gesture_id=3 kind=motion t_ns=16311563462525 source=injected
00:00:49.426 [INFO] [sway/card_shell_telemetry.c:323] K230_CARD_BENCH v=1 run=16301057462274 event=present frame_id=172 t_ns=16311573139000 presented=1 clock=monotonic
00:00:49.478 [INFO] [sway/card_shell_telemetry.c:266] K230_CARD_BENCH v=1 run=16301057462274 event=submit input_id=77 frame_id=173 t_ns=16311624567074 update_cpu_ns=13443918 final=0
00:00:49.484 [INFO] [sway/card_shell_telemetry.c:323] K230_CARD_BENCH v=1 run=16301057462274 event=present frame_id=173 t_ns=16311630620000 presented=1 clock=monotonic
00:00:49.490 [INFO] [sway/card_shell_telemetry.c:201] K230_CARD_BENCH v=1 run=16301057462274 event=input input_id=78 gesture_id=3 kind=motion t_ns=16311634990287 source=injected
00:00:49.525 [INFO] [sway/card_shell_telemetry.c:266] K230_CARD_BENCH v=1 run=16301057462274 event=submit input_id=78 frame_id=174 t_ns=16311671715650 update_cpu_ns=13429256 final=0
00:00:49.545 [INFO] [sway/card_shell_telemetry.c:323] K230_CARD_BENCH v=1 run=16301057462274 event=present frame_id=174 t_ns=16311688100000 presented=1 clock=monotonic
00:00:49.577 [INFO] [sway/card_shell_telemetry.c:201] K230_CARD_BENCH v=1 run=16301057462274 event=input input_id=79 gesture_id=3 kind=motion t_ns=16311722697561 source=injected
00:00:49.581 [INFO] [sway/card_shell_telemetry.c:323] K230_CARD_BENCH v=1 run=16301057462274 event=present frame_id=175 t_ns=16311726422000 presented=1 clock=monotonic
00:00:49.629 [INFO] [sway/card_shell_telemetry.c:266] K230_CARD_BENCH v=1 run=16301057462274 event=submit input_id=79 frame_id=176 t_ns=16311765560866 update_cpu_ns=13109967 final=0
00:00:49.637 [INFO] [sway/card_shell_telemetry.c:323] K230_CARD_BENCH v=1 run=16301057462274 event=present frame_id=176 t_ns=16311783900000 presented=1 clock=monotonic
00:00:49.664 [INFO] [sway/card_shell_telemetry.c:201] K230_CARD_BENCH v=1 run=16301057462274 event=input input_id=80 gesture_id=3 kind=motion t_ns=16311809516664 source=injected
00:00:49.675 [INFO] [sway/card_shell_telemetry.c:323] K230_CARD_BENCH v=1 run=16301057462274 event=present frame_id=177 t_ns=16311822221000 presented=1 clock=monotonic
00:00:49.719 [INFO] [sway/card_shell_telemetry.c:266] K230_CARD_BENCH v=1 run=16301057462274 event=submit input_id=80 frame_id=178 t_ns=16311865495731 update_cpu_ns=13448701 final=0
00:00:49.734 [INFO] [sway/card_shell_telemetry.c:201] K230_CARD_BENCH v=1 run=16301057462274 event=input input_id=81 gesture_id=3 kind=motion t_ns=16311879004988 source=injected
00:00:49.734 [INFO] [sway/card_shell_telemetry.c:323] K230_CARD_BENCH v=1 run=16301057462274 event=present frame_id=178 t_ns=16311879722000 presented=1 clock=monotonic
00:00:49.785 [INFO] [sway/card_shell_telemetry.c:266] K230_CARD_BENCH v=1 run=16301057462274 event=submit input_id=81 frame_id=179 t_ns=16311928299256 update_cpu_ns=13618588 final=0
00:00:49.790 [INFO] [sway/card_shell_telemetry.c:323] K230_CARD_BENCH v=1 run=16301057462274 event=present frame_id=179 t_ns=16311937183000 presented=1 clock=monotonic
00:00:49.819 [INFO] [sway/card_shell_telemetry.c:201] K230_CARD_BENCH v=1 run=16301057462274 event=input input_id=82 gesture_id=3 kind=motion t_ns=16311964487464 source=injected
00:00:49.829 [INFO] [sway/card_shell_telemetry.c:323] K230_CARD_BENCH v=1 run=16301057462274 event=present frame_id=180 t_ns=16311975502000 presented=1 clock=monotonic
00:00:49.877 [INFO] [sway/card_shell_telemetry.c:266] K230_CARD_BENCH v=1 run=16301057462274 event=submit input_id=82 frame_id=181 t_ns=16312019716093 update_cpu_ns=13957120 final=0
00:00:49.886 [INFO] [sway/card_shell_telemetry.c:323] K230_CARD_BENCH v=1 run=16301057462274 event=present frame_id=181 t_ns=16312032982000 presented=1 clock=monotonic
00:00:49.891 [INFO] [sway/card_shell_telemetry.c:201] K230_CARD_BENCH v=1 run=16301057462274 event=input input_id=83 gesture_id=3 kind=motion t_ns=16312036288100 source=injected
00:00:49.924 [INFO] [sway/card_shell_telemetry.c:266] K230_CARD_BENCH v=1 run=16301057462274 event=submit input_id=83 frame_id=182 t_ns=16312066545206 update_cpu_ns=13187513 final=0
00:00:49.930 [INFO] [sway/card_shell_telemetry.c:323] K230_CARD_BENCH v=1 run=16301057462274 event=present frame_id=182 t_ns=16312071302000 presented=1 clock=monotonic
00:00:49.966 [INFO] [sway/card_shell_telemetry.c:323] K230_CARD_BENCH v=1 run=16301057462274 event=present frame_id=183 t_ns=16312109624000 presented=1 clock=monotonic
00:00:49.989 [INFO] [sway/card_shell_telemetry.c:201] K230_CARD_BENCH v=1 run=16301057462274 event=input input_id=84 gesture_id=3 kind=motion t_ns=16312134743161 source=injected
00:00:50.001 [INFO] [sway/card_shell_telemetry.c:323] K230_CARD_BENCH v=1 run=16301057462274 event=present frame_id=184 t_ns=16312147943000 presented=1 clock=monotonic
00:00:50.047 [INFO] [sway/card_shell_telemetry.c:266] K230_CARD_BENCH v=1 run=16301057462274 event=submit input_id=84 frame_id=185 t_ns=16312194086366 update_cpu_ns=13485209 final=0
00:00:50.048 [INFO] [sway/card_shell_telemetry.c:54] K230_CARD_BENCH v=1 run=16301057462274 event=resource phase=active t_ns=16312194944243 cpu_ns=3466120155 memory_bytes=54525952 scope=compositor
00:00:50.059 [INFO] [sway/card_shell_telemetry.c:323] K230_CARD_BENCH v=1 run=16301057462274 event=present frame_id=185 t_ns=16312205423000 presented=1 clock=monotonic
00:00:50.066 [INFO] [sway/card_shell_telemetry.c:201] K230_CARD_BENCH v=1 run=16301057462274 event=input input_id=85 gesture_id=3 kind=motion t_ns=16312211790641 source=injected
00:00:50.098 [INFO] [sway/card_shell_telemetry.c:266] K230_CARD_BENCH v=1 run=16301057462274 event=submit input_id=85 frame_id=186 t_ns=16312244843289 update_cpu_ns=13757078 final=0
00:00:50.118 [INFO] [sway/card_shell_telemetry.c:323] K230_CARD_BENCH v=1 run=16301057462274 event=present frame_id=186 t_ns=16312262903000 presented=1 clock=monotonic
00:00:50.152 [INFO] [sway/card_shell_telemetry.c:201] K230_CARD_BENCH v=1 run=16301057462274 event=input input_id=86 gesture_id=3 kind=motion t_ns=16312297245081 source=injected
00:00:50.155 [INFO] [sway/card_shell_telemetry.c:323] K230_CARD_BENCH v=1 run=16301057462274 event=present frame_id=187 t_ns=16312301224000 presented=1 clock=monotonic
00:00:50.191 [INFO] [sway/card_shell_telemetry.c:266] K230_CARD_BENCH v=1 run=16301057462274 event=submit input_id=86 frame_id=188 t_ns=16312337573050 update_cpu_ns=13578003 final=0
00:00:50.201 [INFO] [sway/card_shell_telemetry.c:323] K230_CARD_BENCH v=1 run=16301057462274 event=present frame_id=188 t_ns=16312339544000 presented=1 clock=monotonic
00:00:50.232 [INFO] [sway/card_shell_telemetry.c:323] K230_CARD_BENCH v=1 run=16301057462274 event=present frame_id=189 t_ns=16312377865000 presented=1 clock=monotonic
00:00:50.236 [INFO] [sway/card_shell_telemetry.c:201] K230_CARD_BENCH v=1 run=16301057462274 event=input input_id=87 gesture_id=3 kind=motion t_ns=16312381427594 source=injected
00:00:50.270 [INFO] [sway/card_shell_telemetry.c:266] K230_CARD_BENCH v=1 run=16301057462274 event=submit input_id=87 frame_id=190 t_ns=16312415820313 update_cpu_ns=12747765 final=0
00:00:50.273 [INFO] [sway/card_shell_telemetry.c:323] K230_CARD_BENCH v=1 run=16301057462274 event=present frame_id=190 t_ns=16312416181000 presented=1 clock=monotonic
00:00:50.322 [INFO] [sway/card_shell_telemetry.c:201] K230_CARD_BENCH v=1 run=16301057462274 event=input input_id=88 gesture_id=3 kind=motion t_ns=16312467826794 source=injected
00:00:50.328 [INFO] [sway/card_shell_telemetry.c:323] K230_CARD_BENCH v=1 run=16301057462274 event=present frame_id=191 t_ns=16312473665000 presented=1 clock=monotonic
00:00:50.370 [INFO] [sway/card_shell_telemetry.c:266] K230_CARD_BENCH v=1 run=16301057462274 event=submit input_id=88 frame_id=192 t_ns=16312516451100 update_cpu_ns=13568234 final=0
00:00:50.384 [INFO] [sway/card_shell_telemetry.c:323] K230_CARD_BENCH v=1 run=16301057462274 event=present frame_id=192 t_ns=16312531145000 presented=1 clock=monotonic
00:00:50.393 [INFO] [sway/card_shell_telemetry.c:201] K230_CARD_BENCH v=1 run=16301057462274 event=input input_id=89 gesture_id=3 kind=motion t_ns=16312537950193 source=injected
00:00:50.426 [INFO] [sway/card_shell_telemetry.c:266] K230_CARD_BENCH v=1 run=16301057462274 event=submit input_id=89 frame_id=193 t_ns=16312572954284 update_cpu_ns=13027152 final=0
00:00:50.442 [INFO] [sway/card_shell_telemetry.c:323] K230_CARD_BENCH v=1 run=16301057462274 event=present frame_id=193 t_ns=16312588625000 presented=1 clock=monotonic
00:00:50.480 [INFO] [sway/card_shell_telemetry.c:201] K230_CARD_BENCH v=1 run=16301057462274 event=input input_id=90 gesture_id=3 kind=release t_ns=16312622271031 source=injected
00:00:50.481 [INFO] [sway/card_shell_telemetry.c:323] K230_CARD_BENCH v=1 run=16301057462274 event=present frame_id=194 t_ns=16312626946000 presented=1 clock=monotonic
00:00:50.548 [INFO] [sway/card_shell_telemetry.c:266] K230_CARD_BENCH v=1 run=16301057462274 event=submit input_id=90 frame_id=195 t_ns=16312694345280 update_cpu_ns=39188510 final=1
00:00:50.557 [INFO] [sway/card_shell_telemetry.c:323] K230_CARD_BENCH v=1 run=16301057462274 event=present frame_id=195 t_ns=16312703585000 presented=1 clock=monotonic
00:00:50.614 [INFO] [sway/card_shell_telemetry.c:323] K230_CARD_BENCH v=1 run=16301057462274 event=present frame_id=196 t_ns=16312761066000 presented=1 clock=monotonic
00:00:50.672 [INFO] [sway/card_shell_telemetry.c:323] K230_CARD_BENCH v=1 run=16301057462274 event=present frame_id=197 t_ns=16312818546000 presented=1 clock=monotonic
00:00:50.724 [INFO] [sway/card_shell.c:412] K230_CARD_SHELL filter-mode nearest=2052 bilinear=834
00:00:50.729 [INFO] [sway/card_shell_telemetry.c:323] K230_CARD_BENCH v=1 run=16301057462274 event=present frame_id=198 t_ns=16312876027000 presented=1 clock=monotonic
00:00:50.787 [INFO] [sway/card_shell_telemetry.c:323] K230_CARD_BENCH v=1 run=16301057462274 event=present frame_id=199 t_ns=16312933507000 presented=1 clock=monotonic
00:00:51.052 [INFO] [sway/card_shell_telemetry.c:54] K230_CARD_BENCH v=1 run=16301057462274 event=resource phase=active t_ns=16313198896908 cpu_ns=3786094762 memory_bytes=54525952 scope=compositor
00:00:51.496 [INFO] [sway/card_shell_telemetry.c:323] K230_CARD_BENCH v=1 run=16301057462274 event=present frame_id=200 t_ns=16313642436000 presented=1 clock=monotonic
00:00:51.534 [INFO] [sway/card_shell_telemetry.c:323] K230_CARD_BENCH v=1 run=16301057462274 event=present frame_id=201 t_ns=16313680753000 presented=1 clock=monotonic
00:00:51.582 [INFO] [sway/card_shell_telemetry.c:201] K230_CARD_BENCH v=1 run=16301057462274 event=input input_id=91 gesture_id=4 kind=motion t_ns=16313727848976 source=injected
00:00:51.592 [INFO] [sway/card_shell_telemetry.c:323] K230_CARD_BENCH v=1 run=16301057462274 event=present frame_id=202 t_ns=16313738234000 presented=1 clock=monotonic
00:00:51.631 [INFO] [sway/card_shell_telemetry.c:266] K230_CARD_BENCH v=1 run=16301057462274 event=submit input_id=91 frame_id=203 t_ns=16313778184849 update_cpu_ns=11520148 final=0
00:00:51.650 [INFO] [sway/card_shell_telemetry.c:201] K230_CARD_BENCH v=1 run=16301057462274 event=input input_id=92 gesture_id=4 kind=motion t_ns=16313794841924 source=injected
00:00:51.650 [INFO] [sway/card_shell_telemetry.c:323] K230_CARD_BENCH v=1 run=16301057462274 event=present frame_id=203 t_ns=16313795714000 presented=1 clock=monotonic
00:00:51.689 [INFO] [sway/card_shell_telemetry.c:266] K230_CARD_BENCH v=1 run=16301057462274 event=submit input_id=92 frame_id=204 t_ns=16313831676502 update_cpu_ns=12443339 final=0
00:00:51.693 [INFO] [sway/card_shell_telemetry.c:323] K230_CARD_BENCH v=1 run=16301057462274 event=present frame_id=204 t_ns=16313834034000 presented=1 clock=monotonic
00:00:51.726 [INFO] [sway/card_shell_telemetry.c:323] K230_CARD_BENCH v=1 run=16301057462274 event=present frame_id=205 t_ns=16313872356000 presented=1 clock=monotonic
00:00:51.732 [INFO] [sway/card_shell_telemetry.c:201] K230_CARD_BENCH v=1 run=16301057462274 event=input input_id=93 gesture_id=4 kind=motion t_ns=16313877991015 source=injected
00:00:51.767 [INFO] [sway/card_shell_telemetry.c:266] K230_CARD_BENCH v=1 run=16301057462274 event=submit input_id=93 frame_id=206 t_ns=16313912610610 update_cpu_ns=12396515 final=0
00:00:51.783 [INFO] [sway/card_shell_telemetry.c:323] K230_CARD_BENCH v=1 run=16301057462274 event=present frame_id=206 t_ns=16313929835000 presented=1 clock=monotonic
00:00:51.814 [INFO] [sway/card_shell_telemetry.c:201] K230_CARD_BENCH v=1 run=16301057462274 event=input input_id=94 gesture_id=4 kind=motion t_ns=16313959356764 source=injected
00:00:51.821 [INFO] [sway/card_shell_telemetry.c:323] K230_CARD_BENCH v=1 run=16301057462274 event=present frame_id=207 t_ns=16313968155000 presented=1 clock=monotonic
00:00:51.867 [INFO] [sway/card_shell_telemetry.c:266] K230_CARD_BENCH v=1 run=16301057462274 event=submit input_id=94 frame_id=208 t_ns=16314013967946 update_cpu_ns=12657842 final=0
00:00:51.879 [INFO] [sway/card_shell_telemetry.c:323] K230_CARD_BENCH v=1 run=16301057462274 event=present frame_id=208 t_ns=16314025636000 presented=1 clock=monotonic
00:00:51.884 [INFO] [sway/card_shell_telemetry.c:201] K230_CARD_BENCH v=1 run=16301057462274 event=input input_id=95 gesture_id=4 kind=motion t_ns=16314029121442 source=injected
00:00:51.929 [INFO] [sway/card_shell_telemetry.c:266] K230_CARD_BENCH v=1 run=16301057462274 event=submit input_id=95 frame_id=209 t_ns=16314069675509 update_cpu_ns=13091264 final=0
00:00:51.936 [INFO] [sway/card_shell_telemetry.c:323] K230_CARD_BENCH v=1 run=16301057462274 event=present frame_id=209 t_ns=16314083116000 presented=1 clock=monotonic
00:00:51.964 [INFO] [sway/card_shell.c:412] K230_CARD_SHELL filter-mode nearest=2187 bilinear=975
00:00:51.966 [INFO] [sway/card_shell_telemetry.c:201] K230_CARD_BENCH v=1 run=16301057462274 event=input input_id=96 gesture_id=4 kind=motion t_ns=16314112249496 source=injected
00:00:51.975 [INFO] [sway/card_shell_telemetry.c:323] K230_CARD_BENCH v=1 run=16301057462274 event=present frame_id=210 t_ns=16314121436000 presented=1 clock=monotonic
00:00:52.023 [INFO] [sway/card_shell_telemetry.c:266] K230_CARD_BENCH v=1 run=16301057462274 event=submit input_id=96 frame_id=211 t_ns=16314169884651 update_cpu_ns=13371332 final=0
00:00:52.034 [INFO] [sway/card_shell_telemetry.c:323] K230_CARD_BENCH v=1 run=16301057462274 event=present frame_id=211 t_ns=16314178916000 presented=1 clock=monotonic
00:00:52.038 [INFO] [sway/card_shell_telemetry.c:201] K230_CARD_BENCH v=1 run=16301057462274 event=input input_id=97 gesture_id=4 kind=motion t_ns=16314183324875 source=injected
00:00:52.074 [INFO] [sway/card_shell_telemetry.c:266] K230_CARD_BENCH v=1 run=16301057462274 event=submit input_id=97 frame_id=212 t_ns=16314217886917 update_cpu_ns=13144434 final=0
00:00:52.074 [INFO] [sway/card_shell_telemetry.c:54] K230_CARD_BENCH v=1 run=16301057462274 event=resource phase=active t_ns=16314221256760 cpu_ns=3967344771 memory_bytes=54525952 scope=compositor
00:00:52.090 [INFO] [sway/card_shell_telemetry.c:323] K230_CARD_BENCH v=1 run=16301057462274 event=present frame_id=212 t_ns=16314236398000 presented=1 clock=monotonic
00:00:52.123 [INFO] [sway/card_shell_telemetry.c:201] K230_CARD_BENCH v=1 run=16301057462274 event=input input_id=98 gesture_id=4 kind=motion t_ns=16314268373115 source=injected
00:00:52.128 [INFO] [sway/card_shell_telemetry.c:323] K230_CARD_BENCH v=1 run=16301057462274 event=present frame_id=213 t_ns=16314274721000 presented=1 clock=monotonic
00:00:52.171 [INFO] [sway/card_shell_telemetry.c:266] K230_CARD_BENCH v=1 run=16301057462274 event=submit input_id=98 frame_id=214 t_ns=16314317347140 update_cpu_ns=12921223 final=0
00:00:52.185 [INFO] [sway/card_shell_telemetry.c:323] K230_CARD_BENCH v=1 run=16301057462274 event=present frame_id=214 t_ns=16314332197000 presented=1 clock=monotonic
00:00:52.192 [INFO] [sway/card_shell_telemetry.c:201] K230_CARD_BENCH v=1 run=16301057462274 event=input input_id=99 gesture_id=4 kind=motion t_ns=16314337594341 source=injected
00:00:52.242 [INFO] [sway/card_shell_telemetry.c:266] K230_CARD_BENCH v=1 run=16301057462274 event=submit input_id=99 frame_id=215 t_ns=16314378728634 update_cpu_ns=13259306 final=0
00:00:52.243 [INFO] [sway/card_shell_telemetry.c:323] K230_CARD_BENCH v=1 run=16301057462274 event=present frame_id=215 t_ns=16314389677000 presented=1 clock=monotonic
00:00:52.277 [INFO] [sway/card_shell_telemetry.c:201] K230_CARD_BENCH v=1 run=16301057462274 event=input input_id=100 gesture_id=4 kind=motion t_ns=16314421971138 source=injected
00:00:52.281 [INFO] [sway/card_shell_telemetry.c:323] K230_CARD_BENCH v=1 run=16301057462274 event=present frame_id=216 t_ns=16314427999000 presented=1 clock=monotonic
00:00:52.335 [INFO] [sway/card_shell_telemetry.c:266] K230_CARD_BENCH v=1 run=16301057462274 event=submit input_id=100 frame_id=217 t_ns=16314481872718 update_cpu_ns=13164361 final=0
00:00:52.342 [INFO] [sway/card_shell_telemetry.c:323] K230_CARD_BENCH v=1 run=16301057462274 event=present frame_id=217 t_ns=16314485479000 presented=1 clock=monotonic
00:00:52.366 [INFO] [sway/card_shell_telemetry.c:201] K230_CARD_BENCH v=1 run=16301057462274 event=input input_id=101 gesture_id=4 kind=motion t_ns=16314510803640 source=injected
00:00:52.377 [INFO] [sway/card_shell_telemetry.c:323] K230_CARD_BENCH v=1 run=16301057462274 event=present frame_id=218 t_ns=16314523799000 presented=1 clock=monotonic
00:00:52.421 [INFO] [sway/card_shell_telemetry.c:266] K230_CARD_BENCH v=1 run=16301057462274 event=submit input_id=101 frame_id=219 t_ns=16314562813157 update_cpu_ns=13466038 final=0
00:00:52.435 [INFO] [sway/card_shell_telemetry.c:323] K230_CARD_BENCH v=1 run=16301057462274 event=present frame_id=219 t_ns=16314581279000 presented=1 clock=monotonic
00:00:52.437 [INFO] [sway/card_shell_telemetry.c:201] K230_CARD_BENCH v=1 run=16301057462274 event=input input_id=102 gesture_id=4 kind=motion t_ns=16314583055544 source=injected
00:00:52.477 [INFO] [sway/card_shell_telemetry.c:266] K230_CARD_BENCH v=1 run=16301057462274 event=submit input_id=102 frame_id=220 t_ns=16314621266413 update_cpu_ns=13390127 final=0
00:00:52.492 [INFO] [sway/card_shell_telemetry.c:323] K230_CARD_BENCH v=1 run=16301057462274 event=present frame_id=220 t_ns=16314638758000 presented=1 clock=monotonic
00:00:52.519 [INFO] [sway/card_shell_telemetry.c:201] K230_CARD_BENCH v=1 run=16301057462274 event=input input_id=103 gesture_id=4 kind=motion t_ns=16314665331240 source=injected
00:00:52.530 [INFO] [sway/card_shell_telemetry.c:323] K230_CARD_BENCH v=1 run=16301057462274 event=present frame_id=221 t_ns=16314677081000 presented=1 clock=monotonic
00:00:52.573 [INFO] [sway/card_shell_telemetry.c:266] K230_CARD_BENCH v=1 run=16301057462274 event=submit input_id=103 frame_id=222 t_ns=16314718624127 update_cpu_ns=13305138 final=0
00:00:52.588 [INFO] [sway/card_shell_telemetry.c:323] K230_CARD_BENCH v=1 run=16301057462274 event=present frame_id=222 t_ns=16314734561000 presented=1 clock=monotonic
00:00:52.592 [INFO] [sway/card_shell_telemetry.c:201] K230_CARD_BENCH v=1 run=16301057462274 event=input input_id=104 gesture_id=4 kind=motion t_ns=16314737455410 source=injected
00:00:52.626 [INFO] [sway/card_shell_telemetry.c:266] K230_CARD_BENCH v=1 run=16301057462274 event=submit input_id=104 frame_id=223 t_ns=16314772291807 update_cpu_ns=13404178 final=0
00:00:52.631 [INFO] [sway/card_shell_telemetry.c:323] K230_CARD_BENCH v=1 run=16301057462274 event=present frame_id=223 t_ns=16314772879000 presented=1 clock=monotonic
00:00:52.679 [INFO] [sway/card_shell_telemetry.c:201] K230_CARD_BENCH v=1 run=16301057462274 event=input input_id=105 gesture_id=4 kind=motion t_ns=16314824599455 source=injected
00:00:52.684 [INFO] [sway/card_shell_telemetry.c:323] K230_CARD_BENCH v=1 run=16301057462274 event=present frame_id=224 t_ns=16314830361000 presented=1 clock=monotonic
00:00:52.725 [INFO] [sway/card_shell_telemetry.c:266] K230_CARD_BENCH v=1 run=16301057462274 event=submit input_id=105 frame_id=225 t_ns=16314869492419 update_cpu_ns=13297338 final=0
00:00:52.741 [INFO] [sway/card_shell_telemetry.c:323] K230_CARD_BENCH v=1 run=16301057462274 event=present frame_id=225 t_ns=16314887841000 presented=1 clock=monotonic
00:00:52.750 [INFO] [sway/card_shell_telemetry.c:201] K230_CARD_BENCH v=1 run=16301057462274 event=input input_id=106 gesture_id=4 kind=motion t_ns=16314894870510 source=injected
00:00:52.787 [INFO] [sway/card_shell_telemetry.c:266] K230_CARD_BENCH v=1 run=16301057462274 event=submit input_id=106 frame_id=226 t_ns=16314932358198 update_cpu_ns=13921376 final=0
00:00:52.801 [INFO] [sway/card_shell_telemetry.c:323] K230_CARD_BENCH v=1 run=16301057462274 event=present frame_id=226 t_ns=16314945323000 presented=1 clock=monotonic
00:00:52.835 [INFO] [sway/card_shell_telemetry.c:201] K230_CARD_BENCH v=1 run=16301057462274 event=input input_id=107 gesture_id=4 kind=motion t_ns=16314981139568 source=injected
00:00:52.841 [INFO] [sway/card_shell_telemetry.c:323] K230_CARD_BENCH v=1 run=16301057462274 event=present frame_id=227 t_ns=16314983658000 presented=1 clock=monotonic
00:00:52.887 [INFO] [sway/card_shell_telemetry.c:266] K230_CARD_BENCH v=1 run=16301057462274 event=submit input_id=107 frame_id=228 t_ns=16315033577245 update_cpu_ns=13374517 final=0
00:00:52.894 [INFO] [sway/card_shell_telemetry.c:323] K230_CARD_BENCH v=1 run=16301057462274 event=present frame_id=228 t_ns=16315041122000 presented=1 clock=monotonic
00:00:52.906 [INFO] [sway/card_shell_telemetry.c:201] K230_CARD_BENCH v=1 run=16301057462274 event=input input_id=108 gesture_id=4 kind=motion t_ns=16315051604389 source=injected
00:00:52.920 [INFO] [sway/card_shell_telemetry.c:266] K230_CARD_BENCH v=1 run=16301057462274 event=submit input_id=108 frame_id=229 t_ns=16315066366649 update_cpu_ns=13152810 final=0
00:00:52.933 [INFO] [sway/card_shell_telemetry.c:323] K230_CARD_BENCH v=1 run=16301057462274 event=present frame_id=229 t_ns=16315079443000 presented=1 clock=monotonic
00:00:52.990 [INFO] [sway/card_shell_telemetry.c:201] K230_CARD_BENCH v=1 run=16301057462274 event=input input_id=109 gesture_id=4 kind=motion t_ns=16315135862267 source=injected
00:00:52.991 [INFO] [sway/card_shell_telemetry.c:323] K230_CARD_BENCH v=1 run=16301057462274 event=present frame_id=230 t_ns=16315136923000 presented=1 clock=monotonic
00:00:53.038 [INFO] [sway/card_shell_telemetry.c:266] K230_CARD_BENCH v=1 run=16301057462274 event=submit input_id=109 frame_id=231 t_ns=16315184526272 update_cpu_ns=13518936 final=0
00:00:53.048 [INFO] [sway/card_shell_telemetry.c:323] K230_CARD_BENCH v=1 run=16301057462274 event=present frame_id=231 t_ns=16315194404000 presented=1 clock=monotonic
00:00:53.076 [INFO] [sway/card_shell_telemetry.c:54] K230_CARD_BENCH v=1 run=16301057462274 event=resource phase=active t_ns=16315223040419 cpu_ns=4249826248 memory_bytes=54525952 scope=compositor
00:00:53.078 [INFO] [sway/card_shell_telemetry.c:201] K230_CARD_BENCH v=1 run=16301057462274 event=input input_id=110 gesture_id=4 kind=motion t_ns=16315223779043 source=injected
00:00:53.086 [INFO] [sway/card_shell_telemetry.c:323] K230_CARD_BENCH v=1 run=16301057462274 event=present frame_id=232 t_ns=16315232723000 presented=1 clock=monotonic
00:00:53.132 [INFO] [sway/card_shell_telemetry.c:266] K230_CARD_BENCH v=1 run=16301057462274 event=submit input_id=110 frame_id=233 t_ns=16315278988338 update_cpu_ns=13561579 final=0
00:00:53.143 [INFO] [sway/card_shell_telemetry.c:323] K230_CARD_BENCH v=1 run=16301057462274 event=present frame_id=233 t_ns=16315290205000 presented=1 clock=monotonic
00:00:53.149 [INFO] [sway/card_shell_telemetry.c:201] K230_CARD_BENCH v=1 run=16301057462274 event=input input_id=111 gesture_id=4 kind=motion t_ns=16315294078059 source=injected
00:00:53.198 [INFO] [sway/card_shell_telemetry.c:266] K230_CARD_BENCH v=1 run=16301057462274 event=submit input_id=111 frame_id=234 t_ns=16315344300308 update_cpu_ns=13574921 final=0
00:00:53.201 [INFO] [sway/card_shell_telemetry.c:323] K230_CARD_BENCH v=1 run=16301057462274 event=present frame_id=234 t_ns=16315347685000 presented=1 clock=monotonic
00:00:53.232 [INFO] [sway/card_shell_telemetry.c:201] K230_CARD_BENCH v=1 run=16301057462274 event=input input_id=112 gesture_id=4 kind=motion t_ns=16315377111784 source=injected
00:00:53.239 [INFO] [sway/card_shell_telemetry.c:323] K230_CARD_BENCH v=1 run=16301057462274 event=present frame_id=235 t_ns=16315386004000 presented=1 clock=monotonic
00:00:53.285 [INFO] [sway/card_shell_telemetry.c:266] K230_CARD_BENCH v=1 run=16301057462274 event=submit input_id=112 frame_id=236 t_ns=16315430283678 update_cpu_ns=13619677 final=0
00:00:53.297 [INFO] [sway/card_shell_telemetry.c:323] K230_CARD_BENCH v=1 run=16301057462274 event=present frame_id=236 t_ns=16315443485000 presented=1 clock=monotonic
00:00:53.309 [INFO] [sway/card_shell_telemetry.c:201] K230_CARD_BENCH v=1 run=16301057462274 event=input input_id=113 gesture_id=4 kind=motion t_ns=16315454685232 source=injected
00:00:53.324 [INFO] [sway/card_shell_telemetry.c:266] K230_CARD_BENCH v=1 run=16301057462274 event=submit input_id=113 frame_id=237 t_ns=16315470531577 update_cpu_ns=13209595 final=0
00:00:53.335 [INFO] [sway/card_shell_telemetry.c:323] K230_CARD_BENCH v=1 run=16301057462274 event=present frame_id=237 t_ns=16315481806000 presented=1 clock=monotonic
00:00:53.394 [INFO] [sway/card_shell_telemetry.c:201] K230_CARD_BENCH v=1 run=16301057462274 event=input input_id=114 gesture_id=4 kind=motion t_ns=16315539798652 source=injected
00:00:53.394 [INFO] [sway/card_shell_telemetry.c:323] K230_CARD_BENCH v=1 run=16301057462274 event=present frame_id=238 t_ns=16315539288000 presented=1 clock=monotonic
00:00:53.443 [INFO] [sway/card_shell_telemetry.c:266] K230_CARD_BENCH v=1 run=16301057462274 event=submit input_id=114 frame_id=239 t_ns=16315589542484 update_cpu_ns=13354191 final=0
00:00:53.450 [INFO] [sway/card_shell_telemetry.c:323] K230_CARD_BENCH v=1 run=16301057462274 event=present frame_id=239 t_ns=16315596766000 presented=1 clock=monotonic
00:00:53.476 [INFO] [sway/card_shell_telemetry.c:201] K230_CARD_BENCH v=1 run=16301057462274 event=input input_id=115 gesture_id=4 kind=motion t_ns=16315622608612 source=injected
00:00:53.488 [INFO] [sway/card_shell_telemetry.c:323] K230_CARD_BENCH v=1 run=16301057462274 event=present frame_id=240 t_ns=16315635086000 presented=1 clock=monotonic
00:00:53.535 [INFO] [sway/card_shell_telemetry.c:266] K230_CARD_BENCH v=1 run=16301057462274 event=submit input_id=115 frame_id=241 t_ns=16315681346814 update_cpu_ns=13293858 final=0
00:00:53.545 [INFO] [sway/card_shell_telemetry.c:201] K230_CARD_BENCH v=1 run=16301057462274 event=input input_id=116 gesture_id=4 kind=motion t_ns=16315691030848 source=injected
00:00:53.549 [INFO] [sway/card_shell_telemetry.c:323] K230_CARD_BENCH v=1 run=16301057462274 event=present frame_id=241 t_ns=16315692569000 presented=1 clock=monotonic
00:00:53.593 [INFO] [sway/card_shell_telemetry.c:266] K230_CARD_BENCH v=1 run=16301057462274 event=submit input_id=116 frame_id=242 t_ns=16315733478360 update_cpu_ns=13162223 final=0
00:00:53.603 [INFO] [sway/card_shell_telemetry.c:323] K230_CARD_BENCH v=1 run=16301057462274 event=present frame_id=242 t_ns=16315750048000 presented=1 clock=monotonic
00:00:53.610 [INFO] [sway/card_shell.c:412] K230_CARD_SHELL filter-mode nearest=2625 bilinear=975
00:00:53.632 [INFO] [sway/card_shell_telemetry.c:201] K230_CARD_BENCH v=1 run=16301057462274 event=input input_id=117 gesture_id=4 kind=motion t_ns=16315776353515 source=injected
00:00:53.642 [INFO] [sway/card_shell_telemetry.c:323] K230_CARD_BENCH v=1 run=16301057462274 event=present frame_id=243 t_ns=16315788368000 presented=1 clock=monotonic
00:00:53.682 [INFO] [sway/card_shell_telemetry.c:266] K230_CARD_BENCH v=1 run=16301057462274 event=submit input_id=117 frame_id=244 t_ns=16315828394733 update_cpu_ns=13595399 final=0
00:00:53.699 [INFO] [sway/card_shell_telemetry.c:323] K230_CARD_BENCH v=1 run=16301057462274 event=present frame_id=244 t_ns=16315845847000 presented=1 clock=monotonic
00:00:53.706 [INFO] [sway/card_shell_telemetry.c:201] K230_CARD_BENCH v=1 run=16301057462274 event=input input_id=118 gesture_id=4 kind=motion t_ns=16315851837639 source=injected
00:00:53.742 [INFO] [sway/card_shell_telemetry.c:266] K230_CARD_BENCH v=1 run=16301057462274 event=submit input_id=118 frame_id=245 t_ns=16315889057972 update_cpu_ns=13155516 final=0
00:00:53.757 [INFO] [sway/card_shell_telemetry.c:323] K230_CARD_BENCH v=1 run=16301057462274 event=present frame_id=245 t_ns=16315903327000 presented=1 clock=monotonic
00:00:53.793 [INFO] [sway/card_shell_telemetry.c:201] K230_CARD_BENCH v=1 run=16301057462274 event=input input_id=119 gesture_id=4 kind=motion t_ns=16315938451491 source=injected
00:00:53.795 [INFO] [sway/card_shell_telemetry.c:323] K230_CARD_BENCH v=1 run=16301057462274 event=present frame_id=246 t_ns=16315941649000 presented=1 clock=monotonic
00:00:53.826 [INFO] [sway/card_shell_telemetry.c:266] K230_CARD_BENCH v=1 run=16301057462274 event=submit input_id=119 frame_id=247 t_ns=16315972374977 update_cpu_ns=12782589 final=0
00:00:53.833 [INFO] [sway/card_shell_telemetry.c:323] K230_CARD_BENCH v=1 run=16301057462274 event=present frame_id=247 t_ns=16315979969000 presented=1 clock=monotonic
00:00:53.871 [INFO] [sway/card_shell_telemetry.c:323] K230_CARD_BENCH v=1 run=16301057462274 event=present frame_id=248 t_ns=16316018289000 presented=1 clock=monotonic
00:00:53.879 [INFO] [sway/card_shell_telemetry.c:201] K230_CARD_BENCH v=1 run=16301057462274 event=input input_id=120 gesture_id=4 kind=release t_ns=16316021558137 source=injected
00:00:53.947 [INFO] [sway/card_shell_telemetry.c:266] K230_CARD_BENCH v=1 run=16301057462274 event=submit input_id=120 frame_id=249 t_ns=16316093821707 update_cpu_ns=39356159 final=1
00:00:53.950 [INFO] [sway/card_shell_telemetry.c:323] K230_CARD_BENCH v=1 run=16301057462274 event=present frame_id=249 t_ns=16316094929000 presented=1 clock=monotonic
00:00:54.006 [INFO] [sway/card_shell_telemetry.c:323] K230_CARD_BENCH v=1 run=16301057462274 event=present frame_id=250 t_ns=16316152409000 presented=1 clock=monotonic
00:00:54.063 [INFO] [sway/card_shell_telemetry.c:323] K230_CARD_BENCH v=1 run=16301057462274 event=present frame_id=251 t_ns=16316209888000 presented=1 clock=monotonic
00:00:54.112 [INFO] [sway/card_shell_telemetry.c:54] K230_CARD_BENCH v=1 run=16301057462274 event=resource phase=active t_ns=16316258677410 cpu_ns=4630370702 memory_bytes=54525952 scope=compositor
00:00:54.121 [INFO] [sway/card_shell_telemetry.c:323] K230_CARD_BENCH v=1 run=16301057462274 event=present frame_id=252 t_ns=16316267368000 presented=1 clock=monotonic
00:00:54.178 [INFO] [sway/card_shell_telemetry.c:323] K230_CARD_BENCH v=1 run=16301057462274 event=present frame_id=253 t_ns=16316324849000 presented=1 clock=monotonic
00:00:54.858 [INFO] [sway/card_shell.c:412] K230_CARD_SHELL filter-mode nearest=2700 bilinear=1179
00:00:54.906 [INFO] [sway/card_shell_telemetry.c:323] K230_CARD_BENCH v=1 run=16301057462274 event=present frame_id=254 t_ns=16317052936000 presented=1 clock=monotonic
00:00:54.964 [INFO] [sway/card_shell_telemetry.c:323] K230_CARD_BENCH v=1 run=16301057462274 event=present frame_id=255 t_ns=16317110416000 presented=1 clock=monotonic
00:00:54.994 [INFO] [sway/card_shell_telemetry.c:201] K230_CARD_BENCH v=1 run=16301057462274 event=input input_id=121 gesture_id=5 kind=motion t_ns=16317141045909 source=injected
00:00:55.002 [INFO] [sway/card_shell_telemetry.c:323] K230_CARD_BENCH v=1 run=16301057462274 event=present frame_id=256 t_ns=16317148736000 presented=1 clock=monotonic
00:00:55.046 [INFO] [sway/card_shell_telemetry.c:266] K230_CARD_BENCH v=1 run=16301057462274 event=submit input_id=121 frame_id=257 t_ns=16317187983346 update_cpu_ns=12868595 final=0
00:00:55.059 [INFO] [sway/card_shell_telemetry.c:323] K230_CARD_BENCH v=1 run=16301057462274 event=present frame_id=257 t_ns=16317206217000 presented=1 clock=monotonic
00:00:55.064 [INFO] [sway/card_shell_telemetry.c:201] K230_CARD_BENCH v=1 run=16301057462274 event=input input_id=122 gesture_id=5 kind=motion t_ns=16317209112089 source=injected
00:00:55.113 [INFO] [sway/card_shell_telemetry.c:266] K230_CARD_BENCH v=1 run=16301057462274 event=submit input_id=122 frame_id=258 t_ns=16317259659244 update_cpu_ns=12879599 final=0
00:00:55.114 [INFO] [sway/card_shell_telemetry.c:54] K230_CARD_BENCH v=1 run=16301057462274 event=resource phase=active t_ns=16317260548786 cpu_ns=4750618702 memory_bytes=54525952 scope=compositor
00:00:55.121 [INFO] [sway/card_shell_telemetry.c:323] K230_CARD_BENCH v=1 run=16301057462274 event=present frame_id=258 t_ns=16317263697000 presented=1 clock=monotonic
00:00:55.149 [INFO] [sway/card_shell_telemetry.c:201] K230_CARD_BENCH v=1 run=16301057462274 event=input input_id=123 gesture_id=5 kind=motion t_ns=16317294334723 source=injected
00:00:55.155 [INFO] [sway/card_shell_telemetry.c:323] K230_CARD_BENCH v=1 run=16301057462274 event=present frame_id=259 t_ns=16317302022000 presented=1 clock=monotonic
00:00:55.205 [INFO] [sway/card_shell_telemetry.c:266] K230_CARD_BENCH v=1 run=16301057462274 event=submit input_id=123 frame_id=260 t_ns=16317349394062 update_cpu_ns=12926441 final=0
00:00:55.213 [INFO] [sway/card_shell_telemetry.c:323] K230_CARD_BENCH v=1 run=16301057462274 event=present frame_id=260 t_ns=16317359497000 presented=1 clock=monotonic
00:00:55.216 [INFO] [sway/card_shell_telemetry.c:201] K230_CARD_BENCH v=1 run=16301057462274 event=input input_id=124 gesture_id=5 kind=motion t_ns=16317362735403 source=injected
00:00:55.249 [INFO] [sway/card_shell_telemetry.c:266] K230_CARD_BENCH v=1 run=16301057462274 event=submit input_id=124 frame_id=261 t_ns=16317395394036 update_cpu_ns=12488439 final=0
00:00:55.255 [INFO] [sway/card_shell_telemetry.c:323] K230_CARD_BENCH v=1 run=16301057462274 event=present frame_id=261 t_ns=16317397817000 presented=1 clock=monotonic
00:00:55.300 [INFO] [sway/card_shell_telemetry.c:201] K230_CARD_BENCH v=1 run=16301057462274 event=input input_id=125 gesture_id=5 kind=motion t_ns=16317445487661 source=injected
00:00:55.308 [INFO] [sway/card_shell_telemetry.c:323] K230_CARD_BENCH v=1 run=16301057462274 event=present frame_id=262 t_ns=16317455298000 presented=1 clock=monotonic
00:00:55.359 [INFO] [sway/card_shell_telemetry.c:266] K230_CARD_BENCH v=1 run=16301057462274 event=submit input_id=125 frame_id=263 t_ns=16317500985160 update_cpu_ns=13136601 final=0
00:00:55.366 [INFO] [sway/card_shell_telemetry.c:323] K230_CARD_BENCH v=1 run=16301057462274 event=present frame_id=263 t_ns=16317512778000 presented=1 clock=monotonic
00:00:55.375 [INFO] [sway/card_shell_telemetry.c:201] K230_CARD_BENCH v=1 run=16301057462274 event=input input_id=126 gesture_id=5 kind=motion t_ns=16317520515144 source=injected
00:00:55.411 [INFO] [sway/card_shell_telemetry.c:266] K230_CARD_BENCH v=1 run=16301057462274 event=submit input_id=126 frame_id=264 t_ns=16317556881599 update_cpu_ns=13041448 final=0
00:00:55.425 [INFO] [sway/card_shell_telemetry.c:323] K230_CARD_BENCH v=1 run=16301057462274 event=present frame_id=264 t_ns=16317570259000 presented=1 clock=monotonic
00:00:55.459 [INFO] [sway/card_shell_telemetry.c:201] K230_CARD_BENCH v=1 run=16301057462274 event=input input_id=127 gesture_id=5 kind=motion t_ns=16317604964119 source=injected
00:00:55.462 [INFO] [sway/card_shell_telemetry.c:323] K230_CARD_BENCH v=1 run=16301057462274 event=present frame_id=265 t_ns=16317608578000 presented=1 clock=monotonic
00:00:55.506 [INFO] [sway/card_shell_telemetry.c:266] K230_CARD_BENCH v=1 run=16301057462274 event=submit input_id=127 frame_id=266 t_ns=16317652506966 update_cpu_ns=12474396 final=0
00:00:55.519 [INFO] [sway/card_shell_telemetry.c:323] K230_CARD_BENCH v=1 run=16301057462274 event=present frame_id=266 t_ns=16317666059000 presented=1 clock=monotonic
00:00:55.528 [INFO] [sway/card_shell_telemetry.c:201] K230_CARD_BENCH v=1 run=16301057462274 event=input input_id=128 gesture_id=5 kind=motion t_ns=16317673557454 source=injected
00:00:55.558 [INFO] [sway/card_shell_telemetry.c:266] K230_CARD_BENCH v=1 run=16301057462274 event=submit input_id=128 frame_id=267 t_ns=16317705115780 update_cpu_ns=12863850 final=0
00:00:55.577 [INFO] [sway/card_shell_telemetry.c:323] K230_CARD_BENCH v=1 run=16301057462274 event=present frame_id=267 t_ns=16317723540000 presented=1 clock=monotonic
00:00:55.611 [INFO] [sway/card_shell_telemetry.c:201] K230_CARD_BENCH v=1 run=16301057462274 event=input input_id=129 gesture_id=5 kind=motion t_ns=16317756860792 source=injected
00:00:55.615 [INFO] [sway/card_shell_telemetry.c:323] K230_CARD_BENCH v=1 run=16301057462274 event=present frame_id=268 t_ns=16317761859000 presented=1 clock=monotonic
00:00:55.653 [INFO] [sway/card_shell_telemetry.c:266] K230_CARD_BENCH v=1 run=16301057462274 event=submit input_id=129 frame_id=269 t_ns=16317798722004 update_cpu_ns=12687822 final=0
00:00:55.662 [INFO] [sway/card_shell_telemetry.c:323] K230_CARD_BENCH v=1 run=16301057462274 event=present frame_id=269 t_ns=16317800181000 presented=1 clock=monotonic
00:00:55.692 [INFO] [sway/card_shell_telemetry.c:323] K230_CARD_BENCH v=1 run=16301057462274 event=present frame_id=270 t_ns=16317838500000 presented=1 clock=monotonic
00:00:55.695 [INFO] [sway/card_shell_telemetry.c:201] K230_CARD_BENCH v=1 run=16301057462274 event=input input_id=130 gesture_id=5 kind=motion t_ns=16317839488279 source=injected
00:00:55.732 [INFO] [sway/card_shell_telemetry.c:266] K230_CARD_BENCH v=1 run=16301057462274 event=submit input_id=130 frame_id=271 t_ns=16317878801824 update_cpu_ns=12832481 final=0
00:00:55.754 [INFO] [sway/card_shell_telemetry.c:323] K230_CARD_BENCH v=1 run=16301057462274 event=present frame_id=271 t_ns=16317895981000 presented=1 clock=monotonic
00:00:55.777 [INFO] [sway/card_shell_telemetry.c:201] K230_CARD_BENCH v=1 run=16301057462274 event=input input_id=131 gesture_id=5 kind=motion t_ns=16317922915425 source=injected
00:00:55.787 [INFO] [sway/card_shell_telemetry.c:323] K230_CARD_BENCH v=1 run=16301057462274 event=present frame_id=272 t_ns=16317934302000 presented=1 clock=monotonic
00:00:55.831 [INFO] [sway/card_shell_telemetry.c:266] K230_CARD_BENCH v=1 run=16301057462274 event=submit input_id=131 frame_id=273 t_ns=16317977407093 update_cpu_ns=13257147 final=0
00:00:55.846 [INFO] [sway/card_shell_telemetry.c:201] K230_CARD_BENCH v=1 run=16301057462274 event=input input_id=132 gesture_id=5 kind=motion t_ns=16317991308475 source=injected
00:00:55.846 [INFO] [sway/card_shell_telemetry.c:323] K230_CARD_BENCH v=1 run=16301057462274 event=present frame_id=273 t_ns=16317991782000 presented=1 clock=monotonic
00:00:55.893 [INFO] [sway/card_shell_telemetry.c:266] K230_CARD_BENCH v=1 run=16301057462274 event=submit input_id=132 frame_id=274 t_ns=16318033379453 update_cpu_ns=13411528 final=0
00:00:55.902 [INFO] [sway/card_shell_telemetry.c:323] K230_CARD_BENCH v=1 run=16301057462274 event=present frame_id=274 t_ns=16318049263000 presented=1 clock=monotonic
00:00:55.929 [INFO] [sway/card_shell_telemetry.c:201] K230_CARD_BENCH v=1 run=16301057462274 event=input input_id=133 gesture_id=5 kind=motion t_ns=16318074812505 source=injected
00:00:55.941 [INFO] [sway/card_shell_telemetry.c:323] K230_CARD_BENCH v=1 run=16301057462274 event=present frame_id=275 t_ns=16318087582000 presented=1 clock=monotonic
00:00:55.986 [INFO] [sway/card_shell_telemetry.c:266] K230_CARD_BENCH v=1 run=16301057462274 event=submit input_id=133 frame_id=276 t_ns=16318133203984 update_cpu_ns=13408999 final=0
00:00:55.999 [INFO] [sway/card_shell_telemetry.c:201] K230_CARD_BENCH v=1 run=16301057462274 event=input input_id=134 gesture_id=5 kind=motion t_ns=16318144984971 source=injected
00:00:56.000 [INFO] [sway/card_shell_telemetry.c:323] K230_CARD_BENCH v=1 run=16301057462274 event=present frame_id=276 t_ns=16318145062000 presented=1 clock=monotonic
00:00:56.036 [INFO] [sway/card_shell_telemetry.c:266] K230_CARD_BENCH v=1 run=16301057462274 event=submit input_id=134 frame_id=277 t_ns=16318179356319 update_cpu_ns=13329139 final=0
00:00:56.039 [INFO] [sway/card_shell_telemetry.c:323] K230_CARD_BENCH v=1 run=16301057462274 event=present frame_id=277 t_ns=16318183383000 presented=1 clock=monotonic
00:00:56.086 [INFO] [sway/card_shell_telemetry.c:201] K230_CARD_BENCH v=1 run=16301057462274 event=input input_id=135 gesture_id=5 kind=motion t_ns=16318230965375 source=injected
00:00:56.094 [INFO] [sway/card_shell_telemetry.c:323] K230_CARD_BENCH v=1 run=16301057462274 event=present frame_id=278 t_ns=16318240863000 presented=1 clock=monotonic
00:00:56.137 [INFO] [sway/card_shell_telemetry.c:266] K230_CARD_BENCH v=1 run=16301057462274 event=submit input_id=135 frame_id=279 t_ns=16318281770478 update_cpu_ns=13293122 final=0
00:00:56.138 [INFO] [sway/card_shell_telemetry.c:54] K230_CARD_BENCH v=1 run=16301057462274 event=resource phase=active t_ns=16318284824264 cpu_ns=5040929686 memory_bytes=54525952 scope=compositor
00:00:56.152 [INFO] [sway/card_shell_telemetry.c:323] K230_CARD_BENCH v=1 run=16301057462274 event=present frame_id=279 t_ns=16318298344000 presented=1 clock=monotonic
00:00:56.160 [INFO] [sway/card_shell_telemetry.c:201] K230_CARD_BENCH v=1 run=16301057462274 event=input input_id=136 gesture_id=5 kind=motion t_ns=16318305597435 source=injected
00:00:56.206 [INFO] [sway/card_shell_telemetry.c:266] K230_CARD_BENCH v=1 run=16301057462274 event=submit input_id=136 frame_id=280 t_ns=16318352440433 update_cpu_ns=13807306 final=0
00:00:56.209 [INFO] [sway/card_shell_telemetry.c:323] K230_CARD_BENCH v=1 run=16301057462274 event=present frame_id=280 t_ns=16318355823000 presented=1 clock=monotonic
00:00:56.241 [INFO] [sway/card_shell_telemetry.c:201] K230_CARD_BENCH v=1 run=16301057462274 event=input input_id=137 gesture_id=5 kind=motion t_ns=16318386570017 source=injected
00:00:56.247 [INFO] [sway/card_shell_telemetry.c:323] K230_CARD_BENCH v=1 run=16301057462274 event=present frame_id=281 t_ns=16318394144000 presented=1 clock=monotonic
00:00:56.286 [INFO] [sway/card_shell_telemetry.c:266] K230_CARD_BENCH v=1 run=16301057462274 event=submit input_id=137 frame_id=282 t_ns=16318426751030 update_cpu_ns=13162655 final=0
00:00:56.291 [INFO] [sway/card_shell_telemetry.c:323] K230_CARD_BENCH v=1 run=16301057462274 event=present frame_id=282 t_ns=16318432465000 presented=1 clock=monotonic
00:00:56.333 [INFO] [sway/card_shell_telemetry.c:201] K230_CARD_BENCH v=1 run=16301057462274 event=input input_id=138 gesture_id=5 kind=motion t_ns=16318477792415 source=injected
00:00:56.343 [INFO] [sway/card_shell_telemetry.c:323] K230_CARD_BENCH v=1 run=16301057462274 event=present frame_id=283 t_ns=16318489945000 presented=1 clock=monotonic
00:00:56.392 [INFO] [sway/card_shell_telemetry.c:266] K230_CARD_BENCH v=1 run=16301057462274 event=submit input_id=138 frame_id=284 t_ns=16318538568350 update_cpu_ns=14178712 final=0
00:00:56.401 [INFO] [sway/card_shell_telemetry.c:323] K230_CARD_BENCH v=1 run=16301057462274 event=present frame_id=284 t_ns=16318547425000 presented=1 clock=monotonic
00:00:56.407 [INFO] [sway/card_shell_telemetry.c:201] K230_CARD_BENCH v=1 run=16301057462274 event=input input_id=139 gesture_id=5 kind=motion t_ns=16318552848747 source=injected
00:00:56.441 [INFO] [sway/card_shell_telemetry.c:266] K230_CARD_BENCH v=1 run=16301057462274 event=submit input_id=139 frame_id=285 t_ns=16318587078363 update_cpu_ns=13254738 final=0
00:00:56.458 [INFO] [sway/card_shell_telemetry.c:323] K230_CARD_BENCH v=1 run=16301057462274 event=present frame_id=285 t_ns=16318604908000 presented=1 clock=monotonic
00:00:56.491 [INFO] [sway/card_shell_telemetry.c:201] K230_CARD_BENCH v=1 run=16301057462274 event=input input_id=140 gesture_id=5 kind=motion t_ns=16318636740976 source=injected
00:00:56.496 [INFO] [sway/card_shell_telemetry.c:323] K230_CARD_BENCH v=1 run=16301057462274 event=present frame_id=286 t_ns=16318643226000 presented=1 clock=monotonic
00:00:56.546 [INFO] [sway/card_shell_telemetry.c:266] K230_CARD_BENCH v=1 run=16301057462274 event=submit input_id=140 frame_id=287 t_ns=16318692293360 update_cpu_ns=13236260 final=0
00:00:56.554 [INFO] [sway/card_shell_telemetry.c:323] K230_CARD_BENCH v=1 run=16301057462274 event=present frame_id=287 t_ns=16318700706000 presented=1 clock=monotonic
00:00:56.562 [INFO] [sway/card_shell_telemetry.c:201] K230_CARD_BENCH v=1 run=16301057462274 event=input input_id=141 gesture_id=5 kind=motion t_ns=16318707837906 source=injected
00:00:56.567 [INFO] [sway/card_shell.c:412] K230_CARD_SHELL filter-mode nearest=3150 bilinear=1182
00:00:56.610 [INFO] [sway/card_shell_telemetry.c:266] K230_CARD_BENCH v=1 run=16301057462274 event=submit input_id=141 frame_id=288 t_ns=16318756376510 update_cpu_ns=14013368 final=0
00:00:56.611 [INFO] [sway/card_shell_telemetry.c:323] K230_CARD_BENCH v=1 run=16301057462274 event=present frame_id=288 t_ns=16318758187000 presented=1 clock=monotonic
00:00:56.645 [INFO] [sway/card_shell_telemetry.c:201] K230_CARD_BENCH v=1 run=16301057462274 event=input input_id=142 gesture_id=5 kind=motion t_ns=16318790194520 source=injected
00:00:56.650 [INFO] [sway/card_shell_telemetry.c:323] K230_CARD_BENCH v=1 run=16301057462274 event=present frame_id=289 t_ns=16318796508000 presented=1 clock=monotonic
00:00:56.699 [INFO] [sway/card_shell_telemetry.c:266] K230_CARD_BENCH v=1 run=16301057462274 event=submit input_id=142 frame_id=290 t_ns=16318846155621 update_cpu_ns=13682486 final=0
00:00:56.707 [INFO] [sway/card_shell_telemetry.c:323] K230_CARD_BENCH v=1 run=16301057462274 event=present frame_id=290 t_ns=16318853987000 presented=1 clock=monotonic
00:00:56.715 [INFO] [sway/card_shell_telemetry.c:201] K230_CARD_BENCH v=1 run=16301057462274 event=input input_id=143 gesture_id=5 kind=motion t_ns=16318860619601 source=injected
00:00:56.759 [INFO] [sway/card_shell_telemetry.c:266] K230_CARD_BENCH v=1 run=16301057462274 event=submit input_id=143 frame_id=291 t_ns=16318905361202 update_cpu_ns=13700779 final=0
00:00:56.769 [INFO] [sway/card_shell_telemetry.c:323] K230_CARD_BENCH v=1 run=16301057462274 event=present frame_id=291 t_ns=16318911468000 presented=1 clock=monotonic
00:00:56.800 [INFO] [sway/card_shell_telemetry.c:201] K230_CARD_BENCH v=1 run=16301057462274 event=input input_id=144 gesture_id=5 kind=motion t_ns=16318944908362 source=injected
00:00:56.803 [INFO] [sway/card_shell_telemetry.c:323] K230_CARD_BENCH v=1 run=16301057462274 event=present frame_id=292 t_ns=16318949787000 presented=1 clock=monotonic
00:00:56.849 [INFO] [sway/card_shell_telemetry.c:266] K230_CARD_BENCH v=1 run=16301057462274 event=submit input_id=144 frame_id=293 t_ns=16318995556955 update_cpu_ns=13544067 final=0
00:00:56.860 [INFO] [sway/card_shell_telemetry.c:323] K230_CARD_BENCH v=1 run=16301057462274 event=present frame_id=293 t_ns=16319007268000 presented=1 clock=monotonic
00:00:56.870 [INFO] [sway/card_shell_telemetry.c:201] K230_CARD_BENCH v=1 run=16301057462274 event=input input_id=145 gesture_id=5 kind=motion t_ns=16319015568800 source=injected
00:00:56.906 [INFO] [sway/card_shell_telemetry.c:266] K230_CARD_BENCH v=1 run=16301057462274 event=submit input_id=145 frame_id=294 t_ns=16319053141629 update_cpu_ns=13804779 final=0
00:00:56.918 [INFO] [sway/card_shell_telemetry.c:323] K230_CARD_BENCH v=1 run=16301057462274 event=present frame_id=294 t_ns=16319064749000 presented=1 clock=monotonic
00:00:56.953 [INFO] [sway/card_shell_telemetry.c:201] K230_CARD_BENCH v=1 run=16301057462274 event=input input_id=146 gesture_id=5 kind=motion t_ns=16319097919636 source=injected
00:00:56.958 [INFO] [sway/card_shell_telemetry.c:323] K230_CARD_BENCH v=1 run=16301057462274 event=present frame_id=295 t_ns=16319103070000 presented=1 clock=monotonic
00:00:57.006 [INFO] [sway/card_shell_telemetry.c:266] K230_CARD_BENCH v=1 run=16301057462274 event=submit input_id=146 frame_id=296 t_ns=16319153171963 update_cpu_ns=13219363 final=0
00:00:57.014 [INFO] [sway/card_shell_telemetry.c:323] K230_CARD_BENCH v=1 run=16301057462274 event=present frame_id=296 t_ns=16319160549000 presented=1 clock=monotonic
00:00:57.022 [INFO] [sway/card_shell_telemetry.c:201] K230_CARD_BENCH v=1 run=16301057462274 event=input input_id=147 gesture_id=5 kind=motion t_ns=16319167953627 source=injected
00:00:57.054 [INFO] [sway/card_shell_telemetry.c:266] K230_CARD_BENCH v=1 run=16301057462274 event=submit input_id=147 frame_id=297 t_ns=16319201120230 update_cpu_ns=13303699 final=0
00:00:57.071 [INFO] [sway/card_shell_telemetry.c:323] K230_CARD_BENCH v=1 run=16301057462274 event=present frame_id=297 t_ns=16319218029000 presented=1 clock=monotonic
00:00:57.110 [INFO] [sway/card_shell_telemetry.c:201] K230_CARD_BENCH v=1 run=16301057462274 event=input input_id=148 gesture_id=5 kind=motion t_ns=16319255522717 source=injected
00:00:57.111 [INFO] [sway/card_shell_telemetry.c:323] K230_CARD_BENCH v=1 run=16301057462274 event=present frame_id=298 t_ns=16319256351000 presented=1 clock=monotonic
00:00:57.158 [INFO] [sway/card_shell_telemetry.c:266] K230_CARD_BENCH v=1 run=16301057462274 event=submit input_id=148 frame_id=299 t_ns=16319304445187 update_cpu_ns=13178664 final=0
00:00:57.158 [INFO] [sway/card_shell_telemetry.c:54] K230_CARD_BENCH v=1 run=16301057462274 event=resource phase=active t_ns=16319305248326 cpu_ns=5328110443 memory_bytes=54525952 scope=compositor
00:00:57.167 [INFO] [sway/card_shell_telemetry.c:323] K230_CARD_BENCH v=1 run=16301057462274 event=present frame_id=299 t_ns=16319313830000 presented=1 clock=monotonic
00:00:57.195 [INFO] [sway/card_shell_telemetry.c:201] K230_CARD_BENCH v=1 run=16301057462274 event=input input_id=149 gesture_id=5 kind=motion t_ns=16319340495845 source=injected
00:00:57.205 [INFO] [sway/card_shell_telemetry.c:323] K230_CARD_BENCH v=1 run=16301057462274 event=present frame_id=300 t_ns=16319352150000 presented=1 clock=monotonic
00:00:57.249 [INFO] [sway/card_shell_telemetry.c:266] K230_CARD_BENCH v=1 run=16301057462274 event=submit input_id=149 frame_id=301 t_ns=16319392693237 update_cpu_ns=12965517 final=0
00:00:57.263 [INFO] [sway/card_shell_telemetry.c:323] K230_CARD_BENCH v=1 run=16301057462274 event=present frame_id=301 t_ns=16319409645000 presented=1 clock=monotonic
00:00:57.267 [INFO] [sway/card_shell_telemetry.c:201] K230_CARD_BENCH v=1 run=16301057462274 event=input input_id=150 gesture_id=5 kind=release t_ns=16319411586776 source=injected
00:00:57.342 [INFO] [sway/card_shell_telemetry.c:266] K230_CARD_BENCH v=1 run=16301057462274 event=submit input_id=150 frame_id=302 t_ns=16319488646361 update_cpu_ns=39049140 final=1
00:00:57.359 [INFO] [sway/card_shell_telemetry.c:323] K230_CARD_BENCH v=1 run=16301057462274 event=present frame_id=302 t_ns=16319505430000 presented=1 clock=monotonic
00:00:57.416 [INFO] [sway/card_shell_telemetry.c:323] K230_CARD_BENCH v=1 run=16301057462274 event=present frame_id=303 t_ns=16319562910000 presented=1 clock=monotonic
00:00:57.474 [INFO] [sway/card_shell_telemetry.c:323] K230_CARD_BENCH v=1 run=16301057462274 event=present frame_id=304 t_ns=16319620391000 presented=1 clock=monotonic
00:00:57.531 [INFO] [sway/card_shell_telemetry.c:323] K230_CARD_BENCH v=1 run=16301057462274 event=present frame_id=305 t_ns=16319677871000 presented=1 clock=monotonic
00:00:57.588 [INFO] [sway/card_shell_telemetry.c:323] K230_CARD_BENCH v=1 run=16301057462274 event=present frame_id=306 t_ns=16319735352000 presented=1 clock=monotonic
00:00:58.001 [INFO] [sway/card_shell.c:412] K230_CARD_SHELL filter-mode nearest=3330 bilinear=1350
00:00:58.165 [INFO] [sway/card_shell_telemetry.c:54] K230_CARD_BENCH v=1 run=16301057462274 event=resource phase=active t_ns=16320311852990 cpu_ns=5557141657 memory_bytes=54525952 scope=compositor
00:00:58.297 [INFO] [sway/card_shell_telemetry.c:323] K230_CARD_BENCH v=1 run=16301057462274 event=present frame_id=307 t_ns=16320444278000 presented=1 clock=monotonic
00:00:58.336 [INFO] [sway/card_shell_telemetry.c:323] K230_CARD_BENCH v=1 run=16301057462274 event=present frame_id=308 t_ns=16320482599000 presented=1 clock=monotonic
00:00:58.386 [INFO] [sway/card_shell_telemetry.c:201] K230_CARD_BENCH v=1 run=16301057462274 event=input input_id=151 gesture_id=6 kind=motion t_ns=16320531984568 source=injected
00:00:58.393 [INFO] [sway/card_shell_telemetry.c:323] K230_CARD_BENCH v=1 run=16301057462274 event=present frame_id=309 t_ns=16320540077000 presented=1 clock=monotonic
00:00:58.437 [INFO] [sway/card_shell_telemetry.c:266] K230_CARD_BENCH v=1 run=16301057462274 event=submit input_id=151 frame_id=310 t_ns=16320583575736 update_cpu_ns=11791735 final=0
00:00:58.451 [INFO] [sway/card_shell_telemetry.c:323] K230_CARD_BENCH v=1 run=16301057462274 event=present frame_id=310 t_ns=16320597558000 presented=1 clock=monotonic
00:00:58.457 [INFO] [sway/card_shell_telemetry.c:201] K230_CARD_BENCH v=1 run=16301057462274 event=input input_id=152 gesture_id=6 kind=motion t_ns=16320601813904 source=injected
00:00:58.492 [INFO] [sway/card_shell_telemetry.c:266] K230_CARD_BENCH v=1 run=16301057462274 event=submit input_id=152 frame_id=311 t_ns=16320638225097 update_cpu_ns=12580120 final=0
00:00:58.508 [INFO] [sway/card_shell_telemetry.c:323] K230_CARD_BENCH v=1 run=16301057462274 event=present frame_id=311 t_ns=16320655039000 presented=1 clock=monotonic
00:00:58.539 [INFO] [sway/card_shell_telemetry.c:201] K230_CARD_BENCH v=1 run=16301057462274 event=input input_id=153 gesture_id=6 kind=motion t_ns=16320684789110 source=injected
00:00:58.547 [INFO] [sway/card_shell_telemetry.c:323] K230_CARD_BENCH v=1 run=16301057462274 event=present frame_id=312 t_ns=16320693359000 presented=1 clock=monotonic
00:00:58.585 [INFO] [sway/card_shell_telemetry.c:266] K230_CARD_BENCH v=1 run=16301057462274 event=submit input_id=153 frame_id=313 t_ns=16320729786214 update_cpu_ns=12723551 final=0
00:00:58.589 [INFO] [sway/card_shell_telemetry.c:323] K230_CARD_BENCH v=1 run=16301057462274 event=present frame_id=313 t_ns=16320731678000 presented=1 clock=monotonic
00:00:58.618 [INFO] [sway/card_shell_telemetry.c:201] K230_CARD_BENCH v=1 run=16301057462274 event=input input_id=154 gesture_id=6 kind=motion t_ns=16320763562707 source=injected
00:00:58.623 [INFO] [sway/card_shell_telemetry.c:323] K230_CARD_BENCH v=1 run=16301057462274 event=present frame_id=314 t_ns=16320770001000 presented=1 clock=monotonic
00:00:58.667 [INFO] [sway/card_shell_telemetry.c:266] K230_CARD_BENCH v=1 run=16301057462274 event=submit input_id=154 frame_id=315 t_ns=16320813541819 update_cpu_ns=12694023 final=0
00:00:58.681 [INFO] [sway/card_shell_telemetry.c:323] K230_CARD_BENCH v=1 run=16301057462274 event=present frame_id=315 t_ns=16320827481000 presented=1 clock=monotonic
00:00:58.687 [INFO] [sway/card_shell_telemetry.c:201] K230_CARD_BENCH v=1 run=16301057462274 event=input input_id=155 gesture_id=6 kind=motion t_ns=16320832374768 source=injected
00:00:58.723 [INFO] [sway/card_shell_telemetry.c:266] K230_CARD_BENCH v=1 run=16301057462274 event=submit input_id=155 frame_id=316 t_ns=16320868597787 update_cpu_ns=13436037 final=0
00:00:58.742 [INFO] [sway/card_shell_telemetry.c:323] K230_CARD_BENCH v=1 run=16301057462274 event=present frame_id=316 t_ns=16320884960000 presented=1 clock=monotonic
00:00:58.773 [INFO] [sway/card_shell_telemetry.c:201] K230_CARD_BENCH v=1 run=16301057462274 event=input input_id=156 gesture_id=6 kind=motion t_ns=16320918088853 source=injected
00:00:58.777 [INFO] [sway/card_shell_telemetry.c:323] K230_CARD_BENCH v=1 run=16301057462274 event=present frame_id=317 t_ns=16320923280000 presented=1 clock=monotonic
00:00:58.817 [INFO] [sway/card_shell_telemetry.c:266] K230_CARD_BENCH v=1 run=16301057462274 event=submit input_id=156 frame_id=318 t_ns=16320961418128 update_cpu_ns=12918297 final=0
00:00:58.834 [INFO] [sway/card_shell_telemetry.c:323] K230_CARD_BENCH v=1 run=16301057462274 event=present frame_id=318 t_ns=16320980763000 presented=1 clock=monotonic
00:00:58.841 [INFO] [sway/card_shell_telemetry.c:201] K230_CARD_BENCH v=1 run=16301057462274 event=input input_id=157 gesture_id=6 kind=motion t_ns=16320986406017 source=injected
00:00:58.878 [INFO] [sway/card_shell_telemetry.c:266] K230_CARD_BENCH v=1 run=16301057462274 event=submit input_id=157 frame_id=319 t_ns=16321024545369 update_cpu_ns=12948548 final=0
00:00:58.891 [INFO] [sway/card_shell_telemetry.c:323] K230_CARD_BENCH v=1 run=16301057462274 event=present frame_id=319 t_ns=16321038242000 presented=1 clock=monotonic
00:00:58.925 [INFO] [sway/card_shell_telemetry.c:201] K230_CARD_BENCH v=1 run=16301057462274 event=input input_id=158 gesture_id=6 kind=motion t_ns=16321070136624 source=injected
00:00:58.930 [INFO] [sway/card_shell_telemetry.c:323] K230_CARD_BENCH v=1 run=16301057462274 event=present frame_id=320 t_ns=16321076561000 presented=1 clock=monotonic
00:00:58.978 [INFO] [sway/card_shell_telemetry.c:266] K230_CARD_BENCH v=1 run=16301057462274 event=submit input_id=158 frame_id=321 t_ns=16321124288680 update_cpu_ns=13026663 final=0
00:00:58.987 [INFO] [sway/card_shell_telemetry.c:323] K230_CARD_BENCH v=1 run=16301057462274 event=present frame_id=321 t_ns=16321134042000 presented=1 clock=monotonic
00:00:58.994 [INFO] [sway/card_shell_telemetry.c:201] K230_CARD_BENCH v=1 run=16301057462274 event=input input_id=159 gesture_id=6 kind=motion t_ns=16321139845633 source=injected
00:00:59.031 [INFO] [sway/card_shell_telemetry.c:266] K230_CARD_BENCH v=1 run=16301057462274 event=submit input_id=159 frame_id=322 t_ns=16321177802514 update_cpu_ns=13484634 final=0
00:00:59.045 [INFO] [sway/card_shell_telemetry.c:323] K230_CARD_BENCH v=1 run=16301057462274 event=present frame_id=322 t_ns=16321191523000 presented=1 clock=monotonic
00:00:59.077 [INFO] [sway/card_shell_telemetry.c:201] K230_CARD_BENCH v=1 run=16301057462274 event=input input_id=160 gesture_id=6 kind=motion t_ns=16321222025588 source=injected
00:00:59.083 [INFO] [sway/card_shell_telemetry.c:323] K230_CARD_BENCH v=1 run=16301057462274 event=present frame_id=323 t_ns=16321229844000 presented=1 clock=monotonic
00:00:59.118 [INFO] [sway/card_shell_telemetry.c:266] K230_CARD_BENCH v=1 run=16301057462274 event=submit input_id=160 frame_id=324 t_ns=16321261807771 update_cpu_ns=12988993 final=0
00:00:59.122 [INFO] [sway/card_shell_telemetry.c:323] K230_CARD_BENCH v=1 run=16301057462274 event=present frame_id=324 t_ns=16321268162000 presented=1 clock=monotonic
00:00:59.160 [INFO] [sway/card_shell_telemetry.c:323] K230_CARD_BENCH v=1 run=16301057462274 event=present frame_id=325 t_ns=16321306485000 presented=1 clock=monotonic
00:00:59.162 [INFO] [sway/card_shell_telemetry.c:201] K230_CARD_BENCH v=1 run=16301057462274 event=input input_id=161 gesture_id=6 kind=motion t_ns=16321308308195 source=injected
00:00:59.200 [INFO] [sway/card_shell_telemetry.c:266] K230_CARD_BENCH v=1 run=16301057462274 event=submit input_id=161 frame_id=326 t_ns=16321346348034 update_cpu_ns=12947880 final=0
00:00:59.204 [INFO] [sway/card_shell_telemetry.c:54] K230_CARD_BENCH v=1 run=16301057462274 event=resource phase=active t_ns=16321347156616 cpu_ns=5828429364 memory_bytes=54525952 scope=compositor
00:00:59.217 [INFO] [sway/card_shell_telemetry.c:323] K230_CARD_BENCH v=1 run=16301057462274 event=present frame_id=326 t_ns=16321363964000 presented=1 clock=monotonic
00:00:59.250 [INFO] [sway/card_shell_telemetry.c:201] K230_CARD_BENCH v=1 run=16301057462274 event=input input_id=162 gesture_id=6 kind=motion t_ns=16321394846342 source=injected
00:00:59.255 [INFO] [sway/card_shell_telemetry.c:323] K230_CARD_BENCH v=1 run=16301057462274 event=present frame_id=327 t_ns=16321402284000 presented=1 clock=monotonic
00:00:59.302 [INFO] [sway/card_shell_telemetry.c:266] K230_CARD_BENCH v=1 run=16301057462274 event=submit input_id=162 frame_id=328 t_ns=16321449045210 update_cpu_ns=13317017 final=0
00:00:59.313 [INFO] [sway/card_shell_telemetry.c:323] K230_CARD_BENCH v=1 run=16301057462274 event=present frame_id=328 t_ns=16321459767000 presented=1 clock=monotonic
00:00:59.320 [INFO] [sway/card_shell_telemetry.c:201] K230_CARD_BENCH v=1 run=16301057462274 event=input input_id=163 gesture_id=6 kind=motion t_ns=16321464661160 source=injected
00:00:59.359 [INFO] [sway/card_shell_telemetry.c:266] K230_CARD_BENCH v=1 run=16301057462274 event=submit input_id=163 frame_id=329 t_ns=16321504455823 update_cpu_ns=13281257 final=0
00:00:59.373 [INFO] [sway/card_shell_telemetry.c:323] K230_CARD_BENCH v=1 run=16301057462274 event=present frame_id=329 t_ns=16321517244000 presented=1 clock=monotonic
00:00:59.407 [INFO] [sway/card_shell_telemetry.c:201] K230_CARD_BENCH v=1 run=16301057462274 event=input input_id=164 gesture_id=6 kind=motion t_ns=16321552818991 source=injected
00:00:59.409 [INFO] [sway/card_shell_telemetry.c:323] K230_CARD_BENCH v=1 run=16301057462274 event=present frame_id=330 t_ns=16321555566000 presented=1 clock=monotonic
00:00:59.455 [INFO] [sway/card_shell_telemetry.c:266] K230_CARD_BENCH v=1 run=16301057462274 event=submit input_id=164 frame_id=331 t_ns=16321597323605 update_cpu_ns=13374769 final=0
00:00:59.466 [INFO] [sway/card_shell_telemetry.c:323] K230_CARD_BENCH v=1 run=16301057462274 event=present frame_id=331 t_ns=16321613045000 presented=1 clock=monotonic
00:00:59.478 [INFO] [sway/card_shell_telemetry.c:201] K230_CARD_BENCH v=1 run=16301057462274 event=input input_id=165 gesture_id=6 kind=motion t_ns=16321622628920 source=injected
00:00:59.492 [INFO] [sway/card_shell_telemetry.c:266] K230_CARD_BENCH v=1 run=16301057462274 event=submit input_id=165 frame_id=332 t_ns=16321638450524 update_cpu_ns=12955296 final=0
00:00:59.496 [INFO] [sway/card_shell.c:412] K230_CARD_SHELL filter-mode nearest=3666 bilinear=1398
00:00:59.505 [INFO] [sway/card_shell_telemetry.c:323] K230_CARD_BENCH v=1 run=16301057462274 event=present frame_id=332 t_ns=16321651366000 presented=1 clock=monotonic
00:00:59.563 [INFO] [sway/card_shell_telemetry.c:201] K230_CARD_BENCH v=1 run=16301057462274 event=input input_id=166 gesture_id=6 kind=motion t_ns=16321708743166 source=injected
00:00:59.564 [INFO] [sway/card_shell_telemetry.c:323] K230_CARD_BENCH v=1 run=16301057462274 event=present frame_id=333 t_ns=16321708846000 presented=1 clock=monotonic
00:00:59.610 [INFO] [sway/card_shell_telemetry.c:266] K230_CARD_BENCH v=1 run=16301057462274 event=submit input_id=166 frame_id=334 t_ns=16321757049449 update_cpu_ns=13535255 final=0
00:00:59.620 [INFO] [sway/card_shell_telemetry.c:323] K230_CARD_BENCH v=1 run=16301057462274 event=present frame_id=334 t_ns=16321766327000 presented=1 clock=monotonic
00:00:59.646 [INFO] [sway/card_shell_telemetry.c:201] K230_CARD_BENCH v=1 run=16301057462274 event=input input_id=167 gesture_id=6 kind=motion t_ns=16321791368799 source=injected
00:00:59.658 [INFO] [sway/card_shell_telemetry.c:323] K230_CARD_BENCH v=1 run=16301057462274 event=present frame_id=335 t_ns=16321804646000 presented=1 clock=monotonic
00:00:59.710 [INFO] [sway/card_shell_telemetry.c:266] K230_CARD_BENCH v=1 run=16301057462274 event=submit input_id=167 frame_id=336 t_ns=16321856906938 update_cpu_ns=13798889 final=0
00:00:59.715 [INFO] [sway/card_shell_telemetry.c:323] K230_CARD_BENCH v=1 run=16301057462274 event=present frame_id=336 t_ns=16321862127000 presented=1 clock=monotonic
00:00:59.720 [INFO] [sway/card_shell_telemetry.c:201] K230_CARD_BENCH v=1 run=16301057462274 event=input input_id=168 gesture_id=6 kind=motion t_ns=16321864414208 source=injected
00:00:59.759 [INFO] [sway/card_shell_telemetry.c:266] K230_CARD_BENCH v=1 run=16301057462274 event=submit input_id=168 frame_id=337 t_ns=16321904847723 update_cpu_ns=13027036 final=0
00:00:59.773 [INFO] [sway/card_shell_telemetry.c:323] K230_CARD_BENCH v=1 run=16301057462274 event=present frame_id=337 t_ns=16321919607000 presented=1 clock=monotonic
00:00:59.804 [INFO] [sway/card_shell_telemetry.c:201] K230_CARD_BENCH v=1 run=16301057462274 event=input input_id=169 gesture_id=6 kind=motion t_ns=16321950408016 source=injected
00:00:59.811 [INFO] [sway/card_shell_telemetry.c:323] K230_CARD_BENCH v=1 run=16301057462274 event=present frame_id=338 t_ns=16321957928000 presented=1 clock=monotonic
00:00:59.857 [INFO] [sway/card_shell_telemetry.c:266] K230_CARD_BENCH v=1 run=16301057462274 event=submit input_id=169 frame_id=339 t_ns=16322001853599 update_cpu_ns=13099639 final=0
00:00:59.869 [INFO] [sway/card_shell_telemetry.c:323] K230_CARD_BENCH v=1 run=16301057462274 event=present frame_id=339 t_ns=16322015409000 presented=1 clock=monotonic
00:00:59.875 [INFO] [sway/card_shell_telemetry.c:201] K230_CARD_BENCH v=1 run=16301057462274 event=input input_id=170 gesture_id=6 kind=motion t_ns=16322021111449 source=injected
00:00:59.910 [INFO] [sway/card_shell_telemetry.c:266] K230_CARD_BENCH v=1 run=16301057462274 event=submit input_id=170 frame_id=340 t_ns=16322054027584 update_cpu_ns=13281058 final=0
00:00:59.926 [INFO] [sway/card_shell_telemetry.c:323] K230_CARD_BENCH v=1 run=16301057462274 event=present frame_id=340 t_ns=16322072888000 presented=1 clock=monotonic
00:00:59.961 [INFO] [sway/card_shell_telemetry.c:201] K230_CARD_BENCH v=1 run=16301057462274 event=input input_id=171 gesture_id=6 kind=motion t_ns=16322107106109 source=injected
00:00:59.965 [INFO] [sway/card_shell_telemetry.c:323] K230_CARD_BENCH v=1 run=16301057462274 event=present frame_id=341 t_ns=16322111208000 presented=1 clock=monotonic
00:01:00.010 [INFO] [sway/card_shell_telemetry.c:266] K230_CARD_BENCH v=1 run=16301057462274 event=submit input_id=171 frame_id=342 t_ns=16322156361818 update_cpu_ns=13294593 final=0
00:01:00.022 [INFO] [sway/card_shell_telemetry.c:323] K230_CARD_BENCH v=1 run=16301057462274 event=present frame_id=342 t_ns=16322168688000 presented=1 clock=monotonic
00:01:00.031 [INFO] [sway/card_shell_telemetry.c:201] K230_CARD_BENCH v=1 run=16301057462274 event=input input_id=172 gesture_id=6 kind=motion t_ns=16322175905800 source=injected
00:01:00.067 [INFO] [sway/card_shell_telemetry.c:266] K230_CARD_BENCH v=1 run=16301057462274 event=submit input_id=172 frame_id=343 t_ns=16322213112983 update_cpu_ns=13860636 final=0
00:01:00.079 [INFO] [sway/card_shell_telemetry.c:323] K230_CARD_BENCH v=1 run=16301057462274 event=present frame_id=343 t_ns=16322226190000 presented=1 clock=monotonic
00:01:00.111 [INFO] [sway/card_shell_telemetry.c:201] K230_CARD_BENCH v=1 run=16301057462274 event=input input_id=173 gesture_id=6 kind=motion t_ns=16322256736091 source=injected
00:01:00.118 [INFO] [sway/card_shell_telemetry.c:323] K230_CARD_BENCH v=1 run=16301057462274 event=present frame_id=344 t_ns=16322264490000 presented=1 clock=monotonic
00:01:00.166 [INFO] [sway/card_shell_telemetry.c:266] K230_CARD_BENCH v=1 run=16301057462274 event=submit input_id=173 frame_id=345 t_ns=16322312405059 update_cpu_ns=13545049 final=0
00:01:00.175 [INFO] [sway/card_shell_telemetry.c:323] K230_CARD_BENCH v=1 run=16301057462274 event=present frame_id=345 t_ns=16322321970000 presented=1 clock=monotonic
00:01:00.186 [INFO] [sway/card_shell_telemetry.c:201] K230_CARD_BENCH v=1 run=16301057462274 event=input input_id=174 gesture_id=6 kind=motion t_ns=16322331595579 source=injected
00:01:00.200 [INFO] [sway/card_shell_telemetry.c:266] K230_CARD_BENCH v=1 run=16301057462274 event=submit input_id=174 frame_id=346 t_ns=16322346774813 update_cpu_ns=13145434 final=0
00:01:00.203 [INFO] [sway/card_shell_telemetry.c:54] K230_CARD_BENCH v=1 run=16301057462274 event=resource phase=active t_ns=16322349720865 cpu_ns=6114588047 memory_bytes=54525952 scope=compositor
00:01:00.213 [INFO] [sway/card_shell_telemetry.c:323] K230_CARD_BENCH v=1 run=16301057462274 event=present frame_id=346 t_ns=16322360290000 presented=1 clock=monotonic
00:01:00.270 [INFO] [sway/card_shell_telemetry.c:201] K230_CARD_BENCH v=1 run=16301057462274 event=input input_id=175 gesture_id=6 kind=motion t_ns=16322415874486 source=injected
00:01:00.273 [INFO] [sway/card_shell_telemetry.c:323] K230_CARD_BENCH v=1 run=16301057462274 event=present frame_id=347 t_ns=16322417772000 presented=1 clock=monotonic
00:01:00.317 [INFO] [sway/card_shell_telemetry.c:266] K230_CARD_BENCH v=1 run=16301057462274 event=submit input_id=175 frame_id=348 t_ns=16322455104293 update_cpu_ns=13512590 final=0
00:01:00.318 [INFO] [sway/card_shell_telemetry.c:323] K230_CARD_BENCH v=1 run=16301057462274 event=present frame_id=348 t_ns=16322456090000 presented=1 clock=monotonic
00:01:00.354 [INFO] [sway/card_shell_telemetry.c:201] K230_CARD_BENCH v=1 run=16301057462274 event=input input_id=176 gesture_id=6 kind=motion t_ns=16322498749881 source=injected
00:01:00.367 [INFO] [sway/card_shell_telemetry.c:323] K230_CARD_BENCH v=1 run=16301057462274 event=present frame_id=349 t_ns=16322513572000 presented=1 clock=monotonic
00:01:00.406 [INFO] [sway/card_shell_telemetry.c:266] K230_CARD_BENCH v=1 run=16301057462274 event=submit input_id=176 frame_id=350 t_ns=16322552793128 update_cpu_ns=13194556 final=0
00:01:00.426 [INFO] [sway/card_shell_telemetry.c:201] K230_CARD_BENCH v=1 run=16301057462274 event=input input_id=177 gesture_id=6 kind=motion t_ns=16322571374388 source=injected
00:01:00.426 [INFO] [sway/card_shell_telemetry.c:323] K230_CARD_BENCH v=1 run=16301057462274 event=present frame_id=350 t_ns=16322571051000 presented=1 clock=monotonic
00:01:00.473 [INFO] [sway/card_shell_telemetry.c:266] K230_CARD_BENCH v=1 run=16301057462274 event=submit input_id=177 frame_id=351 t_ns=16322614501377 update_cpu_ns=13830291 final=0
00:01:00.482 [INFO] [sway/card_shell_telemetry.c:323] K230_CARD_BENCH v=1 run=16301057462274 event=present frame_id=351 t_ns=16322628533000 presented=1 clock=monotonic
00:01:00.511 [INFO] [sway/card_shell_telemetry.c:201] K230_CARD_BENCH v=1 run=16301057462274 event=input input_id=178 gesture_id=6 kind=motion t_ns=16322656772156 source=injected
00:01:00.520 [INFO] [sway/card_shell_telemetry.c:323] K230_CARD_BENCH v=1 run=16301057462274 event=present frame_id=352 t_ns=16322666852000 presented=1 clock=monotonic
00:01:00.566 [INFO] [sway/card_shell_telemetry.c:266] K230_CARD_BENCH v=1 run=16301057462274 event=submit input_id=178 frame_id=353 t_ns=16322712690257 update_cpu_ns=12995598 final=0
00:01:00.578 [INFO] [sway/card_shell_telemetry.c:323] K230_CARD_BENCH v=1 run=16301057462274 event=present frame_id=353 t_ns=16322724332000 presented=1 clock=monotonic
00:01:00.583 [INFO] [sway/card_shell_telemetry.c:201] K230_CARD_BENCH v=1 run=16301057462274 event=input input_id=179 gesture_id=6 kind=motion t_ns=16322728766587 source=injected
00:01:00.617 [INFO] [sway/card_shell_telemetry.c:266] K230_CARD_BENCH v=1 run=16301057462274 event=submit input_id=179 frame_id=354 t_ns=16322763914741 update_cpu_ns=13151153 final=0
00:01:00.635 [INFO] [sway/card_shell_telemetry.c:323] K230_CARD_BENCH v=1 run=16301057462274 event=present frame_id=354 t_ns=16322781813000 presented=1 clock=monotonic
00:01:00.667 [INFO] [sway/card_shell_telemetry.c:201] K230_CARD_BENCH v=1 run=16301057462274 event=input input_id=180 gesture_id=6 kind=release t_ns=16322810140366 source=injected
00:01:00.673 [INFO] [sway/card_shell_telemetry.c:323] K230_CARD_BENCH v=1 run=16301057462274 event=present frame_id=355 t_ns=16322820135000 presented=1 clock=monotonic
00:01:00.738 [INFO] [sway/card_shell_telemetry.c:266] K230_CARD_BENCH v=1 run=16301057462274 event=submit input_id=180 frame_id=356 t_ns=16322884529104 update_cpu_ns=40012870 final=1
00:01:00.750 [INFO] [sway/card_shell_telemetry.c:323] K230_CARD_BENCH v=1 run=16301057462274 event=present frame_id=356 t_ns=16322896772000 presented=1 clock=monotonic
00:01:00.807 [INFO] [sway/card_shell_telemetry.c:323] K230_CARD_BENCH v=1 run=16301057462274 event=present frame_id=357 t_ns=16322954252000 presented=1 clock=monotonic
00:01:00.865 [INFO] [sway/card_shell_telemetry.c:323] K230_CARD_BENCH v=1 run=16301057462274 event=present frame_id=358 t_ns=16323011732000 presented=1 clock=monotonic
00:01:00.922 [INFO] [sway/card_shell_telemetry.c:323] K230_CARD_BENCH v=1 run=16301057462274 event=present frame_id=359 t_ns=16323069213000 presented=1 clock=monotonic
00:01:00.980 [INFO] [sway/card_shell_telemetry.c:323] K230_CARD_BENCH v=1 run=16301057462274 event=present frame_id=360 t_ns=16323126693000 presented=1 clock=monotonic
00:01:01.102 [INFO] [sway/card_shell.c:412] K230_CARD_SHELL filter-mode nearest=3972 bilinear=1515
00:01:01.216 [INFO] [sway/card_shell_telemetry.c:54] K230_CARD_BENCH v=1 run=16301057462274 event=resource phase=active t_ns=16323363283839 cpu_ns=6438377053 memory_bytes=54525952 scope=compositor
00:01:01.689 [INFO] [sway/card_shell_telemetry.c:323] K230_CARD_BENCH v=1 run=16301057462274 event=present frame_id=361 t_ns=16323835620000 presented=1 clock=monotonic
00:01:01.728 [INFO] [sway/card_shell_telemetry.c:323] K230_CARD_BENCH v=1 run=16301057462274 event=present frame_id=362 t_ns=16323873938000 presented=1 clock=monotonic
00:01:01.776 [INFO] [sway/card_shell_telemetry.c:201] K230_CARD_BENCH v=1 run=16301057462274 event=input input_id=181 gesture_id=7 kind=motion t_ns=16323922611507 source=injected
00:01:01.785 [INFO] [sway/card_shell_telemetry.c:323] K230_CARD_BENCH v=1 run=16301057462274 event=present frame_id=363 t_ns=16323931420000 presented=1 clock=monotonic
00:01:01.833 [INFO] [sway/card_shell_telemetry.c:266] K230_CARD_BENCH v=1 run=16301057462274 event=submit input_id=181 frame_id=364 t_ns=16323979368189 update_cpu_ns=13078362 final=0
00:01:01.842 [INFO] [sway/card_shell_telemetry.c:323] K230_CARD_BENCH v=1 run=16301057462274 event=present frame_id=364 t_ns=16323988901000 presented=1 clock=monotonic
00:01:01.847 [INFO] [sway/card_shell_telemetry.c:201] K230_CARD_BENCH v=1 run=16301057462274 event=input input_id=182 gesture_id=7 kind=motion t_ns=16323992566018 source=injected
00:01:01.880 [INFO] [sway/card_shell_telemetry.c:266] K230_CARD_BENCH v=1 run=16301057462274 event=submit input_id=182 frame_id=365 t_ns=16324025874908 update_cpu_ns=12616080 final=0
00:01:01.884 [INFO] [sway/card_shell_telemetry.c:323] K230_CARD_BENCH v=1 run=16301057462274 event=present frame_id=365 t_ns=16324027221000 presented=1 clock=monotonic
00:01:01.929 [INFO] [sway/card_shell_telemetry.c:201] K230_CARD_BENCH v=1 run=16301057462274 event=input input_id=183 gesture_id=7 kind=motion t_ns=16324074868150 source=injected
00:01:01.938 [INFO] [sway/card_shell_telemetry.c:323] K230_CARD_BENCH v=1 run=16301057462274 event=present frame_id=366 t_ns=16324084702000 presented=1 clock=monotonic
00:01:01.981 [INFO] [sway/card_shell_telemetry.c:266] K230_CARD_BENCH v=1 run=16301057462274 event=submit input_id=183 frame_id=367 t_ns=16324127551289 update_cpu_ns=12773479 final=0
00:01:01.995 [INFO] [sway/card_shell_telemetry.c:323] K230_CARD_BENCH v=1 run=16301057462274 event=present frame_id=367 t_ns=16324142182000 presented=1 clock=monotonic
00:01:01.999 [INFO] [sway/card_shell_telemetry.c:201] K230_CARD_BENCH v=1 run=16301057462274 event=input input_id=184 gesture_id=7 kind=motion t_ns=16324145704462 source=injected
00:01:02.035 [INFO] [sway/card_shell_telemetry.c:266] K230_CARD_BENCH v=1 run=16301057462274 event=submit input_id=184 frame_id=368 t_ns=16324181220335 update_cpu_ns=12965293 final=0
00:01:02.058 [INFO] [sway/card_shell_telemetry.c:323] K230_CARD_BENCH v=1 run=16301057462274 event=present frame_id=368 t_ns=16324199663000 presented=1 clock=monotonic
00:01:02.080 [INFO] [sway/card_shell_telemetry.c:201] K230_CARD_BENCH v=1 run=16301057462274 event=input input_id=185 gesture_id=7 kind=motion t_ns=16324225899011 source=injected
00:01:02.091 [INFO] [sway/card_shell_telemetry.c:323] K230_CARD_BENCH v=1 run=16301057462274 event=present frame_id=369 t_ns=16324237982000 presented=1 clock=monotonic
00:01:02.138 [INFO] [sway/card_shell_telemetry.c:266] K230_CARD_BENCH v=1 run=16301057462274 event=submit input_id=185 frame_id=370 t_ns=16324285125290 update_cpu_ns=12763405 final=0
00:01:02.149 [INFO] [sway/card_shell_telemetry.c:323] K230_CARD_BENCH v=1 run=16301057462274 event=present frame_id=370 t_ns=16324295463000 presented=1 clock=monotonic
00:01:02.155 [INFO] [sway/card_shell_telemetry.c:201] K230_CARD_BENCH v=1 run=16301057462274 event=input input_id=186 gesture_id=7 kind=motion t_ns=16324299960692 source=injected
00:01:02.191 [INFO] [sway/card_shell_telemetry.c:266] K230_CARD_BENCH v=1 run=16301057462274 event=submit input_id=186 frame_id=371 t_ns=16324337539853 update_cpu_ns=12958567 final=0
00:01:02.206 [INFO] [sway/card_shell_telemetry.c:323] K230_CARD_BENCH v=1 run=16301057462274 event=present frame_id=371 t_ns=16324352942000 presented=1 clock=monotonic
00:01:02.237 [INFO] [sway/card_shell_telemetry.c:54] K230_CARD_BENCH v=1 run=16301057462274 event=resource phase=active t_ns=16324384297520 cpu_ns=6611665582 memory_bytes=54525952 scope=compositor
00:01:02.239 [INFO] [sway/card_shell_telemetry.c:201] K230_CARD_BENCH v=1 run=16301057462274 event=input input_id=187 gesture_id=7 kind=motion t_ns=16324385045328 source=injected
00:01:02.245 [INFO] [sway/card_shell_telemetry.c:323] K230_CARD_BENCH v=1 run=16301057462274 event=present frame_id=372 t_ns=16324391264000 presented=1 clock=monotonic
00:01:02.291 [INFO] [sway/card_shell_telemetry.c:266] K230_CARD_BENCH v=1 run=16301057462274 event=submit input_id=187 frame_id=373 t_ns=16324438017451 update_cpu_ns=13144884 final=0
00:01:02.302 [INFO] [sway/card_shell_telemetry.c:323] K230_CARD_BENCH v=1 run=16301057462274 event=present frame_id=373 t_ns=16324448744000 presented=1 clock=monotonic
00:01:02.308 [INFO] [sway/card_shell_telemetry.c:201] K230_CARD_BENCH v=1 run=16301057462274 event=input input_id=188 gesture_id=7 kind=motion t_ns=16324453210647 source=injected
00:01:02.340 [INFO] [sway/card_shell_telemetry.c:266] K230_CARD_BENCH v=1 run=16301057462274 event=submit input_id=188 frame_id=374 t_ns=16324486308881 update_cpu_ns=12760218 final=0
00:01:02.345 [INFO] [sway/card_shell_telemetry.c:323] K230_CARD_BENCH v=1 run=16301057462274 event=present frame_id=374 t_ns=16324487063000 presented=1 clock=monotonic
00:01:02.396 [INFO] [sway/card_shell_telemetry.c:201] K230_CARD_BENCH v=1 run=16301057462274 event=input input_id=189 gesture_id=7 kind=motion t_ns=16324541093232 source=injected
00:01:02.398 [INFO] [sway/card_shell_telemetry.c:323] K230_CARD_BENCH v=1 run=16301057462274 event=present frame_id=375 t_ns=16324544546000 presented=1 clock=monotonic
00:01:02.443 [INFO] [sway/card_shell_telemetry.c:266] K230_CARD_BENCH v=1 run=16301057462274 event=submit input_id=189 frame_id=376 t_ns=16324589328073 update_cpu_ns=12932535 final=0
00:01:02.443 [INFO] [sway/card_shell.c:412] K230_CARD_SHELL filter-mode nearest=4179 bilinear=1614
00:01:02.455 [INFO] [sway/card_shell_telemetry.c:323] K230_CARD_BENCH v=1 run=16301057462274 event=present frame_id=376 t_ns=16324602025000 presented=1 clock=monotonic
00:01:02.465 [INFO] [sway/card_shell_telemetry.c:201] K230_CARD_BENCH v=1 run=16301057462274 event=input input_id=190 gesture_id=7 kind=motion t_ns=16324610630990 source=injected
00:01:02.479 [INFO] [sway/card_shell_telemetry.c:266] K230_CARD_BENCH v=1 run=16301057462274 event=submit input_id=190 frame_id=377 t_ns=16324625612531 update_cpu_ns=13058559 final=0
00:01:02.494 [INFO] [sway/card_shell_telemetry.c:323] K230_CARD_BENCH v=1 run=16301057462274 event=present frame_id=377 t_ns=16324640345000 presented=1 clock=monotonic
00:01:02.550 [INFO] [sway/card_shell_telemetry.c:201] K230_CARD_BENCH v=1 run=16301057462274 event=input input_id=191 gesture_id=7 kind=motion t_ns=16324695232395 source=injected
00:01:02.555 [INFO] [sway/card_shell_telemetry.c:323] K230_CARD_BENCH v=1 run=16301057462274 event=present frame_id=378 t_ns=16324697825000 presented=1 clock=monotonic
00:01:02.586 [INFO] [sway/card_shell_telemetry.c:266] K230_CARD_BENCH v=1 run=16301057462274 event=submit input_id=191 frame_id=379 t_ns=16324731198427 update_cpu_ns=12846584 final=0
00:01:02.595 [INFO] [sway/card_shell_telemetry.c:323] K230_CARD_BENCH v=1 run=16301057462274 event=present frame_id=379 t_ns=16324736146000 presented=1 clock=monotonic
00:01:02.628 [INFO] [sway/card_shell_telemetry.c:323] K230_CARD_BENCH v=1 run=16301057462274 event=present frame_id=380 t_ns=16324774466000 presented=1 clock=monotonic
00:01:02.634 [INFO] [sway/card_shell_telemetry.c:201] K230_CARD_BENCH v=1 run=16301057462274 event=input input_id=192 gesture_id=7 kind=motion t_ns=16324779454414 source=injected
00:01:02.667 [INFO] [sway/card_shell_telemetry.c:266] K230_CARD_BENCH v=1 run=16301057462274 event=submit input_id=192 frame_id=381 t_ns=16324813568183 update_cpu_ns=13263304 final=0
00:01:02.685 [INFO] [sway/card_shell_telemetry.c:323] K230_CARD_BENCH v=1 run=16301057462274 event=present frame_id=381 t_ns=16324831947000 presented=1 clock=monotonic
00:01:02.717 [INFO] [sway/card_shell_telemetry.c:201] K230_CARD_BENCH v=1 run=16301057462274 event=input input_id=193 gesture_id=7 kind=motion t_ns=16324863041952 source=injected
00:01:02.726 [INFO] [sway/card_shell_telemetry.c:323] K230_CARD_BENCH v=1 run=16301057462274 event=present frame_id=382 t_ns=16324870267000 presented=1 clock=monotonic
00:01:02.766 [INFO] [sway/card_shell_telemetry.c:266] K230_CARD_BENCH v=1 run=16301057462274 event=submit input_id=193 frame_id=383 t_ns=16324912242330 update_cpu_ns=13250597 final=0
00:01:02.781 [INFO] [sway/card_shell_telemetry.c:323] K230_CARD_BENCH v=1 run=16301057462274 event=present frame_id=383 t_ns=16324927747000 presented=1 clock=monotonic
00:01:02.787 [INFO] [sway/card_shell_telemetry.c:201] K230_CARD_BENCH v=1 run=16301057462274 event=input input_id=194 gesture_id=7 kind=motion t_ns=16324932419274 source=injected
00:01:02.821 [INFO] [sway/card_shell_telemetry.c:266] K230_CARD_BENCH v=1 run=16301057462274 event=submit input_id=194 frame_id=384 t_ns=16324967993144 update_cpu_ns=13345066 final=0
00:01:02.838 [INFO] [sway/card_shell_telemetry.c:323] K230_CARD_BENCH v=1 run=16301057462274 event=present frame_id=384 t_ns=16324985228000 presented=1 clock=monotonic
00:01:02.868 [INFO] [sway/card_shell_telemetry.c:201] K230_CARD_BENCH v=1 run=16301057462274 event=input input_id=195 gesture_id=7 kind=motion t_ns=16325013382408 source=injected
00:01:02.877 [INFO] [sway/card_shell_telemetry.c:323] K230_CARD_BENCH v=1 run=16301057462274 event=present frame_id=385 t_ns=16325023547000 presented=1 clock=monotonic
00:01:02.926 [INFO] [sway/card_shell_telemetry.c:266] K230_CARD_BENCH v=1 run=16301057462274 event=submit input_id=195 frame_id=386 t_ns=16325072447364 update_cpu_ns=13566484 final=0
00:01:02.935 [INFO] [sway/card_shell_telemetry.c:323] K230_CARD_BENCH v=1 run=16301057462274 event=present frame_id=386 t_ns=16325081027000 presented=1 clock=monotonic
00:01:02.937 [INFO] [sway/card_shell_telemetry.c:201] K230_CARD_BENCH v=1 run=16301057462274 event=input input_id=196 gesture_id=7 kind=motion t_ns=16325082839097 source=injected
00:01:02.979 [INFO] [sway/card_shell_telemetry.c:266] K230_CARD_BENCH v=1 run=16301057462274 event=submit input_id=196 frame_id=387 t_ns=16325122534653 update_cpu_ns=13257007 final=0
00:01:02.992 [INFO] [sway/card_shell_telemetry.c:323] K230_CARD_BENCH v=1 run=16301057462274 event=present frame_id=387 t_ns=16325138509000 presented=1 clock=monotonic
00:01:03.021 [INFO] [sway/card_shell_telemetry.c:201] K230_CARD_BENCH v=1 run=16301057462274 event=input input_id=197 gesture_id=7 kind=motion t_ns=16325166376451 source=injected
00:01:03.030 [INFO] [sway/card_shell_telemetry.c:323] K230_CARD_BENCH v=1 run=16301057462274 event=present frame_id=388 t_ns=16325176829000 presented=1 clock=monotonic
00:01:03.073 [INFO] [sway/card_shell_telemetry.c:266] K230_CARD_BENCH v=1 run=16301057462274 event=submit input_id=197 frame_id=389 t_ns=16325217829809 update_cpu_ns=13359968 final=0
00:01:03.089 [INFO] [sway/card_shell_telemetry.c:201] K230_CARD_BENCH v=1 run=16301057462274 event=input input_id=198 gesture_id=7 kind=motion t_ns=16325234615320 source=injected
00:01:03.090 [INFO] [sway/card_shell_telemetry.c:323] K230_CARD_BENCH v=1 run=16301057462274 event=present frame_id=389 t_ns=16325234310000 presented=1 clock=monotonic
00:01:03.141 [INFO] [sway/card_shell_telemetry.c:266] K230_CARD_BENCH v=1 run=16301057462274 event=submit input_id=198 frame_id=390 t_ns=16325278074363 update_cpu_ns=13659483 final=0
00:01:03.145 [INFO] [sway/card_shell_telemetry.c:323] K230_CARD_BENCH v=1 run=16301057462274 event=present frame_id=390 t_ns=16325291789000 presented=1 clock=monotonic
00:01:03.173 [INFO] [sway/card_shell_telemetry.c:201] K230_CARD_BENCH v=1 run=16301057462274 event=input input_id=199 gesture_id=7 kind=motion t_ns=16325318618611 source=injected
00:01:03.183 [INFO] [sway/card_shell_telemetry.c:323] K230_CARD_BENCH v=1 run=16301057462274 event=present frame_id=391 t_ns=16325330111000 presented=1 clock=monotonic
00:01:03.231 [INFO] [sway/card_shell_telemetry.c:266] K230_CARD_BENCH v=1 run=16301057462274 event=submit input_id=199 frame_id=392 t_ns=16325377739933 update_cpu_ns=13335904 final=0
00:01:03.241 [INFO] [sway/card_shell_telemetry.c:323] K230_CARD_BENCH v=1 run=16301057462274 event=present frame_id=392 t_ns=16325387591000 presented=1 clock=monotonic
00:01:03.247 [INFO] [sway/card_shell_telemetry.c:201] K230_CARD_BENCH v=1 run=16301057462274 event=input input_id=200 gesture_id=7 kind=motion t_ns=16325393047937 source=injected
00:01:03.248 [INFO] [sway/card_shell_telemetry.c:54] K230_CARD_BENCH v=1 run=16301057462274 event=resource phase=active t_ns=16325395314584 cpu_ns=6895983358 memory_bytes=54525952 scope=compositor
00:01:03.283 [INFO] [sway/card_shell_telemetry.c:266] K230_CARD_BENCH v=1 run=16301057462274 event=submit input_id=200 frame_id=393 t_ns=16325427331103 update_cpu_ns=13533890 final=0
00:01:03.298 [INFO] [sway/card_shell_telemetry.c:323] K230_CARD_BENCH v=1 run=16301057462274 event=present frame_id=393 t_ns=16325445070000 presented=1 clock=monotonic
00:01:03.330 [INFO] [sway/card_shell_telemetry.c:201] K230_CARD_BENCH v=1 run=16301057462274 event=input input_id=201 gesture_id=7 kind=motion t_ns=16325475927144 source=injected
00:01:03.337 [INFO] [sway/card_shell_telemetry.c:323] K230_CARD_BENCH v=1 run=16301057462274 event=present frame_id=394 t_ns=16325483389000 presented=1 clock=monotonic
00:01:03.378 [INFO] [sway/card_shell_telemetry.c:266] K230_CARD_BENCH v=1 run=16301057462274 event=submit input_id=201 frame_id=395 t_ns=16325524333493 update_cpu_ns=13606066 final=0
00:01:03.394 [INFO] [sway/card_shell_telemetry.c:323] K230_CARD_BENCH v=1 run=16301057462274 event=present frame_id=395 t_ns=16325540873000 presented=1 clock=monotonic
00:01:03.406 [INFO] [sway/card_shell_telemetry.c:201] K230_CARD_BENCH v=1 run=16301057462274 event=input input_id=202 gesture_id=7 kind=motion t_ns=16325551057874 source=injected
00:01:03.422 [INFO] [sway/card_shell_telemetry.c:266] K230_CARD_BENCH v=1 run=16301057462274 event=submit input_id=202 frame_id=396 t_ns=16325568876584 update_cpu_ns=13441774 final=0
00:01:03.432 [INFO] [sway/card_shell_telemetry.c:323] K230_CARD_BENCH v=1 run=16301057462274 event=present frame_id=396 t_ns=16325579192000 presented=1 clock=monotonic
00:01:03.490 [INFO] [sway/card_shell_telemetry.c:323] K230_CARD_BENCH v=1 run=16301057462274 event=present frame_id=397 t_ns=16325636671000 presented=1 clock=monotonic
00:01:03.493 [INFO] [sway/card_shell_telemetry.c:201] K230_CARD_BENCH v=1 run=16301057462274 event=input input_id=203 gesture_id=7 kind=motion t_ns=16325638330124 source=injected
00:01:03.532 [INFO] [sway/card_shell_telemetry.c:266] K230_CARD_BENCH v=1 run=16301057462274 event=submit input_id=203 frame_id=398 t_ns=16325671566202 update_cpu_ns=13244781 final=0
00:01:03.536 [INFO] [sway/card_shell_telemetry.c:323] K230_CARD_BENCH v=1 run=16301057462274 event=present frame_id=398 t_ns=16325674990000 presented=1 clock=monotonic
00:01:03.576 [INFO] [sway/card_shell_telemetry.c:201] K230_CARD_BENCH v=1 run=16301057462274 event=input input_id=204 gesture_id=7 kind=motion t_ns=16325721813222 source=injected
00:01:03.586 [INFO] [sway/card_shell_telemetry.c:323] K230_CARD_BENCH v=1 run=16301057462274 event=present frame_id=399 t_ns=16325732473000 presented=1 clock=monotonic
00:01:03.626 [INFO] [sway/card_shell_telemetry.c:266] K230_CARD_BENCH v=1 run=16301057462274 event=submit input_id=204 frame_id=400 t_ns=16325773203362 update_cpu_ns=13238706 final=0
00:01:03.644 [INFO] [sway/card_shell_telemetry.c:323] K230_CARD_BENCH v=1 run=16301057462274 event=present frame_id=400 t_ns=16325789953000 presented=1 clock=monotonic
00:01:03.648 [INFO] [sway/card_shell_telemetry.c:201] K230_CARD_BENCH v=1 run=16301057462274 event=input input_id=205 gesture_id=7 kind=motion t_ns=16325793506743 source=injected
00:01:03.684 [INFO] [sway/card_shell_telemetry.c:266] K230_CARD_BENCH v=1 run=16301057462274 event=submit input_id=205 frame_id=401 t_ns=16325825402232 update_cpu_ns=13151734 final=0
00:01:03.685 [INFO] [sway/card_shell_telemetry.c:323] K230_CARD_BENCH v=1 run=16301057462274 event=present frame_id=401 t_ns=16325828272000 presented=1 clock=monotonic
00:01:03.730 [INFO] [sway/card_shell_telemetry.c:201] K230_CARD_BENCH v=1 run=16301057462274 event=input input_id=206 gesture_id=7 kind=motion t_ns=16325874873001 source=injected
00:01:03.739 [INFO] [sway/card_shell_telemetry.c:323] K230_CARD_BENCH v=1 run=16301057462274 event=present frame_id=402 t_ns=16325885754000 presented=1 clock=monotonic
00:01:03.785 [INFO] [sway/card_shell_telemetry.c:266] K230_CARD_BENCH v=1 run=16301057462274 event=submit input_id=206 frame_id=403 t_ns=16325928207177 update_cpu_ns=13237377 final=0
00:01:03.796 [INFO] [sway/card_shell_telemetry.c:323] K230_CARD_BENCH v=1 run=16301057462274 event=present frame_id=403 t_ns=16325943235000 presented=1 clock=monotonic
00:01:03.801 [INFO] [sway/card_shell_telemetry.c:201] K230_CARD_BENCH v=1 run=16301057462274 event=input input_id=207 gesture_id=7 kind=motion t_ns=16325946136251 source=injected
00:01:03.840 [INFO] [sway/card_shell_telemetry.c:266] K230_CARD_BENCH v=1 run=16301057462274 event=submit input_id=207 frame_id=404 t_ns=16325986447957 update_cpu_ns=13177288 final=0
00:01:03.854 [INFO] [sway/card_shell_telemetry.c:323] K230_CARD_BENCH v=1 run=16301057462274 event=present frame_id=404 t_ns=16326000724000 presented=1 clock=monotonic
00:01:03.886 [INFO] [sway/card_shell_telemetry.c:201] K230_CARD_BENCH v=1 run=16301057462274 event=input input_id=208 gesture_id=7 kind=motion t_ns=16326031309511 source=injected
00:01:03.892 [INFO] [sway/card_shell_telemetry.c:323] K230_CARD_BENCH v=1 run=16301057462274 event=present frame_id=405 t_ns=16326039034000 presented=1 clock=monotonic
00:01:03.937 [INFO] [sway/card_shell_telemetry.c:266] K230_CARD_BENCH v=1 run=16301057462274 event=submit input_id=208 frame_id=406 t_ns=16326082997374 update_cpu_ns=13327151 final=0
00:01:03.950 [INFO] [sway/card_shell_telemetry.c:323] K230_CARD_BENCH v=1 run=16301057462274 event=present frame_id=406 t_ns=16326096515000 presented=1 clock=monotonic
00:01:03.957 [INFO] [sway/card_shell_telemetry.c:201] K230_CARD_BENCH v=1 run=16301057462274 event=input input_id=209 gesture_id=7 kind=motion t_ns=16326102230151 source=injected
00:01:03.992 [INFO] [sway/card_shell_telemetry.c:266] K230_CARD_BENCH v=1 run=16301057462274 event=submit input_id=209 frame_id=407 t_ns=16326136985659 update_cpu_ns=12840859 final=0
00:01:04.008 [INFO] [sway/card_shell_telemetry.c:323] K230_CARD_BENCH v=1 run=16301057462274 event=present frame_id=407 t_ns=16326153994000 presented=1 clock=monotonic
00:01:04.046 [INFO] [sway/card_shell_telemetry.c:201] K230_CARD_BENCH v=1 run=16301057462274 event=input input_id=210 gesture_id=7 kind=release t_ns=16326188495088 source=injected
00:01:04.046 [INFO] [sway/card_shell_telemetry.c:323] K230_CARD_BENCH v=1 run=16301057462274 event=present frame_id=408 t_ns=16326192316000 presented=1 clock=monotonic
00:01:04.115 [INFO] [sway/card_shell_telemetry.c:266] K230_CARD_BENCH v=1 run=16301057462274 event=submit input_id=210 frame_id=409 t_ns=16326260684987 update_cpu_ns=39456902 final=1
00:01:04.116 [INFO] [sway/card_shell.c:412] K230_CARD_SHELL filter-mode nearest=4608 bilinear=1629
00:01:04.122 [INFO] [sway/card_shell_telemetry.c:323] K230_CARD_BENCH v=1 run=16301057462274 event=present frame_id=409 t_ns=16326268954000 presented=1 clock=monotonic
00:01:04.180 [INFO] [sway/card_shell_telemetry.c:323] K230_CARD_BENCH v=1 run=16301057462274 event=present frame_id=410 t_ns=16326326434000 presented=1 clock=monotonic
00:01:04.237 [INFO] [sway/card_shell_telemetry.c:323] K230_CARD_BENCH v=1 run=16301057462274 event=present frame_id=411 t_ns=16326383915000 presented=1 clock=monotonic
00:01:04.285 [INFO] [sway/card_shell_telemetry.c:54] K230_CARD_BENCH v=1 run=16301057462274 event=resource phase=active t_ns=16326431715096 cpu_ns=7273788342 memory_bytes=54525952 scope=compositor
00:01:04.295 [INFO] [sway/card_shell_telemetry.c:323] K230_CARD_BENCH v=1 run=16301057462274 event=present frame_id=412 t_ns=16326441395000 presented=1 clock=monotonic
00:01:04.352 [INFO] [sway/card_shell_telemetry.c:323] K230_CARD_BENCH v=1 run=16301057462274 event=present frame_id=413 t_ns=16326498876000 presented=1 clock=monotonic
00:01:05.061 [INFO] [sway/card_shell_telemetry.c:323] K230_CARD_BENCH v=1 run=16301057462274 event=present frame_id=414 t_ns=16327207801000 presented=1 clock=monotonic
00:01:05.099 [INFO] [sway/card_shell_telemetry.c:323] K230_CARD_BENCH v=1 run=16301057462274 event=present frame_id=415 t_ns=16327246122000 presented=1 clock=monotonic
00:01:05.138 [INFO] [sway/card_shell_telemetry.c:323] K230_CARD_BENCH v=1 run=16301057462274 event=present frame_id=416 t_ns=16327284442000 presented=1 clock=monotonic
00:01:05.144 [INFO] [sway/card_shell_telemetry.c:201] K230_CARD_BENCH v=1 run=16301057462274 event=input input_id=211 gesture_id=8 kind=motion t_ns=16327290960696 source=injected
00:01:05.175 [INFO] [sway/card_shell_telemetry.c:266] K230_CARD_BENCH v=1 run=16301057462274 event=submit input_id=211 frame_id=417 t_ns=16327320904001 update_cpu_ns=11096696 final=0
00:01:05.177 [INFO] [sway/card_shell_telemetry.c:323] K230_CARD_BENCH v=1 run=16301057462274 event=present frame_id=417 t_ns=16327322764000 presented=1 clock=monotonic
00:01:05.214 [INFO] [sway/card_shell_telemetry.c:323] K230_CARD_BENCH v=1 run=16301057462274 event=present frame_id=418 t_ns=16327361083000 presented=1 clock=monotonic
00:01:05.224 [INFO] [sway/card_shell_telemetry.c:201] K230_CARD_BENCH v=1 run=16301057462274 event=input input_id=212 gesture_id=8 kind=motion t_ns=16327369690254 source=injected
00:01:05.249 [INFO] [sway/card_shell_telemetry.c:266] K230_CARD_BENCH v=1 run=16301057462274 event=submit input_id=212 frame_id=419 t_ns=16327395529203 update_cpu_ns=12082473 final=0
00:01:05.258 [INFO] [sway/card_shell_telemetry.c:323] K230_CARD_BENCH v=1 run=16301057462274 event=present frame_id=419 t_ns=16327399403000 presented=1 clock=monotonic
00:01:05.293 [INFO] [sway/card_shell_telemetry.c:54] K230_CARD_BENCH v=1 run=16301057462274 event=resource phase=active t_ns=16327438245399 cpu_ns=7407494478 memory_bytes=54525952 scope=compositor
00:01:05.293 [INFO] [sway/card_shell_telemetry.c:323] K230_CARD_BENCH v=1 run=16301057462274 event=present frame_id=420 t_ns=16327437724000 presented=1 clock=monotonic
00:01:05.320 [INFO] [sway/card_shell_telemetry.c:201] K230_CARD_BENCH v=1 run=16301057462274 event=input input_id=213 gesture_id=8 kind=motion t_ns=16327465765659 source=injected
00:01:05.334 [INFO] [sway/card_shell_telemetry.c:323] K230_CARD_BENCH v=1 run=16301057462274 event=present frame_id=421 t_ns=16327476061000 presented=1 clock=monotonic
00:01:05.378 [INFO] [sway/card_shell_telemetry.c:266] K230_CARD_BENCH v=1 run=16301057462274 event=submit input_id=213 frame_id=422 t_ns=16327524417859 update_cpu_ns=12847595 final=0
00:01:05.380 [INFO] [sway/card_shell.c:412] K230_CARD_SHELL filter-mode nearest=4707 bilinear=1821
00:01:05.387 [INFO] [sway/card_shell_telemetry.c:323] K230_CARD_BENCH v=1 run=16301057462274 event=present frame_id=422 t_ns=16327533523000 presented=1 clock=monotonic
00:01:05.391 [INFO] [sway/card_shell_telemetry.c:201] K230_CARD_BENCH v=1 run=16301057462274 event=input input_id=214 gesture_id=8 kind=motion t_ns=16327536633004 source=injected
00:01:05.442 [INFO] [sway/card_shell_telemetry.c:266] K230_CARD_BENCH v=1 run=16301057462274 event=submit input_id=214 frame_id=423 t_ns=16327588850280 update_cpu_ns=12706284 final=0
00:01:05.444 [INFO] [sway/card_shell_telemetry.c:323] K230_CARD_BENCH v=1 run=16301057462274 event=present frame_id=423 t_ns=16327591001000 presented=1 clock=monotonic
00:01:05.475 [INFO] [sway/card_shell_telemetry.c:201] K230_CARD_BENCH v=1 run=16301057462274 event=input input_id=215 gesture_id=8 kind=motion t_ns=16327620821246 source=injected
00:01:05.483 [INFO] [sway/card_shell_telemetry.c:323] K230_CARD_BENCH v=1 run=16301057462274 event=present frame_id=424 t_ns=16327629335000 presented=1 clock=monotonic
00:01:05.530 [INFO] [sway/card_shell_telemetry.c:266] K230_CARD_BENCH v=1 run=16301057462274 event=submit input_id=215 frame_id=425 t_ns=16327676258187 update_cpu_ns=13242139 final=0
00:01:05.540 [INFO] [sway/card_shell_telemetry.c:323] K230_CARD_BENCH v=1 run=16301057462274 event=present frame_id=425 t_ns=16327686805000 presented=1 clock=monotonic
00:01:05.546 [INFO] [sway/card_shell_telemetry.c:201] K230_CARD_BENCH v=1 run=16301057462274 event=input input_id=216 gesture_id=8 kind=motion t_ns=16327691083959 source=injected
00:01:05.578 [INFO] [sway/card_shell_telemetry.c:266] K230_CARD_BENCH v=1 run=16301057462274 event=submit input_id=216 frame_id=426 t_ns=16327725156396 update_cpu_ns=13014124 final=0
00:01:05.598 [INFO] [sway/card_shell_telemetry.c:323] K230_CARD_BENCH v=1 run=16301057462274 event=present frame_id=426 t_ns=16327744418000 presented=1 clock=monotonic
00:01:05.634 [INFO] [sway/card_shell_telemetry.c:201] K230_CARD_BENCH v=1 run=16301057462274 event=input input_id=217 gesture_id=8 kind=motion t_ns=16327779341521 source=injected
00:01:05.636 [INFO] [sway/card_shell_telemetry.c:323] K230_CARD_BENCH v=1 run=16301057462274 event=present frame_id=427 t_ns=16327782607000 presented=1 clock=monotonic
00:01:05.678 [INFO] [sway/card_shell_telemetry.c:266] K230_CARD_BENCH v=1 run=16301057462274 event=submit input_id=217 frame_id=428 t_ns=16327824423765 update_cpu_ns=12704287 final=0
00:01:05.693 [INFO] [sway/card_shell_telemetry.c:323] K230_CARD_BENCH v=1 run=16301057462274 event=present frame_id=428 t_ns=16327840090000 presented=1 clock=monotonic
00:01:05.702 [INFO] [sway/card_shell_telemetry.c:201] K230_CARD_BENCH v=1 run=16301057462274 event=input input_id=218 gesture_id=8 kind=motion t_ns=16327847570352 source=injected
00:01:05.739 [INFO] [sway/card_shell_telemetry.c:266] K230_CARD_BENCH v=1 run=16301057462274 event=submit input_id=218 frame_id=429 t_ns=16327884719981 update_cpu_ns=13705691 final=0
00:01:05.752 [INFO] [sway/card_shell_telemetry.c:323] K230_CARD_BENCH v=1 run=16301057462274 event=present frame_id=429 t_ns=16327897567000 presented=1 clock=monotonic
00:01:05.783 [INFO] [sway/card_shell_telemetry.c:201] K230_CARD_BENCH v=1 run=16301057462274 event=input input_id=219 gesture_id=8 kind=motion t_ns=16327928497856 source=injected
00:01:05.789 [INFO] [sway/card_shell_telemetry.c:323] K230_CARD_BENCH v=1 run=16301057462274 event=present frame_id=430 t_ns=16327935886000 presented=1 clock=monotonic
00:01:05.838 [INFO] [sway/card_shell_telemetry.c:266] K230_CARD_BENCH v=1 run=16301057462274 event=submit input_id=219 frame_id=431 t_ns=16327984746899 update_cpu_ns=13187389 final=0
00:01:05.847 [INFO] [sway/card_shell_telemetry.c:323] K230_CARD_BENCH v=1 run=16301057462274 event=present frame_id=431 t_ns=16327993367000 presented=1 clock=monotonic
00:01:05.854 [INFO] [sway/card_shell_telemetry.c:201] K230_CARD_BENCH v=1 run=16301057462274 event=input input_id=220 gesture_id=8 kind=motion t_ns=16327998786420 source=injected
00:01:05.892 [INFO] [sway/card_shell_telemetry.c:266] K230_CARD_BENCH v=1 run=16301057462274 event=submit input_id=220 frame_id=432 t_ns=16328036299361 update_cpu_ns=13048226 final=0
00:01:05.905 [INFO] [sway/card_shell_telemetry.c:323] K230_CARD_BENCH v=1 run=16301057462274 event=present frame_id=432 t_ns=16328050848000 presented=1 clock=monotonic
00:01:05.938 [INFO] [sway/card_shell_telemetry.c:201] K230_CARD_BENCH v=1 run=16301057462274 event=input input_id=221 gesture_id=8 kind=motion t_ns=16328083640882 source=injected
00:01:05.944 [INFO] [sway/card_shell_telemetry.c:323] K230_CARD_BENCH v=1 run=16301057462274 event=present frame_id=433 t_ns=16328089168000 presented=1 clock=monotonic
00:01:05.986 [INFO] [sway/card_shell_telemetry.c:266] K230_CARD_BENCH v=1 run=16301057462274 event=submit input_id=221 frame_id=434 t_ns=16328133126464 update_cpu_ns=13291067 final=0
00:01:06.000 [INFO] [sway/card_shell_telemetry.c:323] K230_CARD_BENCH v=1 run=16301057462274 event=present frame_id=434 t_ns=16328146648000 presented=1 clock=monotonic
00:01:06.008 [INFO] [sway/card_shell_telemetry.c:201] K230_CARD_BENCH v=1 run=16301057462274 event=input input_id=222 gesture_id=8 kind=motion t_ns=16328152500343 source=injected
00:01:06.042 [INFO] [sway/card_shell_telemetry.c:266] K230_CARD_BENCH v=1 run=16301057462274 event=submit input_id=222 frame_id=435 t_ns=16328183476255 update_cpu_ns=13200068 final=0
00:01:06.045 [INFO] [sway/card_shell_telemetry.c:323] K230_CARD_BENCH v=1 run=16301057462274 event=present frame_id=435 t_ns=16328184971000 presented=1 clock=monotonic
00:01:06.090 [INFO] [sway/card_shell_telemetry.c:201] K230_CARD_BENCH v=1 run=16301057462274 event=input input_id=223 gesture_id=8 kind=motion t_ns=16328234805989 source=injected
00:01:06.096 [INFO] [sway/card_shell_telemetry.c:323] K230_CARD_BENCH v=1 run=16301057462274 event=present frame_id=436 t_ns=16328242475000 presented=1 clock=monotonic
00:01:06.145 [INFO] [sway/card_shell_telemetry.c:266] K230_CARD_BENCH v=1 run=16301057462274 event=submit input_id=223 frame_id=437 t_ns=16328288432071 update_cpu_ns=13671562 final=0
00:01:06.153 [INFO] [sway/card_shell_telemetry.c:323] K230_CARD_BENCH v=1 run=16301057462274 event=present frame_id=437 t_ns=16328299930000 presented=1 clock=monotonic
00:01:06.159 [INFO] [sway/card_shell_telemetry.c:201] K230_CARD_BENCH v=1 run=16301057462274 event=input input_id=224 gesture_id=8 kind=motion t_ns=16328304309042 source=injected
00:01:06.200 [INFO] [sway/card_shell_telemetry.c:266] K230_CARD_BENCH v=1 run=16301057462274 event=submit input_id=224 frame_id=438 t_ns=16328346390904 update_cpu_ns=13687372 final=0
00:01:06.211 [INFO] [sway/card_shell_telemetry.c:323] K230_CARD_BENCH v=1 run=16301057462274 event=present frame_id=438 t_ns=16328357410000 presented=1 clock=monotonic
00:01:06.242 [INFO] [sway/card_shell_telemetry.c:201] K230_CARD_BENCH v=1 run=16301057462274 event=input input_id=225 gesture_id=8 kind=motion t_ns=16328387181914 source=injected
00:01:06.249 [INFO] [sway/card_shell_telemetry.c:323] K230_CARD_BENCH v=1 run=16301057462274 event=present frame_id=439 t_ns=16328395758000 presented=1 clock=monotonic
00:01:06.300 [INFO] [sway/card_shell_telemetry.c:266] K230_CARD_BENCH v=1 run=16301057462274 event=submit input_id=225 frame_id=440 t_ns=16328446847129 update_cpu_ns=13464588 final=0
00:01:06.301 [INFO] [sway/card_shell_telemetry.c:54] K230_CARD_BENCH v=1 run=16301057462274 event=resource phase=active t_ns=16328447701487 cpu_ns=7688200063 memory_bytes=54525952 scope=compositor
00:01:06.306 [INFO] [sway/card_shell_telemetry.c:323] K230_CARD_BENCH v=1 run=16301057462274 event=present frame_id=440 t_ns=16328453209000 presented=1 clock=monotonic
00:01:06.318 [INFO] [sway/card_shell_telemetry.c:201] K230_CARD_BENCH v=1 run=16301057462274 event=input input_id=226 gesture_id=8 kind=motion t_ns=16328462216980 source=injected
00:01:06.332 [INFO] [sway/card_shell_telemetry.c:266] K230_CARD_BENCH v=1 run=16301057462274 event=submit input_id=226 frame_id=441 t_ns=16328478740950 update_cpu_ns=13224891 final=0
00:01:06.345 [INFO] [sway/card_shell_telemetry.c:323] K230_CARD_BENCH v=1 run=16301057462274 event=present frame_id=441 t_ns=16328491530000 presented=1 clock=monotonic
00:01:06.402 [INFO] [sway/card_shell_telemetry.c:201] K230_CARD_BENCH v=1 run=16301057462274 event=input input_id=227 gesture_id=8 kind=motion t_ns=16328547090181 source=injected
00:01:06.402 [INFO] [sway/card_shell_telemetry.c:323] K230_CARD_BENCH v=1 run=16301057462274 event=present frame_id=442 t_ns=16328549011000 presented=1 clock=monotonic
00:01:06.455 [INFO] [sway/card_shell_telemetry.c:266] K230_CARD_BENCH v=1 run=16301057462274 event=submit input_id=227 frame_id=443 t_ns=16328601455481 update_cpu_ns=13484670 final=0
00:01:06.460 [INFO] [sway/card_shell_telemetry.c:323] K230_CARD_BENCH v=1 run=16301057462274 event=present frame_id=443 t_ns=16328606491000 presented=1 clock=monotonic
00:01:06.488 [INFO] [sway/card_shell_telemetry.c:201] K230_CARD_BENCH v=1 run=16301057462274 event=input input_id=228 gesture_id=8 kind=motion t_ns=16328634613599 source=injected
00:01:06.498 [INFO] [sway/card_shell_telemetry.c:323] K230_CARD_BENCH v=1 run=16301057462274 event=present frame_id=444 t_ns=16328644812000 presented=1 clock=monotonic
00:01:06.541 [INFO] [sway/card_shell_telemetry.c:266] K230_CARD_BENCH v=1 run=16301057462274 event=submit input_id=228 frame_id=445 t_ns=16328688123281 update_cpu_ns=13223218 final=0
00:01:06.555 [INFO] [sway/card_shell_telemetry.c:323] K230_CARD_BENCH v=1 run=16301057462274 event=present frame_id=445 t_ns=16328702292000 presented=1 clock=monotonic
00:01:06.561 [INFO] [sway/card_shell_telemetry.c:201] K230_CARD_BENCH v=1 run=16301057462274 event=input input_id=229 gesture_id=8 kind=motion t_ns=16328706459739 source=injected
00:01:06.599 [INFO] [sway/card_shell_telemetry.c:266] K230_CARD_BENCH v=1 run=16301057462274 event=submit input_id=229 frame_id=446 t_ns=16328745003917 update_cpu_ns=13569343 final=0
00:01:06.613 [INFO] [sway/card_shell_telemetry.c:323] K230_CARD_BENCH v=1 run=16301057462274 event=present frame_id=446 t_ns=16328759772000 presented=1 clock=monotonic
00:01:06.646 [INFO] [sway/card_shell_telemetry.c:201] K230_CARD_BENCH v=1 run=16301057462274 event=input input_id=230 gesture_id=8 kind=motion t_ns=16328791546891 source=injected
00:01:06.651 [INFO] [sway/card_shell_telemetry.c:323] K230_CARD_BENCH v=1 run=16301057462274 event=present frame_id=447 t_ns=16328798092000 presented=1 clock=monotonic
00:01:06.694 [INFO] [sway/card_shell_telemetry.c:266] K230_CARD_BENCH v=1 run=16301057462274 event=submit input_id=230 frame_id=448 t_ns=16328840254147 update_cpu_ns=13451709 final=0
00:01:06.709 [INFO] [sway/card_shell_telemetry.c:323] K230_CARD_BENCH v=1 run=16301057462274 event=present frame_id=448 t_ns=16328855573000 presented=1 clock=monotonic
00:01:06.716 [INFO] [sway/card_shell_telemetry.c:201] K230_CARD_BENCH v=1 run=16301057462274 event=input input_id=231 gesture_id=8 kind=motion t_ns=16328861127273 source=injected
00:01:06.753 [INFO] [sway/card_shell_telemetry.c:266] K230_CARD_BENCH v=1 run=16301057462274 event=submit input_id=231 frame_id=449 t_ns=16328899760038 update_cpu_ns=14023359 final=0
00:01:06.766 [INFO] [sway/card_shell_telemetry.c:323] K230_CARD_BENCH v=1 run=16301057462274 event=present frame_id=449 t_ns=16328913055000 presented=1 clock=monotonic
00:01:06.799 [INFO] [sway/card_shell_telemetry.c:201] K230_CARD_BENCH v=1 run=16301057462274 event=input input_id=232 gesture_id=8 kind=motion t_ns=16328944438601 source=injected
00:01:06.805 [INFO] [sway/card_shell_telemetry.c:323] K230_CARD_BENCH v=1 run=16301057462274 event=present frame_id=450 t_ns=16328951374000 presented=1 clock=monotonic
00:01:06.848 [INFO] [sway/card_shell_telemetry.c:266] K230_CARD_BENCH v=1 run=16301057462274 event=submit input_id=232 frame_id=451 t_ns=16328994426820 update_cpu_ns=13430070 final=0
00:01:06.862 [INFO] [sway/card_shell_telemetry.c:323] K230_CARD_BENCH v=1 run=16301057462274 event=present frame_id=451 t_ns=16329008853000 presented=1 clock=monotonic
00:01:06.868 [INFO] [sway/card_shell_telemetry.c:201] K230_CARD_BENCH v=1 run=16301057462274 event=input input_id=233 gesture_id=8 kind=motion t_ns=16329013945728 source=injected
00:01:06.904 [INFO] [sway/card_shell_telemetry.c:266] K230_CARD_BENCH v=1 run=16301057462274 event=submit input_id=233 frame_id=452 t_ns=16329045575380 update_cpu_ns=13466496 final=0
00:01:06.907 [INFO] [sway/card_shell_telemetry.c:323] K230_CARD_BENCH v=1 run=16301057462274 event=present frame_id=452 t_ns=16329047173000 presented=1 clock=monotonic
00:01:06.952 [INFO] [sway/card_shell_telemetry.c:201] K230_CARD_BENCH v=1 run=16301057462274 event=input input_id=234 gesture_id=8 kind=motion t_ns=16329097152025 source=injected
00:01:06.958 [INFO] [sway/card_shell_telemetry.c:323] K230_CARD_BENCH v=1 run=16301057462274 event=present frame_id=453 t_ns=16329104655000 presented=1 clock=monotonic
00:01:07.006 [INFO] [sway/card_shell_telemetry.c:266] K230_CARD_BENCH v=1 run=16301057462274 event=submit input_id=234 frame_id=454 t_ns=16329152462936 update_cpu_ns=13256399 final=0
00:01:07.015 [INFO] [sway/card_shell_telemetry.c:323] K230_CARD_BENCH v=1 run=16301057462274 event=present frame_id=454 t_ns=16329162135000 presented=1 clock=monotonic
00:01:07.023 [INFO] [sway/card_shell_telemetry.c:201] K230_CARD_BENCH v=1 run=16301057462274 event=input input_id=235 gesture_id=8 kind=motion t_ns=16329168290502 source=injected
00:01:07.059 [INFO] [sway/card_shell_telemetry.c:266] K230_CARD_BENCH v=1 run=16301057462274 event=submit input_id=235 frame_id=455 t_ns=16329202221205 update_cpu_ns=13241178 final=0
00:01:07.073 [INFO] [sway/card_shell_telemetry.c:323] K230_CARD_BENCH v=1 run=16301057462274 event=present frame_id=455 t_ns=16329219615000 presented=1 clock=monotonic
00:01:07.105 [INFO] [sway/card_shell_telemetry.c:201] K230_CARD_BENCH v=1 run=16301057462274 event=input input_id=236 gesture_id=8 kind=motion t_ns=16329250119656 source=injected
00:01:07.111 [INFO] [sway/card_shell_telemetry.c:323] K230_CARD_BENCH v=1 run=16301057462274 event=present frame_id=456 t_ns=16329257934000 presented=1 clock=monotonic
00:01:07.158 [INFO] [sway/card_shell_telemetry.c:266] K230_CARD_BENCH v=1 run=16301057462274 event=submit input_id=236 frame_id=457 t_ns=16329304674092 update_cpu_ns=13491639 final=0
00:01:07.159 [INFO] [sway/card_shell.c:412] K230_CARD_SHELL filter-mode nearest=5166 bilinear=1821
00:01:07.169 [INFO] [sway/card_shell_telemetry.c:323] K230_CARD_BENCH v=1 run=16301057462274 event=present frame_id=457 t_ns=16329315415000 presented=1 clock=monotonic
00:01:07.174 [INFO] [sway/card_shell_telemetry.c:201] K230_CARD_BENCH v=1 run=16301057462274 event=input input_id=237 gesture_id=8 kind=motion t_ns=16329320595207 source=injected
00:01:07.210 [INFO] [sway/card_shell_telemetry.c:266] K230_CARD_BENCH v=1 run=16301057462274 event=submit input_id=237 frame_id=458 t_ns=16329355783245 update_cpu_ns=13466778 final=0
00:01:07.226 [INFO] [sway/card_shell_telemetry.c:323] K230_CARD_BENCH v=1 run=16301057462274 event=present frame_id=458 t_ns=16329372898000 presented=1 clock=monotonic
00:01:07.258 [INFO] [sway/card_shell_telemetry.c:201] K230_CARD_BENCH v=1 run=16301057462274 event=input input_id=238 gesture_id=8 kind=motion t_ns=16329402727714 source=injected
00:01:07.264 [INFO] [sway/card_shell_telemetry.c:323] K230_CARD_BENCH v=1 run=16301057462274 event=present frame_id=459 t_ns=16329411216000 presented=1 clock=monotonic
00:01:07.314 [INFO] [sway/card_shell_telemetry.c:266] K230_CARD_BENCH v=1 run=16301057462274 event=submit input_id=238 frame_id=460 t_ns=16329460274199 update_cpu_ns=13050963 final=0
00:01:07.314 [INFO] [sway/card_shell_telemetry.c:54] K230_CARD_BENCH v=1 run=16301057462274 event=resource phase=active t_ns=16329461104559 cpu_ns=7976287954 memory_bytes=54525952 scope=compositor
00:01:07.322 [INFO] [sway/card_shell_telemetry.c:323] K230_CARD_BENCH v=1 run=16301057462274 event=present frame_id=460 t_ns=16329468697000 presented=1 clock=monotonic
00:01:07.333 [INFO] [sway/card_shell_telemetry.c:201] K230_CARD_BENCH v=1 run=16301057462274 event=input input_id=239 gesture_id=8 kind=motion t_ns=16329478972340 source=injected
00:01:07.348 [INFO] [sway/card_shell_telemetry.c:266] K230_CARD_BENCH v=1 run=16301057462274 event=submit input_id=239 frame_id=461 t_ns=16329494520440 update_cpu_ns=13258478 final=0
00:01:07.360 [INFO] [sway/card_shell_telemetry.c:323] K230_CARD_BENCH v=1 run=16301057462274 event=present frame_id=461 t_ns=16329507020000 presented=1 clock=monotonic
00:01:07.418 [INFO] [sway/card_shell_telemetry.c:323] K230_CARD_BENCH v=1 run=16301057462274 event=present frame_id=462 t_ns=16329564498000 presented=1 clock=monotonic
00:01:07.428 [INFO] [sway/card_shell_telemetry.c:201] K230_CARD_BENCH v=1 run=16301057462274 event=input input_id=240 gesture_id=8 kind=release t_ns=16329568493826 source=injected
00:01:07.496 [INFO] [sway/card_shell_telemetry.c:266] K230_CARD_BENCH v=1 run=16301057462274 event=submit input_id=240 frame_id=463 t_ns=16329642424845 update_cpu_ns=39703915 final=1
00:01:07.513 [INFO] [sway/card_shell_telemetry.c:323] K230_CARD_BENCH v=1 run=16301057462274 event=present frame_id=463 t_ns=16329660296000 presented=1 clock=monotonic
00:01:07.571 [INFO] [sway/card_shell_telemetry.c:323] K230_CARD_BENCH v=1 run=16301057462274 event=present frame_id=464 t_ns=16329717776000 presented=1 clock=monotonic
00:01:07.628 [INFO] [sway/card_shell_telemetry.c:323] K230_CARD_BENCH v=1 run=16301057462274 event=present frame_id=465 t_ns=16329775256000 presented=1 clock=monotonic
00:01:07.686 [INFO] [sway/card_shell_telemetry.c:323] K230_CARD_BENCH v=1 run=16301057462274 event=present frame_id=466 t_ns=16329832737000 presented=1 clock=monotonic
00:01:07.743 [INFO] [sway/card_shell_telemetry.c:323] K230_CARD_BENCH v=1 run=16301057462274 event=present frame_id=467 t_ns=16329890217000 presented=1 clock=monotonic
00:01:08.321 [INFO] [sway/card_shell_telemetry.c:54] K230_CARD_BENCH v=1 run=16301057462274 event=resource phase=active t_ns=16330467731680 cpu_ns=8208919660 memory_bytes=54525952 scope=compositor
00:01:08.403 [INFO] [sway/card_shell.c:412] K230_CARD_SHELL filter-mode nearest=5241 bilinear=2025
00:01:08.453 [INFO] [sway/card_shell_telemetry.c:323] K230_CARD_BENCH v=1 run=16301057462274 event=present frame_id=468 t_ns=16330599144000 presented=1 clock=monotonic
00:01:08.510 [INFO] [sway/card_shell_telemetry.c:323] K230_CARD_BENCH v=1 run=16301057462274 event=present frame_id=469 t_ns=16330656624000 presented=1 clock=monotonic
00:01:08.542 [INFO] [sway/card_shell_telemetry.c:201] K230_CARD_BENCH v=1 run=16301057462274 event=input input_id=241 gesture_id=9 kind=motion t_ns=16330688549974 source=injected
00:01:08.548 [INFO] [sway/card_shell_telemetry.c:323] K230_CARD_BENCH v=1 run=16301057462274 event=present frame_id=470 t_ns=16330694945000 presented=1 clock=monotonic
00:01:08.591 [INFO] [sway/card_shell_telemetry.c:266] K230_CARD_BENCH v=1 run=16301057462274 event=submit input_id=241 frame_id=471 t_ns=16330738161437 update_cpu_ns=12864104 final=0
00:01:08.606 [INFO] [sway/card_shell_telemetry.c:323] K230_CARD_BENCH v=1 run=16301057462274 event=present frame_id=471 t_ns=16330752424000 presented=1 clock=monotonic
00:01:08.611 [INFO] [sway/card_shell_telemetry.c:201] K230_CARD_BENCH v=1 run=16301057462274 event=input input_id=242 gesture_id=9 kind=motion t_ns=16330756699623 source=injected
00:01:08.647 [INFO] [sway/card_shell_telemetry.c:266] K230_CARD_BENCH v=1 run=16301057462274 event=submit input_id=242 frame_id=472 t_ns=16330789536982 update_cpu_ns=12995250 final=0
00:01:08.651 [INFO] [sway/card_shell_telemetry.c:323] K230_CARD_BENCH v=1 run=16301057462274 event=present frame_id=472 t_ns=16330790745000 presented=1 clock=monotonic
00:01:08.694 [INFO] [sway/card_shell_telemetry.c:201] K230_CARD_BENCH v=1 run=16301057462274 event=input input_id=243 gesture_id=9 kind=motion t_ns=16330838676249 source=injected
00:01:08.701 [INFO] [sway/card_shell_telemetry.c:323] K230_CARD_BENCH v=1 run=16301057462274 event=present frame_id=473 t_ns=16330848224000 presented=1 clock=monotonic
00:01:08.745 [INFO] [sway/card_shell_telemetry.c:266] K230_CARD_BENCH v=1 run=16301057462274 event=submit input_id=243 frame_id=474 t_ns=16330891218431 update_cpu_ns=12769094 final=0
00:01:08.759 [INFO] [sway/card_shell_telemetry.c:323] K230_CARD_BENCH v=1 run=16301057462274 event=present frame_id=474 t_ns=16330905705000 presented=1 clock=monotonic
00:01:08.762 [INFO] [sway/card_shell_telemetry.c:201] K230_CARD_BENCH v=1 run=16301057462274 event=input input_id=244 gesture_id=9 kind=motion t_ns=16330907595890 source=injected
00:01:08.803 [INFO] [sway/card_shell_telemetry.c:266] K230_CARD_BENCH v=1 run=16301057462274 event=submit input_id=244 frame_id=475 t_ns=16330945131385 update_cpu_ns=12753887 final=0
00:01:08.816 [INFO] [sway/card_shell_telemetry.c:323] K230_CARD_BENCH v=1 run=16301057462274 event=present frame_id=475 t_ns=16330963185000 presented=1 clock=monotonic
00:01:08.842 [INFO] [sway/card_shell_telemetry.c:201] K230_CARD_BENCH v=1 run=16301057462274 event=input input_id=245 gesture_id=9 kind=motion t_ns=16330987826284 source=injected
00:01:08.855 [INFO] [sway/card_shell_telemetry.c:323] K230_CARD_BENCH v=1 run=16301057462274 event=present frame_id=476 t_ns=16331001507000 presented=1 clock=monotonic
00:01:08.897 [INFO] [sway/card_shell_telemetry.c:266] K230_CARD_BENCH v=1 run=16301057462274 event=submit input_id=245 frame_id=477 t_ns=16331042842174 update_cpu_ns=13020258 final=0
00:01:08.911 [INFO] [sway/card_shell_telemetry.c:201] K230_CARD_BENCH v=1 run=16301057462274 event=input input_id=246 gesture_id=9 kind=motion t_ns=16331056706224 source=injected
00:01:08.916 [INFO] [sway/card_shell_telemetry.c:323] K230_CARD_BENCH v=1 run=16301057462274 event=present frame_id=477 t_ns=16331058987000 presented=1 clock=monotonic
00:01:08.960 [INFO] [sway/card_shell_telemetry.c:266] K230_CARD_BENCH v=1 run=16301057462274 event=submit input_id=246 frame_id=478 t_ns=16331106718070 update_cpu_ns=12885295 final=0
00:01:08.973 [INFO] [sway/card_shell_telemetry.c:323] K230_CARD_BENCH v=1 run=16301057462274 event=present frame_id=478 t_ns=16331116468000 presented=1 clock=monotonic
00:01:08.980 [INFO] [sway/card_shell_telemetry.c:201] K230_CARD_BENCH v=1 run=16301057462274 event=input input_id=247 gesture_id=9 kind=motion t_ns=16331125314105 source=injected
00:01:09.013 [INFO] [sway/card_shell_telemetry.c:266] K230_CARD_BENCH v=1 run=16301057462274 event=submit input_id=247 frame_id=479 t_ns=16331156651810 update_cpu_ns=13295046 final=0
00:01:09.027 [INFO] [sway/card_shell_telemetry.c:323] K230_CARD_BENCH v=1 run=16301057462274 event=present frame_id=479 t_ns=16331173946000 presented=1 clock=monotonic
00:01:09.067 [INFO] [sway/card_shell_telemetry.c:201] K230_CARD_BENCH v=1 run=16301057462274 event=input input_id=248 gesture_id=9 kind=motion t_ns=16331212851409 source=injected
00:01:09.067 [INFO] [sway/card_shell_telemetry.c:323] K230_CARD_BENCH v=1 run=16301057462274 event=present frame_id=480 t_ns=16331212268000 presented=1 clock=monotonic
00:01:09.105 [INFO] [sway/card_shell_telemetry.c:266] K230_CARD_BENCH v=1 run=16301057462274 event=submit input_id=248 frame_id=481 t_ns=16331250630185 update_cpu_ns=12599147 final=0
00:01:09.123 [INFO] [sway/card_shell_telemetry.c:323] K230_CARD_BENCH v=1 run=16301057462274 event=present frame_id=481 t_ns=16331269749000 presented=1 clock=monotonic
00:01:09.150 [INFO] [sway/card_shell_telemetry.c:201] K230_CARD_BENCH v=1 run=16301057462274 event=input input_id=249 gesture_id=9 kind=motion t_ns=16331294557272 source=injected
00:01:09.161 [INFO] [sway/card_shell_telemetry.c:323] K230_CARD_BENCH v=1 run=16301057462274 event=present frame_id=482 t_ns=16331308068000 presented=1 clock=monotonic
00:01:09.204 [INFO] [sway/card_shell_telemetry.c:266] K230_CARD_BENCH v=1 run=16301057462274 event=submit input_id=249 frame_id=483 t_ns=16331350678579 update_cpu_ns=13398999 final=0
00:01:09.220 [INFO] [sway/card_shell_telemetry.c:201] K230_CARD_BENCH v=1 run=16301057462274 event=input input_id=250 gesture_id=9 kind=motion t_ns=16331364926199 source=injected
00:01:09.220 [INFO] [sway/card_shell_telemetry.c:323] K230_CARD_BENCH v=1 run=16301057462274 event=present frame_id=483 t_ns=16331365548000 presented=1 clock=monotonic
00:01:09.266 [INFO] [sway/card_shell_telemetry.c:266] K230_CARD_BENCH v=1 run=16301057462274 event=submit input_id=250 frame_id=484 t_ns=16331413189480 update_cpu_ns=12988232 final=0
00:01:09.277 [INFO] [sway/card_shell_telemetry.c:323] K230_CARD_BENCH v=1 run=16301057462274 event=present frame_id=484 t_ns=16331423030000 presented=1 clock=monotonic
00:01:09.303 [INFO] [sway/card_shell_telemetry.c:201] K230_CARD_BENCH v=1 run=16301057462274 event=input input_id=251 gesture_id=9 kind=motion t_ns=16331448348481 source=injected
00:01:09.315 [INFO] [sway/card_shell_telemetry.c:323] K230_CARD_BENCH v=1 run=16301057462274 event=present frame_id=485 t_ns=16331461350000 presented=1 clock=monotonic
00:01:09.361 [INFO] [sway/card_shell_telemetry.c:266] K230_CARD_BENCH v=1 run=16301057462274 event=submit input_id=251 frame_id=486 t_ns=16331507416988 update_cpu_ns=13380106 final=0
00:01:09.366 [INFO] [sway/card_shell_telemetry.c:54] K230_CARD_BENCH v=1 run=16301057462274 event=resource phase=active t_ns=16331512445846 cpu_ns=8474325821 memory_bytes=54525952 scope=compositor
00:01:09.372 [INFO] [sway/card_shell_telemetry.c:323] K230_CARD_BENCH v=1 run=16301057462274 event=present frame_id=486 t_ns=16331518830000 presented=1 clock=monotonic
00:01:09.375 [INFO] [sway/card_shell_telemetry.c:201] K230_CARD_BENCH v=1 run=16301057462274 event=input input_id=252 gesture_id=9 kind=motion t_ns=16331520502157 source=injected
00:01:09.417 [INFO] [sway/card_shell_telemetry.c:266] K230_CARD_BENCH v=1 run=16301057462274 event=submit input_id=252 frame_id=487 t_ns=16331560816453 update_cpu_ns=13964739 final=0
00:01:09.429 [INFO] [sway/card_shell_telemetry.c:323] K230_CARD_BENCH v=1 run=16301057462274 event=present frame_id=487 t_ns=16331576310000 presented=1 clock=monotonic
00:01:09.462 [INFO] [sway/card_shell_telemetry.c:201] K230_CARD_BENCH v=1 run=16301057462274 event=input input_id=253 gesture_id=9 kind=motion t_ns=16331607840176 source=injected
00:01:09.468 [INFO] [sway/card_shell_telemetry.c:323] K230_CARD_BENCH v=1 run=16301057462274 event=present frame_id=488 t_ns=16331614631000 presented=1 clock=monotonic
00:01:09.515 [INFO] [sway/card_shell_telemetry.c:266] K230_CARD_BENCH v=1 run=16301057462274 event=submit input_id=253 frame_id=489 t_ns=16331661734575 update_cpu_ns=13201298 final=0
00:01:09.525 [INFO] [sway/card_shell_telemetry.c:323] K230_CARD_BENCH v=1 run=16301057462274 event=present frame_id=489 t_ns=16331672110000 presented=1 clock=monotonic
00:01:09.536 [INFO] [sway/card_shell_telemetry.c:201] K230_CARD_BENCH v=1 run=16301057462274 event=input input_id=254 gesture_id=9 kind=motion t_ns=16331681393955 source=injected
00:01:09.551 [INFO] [sway/card_shell_telemetry.c:266] K230_CARD_BENCH v=1 run=16301057462274 event=submit input_id=254 frame_id=490 t_ns=16331697368623 update_cpu_ns=13232522 final=0
00:01:09.564 [INFO] [sway/card_shell_telemetry.c:323] K230_CARD_BENCH v=1 run=16301057462274 event=present frame_id=490 t_ns=16331710431000 presented=1 clock=monotonic
00:01:09.621 [INFO] [sway/card_shell_telemetry.c:201] K230_CARD_BENCH v=1 run=16301057462274 event=input input_id=255 gesture_id=9 kind=motion t_ns=16331766573099 source=injected
00:01:09.622 [INFO] [sway/card_shell_telemetry.c:323] K230_CARD_BENCH v=1 run=16301057462274 event=present frame_id=491 t_ns=16331767911000 presented=1 clock=monotonic
00:01:09.675 [INFO] [sway/card_shell_telemetry.c:266] K230_CARD_BENCH v=1 run=16301057462274 event=submit input_id=255 frame_id=492 t_ns=16331821202641 update_cpu_ns=13307807 final=0
00:01:09.679 [INFO] [sway/card_shell_telemetry.c:323] K230_CARD_BENCH v=1 run=16301057462274 event=present frame_id=492 t_ns=16331825391000 presented=1 clock=monotonic
00:01:09.711 [INFO] [sway/card_shell_telemetry.c:201] K230_CARD_BENCH v=1 run=16301057462274 event=input input_id=256 gesture_id=9 kind=motion t_ns=16331856995014 source=injected
00:01:09.717 [INFO] [sway/card_shell_telemetry.c:323] K230_CARD_BENCH v=1 run=16301057462274 event=present frame_id=493 t_ns=16331863712000 presented=1 clock=monotonic
00:01:09.760 [INFO] [sway/card_shell_telemetry.c:266] K230_CARD_BENCH v=1 run=16301057462274 event=submit input_id=256 frame_id=494 t_ns=16331907193404 update_cpu_ns=13472116 final=0
00:01:09.774 [INFO] [sway/card_shell_telemetry.c:323] K230_CARD_BENCH v=1 run=16301057462274 event=present frame_id=494 t_ns=16331921192000 presented=1 clock=monotonic
00:01:09.780 [INFO] [sway/card_shell_telemetry.c:201] K230_CARD_BENCH v=1 run=16301057462274 event=input input_id=257 gesture_id=9 kind=motion t_ns=16331924878862 source=injected
00:01:09.815 [INFO] [sway/card_shell_telemetry.c:266] K230_CARD_BENCH v=1 run=16301057462274 event=submit input_id=257 frame_id=495 t_ns=16331959092511 update_cpu_ns=13356521 final=0
00:01:09.818 [INFO] [sway/card_shell_telemetry.c:323] K230_CARD_BENCH v=1 run=16301057462274 event=present frame_id=495 t_ns=16331959510000 presented=1 clock=monotonic
00:01:09.864 [INFO] [sway/card_shell_telemetry.c:201] K230_CARD_BENCH v=1 run=16301057462274 event=input input_id=258 gesture_id=9 kind=motion t_ns=16332010219367 source=injected
00:01:09.870 [INFO] [sway/card_shell_telemetry.c:323] K230_CARD_BENCH v=1 run=16301057462274 event=present frame_id=496 t_ns=16332016993000 presented=1 clock=monotonic
00:01:09.917 [INFO] [sway/card_shell_telemetry.c:266] K230_CARD_BENCH v=1 run=16301057462274 event=submit input_id=258 frame_id=497 t_ns=16332060212547 update_cpu_ns=13553808 final=0
00:01:09.928 [INFO] [sway/card_shell_telemetry.c:323] K230_CARD_BENCH v=1 run=16301057462274 event=present frame_id=497 t_ns=16332074474000 presented=1 clock=monotonic
00:01:09.936 [INFO] [sway/card_shell_telemetry.c:201] K230_CARD_BENCH v=1 run=16301057462274 event=input input_id=259 gesture_id=9 kind=motion t_ns=16332080994011 source=injected
00:01:09.970 [INFO] [sway/card_shell_telemetry.c:266] K230_CARD_BENCH v=1 run=16301057462274 event=submit input_id=259 frame_id=498 t_ns=16332112956717 update_cpu_ns=13180665 final=0
00:01:09.990 [INFO] [sway/card_shell_telemetry.c:323] K230_CARD_BENCH v=1 run=16301057462274 event=present frame_id=498 t_ns=16332131954000 presented=1 clock=monotonic
00:01:10.019 [INFO] [sway/card_shell_telemetry.c:201] K230_CARD_BENCH v=1 run=16301057462274 event=input input_id=260 gesture_id=9 kind=motion t_ns=16332164725979 source=injected
00:01:10.024 [INFO] [sway/card_shell_telemetry.c:323] K230_CARD_BENCH v=1 run=16301057462274 event=present frame_id=499 t_ns=16332170274000 presented=1 clock=monotonic
00:01:10.034 [INFO] [sway/card_shell.c:412] K230_CARD_SHELL filter-mode nearest=5676 bilinear=2028
00:01:10.057 [INFO] [sway/card_shell_telemetry.c:266] K230_CARD_BENCH v=1 run=16301057462274 event=submit input_id=260 frame_id=500 t_ns=16332203112386 update_cpu_ns=13545569 final=0
00:01:10.062 [INFO] [sway/card_shell_telemetry.c:323] K230_CARD_BENCH v=1 run=16301057462274 event=present frame_id=500 t_ns=16332208594000 presented=1 clock=monotonic
00:01:10.101 [INFO] [sway/card_shell_telemetry.c:323] K230_CARD_BENCH v=1 run=16301057462274 event=present frame_id=501 t_ns=16332246913000 presented=1 clock=monotonic
00:01:10.104 [INFO] [sway/card_shell_telemetry.c:201] K230_CARD_BENCH v=1 run=16301057462274 event=input input_id=261 gesture_id=9 kind=motion t_ns=16332249122797 source=injected
00:01:10.140 [INFO] [sway/card_shell_telemetry.c:266] K230_CARD_BENCH v=1 run=16301057462274 event=submit input_id=261 frame_id=502 t_ns=16332283436403 update_cpu_ns=13209289 final=0
00:01:10.142 [INFO] [sway/card_shell_telemetry.c:323] K230_CARD_BENCH v=1 run=16301057462274 event=present frame_id=502 t_ns=16332285234000 presented=1 clock=monotonic
00:01:10.188 [INFO] [sway/card_shell_telemetry.c:201] K230_CARD_BENCH v=1 run=16301057462274 event=input input_id=262 gesture_id=9 kind=motion t_ns=16332333812042 source=injected
00:01:10.196 [INFO] [sway/card_shell_telemetry.c:323] K230_CARD_BENCH v=1 run=16301057462274 event=present frame_id=503 t_ns=16332342716000 presented=1 clock=monotonic
00:01:10.242 [INFO] [sway/card_shell_telemetry.c:266] K230_CARD_BENCH v=1 run=16301057462274 event=submit input_id=262 frame_id=504 t_ns=16332388531837 update_cpu_ns=13636434 final=0
00:01:10.253 [INFO] [sway/card_shell_telemetry.c:323] K230_CARD_BENCH v=1 run=16301057462274 event=present frame_id=504 t_ns=16332400194000 presented=1 clock=monotonic
00:01:10.258 [INFO] [sway/card_shell_telemetry.c:201] K230_CARD_BENCH v=1 run=16301057462274 event=input input_id=263 gesture_id=9 kind=motion t_ns=16332402872118 source=injected
00:01:10.294 [INFO] [sway/card_shell_telemetry.c:266] K230_CARD_BENCH v=1 run=16301057462274 event=submit input_id=263 frame_id=505 t_ns=16332440332246 update_cpu_ns=13379202 final=0
00:01:10.311 [INFO] [sway/card_shell_telemetry.c:323] K230_CARD_BENCH v=1 run=16301057462274 event=present frame_id=505 t_ns=16332457676000 presented=1 clock=monotonic
00:01:10.341 [INFO] [sway/card_shell_telemetry.c:201] K230_CARD_BENCH v=1 run=16301057462274 event=input input_id=264 gesture_id=9 kind=motion t_ns=16332487130018 source=injected
00:01:10.349 [INFO] [sway/card_shell_telemetry.c:323] K230_CARD_BENCH v=1 run=16301057462274 event=present frame_id=506 t_ns=16332495995000 presented=1 clock=monotonic
00:01:10.398 [INFO] [sway/card_shell_telemetry.c:266] K230_CARD_BENCH v=1 run=16301057462274 event=submit input_id=264 frame_id=507 t_ns=16332544552768 update_cpu_ns=13355586 final=0
00:01:10.399 [INFO] [sway/card_shell_telemetry.c:54] K230_CARD_BENCH v=1 run=16301057462274 event=resource phase=active t_ns=16332545413940 cpu_ns=8772490040 memory_bytes=54525952 scope=compositor
00:01:10.407 [INFO] [sway/card_shell_telemetry.c:323] K230_CARD_BENCH v=1 run=16301057462274 event=present frame_id=507 t_ns=16332553475000 presented=1 clock=monotonic
00:01:10.413 [INFO] [sway/card_shell_telemetry.c:201] K230_CARD_BENCH v=1 run=16301057462274 event=input input_id=265 gesture_id=9 kind=motion t_ns=16332558564327 source=injected
00:01:10.462 [INFO] [sway/card_shell_telemetry.c:266] K230_CARD_BENCH v=1 run=16301057462274 event=submit input_id=265 frame_id=508 t_ns=16332608486956 update_cpu_ns=13656511 final=0
00:01:10.465 [INFO] [sway/card_shell_telemetry.c:323] K230_CARD_BENCH v=1 run=16301057462274 event=present frame_id=508 t_ns=16332610958000 presented=1 clock=monotonic
00:01:10.500 [INFO] [sway/card_shell_telemetry.c:201] K230_CARD_BENCH v=1 run=16301057462274 event=input input_id=266 gesture_id=9 kind=motion t_ns=16332645117613 source=injected
00:01:10.505 [INFO] [sway/card_shell_telemetry.c:323] K230_CARD_BENCH v=1 run=16301057462274 event=present frame_id=509 t_ns=16332649277000 presented=1 clock=monotonic
00:01:10.552 [INFO] [sway/card_shell_telemetry.c:266] K230_CARD_BENCH v=1 run=16301057462274 event=submit input_id=266 frame_id=510 t_ns=16332698547816 update_cpu_ns=13213081 final=0
00:01:10.560 [INFO] [sway/card_shell_telemetry.c:323] K230_CARD_BENCH v=1 run=16301057462274 event=present frame_id=510 t_ns=16332706757000 presented=1 clock=monotonic
00:01:10.570 [INFO] [sway/card_shell_telemetry.c:201] K230_CARD_BENCH v=1 run=16301057462274 event=input input_id=267 gesture_id=9 kind=motion t_ns=16332714905462 source=injected
00:01:10.604 [INFO] [sway/card_shell_telemetry.c:266] K230_CARD_BENCH v=1 run=16301057462274 event=submit input_id=267 frame_id=511 t_ns=16332750840863 update_cpu_ns=13131670 final=0
00:01:10.617 [INFO] [sway/card_shell_telemetry.c:323] K230_CARD_BENCH v=1 run=16301057462274 event=present frame_id=511 t_ns=16332764237000 presented=1 clock=monotonic
00:01:10.652 [INFO] [sway/card_shell_telemetry.c:201] K230_CARD_BENCH v=1 run=16301057462274 event=input input_id=268 gesture_id=9 kind=motion t_ns=16332797503310 source=injected
00:01:10.656 [INFO] [sway/card_shell_telemetry.c:323] K230_CARD_BENCH v=1 run=16301057462274 event=present frame_id=512 t_ns=16332802558000 presented=1 clock=monotonic
00:01:10.700 [INFO] [sway/card_shell_telemetry.c:266] K230_CARD_BENCH v=1 run=16301057462274 event=submit input_id=268 frame_id=513 t_ns=16332841867371 update_cpu_ns=13219367 final=0
00:01:10.713 [INFO] [sway/card_shell_telemetry.c:323] K230_CARD_BENCH v=1 run=16301057462274 event=present frame_id=513 t_ns=16332860057000 presented=1 clock=monotonic
00:01:10.724 [INFO] [sway/card_shell_telemetry.c:201] K230_CARD_BENCH v=1 run=16301057462274 event=input input_id=269 gesture_id=9 kind=motion t_ns=16332869533029 source=injected
00:01:10.738 [INFO] [sway/card_shell_telemetry.c:266] K230_CARD_BENCH v=1 run=16301057462274 event=submit input_id=269 frame_id=514 t_ns=16332884917397 update_cpu_ns=13230222 final=0
00:01:10.752 [INFO] [sway/card_shell_telemetry.c:323] K230_CARD_BENCH v=1 run=16301057462274 event=present frame_id=514 t_ns=16332898359000 presented=1 clock=monotonic
00:01:10.811 [INFO] [sway/card_shell_telemetry.c:201] K230_CARD_BENCH v=1 run=16301057462274 event=input input_id=270 gesture_id=9 kind=release t_ns=16332953660677 source=injected
00:01:10.814 [INFO] [sway/card_shell_telemetry.c:323] K230_CARD_BENCH v=1 run=16301057462274 event=present frame_id=515 t_ns=16332955839000 presented=1 clock=monotonic
00:01:10.882 [INFO] [sway/card_shell_telemetry.c:266] K230_CARD_BENCH v=1 run=16301057462274 event=submit input_id=270 frame_id=516 t_ns=16333027973523 update_cpu_ns=40158678 final=1
00:01:10.886 [INFO] [sway/card_shell_telemetry.c:323] K230_CARD_BENCH v=1 run=16301057462274 event=present frame_id=516 t_ns=16333032478000 presented=1 clock=monotonic
00:01:10.943 [INFO] [sway/card_shell_telemetry.c:323] K230_CARD_BENCH v=1 run=16301057462274 event=present frame_id=517 t_ns=16333089958000 presented=1 clock=monotonic
00:01:11.001 [INFO] [sway/card_shell_telemetry.c:323] K230_CARD_BENCH v=1 run=16301057462274 event=present frame_id=518 t_ns=16333147438000 presented=1 clock=monotonic
00:01:11.058 [INFO] [sway/card_shell_telemetry.c:323] K230_CARD_BENCH v=1 run=16301057462274 event=present frame_id=519 t_ns=16333204919000 presented=1 clock=monotonic
00:01:11.116 [INFO] [sway/card_shell_telemetry.c:323] K230_CARD_BENCH v=1 run=16301057462274 event=present frame_id=520 t_ns=16333262399000 presented=1 clock=monotonic
00:01:11.415 [INFO] [sway/card_shell_telemetry.c:54] K230_CARD_BENCH v=1 run=16301057462274 event=resource phase=active t_ns=16333561702065 cpu_ns=9081010871 memory_bytes=54525952 scope=compositor
00:01:11.546 [INFO] [sway/card_shell.c:412] K230_CARD_SHELL filter-mode nearest=5868 bilinear=2196
00:01:11.844 [INFO] [sway/card_shell_telemetry.c:323] K230_CARD_BENCH v=1 run=16301057462274 event=present frame_id=521 t_ns=16333990494000 presented=1 clock=monotonic
00:01:11.882 [INFO] [sway/card_shell_telemetry.c:323] K230_CARD_BENCH v=1 run=16301057462274 event=present frame_id=522 t_ns=16334028809000 presented=1 clock=monotonic
00:01:11.922 [INFO] [sway/card_shell_telemetry.c:201] K230_CARD_BENCH v=1 run=16301057462274 event=input input_id=271 gesture_id=10 kind=motion t_ns=16334067945716 source=injected
00:01:11.922 [INFO] [sway/card_shell_telemetry.c:323] K230_CARD_BENCH v=1 run=16301057462274 event=present frame_id=523 t_ns=16334067137000 presented=1 clock=monotonic
00:01:11.957 [INFO] [sway/card_shell_telemetry.c:266] K230_CARD_BENCH v=1 run=16301057462274 event=submit input_id=271 frame_id=524 t_ns=16334099973640 update_cpu_ns=11108439 final=0
00:01:11.959 [INFO] [sway/card_shell_telemetry.c:323] K230_CARD_BENCH v=1 run=16301057462274 event=present frame_id=524 t_ns=16334105453000 presented=1 clock=monotonic
00:01:11.997 [INFO] [sway/card_shell_telemetry.c:323] K230_CARD_BENCH v=1 run=16301057462274 event=present frame_id=525 t_ns=16334143766000 presented=1 clock=monotonic
00:01:12.002 [INFO] [sway/card_shell_telemetry.c:201] K230_CARD_BENCH v=1 run=16301057462274 event=input input_id=272 gesture_id=10 kind=motion t_ns=16334147149797 source=injected
00:01:12.034 [INFO] [sway/card_shell_telemetry.c:266] K230_CARD_BENCH v=1 run=16301057462274 event=submit input_id=272 frame_id=526 t_ns=16334180855734 update_cpu_ns=12226434 final=0
00:01:12.039 [INFO] [sway/card_shell_telemetry.c:323] K230_CARD_BENCH v=1 run=16301057462274 event=present frame_id=526 t_ns=16334182087000 presented=1 clock=monotonic
00:01:12.083 [INFO] [sway/card_shell_telemetry.c:201] K230_CARD_BENCH v=1 run=16301057462274 event=input input_id=273 gesture_id=10 kind=motion t_ns=16334229323668 source=injected
00:01:12.093 [INFO] [sway/card_shell_telemetry.c:323] K230_CARD_BENCH v=1 run=16301057462274 event=present frame_id=527 t_ns=16334239568000 presented=1 clock=monotonic
00:01:12.134 [INFO] [sway/card_shell_telemetry.c:266] K230_CARD_BENCH v=1 run=16301057462274 event=submit input_id=273 frame_id=528 t_ns=16334280957122 update_cpu_ns=12815898 final=0
00:01:12.150 [INFO] [sway/card_shell_telemetry.c:323] K230_CARD_BENCH v=1 run=16301057462274 event=present frame_id=528 t_ns=16334297048000 presented=1 clock=monotonic
00:01:12.155 [INFO] [sway/card_shell_telemetry.c:201] K230_CARD_BENCH v=1 run=16301057462274 event=input input_id=274 gesture_id=10 kind=motion t_ns=16334300257375 source=injected
00:01:12.186 [INFO] [sway/card_shell_telemetry.c:266] K230_CARD_BENCH v=1 run=16301057462274 event=submit input_id=274 frame_id=529 t_ns=16334327407284 update_cpu_ns=12554738 final=0
00:01:12.191 [INFO] [sway/card_shell_telemetry.c:323] K230_CARD_BENCH v=1 run=16301057462274 event=present frame_id=529 t_ns=16334335372000 presented=1 clock=monotonic
00:01:12.238 [INFO] [sway/card_shell_telemetry.c:201] K230_CARD_BENCH v=1 run=16301057462274 event=input input_id=275 gesture_id=10 kind=motion t_ns=16334382623272 source=injected
00:01:12.246 [INFO] [sway/card_shell_telemetry.c:323] K230_CARD_BENCH v=1 run=16301057462274 event=present frame_id=530 t_ns=16334392849000 presented=1 clock=monotonic
00:01:12.286 [INFO] [sway/card_shell_telemetry.c:266] K230_CARD_BENCH v=1 run=16301057462274 event=submit input_id=275 frame_id=531 t_ns=16334432425165 update_cpu_ns=13368953 final=0
00:01:12.304 [INFO] [sway/card_shell_telemetry.c:323] K230_CARD_BENCH v=1 run=16301057462274 event=present frame_id=531 t_ns=16334450329000 presented=1 clock=monotonic
00:01:12.308 [INFO] [sway/card_shell_telemetry.c:201] K230_CARD_BENCH v=1 run=16301057462274 event=input input_id=276 gesture_id=10 kind=motion t_ns=16334453640381 source=injected
00:01:12.345 [INFO] [sway/card_shell_telemetry.c:266] K230_CARD_BENCH v=1 run=16301057462274 event=submit input_id=276 frame_id=532 t_ns=16334488414775 update_cpu_ns=13058662 final=0
00:01:12.349 [INFO] [sway/card_shell_telemetry.c:323] K230_CARD_BENCH v=1 run=16301057462274 event=present frame_id=532 t_ns=16334488645000 presented=1 clock=monotonic
00:01:12.391 [INFO] [sway/card_shell_telemetry.c:201] K230_CARD_BENCH v=1 run=16301057462274 event=input input_id=277 gesture_id=10 kind=motion t_ns=16334537522820 source=injected
00:01:12.399 [INFO] [sway/card_shell_telemetry.c:323] K230_CARD_BENCH v=1 run=16301057462274 event=present frame_id=533 t_ns=16334546129000 presented=1 clock=monotonic
00:01:12.446 [INFO] [sway/card_shell_telemetry.c:266] K230_CARD_BENCH v=1 run=16301057462274 event=submit input_id=277 frame_id=534 t_ns=16334592439232 update_cpu_ns=13077816 final=0
00:01:12.453 [INFO] [sway/card_shell_telemetry.c:54] K230_CARD_BENCH v=1 run=16301057462274 event=resource phase=active t_ns=16334593185041 cpu_ns=9273177964 memory_bytes=54525952 scope=compositor
00:01:12.457 [INFO] [sway/card_shell_telemetry.c:323] K230_CARD_BENCH v=1 run=16301057462274 event=present frame_id=534 t_ns=16334603609000 presented=1 clock=monotonic
00:01:12.468 [INFO] [sway/card_shell_telemetry.c:201] K230_CARD_BENCH v=1 run=16301057462274 event=input input_id=278 gesture_id=10 kind=motion t_ns=16334613401537 source=injected
00:01:12.482 [INFO] [sway/card_shell_telemetry.c:266] K230_CARD_BENCH v=1 run=16301057462274 event=submit input_id=278 frame_id=535 t_ns=16334628479738 update_cpu_ns=12937263 final=0
00:01:12.495 [INFO] [sway/card_shell_telemetry.c:323] K230_CARD_BENCH v=1 run=16301057462274 event=present frame_id=535 t_ns=16334641930000 presented=1 clock=monotonic
00:01:12.550 [INFO] [sway/card_shell_telemetry.c:201] K230_CARD_BENCH v=1 run=16301057462274 event=input input_id=279 gesture_id=10 kind=motion t_ns=16334695091177 source=injected
00:01:12.553 [INFO] [sway/card_shell_telemetry.c:323] K230_CARD_BENCH v=1 run=16301057462274 event=present frame_id=536 t_ns=16334699411000 presented=1 clock=monotonic
00:01:12.598 [INFO] [sway/card_shell_telemetry.c:266] K230_CARD_BENCH v=1 run=16301057462274 event=submit input_id=279 frame_id=537 t_ns=16334744554238 update_cpu_ns=13218733 final=0
00:01:12.610 [INFO] [sway/card_shell_telemetry.c:323] K230_CARD_BENCH v=1 run=16301057462274 event=present frame_id=537 t_ns=16334756890000 presented=1 clock=monotonic
00:01:12.619 [INFO] [sway/card_shell_telemetry.c:201] K230_CARD_BENCH v=1 run=16301057462274 event=input input_id=280 gesture_id=10 kind=motion t_ns=16334764359425 source=injected
00:01:12.649 [INFO] [sway/card_shell_telemetry.c:266] K230_CARD_BENCH v=1 run=16301057462274 event=submit input_id=280 frame_id=538 t_ns=16334796147250 update_cpu_ns=12854828 final=0
00:01:12.668 [INFO] [sway/card_shell_telemetry.c:323] K230_CARD_BENCH v=1 run=16301057462274 event=present frame_id=538 t_ns=16334814371000 presented=1 clock=monotonic
00:01:12.702 [INFO] [sway/card_shell_telemetry.c:201] K230_CARD_BENCH v=1 run=16301057462274 event=input input_id=281 gesture_id=10 kind=motion t_ns=16334847121632 source=injected
00:01:12.706 [INFO] [sway/card_shell_telemetry.c:323] K230_CARD_BENCH v=1 run=16301057462274 event=present frame_id=539 t_ns=16334852692000 presented=1 clock=monotonic
00:01:12.757 [INFO] [sway/card_shell_telemetry.c:266] K230_CARD_BENCH v=1 run=16301057462274 event=submit input_id=281 frame_id=540 t_ns=16334902551163 update_cpu_ns=13626590 final=0
00:01:12.763 [INFO] [sway/card_shell_telemetry.c:323] K230_CARD_BENCH v=1 run=16301057462274 event=present frame_id=540 t_ns=16334910171000 presented=1 clock=monotonic
00:01:12.788 [INFO] [sway/card_shell_telemetry.c:201] K230_CARD_BENCH v=1 run=16301057462274 event=input input_id=282 gesture_id=10 kind=motion t_ns=16334933875052 source=injected
00:01:12.802 [INFO] [sway/card_shell_telemetry.c:323] K230_CARD_BENCH v=1 run=16301057462274 event=present frame_id=541 t_ns=16334948491000 presented=1 clock=monotonic
00:01:12.843 [INFO] [sway/card_shell_telemetry.c:266] K230_CARD_BENCH v=1 run=16301057462274 event=submit input_id=282 frame_id=542 t_ns=16334989707708 update_cpu_ns=13409738 final=0
00:01:12.858 [INFO] [sway/card_shell_telemetry.c:201] K230_CARD_BENCH v=1 run=16301057462274 event=input input_id=283 gesture_id=10 kind=motion t_ns=16335004230682 source=injected
00:01:12.864 [INFO] [sway/card_shell_telemetry.c:323] K230_CARD_BENCH v=1 run=16301057462274 event=present frame_id=542 t_ns=16335005972000 presented=1 clock=monotonic
00:01:12.906 [INFO] [sway/card_shell_telemetry.c:266] K230_CARD_BENCH v=1 run=16301057462274 event=submit input_id=283 frame_id=543 t_ns=16335052592992 update_cpu_ns=13202601 final=0
00:01:12.917 [INFO] [sway/card_shell_telemetry.c:323] K230_CARD_BENCH v=1 run=16301057462274 event=present frame_id=543 t_ns=16335063452000 presented=1 clock=monotonic
00:01:12.928 [INFO] [sway/card_shell_telemetry.c:201] K230_CARD_BENCH v=1 run=16301057462274 event=input input_id=284 gesture_id=10 kind=motion t_ns=16335072999551 source=injected
00:01:12.943 [INFO] [sway/card_shell_telemetry.c:266] K230_CARD_BENCH v=1 run=16301057462274 event=submit input_id=284 frame_id=544 t_ns=16335089821984 update_cpu_ns=13482264 final=0
00:01:12.955 [INFO] [sway/card_shell_telemetry.c:323] K230_CARD_BENCH v=1 run=16301057462274 event=present frame_id=544 t_ns=16335101772000 presented=1 clock=monotonic
00:01:13.012 [INFO] [sway/card_shell_telemetry.c:201] K230_CARD_BENCH v=1 run=16301057462274 event=input input_id=285 gesture_id=10 kind=motion t_ns=16335156848510 source=injected
00:01:13.016 [INFO] [sway/card_shell_telemetry.c:323] K230_CARD_BENCH v=1 run=16301057462274 event=present frame_id=545 t_ns=16335159252000 presented=1 clock=monotonic
00:01:13.060 [INFO] [sway/card_shell_telemetry.c:266] K230_CARD_BENCH v=1 run=16301057462274 event=submit input_id=285 frame_id=546 t_ns=16335206545150 update_cpu_ns=13368962 final=0
00:01:13.070 [INFO] [sway/card_shell_telemetry.c:323] K230_CARD_BENCH v=1 run=16301057462274 event=present frame_id=546 t_ns=16335216733000 presented=1 clock=monotonic
00:01:13.081 [INFO] [sway/card_shell_telemetry.c:201] K230_CARD_BENCH v=1 run=16301057462274 event=input input_id=286 gesture_id=10 kind=motion t_ns=16335226357225 source=injected
00:01:13.095 [INFO] [sway/card_shell_telemetry.c:266] K230_CARD_BENCH v=1 run=16301057462274 event=submit input_id=286 frame_id=547 t_ns=16335241351282 update_cpu_ns=13308480 final=0
00:01:13.108 [INFO] [sway/card_shell_telemetry.c:323] K230_CARD_BENCH v=1 run=16301057462274 event=present frame_id=547 t_ns=16335255054000 presented=1 clock=monotonic
00:01:13.113 [INFO] [sway/card_shell.c:412] K230_CARD_SHELL filter-mode nearest=6216 bilinear=2244
00:01:13.166 [INFO] [sway/card_shell_telemetry.c:201] K230_CARD_BENCH v=1 run=16301057462274 event=input input_id=287 gesture_id=10 kind=motion t_ns=16335310510462 source=injected
00:01:13.166 [INFO] [sway/card_shell_telemetry.c:323] K230_CARD_BENCH v=1 run=16301057462274 event=present frame_id=548 t_ns=16335312535000 presented=1 clock=monotonic
00:01:13.211 [INFO] [sway/card_shell_telemetry.c:266] K230_CARD_BENCH v=1 run=16301057462274 event=submit input_id=287 frame_id=549 t_ns=16335357805426 update_cpu_ns=13933234 final=0
00:01:13.223 [INFO] [sway/card_shell_telemetry.c:323] K230_CARD_BENCH v=1 run=16301057462274 event=present frame_id=549 t_ns=16335370014000 presented=1 clock=monotonic
00:01:13.235 [INFO] [sway/card_shell_telemetry.c:201] K230_CARD_BENCH v=1 run=16301057462274 event=input input_id=288 gesture_id=10 kind=motion t_ns=16335380245126 source=injected
00:01:13.249 [INFO] [sway/card_shell_telemetry.c:266] K230_CARD_BENCH v=1 run=16301057462274 event=submit input_id=288 frame_id=550 t_ns=16335395650160 update_cpu_ns=13310481 final=0
00:01:13.262 [INFO] [sway/card_shell_telemetry.c:323] K230_CARD_BENCH v=1 run=16301057462274 event=present frame_id=550 t_ns=16335408335000 presented=1 clock=monotonic
00:01:13.318 [INFO] [sway/card_shell_telemetry.c:201] K230_CARD_BENCH v=1 run=16301057462274 event=input input_id=289 gesture_id=10 kind=motion t_ns=16335463367645 source=injected
00:01:13.323 [INFO] [sway/card_shell_telemetry.c:323] K230_CARD_BENCH v=1 run=16301057462274 event=present frame_id=551 t_ns=16335465816000 presented=1 clock=monotonic
00:01:13.368 [INFO] [sway/card_shell_telemetry.c:266] K230_CARD_BENCH v=1 run=16301057462274 event=submit input_id=289 frame_id=552 t_ns=16335514851775 update_cpu_ns=13426887 final=0
00:01:13.376 [INFO] [sway/card_shell_telemetry.c:323] K230_CARD_BENCH v=1 run=16301057462274 event=present frame_id=552 t_ns=16335523294000 presented=1 clock=monotonic
00:01:13.387 [INFO] [sway/card_shell_telemetry.c:201] K230_CARD_BENCH v=1 run=16301057462274 event=input input_id=290 gesture_id=10 kind=motion t_ns=16335533476362 source=injected
00:01:13.402 [INFO] [sway/card_shell_telemetry.c:266] K230_CARD_BENCH v=1 run=16301057462274 event=submit input_id=290 frame_id=553 t_ns=16335548704814 update_cpu_ns=13371849 final=0
00:01:13.415 [INFO] [sway/card_shell_telemetry.c:323] K230_CARD_BENCH v=1 run=16301057462274 event=present frame_id=553 t_ns=16335561616000 presented=1 clock=monotonic
00:01:13.476 [INFO] [sway/card_shell_telemetry.c:54] K230_CARD_BENCH v=1 run=16301057462274 event=resource phase=active t_ns=16335620969851 cpu_ns=9557822914 memory_bytes=54525952 scope=compositor
00:01:13.481 [INFO] [sway/card_shell_telemetry.c:201] K230_CARD_BENCH v=1 run=16301057462274 event=input input_id=291 gesture_id=10 kind=motion t_ns=16335626560082 source=injected
00:01:13.491 [INFO] [sway/card_shell_telemetry.c:323] K230_CARD_BENCH v=1 run=16301057462274 event=present frame_id=554 t_ns=16335638256000 presented=1 clock=monotonic
00:01:13.533 [INFO] [sway/card_shell_telemetry.c:266] K230_CARD_BENCH v=1 run=16301057462274 event=submit input_id=291 frame_id=555 t_ns=16335677622903 update_cpu_ns=14042444 final=0
00:01:13.549 [INFO] [sway/card_shell_telemetry.c:201] K230_CARD_BENCH v=1 run=16301057462274 event=input input_id=292 gesture_id=10 kind=motion t_ns=16335694359155 source=injected
00:01:13.549 [INFO] [sway/card_shell_telemetry.c:323] K230_CARD_BENCH v=1 run=16301057462274 event=present frame_id=555 t_ns=16335695736000 presented=1 clock=monotonic
00:01:13.589 [INFO] [sway/card_shell_telemetry.c:266] K230_CARD_BENCH v=1 run=16301057462274 event=submit input_id=292 frame_id=556 t_ns=16335729566264 update_cpu_ns=13516252 final=0
00:01:13.593 [INFO] [sway/card_shell_telemetry.c:323] K230_CARD_BENCH v=1 run=16301057462274 event=present frame_id=556 t_ns=16335734056000 presented=1 clock=monotonic
00:01:13.631 [INFO] [sway/card_shell_telemetry.c:201] K230_CARD_BENCH v=1 run=16301057462274 event=input input_id=293 gesture_id=10 kind=motion t_ns=16335776882265 source=injected
00:01:13.645 [INFO] [sway/card_shell_telemetry.c:323] K230_CARD_BENCH v=1 run=16301057462274 event=present frame_id=557 t_ns=16335791536000 presented=1 clock=monotonic
00:01:13.689 [INFO] [sway/card_shell_telemetry.c:266] K230_CARD_BENCH v=1 run=16301057462274 event=submit input_id=293 frame_id=558 t_ns=16335834972196 update_cpu_ns=13692525 final=0
00:01:13.704 [INFO] [sway/card_shell_telemetry.c:201] K230_CARD_BENCH v=1 run=16301057462274 event=input input_id=294 gesture_id=10 kind=motion t_ns=16335849752118 source=injected
00:01:13.704 [INFO] [sway/card_shell_telemetry.c:323] K230_CARD_BENCH v=1 run=16301057462274 event=present frame_id=558 t_ns=16335849018000 presented=1 clock=monotonic
00:01:13.741 [INFO] [sway/card_shell_telemetry.c:266] K230_CARD_BENCH v=1 run=16301057462274 event=submit input_id=294 frame_id=559 t_ns=16335886145825 update_cpu_ns=13320603 final=0
00:01:13.743 [INFO] [sway/card_shell_telemetry.c:323] K230_CARD_BENCH v=1 run=16301057462274 event=present frame_id=559 t_ns=16335887337000 presented=1 clock=monotonic
00:01:13.789 [INFO] [sway/card_shell_telemetry.c:201] K230_CARD_BENCH v=1 run=16301057462274 event=input input_id=295 gesture_id=10 kind=motion t_ns=16335934400104 source=injected
00:01:13.798 [INFO] [sway/card_shell_telemetry.c:323] K230_CARD_BENCH v=1 run=16301057462274 event=present frame_id=560 t_ns=16335944818000 presented=1 clock=monotonic
00:01:13.843 [INFO] [sway/card_shell_telemetry.c:266] K230_CARD_BENCH v=1 run=16301057462274 event=submit input_id=295 frame_id=561 t_ns=16335990141024 update_cpu_ns=13557064 final=0
00:01:13.855 [INFO] [sway/card_shell_telemetry.c:323] K230_CARD_BENCH v=1 run=16301057462274 event=present frame_id=561 t_ns=16336002297000 presented=1 clock=monotonic
00:01:13.860 [INFO] [sway/card_shell_telemetry.c:201] K230_CARD_BENCH v=1 run=16301057462274 event=input input_id=296 gesture_id=10 kind=motion t_ns=16336005076233 source=injected
00:01:13.909 [INFO] [sway/card_shell_telemetry.c:266] K230_CARD_BENCH v=1 run=16301057462274 event=submit input_id=296 frame_id=562 t_ns=16336056229011 update_cpu_ns=13374555 final=0
00:01:13.913 [INFO] [sway/card_shell_telemetry.c:323] K230_CARD_BENCH v=1 run=16301057462274 event=present frame_id=562 t_ns=16336059778000 presented=1 clock=monotonic
00:01:13.942 [INFO] [sway/card_shell_telemetry.c:201] K230_CARD_BENCH v=1 run=16301057462274 event=input input_id=297 gesture_id=10 kind=motion t_ns=16336087246437 source=injected
00:01:13.951 [INFO] [sway/card_shell_telemetry.c:323] K230_CARD_BENCH v=1 run=16301057462274 event=present frame_id=563 t_ns=16336098100000 presented=1 clock=monotonic
00:01:13.997 [INFO] [sway/card_shell_telemetry.c:266] K230_CARD_BENCH v=1 run=16301057462274 event=submit input_id=297 frame_id=564 t_ns=16336138400844 update_cpu_ns=13384413 final=0
00:01:14.009 [INFO] [sway/card_shell_telemetry.c:323] K230_CARD_BENCH v=1 run=16301057462274 event=present frame_id=564 t_ns=16336155580000 presented=1 clock=monotonic
00:01:14.012 [INFO] [sway/card_shell_telemetry.c:201] K230_CARD_BENCH v=1 run=16301057462274 event=input input_id=298 gesture_id=10 kind=motion t_ns=16336157079836 source=injected
00:01:14.051 [INFO] [sway/card_shell_telemetry.c:266] K230_CARD_BENCH v=1 run=16301057462274 event=submit input_id=298 frame_id=565 t_ns=16336193908073 update_cpu_ns=12876924 final=0
00:01:14.066 [INFO] [sway/card_shell_telemetry.c:323] K230_CARD_BENCH v=1 run=16301057462274 event=present frame_id=565 t_ns=16336213060000 presented=1 clock=monotonic
00:01:14.094 [INFO] [sway/card_shell_telemetry.c:201] K230_CARD_BENCH v=1 run=16301057462274 event=input input_id=299 gesture_id=10 kind=motion t_ns=16336239129194 source=injected
00:01:14.105 [INFO] [sway/card_shell_telemetry.c:323] K230_CARD_BENCH v=1 run=16301057462274 event=present frame_id=566 t_ns=16336251380000 presented=1 clock=monotonic
00:01:14.151 [INFO] [sway/card_shell_telemetry.c:266] K230_CARD_BENCH v=1 run=16301057462274 event=submit input_id=299 frame_id=567 t_ns=16336297760798 update_cpu_ns=12952807 final=0
00:01:14.164 [INFO] [sway/card_shell_telemetry.c:323] K230_CARD_BENCH v=1 run=16301057462274 event=present frame_id=567 t_ns=16336308861000 presented=1 clock=monotonic
00:01:14.171 [INFO] [sway/card_shell_telemetry.c:201] K230_CARD_BENCH v=1 run=16301057462274 event=input input_id=300 gesture_id=10 kind=release t_ns=16336314389760 source=injected
00:01:14.238 [INFO] [sway/card_shell_telemetry.c:266] K230_CARD_BENCH v=1 run=16301057462274 event=submit input_id=300 frame_id=568 t_ns=16336384218197 update_cpu_ns=39117698 final=1
00:01:14.241 [INFO] [sway/card_shell_telemetry.c:323] K230_CARD_BENCH v=1 run=16301057462274 event=present frame_id=568 t_ns=16336385499000 presented=1 clock=monotonic
00:01:14.296 [INFO] [sway/card_shell_telemetry.c:323] K230_CARD_BENCH v=1 run=16301057462274 event=present frame_id=569 t_ns=16336442979000 presented=1 clock=monotonic
00:01:14.354 [INFO] [sway/card_shell_telemetry.c:323] K230_CARD_BENCH v=1 run=16301057462274 event=present frame_id=570 t_ns=16336500460000 presented=1 clock=monotonic
00:01:14.411 [INFO] [sway/card_shell_telemetry.c:323] K230_CARD_BENCH v=1 run=16301057462274 event=present frame_id=571 t_ns=16336557940000 presented=1 clock=monotonic
00:01:14.469 [INFO] [sway/card_shell_telemetry.c:323] K230_CARD_BENCH v=1 run=16301057462274 event=present frame_id=572 t_ns=16336615420000 presented=1 clock=monotonic
00:01:14.477 [INFO] [sway/card_shell_telemetry.c:54] K230_CARD_BENCH v=1 run=16301057462274 event=resource phase=active t_ns=16336623909608 cpu_ns=9934503399 memory_bytes=54525952 scope=compositor
00:01:14.706 [INFO] [sway/card_shell.c:412] K230_CARD_SHELL filter-mode nearest=6483 bilinear=2373
00:01:15.197 [INFO] [sway/card_shell_telemetry.c:323] K230_CARD_BENCH v=1 run=16301057462274 event=present frame_id=573 t_ns=16337343507000 presented=1 clock=monotonic
00:01:15.235 [INFO] [sway/card_shell_telemetry.c:323] K230_CARD_BENCH v=1 run=16301057462274 event=present frame_id=574 t_ns=16337381827000 presented=1 clock=monotonic
00:01:15.283 [INFO] [sway/card_shell_telemetry.c:201] K230_CARD_BENCH v=1 run=16301057462274 event=input input_id=301 gesture_id=11 kind=motion t_ns=16337429665966 source=injected
00:01:15.293 [INFO] [sway/card_shell_telemetry.c:323] K230_CARD_BENCH v=1 run=16301057462274 event=present frame_id=575 t_ns=16337439309000 presented=1 clock=monotonic
00:01:15.343 [INFO] [sway/card_shell_telemetry.c:266] K230_CARD_BENCH v=1 run=16301057462274 event=submit input_id=301 frame_id=576 t_ns=16337489552607 update_cpu_ns=13353074 final=0
00:01:15.350 [INFO] [sway/card_shell_telemetry.c:323] K230_CARD_BENCH v=1 run=16301057462274 event=present frame_id=576 t_ns=16337496791000 presented=1 clock=monotonic
00:01:15.356 [INFO] [sway/card_shell_telemetry.c:201] K230_CARD_BENCH v=1 run=16301057462274 event=input input_id=302 gesture_id=11 kind=motion t_ns=16337501621574 source=injected
00:01:15.393 [INFO] [sway/card_shell_telemetry.c:266] K230_CARD_BENCH v=1 run=16301057462274 event=submit input_id=302 frame_id=577 t_ns=16337535912773 update_cpu_ns=13178590 final=0
00:01:15.407 [INFO] [sway/card_shell_telemetry.c:323] K230_CARD_BENCH v=1 run=16301057462274 event=present frame_id=577 t_ns=16337554269000 presented=1 clock=monotonic
00:01:15.438 [INFO] [sway/card_shell_telemetry.c:201] K230_CARD_BENCH v=1 run=16301057462274 event=input input_id=303 gesture_id=11 kind=motion t_ns=16337583509274 source=injected
00:01:15.446 [INFO] [sway/card_shell_telemetry.c:323] K230_CARD_BENCH v=1 run=16301057462274 event=present frame_id=578 t_ns=16337592588000 presented=1 clock=monotonic
00:01:15.498 [INFO] [sway/card_shell_telemetry.c:266] K230_CARD_BENCH v=1 run=16301057462274 event=submit input_id=303 frame_id=579 t_ns=16337644376155 update_cpu_ns=12995481 final=0
00:01:15.503 [INFO] [sway/card_shell_telemetry.c:54] K230_CARD_BENCH v=1 run=16301057462274 event=resource phase=active t_ns=16337645083077 cpu_ns=10044637944 memory_bytes=54525952 scope=compositor
00:01:15.503 [INFO] [sway/card_shell_telemetry.c:323] K230_CARD_BENCH v=1 run=16301057462274 event=present frame_id=579 t_ns=16337650068000 presented=1 clock=monotonic
00:01:15.514 [INFO] [sway/card_shell_telemetry.c:201] K230_CARD_BENCH v=1 run=16301057462274 event=input input_id=304 gesture_id=11 kind=motion t_ns=16337659985621 source=injected
00:01:15.528 [INFO] [sway/card_shell_telemetry.c:266] K230_CARD_BENCH v=1 run=16301057462274 event=submit input_id=304 frame_id=580 t_ns=16337674806207 update_cpu_ns=12737870 final=0
00:01:15.542 [INFO] [sway/card_shell_telemetry.c:323] K230_CARD_BENCH v=1 run=16301057462274 event=present frame_id=580 t_ns=16337688390000 presented=1 clock=monotonic
00:01:15.600 [INFO] [sway/card_shell_telemetry.c:201] K230_CARD_BENCH v=1 run=16301057462274 event=input input_id=305 gesture_id=11 kind=motion t_ns=16337745238238 source=injected
00:01:15.600 [INFO] [sway/card_shell_telemetry.c:323] K230_CARD_BENCH v=1 run=16301057462274 event=present frame_id=581 t_ns=16337745871000 presented=1 clock=monotonic
00:01:15.635 [INFO] [sway/card_shell_telemetry.c:266] K230_CARD_BENCH v=1 run=16301057462274 event=submit input_id=305 frame_id=582 t_ns=16337778467349 update_cpu_ns=12841145 final=0
00:01:15.638 [INFO] [sway/card_shell_telemetry.c:323] K230_CARD_BENCH v=1 run=16301057462274 event=present frame_id=582 t_ns=16337784189000 presented=1 clock=monotonic
00:01:15.682 [INFO] [sway/card_shell_telemetry.c:201] K230_CARD_BENCH v=1 run=16301057462274 event=input input_id=306 gesture_id=11 kind=motion t_ns=16337826928134 source=injected
00:01:15.695 [INFO] [sway/card_shell_telemetry.c:323] K230_CARD_BENCH v=1 run=16301057462274 event=present frame_id=583 t_ns=16337841669000 presented=1 clock=monotonic
00:01:15.743 [INFO] [sway/card_shell_telemetry.c:266] K230_CARD_BENCH v=1 run=16301057462274 event=submit input_id=306 frame_id=584 t_ns=16337889570134 update_cpu_ns=13198329 final=0
00:01:15.752 [INFO] [sway/card_shell_telemetry.c:323] K230_CARD_BENCH v=1 run=16301057462274 event=present frame_id=584 t_ns=16337899151000 presented=1 clock=monotonic
00:01:15.756 [INFO] [sway/card_shell_telemetry.c:201] K230_CARD_BENCH v=1 run=16301057462274 event=input input_id=307 gesture_id=11 kind=motion t_ns=16337902043153 source=injected
00:01:15.791 [INFO] [sway/card_shell_telemetry.c:266] K230_CARD_BENCH v=1 run=16301057462274 event=submit input_id=307 frame_id=585 t_ns=16337937614832 update_cpu_ns=12770114 final=0
00:01:15.810 [INFO] [sway/card_shell_telemetry.c:323] K230_CARD_BENCH v=1 run=16301057462274 event=present frame_id=585 t_ns=16337956631000 presented=1 clock=monotonic
00:01:15.839 [INFO] [sway/card_shell_telemetry.c:201] K230_CARD_BENCH v=1 run=16301057462274 event=input input_id=308 gesture_id=11 kind=motion t_ns=16337983976961 source=injected
00:01:15.848 [INFO] [sway/card_shell_telemetry.c:323] K230_CARD_BENCH v=1 run=16301057462274 event=present frame_id=586 t_ns=16337994951000 presented=1 clock=monotonic
00:01:15.895 [INFO] [sway/card_shell_telemetry.c:266] K230_CARD_BENCH v=1 run=16301057462274 event=submit input_id=308 frame_id=587 t_ns=16338041338156 update_cpu_ns=13057622 final=0
00:01:15.907 [INFO] [sway/card_shell_telemetry.c:201] K230_CARD_BENCH v=1 run=16301057462274 event=input input_id=309 gesture_id=11 kind=motion t_ns=16338052724793 source=injected
00:01:15.908 [INFO] [sway/card_shell_telemetry.c:323] K230_CARD_BENCH v=1 run=16301057462274 event=present frame_id=587 t_ns=16338052431000 presented=1 clock=monotonic
00:01:15.944 [INFO] [sway/card_shell_telemetry.c:266] K230_CARD_BENCH v=1 run=16301057462274 event=submit input_id=309 frame_id=588 t_ns=16338090491271 update_cpu_ns=13030844 final=0
00:01:15.948 [INFO] [sway/card_shell_telemetry.c:323] K230_CARD_BENCH v=1 run=16301057462274 event=present frame_id=588 t_ns=16338090749000 presented=1 clock=monotonic
00:01:15.990 [INFO] [sway/card_shell_telemetry.c:201] K230_CARD_BENCH v=1 run=16301057462274 event=input input_id=310 gesture_id=11 kind=motion t_ns=16338134904327 source=injected
00:01:16.002 [INFO] [sway/card_shell_telemetry.c:323] K230_CARD_BENCH v=1 run=16301057462274 event=present frame_id=589 t_ns=16338148232000 presented=1 clock=monotonic
00:01:16.046 [INFO] [sway/card_shell_telemetry.c:266] K230_CARD_BENCH v=1 run=16301057462274 event=submit input_id=310 frame_id=590 t_ns=16338193138583 update_cpu_ns=13255965 final=0
00:01:16.059 [INFO] [sway/card_shell_telemetry.c:323] K230_CARD_BENCH v=1 run=16301057462274 event=present frame_id=590 t_ns=16338205727000 presented=1 clock=monotonic
00:01:16.063 [INFO] [sway/card_shell_telemetry.c:201] K230_CARD_BENCH v=1 run=16301057462274 event=input input_id=311 gesture_id=11 kind=motion t_ns=16338208371107 source=injected
00:01:16.066 [INFO] [sway/card_shell.c:412] K230_CARD_SHELL filter-mode nearest=6726 bilinear=2457
00:01:16.110 [INFO] [sway/card_shell_telemetry.c:266] K230_CARD_BENCH v=1 run=16301057462274 event=submit input_id=311 frame_id=591 t_ns=16338256600090 update_cpu_ns=13118076 final=0
00:01:16.116 [INFO] [sway/card_shell_telemetry.c:323] K230_CARD_BENCH v=1 run=16301057462274 event=present frame_id=591 t_ns=16338263193000 presented=1 clock=monotonic
00:01:16.143 [INFO] [sway/card_shell_telemetry.c:201] K230_CARD_BENCH v=1 run=16301057462274 event=input input_id=312 gesture_id=11 kind=motion t_ns=16338289258864 source=injected
00:01:16.155 [INFO] [sway/card_shell_telemetry.c:323] K230_CARD_BENCH v=1 run=16301057462274 event=present frame_id=592 t_ns=16338301512000 presented=1 clock=monotonic
00:01:16.199 [INFO] [sway/card_shell_telemetry.c:266] K230_CARD_BENCH v=1 run=16301057462274 event=submit input_id=312 frame_id=593 t_ns=16338345901730 update_cpu_ns=13122431 final=0
00:01:16.212 [INFO] [sway/card_shell_telemetry.c:201] K230_CARD_BENCH v=1 run=16301057462274 event=input input_id=313 gesture_id=11 kind=motion t_ns=16338356966015 source=injected
00:01:16.217 [INFO] [sway/card_shell_telemetry.c:323] K230_CARD_BENCH v=1 run=16301057462274 event=present frame_id=593 t_ns=16338358994000 presented=1 clock=monotonic
00:01:16.266 [INFO] [sway/card_shell_telemetry.c:266] K230_CARD_BENCH v=1 run=16301057462274 event=submit input_id=313 frame_id=594 t_ns=16338412302438 update_cpu_ns=13469360 final=0
00:01:16.270 [INFO] [sway/card_shell_telemetry.c:323] K230_CARD_BENCH v=1 run=16301057462274 event=present frame_id=594 t_ns=16338416474000 presented=1 clock=monotonic
00:01:16.281 [INFO] [sway/card_shell_telemetry.c:201] K230_CARD_BENCH v=1 run=16301057462274 event=input input_id=314 gesture_id=11 kind=motion t_ns=16338426331218 source=injected
00:01:16.295 [INFO] [sway/card_shell_telemetry.c:266] K230_CARD_BENCH v=1 run=16301057462274 event=submit input_id=314 frame_id=595 t_ns=16338442060047 update_cpu_ns=12805561 final=0
00:01:16.308 [INFO] [sway/card_shell_telemetry.c:323] K230_CARD_BENCH v=1 run=16301057462274 event=present frame_id=595 t_ns=16338454794000 presented=1 clock=monotonic
00:01:16.366 [INFO] [sway/card_shell_telemetry.c:201] K230_CARD_BENCH v=1 run=16301057462274 event=input input_id=315 gesture_id=11 kind=motion t_ns=16338511714826 source=injected
00:01:16.367 [INFO] [sway/card_shell_telemetry.c:323] K230_CARD_BENCH v=1 run=16301057462274 event=present frame_id=596 t_ns=16338512274000 presented=1 clock=monotonic
00:01:16.402 [INFO] [sway/card_shell_telemetry.c:266] K230_CARD_BENCH v=1 run=16301057462274 event=submit input_id=315 frame_id=597 t_ns=16338545587863 update_cpu_ns=13369546 final=0
00:01:16.405 [INFO] [sway/card_shell_telemetry.c:323] K230_CARD_BENCH v=1 run=16301057462274 event=present frame_id=597 t_ns=16338550595000 presented=1 clock=monotonic
00:01:16.450 [INFO] [sway/card_shell_telemetry.c:201] K230_CARD_BENCH v=1 run=16301057462274 event=input input_id=316 gesture_id=11 kind=motion t_ns=16338594850601 source=injected
00:01:16.462 [INFO] [sway/card_shell_telemetry.c:323] K230_CARD_BENCH v=1 run=16301057462274 event=present frame_id=598 t_ns=16338608077000 presented=1 clock=monotonic
00:01:16.510 [INFO] [sway/card_shell_telemetry.c:266] K230_CARD_BENCH v=1 run=16301057462274 event=submit input_id=316 frame_id=599 t_ns=16338656443957 update_cpu_ns=13518736 final=0
00:01:16.510 [INFO] [sway/card_shell_telemetry.c:54] K230_CARD_BENCH v=1 run=16301057462274 event=resource phase=active t_ns=16338657189655 cpu_ns=10323935442 memory_bytes=54525952 scope=compositor
00:01:16.519 [INFO] [sway/card_shell_telemetry.c:323] K230_CARD_BENCH v=1 run=16301057462274 event=present frame_id=599 t_ns=16338665557000 presented=1 clock=monotonic
00:01:16.530 [INFO] [sway/card_shell_telemetry.c:201] K230_CARD_BENCH v=1 run=16301057462274 event=input input_id=317 gesture_id=11 kind=motion t_ns=16338675338825 source=injected
00:01:16.544 [INFO] [sway/card_shell_telemetry.c:266] K230_CARD_BENCH v=1 run=16301057462274 event=submit input_id=317 frame_id=600 t_ns=16338690271553 update_cpu_ns=13466925 final=0
00:01:16.557 [INFO] [sway/card_shell_telemetry.c:323] K230_CARD_BENCH v=1 run=16301057462274 event=present frame_id=600 t_ns=16338703875000 presented=1 clock=monotonic
00:01:16.616 [INFO] [sway/card_shell_telemetry.c:201] K230_CARD_BENCH v=1 run=16301057462274 event=input input_id=318 gesture_id=11 kind=motion t_ns=16338761137780 source=injected
00:01:16.616 [INFO] [sway/card_shell_telemetry.c:323] K230_CARD_BENCH v=1 run=16301057462274 event=present frame_id=601 t_ns=16338761358000 presented=1 clock=monotonic
00:01:16.653 [INFO] [sway/card_shell_telemetry.c:266] K230_CARD_BENCH v=1 run=16301057462274 event=submit input_id=318 frame_id=602 t_ns=16338795816955 update_cpu_ns=13504326 final=0
00:01:16.655 [INFO] [sway/card_shell_telemetry.c:323] K230_CARD_BENCH v=1 run=16301057462274 event=present frame_id=602 t_ns=16338799676000 presented=1 clock=monotonic
00:01:16.700 [INFO] [sway/card_shell_telemetry.c:201] K230_CARD_BENCH v=1 run=16301057462274 event=input input_id=319 gesture_id=11 kind=motion t_ns=16338845921237 source=injected
00:01:16.710 [INFO] [sway/card_shell_telemetry.c:323] K230_CARD_BENCH v=1 run=16301057462274 event=present frame_id=603 t_ns=16338857157000 presented=1 clock=monotonic
00:01:16.753 [INFO] [sway/card_shell_telemetry.c:266] K230_CARD_BENCH v=1 run=16301057462274 event=submit input_id=319 frame_id=604 t_ns=16338896804140 update_cpu_ns=13216770 final=0
00:01:16.768 [INFO] [sway/card_shell_telemetry.c:201] K230_CARD_BENCH v=1 run=16301057462274 event=input input_id=320 gesture_id=11 kind=motion t_ns=16338912788436 source=injected
00:01:16.768 [INFO] [sway/card_shell_telemetry.c:323] K230_CARD_BENCH v=1 run=16301057462274 event=present frame_id=604 t_ns=16338914637000 presented=1 clock=monotonic
00:01:16.809 [INFO] [sway/card_shell_telemetry.c:266] K230_CARD_BENCH v=1 run=16301057462274 event=submit input_id=320 frame_id=605 t_ns=16338954180001 update_cpu_ns=13125815 final=0
00:01:16.825 [INFO] [sway/card_shell_telemetry.c:323] K230_CARD_BENCH v=1 run=16301057462274 event=present frame_id=605 t_ns=16338972117000 presented=1 clock=monotonic
00:01:16.852 [INFO] [sway/card_shell_telemetry.c:201] K230_CARD_BENCH v=1 run=16301057462274 event=input input_id=321 gesture_id=11 kind=motion t_ns=16338997312353 source=injected
00:01:16.864 [INFO] [sway/card_shell_telemetry.c:323] K230_CARD_BENCH v=1 run=16301057462274 event=present frame_id=606 t_ns=16339010437000 presented=1 clock=monotonic
00:01:16.909 [INFO] [sway/card_shell_telemetry.c:266] K230_CARD_BENCH v=1 run=16301057462274 event=submit input_id=321 frame_id=607 t_ns=16339053680420 update_cpu_ns=13669857 final=0
00:01:16.921 [INFO] [sway/card_shell_telemetry.c:323] K230_CARD_BENCH v=1 run=16301057462274 event=present frame_id=607 t_ns=16339067918000 presented=1 clock=monotonic
00:01:16.926 [INFO] [sway/card_shell_telemetry.c:201] K230_CARD_BENCH v=1 run=16301057462274 event=input input_id=322 gesture_id=11 kind=motion t_ns=16339071221737 source=injected
00:01:16.967 [INFO] [sway/card_shell_telemetry.c:266] K230_CARD_BENCH v=1 run=16301057462274 event=submit input_id=322 frame_id=608 t_ns=16339110242402 update_cpu_ns=13447252 final=0
00:01:16.979 [INFO] [sway/card_shell_telemetry.c:323] K230_CARD_BENCH v=1 run=16301057462274 event=present frame_id=608 t_ns=16339125398000 presented=1 clock=monotonic
00:01:17.008 [INFO] [sway/card_shell_telemetry.c:201] K230_CARD_BENCH v=1 run=16301057462274 event=input input_id=323 gesture_id=11 kind=motion t_ns=16339153660219 source=injected
00:01:17.017 [INFO] [sway/card_shell_telemetry.c:323] K230_CARD_BENCH v=1 run=16301057462274 event=present frame_id=609 t_ns=16339163722000 presented=1 clock=monotonic
00:01:17.063 [INFO] [sway/card_shell_telemetry.c:266] K230_CARD_BENCH v=1 run=16301057462274 event=submit input_id=323 frame_id=610 t_ns=16339209367990 update_cpu_ns=13473254 final=0
00:01:17.074 [INFO] [sway/card_shell_telemetry.c:323] K230_CARD_BENCH v=1 run=16301057462274 event=present frame_id=610 t_ns=16339221200000 presented=1 clock=monotonic
00:01:17.081 [INFO] [sway/card_shell_telemetry.c:201] K230_CARD_BENCH v=1 run=16301057462274 event=input input_id=324 gesture_id=11 kind=motion t_ns=16339226119612 source=injected
00:01:17.114 [INFO] [sway/card_shell_telemetry.c:266] K230_CARD_BENCH v=1 run=16301057462274 event=submit input_id=324 frame_id=611 t_ns=16339261122213 update_cpu_ns=13461340 final=0
00:01:17.134 [INFO] [sway/card_shell_telemetry.c:323] K230_CARD_BENCH v=1 run=16301057462274 event=present frame_id=611 t_ns=16339278680000 presented=1 clock=monotonic
00:01:17.167 [INFO] [sway/card_shell_telemetry.c:201] K230_CARD_BENCH v=1 run=16301057462274 event=input input_id=325 gesture_id=11 kind=motion t_ns=16339311907269 source=injected
00:01:17.173 [INFO] [sway/card_shell_telemetry.c:323] K230_CARD_BENCH v=1 run=16301057462274 event=present frame_id=612 t_ns=16339316999000 presented=1 clock=monotonic
00:01:17.213 [INFO] [sway/card_shell_telemetry.c:266] K230_CARD_BENCH v=1 run=16301057462274 event=submit input_id=325 frame_id=613 t_ns=16339360228765 update_cpu_ns=13181888 final=0
00:01:17.228 [INFO] [sway/card_shell_telemetry.c:323] K230_CARD_BENCH v=1 run=16301057462274 event=present frame_id=613 t_ns=16339374481000 presented=1 clock=monotonic
00:01:17.236 [INFO] [sway/card_shell_telemetry.c:201] K230_CARD_BENCH v=1 run=16301057462274 event=input input_id=326 gesture_id=11 kind=motion t_ns=16339381022042 source=injected
00:01:17.268 [INFO] [sway/card_shell_telemetry.c:266] K230_CARD_BENCH v=1 run=16301057462274 event=submit input_id=326 frame_id=614 t_ns=16339413215509 update_cpu_ns=13228171 final=0
00:01:17.290 [INFO] [sway/card_shell_telemetry.c:323] K230_CARD_BENCH v=1 run=16301057462274 event=present frame_id=614 t_ns=16339431961000 presented=1 clock=monotonic
00:01:17.320 [INFO] [sway/card_shell_telemetry.c:201] K230_CARD_BENCH v=1 run=16301057462274 event=input input_id=327 gesture_id=11 kind=motion t_ns=16339465778203 source=injected
00:01:17.325 [INFO] [sway/card_shell_telemetry.c:323] K230_CARD_BENCH v=1 run=16301057462274 event=present frame_id=615 t_ns=16339470281000 presented=1 clock=monotonic
00:01:17.368 [INFO] [sway/card_shell_telemetry.c:266] K230_CARD_BENCH v=1 run=16301057462274 event=submit input_id=327 frame_id=616 t_ns=16339514631113 update_cpu_ns=13222415 final=0
00:01:17.381 [INFO] [sway/card_shell_telemetry.c:323] K230_CARD_BENCH v=1 run=16301057462274 event=present frame_id=616 t_ns=16339527761000 presented=1 clock=monotonic
00:01:17.389 [INFO] [sway/card_shell_telemetry.c:201] K230_CARD_BENCH v=1 run=16301057462274 event=input input_id=328 gesture_id=11 kind=motion t_ns=16339534571142 source=injected
00:01:17.422 [INFO] [sway/card_shell_telemetry.c:266] K230_CARD_BENCH v=1 run=16301057462274 event=submit input_id=328 frame_id=617 t_ns=16339568854452 update_cpu_ns=13578443 final=0
00:01:17.442 [INFO] [sway/card_shell_telemetry.c:323] K230_CARD_BENCH v=1 run=16301057462274 event=present frame_id=617 t_ns=16339585241000 presented=1 clock=monotonic
00:01:17.475 [INFO] [sway/card_shell_telemetry.c:201] K230_CARD_BENCH v=1 run=16301057462274 event=input input_id=329 gesture_id=11 kind=motion t_ns=16339619838830 source=injected
00:01:17.477 [INFO] [sway/card_shell_telemetry.c:323] K230_CARD_BENCH v=1 run=16301057462274 event=present frame_id=618 t_ns=16339623561000 presented=1 clock=monotonic
00:01:17.526 [INFO] [sway/card_shell_telemetry.c:266] K230_CARD_BENCH v=1 run=16301057462274 event=submit input_id=329 frame_id=619 t_ns=16339672511592 update_cpu_ns=12612035 final=0
00:01:17.534 [INFO] [sway/card_shell_telemetry.c:54] K230_CARD_BENCH v=1 run=16301057462274 event=resource phase=active t_ns=16339680590976 cpu_ns=10610039920 memory_bytes=54525952 scope=compositor
00:01:17.534 [INFO] [sway/card_shell_telemetry.c:323] K230_CARD_BENCH v=1 run=16301057462274 event=present frame_id=619 t_ns=16339681041000 presented=1 clock=monotonic
00:01:17.563 [INFO] [sway/card_shell_telemetry.c:201] K230_CARD_BENCH v=1 run=16301057462274 event=input input_id=330 gesture_id=11 kind=release t_ns=16339705846031 source=injected
00:01:17.573 [INFO] [sway/card_shell_telemetry.c:323] K230_CARD_BENCH v=1 run=16301057462274 event=present frame_id=620 t_ns=16339719362000 presented=1 clock=monotonic
00:01:17.634 [INFO] [sway/card_shell_telemetry.c:266] K230_CARD_BENCH v=1 run=16301057462274 event=submit input_id=330 frame_id=621 t_ns=16339780251644 update_cpu_ns=39892743 final=1
00:01:17.649 [INFO] [sway/card_shell_telemetry.c:323] K230_CARD_BENCH v=1 run=16301057462274 event=present frame_id=621 t_ns=16339796001000 presented=1 clock=monotonic
00:01:17.707 [INFO] [sway/card_shell_telemetry.c:323] K230_CARD_BENCH v=1 run=16301057462274 event=present frame_id=622 t_ns=16339853481000 presented=1 clock=monotonic
00:01:17.764 [INFO] [sway/card_shell_telemetry.c:323] K230_CARD_BENCH v=1 run=16301057462274 event=present frame_id=623 t_ns=16339910962000 presented=1 clock=monotonic
00:01:17.813 [INFO] [sway/card_shell.c:412] K230_CARD_SHELL filter-mode nearest=7113 bilinear=2532
00:01:17.822 [INFO] [sway/card_shell_telemetry.c:323] K230_CARD_BENCH v=1 run=16301057462274 event=present frame_id=624 t_ns=16339968442000 presented=1 clock=monotonic
00:01:17.879 [INFO] [sway/card_shell_telemetry.c:323] K230_CARD_BENCH v=1 run=16301057462274 event=present frame_id=625 t_ns=16340025922000 presented=1 clock=monotonic
00:01:18.542 [INFO] [sway/card_shell_telemetry.c:54] K230_CARD_BENCH v=1 run=16301057462274 event=resource phase=active t_ns=16340688522295 cpu_ns=10826254967 memory_bytes=54525952 scope=compositor
00:01:18.588 [INFO] [sway/card_shell_telemetry.c:323] K230_CARD_BENCH v=1 run=16301057462274 event=present frame_id=626 t_ns=16340734849000 presented=1 clock=monotonic
00:01:18.629 [INFO] [sway/card_shell_telemetry.c:323] K230_CARD_BENCH v=1 run=16301057462274 event=present frame_id=627 t_ns=16340773167000 presented=1 clock=monotonic
00:01:18.665 [INFO] [sway/card_shell_telemetry.c:323] K230_CARD_BENCH v=1 run=16301057462274 event=present frame_id=628 t_ns=16340811488000 presented=1 clock=monotonic
00:01:18.671 [INFO] [sway/card_shell_telemetry.c:201] K230_CARD_BENCH v=1 run=16301057462274 event=input input_id=331 gesture_id=12 kind=motion t_ns=16340818051824 source=injected
00:01:18.702 [INFO] [sway/card_shell_telemetry.c:266] K230_CARD_BENCH v=1 run=16301057462274 event=submit input_id=331 frame_id=629 t_ns=16340843302138 update_cpu_ns=11168156 final=0
00:01:18.706 [INFO] [sway/card_shell_telemetry.c:323] K230_CARD_BENCH v=1 run=16301057462274 event=present frame_id=629 t_ns=16340849809000 presented=1 clock=monotonic
00:01:18.750 [INFO] [sway/card_shell_telemetry.c:201] K230_CARD_BENCH v=1 run=16301057462274 event=input input_id=332 gesture_id=12 kind=motion t_ns=16340895384378 source=injected
00:01:18.761 [INFO] [sway/card_shell_telemetry.c:323] K230_CARD_BENCH v=1 run=16301057462274 event=present frame_id=630 t_ns=16340907289000 presented=1 clock=monotonic
00:01:18.801 [INFO] [sway/card_shell_telemetry.c:266] K230_CARD_BENCH v=1 run=16301057462274 event=submit input_id=332 frame_id=631 t_ns=16340946899318 update_cpu_ns=12600111 final=0
00:01:18.818 [INFO] [sway/card_shell_telemetry.c:323] K230_CARD_BENCH v=1 run=16301057462274 event=present frame_id=631 t_ns=16340964771000 presented=1 clock=monotonic
00:01:18.821 [INFO] [sway/card_shell_telemetry.c:201] K230_CARD_BENCH v=1 run=16301057462274 event=input input_id=333 gesture_id=12 kind=motion t_ns=16340966576955 source=injected
00:01:18.857 [INFO] [sway/card_shell_telemetry.c:266] K230_CARD_BENCH v=1 run=16301057462274 event=submit input_id=333 frame_id=632 t_ns=16340999323353 update_cpu_ns=12636220 final=0
00:01:18.860 [INFO] [sway/card_shell_telemetry.c:323] K230_CARD_BENCH v=1 run=16301057462274 event=present frame_id=632 t_ns=16341003090000 presented=1 clock=monotonic
00:01:18.911 [INFO] [sway/card_shell_telemetry.c:201] K230_CARD_BENCH v=1 run=16301057462274 event=input input_id=334 gesture_id=12 kind=motion t_ns=16341054921945 source=injected
00:01:18.915 [INFO] [sway/card_shell_telemetry.c:323] K230_CARD_BENCH v=1 run=16301057462274 event=present frame_id=633 t_ns=16341060571000 presented=1 clock=monotonic
00:01:18.960 [INFO] [sway/card_shell_telemetry.c:266] K230_CARD_BENCH v=1 run=16301057462274 event=submit input_id=334 frame_id=634 t_ns=16341104300712 update_cpu_ns=12583417 final=0
00:01:18.971 [INFO] [sway/card_shell_telemetry.c:323] K230_CARD_BENCH v=1 run=16301057462274 event=present frame_id=634 t_ns=16341118052000 presented=1 clock=monotonic
00:01:18.983 [INFO] [sway/card_shell_telemetry.c:201] K230_CARD_BENCH v=1 run=16301057462274 event=input input_id=335 gesture_id=12 kind=motion t_ns=16341128825179 source=injected
00:01:18.998 [INFO] [sway/card_shell_telemetry.c:266] K230_CARD_BENCH v=1 run=16301057462274 event=submit input_id=335 frame_id=635 t_ns=16341145135012 update_cpu_ns=13058111 final=0
00:01:19.010 [INFO] [sway/card_shell_telemetry.c:323] K230_CARD_BENCH v=1 run=16301057462274 event=present frame_id=635 t_ns=16341156374000 presented=1 clock=monotonic
00:01:19.057 [INFO] [sway/card_shell.c:412] K230_CARD_SHELL filter-mode nearest=7245 bilinear=2676
00:01:19.067 [INFO] [sway/card_shell_telemetry.c:323] K230_CARD_BENCH v=1 run=16301057462274 event=present frame_id=636 t_ns=16341213851000 presented=1 clock=monotonic
00:01:19.075 [INFO] [sway/card_shell_telemetry.c:201] K230_CARD_BENCH v=1 run=16301057462274 event=input input_id=336 gesture_id=12 kind=motion t_ns=16341220445831 source=injected
00:01:19.110 [INFO] [sway/card_shell_telemetry.c:266] K230_CARD_BENCH v=1 run=16301057462274 event=submit input_id=336 frame_id=637 t_ns=16341256513110 update_cpu_ns=13494508 final=0
00:01:19.129 [INFO] [sway/card_shell_telemetry.c:323] K230_CARD_BENCH v=1 run=16301057462274 event=present frame_id=637 t_ns=16341271333000 presented=1 clock=monotonic
00:01:19.164 [INFO] [sway/card_shell_telemetry.c:323] K230_CARD_BENCH v=1 run=16301057462274 event=present frame_id=638 t_ns=16341309652000 presented=1 clock=monotonic
00:01:19.168 [INFO] [sway/card_shell_telemetry.c:201] K230_CARD_BENCH v=1 run=16301057462274 event=input input_id=337 gesture_id=12 kind=motion t_ns=16341313344889 source=injected
00:01:19.204 [INFO] [sway/card_shell_telemetry.c:266] K230_CARD_BENCH v=1 run=16301057462274 event=submit input_id=337 frame_id=639 t_ns=16341350585323 update_cpu_ns=13079154 final=0
00:01:19.220 [INFO] [sway/card_shell_telemetry.c:323] K230_CARD_BENCH v=1 run=16301057462274 event=present frame_id=639 t_ns=16341367132000 presented=1 clock=monotonic
00:01:19.259 [INFO] [sway/card_shell_telemetry.c:201] K230_CARD_BENCH v=1 run=16301057462274 event=input input_id=338 gesture_id=12 kind=motion t_ns=16341403668801 source=injected
00:01:19.259 [INFO] [sway/card_shell_telemetry.c:323] K230_CARD_BENCH v=1 run=16301057462274 event=present frame_id=640 t_ns=16341405455000 presented=1 clock=monotonic
00:01:19.304 [INFO] [sway/card_shell_telemetry.c:266] K230_CARD_BENCH v=1 run=16301057462274 event=submit input_id=338 frame_id=641 t_ns=16341446427951 update_cpu_ns=12953963 final=0
00:01:19.316 [INFO] [sway/card_shell_telemetry.c:323] K230_CARD_BENCH v=1 run=16301057462274 event=present frame_id=641 t_ns=16341462934000 presented=1 clock=monotonic
00:01:19.348 [INFO] [sway/card_shell_telemetry.c:201] K230_CARD_BENCH v=1 run=16301057462274 event=input input_id=339 gesture_id=12 kind=motion t_ns=16341494663155 source=injected
00:01:19.355 [INFO] [sway/card_shell_telemetry.c:323] K230_CARD_BENCH v=1 run=16301057462274 event=present frame_id=642 t_ns=16341501254000 presented=1 clock=monotonic
00:01:19.405 [INFO] [sway/card_shell_telemetry.c:266] K230_CARD_BENCH v=1 run=16301057462274 event=submit input_id=339 frame_id=643 t_ns=16341549019596 update_cpu_ns=13335702 final=0
00:01:19.412 [INFO] [sway/card_shell_telemetry.c:323] K230_CARD_BENCH v=1 run=16301057462274 event=present frame_id=643 t_ns=16341558734000 presented=1 clock=monotonic
00:01:19.441 [INFO] [sway/card_shell_telemetry.c:201] K230_CARD_BENCH v=1 run=16301057462274 event=input input_id=340 gesture_id=12 kind=motion t_ns=16341586758853 source=injected
00:01:19.450 [INFO] [sway/card_shell_telemetry.c:323] K230_CARD_BENCH v=1 run=16301057462274 event=present frame_id=644 t_ns=16341597054000 presented=1 clock=monotonic
00:01:19.499 [INFO] [sway/card_shell_telemetry.c:266] K230_CARD_BENCH v=1 run=16301057462274 event=submit input_id=340 frame_id=645 t_ns=16341643088069 update_cpu_ns=13165601 final=0
00:01:19.508 [INFO] [sway/card_shell_telemetry.c:323] K230_CARD_BENCH v=1 run=16301057462274 event=present frame_id=645 t_ns=16341654535000 presented=1 clock=monotonic
00:01:19.518 [INFO] [sway/card_shell_telemetry.c:201] K230_CARD_BENCH v=1 run=16301057462274 event=input input_id=341 gesture_id=12 kind=motion t_ns=16341662980915 source=injected
00:01:19.534 [INFO] [sway/card_shell_telemetry.c:266] K230_CARD_BENCH v=1 run=16301057462274 event=submit input_id=341 frame_id=646 t_ns=16341679625136 update_cpu_ns=13405073 final=0
00:01:19.546 [INFO] [sway/card_shell_telemetry.c:323] K230_CARD_BENCH v=1 run=16301057462274 event=present frame_id=646 t_ns=16341692855000 presented=1 clock=monotonic
00:01:19.553 [INFO] [sway/card_shell_telemetry.c:54] K230_CARD_BENCH v=1 run=16301057462274 event=resource phase=active t_ns=16341699788892 cpu_ns=11108260981 memory_bytes=54525952 scope=compositor
00:01:19.604 [INFO] [sway/card_shell_telemetry.c:323] K230_CARD_BENCH v=1 run=16301057462274 event=present frame_id=647 t_ns=16341750335000 presented=1 clock=monotonic
00:01:19.614 [INFO] [sway/card_shell_telemetry.c:201] K230_CARD_BENCH v=1 run=16301057462274 event=input input_id=342 gesture_id=12 kind=motion t_ns=16341759655162 source=injected
00:01:19.629 [INFO] [sway/card_shell_telemetry.c:266] K230_CARD_BENCH v=1 run=16301057462274 event=submit input_id=342 frame_id=648 t_ns=16341776147836 update_cpu_ns=13371622 final=0
00:01:19.642 [INFO] [sway/card_shell_telemetry.c:323] K230_CARD_BENCH v=1 run=16301057462274 event=present frame_id=648 t_ns=16341788656000 presented=1 clock=monotonic
00:01:19.699 [INFO] [sway/card_shell_telemetry.c:323] K230_CARD_BENCH v=1 run=16301057462274 event=present frame_id=649 t_ns=16341846136000 presented=1 clock=monotonic
00:01:19.708 [INFO] [sway/card_shell_telemetry.c:201] K230_CARD_BENCH v=1 run=16301057462274 event=input input_id=343 gesture_id=12 kind=motion t_ns=16341853013083 source=injected
00:01:19.748 [INFO] [sway/card_shell_telemetry.c:266] K230_CARD_BENCH v=1 run=16301057462274 event=submit input_id=343 frame_id=650 t_ns=16341893307303 update_cpu_ns=13851679 final=0
00:01:19.760 [INFO] [sway/card_shell_telemetry.c:323] K230_CARD_BENCH v=1 run=16301057462274 event=present frame_id=650 t_ns=16341903615000 presented=1 clock=monotonic
00:01:19.798 [INFO] [sway/card_shell_telemetry.c:201] K230_CARD_BENCH v=1 run=16301057462274 event=input input_id=344 gesture_id=12 kind=motion t_ns=16341942330572 source=injected
00:01:19.798 [INFO] [sway/card_shell_telemetry.c:323] K230_CARD_BENCH v=1 run=16301057462274 event=present frame_id=651 t_ns=16341941936000 presented=1 clock=monotonic
00:01:19.833 [INFO] [sway/card_shell_telemetry.c:266] K230_CARD_BENCH v=1 run=16301057462274 event=submit input_id=344 frame_id=652 t_ns=16341978233120 update_cpu_ns=13553958 final=0
00:01:19.835 [INFO] [sway/card_shell_telemetry.c:323] K230_CARD_BENCH v=1 run=16301057462274 event=present frame_id=652 t_ns=16341980256000 presented=1 clock=monotonic
00:01:19.888 [INFO] [sway/card_shell_telemetry.c:201] K230_CARD_BENCH v=1 run=16301057462274 event=input input_id=345 gesture_id=12 kind=motion t_ns=16342033171602 source=injected
00:01:19.893 [INFO] [sway/card_shell_telemetry.c:323] K230_CARD_BENCH v=1 run=16301057462274 event=present frame_id=653 t_ns=16342037737000 presented=1 clock=monotonic
00:01:19.931 [INFO] [sway/card_shell_telemetry.c:266] K230_CARD_BENCH v=1 run=16301057462274 event=submit input_id=345 frame_id=654 t_ns=16342075542256 update_cpu_ns=13988479 final=0
00:01:19.937 [INFO] [sway/card_shell_telemetry.c:323] K230_CARD_BENCH v=1 run=16301057462274 event=present frame_id=654 t_ns=16342076070000 presented=1 clock=monotonic
00:01:19.980 [INFO] [sway/card_shell_telemetry.c:201] K230_CARD_BENCH v=1 run=16301057462274 event=input input_id=346 gesture_id=12 kind=motion t_ns=16342126475711 source=injected
00:01:19.987 [INFO] [sway/card_shell_telemetry.c:323] K230_CARD_BENCH v=1 run=16301057462274 event=present frame_id=655 t_ns=16342133539000 presented=1 clock=monotonic
00:01:20.037 [INFO] [sway/card_shell_telemetry.c:266] K230_CARD_BENCH v=1 run=16301057462274 event=submit input_id=346 frame_id=656 t_ns=16342182920104 update_cpu_ns=13765827 final=0
00:01:20.044 [INFO] [sway/card_shell_telemetry.c:323] K230_CARD_BENCH v=1 run=16301057462274 event=present frame_id=656 t_ns=16342191018000 presented=1 clock=monotonic
00:01:20.074 [INFO] [sway/card_shell_telemetry.c:201] K230_CARD_BENCH v=1 run=16301057462274 event=input input_id=347 gesture_id=12 kind=motion t_ns=16342219394063 source=injected
00:01:20.083 [INFO] [sway/card_shell_telemetry.c:323] K230_CARD_BENCH v=1 run=16301057462274 event=present frame_id=657 t_ns=16342229338000 presented=1 clock=monotonic
00:01:20.130 [INFO] [sway/card_shell_telemetry.c:266] K230_CARD_BENCH v=1 run=16301057462274 event=submit input_id=347 frame_id=658 t_ns=16342276228249 update_cpu_ns=13936288 final=0
00:01:20.140 [INFO] [sway/card_shell_telemetry.c:323] K230_CARD_BENCH v=1 run=16301057462274 event=present frame_id=658 t_ns=16342286819000 presented=1 clock=monotonic
00:01:20.167 [INFO] [sway/card_shell_telemetry.c:201] K230_CARD_BENCH v=1 run=16301057462274 event=input input_id=348 gesture_id=12 kind=motion t_ns=16342313071965 source=injected
00:01:20.178 [INFO] [sway/card_shell_telemetry.c:323] K230_CARD_BENCH v=1 run=16301057462274 event=present frame_id=659 t_ns=16342325139000 presented=1 clock=monotonic
00:01:20.226 [INFO] [sway/card_shell_telemetry.c:266] K230_CARD_BENCH v=1 run=16301057462274 event=submit input_id=348 frame_id=660 t_ns=16342372828833 update_cpu_ns=13483035 final=0
00:01:20.236 [INFO] [sway/card_shell_telemetry.c:323] K230_CARD_BENCH v=1 run=16301057462274 event=present frame_id=660 t_ns=16342382619000 presented=1 clock=monotonic
00:01:20.246 [INFO] [sway/card_shell_telemetry.c:201] K230_CARD_BENCH v=1 run=16301057462274 event=input input_id=349 gesture_id=12 kind=motion t_ns=16342391972686 source=injected
00:01:20.261 [INFO] [sway/card_shell_telemetry.c:266] K230_CARD_BENCH v=1 run=16301057462274 event=submit input_id=349 frame_id=661 t_ns=16342408164377 update_cpu_ns=13345385 final=0
00:01:20.274 [INFO] [sway/card_shell_telemetry.c:323] K230_CARD_BENCH v=1 run=16301057462274 event=present frame_id=661 t_ns=16342420938000 presented=1 clock=monotonic
00:01:20.332 [INFO] [sway/card_shell_telemetry.c:323] K230_CARD_BENCH v=1 run=16301057462274 event=present frame_id=662 t_ns=16342478420000 presented=1 clock=monotonic
00:01:20.340 [INFO] [sway/card_shell_telemetry.c:201] K230_CARD_BENCH v=1 run=16301057462274 event=input input_id=350 gesture_id=12 kind=motion t_ns=16342484989996 source=injected
00:01:20.371 [INFO] [sway/card_shell_telemetry.c:266] K230_CARD_BENCH v=1 run=16301057462274 event=submit input_id=350 frame_id=663 t_ns=16342515409010 update_cpu_ns=13428840 final=0
00:01:20.377 [INFO] [sway/card_shell_telemetry.c:323] K230_CARD_BENCH v=1 run=16301057462274 event=present frame_id=663 t_ns=16342516740000 presented=1 clock=monotonic
00:01:20.429 [INFO] [sway/card_shell_telemetry.c:323] K230_CARD_BENCH v=1 run=16301057462274 event=present frame_id=664 t_ns=16342574247000 presented=1 clock=monotonic
00:01:20.432 [INFO] [sway/card_shell_telemetry.c:201] K230_CARD_BENCH v=1 run=16301057462274 event=input input_id=351 gesture_id=12 kind=motion t_ns=16342578160779 source=injected
00:01:20.470 [INFO] [sway/card_shell_telemetry.c:266] K230_CARD_BENCH v=1 run=16301057462274 event=submit input_id=351 frame_id=665 t_ns=16342615289404 update_cpu_ns=13933001 final=0
00:01:20.489 [INFO] [sway/card_shell_telemetry.c:323] K230_CARD_BENCH v=1 run=16301057462274 event=present frame_id=665 t_ns=16342631700000 presented=1 clock=monotonic
00:01:20.524 [INFO] [sway/card_shell_telemetry.c:323] K230_CARD_BENCH v=1 run=16301057462274 event=present frame_id=666 t_ns=16342670019000 presented=1 clock=monotonic
00:01:20.526 [INFO] [sway/card_shell_telemetry.c:201] K230_CARD_BENCH v=1 run=16301057462274 event=input input_id=352 gesture_id=12 kind=motion t_ns=16342671071095 source=injected
00:01:20.565 [INFO] [sway/card_shell_telemetry.c:266] K230_CARD_BENCH v=1 run=16301057462274 event=submit input_id=352 frame_id=667 t_ns=16342709815960 update_cpu_ns=13269604 final=0
00:01:20.567 [INFO] [sway/card_shell_telemetry.c:54] K230_CARD_BENCH v=1 run=16301057462274 event=resource phase=active t_ns=16342712776529 cpu_ns=11406223396 memory_bytes=54525952 scope=compositor
00:01:20.586 [INFO] [sway/card_shell_telemetry.c:323] K230_CARD_BENCH v=1 run=16301057462274 event=present frame_id=667 t_ns=16342727504000 presented=1 clock=monotonic
00:01:20.624 [INFO] [sway/card_shell_telemetry.c:201] K230_CARD_BENCH v=1 run=16301057462274 event=input input_id=353 gesture_id=12 kind=motion t_ns=16342769823332 source=injected
00:01:20.638 [INFO] [sway/card_shell_telemetry.c:323] K230_CARD_BENCH v=1 run=16301057462274 event=present frame_id=668 t_ns=16342784982000 presented=1 clock=monotonic
00:01:20.681 [INFO] [sway/card_shell_telemetry.c:266] K230_CARD_BENCH v=1 run=16301057462274 event=submit input_id=353 frame_id=669 t_ns=16342827711679 update_cpu_ns=13557778 final=0
00:01:20.696 [INFO] [sway/card_shell_telemetry.c:323] K230_CARD_BENCH v=1 run=16301057462274 event=present frame_id=669 t_ns=16342842462000 presented=1 clock=monotonic
00:01:20.704 [INFO] [sway/card_shell_telemetry.c:201] K230_CARD_BENCH v=1 run=16301057462274 event=input input_id=354 gesture_id=12 kind=motion t_ns=16342850170710 source=injected
00:01:20.743 [INFO] [sway/card_shell_telemetry.c:266] K230_CARD_BENCH v=1 run=16301057462274 event=submit input_id=354 frame_id=670 t_ns=16342889286220 update_cpu_ns=14127778 final=0
00:01:20.746 [INFO] [sway/card_shell.c:412] K230_CARD_SHELL filter-mode nearest=7686 bilinear=2676
00:01:20.753 [INFO] [sway/card_shell_telemetry.c:323] K230_CARD_BENCH v=1 run=16301057462274 event=present frame_id=670 t_ns=16342899946000 presented=1 clock=monotonic
00:01:20.798 [INFO] [sway/card_shell_telemetry.c:201] K230_CARD_BENCH v=1 run=16301057462274 event=input input_id=355 gesture_id=12 kind=motion t_ns=16342943406637 source=injected
00:01:20.811 [INFO] [sway/card_shell_telemetry.c:323] K230_CARD_BENCH v=1 run=16301057462274 event=present frame_id=671 t_ns=16342957423000 presented=1 clock=monotonic
00:01:20.857 [INFO] [sway/card_shell_telemetry.c:266] K230_CARD_BENCH v=1 run=16301057462274 event=submit input_id=355 frame_id=672 t_ns=16342997674972 update_cpu_ns=13521411 final=0
00:01:20.868 [INFO] [sway/card_shell_telemetry.c:323] K230_CARD_BENCH v=1 run=16301057462274 event=present frame_id=672 t_ns=16343014903000 presented=1 clock=monotonic
00:01:20.878 [INFO] [sway/card_shell_telemetry.c:201] K230_CARD_BENCH v=1 run=16301057462274 event=input input_id=356 gesture_id=12 kind=motion t_ns=16343023415295 source=injected
00:01:20.897 [INFO] [sway/card_shell_telemetry.c:266] K230_CARD_BENCH v=1 run=16301057462274 event=submit input_id=356 frame_id=673 t_ns=16343043182445 update_cpu_ns=13535147 final=0
00:01:20.906 [INFO] [sway/card_shell_telemetry.c:323] K230_CARD_BENCH v=1 run=16301057462274 event=present frame_id=673 t_ns=16343053223000 presented=1 clock=monotonic
00:01:20.964 [INFO] [sway/card_shell_telemetry.c:323] K230_CARD_BENCH v=1 run=16301057462274 event=present frame_id=674 t_ns=16343110704000 presented=1 clock=monotonic
00:01:20.975 [INFO] [sway/card_shell_telemetry.c:201] K230_CARD_BENCH v=1 run=16301057462274 event=input input_id=357 gesture_id=12 kind=motion t_ns=16343119823149 source=injected
00:01:20.990 [INFO] [sway/card_shell_telemetry.c:266] K230_CARD_BENCH v=1 run=16301057462274 event=submit input_id=357 frame_id=675 t_ns=16343136386373 update_cpu_ns=13472372 final=0
00:01:21.005 [INFO] [sway/card_shell_telemetry.c:323] K230_CARD_BENCH v=1 run=16301057462274 event=present frame_id=675 t_ns=16343149024000 presented=1 clock=monotonic
00:01:21.060 [INFO] [sway/card_shell_telemetry.c:323] K230_CARD_BENCH v=1 run=16301057462274 event=present frame_id=676 t_ns=16343206504000 presented=1 clock=monotonic
00:01:21.065 [INFO] [sway/card_shell_telemetry.c:201] K230_CARD_BENCH v=1 run=16301057462274 event=input input_id=358 gesture_id=12 kind=motion t_ns=16343209673123 source=injected
00:01:21.093 [INFO] [sway/card_shell_telemetry.c:266] K230_CARD_BENCH v=1 run=16301057462274 event=submit input_id=358 frame_id=677 t_ns=16343238486230 update_cpu_ns=12885662 final=0
00:01:21.101 [INFO] [sway/card_shell_telemetry.c:323] K230_CARD_BENCH v=1 run=16301057462274 event=present frame_id=677 t_ns=16343244825000 presented=1 clock=monotonic
00:01:21.150 [INFO] [sway/card_shell_telemetry.c:201] K230_CARD_BENCH v=1 run=16301057462274 event=input input_id=359 gesture_id=12 kind=motion t_ns=16343294870034 source=injected
00:01:21.156 [INFO] [sway/card_shell_telemetry.c:323] K230_CARD_BENCH v=1 run=16301057462274 event=present frame_id=678 t_ns=16343302305000 presented=1 clock=monotonic
00:01:21.197 [INFO] [sway/card_shell_telemetry.c:266] K230_CARD_BENCH v=1 run=16301057462274 event=submit input_id=359 frame_id=679 t_ns=16343343111644 update_cpu_ns=13270329 final=0
00:01:21.214 [INFO] [sway/card_shell_telemetry.c:323] K230_CARD_BENCH v=1 run=16301057462274 event=present frame_id=679 t_ns=16343359785000 presented=1 clock=monotonic
00:01:21.243 [INFO] [sway/card_shell_telemetry.c:201] K230_CARD_BENCH v=1 run=16301057462274 event=input input_id=360 gesture_id=12 kind=release t_ns=16343386642341 source=injected
00:01:21.251 [INFO] [sway/card_shell_telemetry.c:323] K230_CARD_BENCH v=1 run=16301057462274 event=present frame_id=680 t_ns=16343398106000 presented=1 clock=monotonic
00:01:21.319 [INFO] [sway/card_shell_telemetry.c:266] K230_CARD_BENCH v=1 run=16301057462274 event=submit input_id=360 frame_id=681 t_ns=16343465875561 update_cpu_ns=40472494 final=1
00:01:21.328 [INFO] [sway/card_shell_telemetry.c:323] K230_CARD_BENCH v=1 run=16301057462274 event=present frame_id=681 t_ns=16343474744000 presented=1 clock=monotonic
00:01:21.385 [INFO] [sway/card_shell_telemetry.c:323] K230_CARD_BENCH v=1 run=16301057462274 event=present frame_id=682 t_ns=16343532224000 presented=1 clock=monotonic
00:01:21.443 [INFO] [sway/card_shell_telemetry.c:323] K230_CARD_BENCH v=1 run=16301057462274 event=present frame_id=683 t_ns=16343589705000 presented=1 clock=monotonic
00:01:21.500 [INFO] [sway/card_shell_telemetry.c:323] K230_CARD_BENCH v=1 run=16301057462274 event=present frame_id=684 t_ns=16343647185000 presented=1 clock=monotonic
00:01:21.558 [INFO] [sway/card_shell_telemetry.c:323] K230_CARD_BENCH v=1 run=16301057462274 event=present frame_id=685 t_ns=16343704666000 presented=1 clock=monotonic
00:01:21.568 [INFO] [sway/card_shell_telemetry.c:54] K230_CARD_BENCH v=1 run=16301057462274 event=resource phase=active t_ns=16343714449405 cpu_ns=11784134059 memory_bytes=54525952 scope=compositor
00:01:22.108 [INFO] [sway/card_shell.c:412] K230_CARD_SHELL filter-mode nearest=7815 bilinear=2862
00:01:23.090 [INFO] [sway/card_shell.c:412] K230_CARD_SHELL filter-mode nearest=7815 bilinear=3042
00:01:23.327 [INFO] [sway/card_shell.c:412] K230_CARD_SHELL filter-mode nearest=7815 bilinear=3084
